record_index,reason,status,imu_samples,imu_gap_ns,input_points,filtered_points,queries,accepted_residuals,residual_rms,iterations,final_increment_norm,map_points,prediction_us,deskew_us,preprocessing_us,residual_build_us,ikfom_update_us,map_insert_crop_us,snapshot_us,total_processing_us
2,No IMU sample at or before LiDAR scan start,COLLECTING_IMU,0,0,0,0,0,0,0,0,0,0,0,0,0,0,0,0,0,0
8,No IMU sample at or before LiDAR scan start,COLLECTING_IMU,0,0,0,0,0,0,0,0,0,0,0,0,0,0,0,0,0,0
15,IMU_INITIALIZATION_NOT_READY,COLLECTING_IMU,8,6484400,0,0,0,0,0,0,0,0,0,0,0,0,0,0,0,0
22,IMU_INITIALIZATION_NOT_READY,COLLECTING_IMU,8,6207745,0,0,0,0,0,0,0,0,0,0,0,0,0,0,0,0
28,LiDAR scans overlap a previously propagated interval,COLLECTING_IMU,8,6207745,0,0,0,0,0,0,0,0,0,0,0,0,0,0,0,0
35,IMU_INITIALIZATION_NOT_READY,COLLECTING_IMU,13,6127817,0,0,0,0,0,0,0,0,0,0,0,0,0,0,0,0
42,IMU_INITIALIZATION_NOT_READY,COLLECTING_IMU,8,8055247,0,0,0,0,0,0,0,0,0,0,0,0,0,0,0,0
49,IMU_INITIALIZATION_NOT_READY,COLLECTING_IMU,8,6145782,0,0,0,0,0,0,0,0,0,0,0,0,0,0,0,0
56,IMU_INITIALIZATION_NOT_READY,COLLECTING_IMU,8,6494999,0,0,0,0,0,0,0,0,0,0,0,0,0,0,0,0
62,IMU_INITIALIZATION_NOT_READY,COLLECTING_IMU,7,6015583,0,0,0,0,0,0,0,0,0,0,0,0,0,0,0,0
69,IMU_INITIALIZATION_NOT_READY,COLLECTING_IMU,8,6359029,0,0,0,0,0,0,0,0,0,0,0,0,0,0,0,0
76,LiDAR scans overlap a previously propagated interval,COLLECTING_IMU,8,6359029,0,0,0,0,0,0,0,0,0,0,0,0,0,0,0,0
83,IMU_INITIALIZATION_NOT_READY,COLLECTING_IMU,14,6143950,0,0,0,0,0,0,0,0,0,0,0,0,0,0,0,0
89,LiDAR scans overlap a previously propagated interval,COLLECTING_IMU,14,6143950,0,0,0,0,0,0,0,0,0,0,0,0,0,0,0,0
96,IMU_INITIALIZATION_NOT_READY,COLLECTING_IMU,13,6234905,0,0,0,0,0,0,0,0,0,0,0,0,0,0,0,0
103,IMU_INITIALIZATION_NOT_READY,COLLECTING_IMU,8,6032880,0,0,0,0,0,0,0,0,0,0,0,0,0,0,0,0
110,IMU_INITIALIZATION_NOT_READY,COLLECTING_IMU,8,6054527,0,0,0,0,0,0,0,0,0,0,0,0,0,0,0,0
117,IMU_INITIALIZATION_NOT_READY,COLLECTING_IMU,7,6350670,0,0,0,0,0,0,0,0,0,0,0,0,0,0,0,0
124,IMU_INITIALIZATION_NOT_READY,COLLECTING_IMU,9,6350670,0,0,0,0,0,0,0,0,0,0,0,0,0,0,0,0
130,IMU_INITIALIZATION_NOT_READY,COLLECTING_IMU,7,6141120,0,0,0,0,0,0,0,0,0,0,0,0,0,0,0,0
137,LiDAR scans overlap a previously propagated interval,COLLECTING_IMU,7,6141120,0,0,0,0,0,0,0,0,0,0,0,0,0,0,0,0
144,IMU_INITIALIZATION_NOT_READY,COLLECTING_IMU,14,6344823,0,0,0,0,0,0,0,0,0,0,0,0,0,0,0,0
150,LiDAR scans overlap a previously propagated interval,COLLECTING_IMU,14,6344823,0,0,0,0,0,0,0,0,0,0,0,0,0,0,0,0
157,IMU_INITIALIZATION_NOT_READY,COLLECTING_IMU,14,6097233,0,0,0,0,0,0,0,0,0,0,0,0,0,0,0,0
164,IMU_INITIALIZATION_NOT_READY,COLLECTING_IMU,7,6042000,0,0,0,0,0,0,0,0,0,0,0,0,0,0,0,0
171,IMU_INITIALIZATION_NOT_READY,COLLECTING_IMU,8,6441827,0,0,0,0,0,0,0,0,0,0,0,0,0,0,0,0
178,IMU_INITIALIZATION_NOT_READY,COLLECTING_IMU,8,6282941,0,0,0,0,0,0,0,0,0,0,0,0,0,0,0,0
185,IMU_INITIALIZATION_NOT_READY,COLLECTING_IMU,8,6255742,0,0,0,0,0,0,0,0,0,0,0,0,0,0,0,0
191,IMU_INITIALIZATION_NOT_READY,COLLECTING_IMU,7,6050873,0,0,0,0,0,0,0,0,0,0,0,0,0,0,0,0
198,LiDAR scans overlap a previously propagated interval,COLLECTING_IMU,7,6050873,0,0,0,0,0,0,0,0,0,0,0,0,0,0,0,0
205,IMU_INITIALIZATION_NOT_READY,COLLECTING_IMU,14,6209376,0,0,0,0,0,0,0,0,0,0,0,0,0,0,0,0
212,LiDAR scans overlap a previously propagated interval,COLLECTING_IMU,14,6209376,0,0,0,0,0,0,0,0,0,0,0,0,0,0,0,0
218,IMU_INITIALIZATION_NOT_READY,COLLECTING_IMU,14,6145980,0,0,0,0,0,0,0,0,0,0,0,0,0,0,0,0
225,IMU_INITIALIZATION_NOT_READY,COLLECTING_IMU,7,6143463,0,0,0,0,0,0,0,0,0,0,0,0,0,0,0,0
232,IMU_INITIALIZATION_NOT_READY,COLLECTING_IMU,8,6094636,0,0,0,0,0,0,0,0,0,0,0,0,0,0,0,0
239,SCAN_PRECEDES_IMU_INITIALIZATION_EPOCH,INITIALIZING_MAP,8,6161498,0,0,0,0,0,0,0,0,0,0,0,0,0,0,0,0
246,INITIAL_MAP_REFERENCE_CAPTURED,INITIALIZING_MAP,8,6161498,6528,2206,0,0,0,0,0,0,82,855,223,0,0,0,0,0
253,IKFOM_LIDAR_UPDATE_NOT_CONVERGED,INITIALIZING_MAP,8,6181429,6528,641,641,185,0.128659,10,0.0177399,0,71,1180,149,8283,9079,0,0,0
259,LiDAR scans overlap a previously propagated interval,INITIALIZING_MAP,8,6181429,6528,641,641,185,0.128659,10,0.0177399,0,71,1180,149,8283,9079,0,0,0
266,,TRACKING,13,6140687,6528,2196,2196,1426,0.104139,6,0.000939151,3842,95,967,218,21345,24421,23315,232,49367
273,LiDAR scans overlap a previously propagated interval,TRACKING,13,6140687,6528,2196,2196,1426,0.104139,6,0.000939151,3842,95,967,218,21345,24421,23315,232,49367
280,,TRACKING,14,6264639,6528,2064,2064,1653,0.0821793,7,0.00132941,5101,105,949,222,24848,28803,2437,232,32685
286,,TRACKING,7,6153689,6528,2224,2224,1828,0.0820165,6,0.000122784,6498,54,970,219,24636,28473,2486,232,32388
293,,TRACKING,8,6240609,6528,648,648,150,0.152912,5,2.90041e-05,7012,59,918,100,4376,4720,1414,232,7297
300,,TRACKING,8,6155710,6528,2072,2072,1759,0.0730036,10,1.6103e-05,8092,58,929,197,39058,44804,2176,232,48288
307,,TRACKING,8,6072066,6528,2126,2126,1855,0.0597508,6,0.000633811,8981,58,942,204,23438,27013,1762,232,30145
314,,TRACKING,8,6092615,6528,689,689,537,0.083543,4,4.24771e-05,9308,55,972,97,5486,6214,981,232,8413
320,LiDAR scans overlap a previously propagated interval,TRACKING,8,6092615,6528,689,689,537,0.083543,4,4.24771e-05,9308,55,972,97,5486,6214,981,232,8413
327,,TRACKING,13,6327435,6528,2045,2045,1815,0.0603557,7,2.61918e-06,10086,92,972,200,26932,30961,1852,232,34218
334,LiDAR scans overlap a previously propagated interval,TRACKING,13,6327435,6528,2045,2045,1815,0.0603557,7,2.61918e-06,10086,92,972,200,26932,30961,1852,232,34218
341,,TRACKING,14,6327435,6528,2005,2005,1776,0.0677957,5,0.000458005,10869,96,927,204,19646,22512,1902,232,25819
348,,TRACKING,7,6060256,6528,2070,2070,1887,0.0567379,4,1.89749e-05,11592,50,944,206,15940,18370,2105,874,22720
354,LiDAR scans overlap a previously propagated interval,TRACKING,7,6060256,6528,2070,2070,1887,0.0567379,4,1.89749e-05,11592,50,944,206,15940,18370,2105,874,22720
361,,TRACKING,14,6213827,6528,1937,1937,1681,0.066663,6,0.00080908,12303,103,991,196,24740,28124,1938,874,31516
368,,TRACKING,8,6103468,6528,2121,2121,1950,0.0500243,4,0.000171151,12878,60,991,228,17511,20270,2030,874,23768
375,,TRACKING,8,6162657,6528,645,645,546,0.0708964,3,0.000155466,13080,60,991,98,4290,4903,699,874,6842
381,LiDAR scans overlap a previously propagated interval,TRACKING,8,6162657,6528,645,645,546,0.0708964,3,0.000155466,13080,60,991,98,4290,4903,699,874,6842
388,,TRACKING,13,6343167,6528,2188,2188,2001,0.0511195,4,0.000385677,13677,105,1017,238,18668,21394,2315,874,25240
395,LiDAR scans overlap a previously propagated interval,TRACKING,13,6343167,6528,2188,2188,2001,0.0511195,4,0.000385677,13677,105,1017,238,18668,21394,2315,874,25240
402,,TRACKING,14,6095637,6528,1715,1715,1472,0.0591798,5,0.000208352,14181,109,1019,216,19485,22032,1798,874,25348
409,,TRACKING,8,6176446,6528,2102,2102,1970,0.0459673,4,0.000365854,14716,63,1045,280,17853,20834,2041,874,24462
416,,TRACKING,7,6010196,6528,878,878,695,0.0654959,3,0.000261869,14932,57,1040,114,6811,7605,1132,874,10084
422,,TRACKING,8,6118745,6528,1680,1680,1432,0.0607785,3,5.92436e-05,15383,62,1022,234,11392,12850,1553,874,15859
429,,TRACKING,8,6066391,6528,2065,2065,1942,0.0407222,3,0.000314436,15782,63,1017,234,13203,15312,1891,874,18719
436,,TRACKING,8,7028744,6528,1024,1024,857,0.0589812,4,6.58078e-07,16017,69,1026,150,9208,10426,927,1316,14056
442,LiDAR scans overlap a previously propagated interval,TRACKING,8,7028744,6528,1024,1024,857,0.0589812,4,6.58078e-07,16017,69,1026,150,9208,10426,927,1316,14056
449,,TRACKING,13,6228599,6528,2003,2003,1894,0.0432909,3,0.000290489,16433,100,1020,220,12668,14613,1735,1316,17862
456,LiDAR scans overlap a previously propagated interval,TRACKING,13,6228599,6528,2003,2003,1894,0.0432909,3,0.000290489,16433,100,1020,220,12668,14613,1735,1316,17862
463,,TRACKING,14,6325155,6528,1573,1573,1342,0.0536606,4,0.000196776,16758,110,1047,174,14883,16808,1533,1316,19841
470,,TRACKING,8,6062668,6528,1893,1893,1799,0.0358493,3,0.00022652,16997,62,1021,229,12047,13929,1589,1316,17010
476,,TRACKING,7,6123301,6528,1246,1246,1034,0.0484004,3,1.01416e-05,17150,58,1054,160,9032,10146,1057,1316,12643
483,LiDAR scans overlap a previously propagated interval,TRACKING,7,6123301,6528,1246,1246,1034,0.0484004,3,1.01416e-05,17150,58,1054,160,9032,10146,1057,1316,12643
490,,TRACKING,14,6268920,6528,1952,1952,1861,0.0333399,3,0.000135393,17430,110,1049,242,12525,14476,1642,1316,17698
497,,TRACKING,8,6163277,6528,1358,1358,1171,0.0492059,4,2.35226e-06,17636,75,1047,190,12917,14509,1313,1316,17319
504,LiDAR scans overlap a previously propagated interval,TRACKING,8,6163277,6528,1358,1358,1171,0.0492059,4,2.35226e-06,17636,75,1047,190,12917,14509,1313,1316,17319
510,,TRACKING,13,6225605,6528,1965,1965,1882,0.0354527,3,0.00015604,17847,103,1049,235,13063,15101,1465,1316,18130
517,LiDAR scans overlap a previously propagated interval,TRACKING,13,6225605,6528,1965,1965,1882,0.0354527,3,0.00015604,17847,103,1049,235,13063,15101,1465,1316,18130
524,,TRACKING,14,6225605,6528,1273,1273,1029,0.0504711,4,5.06924e-05,18026,116,1054,153,12474,13940,1211,1316,16626
531,,TRACKING,8,6156349,6528,1939,1939,1840,0.0345846,3,4.55282e-05,18246,64,1025,255,12570,14538,1696,1316,17759
538,,TRACKING,7,6198552,6528,1533,1533,1278,0.047252,3,2.94344e-05,18439,56,1042,173,11172,12563,1524,1659,17197
544,,TRACKING,8,6198552,6528,1131,1131,931,0.065349,3,6.36158e-05,18707,67,1030,136,8155,9115,1104,1659,11567
551,,TRACKING,8,6111818,6528,2044,2044,1917,0.0406458,3,0.000362052,19017,59,966,219,12802,14737,1564,1659,17715
558,,TRACKING,8,6106792,6528,1551,1551,1300,0.0578792,3,0.000329582,19330,60,965,174,10969,12306,1863,1659,15529
565,LiDAR scans overlap a previously propagated interval,TRACKING,8,6106792,6528,1551,1551,1300,0.0578792,3,0.000329582,19330,60,965,174,10969,12306,1863,1659,15529
572,,TRACKING,14,6260632,6528,1983,1983,1867,0.0393241,3,0.000127089,19642,113,1022,250,13089,15074,1593,1659,18275
578,LiDAR scans overlap a previously propagated interval,TRACKING,14,6260632,6528,1983,1983,1867,0.0393241,3,0.000127089,19642,113,1022,250,13089,15074,1593,1659,18275
585,,TRACKING,13,6253282,6528,909,909,741,0.0478141,4,1.32828e-06,19745,100,1021,127,8933,9995,916,1659,12278
592,,TRACKING,8,6108772,6528,2098,2098,1945,0.0404347,3,0.00019304,20085,68,1060,253,14137,16181,1857,1659,19618
599,,TRACKING,8,6043175,6528,1751,1751,1502,0.0486809,3,0.000226803,20392,62,1017,191,12546,14164,1841,1659,17480
605,,TRACKING,7,6035877,6528,830,830,658,0.0512716,3,1.85274e-06,20527,53,999,107,5903,6608,804,1659,8672
612,,TRACKING,8,6232288,6528,2059,2059,1925,0.0395899,3,4.19555e-05,20830,64,988,247,14038,16097,1745,1659,19326
619,,TRACKING,8,7853394,6528,1884,1884,1625,0.0542263,3,0.000107976,21186,62,1016,201,13511,15249,2132,1841,20714
626,LiDAR scans overlap a previously propagated interval,TRACKING,8,7853394,6528,1884,1884,1625,0.0542263,3,0.000107976,21186,62,1016,201,13511,15249,2132,1841,20714
633,,TRACKING,14,7853394,6528,2011,2011,1863,0.036862,3,9.40213e-05,21408,115,1025,223,13590,15584,1747,1841,18905
639,LiDAR scans overlap a previously propagated interval,TRACKING,14,7853394,6528,2011,2011,1863,0.036862,3,9.40213e-05,21408,115,1025,223,13590,15584,1747,1841,18905
646,,TRACKING,13,7241891,6528,750,750,587,0.0475553,3,0.000240506,21484,105,1076,122,5905,6633,739,1841,8797
653,,TRACKING,8,6075007,6528,2082,2082,1897,0.0415694,3,0.000208087,21781,73,1102,250,14963,17027,1947,1841,20573
660,,TRACKING,8,6127479,6528,2084,2084,1808,0.0488665,3,4.72806e-05,22096,68,1085,270,15782,17762,2062,1841,21490
666,,TRACKING,7,6067102,6528,692,692,517,0.0492124,3,6.6785e-05,22173,55,1018,101,4940,5530,636,1841,7439
673,,TRACKING,8,6200264,6528,2085,2085,1873,0.0427952,3,0.000130929,22448,67,1017,255,14376,16267,2145,1841,19922
680,,TRACKING,8,6031271,6528,2048,2048,1794,0.0456858,3,0.000183179,22744,61,965,221,14369,16218,1966,1841,19652
687,LiDAR scans overlap a previously propagated interval,TRACKING,8,6031271,6528,2048,2048,1794,0.0456858,3,0.000183179,22744,61,965,221,14369,16218,1966,1841,19652
694,,TRACKING,14,6084160,6528,2166,2166,1951,0.0378118,3,0.000188484,22977,107,1020,232,15210,17332,1963,1841,20865
700,LiDAR scans overlap a previously propagated interval,TRACKING,14,6084160,6528,2166,2166,1951,0.0378118,3,0.000188484,22977,107,1020,232,15210,17332,1963,1841,20865
707,,TRACKING,13,6186815,6528,642,642,491,0.042177,3,8.90049e-05,23022,100,1020,102,4432,4988,518,1841,6824
714,,TRACKING,8,6174341,6528,2189,2189,1954,0.0430836,3,0.000385522,23306,60,1019,226,16005,18166,2120,2048,23831
721,,TRACKING,8,6240216,6528,2051,2051,1808,0.0411965,2,0.000261392,23567,65,1045,229,9688,11002,2304,2048,14861
727,,TRACKING,7,6066331,6528,596,596,462,0.0439218,3,5.42213e-05,23616,60,1058,139,4424,4985,516,2048,6871
734,,TRACKING,8,6026715,6528,2215,2215,1964,0.0389344,3,0.000118459,23862,62,1015,251,16057,18188,2397,2048,22114
741,,TRACKING,8,6076210,6528,2077,2077,1867,0.0391577,3,0.000183961,24122,69,1046,250,15588,17627,2107,2048,21307
748,LiDAR scans overlap a previously propagated interval,TRACKING,8,6076210,6528,2077,2077,1867,0.0391577,3,0.000183961,24122,69,1046,250,15588,17627,2107,2048,21307
755,,TRACKING,14,6322338,6528,2205,2205,1936,0.0410272,3,0.000213437,24376,115,1112,256,16931,19051,2248,2048,22995
761,LiDAR scans overlap a previously propagated interval,TRACKING,14,6322338,6528,2205,2205,1936,0.0410272,3,0.000213437,24376,115,1112,256,16931,19051,2248,2048,22995
768,,TRACKING,13,6154549,6528,511,511,394,0.0444634,3,6.62763e-05,24413,102,1047,92,3676,4141,423,2048,5897
775,,TRACKING,8,6160570,6528,2176,2176,1868,0.0412318,3,0.000308483,24668,59,1013,237,16018,17916,2114,2048,21498
782,,TRACKING,8,6138127,6528,2195,2195,1951,0.0401463,3,5.34884e-05,24879,61,1025,232,16003,18212,2059,2048,21797
789,LiDAR scans overlap a previously propagated interval,TRACKING,8,6138127,6528,2195,2195,1951,0.0401463,3,5.34884e-05,24879,61,1025,232,16003,18212,2059,2048,21797
795,,TRACKING,13,6064567,6528,1977,1977,1738,0.0442282,3,0.000237758,25091,103,1045,227,14471,16337,2100,2048,20042
802,,TRACKING,8,6248041,6528,2284,2284,2053,0.0381469,3,7.8961e-05,25298,65,1038,266,16440,18735,2324,2360,25009
809,LiDAR scans overlap a previously propagated interval,TRACKING,8,6248041,6528,2284,2284,2053,0.0381469,3,7.8961e-05,25298,65,1038,266,16440,18735,2324,2360,25009
816,,TRACKING,14,6309951,6528,1889,1889,1600,0.0403188,3,0.000246985,25469,112,1019,268,14323,16020,1737,2360,19469
822,LiDAR scans overlap a previously propagated interval,TRACKING,14,6309951,6528,1889,1889,1600,0.0403188,3,0.000246985,25469,112,1019,268,14323,16020,1737,2360,19469
829,,TRACKING,13,6231645,6528,702,702,519,0.0453367,3,5.96241e-07,25518,112,1059,123,5284,5908,597,2360,7932
836,,TRACKING,8,6123249,6528,1814,1814,1492,0.0456085,3,0.00043174,25709,63,1047,219,13775,15317,1756,2360,18542
843,,TRACKING,8,6057319,6528,2221,2221,2006,0.0362955,3,0.000128342,25903,64,1051,249,16329,18853,2218,2360,22641
850,,TRACKING,8,6176819,6528,784,784,583,0.0429932,3,0.000100289,25951,67,1106,125,6148,6846,800,2360,9064
856,,TRACKING,7,6199429,6528,1785,1785,1501,0.041962,3,0.000153095,26129,60,1082,230,14123,15751,1676,2360,18944
863,,TRACKING,8,6233088,6528,2108,2108,1936,0.0332534,3,5.66469e-05,26298,65,1072,252,15847,17990,1831,2360,21409
870,LiDAR scans overlap a previously propagated interval,TRACKING,8,6233088,6528,2108,2108,1936,0.0332534,3,5.66469e-05,26298,65,1072,252,15847,17990,1831,2360,21409
877,,TRACKING,14,6190673,6528,1782,1782,1457,0.0453271,3,0.000155294,26490,113,1076,214,14250,15912,1855,2360,19368
884,LiDAR scans overlap a previously propagated interval,TRACKING,14,6190673,6528,1782,1782,1457,0.0453271,3,0.000155294,26490,113,1076,214,14250,15912,1855,2360,19368
890,,TRACKING,13,6190673,6528,983,983,723,0.0424716,3,8.07651e-07,26552,109,1125,138,7740,8567,902,2360,10957
897,,TRACKING,8,6124635,6528,1685,1685,1327,0.0440018,3,0.000193937,26708,65,1072,188,13776,15324,1733,2617,21145
904,,TRACKING,8,7597871,6528,2060,2060,1895,0.0356979,3,5.14744e-05,26889,68,1106,260,15102,17201,1831,2617,20685
911,,TRACKING,8,6168447,6528,1087,1087,849,0.0431537,2,7.18847e-05,26959,69,1074,157,5655,6282,1115,2617,8830
917,,TRACKING,8,6142063,6528,1593,1593,1282,0.0452435,3,0.000121873,27087,63,1043,184,13397,14854,1694,2617,17981
924,,TRACKING,8,6041191,6528,1967,1967,1855,0.0322715,3,6.09843e-05,27234,64,1043,266,13892,15934,2403,2617,19975
931,LiDAR scans overlap a previously propagated interval,TRACKING,8,6041191,6528,1967,1967,1855,0.0322715,3,6.09843e-05,27234,64,1043,266,13892,15934,2403,2617,19975
938,,TRACKING,13,6166832,6528,1519,1519,1189,0.0455857,3,0.000121105,27378,172,1722,319,17437,19408,1531,2617,23453
945,LiDAR scans overlap a previously propagated interval,TRACKING,13,6166832,6528,1519,1519,1189,0.0455857,3,0.000121105,27378,172,1722,319,17437,19408,1531,2617,23453
952,,TRACKING,13,6166832,6528,1215,1215,938,0.0424419,3,0.000222,27446,104,1047,154,9043,10053,1043,2617,12525
958,,TRACKING,8,6217267,6528,1305,1305,1022,0.0417049,3,0.000106725,27524,61,1022,156,11205,12493,1193,2617,15057
965,,TRACKING,8,6316720,6528,1937,1937,1795,0.0290348,3,0.000265495,27625,62,1018,249,12860,14706,1410,2617,17617
972,,TRACKING,8,6132002,6528,1273,1273,970,0.0416661,3,7.68535e-05,27699,61,1020,165,10570,11803,1251,2617,14462
978,,TRACKING,8,6274929,6528,1260,1260,955,0.0439864,3,0.000249825,27768,65,1043,159,10021,11063,1129,2640,16220
985,,TRACKING,8,6212750,6528,1985,1985,1831,0.0285052,3,0.000111386,27876,74,1090,310,14082,16092,1764,2640,19544
992,LiDAR scans overlap a previously propagated interval,TRACKING,8,6212750,6528,1985,1985,1831,0.0285052,3,0.000111386,27876,74,1090,310,14082,16092,1764,2640,19544
999,,TRACKING,13,6044764,6528,1193,1193,889,0.0421245,3,8.77369e-05,27949,106,1076,241,9693,10736,1702,2640,14018
1006,LiDAR scans overlap a previously propagated interval,TRACKING,13,6044764,6528,1193,1193,889,0.0421245,3,8.77369e-05,27949,106,1076,241,9693,10736,1702,2640,14018
1013,,TRACKING,14,6250900,6528,1512,1512,1206,0.0435168,3,0.000466424,28085,108,1037,177,11701,12991,1408,2640,15845
1019,,TRACKING,7,6125551,6528,1021,1021,724,0.0436858,3,0.00017349,28130,52,989,130,7720,8529,870,2640,10673
1026,,TRACKING,8,6154492,6528,2011,2011,1870,0.0322437,3,0.000329621,28234,61,1017,241,14283,16279,1376,2640,19151
1033,,TRACKING,8,6192102,6528,1641,1641,1303,0.0467406,3,0.000136339,28377,63,1042,224,12553,13914,1549,2640,17007
1040,,TRACKING,8,6109822,6528,1025,1025,748,0.0415083,3,9.12042e-05,28434,60,975,127,7382,8166,908,2640,10357
1046,,TRACKING,8,6106159,6528,2039,2039,1868,0.0329624,3,0.000160915,28587,74,999,283,14926,16947,1631,2640,20147
1053,LiDAR scans overlap a previously propagated interval,TRACKING,8,6106159,6528,2039,2039,1868,0.0329624,3,0.000160915,28587,74,999,283,14926,16947,1631,2640,20147
1060,,TRACKING,13,6354611,6528,948,948,687,0.0395096,3,0.000142063,28614,150,1200,132,6825,7532,729,2640,9855
1067,LiDAR scans overlap a previously propagated interval,TRACKING,13,6354611,6528,948,948,687,0.0395096,3,0.000142063,28614,150,1200,132,6825,7532,729,2640,9855
1074,,TRACKING,14,6199322,6528,1808,1808,1440,0.0415475,3,0.000143781,28718,103,971,207,12938,14488,2099,2549,20592
1081,,TRACKING,8,6206927,6528,798,798,571,0.0376535,3,2.9439e-05,28741,67,1059,117,6326,7018,832,2549,9212
1087,,TRACKING,7,6194187,6528,2046,2046,1852,0.0318932,3,0.000152232,28866,57,1043,253,14337,16665,1973,2549,20225
1094,,TRACKING,8,6127763,6528,1869,1869,1570,0.0418844,3,0.000207733,29035,65,1082,252,14829,16549,1764,2549,19948
1101,,TRACKING,8,6097116,6528,740,740,515,0.0413934,3,7.0944e-05,29069,67,1073,117,5856,6483,616,2549,8456
1108,,TRACKING,8,6157477,6528,2214,2214,1988,0.0358891,3,0.000147981,29216,67,1375,394,16556,18748,1762,2549,22554
1114,LiDAR scans overlap a previously propagated interval,TRACKING,8,6157477,6528,2214,2214,1988,0.0358891,3,0.000147981,29216,67,1375,394,16556,18748,1762,2549,22554
1121,,TRACKING,13,6110296,6528,687,687,452,0.0414798,3,0.000129069,29239,110,1085,121,5577,6159,595,2549,8182
1128,LiDAR scans overlap a previously propagated interval,TRACKING,13,6110296,6528,687,687,452,0.0414798,3,0.000129069,29239,110,1085,121,5577,6159,595,2549,8182
1135,,TRACKING,14,6249659,6528,1922,1922,1604,0.0425156,3,0.00016458,29371,112,1085,243,16193,18265,2172,2549,22040
1142,,TRACKING,8,6107197,6528,628,628,422,0.044129,3,9.44145e-05,29394,67,1076,128,5197,5738,508,2549,7668
1148,,TRACKING,7,6211712,6528,2275,2275,2001,0.0369823,3,0.000157418,29548,56,1071,260,18941,21319,2184,2549,25148
1155,LiDAR scans overlap a previously propagated interval,TRACKING,7,6211712,6528,2275,2275,2001,0.0369823,3,0.000157418,29548,56,1071,260,18941,21319,2184,2549,25148
1162,,TRACKING,14,6182719,6528,551,551,370,0.0418221,3,1.5492e-05,29569,118,1086,110,4436,4921,521,3423,10306
1169,,TRACKING,8,7842726,6528,2199,2199,1945,0.0357223,3,0.00025913,29727,70,1104,253,17958,20225,1902,3423,23755
1175,LiDAR scans overlap a previously propagated interval,TRACKING,8,7842726,6528,2199,2199,1945,0.0357223,3,0.00025913,29727,70,1104,253,17958,20225,1902,3423,23755
1182,,TRACKING,13,6183780,6528,523,523,352,0.0388237,3,0.000165589,29741,106,1089,95,4799,5338,399,3423,7121
1189,LiDAR scans overlap a previously propagated interval,TRACKING,13,6183780,6528,523,523,352,0.0388237,3,0.000165589,29741,106,1089,95,4799,5338,399,3423,7121
1196,,TRACKING,14,6317032,6528,2261,2261,1932,0.0359632,2,0.000365565,29898,111,1076,254,12690,14507,2141,3423,18298
1202,,TRACKING,8,6110749,6528,469,469,307,0.0468586,3,0.000194416,29923,65,1080,94,4799,5402,513,3423,7250
1209,LiDAR scans overlap a previously propagated interval,TRACKING,8,6110749,6528,469,469,307,0.0468586,3,0.000194416,29923,65,1080,94,4799,5402,513,3423,7250
1216,,TRACKING,13,6272193,6528,2260,2260,1948,0.0372766,3,0.000211632,30074,146,1954,361,17652,19803,2229,3423,24690
1223,,TRACKING,8,6088186,6528,583,583,405,0.0418581,3,6.12144e-06,30095,68,1094,105,4704,5223,458,3423,7052
1230,,TRACKING,8,6088186,6528,2002,2002,1735,0.0387845,3,0.000140654,30230,66,1104,234,16567,18523,1766,3423,21854
1237,LiDAR scans overlap a previously propagated interval,TRACKING,8,6088186,6528,2002,2002,1735,0.0387845,3,0.000140654,30230,66,1104,234,16567,18523,1766,3423,21854
1244,,TRACKING,13,6261962,6528,667,667,478,0.0378849,3,6.57367e-05,30252,107,1076,108,6332,7090,1703,3423,10194
1250,LiDAR scans overlap a previously propagated interval,TRACKING,13,6261962,6528,667,667,478,0.0378849,3,6.57367e-05,30252,107,1076,108,6332,7090,1703,3423,10194
1257,,TRACKING,14,6160711,6528,2217,2217,1938,0.0343028,3,0.000390628,30404,176,1956,398,20197,22619,1800,3423,27167
1264,,TRACKING,8,6068885,6528,652,652,446,0.0432625,3,3.42788e-05,30430,66,1056,118,5112,5850,590,3459,11307
1271,,TRACKING,7,6129629,6528,1958,1958,1625,0.0386904,2,0.000511971,30567,100,1376,226,12816,14505,2229,3459,18697
1277,,TRACKING,8,6196344,6528,2183,2183,1942,0.0365027,3,0.000208215,30739,122,1376,305,18843,21459,2043,3459,25554
1284,,TRACKING,8,6043049,6528,729,729,498,0.0372009,3,6.09018e-07,30760,104,1082,126,4677,5235,420,3459,7116
1291,,TRACKING,8,6207121,6528,1962,1962,1610,0.0365216,3,9.05211e-05,30870,66,982,199,13319,14918,1571,3459,17881
1297,LiDAR scans overlap a previously propagated interval,TRACKING,8,6207121,6528,1962,1962,1610,0.0365216,3,9.05211e-05,30870,66,982,199,13319,14918,1571,3459,17881
1304,,TRACKING,13,7836286,6528,800,800,551,0.0419864,3,4.15472e-05,30895,104,1026,131,5689,6356,532,3459,8283
1311,LiDAR scans overlap a previously propagated interval,TRACKING,13,7836286,6528,800,800,551,0.0419864,3,4.15472e-05,30895,104,1026,131,5689,6356,532,3459,8283
1318,,TRACKING,14,6800036,6528,2059,2059,1840,0.0296729,3,0.000174924,30966,110,1046,245,14936,17020,1908,3459,20551
1325,,TRACKING,8,6134807,6528,878,878,602,0.0361127,3,4.09688e-05,30978,110,1276,186,7351,8185,658,3459,10595
1332,,TRACKING,7,6238647,6528,1818,1818,1424,0.0380408,3,0.000227276,31079,65,1216,228,16575,18586,2206,3459,22495
1338,,TRACKING,8,6040720,6528,2083,2083,1855,0.0297279,3,0.000138417,31172,71,1198,274,15890,18117,1674,3459,21568
1345,,TRACKING,8,6061549,6528,879,879,612,0.0368217,3,5.09355e-05,31194,69,1256,192,7166,7920,638,2905,13144
1352,,TRACKING,8,6220004,6528,1690,1690,1293,0.0353189,3,0.000118101,31264,65,1073,195,13632,15129,1356,2905,17973
1359,LiDAR scans overlap a previously propagated interval,TRACKING,8,6220004,6528,1690,1690,1293,0.0353189,3,0.000118101,31264,65,1073,195,13632,15129,1356,2905,17973
1365,,TRACKING,13,6815088,6528,891,891,626,0.039578,3,3.60504e-05,31295,105,1086,138,6648,7397,653,2905,9479
1372,LiDAR scans overlap a previously propagated interval,TRACKING,13,6815088,6528,891,891,626,0.039578,3,3.60504e-05,31295,105,1086,138,6648,7397,653,2905,9479
1379,,TRACKING,14,6199805,6528,2052,2052,1878,0.0313788,3,8.1185e-05,31405,112,1078,254,16051,18447,1574,2905,21645
1386,,TRACKING,8,6120914,6528,1022,1022,725,0.0407159,3,6.72574e-05,31454,67,1072,146,8467,9407,876,2905,11715
1393,,TRACKING,8,6080524,6528,1554,1554,1153,0.0435695,3,0.000271252,31538,65,1265,191,12264,13623,1317,2905,16592
1399,,TRACKING,7,6110632,6528,1982,1982,1813,0.0300687,3,5.09393e-05,31638,58,1074,246,14728,16879,1632,2905,20105
1406,,TRACKING,8,7844520,6528,1154,1154,817,0.0417464,3,0.000158622,31697,69,1104,155,9625,10647,1020,2905,13131
1413,,TRACKING,8,7844520,6528,1510,1510,1140,0.0407924,3,0.0001364,31771,71,1173,194,12785,14208,1323,2905,17107
1420,LiDAR scans overlap a previously propagated interval,TRACKING,8,7844520,6528,1510,1510,1140,0.0407924,3,0.0001364,31771,71,1173,194,12785,14208,1323,2905,17107
1427,,TRACKING,13,6251854,6528,1254,1254,896,0.040384,3,0.000218325,31833,116,1205,177,10455,11598,1022,2905,14242
1433,LiDAR scans overlap a previously propagated interval,TRACKING,13,6251854,6528,1254,1254,896,0.040384,3,0.000218325,31833,116,1205,177,10455,11598,1022,2905,14242
1440,,TRACKING,14,6327219,6528,1956,1956,1798,0.0306281,3,0.00020674,31959,118,1161,262,14865,16948,1580,3084,23341
1447,,TRACKING,8,6032113,6528,1419,1419,1086,0.0399705,3,0.000150028,32029,70,1138,179,11756,13065,1241,3084,15871
1454,,TRACKING,7,7132668,6528,1326,1326,972,0.041749,3,0.000209941,32086,58,1073,176,10343,11451,1079,3084,13961
1460,,TRACKING,9,7913318,6528,1978,1978,1813,0.0299494,3,5.00566e-05,32178,75,1104,255,14755,16848,1517,3084,19993
1467,,TRACKING,7,7913318,6528,1499,1499,1136,0.0418875,3,1.05269e-05,32262,99,1615,210,13036,14474,1393,3084,17974
1474,,TRACKING,8,6066841,6528,1224,1224,894,0.0389003,3,0.000170186,32309,71,1139,177,10509,11570,961,3084,14043
1481,LiDAR scans overlap a previously propagated interval,TRACKING,8,6066841,6528,1224,1224,894,0.0389003,3,0.000170186,32309,71,1139,177,10509,11570,961,3084,14043
1488,,TRACKING,14,6299906,6528,1594,1594,1244,0.0391367,3,9.50594e-05,32379,118,1122,227,13621,15152,1367,3084,18160
1494,LiDAR scans overlap a previously propagated interval,TRACKING,14,6299906,6528,1594,1594,1244,0.0391367,3,9.50594e-05,32379,118,1122,227,13621,15152,1367,3084,18160
1501,,TRACKING,13,6210651,6528,2023,2023,1849,0.0303211,3,0.00017849,32471,104,1018,246,13484,15549,1382,3084,18476
1508,,TRACKING,8,6194415,6528,1702,1702,1276,0.0399819,3,0.000354418,32558,57,953,188,12901,14502,1870,3084,17807
1515,,TRACKING,8,6012751,6528,982,982,673,0.0408349,2,0.000271872,32594,62,1180,151,5151,5682,783,3084,7975
1522,,TRACKING,8,6136037,6528,2004,2004,1825,0.0294147,3,6.96873e-05,32687,67,1165,249,17562,20071,1644,3172,26550
1529,,TRACKING,7,6406695,6528,1756,1756,1368,0.0402806,3,4.33006e-05,32788,63,1137,205,14254,15903,1690,3172,19210
1535,,TRACKING,8,6170439,6528,882,882,607,0.0385854,3,6.96176e-05,32810,77,1142,156,7629,8506,746,3172,10763
1542,LiDAR scans overlap a previously propagated interval,TRACKING,8,6170439,6528,882,882,607,0.0385854,3,6.96176e-05,32810,77,1142,156,7629,8506,746,3172,10763
1549,,TRACKING,14,6365959,6528,1717,1717,1335,0.0390276,3,0.000423522,32908,131,1475,308,17489,19636,2347,3172,24100
1556,LiDAR scans overlap a previously propagated interval,TRACKING,14,6365959,6528,1717,1717,1335,0.0390276,3,0.000423522,32908,131,1475,308,17489,19636,2347,3172,24100
1562,,TRACKING,13,6203430,6528,2165,2165,1930,0.0322104,3,0.000138896,33019,165,2091,399,21012,24240,2007,3172,29214
1569,,TRACKING,8,6061334,6528,1855,1855,1505,0.0385663,3,0.000131365,33124,64,992,210,12871,14345,1587,3172,17385
1576,LiDAR scans overlap a previously propagated interval,TRACKING,8,6061334,6528,1855,1855,1505,0.0385663,3,0.000131365,33124,64,992,210,12871,14345,1587,3172,17385
1583,,TRACKING,14,6273327,6528,2106,2106,1883,0.0319089,3,0.000117193,33228,99,921,254,13678,15512,1604,3172,18579
1589,,TRACKING,8,6245380,6528,2010,2010,1652,0.0345494,3,0.00015214,33308,60,993,223,15005,16776,1555,3172,19801
1596,,TRACKING,7,6132191,6528,621,621,407,0.0411499,3,5.48696e-07,33325,55,1015,104,4618,5097,438,3172,6806
1603,LiDAR scans overlap a previously propagated interval,TRACKING,7,6132191,6528,621,621,407,0.0411499,3,5.48696e-07,33325,55,1015,104,4618,5097,438,3172,6806
1610,,TRACKING,14,7565216,6528,2041,2041,1654,0.0352799,3,0.000262408,33418,111,1063,225,16096,17899,1771,3172,21222
1617,LiDAR scans overlap a previously propagated interval,TRACKING,14,7565216,6528,2041,2041,1654,0.0352799,3,0.000262408,33418,111,1063,225,16096,17899,1771,3172,21222
1623,,TRACKING,13,6127165,6528,2100,2100,1834,0.0330409,3,9.82939e-05,33515,104,1043,247,15523,17509,1694,3062,23873
1630,,TRACKING,8,6140269,6528,2204,2204,1822,0.0345634,3,4.4614e-05,33611,63,1018,223,16492,18497,1901,3062,21926
1637,,TRACKING,8,6314699,6528,651,651,428,0.0385558,3,1.32696e-07,33626,61,1016,107,4833,5337,466,3062,7089
1644,,TRACKING,8,6143781,6528,2059,2059,1809,0.0344528,3,0.00013854,33723,62,1060,245,15539,17491,1755,3062,20772
1650,,TRACKING,8,6097219,6528,2200,2200,1860,0.0339296,3,0.000139722,33822,63,1023,252,16401,18367,2047,3062,21983
1658,,TRACKING,7,7045851,6528,613,613,393,0.0356276,3,9.59007e-05,33833,56,1022,115,4712,5190,402,3062,6891
1664,LiDAR scans overlap a previously propagated interval,TRACKING,7,7045851,6528,613,613,393,0.0356276,3,9.59007e-05,33833,56,1022,115,4712,5190,402,3062,6891
1671,,TRACKING,14,7045851,6528,2133,2133,1824,0.0328515,3,0.000178186,33911,118,1018,243,15948,17855,1842,3062,21263
1677,LiDAR scans overlap a previously propagated interval,TRACKING,14,7045851,6528,2133,2133,1824,0.0328515,3,0.000178186,33911,118,1018,243,15948,17855,1842,3062,21263
1684,,TRACKING,14,6058960,6528,2128,2128,1805,0.0327842,3,6.32085e-05,33992,105,1001,254,15468,17380,1847,3062,20800
1691,,TRACKING,7,6137122,6528,2197,2197,1868,0.0334519,3,6.80827e-05,34083,59,1021,297,16750,18759,1778,3062,22178
1698,LiDAR scans overlap a previously propagated interval,TRACKING,7,6137122,6528,2197,2197,1868,0.0334519,3,6.80827e-05,34083,59,1021,297,16750,18759,1778,3062,22178
1705,,TRACKING,14,6173932,6528,2096,2096,1788,0.0333706,3,0.000129664,34159,111,1046,250,16272,18217,1685,3062,21517
1712,,TRACKING,8,6227069,6528,2107,2107,1824,0.0325475,3,0.000108559,34252,64,1075,258,16387,18394,1802,3431,25231
1719,,TRACKING,7,6168268,6528,672,672,446,0.0382092,3,2.44307e-05,34260,61,1046,101,5097,5646,451,3431,7414
1725,LiDAR scans overlap a previously propagated interval,TRACKING,7,6168268,6528,672,672,446,0.0382092,3,2.44307e-05,34260,61,1046,101,5097,5646,451,3431,7414
1732,,TRACKING,14,6151299,6528,2128,2128,1856,0.0327417,3,0.00010101,34335,116,1045,257,16308,18258,1665,3431,21502
1739,LiDAR scans overlap a previously propagated interval,TRACKING,14,6151299,6528,2128,2128,1856,0.0327417,3,0.00010101,34335,116,1045,257,16308,18258,1665,3431,21502
1745,,TRACKING,13,6261723,6528,2088,2088,1722,0.0342647,3,0.000268104,34431,100,1018,239,16175,18018,1718,3431,21295
1752,,TRACKING,8,6209034,6528,2082,2082,1813,0.0320454,3,0.000215816,34525,62,1026,248,15429,17415,1747,3431,20712
1759,,TRACKING,8,6102985,6528,608,608,407,0.0381456,3,3.48027e-05,34536,64,1046,107,4666,5145,396,3431,6857
1766,LiDAR scans overlap a previously propagated interval,TRACKING,8,6102985,6528,608,608,407,0.0381456,3,3.48027e-05,34536,64,1046,107,4666,5145,396,3431,6857
1773,,TRACKING,14,6391381,6528,2173,2173,1928,0.0306875,3,4.78524e-05,34636,109,1047,263,16646,18753,1759,3431,22104
1780,,TRACKING,8,6066046,6528,638,638,424,0.0415238,3,4.77824e-05,34652,67,1095,111,5101,5632,434,3431,7445
1786,LiDAR scans overlap a previously propagated interval,TRACKING,8,6066046,6528,638,638,424,0.0415238,3,4.77824e-05,34652,67,1095,111,5101,5632,434,3431,7445
1793,,TRACKING,13,6315080,6528,2251,2251,1982,0.0304892,3,7.42759e-05,34740,104,1078,308,17377,19548,1884,3431,23118
1800,LiDAR scans overlap a previously propagated interval,TRACKING,13,6315080,6528,2251,2251,1982,0.0304892,3,7.42759e-05,34740,104,1078,308,17377,19548,1884,3431,23118
1807,,TRACKING,14,6081231,6528,1735,1735,1367,0.0372453,3,0.000160517,34808,117,1087,219,14025,15487,1455,3431,18548
1813,,TRACKING,7,6032423,6528,2138,2138,1902,0.0290337,3,0.000151699,34890,55,1045,273,15971,18074,1645,3389,24692
1820,LiDAR scans overlap a previously propagated interval,TRACKING,7,6032423,6528,2138,2138,1902,0.0290337,3,0.000151699,34890,55,1045,273,15971,18074,1645,3389,24692
1827,,TRACKING,14,6125063,6528,1734,1734,1356,0.0373377,3,0.000151811,34961,112,1050,199,14368,15892,1635,3389,19081
1834,,TRACKING,8,6084696,6528,2010,2010,1826,0.028646,3,7.29643e-05,35024,71,1078,285,15642,17760,1692,3389,21108
1841,,TRACKING,8,6032418,6528,975,975,652,0.0366281,3,5.33938e-07,35044,67,1102,157,8122,8913,692,3389,11055
1847,LiDAR scans overlap a previously propagated interval,TRACKING,8,6032418,6528,975,975,652,0.0366281,3,5.33938e-07,35044,67,1102,157,8122,8913,692,3389,11055
1854,,TRACKING,13,6196387,6528,2026,2026,1837,0.0283839,3,8.78527e-05,35109,104,1074,269,15572,17633,1574,3389,20830
1861,LiDAR scans overlap a previously propagated interval,TRACKING,13,6196387,6528,2026,2026,1837,0.0283839,3,8.78527e-05,35109,104,1074,269,15572,17633,1574,3389,20830
1868,,TRACKING,14,6286134,6528,1586,1586,1194,0.0364708,3,0.000301872,35155,114,1067,198,12859,14190,1526,3389,17277
1874,,TRACKING,7,6286134,6528,1964,1964,1821,0.0310003,3,0.000406943,35250,57,1049,277,14128,16091,1524,3389,19181
1881,,TRACKING,8,6050520,6528,1181,1181,853,0.0406255,3,1.88796e-05,35288,66,1078,165,10012,11015,1002,3389,13463
1888,,TRACKING,8,6157567,6528,1473,1473,1095,0.040334,3,0.000298447,35349,66,1081,188,12097,13308,1267,3389,16037
1895,,TRACKING,8,6185498,6528,1949,1949,1757,0.0280295,3,0.000206711,35408,65,1075,272,14515,16422,1461,3389,19489
1902,,TRACKING,8,6176373,6528,1313,1313,934,0.0396886,3,6.75557e-05,35443,66,1086,175,11013,12080,1213,3580,18344
1908,LiDAR scans overlap a previously propagated interval,TRACKING,8,6176373,6528,1313,1313,934,0.0396886,3,6.75557e-05,35443,66,1086,175,11013,12080,1213,3580,18344
1915,,TRACKING,13,6101005,6528,1955,1955,1779,0.0272355,3,0.000125779,35498,105,1076,249,13738,15644,1622,3580,18877
1922,LiDAR scans overlap a previously propagated interval,TRACKING,13,6101005,6528,1955,1955,1779,0.0272355,3,0.000125779,35498,105,1076,249,13738,15644,1622,3580,18877
1929,,TRACKING,14,6127337,6528,1262,1262,908,0.0375817,3,0.000184911,35528,112,1057,199,10363,11377,1032,3580,13942
1936,,TRACKING,8,6031297,6528,1915,1915,1773,0.0272568,3,0.00028099,35614,63,1042,258,14101,16074,1473,3580,19086
1942,LiDAR scans overlap a previously propagated interval,TRACKING,8,6031297,6528,1915,1915,1773,0.0272568,3,0.00028099,35614,63,1042,258,14101,16074,1473,3580,19086
1949,,TRACKING,13,6376835,6528,1149,1149,808,0.0387245,3,0.000178696,35648,106,1084,163,9610,10500,943,3580,12932
1956,,TRACKING,8,6110179,6528,1998,1998,1826,0.0274185,3,3.68893e-05,35724,64,1082,261,15253,17347,1547,3580,20491
1963,,TRACKING,8,6132871,6528,1527,1527,1131,0.0393624,3,0.000117476,35779,66,1074,195,13129,14443,1510,3580,17463
1969,LiDAR scans overlap a previously propagated interval,TRACKING,8,6132871,6528,1527,1527,1131,0.0393624,3,0.000117476,35779,66,1074,195,13129,14443,1510,3580,17463
1976,,TRACKING,13,6132871,6528,1975,1975,1783,0.0269912,3,3.20651e-05,35827,106,1075,278,17282,19685,1641,3580,22985
1983,LiDAR scans overlap a previously propagated interval,TRACKING,13,6132871,6528,1975,1975,1783,0.0269912,3,3.20651e-05,35827,106,1075,278,17282,19685,1641,3580,22985
1990,,TRACKING,14,6168324,6528,959,959,664,0.038276,3,0.000105418,35849,178,1261,236,8386,9183,714,3580,11785
1997,,TRACKING,8,6027121,6528,2068,2068,1850,0.0321695,3,6.65926e-05,35933,63,1078,278,18733,21398,2703,3580,25755
2004,,TRACKING,8,6164379,6528,1729,1729,1324,0.0367626,3,4.51049e-05,36000,120,1770,367,23218,25690,2620,5910,36777
2010,,TRACKING,7,6059115,6528,941,941,623,0.0347693,3,6.55069e-05,36010,137,1953,278,13237,14586,1169,5910,18345
2017,,TRACKING,8,6160840,6528,2020,2020,1804,0.0282789,3,8.93522e-05,36068,129,1990,472,23897,26619,2341,5910,31802
2024,,TRACKING,8,6178332,6528,1854,1854,1403,0.0389543,3,0.000265165,36143,96,1547,290,20733,22806,2289,5910,27289
2030,LiDAR scans overlap a previously propagated interval,TRACKING,8,6178332,6528,1854,1854,1403,0.0389543,3,0.000265165,36143,96,1547,290,20733,22806,2289,5910,27289
2037,,TRACKING,13,7827770,6528,2046,2046,1821,0.0286825,3,7.6547e-05,36212,168,1450,416,20715,23289,2208,5910,27797
2044,LiDAR scans overlap a previously propagated interval,TRACKING,13,7827770,6528,2046,2046,1821,0.0286825,3,7.6547e-05,36212,168,1450,416,20715,23289,2208,5910,27797
2051,,TRACKING,14,6273035,6528,763,763,493,0.0408183,3,4.39436e-06,36230,151,1418,177,8387,9162,828,5910,11868
2058,,TRACKING,8,6221042,6528,2080,2080,1806,0.0299165,3,0.000320447,36314,81,1460,356,21044,23524,2538,5910,28180
2065,,TRACKING,8,6125583,6528,1967,1967,1552,0.0335323,3,0.0001641,36374,80,1378,356,20191,22243,2440,5910,26745
2071,,TRACKING,7,6066050,6528,721,721,449,0.0390515,3,6.9261e-08,36386,103,1383,210,7723,8417,662,5910,10974
2078,,TRACKING,8,6239816,6528,2145,2145,1865,0.0305928,3,7.75795e-05,36463,75,1477,376,22537,25194,3404,5910,30769
2085,,TRACKING,8,6153631,6528,1968,1968,1575,0.0368507,3,0.00012568,36556,124,1532,310,21726,24135,2088,3773,32227
2092,LiDAR scans overlap a previously propagated interval,TRACKING,8,6153631,6528,1968,1968,1575,0.0368507,3,0.00012568,36556,124,1532,310,21726,24135,2088,3773,32227
2098,,TRACKING,13,6083476,6528,2172,2172,1885,0.0311394,3,0.00012268,36632,116,1079,278,16007,17859,1479,3773,21034
2105,LiDAR scans overlap a previously propagated interval,TRACKING,13,6083476,6528,2172,2172,1885,0.0311394,3,0.00012268,36632,116,1079,278,16007,17859,1479,3773,21034
2112,,TRACKING,14,6243558,6528,613,613,392,0.039096,3,5.67349e-08,36647,94,898,91,4081,4486,359,3773,6019
2119,,TRACKING,8,6095415,6528,2221,2221,1848,0.0329998,3,0.000335608,36729,52,894,219,14727,16384,1504,3773,19193
2126,,TRACKING,8,6079632,6528,2036,2036,1661,0.0327378,3,5.31417e-05,36811,53,879,200,13688,15243,1604,3773,18171
2132,,TRACKING,7,7815477,6528,563,563,348,0.0373674,2,0.000117043,36822,48,882,88,2494,2748,326,3773,4180
2139,,TRACKING,8,6156708,6528,2292,2292,1944,0.0323914,3,2.37113e-05,36887,51,903,217,14824,16652,1726,3773,19699
2146,,TRACKING,8,6035227,6528,2100,2100,1746,0.0320043,2,0.000213043,36954,65,908,320,9805,10929,1538,3773,14090
2153,LiDAR scans overlap a previously propagated interval,TRACKING,8,6035227,6528,2100,2100,1746,0.0320043,2,0.000213043,36954,65,908,320,9805,10929,1538,3773,14090
2159,,TRACKING,14,8044716,6528,2149,2149,1811,0.0345662,3,0.000255141,37039,101,893,258,15060,16784,1583,3773,19821
2166,LiDAR scans overlap a previously propagated interval,TRACKING,14,8044716,6528,2149,2149,1811,0.0345662,3,0.000255141,37039,101,893,258,15060,16784,1583,3773,19821
2173,,TRACKING,13,8044716,6528,512,512,346,0.0376407,3,1.59485e-07,37045,90,920,84,3364,3734,274,3773,5186
2180,,TRACKING,8,6012828,6528,2131,2131,1711,0.0361296,2,0.000327034,37120,52,913,216,9839,10970,1782,3293,17379
2187,,TRACKING,8,6115709,6528,2233,2233,1867,0.0326268,2,0.000238371,37182,59,923,213,9643,10812,1509,3293,13706
2193,,TRACKING,8,6034670,6528,592,592,375,0.036705,3,2.34013e-05,37185,55,917,86,4008,4411,345,3293,5897
2200,,TRACKING,7,6076154,6528,1923,1923,1592,0.0340731,3,0.000312224,37248,48,924,237,13240,14691,1367,3293,17399
2207,,TRACKING,8,6079935,6528,2270,2270,1937,0.0312872,3,8.87171e-05,37319,55,913,235,15260,17193,1645,3293,20231
2214,LiDAR scans overlap a previously propagated interval,TRACKING,8,6079935,6528,2270,2270,1937,0.0312872,3,8.87171e-05,37319,55,913,235,15260,17193,1645,3293,20231
2221,,TRACKING,14,6281759,6528,1858,1858,1496,0.0318704,3,5.1601e-05,37378,98,905,195,12212,13543,1419,3293,16329
2227,LiDAR scans overlap a previously propagated interval,TRACKING,14,6281759,6528,1858,1858,1496,0.0318704,3,5.1601e-05,37378,98,905,195,12212,13543,1419,3293,16329
2234,,TRACKING,13,6141429,6528,698,698,445,0.0372334,2,8.09128e-05,37386,94,926,128,3375,3696,412,3293,5367
2241,,TRACKING,8,7788867,6528,1835,1835,1426,0.0370988,3,4.37454e-05,37468,54,915,201,12741,14055,1265,3293,16609
2248,,TRACKING,8,6071755,6528,2216,2216,1892,0.0350763,3,0.000138982,37557,54,905,224,14639,16408,1519,3293,19296
2254,,TRACKING,8,6108124,6528,767,767,502,0.0345242,3,6.42903e-06,37569,56,919,104,5374,5901,462,3293,7546
2261,,TRACKING,7,7713946,6528,1850,1850,1477,0.0349853,3,0.000206507,37622,47,900,184,12918,14299,1347,3172,20077
2268,,TRACKING,8,6477732,6528,2104,2104,1873,0.0327327,3,0.00011732,37704,56,917,207,13591,15362,1642,3172,18380
2275,LiDAR scans overlap a previously propagated interval,TRACKING,8,6477732,6528,2104,2104,1873,0.0327327,3,0.00011732,37704,56,917,207,13591,15362,1642,3172,18380
2282,,TRACKING,14,6477732,6528,1736,1736,1327,0.0345894,3,0.000161593,37765,97,897,193,12139,13381,1350,3172,16084
2288,LiDAR scans overlap a previously propagated interval,TRACKING,14,6477732,6528,1736,1736,1327,0.0345894,3,0.000161593,37765,97,897,193,12139,13381,1350,3172,16084
2295,,TRACKING,13,6104043,6528,980,980,649,0.0375408,3,7.07669e-05,37777,87,912,123,7180,7844,665,3172,9734
2302,,TRACKING,8,6145198,6528,1676,1676,1222,0.0357466,3,0.00012574,37825,56,898,181,11676,12787,1229,3172,15269
2309,LiDAR scans overlap a previously propagated interval,TRACKING,8,6145198,6528,1676,1676,1222,0.0357466,3,0.00012574,37825,56,898,181,11676,12787,1229,3172,15269
2316,,TRACKING,14,6264057,6528,992,992,701,0.0373541,3,0.00015374,37846,94,897,113,7042,7755,681,3172,9643
2322,,TRACKING,7,6209963,6528,1608,1608,1193,0.0406935,2,0.000704095,37908,48,900,180,7563,8299,1180,3172,10725
2329,,TRACKING,8,6073126,6528,1995,1995,1787,0.029221,3,0.000321421,37982,55,899,221,12857,14604,1290,3172,17233
2336,LiDAR scans overlap a previously propagated interval,TRACKING,8,6073126,6528,1995,1995,1787,0.029221,3,0.000321421,37982,55,899,221,12857,14604,1290,3172,17233
2343,,TRACKING,14,6222089,6528,1530,1530,1112,0.0372911,3,0.000151751,38019,95,898,177,10733,11746,1167,3172,14224
2350,LiDAR scans overlap a previously propagated interval,TRACKING,14,6222089,6528,1530,1530,1112,0.0372911,3,0.000151751,38019,95,898,177,10733,11746,1167,3172,14224
2356,,TRACKING,13,6017686,6528,1176,1176,815,0.036127,3,3.37955e-05,38049,88,901,123,8573,9405,832,3172,11455
2363,,TRACKING,8,7637560,6528,1338,1338,937,0.0358356,3,0.000229462,38075,55,895,155,9367,10263,913,3256,15643
2370,,TRACKING,8,6376125,6528,2055,2055,1881,0.0299783,3,0.000452609,38153,56,914,217,13171,14984,1268,3256,17598
2377,,TRACKING,8,6037938,6528,1256,1256,891,0.038286,2,0.000296685,38181,55,909,147,6138,6684,921,3256,8842
2383,,TRACKING,8,6072190,6528,1279,1279,891,0.0388079,3,9.84891e-06,38217,53,896,131,9120,9992,887,3256,12059
2390,,TRACKING,7,6254206,6528,1948,1948,1771,0.0279762,3,8.36997e-05,38270,49,904,227,11952,13601,1180,3256,16103
2397,LiDAR scans overlap a previously propagated interval,TRACKING,7,6254206,6528,1948,1948,1771,0.0279762,3,8.36997e-05,38270,49,904,227,11952,13601,1180,3256,16103
2404,,TRACKING,14,7773548,6528,1253,1253,882,0.0361474,3,0.000210534,38298,94,880,180,8969,9814,823,3256,11935
2411,LiDAR scans overlap a previously propagated interval,TRACKING,14,7773548,6528,1253,1253,882,0.0361474,3,0.000210534,38298,94,880,180,8969,9814,823,3256,11935
2418,,TRACKING,13,6355673,6528,1493,1493,1075,0.0349851,3,0.000343754,38333,88,898,158,10406,11375,1102,3256,13730
2424,,TRACKING,8,6408121,6528,1065,1065,710,0.0373304,3,0.000204142,38351,55,913,156,7605,8313,689,3256,10245
2431,,TRACKING,8,6203365,6528,2005,2005,1801,0.0292193,3,0.000316474,38414,55,893,236,12293,13979,1682,3256,17000
2438,,TRACKING,8,6170152,6528,1585,1585,1143,0.0372781,3,0.000127873,38467,57,920,193,11448,12604,1157,3256,15081
2444,,TRACKING,8,6325879,6528,1057,1057,732,0.0364622,3,3.708e-05,38486,56,916,124,7559,8265,719,3469,13653
2451,,TRACKING,8,6100039,6528,2031,2031,1822,0.0330261,3,2.40013e-05,38563,59,920,348,13868,15678,1473,3469,18681
2458,LiDAR scans overlap a previously propagated interval,TRACKING,8,6100039,6528,2031,2031,1822,0.0330261,3,2.40013e-05,38563,59,920,348,13868,15678,1473,3469,18681
2465,,TRACKING,13,6234926,6528,940,940,627,0.0353181,3,6.25294e-05,38577,93,900,139,6974,7675,598,3469,9520
2472,LiDAR scans overlap a previously propagated interval,TRACKING,13,6234926,6528,940,940,627,0.0353181,3,6.25294e-05,38577,93,900,139,6974,7675,598,3469,9520
2479,,TRACKING,14,7969006,6528,1817,1817,1350,0.0365988,3,0.000398103,38637,99,895,214,12883,14216,1229,3469,16782
2485,,TRACKING,7,6164388,6528,827,827,525,0.0352705,3,2.35942e-05,38644,52,912,104,5681,6234,563,3469,7960
2492,,TRACKING,8,6134003,6528,2071,2071,1840,0.0330658,3,0.000133896,38698,56,919,274,13536,15274,1372,3469,18043
2499,,TRACKING,8,6324991,6528,1851,1851,1465,0.0333223,3,0.000131987,38752,55,907,196,13438,14852,1328,3469,17508
2505,,TRACKING,8,6148101,6528,737,737,465,0.0350983,3,5.45636e-05,38763,55,899,100,5023,5489,453,3469,7083
2513,,TRACKING,8,6087056,6528,2268,2268,1936,0.0321105,3,9.30002e-05,38840,52,898,224,15374,17362,1510,3469,20201
2519,LiDAR scans overlap a previously propagated interval,TRACKING,8,6087056,6528,2268,2268,1936,0.0321105,3,9.30002e-05,38840,52,898,224,15374,17362,1510,3469,20201
2526,,TRACKING,13,6220378,6528,661,661,386,0.0371056,2,0.000121885,38847,90,919,110,3193,3483,407,3469,5105
2533,LiDAR scans overlap a previously propagated interval,TRACKING,13,6220378,6528,661,661,386,0.0371056,2,0.000121885,38847,90,919,110,3193,3483,407,3469,5105
2540,,TRACKING,14,6238781,6528,1951,1951,1560,0.0345394,3,0.000204982,38906,94,916,218,14078,15599,1580,3393,21951
2546,,TRACKING,7,6232443,6528,616,616,365,0.0351335,3,8.21591e-06,38914,51,909,87,4196,4600,375,3393,6114
2553,,TRACKING,8,6232751,6528,2237,2237,1927,0.0327134,3,0.000143472,38994,55,923,240,15464,17324,1588,3393,20287
2560,LiDAR scans overlap a previously propagated interval,TRACKING,8,6232751,6528,2237,2237,1927,0.0327134,3,0.000143472,38994,55,923,240,15464,17324,1588,3393,20287
2567,,TRACKING,14,6211834,6528,548,548,346,0.035023,3,0.000131374,38997,95,898,85,3776,4150,409,3393,5725
2574,,TRACKING,8,6146157,6528,2164,2164,1785,0.0339978,3,0.000160455,39096,53,926,231,15226,16958,1673,3393,19993
2580,LiDAR scans overlap a previously propagated interval,TRACKING,8,6146157,6528,2164,2164,1785,0.0339978,3,0.000160455,39096,53,926,231,15226,16958,1673,3393,19993
2587,,TRACKING,13,6787518,6528,575,575,353,0.0363192,3,3.55783e-07,39105,89,914,88,3869,4252,342,3393,5773
2594,LiDAR scans overlap a previously propagated interval,TRACKING,13,6787518,6528,575,575,353,0.0363192,3,3.55783e-07,39105,89,914,88,3869,4252,342,3393,5773
2601,,TRACKING,13,6147422,6528,2256,2256,1852,0.033143,3,0.000242602,39173,94,915,245,15963,17748,1724,3393,20888
2607,,TRACKING,8,6036656,6528,528,528,329,0.0351509,3,2.90632e-05,39181,53,850,88,3557,3915,295,3393,5298
2614,,TRACKING,8,6054911,6528,2070,2070,1721,0.0338274,3,5.72117e-05,39233,52,864,240,13700,15243,1375,3393,17910
2621,,TRACKING,8,6173734,6528,2216,2216,1822,0.0316441,3,4.83124e-05,39294,53,866,227,15669,17429,1571,3393,20337
2628,,TRACKING,8,6290467,6528,640,640,371,0.0335583,3,1.27357e-05,39302,56,921,91,4283,4682,392,3351,9571
2635,,TRACKING,8,6109945,6528,2037,2037,1648,0.03255,3,5.46927e-05,39361,57,914,221,14207,15813,1640,3351,18801
2641,LiDAR scans overlap a previously propagated interval,TRACKING,8,6109945,6528,2037,2037,1648,0.03255,3,5.46927e-05,39361,57,914,221,14207,15813,1640,3351,18801
2648,,TRACKING,13,6235480,6528,651,651,389,0.0340282,2,0.000164259,39367,90,913,99,2968,3255,348,3351,4789
2655,LiDAR scans overlap a previously propagated interval,TRACKING,13,6235480,6528,651,651,389,0.0340282,2,0.000164259,39367,90,913,99,2968,3255,348,3351,4789
2662,,TRACKING,14,7793190,6528,2202,2202,1870,0.0299359,3,0.000171186,39434,95,922,251,15119,16859,1524,3351,19806
2669,,TRACKING,7,6050322,6528,648,648,396,0.0350122,3,0.000255042,39438,49,923,94,4422,4835,419,3351,6409
2675,,TRACKING,8,6145139,6528,2027,2027,1626,0.0304378,3,7.94226e-05,39489,54,915,209,14529,16064,1340,3351,18722
2682,,TRACKING,8,7234008,6528,2116,2116,1823,0.0288929,3,8.6946e-05,39525,56,909,222,14133,15844,1605,3351,18828
2689,,TRACKING,8,6138621,6528,735,735,445,0.0367646,3,1.06088e-05,39534,57,911,114,5072,5541,417,3351,7144
2696,,TRACKING,8,6147826,6528,2015,2015,1556,0.0336997,3,0.000131865,39575,56,915,209,13992,15451,1684,3351,18457
2703,LiDAR scans overlap a previously propagated interval,TRACKING,8,6147826,6528,2015,2015,1556,0.0336997,3,0.000131865,39575,56,915,209,13992,15451,1684,3351,18457
2709,,TRACKING,13,6174990,6528,717,717,444,0.034866,3,3.44473e-05,39582,92,923,114,5027,5499,430,3351,7144
2716,LiDAR scans overlap a previously propagated interval,TRACKING,13,6174990,6528,717,717,444,0.034866,3,3.44473e-05,39582,92,923,114,5027,5499,430,3351,7144
2723,,TRACKING,14,7705603,6528,2130,2130,1822,0.0280603,3,0.000123447,39639,96,921,230,13829,15522,1590,3520,22049
2729,,TRACKING,8,6235597,6528,801,801,505,0.034743,3,1.1219e-07,39643,60,892,99,5279,5792,456,3520,7400
2736,,TRACKING,7,6235597,6528,1820,1820,1304,0.034561,3,3.55976e-05,39702,46,901,175,12993,14265,1453,3520,16971
2743,,TRACKING,8,6190637,6528,2093,2093,1789,0.028642,3,0.000141829,39762,55,897,235,13284,14934,1350,3520,17640
2750,,TRACKING,8,6128358,6528,805,805,529,0.0340756,3,4.5122e-05,39773,54,905,101,5936,6495,552,3520,8207
2757,,TRACKING,8,6115641,6528,1725,1725,1280,0.0339272,3,0.000270341,39815,55,908,200,12211,13433,1235,3520,15950
2764,LiDAR scans overlap a previously propagated interval,TRACKING,8,6115641,6528,1725,1725,1280,0.0339272,3,0.000270341,39815,55,908,200,12211,13433,1235,3520,15950
2770,,TRACKING,13,6128121,6528,876,876,558,0.0351207,2,0.00036374,39828,89,901,106,4033,4413,616,3520,6215
2777,LiDAR scans overlap a previously propagated interval,TRACKING,13,6128121,6528,876,876,558,0.0351207,2,0.00036374,39828,89,901,106,4033,4413,616,3520,6215
2784,,TRACKING,14,7003368,6528,2051,2051,1832,0.0279371,3,0.000152922,39873,98,921,261,13640,15376,1333,3520,18144
2791,,TRACKING,8,6206249,6528,1009,1009,673,0.0371351,3,1.5849e-06,39891,57,940,138,7450,8162,831,3520,10249
2797,LiDAR scans overlap a previously propagated interval,TRACKING,8,6206249,6528,1009,1009,673,0.0371351,3,1.5849e-06,39891,57,940,138,7450,8162,831,3520,10249
2804,,TRACKING,13,6102832,6528,2006,2006,1771,0.0271422,3,6.51112e-05,39940,93,941,254,13329,15018,1427,3520,17892
2811,,TRACKING,8,6134833,6528,1155,1155,763,0.0371255,3,0.00012777,39959,57,940,149,8819,9606,903,3694,15471
2818,,TRACKING,8,6092616,6528,1553,1553,1098,0.0354557,3,6.53436e-05,39988,60,941,155,10925,12003,1072,3694,14351
2824,LiDAR scans overlap a previously propagated interval,TRACKING,8,6092616,6528,1553,1553,1098,0.0354557,3,6.53436e-05,39988,60,941,155,10925,12003,1072,3694,14351
2831,,TRACKING,13,6116338,6528,1185,1185,772,0.0361816,3,6.55015e-05,39997,91,941,128,8806,9592,780,3694,11633
2838,LiDAR scans overlap a previously propagated interval,TRACKING,13,6116338,6528,1185,1185,772,0.0361816,3,6.55015e-05,39997,91,941,128,8806,9592,780,3694,11633
2845,,TRACKING,14,7515461,6528,1919,1919,1724,0.0261669,3,0.000185324,40043,98,941,234,12473,14096,1138,3694,16651
2852,,TRACKING,8,6241167,6528,1378,1378,932,0.0361477,3,9.53955e-05,40077,55,938,153,10367,11279,919,3694,13476
2859,,TRACKING,8,6045635,6528,1336,1336,913,0.0346659,3,5.89359e-05,40105,57,918,152,9241,10087,876,3694,12196
2865,,TRACKING,7,6104366,6528,1927,1927,1720,0.0252991,3,0.000196068,40152,47,916,214,12557,14159,1172,3694,16658
2872,,TRACKING,8,6033327,6528,1457,1457,1015,0.0367596,2,8.64666e-05,40194,59,917,172,7149,7773,1056,3694,10109
2879,,TRACKING,8,6094634,6528,1221,1221,808,0.0350541,3,0.000125195,40217,55,916,135,8646,9429,864,3694,11506
2885,LiDAR scans overlap a previously propagated interval,TRACKING,8,6094634,6528,1221,1221,808,0.0350541,3,0.000125195,40217,55,916,135,8646,9429,864,3694,11506
2893,,TRACKING,14,6924868,6528,1575,1575,1131,0.0352972,3,0.000133282,40250,97,919,179,11146,12256,1217,3694,14783
2899,LiDAR scans overlap a previously propagated interval,TRACKING,14,6924868,6528,1575,1575,1131,0.0352972,3,0.000133282,40250,97,919,179,11146,12256,1217,3694,14783
2906,,TRACKING,13,6094353,6528,2024,2024,1823,0.0271501,3,7.66676e-05,40295,89,922,223,13319,15050,1254,3432,21131
2913,,TRACKING,8,6225130,6528,1699,1699,1177,0.0352201,3,4.91913e-05,40327,56,894,168,11878,12999,1387,3432,15669
2920,,TRACKING,8,6067490,6528,1026,1026,639,0.035251,3,0.000166022,40339,56,901,135,7061,7670,637,3432,9492
2926,LiDAR scans overlap a previously propagated interval,TRACKING,8,6067490,6528,1026,1026,639,0.035251,3,0.000166022,40339,56,901,135,7061,7670,637,3432,9492
2933,,TRACKING,13,6196073,6528,1692,1692,1263,0.03637,3,8.90137e-05,40377,86,897,173,12585,13904,1820,3432,17038
2940,,TRACKING,8,7557369,6528,883,883,589,0.0356187,3,3.60925e-05,40389,58,894,140,6184,6773,631,3432,8601
2947,LiDAR scans overlap a previously propagated interval,TRACKING,8,7557369,6528,883,883,589,0.0356187,3,3.60925e-05,40389,58,894,140,6184,6773,631,3432,8601
2954,,TRACKING,14,6373618,6528,1723,1723,1295,0.0331171,3,0.000460852,40436,96,904,176,11994,13245,1632,3432,16195
2960,LiDAR scans overlap a previously propagated interval,TRACKING,14,6373618,6528,1723,1723,1295,0.0331171,3,0.000460852,40436,96,904,176,11994,13245,1632,3432,16195
2967,,TRACKING,13,6281516,6528,2111,2111,1786,0.0298804,3,5.09046e-05,40493,89,903,260,13417,15055,1452,3432,17931
2974,,TRACKING,8,6087632,6528,1872,1872,1410,0.0363678,3,0.000630063,40554,56,897,188,13504,14860,1410,3432,17573
2981,,TRACKING,8,6040446,6528,705,705,413,0.0381155,3,7.69964e-05,40567,55,896,96,4671,5083,428,3432,6638
2988,,TRACKING,7,6063655,6528,2024,2024,1758,0.0279414,3,0.000153082,40618,45,889,212,13055,14731,1850,3432,18076
2994,,TRACKING,8,6344442,6528,2014,2014,1574,0.034092,3,3.18281e-05,40669,54,875,234,14017,15547,1700,3829,22473
3001,,TRACKING,8,6088239,6528,739,739,454,0.036012,3,3.11622e-05,40672,58,875,127,4951,5422,443,3829,7051
3008,LiDAR scans overlap a previously propagated interval,TRACKING,8,6088239,6528,739,739,454,0.036012,3,3.11622e-05,40672,58,875,127,4951,5422,443,3829,7051
3015,,TRACKING,14,6249235,6528,2001,2001,1572,0.0326354,3,4.10559e-05,40708,96,895,210,13625,15103,1814,3829,18265
3021,LiDAR scans overlap a previously propagated interval,TRACKING,14,6249235,6528,2001,2001,1572,0.0326354,3,4.10559e-05,40708,96,895,210,13625,15103,1814,3829,18265
3028,,TRACKING,13,6613809,6528,2143,2143,1792,0.0301547,3,0.000171359,40752,89,900,279,14292,15932,1460,3829,18856
3035,,TRACKING,8,6613809,6528,2172,2172,1671,0.0311427,3,4.71595e-05,40802,56,895,226,15426,17017,1489,3829,19853
3042,,TRACKING,8,6084549,6528,649,649,387,0.0355973,3,4.50757e-05,40808,54,877,96,4315,4710,389,3829,6210
3049,,TRACKING,8,6414216,6528,2101,2101,1789,0.0285332,3,1.63151e-05,40844,53,898,215,14613,16416,1612,3829,19343
3055,,TRACKING,7,6079786,6528,2107,2107,1710,0.0306413,3,8.88699e-05,40885,48,894,236,14335,15968,2028,3829,19381
3062,,TRACKING,8,6255802,6528,614,614,385,0.0340002,3,4.68661e-05,40890,61,910,109,4163,4568,326,3829,6067
3069,LiDAR scans overlap a previously propagated interval,TRACKING,8,6255802,6528,614,614,385,0.0340002,3,4.68661e-05,40890,61,910,109,4163,4568,326,3829,6067
3076,,TRACKING,14,6187135,6528,2077,2077,1691,0.0293414,3,0.000119537,40916,92,899,242,14082,15689,1614,3829,18681
3082,LiDAR scans overlap a previously propagated interval,TRACKING,14,6187135,6528,2077,2077,1691,0.0293414,3,0.000119537,40916,92,899,242,14082,15689,1614,3829,18681
3089,,TRACKING,13,6054959,6528,2199,2199,1797,0.0304674,3,0.000242552,40951,92,905,248,14865,16658,1479,3531,23103
3096,,TRACKING,8,6387736,6528,2104,2104,1716,0.0308406,3,9.01246e-05,40999,59,920,296,14734,16345,1520,3531,19359
3103,,TRACKING,8,6607211,6528,678,678,404,0.0366692,3,0.000109795,41006,56,897,98,4625,5054,378,3531,6570
3110,,TRACKING,8,6142443,6528,2151,2151,1745,0.0296381,3,2.07802e-05,41043,54,917,227,14978,16619,1444,3531,19397
3116,,TRACKING,7,6344008,6528,2084,2084,1719,0.0302044,2,0.000113856,41085,49,902,219,9518,10628,1795,3531,13818
3123,,TRACKING,8,6222896,6528,590,590,349,0.033135,3,1.1592e-05,41087,57,899,107,4026,4406,311,3531,5853
3130,LiDAR scans overlap a previously propagated interval,TRACKING,8,6222896,6528,590,590,349,0.033135,3,1.1592e-05,41087,57,899,107,4026,4406,311,3531,5853
3137,,TRACKING,14,6222896,6528,2186,2186,1822,0.0294542,2,0.000166997,41122,93,914,231,9892,10992,1561,3531,13940
3143,LiDAR scans overlap a previously propagated interval,TRACKING,14,6222896,6528,2186,2186,1822,0.0294542,2,0.000166997,41122,93,914,231,9892,10992,1561,3531,13940
3150,,TRACKING,13,6313850,6528,2087,2087,1640,0.0311046,3,9.07086e-05,41149,89,903,261,14491,16026,1443,3531,18899
3157,,TRACKING,8,6454244,6528,2129,2129,1770,0.0293525,3,5.53005e-05,41196,57,894,236,14761,16458,1460,3531,19285
3164,LiDAR scans overlap a previously propagated interval,TRACKING,8,6454244,6528,2129,2129,1770,0.0293525,3,5.53005e-05,41196,57,894,236,14761,16458,1460,3531,19285
3171,,TRACKING,14,6371595,6528,1951,1951,1550,0.0312744,3,0.00011245,41236,96,903,210,13472,14973,1713,3531,18076
3178,,TRACKING,7,6222825,6528,2219,2219,1881,0.0290522,3,4.58649e-05,41293,49,910,299,15122,16877,1469,3629,23422
3184,,TRACKING,8,6189255,6528,668,668,388,0.0325434,3,2.27459e-05,41302,62,912,105,4703,5135,395,3629,6735
3191,LiDAR scans overlap a previously propagated interval,TRACKING,8,6189255,6528,668,668,388,0.0325434,3,2.27459e-05,41302,62,912,105,4703,5135,395,3629,6735
3198,,TRACKING,14,6189255,6528,2216,2216,1860,0.029627,3,0.000129252,41357,96,919,256,14857,16576,1424,3629,19418
3205,LiDAR scans overlap a previously propagated interval,TRACKING,14,6189255,6528,2216,2216,1860,0.029627,3,0.000129252,41357,96,919,256,14857,16576,1424,3629,19418
3212,,TRACKING,13,6186850,6528,1754,1754,1335,0.0297122,3,0.000154371,41385,89,906,186,13174,14455,1261,3629,17061
3218,,TRACKING,8,6001500,6528,2198,2198,1898,0.0270008,3,8.70703e-05,41425,55,899,255,15026,16843,1648,3629,19898
3225,,TRACKING,8,6021318,6528,852,852,537,0.0362363,3,2.99246e-07,41433,55,891,124,5933,6483,520,3629,8178
3232,,TRACKING,8,6373167,6528,1748,1748,1337,0.0325232,3,0.000174584,41455,57,903,186,12099,13373,1575,3629,16231
3238,,TRACKING,8,6101626,6528,2036,2036,1775,0.0265544,3,9.73585e-05,41494,56,903,261,12889,14488,1270,3629,17144
3246,,TRACKING,8,6101626,6528,945,945,585,0.0353206,2,0.000233779,41502,54,892,112,4438,4823,578,3629,6561
3252,LiDAR scans overlap a previously propagated interval,TRACKING,8,6101626,6528,945,945,585,0.0353206,2,0.000233779,41502,54,892,112,4438,4823,578,3629,6561
3259,,TRACKING,13,6256868,6528,2069,2069,1799,0.0280317,3,0.000257653,41567,86,917,225,13808,15460,1364,3629,18197
3266,LiDAR scans overlap a previously propagated interval,TRACKING,13,6256868,6528,2069,2069,1799,0.0280317,3,0.000257653,41567,86,917,225,13808,15460,1364,3629,18197
3273,,TRACKING,13,6154605,6528,1581,1581,1106,0.0362967,3,0.00015218,41593,89,901,179,11647,12738,1278,3847,19178
3279,,TRACKING,8,6166832,6528,1980,1980,1787,0.0249038,3,0.000155215,41623,58,893,224,12029,13688,1506,3847,16546
3286,,TRACKING,8,6129647,6528,1178,1178,784,0.0354107,3,2.58535e-05,41654,58,909,184,8558,9316,821,3847,11433
3293,,TRACKING,8,6154547,6528,1502,1502,1070,0.0357374,3,0.000477029,41689,55,915,162,11023,12030,1267,3847,14543
3299,,TRACKING,8,6154547,6528,1952,1952,1739,0.0253768,3,0.000101074,41722,60,920,275,12660,14315,1198,3847,16947
3306,,TRACKING,7,6247296,6528,1244,1244,850,0.0358264,3,5.36231e-05,41746,50,922,168,8945,9755,1055,3847,12080
3313,LiDAR scans overlap a previously propagated interval,TRACKING,7,6247296,6528,1244,1244,850,0.0358264,3,5.36231e-05,41746,50,922,168,8945,9755,1055,3847,12080
3320,,TRACKING,14,6247296,6528,1952,1952,1708,0.0243155,3,9.8952e-05,41778,96,899,263,12537,14154,1131,3847,16693
3327,LiDAR scans overlap a previously propagated interval,TRACKING,14,6247296,6528,1952,1952,1708,0.0243155,3,9.8952e-05,41778,96,899,263,12537,14154,1131,3847,16693
3334,,TRACKING,14,7007636,6528,1277,1277,853,0.0360767,3,0.000148795,41803,97,920,151,9565,10413,1002,3847,12709
3340,,TRACKING,7,6086576,6528,1978,1978,1790,0.0254726,3,0.000165995,41844,49,898,253,12296,13914,1169,3847,16428
3347,,TRACKING,8,6086178,6528,1397,1397,978,0.0347563,3,0.000388765,41866,55,918,150,10585,11547,983,3847,13784
3354,LiDAR scans overlap a previously propagated interval,TRACKING,8,6086178,6528,1397,1397,978,0.0347563,3,0.000388765,41866,55,918,150,10585,11547,983,3847,13784
3361,,TRACKING,14,6229421,6528,1991,1991,1772,0.0258121,3,9.52089e-05,41913,98,924,240,12487,14140,1275,3646,20474
3368,,TRACKING,8,6000000,6528,1509,1509,1084,0.0383058,3,0.000117914,41950,59,920,225,11392,12450,1142,3646,14972
3374,LiDAR scans overlap a previously propagated interval,TRACKING,8,6000000,6528,1509,1509,1084,0.0383058,3,0.000117914,41950,59,920,225,11392,12450,1142,3646,14972
3381,,TRACKING,14,6000000,6528,1976,1976,1746,0.0248896,3,2.17462e-05,41995,95,899,232,13334,15033,1326,3646,17775
3388,LiDAR scans overlap a previously propagated interval,TRACKING,14,6000000,6528,1976,1976,1746,0.0248896,3,2.17462e-05,41995,95,899,232,13334,15033,1326,3646,17775
3395,,TRACKING,13,6000000,6528,1058,1058,709,0.0375612,3,0.000145782,42012,94,918,161,7604,8300,697,3646,10278
3401,,TRACKING,8,6000000,6528,2026,2026,1759,0.028595,2,0.000516805,42072,54,919,228,9190,10362,1695,3646,13459
3408,LiDAR scans overlap a previously propagated interval,TRACKING,8,6000000,6528,2026,2026,1759,0.028595,2,0.000516805,42072,54,919,228,9190,10362,1695,3646,13459
3415,,TRACKING,13,6000000,6528,962,962,625,0.0347991,3,0.000114534,42083,94,941,161,7487,8162,673,3646,10130
3422,,TRACKING,8,6000000,6528,1976,1976,1716,0.0254243,3,0.000135389,42115,60,988,256,14610,16380,1657,3646,19521
3429,,TRACKING,8,6000000,6528,1848,1848,1320,0.0359919,3,0.000137695,42172,62,993,263,15012,16481,1619,3646,19598
3436,LiDAR scans overlap a previously propagated interval,TRACKING,8,6000000,6528,1848,1848,1320,0.0359919,3,0.000137695,42172,62,993,263,15012,16481,1619,3646,19598
3442,,TRACKING,14,6000000,6528,2084,2084,1801,0.0262724,3,0.000100694,42208,108,1020,310,15659,17587,1752,3646,21002
3449,LiDAR scans overlap a previously propagated interval,TRACKING,14,6000000,6528,2084,2084,1801,0.0262724,3,0.000100694,42208,108,1020,310,15659,17587,1752,3646,21002
3456,,TRACKING,13,6000000,6528,762,762,479,0.0365132,3,7.25702e-05,42218,101,1024,128,6177,6753,553,3646,8657
3462,,TRACKING,8,6000000,6528,2090,2090,1782,0.0278301,3,0.000352143,42259,64,1045,292,16248,18171,1848,4806,26405
3469,,TRACKING,8,6000000,6528,1964,1964,1474,0.0320127,3,4.42106e-05,42287,66,1017,289,15912,17576,1641,4806,20817
3476,,TRACKING,7,6000000,6528,701,701,381,0.037269,3,1.9803e-07,42295,56,1044,123,5656,6142,453,4806,7921
3483,,TRACKING,8,6000000,6528,2216,2216,1836,0.0296732,3,0.000194029,42344,63,1050,290,17867,19945,2269,4806,23826
3490,,TRACKING,8,6000000,6528,1947,1947,1483,0.0325395,3,0.000156273,42378,63,1011,284,15484,17060,1625,4806,20250
3497,LiDAR scans overlap a previously propagated interval,TRACKING,8,6000000,6528,1947,1947,1483,0.0325395,3,0.000156273,42378,63,1011,284,15484,17060,1625,4806,20250
3503,,TRACKING,14,6000000,6528,2198,2198,1824,0.0279433,3,0.000115411,42419,110,1048,279,17528,19477,1804,4806,22923
3510,LiDAR scans overlap a previously propagated interval,TRACKING,14,6000000,6528,2198,2198,1824,0.0279433,3,0.000115411,42419,110,1048,279,17528,19477,1804,4806,22923
3517,,TRACKING,13,6000000,6528,595,595,377,0.035032,3,1.35607e-07,42425,101,1050,116,4672,5139,377,4806,6879
3523,,TRACKING,8,6000000,6528,2255,2255,1845,0.0293422,3,0.000204477,42465,64,1043,322,17553,19449,1696,4806,22742
3530,LiDAR scans overlap a previously propagated interval,TRACKING,8,6000000,6528,2255,2255,1845,0.0293422,3,0.000204477,42465,64,1043,322,17553,19449,1696,4806,22742
3537,,TRACKING,14,6000000,6528,501,501,267,0.0357738,3,6.11717e-05,42470,104,995,92,3739,4086,331,4806,5698
3544,,TRACKING,7,6000000,6528,2241,2241,1824,0.0279855,3,0.000302828,42506,52,963,305,16039,17783,1565,4806,20812
3551,,TRACKING,8,6000000,6528,2189,2189,1760,0.0295802,3,0.000253143,42543,56,917,237,15563,17224,1517,3710,23852
3558,LiDAR scans overlap a previously propagated interval,TRACKING,8,6000000,6528,2189,2189,1760,0.0295802,3,0.000253143,42543,56,917,237,15563,17224,1517,3710,23852
3564,,TRACKING,14,6000000,6528,2101,2101,1734,0.03012,3,0.000232808,42574,99,930,237,15399,17159,1701,3710,20334
3571,LiDAR scans overlap a previously propagated interval,TRACKING,14,6000000,6528,2101,2101,1734,0.03012,3,0.000232808,42574,99,930,237,15399,17159,1701,3710,20334
3578,,TRACKING,13,6000000,6528,558,558,339,0.0341873,3,3.79133e-05,42581,88,903,96,3812,4181,297,3710,5646
3585,,TRACKING,8,6000000,6528,2070,2070,1620,0.0306096,3,9.72279e-05,42625,54,915,238,15391,16976,1524,3710,19845
3591,,TRACKING,8,6000000,6528,2273,2273,1806,0.030515,3,6.05685e-05,42666,56,909,244,15162,16870,2262,3710,20559
3598,,TRACKING,8,6000000,6528,636,636,388,0.0335968,3,2.2844e-07,42671,59,900,117,4366,4778,338,3710,6295
3605,,TRACKING,7,6000000,6528,1903,1903,1534,0.0308508,3,0.000113501,42713,49,891,221,13392,14845,1725,3710,17871
3612,,TRACKING,8,6000000,6528,2286,2286,1881,0.0283913,3,0.000315342,42761,59,918,295,15687,17416,1531,3710,20406
3619,LiDAR scans overlap a previously propagated interval,TRACKING,8,6000000,6528,2286,2286,1881,0.0283913,3,0.000315342,42761,59,918,295,15687,17416,1531,3710,20406
3626,,TRACKING,14,6000000,6528,1915,1915,1499,0.0297174,3,0.000168348,42800,96,918,211,14073,15596,1327,3710,18326
3632,LiDAR scans overlap a previously propagated interval,TRACKING,14,6000000,6528,1915,1915,1499,0.0297174,3,0.000168348,42800,96,918,211,14073,15596,1327,3710,18326
3639,,TRACKING,13,6000000,6528,685,685,385,0.0372804,3,3.36714e-05,42810,89,902,97,4734,5131,430,3710,6729
3646,,TRACKING,8,6000000,6528,1866,1866,1431,0.0336108,2,0.000442613,42847,53,912,195,9392,10340,1550,3833,17016
3653,,TRACKING,8,6000000,6528,2173,2173,1815,0.0281343,3,0.000314398,42877,61,911,222,14237,15964,1988,3833,19351
3659,,TRACKING,8,6000000,6528,745,745,445,0.037053,2,0.000156177,42885,64,899,124,3612,3949,422,3833,5565
3666,,TRACKING,7,6000000,6528,1875,1875,1425,0.0321727,3,0.000185282,42917,46,894,199,12932,14262,1312,3833,16835
3673,,TRACKING,8,6000000,6528,2092,2092,1781,0.0268271,3,0.00012247,42953,56,915,310,14244,15924,1430,3833,18832
3680,LiDAR scans overlap a previously propagated interval,TRACKING,8,6000000,6528,2092,2092,1781,0.0268271,3,0.00012247,42953,56,915,310,14244,15924,1430,3833,18832
3687,,TRACKING,14,6000000,6528,1841,1841,1361,0.034147,3,6.19201e-05,42990,98,916,209,13662,15036,1441,3833,17857
3693,LiDAR scans overlap a previously propagated interval,TRACKING,14,6000000,6528,1841,1841,1361,0.034147,3,6.19201e-05,42990,98,916,209,13662,15036,1441,3833,17857
3700,,TRACKING,13,6000000,6528,840,840,531,0.0372259,2,4.98334e-05,43003,90,921,112,3989,4344,585,3833,6139
3707,,TRACKING,8,6000000,6528,1709,1709,1185,0.0356127,3,0.000215631,43043,53,912,174,12537,13687,1502,3833,16456
3714,,TRACKING,8,6000000,6528,2073,2073,1801,0.0277949,3,9.2476e-05,43084,57,925,272,13692,15401,1409,3833,18240
3720,,TRACKING,8,6000000,6528,951,951,636,0.0361943,2,0.00010301,43101,56,916,138,4890,5361,706,3833,7281
3727,,TRACKING,7,6000000,6528,1645,1645,1180,0.0344538,2,0.000240452,43139,49,914,200,8189,8956,1249,3897,15391
3734,,TRACKING,8,6000000,6528,2022,2022,1788,0.0249427,3,2.81693e-05,43171,58,923,230,13826,15625,1376,3897,18379
3741,LiDAR scans overlap a previously propagated interval,TRACKING,8,6000000,6528,2022,2022,1788,0.0249427,3,2.81693e-05,43171,58,923,230,13826,15625,1376,3897,18379
3748,,TRACKING,14,6000000,6528,1583,1583,1123,0.0360491,3,0.000386913,43211,99,945,199,12493,13655,1570,3897,16638
3754,LiDAR scans overlap a previously propagated interval,TRACKING,14,6000000,6528,1583,1583,1123,0.0360491,3,0.000386913,43211,99,945,199,12493,13655,1570,3897,16638
3761,,TRACKING,13,6000000,6528,1085,1085,671,0.0354475,3,0.000157624,43230,94,957,171,8290,8986,759,3897,11075
3768,,TRACKING,8,6000000,6528,1407,1407,965,0.0371325,3,4.22204e-05,43262,58,947,173,10628,11582,1399,3897,14271
3775,LiDAR scans overlap a previously propagated interval,TRACKING,8,6000000,6528,1407,1407,965,0.0371325,3,4.22204e-05,43262,58,947,173,10628,11582,1399,3897,14271
3782,,TRACKING,14,6000000,6528,1227,1227,831,0.0362158,3,6.35817e-05,43280,100,940,157,9129,9953,908,3897,12163
3788,,TRACKING,8,6000000,6528,1366,1366,939,0.0340385,3,2.71703e-05,43308,56,964,151,9888,10800,1110,3897,13192
3795,,TRACKING,7,6000000,6528,1948,1948,1717,0.0256571,3,0.000135938,43343,50,940,248,12750,14351,1207,3897,16947
3802,LiDAR scans overlap a previously propagated interval,TRACKING,7,6000000,6528,1948,1948,1717,0.0256571,3,0.000135938,43343,50,940,248,12750,14351,1207,3897,16947
3809,,TRACKING,14,6000000,6528,1346,1346,930,0.035186,3,1.91874e-05,43367,96,941,169,10058,10952,981,3897,13264
3815,LiDAR scans overlap a previously propagated interval,TRACKING,14,6000000,6528,1346,1346,930,0.035186,3,1.91874e-05,43367,96,941,169,10058,10952,981,3897,13264
3822,,TRACKING,14,6000000,6528,1483,1483,1024,0.0347386,3,0.000287425,43397,99,921,173,10720,11662,1053,3897,14023
3829,,TRACKING,7,6000000,6528,1164,1164,732,0.0336517,3,1.52886e-05,43406,48,894,130,8262,8979,832,4073,15055
3836,,TRACKING,8,6000000,6528,2035,2035,1808,0.0255568,3,5.11085e-05,43433,56,903,216,12406,14018,1168,4073,16507
3843,LiDAR scans overlap a previously propagated interval,TRACKING,8,6000000,6528,2035,2035,1808,0.0255568,3,5.11085e-05,43433,56,903,216,12406,14018,1168,4073,16507
3849,,TRACKING,14,6000000,6528,1086,1086,692,0.0341007,3,5.42174e-05,43446,96,898,145,8253,8975,792,4073,11029
3856,,TRACKING,8,6000000,6528,1988,1988,1764,0.0264957,3,5.59189e-05,43483,56,902,258,13144,14785,1291,4073,17431
3863,LiDAR scans overlap a previously propagated interval,TRACKING,8,6000000,6528,1988,1988,1764,0.0264957,3,5.59189e-05,43483,56,902,258,13144,14785,1291,4073,17431
3870,,TRACKING,13,6000000,6528,1031,1031,650,0.0358435,3,0.000171465,43495,91,900,155,7801,8479,665,4073,10407
3876,LiDAR scans overlap a previously propagated interval,TRACKING,13,6000000,6528,1031,1031,650,0.0358435,3,0.000171465,43495,91,900,155,7801,8479,665,4073,10407
3883,,TRACKING,14,6000000,6528,1734,1734,1214,0.0361356,3,0.000262362,43533,99,920,201,12434,13560,1280,4073,16180
3890,,TRACKING,7,6000000,6528,874,874,532,0.035709,3,5.90338e-06,43545,50,916,144,6463,7015,605,4073,8829
3897,LiDAR scans overlap a previously propagated interval,TRACKING,7,6000000,6528,874,874,532,0.035709,3,5.90338e-06,43545,50,916,144,6463,7015,605,4073,8829
3904,,TRACKING,14,6000000,6528,1781,1781,1344,0.0323844,3,0.000121356,43585,100,918,216,12791,14029,1266,4073,16652
3910,,TRACKING,8,6000000,6528,801,801,505,0.0343286,3,0.000168099,43590,62,923,121,5935,6470,494,4073,8162
3917,,TRACKING,8,6000000,6528,2242,2242,1905,0.0290538,3,0.000122468,43639,56,923,279,14809,16552,1472,4073,19444
3924,LiDAR scans overlap a previously propagated interval,TRACKING,8,6000000,6528,2242,2242,1905,0.0290538,3,0.000122468,43639,56,923,279,14809,16552,1472,4073,19444
3931,,TRACKING,13,6000000,6528,645,645,374,0.0338044,3,0.000138571,43645,89,900,98,4657,5079,391,4303,10952
3937,LiDAR scans overlap a previously propagated interval,TRACKING,13,6000000,6528,645,645,374,0.0338044,3,0.000138571,43645,89,900,98,4657,5079,391,4303,10952
3944,,TRACKING,14,6000000,6528,1932,1932,1456,0.0328853,3,0.00041931,43680,97,898,190,13171,14535,1740,4303,17588
3951,,TRACKING,7,6000000,6528,569,569,321,0.0352779,2,0.000181976,43684,53,918,102,2670,2920,328,4303,4415
3958,,TRACKING,8,6000000,6528,2209,2209,1842,0.0275141,3,0.000106005,43713,55,904,257,14505,16183,1459,4303,18997
3965,,TRACKING,8,6000000,6528,2079,2079,1606,0.0308141,3,0.00023879,43752,55,897,220,14719,16227,1432,4303,19008
3972,,TRACKING,8,6000000,6528,574,574,336,0.0340969,2,1.25954e-05,43758,55,894,92,2645,2886,360,4303,4367
3978,,TRACKING,8,6000000,6528,2082,2082,1677,0.0298527,3,0.000275309,43792,53,894,209,14863,16500,1697,4303,19508
3985,LiDAR scans overlap a previously propagated interval,TRACKING,8,6000000,6528,2082,2082,1677,0.0298527,3,0.000275309,43792,53,894,209,14863,16500,1697,4303,19508
3992,,TRACKING,13,6000000,6528,644,644,354,0.0335486,3,2.93752e-05,43798,91,922,116,4675,5070,377,4303,6667
3999,LiDAR scans overlap a previously propagated interval,TRACKING,13,6000000,6528,644,644,354,0.0335486,3,2.93752e-05,43798,91,922,116,4675,5070,377,4303,6667
4005,,TRACKING,14,6000000,6528,2242,2242,1766,0.0286301,3,0.000463984,43842,96,897,276,16908,18644,1761,4303,21832
4012,,TRACKING,8,6000000,6528,602,602,358,0.0358201,2,4.64001e-05,43854,56,894,95,2821,3087,351,4303,4562
4019,LiDAR scans overlap a previously propagated interval,TRACKING,8,6000000,6528,602,602,358,0.0358201,2,4.64001e-05,43854,56,894,95,2821,3087,351,4303,4562
4026,,TRACKING,13,6000000,6528,2171,2171,1696,0.0299273,3,6.96728e-05,43887,89,896,264,16174,17803,1571,3798,24565
4033,,TRACKING,8,6000000,6528,641,641,359,0.0325015,3,9.5277e-06,43890,56,895,89,4222,4611,351,3798,6089
4039,,TRACKING,8,6000000,6528,2066,2066,1651,0.0291603,3,0.000199304,43920,58,909,205,14808,16371,1390,3798,19073
4046,LiDAR scans overlap a previously propagated interval,TRACKING,8,6000000,6528,2066,2066,1651,0.0291603,3,0.000199304,43920,58,909,205,14808,16371,1390,3798,19073
4053,,TRACKING,13,6000000,6528,656,656,353,0.0323539,2,0.000166656,43924,92,923,99,3093,3357,362,3798,4912
4060,LiDAR scans overlap a previously propagated interval,TRACKING,13,6000000,6528,656,656,353,0.0323539,2,0.000166656,43924,92,923,99,3093,3357,362,3798,4912
4067,,TRACKING,14,6000000,6528,2134,2134,1749,0.0279608,3,0.000567146,43966,95,926,220,15134,16781,1504,3798,19668
4074,,TRACKING,8,6000000,6528,650,650,362,0.034401,2,0.000258652,43966,56,895,98,3050,3315,379,3798,4831
4080,,TRACKING,8,7000000,6528,2101,2101,1654,0.0313064,3,0.000472242,43996,53,920,216,14938,16502,1499,3798,19328
4087,,TRACKING,7,7000000,6528,2126,2126,1749,0.0280887,3,4.5215e-05,44038,50,903,238,14023,15601,1567,3798,18533
4094,,TRACKING,8,6000000,6528,739,739,429,0.034762,3,5.90327e-05,44045,58,916,106,5291,5761,503,3798,7441
4101,,TRACKING,8,6000000,6528,2062,2062,1570,0.0297904,2,0.000264091,44078,56,915,252,10003,11004,1678,3798,14040
4107,LiDAR scans overlap a previously propagated interval,TRACKING,8,6000000,6528,2062,2062,1570,0.0297904,2,0.000264091,44078,56,915,252,10003,11004,1678,3798,14040
4114,,TRACKING,13,6000000,6528,642,642,377,0.0342544,2,7.75752e-05,44083,90,919,91,2991,3280,401,4374,9232
4121,LiDAR scans overlap a previously propagated interval,TRACKING,13,6000000,6528,642,642,377,0.0342544,2,7.75752e-05,44083,90,919,91,2991,3280,401,4374,9232
4128,,TRACKING,14,6000000,6528,2190,2190,1841,0.027058,3,8.31288e-05,44124,97,896,227,14569,16261,1632,4374,19283
4135,,TRACKING,8,6000000,6528,713,713,427,0.0318693,2,0.000324293,44133,60,913,122,3534,3863,532,4374,5609
4141,LiDAR scans overlap a previously propagated interval,TRACKING,8,6000000,6528,713,713,427,0.0318693,2,0.000324293,44133,60,913,122,3534,3863,532,4374,5609
4148,,TRACKING,13,6000000,6528,2199,2199,1854,0.0277186,3,0.000318757,44170,90,923,278,14983,16726,1403,4374,19574
4155,,TRACKING,8,6000000,6528,739,739,438,0.0372299,3,5.10035e-05,44182,56,918,101,5301,5781,444,4374,7400
4162,,TRACKING,8,6000000,6528,1765,1765,1258,0.0321887,3,8.65366e-05,44210,55,894,213,12812,14026,1262,4374,16573
4168,LiDAR scans overlap a previously propagated interval,TRACKING,8,6000000,6528,1765,1765,1258,0.0321887,3,8.65366e-05,44210,55,894,213,12812,14026,1262,4374,16573
4175,,TRACKING,14,6000000,6528,830,830,516,0.0343695,3,3.70569e-05,44213,96,930,109,5769,6307,627,4374,8162
4182,LiDAR scans overlap a previously propagated interval,TRACKING,14,6000000,6528,830,830,516,0.0343695,3,3.70569e-05,44213,96,930,109,5769,6307,627,4374,8162
4189,,TRACKING,13,6000000,6528,2071,2071,1810,0.0259748,3,0.000263709,44253,89,909,285,13897,15597,1279,4374,18320
4195,,TRACKING,8,6000000,6528,971,971,590,0.0367847,3,1.14197e-05,44263,56,915,121,6974,7595,765,4374,9569
4202,,TRACKING,8,6000000,6528,1636,1636,1138,0.0355205,3,0.000352585,44294,56,916,207,11968,13070,1141,4374,15509
4209,,TRACKING,7,6000000,6528,2000,2000,1713,0.0262431,3,0.000165749,44323,47,906,218,13793,15469,1330,3894,22051
4216,,TRACKING,8,6000000,6528,1132,1132,722,0.0352228,3,4.19932e-05,44339,56,914,125,7790,8512,728,3894,10446
4223,,TRACKING,8,6000000,6528,1581,1581,1081,0.0339553,3,0.000145314,44362,54,904,156,11697,12743,1022,3894,14992
4230,LiDAR scans overlap a previously propagated interval,TRACKING,8,6000000,6528,1581,1581,1081,0.0339553,3,0.000145314,44362,54,904,156,11697,12743,1022,3894,14992
4236,,TRACKING,14,6000000,6528,1166,1166,789,0.0349321,3,0.00015201,44380,96,897,140,7947,8685,790,3894,10712
4243,LiDAR scans overlap a previously propagated interval,TRACKING,14,6000000,6528,1166,1166,789,0.0349321,3,0.00015201,44380,96,897,140,7947,8685,790,3894,10712
4250,,TRACKING,13,6000000,6528,1936,1936,1685,0.0252854,3,0.00026872,44408,86,895,215,12993,14560,1140,3894,17043
4257,,TRACKING,8,6000000,6528,1314,1314,852,0.036869,2,0.000476063,44430,55,905,161,6379,6915,919,3894,9083
4263,LiDAR scans overlap a previously propagated interval,TRACKING,8,6000000,6528,1314,1314,852,0.036869,2,0.000476063,44430,55,905,161,6379,6915,919,3894,9083
4270,,TRACKING,13,6000000,6528,1940,1940,1703,0.0260346,3,0.000137044,44455,87,896,216,12882,14492,1244,3894,17094
4277,,TRACKING,8,6000000,6528,1434,1434,989,0.036552,3,0.000269269,44489,54,893,180,11039,12039,1174,3894,14493
4284,,TRACKING,8,6000000,6528,1270,1270,800,0.0353504,3,0.000117736,44516,55,894,159,8799,9562,797,3894,11570
4291,LiDAR scans overlap a previously propagated interval,TRACKING,8,6000000,6528,1270,1270,800,0.0353504,3,0.000117736,44516,55,894,159,8799,9562,797,3894,11570
4298,,TRACKING,14,6000000,6528,1481,1481,994,0.0329354,3,0.000230516,44539,96,919,160,11107,12099,1150,3894,14542
4304,LiDAR scans overlap a previously propagated interval,TRACKING,14,6000000,6528,1481,1481,994,0.0329354,3,0.000230516,44539,96,919,160,11107,12099,1150,3894,14542
4311,,TRACKING,13,6000000,6528,1980,1980,1752,0.0253757,3,0.000198773,44586,90,922,239,12529,14157,1212,3806,20593
4318,,TRACKING,8,6000000,6528,1645,1645,1131,0.0345309,3,6.02322e-05,44620,59,910,233,12183,13277,1136,3806,15824
4324,,TRACKING,8,6000000,6528,1026,1026,615,0.0352305,3,0.000148487,44628,56,895,124,6958,7555,649,3806,9367
4331,,TRACKING,8,6000000,6528,2016,2016,1754,0.0249424,3,0.000114535,44661,57,899,221,13443,15080,1229,3806,17629
4338,,TRACKING,7,6000000,6528,1641,1641,1174,0.0359165,3,0.000221675,44686,47,875,190,11824,12967,1542,3806,15784
4345,,TRACKING,8,6000000,6528,956,956,606,0.0351257,3,4.46355e-05,44696,66,904,163,6699,7302,566,3806,9096
4352,LiDAR scans overlap a previously propagated interval,TRACKING,8,6000000,6528,956,956,606,0.0351257,3,4.46355e-05,44696,66,904,163,6699,7302,566,3806,9096
4359,,TRACKING,14,6000000,6528,1730,1730,1238,0.0349836,3,0.000191685,44725,92,899,177,12750,13945,1678,3806,16942
4365,LiDAR scans overlap a previously propagated interval,TRACKING,14,6000000,6528,1730,1730,1238,0.0349836,3,0.000191685,44725,92,899,177,12750,13945,1678,3806,16942
4372,,TRACKING,13,6000000,6528,2021,2021,1719,0.0269572,3,0.000116448,44754,91,899,250,13026,14614,1284,3806,17307
4379,,TRACKING,8,6000000,6528,1873,1873,1329,0.0322352,3,0.00010285,44783,54,898,190,13861,15155,1363,3806,17831
4386,,TRACKING,8,6000000,6528,765,765,454,0.0328443,3,6.67161e-06,44788,57,901,107,5241,5701,459,3806,7306
4392,,TRACKING,8,6000000,6528,1983,1983,1690,0.0276826,3,5.0817e-05,44823,54,896,232,13928,15524,1229,3917,22001
4399,,TRACKING,7,6000000,6528,1975,1975,1451,0.0332228,3,0.000128951,44855,49,895,193,14179,15630,1620,3917,18575
4406,,TRACKING,8,6000000,6528,756,756,458,0.0336074,3,3.90566e-08,44858,56,895,106,5141,5609,451,3917,7203
4413,LiDAR scans overlap a previously propagated interval,TRACKING,8,6000000,6528,756,756,458,0.0336074,3,3.90566e-08,44858,56,895,106,5141,5609,451,3917,7203
4420,,TRACKING,14,6000000,6528,1945,1945,1457,0.0308286,2,0.000427687,44885,95,916,220,9411,10375,1937,3917,13735
4426,LiDAR scans overlap a previously propagated interval,TRACKING,14,6000000,6528,1945,1945,1457,0.0308286,2,0.000427687,44885,95,916,220,9411,10375,1937,3917,13735
4433,,TRACKING,13,6000000,6528,2142,2142,1752,0.0274546,3,0.000364513,44908,96,897,271,14530,16164,1470,3917,19083
4440,,TRACKING,8,6000000,6528,2137,2137,1643,0.0321894,3,0.000343144,44942,56,916,218,15844,17408,1561,3917,20342
4447,,TRACKING,8,6000000,6528,650,650,378,0.0339206,3,9.43609e-05,44946,56,917,97,4511,4923,358,3917,6443
4454,,TRACKING,8,6000000,6528,2134,2134,1765,0.0270067,3,9.39419e-05,44965,56,914,223,15953,17666,1483,3917,20493
4460,,TRACKING,7,6000000,6528,2066,2066,1633,0.0288091,2,9.07671e-05,45007,48,901,278,10157,11255,1905,3917,14632
4467,,TRACKING,8,6000000,6528,628,628,346,0.0347433,3,4.33221e-05,45010,58,898,115,4347,4727,332,3917,6212
4474,LiDAR scans overlap a previously propagated interval,TRACKING,8,6000000,6528,628,628,346,0.0347433,3,4.33221e-05,45010,58,898,115,4347,4727,332,3917,6212
4481,,TRACKING,14,6000000,6528,2064,2064,1628,0.0273887,3,7.58547e-05,45038,92,895,226,14649,16219,1892,4202,23684
4487,LiDAR scans overlap a previously propagated interval,TRACKING,14,6000000,6528,2064,2064,1628,0.0273887,3,7.58547e-05,45038,92,895,226,14649,16219,1892,4202,23684
4494,,TRACKING,13,6000000,6528,2214,2214,1754,0.0279737,3,0.0001413,45065,91,903,226,14756,16360,1562,4202,19336
4501,,TRACKING,8,6000000,6528,2060,2060,1625,0.0295956,3,6.68723e-05,45101,59,906,269,14668,16163,1501,4202,19105
4508,LiDAR scans overlap a previously propagated interval,TRACKING,8,6000000,6528,2060,2060,1625,0.0295956,3,6.68723e-05,45101,59,906,269,14668,16163,1501,4202,19105
4514,,TRACKING,14,6000000,6528,2189,2189,1744,0.0281334,2,0.000583635,45137,95,906,233,10417,11558,1703,4202,14714
4521,,TRACKING,8,6000000,6528,2073,2073,1667,0.0283752,3,0.000246171,45164,55,906,240,13904,15440,1622,4202,18435
4528,,TRACKING,7,6000000,6528,509,509,272,0.0344749,3,5.3991e-09,45169,50,903,104,3572,3893,283,4202,5351
4535,LiDAR scans overlap a previously propagated interval,TRACKING,7,6000000,6528,509,509,272,0.0344749,3,5.3991e-09,45169,50,903,104,3572,3893,283,4202,5351
4542,,TRACKING,14,6000000,6528,2240,2240,1790,0.0279227,2,0.000235601,45197,95,898,290,10551,11656,1939,4202,15026
4548,LiDAR scans overlap a previously propagated interval,TRACKING,14,6000000,6528,2240,2240,1790,0.0279227,2,0.000235601,45197,95,898,290,10551,11656,1939,4202,15026
4555,,TRACKING,14,7000000,6528,2025,2025,1576,0.0293392,3,0.000130399,45214,95,911,209,14915,16456,1931,4202,19783
4562,,TRACKING,7,6000000,6528,2242,2242,1823,0.0276779,3,0.000161072,45241,47,877,332,15135,16857,1770,4202,20113
4569,,TRACKING,8,6000000,6528,600,600,345,0.029985,3,4.16018e-05,45242,54,879,100,4070,4457,328,4202,5915
4576,,TRACKING,8,6000000,6528,1873,1873,1441,0.0308134,3,7.46324e-05,45275,57,893,203,12949,14340,1762,4602,21983
4582,,TRACKING,8,6000000,6528,2255,2255,1879,0.0282724,2,0.00022219,45304,71,909,251,10539,11722,1577,4602,14768
4589,,TRACKING,8,6000000,6528,700,700,383,0.0338127,3,5.67847e-08,45307,57,902,101,4821,5243,425,4602,6828
4596,LiDAR scans overlap a previously propagated interval,TRACKING,8,6000000,6528,700,700,383,0.0338127,3,5.67847e-08,45307,57,902,101,4821,5243,425,4602,6828
4603,,TRACKING,13,6000000,6528,2228,2228,1825,0.0284431,3,0.000300986,45336,91,921,283,15269,17000,1426,4602,19886
4609,LiDAR scans overlap a previously propagated interval,TRACKING,13,6000000,6528,2228,2228,1825,0.0284431,3,0.000300986,45336,91,921,283,15269,17000,1426,4602,19886
4616,,TRACKING,14,6000000,6528,1825,1825,1361,0.0302278,3,0.00014547,45364,98,919,203,13827,15217,1602,4602,18225
4623,,TRACKING,7,6000000,6528,2144,2144,1813,0.0245294,3,0.000115803,45391,51,916,278,15267,17068,1627,4602,20192
4630,LiDAR scans overlap a previously propagated interval,TRACKING,7,6000000,6528,2144,2144,1813,0.0245294,3,0.000115803,45391,51,916,278,15267,17068,1627,4602,20192
4637,,TRACKING,14,6000000,6528,1794,1794,1300,0.0326168,3,0.000113629,45425,96,922,218,12806,14078,1186,4602,16664
4644,,TRACKING,8,6000000,6528,2055,2055,1764,0.0254539,3,0.000207623,45454,55,906,225,13798,15518,1246,4602,18147
4650,,TRACKING,8,6000000,6528,909,909,530,0.0333506,3,0.000145025,45462,56,921,135,6591,7142,565,4602,8926
4657,LiDAR scans overlap a previously propagated interval,TRACKING,8,6000000,6528,909,909,530,0.0333506,3,0.000145025,45462,56,921,135,6591,7142,565,4602,8926
4664,,TRACKING,13,6000000,6528,2065,2065,1777,0.027645,3,0.000225457,45500,91,928,299,14379,16050,1339,4602,18891
4670,LiDAR scans overlap a previously propagated interval,TRACKING,13,6000000,6528,2065,2065,1777,0.027645,3,0.000225457,45500,91,928,299,14379,16050,1339,4602,18891
4677,,TRACKING,14,6000000,6528,1629,1629,1123,0.0344089,3,0.00011334,45531,97,919,219,12245,13361,1127,3850,19755
4684,,TRACKING,7,6000000,6528,2017,2017,1762,0.0243894,3,7.90927e-05,45568,51,916,222,12936,14619,1387,3850,17403
4691,,TRACKING,8,6000000,6528,1188,1188,744,0.0340722,3,6.93581e-05,45580,56,916,159,8587,9340,816,3850,11407
4698,,TRACKING,8,6000000,6528,1507,1507,1043,0.0345258,3,0.00024939,45594,54,913,156,10641,11616,1086,3850,13936
4705,,TRACKING,8,6000000,6528,1984,1984,1751,0.0253029,3,0.000169039,45619,59,918,245,12722,14361,1313,3850,17076
4711,,TRACKING,8,6000000,6528,1205,1205,775,0.033353,3,0.000108815,45634,56,927,142,9128,9922,968,3850,12155
4718,LiDAR scans overlap a previously propagated interval,TRACKING,8,6000000,6528,1205,1205,775,0.033353,3,0.000108815,45634,56,927,142,9128,9922,968,3850,12155
4725,,TRACKING,13,6000000,6528,1995,1995,1719,0.0249956,3,0.000336716,45673,91,918,257,12862,14461,1143,3850,17033
4732,LiDAR scans overlap a previously propagated interval,TRACKING,13,6000000,6528,1995,1995,1719,0.0249956,3,0.000336716,45673,91,918,257,12862,14461,1143,3850,17033
4738,,TRACKING,14,6000000,6528,1341,1341,887,0.0348261,3,0.000189943,45697,100,915,154,10397,11320,953,3850,13574
4745,,TRACKING,8,6000000,6528,1958,1958,1735,0.0225549,3,8.28967e-05,45729,59,927,264,12776,14459,1257,3850,17129
4752,,TRACKING,7,6000000,6528,1337,1337,869,0.0345501,3,9.19857e-05,45747,50,940,155,10517,11424,1002,3850,13702
4759,LiDAR scans overlap a previously propagated interval,TRACKING,7,6000000,6528,1337,1337,869,0.0345501,3,9.19857e-05,45747,50,940,155,10517,11424,1002,3850,13702
4766,,TRACKING,14,7000000,6528,1940,1940,1671,0.0245193,4,1.0398e-05,45765,102,940,241,17179,19349,1156,4102,26048
4773,,TRACKING,8,6000000,6528,1491,1491,990,0.0344668,3,9.64807e-05,45778,57,915,157,10672,11616,1011,4102,13896
4779,LiDAR scans overlap a previously propagated interval,TRACKING,8,6000000,6528,1491,1491,990,0.0344668,3,9.64807e-05,45778,57,915,157,10672,11616,1011,4102,13896
4786,,TRACKING,14,6000000,6528,1990,1990,1717,0.0227451,3,0.000100533,45802,99,945,265,13122,14711,1096,4102,17306
4793,LiDAR scans overlap a previously propagated interval,TRACKING,14,6000000,6528,1990,1990,1717,0.0227451,3,0.000100533,45802,99,945,265,13122,14711,1096,4102,17306
4800,,TRACKING,13,6000000,6528,1137,1137,727,0.0335672,3,6.0587e-05,45810,91,921,142,8215,8957,846,4102,11077
4806,,TRACKING,8,6000000,6528,1956,1956,1706,0.0247124,3,0.000133977,45835,57,917,265,13037,14635,1147,4102,17188
4813,,TRACKING,8,6000000,6528,1650,1650,1120,0.0328771,3,0.000150129,45854,56,918,198,12527,13613,1159,4102,16095
4820,,TRACKING,7,6000000,6528,1017,1017,622,0.0338751,3,5.42512e-05,45864,50,915,126,7167,7786,624,4102,9596
4827,,TRACKING,8,6000000,6528,2007,2007,1729,0.0254155,3,3.00681e-05,45890,55,915,268,13511,15117,1271,4102,17804
4834,,TRACKING,8,6000000,6528,1790,1790,1213,0.0353923,3,4.47063e-05,45931,56,920,200,13492,14774,1391,4102,17501
4840,LiDAR scans overlap a previously propagated interval,TRACKING,8,6000000,6528,1790,1790,1213,0.0353923,3,4.47063e-05,45931,56,920,200,13492,14774,1391,4102,17501
4847,,TRACKING,14,6000000,6528,2096,2096,1793,0.026045,3,1.51028e-06,45963,97,925,237,13605,15274,1303,4102,18014
4854,LiDAR scans overlap a previously propagated interval,TRACKING,14,6000000,6528,2096,2096,1793,0.026045,3,1.51028e-06,45963,97,925,237,13605,15274,1303,4102,18014
4861,,TRACKING,13,6000000,6528,778,778,457,0.0345807,3,5.05594e-07,45969,89,920,128,5719,6218,473,4189,12141
4867,,TRACKING,8,6000000,6528,2130,2130,1762,0.0272095,3,7.97385e-05,45999,56,917,215,13772,15425,1606,4189,18387
4874,LiDAR scans overlap a previously propagated interval,TRACKING,8,6000000,6528,2130,2130,1762,0.0272095,3,7.97385e-05,45999,56,917,215,13772,15425,1606,4189,18387
4881,,TRACKING,13,6000000,6528,698,698,385,0.0338116,3,0.000107981,46000,92,919,118,4978,5400,401,4189,7027
4888,,TRACKING,8,6000000,6528,2220,2220,1814,0.0263821,3,0.000308109,46027,53,904,261,15895,17703,1874,4189,20998
4895,,TRACKING,8,6000000,6528,1878,1878,1377,0.0311494,3,0.000157766,46055,57,941,258,13253,14586,1513,4189,17526
4901,LiDAR scans overlap a previously propagated interval,TRACKING,8,6000000,6528,1878,1878,1377,0.0311494,3,0.000157766,46055,57,941,258,13253,14586,1513,4189,17526
4908,,TRACKING,14,6000000,6528,2243,2243,1858,0.0261957,3,0.000169167,46079,98,919,279,16163,17940,1871,4189,21292
4915,LiDAR scans overlap a previously propagated interval,TRACKING,14,6000000,6528,2243,2243,1858,0.0261957,3,0.000169167,46079,98,919,279,16163,17940,1871,4189,21292
4922,,TRACKING,13,6000000,6528,545,545,287,0.0309268,3,3.98503e-05,46079,91,924,90,3751,4083,317,4189,5588
4928,,TRACKING,8,6000000,6528,2313,2313,1866,0.02846,3,8.95086e-05,46115,54,904,237,16711,18539,1546,4189,21436
4935,,TRACKING,8,6000000,6528,2037,2037,1582,0.0296931,3,0.000136941,46139,55,910,224,14858,16400,1502,4189,19290
4942,,TRACKING,7,6000000,6528,523,523,284,0.0356963,3,4.06668e-05,46140,48,910,85,3509,3836,279,4189,5233
4949,,TRACKING,8,6000000,6528,2210,2210,1759,0.0264074,3,3.85222e-05,46167,52,913,244,15756,17499,1603,4079,24565
4956,,TRACKING,8,6000000,6528,2219,2219,1722,0.028242,3,7.63481e-05,46201,56,897,238,15590,17269,1978,4079,20688
4962,LiDAR scans overlap a previously propagated interval,TRACKING,8,6000000,6528,2219,2219,1722,0.028242,3,7.63481e-05,46201,56,897,238,15590,17269,1978,4079,20688
4969,,TRACKING,14,6000000,6528,2025,2025,1616,0.0274449,3,0.000263002,46223,98,903,257,13791,15305,1358,4079,18120
4976,LiDAR scans overlap a previously propagated interval,TRACKING,14,6000000,6528,2025,2025,1616,0.0274449,3,0.000263002,46223,98,903,257,13791,15305,1358,4079,18120
4983,,TRACKING,13,6000000,6528,618,618,350,0.032855,3,0.000105637,46225,88,898,91,4168,4574,358,4079,6088
4990,,TRACKING,8,6000000,6528,2026,2026,1602,0.028791,3,0.000118234,46264,55,899,267,14326,15845,1587,4079,18810
4996,LiDAR scans overlap a previously propagated interval,TRACKING,8,6000000,6528,2026,2026,1602,0.028791,3,0.000118234,46264,55,899,267,14326,15845,1587,4079,18810
5003,,TRACKING,13,6000000,6528,638,638,351,0.0335628,3,0.000100007,46268,89,900,100,4328,4715,357,4079,6246
5010,,TRACKING,8,6000000,6528,1938,1938,1518,0.0297143,3,5.23454e-05,46292,56,924,265,14543,16068,1412,4079,18882
5017,,TRACKING,8,6000000,6528,2241,2241,1797,0.0279058,2,0.000772067,46322,55,917,244,10937,12161,1776,4079,15368
5023,LiDAR scans overlap a previously propagated interval,TRACKING,8,6000000,6528,2241,2241,1797,0.0279058,2,0.000772067,46322,55,917,244,10937,12161,1776,4079,15368
5030,,TRACKING,14,6000000,6528,1977,1977,1525,0.0296216,2,0.000537563,46351,95,898,230,9091,10047,1267,4079,12709
5037,LiDAR scans overlap a previously propagated interval,TRACKING,14,6000000,6528,1977,1977,1525,0.0296216,2,0.000537563,46351,95,898,230,9091,10047,1267,4079,12709
5044,,TRACKING,13,6000000,6528,713,713,404,0.0337562,3,7.91927e-05,46355,90,919,99,4888,5319,414,4079,6917
5051,,TRACKING,8,6000000,6528,1899,1899,1443,0.032147,3,0.000190615,46385,57,925,268,13612,15004,1295,4017,21702
5057,LiDAR scans overlap a previously propagated interval,TRACKING,8,6000000,6528,1899,1899,1443,0.032147,3,0.000190615,46385,57,925,268,13612,15004,1295,4017,21702
5064,,TRACKING,14,6000000,6528,756,756,454,0.0347744,3,4.06575e-05,46396,97,928,93,5343,5837,449,4017,7494
5071,,TRACKING,7,6000000,6528,1865,1865,1366,0.0298566,3,3.74544e-05,46407,50,918,235,13228,14538,1263,4017,17138
5078,,TRACKING,8,6000000,6528,2088,2088,1742,0.0259873,3,0.000294266,46428,60,911,230,14442,16140,1428,4017,18963
5084,LiDAR scans overlap a previously propagated interval,TRACKING,8,6000000,6528,2088,2088,1742,0.0259873,3,0.000294266,46428,60,911,230,14442,16140,1428,4017,18963
5091,,TRACKING,14,6000000,6528,1823,1823,1317,0.0315631,2,0.000513356,46448,98,921,224,8820,9675,1461,4017,12550
5098,LiDAR scans overlap a previously propagated interval,TRACKING,14,6000000,6528,1823,1823,1317,0.0315631,2,0.000513356,46448,98,921,224,8820,9675,1461,4017,12550
5105,,TRACKING,13,6000000,6528,797,797,464,0.0344214,3,5.59295e-05,46457,91,926,123,5725,6230,483,4017,7941
5112,,TRACKING,8,6000000,6528,1688,1688,1150,0.0312831,3,0.000271862,46477,55,925,204,12199,13307,1185,4017,15783
5118,LiDAR scans overlap a previously propagated interval,TRACKING,8,6000000,6528,1688,1688,1150,0.0312831,3,0.000271862,46477,55,925,204,12199,13307,1185,4017,15783
5125,,TRACKING,14,6000000,6528,876,876,534,0.0352029,3,5.3768e-05,46487,102,916,133,6343,6924,537,4017,8709
5132,,TRACKING,7,6000000,6528,1653,1653,1157,0.0348812,3,0.000177411,46513,48,913,199,11944,13040,1160,4017,15479
5139,,TRACKING,8,6000000,6528,2035,2035,1765,0.0242649,3,1.79836e-05,46538,55,894,226,14030,15710,1200,4017,18249
5146,LiDAR scans overlap a previously propagated interval,TRACKING,8,6000000,6528,2035,2035,1765,0.0242649,3,1.79836e-05,46538,55,894,226,14030,15710,1200,4017,18249
5153,,TRACKING,14,6000000,6528,1584,1584,1069,0.0364719,3,0.000258887,46563,96,916,185,11713,12772,1273,4170,19573
5159,LiDAR scans overlap a previously propagated interval,TRACKING,14,6000000,6528,1584,1584,1069,0.0364719,3,0.000258887,46563,96,916,185,11713,12772,1273,4170,19573
5166,,TRACKING,13,6000000,6528,1102,1102,667,0.0329469,3,7.77508e-05,46568,92,920,123,7722,8400,710,4170,10341
5173,,TRACKING,8,6000000,6528,1438,1438,962,0.0344331,3,8.09711e-05,46589,54,920,145,10672,11615,1097,4170,13943
5180,,TRACKING,8,7000000,6528,1975,1975,1713,0.0253252,3,8.4748e-05,46617,57,917,244,12813,14414,1149,4170,16936
5186,,TRACKING,8,6000000,6528,1240,1240,786,0.0339277,3,6.36989e-05,46627,55,922,142,9484,10331,945,4170,12524
5193,,TRACKING,7,6000000,6528,1470,1470,981,0.0330686,3,0.000131793,46648,49,913,185,10439,11347,1022,4170,13625
5200,,TRACKING,8,6000000,6528,1915,1915,1696,0.0244179,3,1.41987e-05,46676,55,920,224,12602,14217,1119,4170,16692
5207,LiDAR scans overlap a previously propagated interval,TRACKING,8,6000000,6528,1915,1915,1696,0.0244179,3,1.41987e-05,46676,55,920,224,12602,14217,1119,4170,16692
5214,,TRACKING,14,6000000,6528,1378,1378,918,0.0340179,3,0.000143235,46689,97,921,168,10023,10881,941,4170,13140
5220,LiDAR scans overlap a previously propagated interval,TRACKING,14,6000000,6528,1378,1378,918,0.0340179,3,0.000143235,46689,97,921,168,10023,10881,941,4170,13140
5227,,TRACKING,13,6000000,6528,1439,1439,972,0.0340727,3,6.60781e-05,46710,104,919,178,10825,11789,992,4170,14097
5234,,TRACKING,8,6000000,6528,1186,1186,762,0.0333309,3,3.63488e-05,46722,56,918,143,8374,9134,831,4170,11184
5241,,TRACKING,8,6000000,6528,1977,1977,1740,0.023255,3,6.47113e-05,46747,56,917,242,13373,15075,1233,4206,21887
5247,,TRACKING,8,6000000,6528,1576,1576,1063,0.0324922,3,3.85684e-05,46767,58,916,175,11681,12787,1246,4206,15362
5254,,TRACKING,8,6000000,6528,1126,1126,733,0.0336704,3,0.000322137,46775,56,926,145,7869,8594,747,4206,10565
5261,,TRACKING,7,6000000,6528,1955,1955,1667,0.0233528,3,5.93149e-05,46802,48,915,230,13032,14633,1247,4206,17236
5268,LiDAR scans overlap a previously propagated interval,TRACKING,7,6000000,6528,1955,1955,1667,0.0233528,3,5.93149e-05,46802,48,915,230,13032,14633,1247,4206,17236
5275,,TRACKING,14,6000000,6528,1021,1021,631,0.0342344,3,3.26532e-05,46810,94,896,136,7443,8068,642,4206,9943
5281,LiDAR scans overlap a previously propagated interval,TRACKING,14,6000000,6528,1021,1021,631,0.0342344,3,3.26532e-05,46810,94,896,136,7443,8068,642,4206,9943
5288,,TRACKING,14,6000000,6528,1723,1723,1162,0.0324095,3,8.67509e-05,46836,95,917,176,12705,13848,1336,4206,16503
5295,,TRACKING,7,6000000,6528,861,861,546,0.0338355,3,0.000152905,46842,48,899,127,5956,6495,514,4206,8172
5302,,TRACKING,8,6000000,6528,2081,2081,1779,0.0253385,3,0.000134648,46864,52,896,246,13924,15632,1437,4206,18439
5308,LiDAR scans overlap a previously propagated interval,TRACKING,8,6000000,6528,2081,2081,1779,0.0253385,3,0.000134648,46864,52,896,246,13924,15632,1437,4206,18439
5315,,TRACKING,14,6000000,6528,754,754,443,0.0332628,3,1.14029e-05,46872,98,921,111,5318,5780,468,4206,7472
5322,,TRACKING,7,6000000,6528,2219,2219,1876,0.0269796,3,0.000132349,46891,45,912,240,14819,16589,1471,4206,19434
5329,LiDAR scans overlap a previously propagated interval,TRACKING,7,6000000,6528,2219,2219,1876,0.0269796,3,0.000132349,46891,45,912,240,14819,16589,1471,4206,19434
5336,,TRACKING,14,6000000,6528,719,719,406,0.034158,3,0.000123026,46895,97,903,111,5064,5488,424,4045,11162
5342,LiDAR scans overlap a previously propagated interval,TRACKING,14,6000000,6528,719,719,406,0.034158,3,0.000123026,46895,97,903,111,5064,5488,424,4045,11162
5349,,TRACKING,14,6000000,6528,1993,1993,1444,0.0321379,4,0.000106654,46916,94,899,194,18840,20707,1330,4045,23357
5356,,TRACKING,7,6000000,6528,623,623,374,0.032946,3,3.2679e-05,46922,49,906,93,4141,4540,349,4045,6013
5363,LiDAR scans overlap a previously propagated interval,TRACKING,7,6000000,6528,623,623,374,0.032946,3,3.2679e-05,46922,49,906,93,4141,4540,349,4045,6013
5370,,TRACKING,14,6000000,6528,2075,2075,1538,0.0305056,3,0.000461102,46959,95,916,217,15305,16804,1466,4045,19627
5376,,TRACKING,8,6000000,6528,632,632,368,0.0352581,3,2.69712e-05,46964,56,901,95,4356,4764,352,4045,6255
5383,,TRACKING,8,6000000,6528,2081,2081,1664,0.028355,3,0.000192475,46985,53,917,222,14986,16613,1392,4045,19340
5390,LiDAR scans overlap a previously propagated interval,TRACKING,8,6000000,6528,2081,2081,1664,0.028355,3,0.000192475,46985,53,917,222,14986,16613,1392,4045,19340
5397,,TRACKING,13,6000000,6528,652,652,376,0.0334369,3,0.00018575,46987,91,918,100,4548,4959,377,4045,6526
5403,LiDAR scans overlap a previously propagated interval,TRACKING,13,6000000,6528,652,652,376,0.0334369,3,0.00018575,46987,91,918,100,4548,4959,377,4045,6526
5410,,TRACKING,14,6000000,6528,2150,2150,1655,0.0296696,3,0.00032368,47018,95,917,222,15708,17271,1436,4045,20083
5417,,TRACKING,7,6000000,6528,617,617,337,0.0365027,3,2.35794e-05,47018,50,914,92,4174,4548,357,4045,6042
5424,,TRACKING,8,6000000,6528,2107,2107,1703,0.0298161,3,0.000154354,47054,54,914,221,15290,16903,1389,4045,19623
5431,,TRACKING,8,6000000,6528,2147,2147,1676,0.0287795,3,0.000111706,47089,55,896,228,14918,16490,1746,4228,23838
5438,,TRACKING,8,6000000,6528,605,605,333,0.0332315,3,3.183e-07,47093,58,895,89,4009,4387,340,4228,5862
5444,,TRACKING,8,6000000,6528,2124,2124,1683,0.0290422,3,5.53388e-05,47116,53,915,216,15224,16849,1536,4228,19727
5451,LiDAR scans overlap a previously propagated interval,TRACKING,8,6000000,6528,2124,2124,1683,0.0290422,3,5.53388e-05,47116,53,915,216,15224,16849,1536,4228,19727
5458,,TRACKING,13,6000000,6528,644,644,362,0.0324287,3,6.04278e-05,47119,90,919,97,4391,4782,358,4228,6329
5463,LiDAR scans overlap a previously propagated interval,TRACKING,13,6000000,6528,644,644,362,0.0324287,3,6.04278e-05,47119,90,919,97,4391,4782,358,4228,6329
5469,,TRACKING,11,16989504,6528,2109,2109,1667,0.028248,3,0.000365672,47142,73,919,224,15088,16702,1474,4228,19536
5475,,TRACKING,7,6000000,6528,650,650,389,0.0364022,3,6.30173e-05,47146,48,894,97,4532,4948,356,4228,6434
5482,LiDAR scans overlap a previously propagated interval,TRACKING,7,6000000,6528,650,650,389,0.0364022,3,6.30173e-05,47146,48,894,97,4532,4948,356,4228,6434
5489,,TRACKING,14,6000000,6528,2079,2079,1685,0.0271101,3,0.000236272,47174,99,918,221,14353,15949,1525,4228,18867
5496,,TRACKING,8,6000000,6528,659,659,371,0.0331461,3,0.000119046,47177,56,894,98,4555,4955,382,4228,6469
5502,,TRACKING,8,6000000,6528,2096,2096,1563,0.0294166,3,0.00024608,47198,54,921,232,15341,16906,1778,4228,20053
5509,LiDAR scans overlap a previously propagated interval,TRACKING,8,6000000,6528,2096,2096,1563,0.0294166,3,0.00024608,47198,54,921,232,15341,16906,1778,4228,20053
5516,,TRACKING,13,6000000,6528,558,558,338,0.0330991,3,2.26381e-05,47198,89,914,97,3851,4246,317,4228,5739
5523,LiDAR scans overlap a previously propagated interval,TRACKING,13,6000000,6528,558,558,338,0.0330991,3,2.26381e-05,47198,89,914,97,3851,4246,317,4228,5739
5530,,TRACKING,14,6000000,6528,2233,2233,1851,0.0260004,3,9.06247e-05,47219,94,918,270,16190,18002,1769,4332,25567
5536,,TRACKING,8,6000000,6528,621,621,333,0.0339092,3,3.42689e-05,47222,61,917,100,4411,4785,351,4332,6339
5543,,TRACKING,7,6000000,6528,1873,1873,1382,0.0325793,3,0.00017018,47247,47,913,211,14203,15634,1509,4332,18490
5550,,TRACKING,8,6000000,6528,2236,2236,1807,0.0276245,3,0.000295199,47278,56,899,258,15978,17806,1637,4332,20877
5557,,TRACKING,8,6000000,6528,757,757,425,0.0336939,2,0.000231387,47282,56,917,120,3619,3924,430,4332,5541
5564,,TRACKING,8,6000000,6528,1738,1738,1245,0.030088,3,0.000217053,47305,53,892,193,12779,14041,1299,4332,16613
5570,LiDAR scans overlap a previously propagated interval,TRACKING,8,6000000,6528,1738,1738,1245,0.030088,3,0.000217053,47305,53,892,193,12779,14041,1299,4332,16613
5577,,TRACKING,13,6000000,6528,857,857,515,0.0344459,3,0.000116297,47313,90,919,121,6037,6562,513,4332,8294
5584,LiDAR scans overlap a previously propagated interval,TRACKING,13,6000000,6528,857,857,515,0.0344459,3,0.000116297,47313,90,919,121,6037,6562,513,4332,8294
5591,,TRACKING,14,6000000,6528,2036,2036,1725,0.0261987,3,0.000318538,47337,95,917,236,14055,15734,1420,4332,18567
5597,,TRACKING,8,6000000,6528,994,994,615,0.0319305,3,8.25662e-08,47346,56,907,139,7233,7868,684,4332,9770
5604,LiDAR scans overlap a previously propagated interval,TRACKING,8,6000000,6528,994,994,615,0.0319305,3,8.25662e-08,47346,56,907,139,7233,7868,684,4332,9770
5611,,TRACKING,13,6000000,6528,2011,2011,1692,0.0269316,3,0.000169524,47375,107,924,248,14470,16174,1311,4332,18930
5618,,TRACKING,8,6000000,6528,1090,1090,679,0.0345854,3,0.000178733,47382,56,921,146,7901,8587,705,4026,14569
5624,,TRACKING,8,6000000,6528,1583,1583,1084,0.0318886,3,0.000112869,47401,61,916,168,11934,13021,994,4026,15278
5631,LiDAR scans overlap a previously propagated interval,TRACKING,8,6000000,6528,1583,1583,1084,0.0318886,3,0.000112869,47401,61,916,168,11934,13021,994,4026,15278
5638,,TRACKING,13,6000000,6528,1181,1181,758,0.0322106,3,9.04846e-05,47411,88,911,139,8330,9068,764,4026,11075
5645,LiDAR scans overlap a previously propagated interval,TRACKING,13,6000000,6528,1181,1181,758,0.0322106,3,9.04846e-05,47411,88,911,139,8330,9068,764,4026,11075
5652,,TRACKING,14,6000000,6528,1951,1951,1684,0.0237747,3,0.000156863,47440,96,917,229,12942,14511,1079,4026,16984
5659,,TRACKING,8,6000000,6528,1325,1325,866,0.0347897,3,9.0908e-05,47452,55,899,161,9341,10160,862,4026,12264
5665,,TRACKING,7,6000000,6528,1372,1372,896,0.0340203,3,0.000162508,47468,50,932,180,10397,11270,902,4026,13460
5672,,TRACKING,8,6000000,6528,1946,1946,1650,0.0238808,3,0.00010308,47488,54,898,240,12277,13820,1357,4026,16548
5679,,TRACKING,8,6000000,6528,1398,1398,921,0.0333969,3,1.12041e-05,47509,58,907,193,10051,10931,876,4026,13132
5686,,TRACKING,8,6000000,6528,1284,1284,842,0.0341311,3,2.91446e-05,47520,56,917,144,8917,9721,813,4026,11752
5692,LiDAR scans overlap a previously propagated interval,TRACKING,8,6000000,6528,1284,1284,842,0.0341311,3,2.91446e-05,47520,56,917,144,8917,9721,813,4026,11752
5699,,TRACKING,13,6000000,6528,1446,1446,955,0.031445,3,0.000125768,47532,97,923,190,10823,11722,926,4026,13982
5706,LiDAR scans overlap a previously propagated interval,TRACKING,13,6000000,6528,1446,1446,955,0.031445,3,0.000125768,47532,97,923,190,10823,11722,926,4026,13982
5713,,TRACKING,14,6000000,6528,2008,2008,1724,0.0250476,3,0.000128577,47554,97,900,233,13126,14781,1455,4295,21989
5720,,TRACKING,8,6000000,6528,1592,1592,1043,0.0335592,3,9.06493e-05,47571,58,906,169,10954,11973,1025,4295,14293
5726,LiDAR scans overlap a previously propagated interval,TRACKING,8,6000000,6528,1592,1592,1043,0.0335592,3,9.06493e-05,47571,58,906,169,10954,11973,1025,4295,14293
5733,,TRACKING,13,6000000,6528,1994,1994,1700,0.0265047,3,0.000130844,47604,91,894,215,13212,14874,1236,4295,17486
5740,,TRACKING,8,6000000,6528,1672,1672,1150,0.0330276,3,7.68874e-05,47618,55,908,193,12049,13223,1610,4295,16171
5747,,TRACKING,8,7000000,6528,925,925,554,0.0335054,3,7.55805e-05,47622,58,924,138,6631,7205,594,4295,9017
5753,LiDAR scans overlap a previously propagated interval,TRACKING,8,7000000,6528,925,925,554,0.0335054,3,7.55805e-05,47622,58,924,138,6631,7205,594,4295,9017
5760,,TRACKING,14,6000000,6528,1694,1694,1159,0.032946,3,0.000104125,47643,96,934,194,12176,13279,1261,4295,15887
5767,LiDAR scans overlap a previously propagated interval,TRACKING,14,6000000,6528,1694,1694,1159,0.032946,3,0.000104125,47643,96,934,194,12176,13279,1261,4295,15887
5774,,TRACKING,13,6000000,6528,2012,2012,1672,0.0261972,3,0.000378483,47672,99,919,267,13500,15099,1230,4295,17813
5781,,TRACKING,8,6000000,6528,1838,1838,1278,0.0307718,3,0.000127278,47691,56,923,209,14758,16120,1552,4295,19031
5787,,TRACKING,8,6000000,6528,841,841,496,0.0307217,3,9.94888e-08,47696,61,916,131,6056,6581,602,4295,8390
5794,,TRACKING,7,6000000,6528,1968,1968,1635,0.0251901,3,0.000106137,47714,50,924,273,13589,15153,1288,4295,17837
5801,,TRACKING,8,6000000,6528,1933,1933,1368,0.0308872,3,0.000286313,47750,56,916,208,14614,16013,1422,4109,22893
5808,,TRACKING,8,6000000,6528,807,807,483,0.0357231,2,0.000101251,47757,56,917,102,3711,4047,485,4109,5699
5814,LiDAR scans overlap a previously propagated interval,TRACKING,8,6000000,6528,807,807,483,0.0357231,2,0.000101251,47757,56,917,102,3711,4047,485,4109,5699
5821,,TRACKING,14,6000000,6528,1864,1864,1368,0.0337499,3,0.000167535,47784,95,916,185,13906,15277,1308,4109,17914
5828,LiDAR scans overlap a previously propagated interval,TRACKING,14,6000000,6528,1864,1864,1368,0.0337499,3,0.000167535,47784,95,916,185,13906,15277,1308,4109,17914
5835,,TRACKING,13,6000000,6528,2123,2123,1743,0.0356016,4,0.000258181,47860,89,928,237,19815,22080,1621,4109,25158
5842,,TRACKING,8,6000000,6528,2020,2020,1514,0.0337831,3,0.000125943,47907,56,905,230,13863,15312,1567,4109,18251
5848,LiDAR scans overlap a previously propagated interval,TRACKING,8,6000000,6528,2020,2020,1514,0.0337831,3,0.000125943,47907,56,905,230,13863,15312,1567,4109,18251
5855,,TRACKING,13,6000000,6528,2419,2419,1942,0.0404226,4,0.000395184,48086,91,910,314,22409,24877,2004,4109,28449
5862,,TRACKING,8,6000000,6528,2177,2177,1669,0.0344561,4,0.000199769,48157,57,916,259,21191,23322,1611,4109,26369
5869,,TRACKING,8,6000000,6528,488,488,259,0.067434,3,6.94063e-05,48179,57,918,87,3412,3739,288,4109,5172
5876,LiDAR scans overlap a previously propagated interval,TRACKING,8,6000000,6528,488,488,259,0.067434,3,6.94063e-05,48179,57,918,87,3412,3739,288,4109,5172
5883,,TRACKING,14,6000000,6528,2260,2260,1747,0.032097,3,0.000390115,48271,97,925,282,16275,17945,1804,4109,21207
5889,LiDAR scans overlap a previously propagated interval,TRACKING,14,6000000,6528,2260,2260,1747,0.032097,3,0.000390115,48271,97,925,282,16275,17945,1804,4109,21207
5896,,TRACKING,13,6000000,6528,2599,2599,2032,0.0381245,3,0.000305461,48508,96,920,294,18225,20139,1973,4109,23652
5903,,TRACKING,8,6000000,6528,2386,2386,1879,0.0292681,3,0.000201098,48599,55,901,250,17257,19085,2014,4011,26528
5909,,TRACKING,8,6000000,6528,427,427,229,0.0436145,3,0.00023804,48610,56,870,67,2748,3029,256,4011,4376
5916,,TRACKING,8,6000000,6528,2472,2472,1939,0.036251,3,0.000150026,48763,53,893,319,17408,19222,1803,4011,22458
5923,,TRACKING,7,6000000,6528,2475,2475,1937,0.0371757,3,0.000117646,48917,49,894,252,17634,19518,1961,4011,22893
5930,,TRACKING,8,6000000,6528,337,337,180,0.0447413,3,1.76499e-07,48930,55,895,68,2261,2496,231,4011,3830
5937,LiDAR scans overlap a previously propagated interval,TRACKING,8,6000000,6528,337,337,180,0.0447413,3,1.76499e-07,48930,55,895,68,2261,2496,231,4011,3830
5944,,TRACKING,14,6000000,6528,2715,2715,2242,0.0316346,3,0.000353917,49106,98,921,277,18776,20899,2051,4011,24420
5950,LiDAR scans overlap a previously propagated interval,TRACKING,14,6000000,6528,2715,2715,2242,0.0316346,3,0.000353917,49106,98,921,277,18776,20899,2051,4011,24420
5957,,TRACKING,13,6000000,6528,2097,2097,1613,0.0318463,3,0.000153711,49163,86,896,221,15066,16661,1517,4011,19594
5964,,TRACKING,8,6000000,6528,2619,2619,2094,0.029528,3,0.000202433,49294,55,899,288,18571,20600,2025,4011,24116
5970,LiDAR scans overlap a previously propagated interval,TRACKING,8,6000000,6528,2619,2619,2094,0.029528,3,0.000202433,49294,55,899,288,18571,20600,2025,4011,24116
5977,,TRACKING,14,6000000,6528,1983,1983,1485,0.0335929,3,0.00029407,49351,94,897,220,13829,15303,1742,4011,18480
5984,,TRACKING,7,6000000,6528,2600,2600,2126,0.0309258,3,0.000298232,49458,48,889,304,17602,19568,2109,4011,23134
5991,,TRACKING,8,6000000,6528,640,640,337,0.0353942,2,0.000147369,49463,56,900,111,3061,3324,370,4519,9426
5998,LiDAR scans overlap a previously propagated interval,TRACKING,8,6000000,6528,640,640,337,0.0353942,2,0.000147369,49463,56,900,111,3061,3324,370,4519,9426
6005,,TRACKING,14,6000000,6528,2654,2654,2193,0.0283981,4,3.97466e-06,49589,98,908,285,25026,28013,2235,4519,31756
6011,LiDAR scans overlap a previously propagated interval,TRACKING,14,6000000,6528,2654,2654,2193,0.0283981,4,3.97466e-06,49589,98,908,285,25026,28013,2235,4519,31756
6018,,TRACKING,13,6000000,6528,1918,1918,1358,0.0362339,4,0.00018284,49652,87,879,220,18737,20649,1430,4519,23456
6025,,TRACKING,8,6000000,6528,2584,2584,2160,0.029647,3,0.000243537,49783,57,915,281,17668,19737,2218,4519,23447
6032,LiDAR scans overlap a previously propagated interval,TRACKING,8,6000000,6528,2584,2584,2160,0.029647,3,0.000243537,49783,57,915,281,17668,19737,2218,4519,23447
6038,,TRACKING,14,6000000,6528,1768,1768,1240,0.0365612,3,0.000287436,49828,97,908,208,12550,13751,1256,4519,16406
6045,,TRACKING,7,6000000,6528,2646,2646,2229,0.0322244,3,0.00015854,50013,48,897,274,18351,20442,2070,4519,23941
6052,,TRACKING,8,6000000,6528,828,828,498,0.0364802,2,6.04207e-05,50027,57,941,110,4069,4437,638,4519,6312
6059,LiDAR scans overlap a previously propagated interval,TRACKING,8,6000000,6528,828,828,498,0.0364802,2,6.04207e-05,50027,57,941,110,4069,4437,638,4519,6312
6066,,TRACKING,14,6000000,6528,2686,2686,2298,0.033474,3,0.000254698,50244,98,919,358,18475,20615,2152,4519,24339
6072,LiDAR scans overlap a previously propagated interval,TRACKING,14,6000000,6528,2686,2686,2298,0.033474,3,0.000254698,50244,98,919,358,18475,20615,2152,4519,24339
6079,,TRACKING,13,6000000,6528,1485,1485,1020,0.0399796,4,0.000137036,50292,86,892,167,15417,16837,1183,4519,19345
6086,,TRACKING,8,6000000,6528,2593,2593,2254,0.0327529,3,0.000174281,50539,56,915,312,18321,20513,2054,4519,24063
6093,LiDAR scans overlap a previously propagated interval,TRACKING,8,6000000,6528,2593,2593,2254,0.0327529,3,0.000174281,50539,56,915,312,18321,20513,2054,4519,24063
6100,,TRACKING,14,6000000,6528,1412,1412,923,0.0383246,3,0.000209932,50582,96,906,163,10899,11866,1370,4680,19260
6106,,TRACKING,8,6000000,6528,2600,2600,2237,0.0349442,3,0.000240053,50877,62,925,287,18251,20458,2371,4680,24334
6113,,TRACKING,7,6000000,6528,1024,1024,637,0.0377067,3,0.000225294,50898,49,923,143,7459,8113,721,4680,10088
6120,LiDAR scans overlap a previously propagated interval,TRACKING,7,6000000,6528,1024,1024,637,0.0377067,3,0.000225294,50898,49,923,143,7459,8113,721,4680,10088
6127,,TRACKING,14,6000000,6528,2630,2630,2258,0.0374135,3,0.000420062,51207,96,918,312,19779,22048,2376,4680,25974
6133,LiDAR scans overlap a previously propagated interval,TRACKING,14,6000000,6528,2630,2630,2258,0.0374135,3,0.000420062,51207,96,918,312,19779,22048,2376,4680,25974
6140,,TRACKING,13,6000000,6528,1217,1217,756,0.0386859,3,0.000339735,51237,90,917,165,9147,9931,1108,4680,12364
6147,,TRACKING,8,6000000,6528,2676,2676,2284,0.0379755,3,0.000215501,51556,58,917,369,19402,21610,2782,4680,25962
6154,LiDAR scans overlap a previously propagated interval,TRACKING,8,6000000,6528,2676,2676,2284,0.0379755,3,0.000215501,51556,58,917,369,19402,21610,2782,4680,25962
6161,,TRACKING,14,6000000,6528,1123,1123,691,0.041028,3,9.2131e-05,51598,108,920,217,9411,10223,860,4680,12559
6168,,TRACKING,8,6000000,6528,2686,2686,2310,0.0409583,3,0.000253851,52018,58,918,345,20093,22409,2688,4680,26645
6174,,TRACKING,7,6000000,6528,1311,1311,823,0.0442051,3,0.000179769,52065,50,917,168,10091,10926,1117,4680,13329
6181,LiDAR scans overlap a previously propagated interval,TRACKING,7,6000000,6528,1311,1311,823,0.0442051,3,0.000179769,52065,50,917,168,10091,10926,1117,4680,13329
6188,,TRACKING,14,6000000,6528,2648,2648,2261,0.0404204,3,0.000334037,52467,99,923,404,19180,21365,2446,4680,25478
6195,LiDAR scans overlap a previously propagated interval,TRACKING,14,6000000,6528,2648,2648,2261,0.0404204,3,0.000334037,52467,99,923,404,19180,21365,2446,4680,25478
6201,,TRACKING,14,6000000,6528,938,938,584,0.0418871,3,0.000285937,52499,100,936,160,7167,7783,822,4765,14768
6208,,TRACKING,7,6000000,6528,2743,2743,2274,0.0384066,3,0.000324105,52884,51,919,293,19934,22209,3075,4765,26798
6215,LiDAR scans overlap a previously propagated interval,TRACKING,7,6000000,6528,2743,2743,2274,0.0384066,3,0.000324105,52884,51,919,293,19934,22209,3075,4765,26798
6222,,TRACKING,14,6000000,6528,781,781,493,0.0498854,3,2.18136e-06,52923,107,917,134,5880,6397,569,4765,8290
6229,,TRACKING,8,6000000,6528,2808,2808,2349,0.0392806,3,0.000151716,53275,56,917,343,21215,23547,2520,4765,27593
6236,,TRACKING,8,6000000,6528,1635,1635,1106,0.0454512,3,0.000271655,53376,55,918,187,13058,14171,1384,4765,16893
6242,LiDAR scans overlap a previously propagated interval,TRACKING,8,6000000,6528,1635,1635,1106,0.0454512,3,0.000271655,53376,55,918,187,13058,14171,1384,4765,16893
6249,,TRACKING,13,6000000,6528,2724,2724,2251,0.0357509,3,0.000167811,53706,88,907,295,19514,21659,2842,4765,25998
6256,LiDAR scans overlap a previously propagated interval,TRACKING,13,6000000,6528,2724,2724,2251,0.0357509,3,0.000167811,53706,88,907,295,19514,21659,2842,4765,25998
6262,,TRACKING,14,6000000,6528,577,577,329,0.042241,3,5.16587e-05,53725,92,890,87,3799,4164,425,4765,5764
6269,,TRACKING,7,6000000,6528,2738,2738,2218,0.0392453,3,0.000298867,54053,48,894,306,19975,22133,2681,4765,26264
6276,,TRACKING,8,6000000,6528,1854,1854,1329,0.0417507,3,0.000150541,54180,60,904,215,14398,15767,1615,4765,18797
6283,,TRACKING,8,6000000,6528,476,476,277,0.0411563,3,5.34779e-05,54192,55,909,90,3171,3490,304,4765,4921
6290,,TRACKING,8,6000000,6528,2760,2760,2205,0.0421024,3,0.000676944,54527,55,916,337,21732,23930,2714,4962,33120
6296,,TRACKING,8,6000000,6528,1857,1857,1343,0.0433933,3,0.000170163,54675,60,926,231,15560,17025,2324,4962,20896
6303,LiDAR scans overlap a previously propagated interval,TRACKING,8,6000000,6528,1857,1857,1343,0.0433933,3,0.000170163,54675,60,926,231,15560,17025,2324,4962,20896
6310,,TRACKING,13,6000000,6528,2792,2792,2171,0.0398592,3,0.000109375,54988,91,926,318,21412,23648,2825,4962,28052
6317,LiDAR scans overlap a previously propagated interval,TRACKING,13,6000000,6528,2792,2792,2171,0.0398592,3,0.000109375,54988,91,926,318,21412,23648,2825,4962,28052
6323,,TRACKING,14,6000000,6528,371,371,205,0.0361548,3,1.43983e-07,54996,98,921,71,2444,2701,218,4962,4106
6330,,TRACKING,7,6000000,6528,2643,2643,2072,0.0389467,3,8.53587e-05,55269,47,913,276,20258,22360,2546,4962,26327
6337,,TRACKING,8,6000000,6528,2166,2166,1606,0.0433798,3,0.000149997,55456,57,937,243,17138,18798,2348,4962,22610
6344,LiDAR scans overlap a previously propagated interval,TRACKING,8,6000000,6528,2166,2166,1606,0.0433798,3,0.000149997,55456,57,937,243,17138,18798,2348,4962,22610
6351,,TRACKING,14,6000000,6528,2543,2543,1972,0.0406103,3,0.000239245,55687,101,948,289,19744,21734,2893,4962,26210
6358,,TRACKING,8,6000000,6528,2365,2365,1776,0.0445373,3,0.000546765,55893,63,919,328,18293,20108,2417,4962,24137
6364,LiDAR scans overlap a previously propagated interval,TRACKING,8,6000000,6528,2365,2365,1776,0.0445373,3,0.000546765,55893,63,919,328,18293,20108,2417,4962,24137
6371,,TRACKING,13,6000000,6528,2382,2382,1840,0.0375872,3,0.000210319,56104,94,948,281,20005,22042,3058,4962,26696
6378,LiDAR scans overlap a previously propagated interval,TRACKING,13,6000000,6528,2382,2382,1840,0.0375872,3,0.000210319,56104,94,948,281,20005,22042,3058,4962,26696
6384,,TRACKING,14,6000000,6528,404,404,218,0.0398156,3,2.6289e-07,56112,108,992,105,3047,3354,280,4962,5001
6391,,TRACKING,8,6000000,6528,2217,2217,1636,0.038865,4,7.14274e-05,56301,60,990,325,25552,28032,2463,5604,37655
6398,,TRACKING,7,6000000,6528,2483,2483,1925,0.0391748,3,0.000351309,56487,58,1016,334,25154,27667,3341,5604,32756
6405,,TRACKING,8,6000000,6528,408,408,221,0.0366588,3,9.25225e-08,56495,60,936,93,2869,3155,265,5604,4663
6412,,TRACKING,8,6000000,6528,2226,2226,1708,0.041944,3,0.000396278,56665,56,896,345,17532,19262,2292,5604,23037
6419,,TRACKING,8,6000000,6528,2577,2577,1987,0.0372888,3,0.00039148,56881,63,990,350,21330,23377,2480,5604,27545
6425,LiDAR scans overlap a previously propagated interval,TRACKING,8,6000000,6528,2577,2577,1987,0.0372888,3,0.00039148,56881,63,990,350,21330,23377,2480,5604,27545
6432,,TRACKING,13,6000000,6528,2168,2168,1618,0.0385037,3,0.000115197,57013,121,1077,292,18079,19810,2424,5604,23991
6439,LiDAR scans overlap a previously propagated interval,TRACKING,13,6000000,6528,2168,2168,1618,0.0385037,3,0.000115197,57013,121,1077,292,18079,19810,2424,5604,23991
6446,,TRACKING,14,6000000,6528,474,474,284,0.0368578,3,2.50772e-05,57021,111,1018,96,3573,3937,345,5604,5598
6452,,TRACKING,8,6000000,6528,1957,1957,1423,0.0400987,3,0.000418052,57157,62,1026,287,17046,18645,2161,5604,22339
6459,LiDAR scans overlap a previously propagated interval,TRACKING,8,6000000,6528,1957,1957,1423,0.0400987,3,0.000418052,57157,62,1026,287,17046,18645,2161,5604,22339
6466,,TRACKING,13,6000000,6528,490,490,289,0.0374011,3,0.000131306,57162,102,1046,100,3875,4254,376,5604,5965
6473,,TRACKING,8,6000000,6528,1855,1855,1330,0.0403721,4,0.00036759,57279,62,1041,258,22811,24785,2074,5604,28355
6480,,TRACKING,8,6000000,6528,2784,2784,2223,0.034621,3,0.000314083,57529,61,941,364,20586,22786,2980,5428,32844
6486,LiDAR scans overlap a previously propagated interval,TRACKING,8,6000000,6528,2784,2784,2223,0.034621,3,0.000314083,57529,61,941,364,20586,22786,2980,5428,32844
6493,,TRACKING,14,6000000,6528,1777,1777,1211,0.0434004,3,0.000246081,57637,103,942,220,13096,14305,1395,5428,17237
6500,LiDAR scans overlap a previously propagated interval,TRACKING,14,6000000,6528,1777,1777,1211,0.0434004,3,0.000246081,57637,103,942,220,13096,14305,1395,5428,17237
6507,,TRACKING,13,6000000,6528,445,445,284,0.039323,3,3.95644e-05,57650,90,919,77,3031,3357,334,5428,4853
6513,,TRACKING,8,6000000,6528,1523,1523,994,0.0432573,3,0.000429041,57732,54,923,216,11989,13032,1452,5428,15784
6520,,TRACKING,8,6000000,6528,2911,2911,2371,0.0353421,4,4.993e-05,58001,56,906,353,29524,32699,2840,5428,37094
6527,,TRACKING,7,6000000,6528,536,536,293,0.0422328,2,5.38724e-05,58012,53,914,112,2845,3083,391,5428,4728
6534,,TRACKING,8,6000000,6528,1544,1544,1012,0.0402132,3,0.000229118,58068,56,891,223,12170,13234,1388,5428,15909
6541,,TRACKING,8,6000000,6528,2858,2858,2352,0.0362914,4,0.000364972,58350,55,905,331,29258,32456,3280,5428,37295
6547,LiDAR scans overlap a previously propagated interval,TRACKING,8,6000000,6528,2858,2858,2352,0.0362914,4,0.000364972,58350,55,905,331,29258,32456,3280,5428,37295
6554,,TRACKING,14,6000000,6528,1461,1461,950,0.0438474,3,0.000144503,58427,102,919,224,11481,12495,1125,5428,15070
6561,LiDAR scans overlap a previously propagated interval,TRACKING,14,6000000,6528,1461,1461,950,0.0438474,3,0.000144503,58427,102,919,224,11481,12495,1125,5428,15070
6568,,TRACKING,13,7000000,6528,732,732,468,0.0414685,3,0.000648332,58443,90,921,106,5138,5616,521,5428,7321
6575,,TRACKING,8,6000000,6528,1303,1303,809,0.0419884,3,0.000290703,58482,58,941,190,9946,10818,1008,5362,18471
6581,,TRACKING,8,6000000,6528,2758,2758,2310,0.0356585,4,0.000308905,58751,59,948,280,25925,28925,2613,5362,33030
6588,,TRACKING,7,6000000,6528,894,894,549,0.0385998,3,0.000153404,58781,50,910,125,7032,7640,641,5362,9490
6595,,TRACKING,8,6000000,6528,1270,1270,822,0.0398302,3,8.01662e-05,58829,58,943,178,9204,10006,906,5362,12180
6602,,TRACKING,8,6000000,6528,2786,2786,2401,0.0343045,4,7.91022e-05,59083,55,915,320,26046,29124,2307,5362,32927
6608,LiDAR scans overlap a previously propagated interval,TRACKING,8,6000000,6528,2786,2786,2401,0.0343045,4,7.91022e-05,59083,55,915,320,26046,29124,2307,5362,32927
6615,,TRACKING,14,6000000,6528,1087,1087,692,0.0370149,3,0.000300349,59103,100,964,149,8400,9132,768,5362,11250
6622,LiDAR scans overlap a previously propagated interval,TRACKING,14,6000000,6528,1087,1087,692,0.0370149,3,0.000300349,59103,100,964,149,8400,9132,768,5362,11250
6629,,TRACKING,13,6000000,6528,1174,1174,733,0.0406629,3,0.000310962,59127,90,926,168,8525,9241,834,5362,11350
6636,,TRACKING,8,6000000,6528,945,945,568,0.0389906,3,0.000240996,59151,56,925,130,6945,7536,809,5362,9535
6642,LiDAR scans overlap a previously propagated interval,TRACKING,8,6000000,6528,945,945,568,0.0389906,3,0.000240996,59151,56,925,130,6945,7536,809,5362,9535
6649,,TRACKING,13,6000000,6528,1361,1361,846,0.0395639,4,0.000284761,59195,91,922,206,13158,14250,1021,5362,16584
6656,,TRACKING,8,6000000,6528,815,815,477,0.0392455,3,0.000167279,59217,59,933,136,6555,7108,614,5362,8941
6663,,TRACKING,8,6000000,6528,2745,2745,2300,0.0343369,4,0.000245441,59468,59,965,422,26932,29920,2556,5243,39379
6669,LiDAR scans overlap a previously propagated interval,TRACKING,8,6000000,6528,2745,2745,2300,0.0343369,4,0.000245441,59468,59,965,422,26932,29920,2556,5243,39379
6676,,TRACKING,14,6000000,6528,688,688,379,0.0401879,3,0.000140527,59486,98,924,91,4714,5135,501,5243,6855
6683,LiDAR scans overlap a previously propagated interval,TRACKING,14,6000000,6528,688,688,379,0.0401879,3,0.000140527,59486,98,924,91,4714,5135,501,5243,6855
6690,,TRACKING,13,6000000,6528,1512,1512,977,0.0412212,3,0.000485069,59534,90,926,198,11337,12312,1106,5243,14731
6697,,TRACKING,8,6000000,6528,574,574,333,0.038175,3,4.72472e-07,59541,55,916,82,3880,4234,357,5243,5705
6703,LiDAR scans overlap a previously propagated interval,TRACKING,8,6000000,6528,574,574,333,0.038175,3,4.72472e-07,59541,55,916,82,3880,4234,357,5243,5705
6710,,TRACKING,14,6000000,6528,1571,1571,1033,0.0405327,4,0.000405173,59617,93,917,164,15491,16863,1203,5243,19340
6717,,TRACKING,7,6000000,6528,501,501,283,0.0383403,3,0.000272674,59626,49,940,88,3532,3856,335,5243,5325
6724,,TRACKING,8,6000000,6528,2876,2876,2377,0.0358678,4,0.000344827,59875,54,947,313,27126,30123,2473,5243,34115
6731,LiDAR scans overlap a previously propagated interval,TRACKING,8,6000000,6528,2876,2876,2377,0.0358678,4,0.000344827,59875,54,947,313,27126,30123,2473,5243,34115
6737,,TRACKING,14,6000000,6528,506,506,296,0.0364901,3,4.36965e-05,59885,98,946,92,3775,4129,370,5243,5748
6744,LiDAR scans overlap a previously propagated interval,TRACKING,14,6000000,6528,506,506,296,0.0364901,3,4.36965e-05,59885,98,946,92,3775,4129,370,5243,5748
6751,,TRACKING,13,6000000,6528,1794,1794,1206,0.0399421,3,0.000242741,59960,89,924,223,13234,14445,1389,5243,17184
6758,,TRACKING,8,6000000,6528,434,434,243,0.0354745,3,2.45735e-07,59970,55,919,79,3053,3364,274,5243,4767
6765,,TRACKING,8,6000000,6528,2558,2558,2043,0.0367982,4,0.000213235,60177,57,926,346,25064,27714,2826,5445,37520
6771,,TRACKING,8,6000000,6528,1949,1949,1374,0.0371668,3,0.000279232,60263,56,861,213,13445,14806,2058,5445,18244
6778,,TRACKING,7,6000000,6528,530,530,279,0.0432663,3,6.23289e-05,60272,47,866,97,3538,3876,313,5445,5279
6785,,TRACKING,8,6000000,6528,2497,2497,1969,0.0354363,4,9.32793e-05,60460,59,913,319,28224,31128,2887,5445,35512
6792,LiDAR scans overlap a previously propagated interval,TRACKING,8,6000000,6528,2497,2497,1969,0.0354363,4,9.32793e-05,60460,59,913,319,28224,31128,2887,5445,35512
6799,,TRACKING,14,6000000,6528,498,498,268,0.0387203,3,4.26034e-05,60467,101,921,139,3709,4046,310,5445,5656
6805,LiDAR scans overlap a previously propagated interval,TRACKING,14,6000000,6528,498,498,268,0.0387203,3,4.26034e-05,60467,101,921,139,3709,4046,310,5445,5656
6812,,TRACKING,13,6000000,6528,2178,2178,1607,0.0383241,4,8.41468e-05,60579,92,924,312,29518,32004,3047,5445,36651
6819,,TRACKING,8,6000000,6528,495,495,257,0.0397443,3,0.000213439,60584,86,1072,130,4528,4920,352,5445,6719
6826,,TRACKING,8,6000000,6528,2345,2345,1813,0.0347773,4,0.000158785,60719,64,1101,372,29968,32830,2558,5445,37141
6832,,TRACKING,8,6000000,6528,2252,2252,1644,0.0358825,4,5.63256e-06,60847,68,988,317,27466,30281,2246,5445,34217
6839,,TRACKING,8,6000000,6528,522,522,271,0.0363843,3,0.000356147,60858,56,852,121,3610,3938,315,5445,5411
6846,,TRACKING,7,6000000,6528,2291,2291,1722,0.0369733,3,0.000329198,60967,48,1054,353,19115,21016,2509,6024,31231
6853,LiDAR scans overlap a previously propagated interval,TRACKING,7,6000000,6528,2291,2291,1722,0.0369733,3,0.000329198,60967,48,1054,353,19115,21016,2509,6024,31231
6860,,TRACKING,14,6000000,6528,587,587,313,0.0357055,3,0.000110588,60977,107,983,113,4343,4729,369,6024,6444
6866,LiDAR scans overlap a previously propagated interval,TRACKING,14,6000000,6528,587,587,313,0.0357055,3,0.000110588,60977,107,983,113,4343,4729,369,6024,6444
6873,,TRACKING,14,6000000,6528,2250,2250,1693,0.0352115,4,0.000153786,61099,101,970,312,25378,27770,2229,6024,31581
6880,,TRACKING,7,6000000,6528,620,620,306,0.0350749,3,8.89452e-05,61101,53,955,124,4936,5336,694,6024,7295
6887,,TRACKING,8,6000000,6528,2149,2149,1535,0.0362951,4,7.7043e-05,61180,57,964,289,23456,25687,2592,6024,29786
6893,,TRACKING,8,6000000,6528,2303,2303,1794,0.0323935,3,0.000195094,61298,62,950,312,18880,20762,2505,6024,24967
6900,,TRACKING,8,6000000,6528,598,598,304,0.0372462,2,0.000133991,61306,58,908,119,2885,3133,385,6024,4785
6907,,TRACKING,7,6000000,6528,2071,2071,1497,0.0358432,3,0.00016942,61387,49,916,287,16694,18251,2536,6024,22218
6914,LiDAR scans overlap a previously propagated interval,TRACKING,7,6000000,6528,2071,2071,1497,0.0358432,3,0.00016942,61387,49,916,287,16694,18251,2536,6024,22218
6921,,TRACKING,14,6000000,6528,559,559,292,0.035763,3,5.67205e-05,61395,94,879,104,3795,4122,321,6024,5655
6927,LiDAR scans overlap a previously propagated interval,TRACKING,14,6000000,6528,559,559,292,0.035763,3,5.67205e-05,61395,94,879,104,3795,4122,321,6024,5655
6935,,TRACKING,14,6000000,6528,2406,2406,1925,0.0329676,4,0.000586073,61501,90,897,303,24412,26980,2581,6024,31040
6941,,TRACKING,7,6000000,6528,651,651,349,0.0333254,3,7.11297e-05,61509,54,988,126,5119,5562,475,6702,14046
6948,LiDAR scans overlap a previously propagated interval,TRACKING,7,6000000,6528,651,651,349,0.0333254,3,7.11297e-05,61509,54,988,126,5119,5562,475,6702,14046
6954,,TRACKING,14,6000000,6528,2379,2379,1918,0.0359861,5,0.000114372,61626,121,1109,388,30959,34208,2015,6702,38038
6962,,TRACKING,8,6000000,6528,816,816,449,0.0381469,3,5.33698e-05,61637,54,835,132,5641,6117,516,6702,7796
6968,,TRACKING,8,6000000,6528,1802,1802,1294,0.0366796,4,2.80771e-05,61717,54,883,240,18552,20289,1624,6702,23232
6975,LiDAR scans overlap a previously propagated interval,TRACKING,8,6000000,6528,1802,1802,1294,0.0366796,4,2.80771e-05,61717,54,883,240,18552,20289,1624,6702,23232
6982,,TRACKING,13,6000000,6528,973,973,585,0.037599,3,3.95331e-05,61732,91,902,179,7383,8030,741,6702,10083
6988,LiDAR scans overlap a previously propagated interval,TRACKING,13,6000000,6528,973,973,585,0.037599,3,3.95331e-05,61732,91,902,179,7383,8030,741,6702,10083
6996,,TRACKING,14,6000000,6528,2262,2262,1859,0.0361051,4,0.000502393,61856,100,945,335,22351,24871,2003,6702,28461
7002,,TRACKING,7,6000000,6528,1024,1024,628,0.0386861,4,0.000330896,61880,50,911,168,9922,10767,704,6702,12740
7009,,TRACKING,8,6000000,6528,1665,1665,1096,0.042183,3,0.000321425,61958,57,922,237,13275,14499,1567,6702,17416
7016,,TRACKING,8,6000000,6528,2199,2199,1814,0.0321101,3,0.000645236,62069,57,919,290,17360,19268,2146,6702,22908
7023,,TRACKING,8,6000000,6528,1149,1149,715,0.0422193,3,3.81586e-05,62105,62,921,185,8858,9633,888,6702,11849
7029,,TRACKING,8,6000000,6528,1582,1582,1063,0.0418196,3,0.000153449,62179,57,941,234,12872,14015,1566,6336,23294
7036,LiDAR scans overlap a previously propagated interval,TRACKING,8,6000000,6528,1582,1582,1063,0.0418196,3,0.000153449,62179,57,941,234,12872,14015,1566,6336,23294
7043,,TRACKING,13,6000000,6528,1221,1221,732,0.0451506,3,0.000220432,62222,97,973,198,10160,10958,1028,6336,13387
7050,LiDAR scans overlap a previously propagated interval,TRACKING,13,6000000,6528,1221,1221,732,0.0451506,3,0.000220432,62222,97,973,198,10160,10958,1028,6336,13387
7057,,TRACKING,14,6000000,6528,2169,2169,1829,0.0343577,4,0.000194605,62346,108,960,308,22105,24587,1938,6336,28130
7063,,TRACKING,7,6000000,6528,1328,1328,817,0.0461481,3,6.62982e-05,62414,52,941,244,10367,11229,1085,6336,13712
7070,LiDAR scans overlap a previously propagated interval,TRACKING,7,6000000,6528,1328,1328,817,0.0461481,3,6.62982e-05,62414,52,941,244,10367,11229,1085,6336,13712
7077,,TRACKING,14,7000000,6528,2107,2107,1717,0.0355516,4,0.000276318,62526,103,926,319,21057,23327,1908,6336,26787
7084,,TRACKING,8,6000000,6528,1385,1385,893,0.0511131,3,0.000359694,62618,56,912,178,11250,12195,1209,6336,14729
7090,,TRACKING,8,6000000,6528,1268,1268,771,0.0456872,3,0.000158709,62678,57,900,190,9418,10238,1050,6336,12545
7097,LiDAR scans overlap a previously propagated interval,TRACKING,8,6000000,6528,1268,1268,771,0.0456872,3,0.000158709,62678,57,900,190,9418,10238,1050,6336,12545
7104,,TRACKING,13,6000000,6528,1405,1405,900,0.0473679,4,0.000533199,62756,89,900,192,14924,16196,1310,6336,18823
7111,LiDAR scans overlap a previously propagated interval,TRACKING,13,6000000,6528,1405,1405,900,0.0473679,4,0.000533199,62756,89,900,192,14924,16196,1310,6336,18823
7118,,TRACKING,14,6000000,6528,2209,2209,1811,0.0400022,4,0.000175121,62906,95,911,313,22435,24939,1903,6336,28409
7124,,TRACKING,8,6000000,6528,1546,1546,1039,0.0466575,3,0.000240976,62993,58,920,204,12972,14165,2165,6336,17692
7131,,TRACKING,8,6000000,6528,1068,1068,599,0.0456035,2,0.000396001,63037,62,980,171,5726,6193,807,6467,14784
7138,,TRACKING,7,6000000,6528,2282,2282,1876,0.040206,3,0.000566808,63228,59,1040,356,18984,20998,2071,6467,24751
7145,,TRACKING,8,6000000,6528,1664,1664,1098,0.0459645,3,5.37377e-05,63329,76,1000,239,15842,17243,2001,6467,20760
7152,,TRACKING,8,6000000,6528,1058,1058,626,0.0428796,3,1.60331e-06,63363,51,857,161,7499,8115,814,6467,10090
7158,LiDAR scans overlap a previously propagated interval,TRACKING,8,6000000,6528,1058,1058,626,0.0428796,3,1.60331e-06,63363,51,857,161,7499,8115,814,6467,10090
7165,,TRACKING,14,6000000,6528,1792,1792,1182,0.0464817,3,0.000958028,63485,93,858,237,15055,16314,1827,6467,19480
7172,LiDAR scans overlap a previously propagated interval,TRACKING,14,6000000,6528,1792,1792,1182,0.0464817,3,0.000958028,63485,93,858,237,15055,16314,1827,6467,19480
7179,,TRACKING,13,6000000,6528,2629,2629,2162,0.0411484,3,0.000893198,63723,105,948,339,19895,22030,2310,6467,25966
7186,,TRACKING,8,6000000,6528,1887,1887,1327,0.0476795,3,0.000186846,63868,56,877,200,13766,15098,1826,6467,18263
7192,LiDAR scans overlap a previously propagated interval,TRACKING,8,6000000,6528,1887,1887,1327,0.0476795,3,0.000186846,63868,56,877,200,13766,15098,1826,6467,18263
7199,,TRACKING,13,6000000,6528,2929,2929,2461,0.0442454,3,0.000241949,64254,87,879,323,21007,23371,3119,6467,28064
7206,,TRACKING,8,6000000,6528,1986,1986,1365,0.046881,3,0.000581879,64422,61,910,230,14627,16012,2030,6467,19460
7213,,TRACKING,8,6000000,6528,785,785,458,0.0491029,3,0.000105491,64449,61,921,154,5834,6328,496,6467,8086
7219,LiDAR scans overlap a previously propagated interval,TRACKING,8,6000000,6528,785,785,458,0.0491029,3,0.000105491,64449,61,921,154,5834,6328,496,6467,8086
7226,,TRACKING,14,6000000,6528,2096,2096,1482,0.0421324,4,0.000168112,64623,97,917,260,21949,23983,2041,5790,33237
7233,LiDAR scans overlap a previously propagated interval,TRACKING,14,6000000,6528,2096,2096,1482,0.0421324,4,0.000168112,64623,97,917,260,21949,23983,2041,5790,33237
7240,,TRACKING,13,6000000,6528,3305,3305,2750,0.043327,4,0.000577182,65333,93,918,319,31132,34709,3827,5790,40144
7247,,TRACKING,8,6000000,6528,2355,2355,1735,0.0434037,3,0.000481464,65556,59,907,308,17338,19076,2899,5790,23589
7253,LiDAR scans overlap a previously propagated interval,TRACKING,8,6000000,6528,2355,2355,1735,0.0434037,3,0.000481464,65556,59,907,308,17338,19076,2899,5790,23589
7260,,TRACKING,13,6000000,6528,3142,3142,2608,0.0432349,4,0.000228888,66125,91,896,378,30857,34242,3495,5790,39392
7267,,TRACKING,8,6000000,6528,2454,2454,1817,0.0464756,3,0.000127023,66437,60,933,281,19235,21082,2784,5790,25377
7274,,TRACKING,8,6000000,6528,478,478,238,0.0469255,3,3.59099e-07,66453,58,907,89,3261,3554,337,5790,5034
7280,LiDAR scans overlap a previously propagated interval,TRACKING,8,6000000,6528,478,478,238,0.0469255,3,3.59099e-07,66453,58,907,89,3261,3554,337,5790,5034
7287,,TRACKING,14,6000000,6528,2549,2549,1974,0.0447895,4,0.000101122,66800,96,919,284,25322,27890,3174,5790,32577
7294,LiDAR scans overlap a previously propagated interval,TRACKING,14,6000000,6528,2549,2549,1974,0.0447895,4,0.000101122,66800,96,919,284,25322,27890,3174,5790,32577
7301,,TRACKING,13,6000000,6528,2962,2962,2391,0.042769,4,0.00016235,67196,94,924,382,28099,31192,3282,5790,36180
7308,,TRACKING,8,6000000,6528,2821,2821,2250,0.0435441,3,0.000318695,67567,56,910,308,20686,22893,3457,5790,27888
7314,LiDAR scans overlap a previously propagated interval,TRACKING,8,6000000,6528,2821,2821,2250,0.0435441,3,0.000318695,67567,56,910,308,20686,22893,3457,5790,27888
7321,,TRACKING,14,6000000,6528,2874,2874,2291,0.044742,4,0.000179728,67931,117,919,299,27555,30490,2666,5790,34753
7328,,TRACKING,7,6000000,6528,2947,2947,2295,0.041582,3,0.00033014,68253,50,901,325,21136,23310,2661,7143,34686
7335,,TRACKING,8,6000000,6528,340,340,180,0.0534887,3,1.09946e-07,68271,59,909,85,2245,2493,231,7143,3971
7341,LiDAR scans overlap a previously propagated interval,TRACKING,8,6000000,6528,340,340,180,0.0534887,3,1.09946e-07,68271,59,909,85,2245,2493,231,7143,3971
7348,,TRACKING,14,6000000,6528,3101,3101,2493,0.0413955,4,0.000148493,68614,91,895,347,29793,33260,2849,7143,37628
7355,LiDAR scans overlap a previously propagated interval,TRACKING,14,6000000,6528,3101,3101,2493,0.0413955,4,0.000148493,68614,91,895,347,29793,33260,2849,7143,37628
7362,,TRACKING,13,6000000,6528,2506,2506,1926,0.0446989,4,0.00016356,68903,92,926,275,24508,27014,2887,7143,31455
7369,,TRACKING,8,6000000,6528,3121,3121,2539,0.0384046,4,4.03075e-05,69232,57,908,372,29673,32959,4046,7143,38700
7375,LiDAR scans overlap a previously propagated interval,TRACKING,8,6000000,6528,3121,3121,2539,0.0384046,4,4.03075e-05,69232,57,908,372,29673,32959,4046,7143,38700
7382,,TRACKING,14,6000000,6528,2367,2367,1757,0.0449423,3,0.000168443,69467,99,931,256,17723,19517,2400,7143,23523
7389,,TRACKING,7,6000000,6528,3115,3115,2510,0.040043,3,0.000353157,69801,49,915,343,22030,24539,3259,7143,29399
7396,,TRACKING,8,6000000,6528,423,423,241,0.0404614,3,1.34294e-07,69817,53,857,75,2726,3007,273,7143,4381
7403,LiDAR scans overlap a previously propagated interval,TRACKING,8,6000000,6528,423,423,241,0.0404614,3,1.34294e-07,69817,53,857,75,2726,3007,273,7143,4381
7409,,TRACKING,14,6000000,6528,3071,3071,2565,0.0385818,3,0.000389482,70117,94,907,293,21524,24008,2728,7143,28238
7416,LiDAR scans overlap a previously propagated interval,TRACKING,14,6000000,6528,3071,3071,2565,0.0385818,3,0.000389482,70117,94,907,293,21524,24008,2728,7143,28238
7423,,TRACKING,13,6000000,6528,2139,2139,1522,0.0439906,4,0.000309051,70342,88,908,232,20804,22804,1858,7143,26116
7430,,TRACKING,8,6000000,6528,3150,3150,2660,0.0373768,4,0.000203934,70633,55,895,325,30168,33740,3079,7304,45655
7437,,TRACKING,8,6000000,6528,540,540,299,0.0469172,3,0.000177132,70657,60,917,106,3824,4174,452,7304,6223
7443,,TRACKING,8,6000000,6528,1901,1901,1283,0.0427912,3,0.000208368,70806,56,946,231,14840,16171,2030,7304,19585
7450,,TRACKING,7,6000000,6528,3084,3084,2588,0.0400298,4,0.000103788,71154,50,916,343,29069,32836,2733,7304,37117
7457,,TRACKING,8,6000000,6528,581,581,323,0.0402359,3,3.79812e-07,71177,57,898,91,3951,4311,426,7304,5899
7464,LiDAR scans overlap a previously propagated interval,TRACKING,8,6000000,6528,581,581,323,0.0402359,3,3.79812e-07,71177,57,898,91,3951,4311,426,7304,5899
7471,,TRACKING,14,6000000,6528,3203,3203,2704,0.0377281,3,0.000514226,71515,97,903,333,22658,25214,3143,7304,29913
7477,LiDAR scans overlap a previously propagated interval,TRACKING,14,6000000,6528,3203,3203,2704,0.0377281,3,0.000514226,71515,97,903,333,22658,25214,3143,7304,29913
7484,,TRACKING,13,6000000,6528,1539,1539,983,0.0498995,3,0.000221019,71654,125,922,251,11331,12315,1279,7304,15140
7491,,TRACKING,8,6000000,6528,3295,3295,2859,0.0375295,3,0.000154103,72037,58,931,347,22539,25315,3174,7304,30089
7497,LiDAR scans overlap a previously propagated interval,TRACKING,8,6000000,6528,3295,3295,2859,0.0375295,3,0.000154103,72037,58,931,347,22539,25315,3174,7304,30089
7504,,TRACKING,14,7000000,6528,1412,1412,902,0.0469721,3,0.000368208,72134,98,923,165,10633,11549,1281,7304,14200
7511,,TRACKING,7,6000000,6528,3392,3392,2950,0.0388171,3,0.00056796,72607,49,893,362,23915,26778,3115,7304,31491
7518,,TRACKING,8,6000000,6528,788,788,461,0.0517186,3,4.27552e-05,72637,60,861,134,5693,6206,844,6931,15254
7525,LiDAR scans overlap a previously propagated interval,TRACKING,8,6000000,6528,788,788,461,0.0517186,3,4.27552e-05,72637,60,861,134,5693,6206,844,6931,15254
7532,,TRACKING,14,6000000,6528,3412,3412,2906,0.0404372,4,0.000275129,73078,103,870,481,42287,47391,5808,6931,55058
7538,LiDAR scans overlap a previously propagated interval,TRACKING,14,6000000,6528,3412,3412,2906,0.0404372,4,0.000275129,73078,103,870,481,42287,47391,5808,6931,55058
7545,,TRACKING,13,6000000,6528,1115,1115,696,0.0437836,3,0.000104587,73135,110,1134,233,11649,12593,1282,6931,15650
7552,,TRACKING,8,6000000,6528,3478,3478,3029,0.0403068,4,5.07648e-05,73622,68,1104,452,36233,40712,3721,6931,46409
7559,LiDAR scans overlap a previously propagated interval,TRACKING,8,6000000,6528,3478,3478,3029,0.0403068,4,5.07648e-05,73622,68,1104,452,36233,40712,3721,6931,46409
7566,,TRACKING,14,6000000,6528,993,993,602,0.0537272,3,0.000212783,73690,96,903,176,7337,7983,1005,6931,10730
7572,,TRACKING,8,6000000,6528,3280,3280,2828,0.0409658,4,0.00014624,74185,53,869,380,36203,41185,5028,6931,47900
7579,,TRACKING,8,6000000,6528,1151,1151,715,0.0439448,3,0.000111901,74237,66,1017,497,11133,12084,1685,6931,15725
7586,LiDAR scans overlap a previously propagated interval,TRACKING,8,6000000,6528,1151,1151,715,0.0439448,3,0.000111901,74237,66,1017,497,11133,12084,1685,6931,15725
7593,,TRACKING,13,6000000,6528,3385,3385,2935,0.0423486,3,0.000315486,74729,114,1055,478,29341,32793,3917,6931,38742
7599,LiDAR scans overlap a previously propagated interval,TRACKING,13,6000000,6528,3385,3385,2935,0.0423486,3,0.000315486,74729,114,1055,478,29341,32793,3917,6931,38742
7606,,TRACKING,14,6000000,6528,713,713,411,0.0423649,3,0.000497792,74759,117,994,183,6129,6638,616,6931,8872
7613,,TRACKING,7,6000000,6528,3263,3263,2794,0.0420079,3,0.000351715,75234,54,1017,446,26421,29455,3580,6931,34999
7620,,TRACKING,8,6000000,6528,1399,1399,883,0.0464139,3,0.000246042,75321,57,861,226,11329,12288,1400,7422,22603
7627,LiDAR scans overlap a previously propagated interval,TRACKING,8,6000000,6528,1399,1399,883,0.0464139,3,0.000246042,75321,57,861,226,11329,12288,1400,7422,22603
7633,,TRACKING,14,6000000,6528,3302,3302,2792,0.044268,4,0.000140284,75793,103,931,498,36232,40676,3972,7422,46563
7640,,TRACKING,8,6000000,6528,1451,1451,927,0.0449015,3,0.000215905,75876,65,946,224,13316,14349,1486,7422,17360
7647,LiDAR scans overlap a previously propagated interval,TRACKING,8,6000000,6528,1451,1451,927,0.0449015,3,0.000215905,75876,65,946,224,13316,14349,1486,7422,17360
7654,,TRACKING,13,6000000,6528,3017,3017,2498,0.0431532,3,0.000388051,76275,94,946,360,22480,25006,2928,7422,29584
7660,LiDAR scans overlap a previously propagated interval,TRACKING,13,6000000,6528,3017,3017,2498,0.0431532,3,0.000388051,76275,94,946,360,22480,25006,2928,7422,29584
7667,,TRACKING,14,6000000,6528,441,441,253,0.0456493,3,0.000111625,76296,96,917,85,2987,3291,302,7422,4805
7674,,TRACKING,7,6000000,6528,2832,2832,2282,0.0402305,3,0.000395836,76606,48,927,298,20746,23012,2811,7422,27294
7681,LiDAR scans overlap a previously propagated interval,TRACKING,7,6000000,6528,2832,2832,2282,0.0402305,3,0.000395836,76606,48,927,298,20746,23012,2811,7422,27294
7688,,TRACKING,14,6000000,6528,351,351,200,0.0464003,3,7.15676e-05,76619,97,906,72,2458,2715,243,7422,4140
7695,,TRACKING,8,6000000,6528,2724,2724,2215,0.0432535,4,0.000406158,76915,53,912,300,26735,29761,3740,7422,35036
7702,,TRACKING,8,6000000,6528,1789,1789,1243,0.0459914,3,0.000169713,77073,65,914,299,12755,13972,1630,7422,17096
7708,LiDAR scans overlap a previously propagated interval,TRACKING,8,6000000,6528,1789,1789,1243,0.0459914,3,0.000169713,77073,65,914,299,12755,13972,1630,7422,17096
7715,,TRACKING,13,6000000,6528,2489,2489,1956,0.0410913,4,0.000112819,77324,91,934,259,24071,26634,2449,7422,30563
7722,LiDAR scans overlap a previously propagated interval,TRACKING,13,6000000,6528,2489,2489,1956,0.0410913,4,0.000112819,77324,91,934,259,24071,26634,2449,7422,30563
7729,,TRACKING,14,6000000,6528,363,363,215,0.0489284,3,2.38214e-05,77345,97,939,75,2590,2862,282,8433,12773
7735,,TRACKING,8,6000000,6528,2419,2419,1890,0.0450675,5,0.000128427,77606,58,916,304,30135,33499,2132,8433,37077
7742,,TRACKING,7,6000000,6528,2152,2152,1581,0.0432851,3,0.000309632,77777,49,920,230,16460,18179,2230,8433,21828
7749,,TRACKING,8,6000000,6528,348,348,215,0.0461947,3,2.4987e-05,77795,60,942,88,2432,2700,251,8433,4141
7756,,TRACKING,8,6000000,6528,2328,2328,1776,0.0437049,3,0.000135572,78020,54,897,340,17648,19413,2151,8433,23019
7763,,TRACKING,8,6000000,6528,2149,2149,1560,0.0455174,3,0.000343097,78214,57,898,239,16288,17885,2133,8433,21417
7769,LiDAR scans overlap a previously propagated interval,TRACKING,8,6000000,6528,2149,2149,1560,0.0455174,3,0.000343097,78214,57,898,239,16288,17885,2133,8433,21417
7776,,TRACKING,13,6000000,6528,2371,2371,1813,0.0428428,3,0.000553271,78400,91,996,269,17527,19362,2296,8433,23249
7783,LiDAR scans overlap a previously propagated interval,TRACKING,13,6000000,6528,2371,2371,1813,0.0428428,3,0.000553271,78400,91,996,269,17527,19362,2296,8433,23249
7790,,TRACKING,14,6000000,6528,373,373,199,0.0476074,3,7.09789e-08,78438,97,911,85,2637,2889,308,8433,4412
7796,,TRACKING,8,7000000,6528,2275,2275,1666,0.0421288,4,0.000392924,78594,53,895,273,22729,24957,2154,8433,28497
7803,LiDAR scans overlap a previously propagated interval,TRACKING,8,7000000,6528,2275,2275,1666,0.0421288,4,0.000392924,78594,53,895,273,22729,24957,2154,8433,28497
7810,,TRACKING,13,7000000,6528,392,392,230,0.0635828,3,5.58159e-05,78626,90,908,84,2701,2984,310,8433,4453
7817,,TRACKING,8,6000000,6528,2265,2265,1674,0.0449377,3,0.000383098,78812,53,915,246,17002,18663,2091,7375,29493
7824,,TRACKING,8,6000000,6528,2371,2371,1834,0.0421794,3,0.000315075,79041,58,897,302,17676,19688,1854,7375,23034
7830,LiDAR scans overlap a previously propagated interval,TRACKING,8,6000000,6528,2371,2371,1834,0.0421794,3,0.000315075,79041,58,897,302,17676,19688,1854,7375,23034
7837,,TRACKING,14,6000000,6528,2200,2200,1619,0.0481493,3,0.00018646,79218,96,916,232,15460,17052,1973,7375,20469
7844,LiDAR scans overlap a previously propagated interval,TRACKING,14,6000000,6528,2200,2200,1619,0.0481493,3,0.00018646,79218,96,916,232,15460,17052,1973,7375,20469
7851,,TRACKING,13,6000000,6528,517,517,315,0.0635036,3,0.000114841,79276,91,857,90,3539,3888,520,7375,5536
7857,,TRACKING,8,6000000,6528,1994,1994,1454,0.0463541,3,0.000697533,79436,51,883,225,14759,16208,2003,7375,19524
7864,,TRACKING,8,6000000,6528,2418,2418,1938,0.0399435,4,8.60742e-05,79640,56,899,271,22170,24866,2153,7375,28480
7871,,TRACKING,7,6000000,6528,554,554,336,0.0583203,3,9.47127e-05,79688,49,905,101,3837,4206,473,7375,5827
7879,,TRACKING,9,6000000,6528,1874,1874,1354,0.0459111,3,0.000839897,79865,62,898,208,14064,15411,1965,7375,18705
7886,,TRACKING,8,5000000,6528,2484,2484,2005,0.0384939,4,5.50618e-05,80055,55,911,289,23247,25831,2195,7375,29487
7894,LiDAR scans overlap a previously propagated interval,TRACKING,8,5000000,6528,2484,2484,2005,0.0384939,4,5.50618e-05,80055,55,911,289,23247,25831,2195,7375,29487
7902,,TRACKING,16,5000000,6528,1838,1838,1323,0.0463663,3,0.000549392,80207,108,909,210,12905,14187,1744,7375,17333
7909,LiDAR scans overlap a previously propagated interval,TRACKING,16,5000000,6528,1838,1838,1323,0.0463663,3,0.000549392,80207,108,909,210,12905,14187,1744,7375,17333
7917,,TRACKING,15,5000000,6528,597,597,361,0.0526381,3,0.000333769,80259,107,951,116,4409,4812,536,7852,14503
7925,,TRACKING,9,5000000,6528,1654,1654,1169,0.0467159,3,0.000134567,80421,64,1092,196,12522,13686,1797,7852,16985
7932,LiDAR scans overlap a previously propagated interval,TRACKING,9,5000000,6528,1654,1654,1169,0.0467159,3,0.000134567,80421,64,1092,196,12522,13686,1797,7852,16985
7940,,TRACKING,15,5000000,6528,690,690,412,0.0499668,3,2.05658e-05,80481,116,875,108,4677,5098,497,7852,6771
7948,,TRACKING,9,5000000,6528,1519,1519,1066,0.0491759,3,0.000428005,80624,64,895,175,10580,11565,1821,7852,14625
7955,,TRACKING,9,5000000,6528,2591,2591,2141,0.0402506,4,0.000347825,80826,65,899,337,24121,27191,2838,7852,31581
7963,LiDAR scans overlap a previously propagated interval,TRACKING,9,5000000,6528,2591,2591,2141,0.0402506,4,0.000347825,80826,65,899,337,24121,27191,2838,7852,31581
7971,,TRACKING,15,5000000,6528,1457,1457,1029,0.0504659,4,0.000183073,80957,112,904,226,14326,15664,1482,7852,18602
7978,LiDAR scans overlap a previously propagated interval,TRACKING,15,5000000,6528,1457,1457,1029,0.0504659,4,0.000183073,80957,112,904,226,14326,15664,1482,7852,18602
7986,,TRACKING,15,5000000,6528,921,921,587,0.0547276,3,0.000127032,81044,102,907,134,6950,7577,871,7852,9682
7993,,TRACKING,8,6000000,6528,1360,1360,949,0.0500896,3,0.000268751,81170,56,919,192,9635,10535,1142,7852,12941
8000,,TRACKING,8,6000000,6528,2583,2583,2161,0.0356705,4,2.102e-05,81345,57,908,279,23781,26550,1990,7852,29976
8006,,TRACKING,8,6000000,6528,1063,1063,674,0.0479511,3,0.000271809,81442,57,917,145,8228,8961,1067,7852,11271
8013,,TRACKING,7,6000000,6528,1231,1231,808,0.0507299,3,9.45592e-05,81539,50,917,199,9176,10009,1202,8276,20748
8019,,TRACKING,8,6000000,6528,2576,2576,2086,0.0368556,3,0.000199923,81710,61,917,394,17792,20327,1911,8276,23812
8026,LiDAR scans overlap a previously propagated interval,TRACKING,8,6000000,6528,2576,2576,2086,0.0368556,3,0.000199923,81710,61,917,394,17792,20327,1911,8276,23812
8032,,TRACKING,13,7000000,6528,1155,1155,788,0.0453285,3,0.000423264,81810,98,901,178,8593,9384,979,8276,11703
8039,LiDAR scans overlap a previously propagated interval,TRACKING,13,7000000,6528,1155,1155,788,0.0453285,3,0.000423264,81810,98,901,178,8593,9384,979,8276,11703
8045,,TRACKING,13,6000000,6528,1286,1286,880,0.0497191,3,0.000304777,81932,88,899,173,8943,9786,2819,8276,13865
8052,,TRACKING,7,6000000,6528,1053,1053,692,0.0483326,3,0.000150881,82017,47,883,127,8134,8854,811,8276,10812
8058,LiDAR scans overlap a previously propagated interval,TRACKING,7,6000000,6528,1053,1053,692,0.0483326,3,0.000150881,82017,47,883,127,8134,8854,811,8276,10812
8065,,TRACKING,13,6000000,6528,1396,1396,951,0.0452625,4,0.000146234,82118,83,849,151,11941,13095,977,8276,15263
8072,,TRACKING,8,6000000,6528,925,925,573,0.0465762,3,0.000194808,82193,55,910,120,6677,7290,733,8276,9192
8078,,TRACKING,8,6000000,6528,2664,2664,2174,0.0386029,4,0.000265226,82373,65,909,325,25209,28095,2131,8276,31729
8085,LiDAR scans overlap a previously propagated interval,TRACKING,8,6000000,6528,2664,2664,2174,0.0386029,4,0.000265226,82373,65,909,325,25209,28095,2131,8276,31729
8091,,TRACKING,13,6000000,6528,808,808,506,0.0439429,3,0.000148142,82417,95,900,124,5767,6296,589,8276,8120
8098,LiDAR scans overlap a previously propagated interval,TRACKING,13,6000000,6528,808,808,506,0.0439429,3,0.000148142,82417,95,900,124,5767,6296,589,8276,8120
8104,,TRACKING,13,7000000,6528,1522,1522,1039,0.0445028,3,0.000253833,82536,88,910,174,11063,12109,1279,8276,14685
8111,,TRACKING,7,6000000,6528,694,694,408,0.0406769,3,6.30553e-05,82560,48,928,115,4742,5160,571,7803,14695
8117,,TRACKING,8,6000000,6528,2622,2622,2154,0.0395698,4,0.000384594,82744,62,939,323,25272,28319,3855,7803,33702
8124,,TRACKING,7,6000000,6528,1689,1689,1182,0.0393455,3,1.25768e-05,82857,55,892,237,12251,13371,1354,7803,16128
8130,,TRACKING,8,6000000,6528,652,652,394,0.0448524,3,1.26365e-06,82891,55,895,93,4311,4716,468,7803,6294
8137,,TRACKING,7,6000000,6528,2576,2576,2038,0.0399519,4,0.000181758,83070,49,904,240,24629,27395,2514,7803,31372
8143,LiDAR scans overlap a previously propagated interval,TRACKING,7,6000000,6528,2576,2576,2038,0.0399519,4,0.000181758,83070,49,904,240,24629,27395,2514,7803,31372
8150,,TRACKING,14,6000000,6528,662,662,384,0.0462849,2,0.000164564,83095,103,920,111,3342,3628,498,7803,5377
8156,LiDAR scans overlap a previously propagated interval,TRACKING,14,6000000,6528,662,662,384,0.0462849,2,0.000164564,83095,103,920,111,3342,3628,498,7803,5377
8163,,TRACKING,13,6000000,6528,1941,1941,1304,0.0458771,3,0.000287948,83222,87,898,217,14805,16146,1922,7803,19426
8170,,TRACKING,7,6000000,6528,528,528,301,0.0390664,3,3.17383e-05,83235,50,897,100,3537,3876,338,7803,5334
8176,LiDAR scans overlap a previously propagated interval,TRACKING,7,6000000,6528,528,528,301,0.0390664,3,3.17383e-05,83235,50,897,100,3537,3876,338,7803,5334
8183,,TRACKING,13,6000000,6528,2043,2043,1455,0.0446007,4,3.69948e-05,83374,85,919,220,20521,22478,1759,7803,25590
8189,,TRACKING,8,7000000,6528,537,537,286,0.0430538,3,0.000243981,83392,56,902,91,3607,3934,355,7803,5413
8196,,TRACKING,7,6000000,6528,2536,2536,1998,0.0390169,3,0.000733953,83586,46,912,266,18174,20098,2115,7623,31223
8202,LiDAR scans overlap a previously propagated interval,TRACKING,7,6000000,6528,2536,2536,1998,0.0390169,3,0.000733953,83586,46,912,266,18174,20098,2115,7623,31223
8209,,TRACKING,13,6000000,6528,484,484,255,0.04318,3,3.33297e-05,83603,91,898,89,3305,3621,354,7623,5177
8215,LiDAR scans overlap a previously propagated interval,TRACKING,13,6000000,6528,484,484,255,0.04318,3,3.33297e-05,83603,91,898,89,3305,3621,354,7623,5177
8222,,TRACKING,13,6000000,6528,2291,2291,1650,0.0407419,3,0.000772352,83774,89,902,269,16702,18293,1903,7623,21604
8229,,TRACKING,8,6000000,6528,376,376,196,0.0416624,3,0.000111841,83783,57,917,77,2542,2790,227,7623,4145
8235,LiDAR scans overlap a previously propagated interval,TRACKING,8,6000000,6528,376,376,196,0.0416624,3,0.000111841,83783,57,917,77,2542,2790,227,7623,4145
8242,,TRACKING,13,6000000,6528,2439,2439,1785,0.042469,4,7.38841e-05,83962,89,918,286,23267,25617,2412,7623,29508
8248,,TRACKING,8,6000000,6528,320,320,177,0.0399384,2,0.000109805,83967,56,908,72,1444,1604,194,7623,2924
8255,,TRACKING,7,6000000,6528,2607,2607,1976,0.0416297,3,0.000105622,84166,44,899,288,18417,20455,2718,7623,24641
8261,LiDAR scans overlap a previously propagated interval,TRACKING,7,6000000,6528,2607,2607,1976,0.0416297,3,0.000105622,84166,44,899,288,18417,20455,2718,7623,24641
8268,,TRACKING,13,7000000,6528,321,321,161,0.0443676,3,0.000144536,84177,91,896,81,2199,2425,208,7623,3810
8274,LiDAR scans overlap a previously propagated interval,TRACKING,13,7000000,6528,321,321,161,0.0443676,3,0.000144536,84177,91,896,81,2199,2425,208,7623,3810
8281,,TRACKING,13,6000000,6528,2521,2521,1932,0.0386756,4,0.000614272,84370,86,918,289,24409,26936,2152,7623,30566
8287,,TRACKING,8,6000000,6528,341,341,175,0.039526,2,0.000151543,84378,55,893,74,1559,1714,228,7623,3052
8294,LiDAR scans overlap a previously propagated interval,TRACKING,8,6000000,6528,341,341,175,0.039526,2,0.000151543,84378,55,893,74,1559,1714,228,7623,3052
8300,,TRACKING,13,6000000,6528,2745,2745,2140,0.0409937,5,0.000297758,84593,86,1015,311,33050,36645,2548,8419,49203
8307,,TRACKING,7,6000000,6528,269,269,135,0.0427587,3,2.9575e-07,84599,56,899,65,1823,2028,144,8419,3323
8314,,TRACKING,8,6000000,6528,2258,2258,1633,0.0446202,3,0.00105343,84795,51,895,245,16496,18144,2098,8419,21607
8320,LiDAR scans overlap a previously propagated interval,TRACKING,8,6000000,6528,2258,2258,1633,0.0446202,3,0.00105343,84795,51,895,245,16496,18144,2098,8419,21607
8327,,TRACKING,13,6000000,6528,301,301,142,0.0423828,3,7.79312e-08,84799,90,896,71,2037,2241,178,8419,3544
8333,LiDAR scans overlap a previously propagated interval,TRACKING,13,6000000,6528,301,301,142,0.0423828,3,7.79312e-08,84799,90,896,71,2037,2241,178,8419,3544
8340,,TRACKING,13,7000000,6528,2999,2999,2351,0.0420182,4,0.00105017,85090,87,918,322,28883,32137,2532,8419,36184
8346,,TRACKING,8,7000000,6528,339,339,155,0.0285385,3,1.70998e-10,85093,56,902,72,2323,2535,184,8419,3844
8353,,TRACKING,7,7000000,6528,2022,2022,1442,0.0406488,3,5.24029e-05,85245,47,916,251,15265,16678,1849,8419,19868
8360,,TRACKING,8,7000000,6528,3062,3062,2429,0.0386441,3,0.000153433,85513,55,897,331,22501,24978,2908,8419,29421
8366,,TRACKING,7,6000000,6528,430,430,223,0.040404,3,0.000102105,85524,49,876,86,2969,3249,276,8419,4657
8373,,TRACKING,8,6000000,6528,1908,1908,1359,0.0419139,3,0.000416699,85661,53,893,236,14237,15531,1397,8419,18228
8379,LiDAR scans overlap a previously propagated interval,TRACKING,8,6000000,6528,1908,1908,1359,0.0419139,3,0.000416699,85661,53,893,236,14237,15531,1397,8419,18228
8386,,TRACKING,14,6000000,6528,495,495,241,0.043932,3,6.88466e-07,85680,95,903,88,3394,3673,290,7816,12937
8393,LiDAR scans overlap a previously propagated interval,TRACKING,14,6000000,6528,495,495,241,0.043932,3,6.88466e-07,85680,95,903,88,3394,3673,290,7816,12937
8400,,TRACKING,13,7000000,6528,3104,3104,2495,0.0422332,5,0.000299614,85999,96,895,421,36914,40860,2725,7816,45208
8407,,TRACKING,8,6000000,6528,660,660,352,0.0426758,3,7.04606e-05,86020,56,896,102,4670,5051,474,7816,6700
8413,LiDAR scans overlap a previously propagated interval,TRACKING,8,6000000,6528,660,660,352,0.0426758,3,7.04606e-05,86020,56,896,102,4670,5051,474,7816,6700
8420,,TRACKING,14,6000000,6528,3089,3089,2546,0.0380252,3,0.000767526,86340,96,910,370,21654,24015,3258,7816,28862
8427,,TRACKING,7,6000000,6528,776,776,435,0.047445,3,6.93552e-05,86375,53,915,142,5741,6213,544,7816,8082
8434,,TRACKING,8,6000000,6528,1556,1556,1007,0.0438064,3,0.000143091,86487,55,914,203,11425,12401,1313,7816,14988
8440,LiDAR scans overlap a previously propagated interval,TRACKING,8,6000000,6528,1556,1556,1007,0.0438064,3,0.000143091,86487,55,914,203,11425,12401,1313,7816,14988
8447,,TRACKING,14,6000000,6528,909,909,482,0.0429925,3,9.62783e-05,86523,96,920,136,6539,7071,613,7816,8921
8454,LiDAR scans overlap a previously propagated interval,TRACKING,14,6000000,6528,909,909,482,0.0429925,3,9.62783e-05,86523,96,920,136,6539,7071,613,7816,8921
8461,,TRACKING,13,6000000,6528,3170,3170,2703,0.0371548,4,0.000105765,86849,91,941,376,29848,33409,2769,7816,37805
8468,,TRACKING,8,6000000,6528,1001,1001,545,0.0415276,3,6.44964e-05,86886,57,916,172,7459,8044,688,7816,10048
8474,LiDAR scans overlap a previously propagated interval,TRACKING,8,6000000,6528,1001,1001,545,0.0415276,3,6.44964e-05,86886,57,916,172,7459,8044,688,7816,10048
8481,,TRACKING,14,6000000,6528,3228,3228,2771,0.0358496,4,0.000245203,87221,104,920,378,30209,33841,2742,7816,38206
8488,,TRACKING,7,6000000,6528,1083,1083,625,0.0412057,3,7.27229e-05,87260,49,932,147,8253,8931,838,8334,19370
8495,,TRACKING,8,6000000,6528,1081,1081,593,0.0411218,3,5.61376e-05,87295,60,918,160,8193,8869,937,8334,11036
8502,LiDAR scans overlap a previously propagated interval,TRACKING,8,6000000,6528,1081,1081,593,0.0411218,3,5.61376e-05,87295,60,918,160,8193,8869,937,8334,11036
8508,,TRACKING,14,6000000,6528,1139,1139,607,0.0378312,3,0.00033401,87333,99,954,177,8352,8982,895,8334,11185
8515,LiDAR scans overlap a previously propagated interval,TRACKING,14,6000000,6528,1139,1139,607,0.0378312,3,0.00033401,87333,99,954,177,8352,8982,895,8334,11185
8522,,TRACKING,13,6000000,6528,3078,3078,2662,0.034993,3,0.000263898,87588,95,943,379,22352,24967,3043,8334,29660
8529,,TRACKING,8,6000000,6528,1379,1379,804,0.0421852,3,0.000334484,87643,57,939,187,10933,11789,1122,8334,14257
8535,LiDAR scans overlap a previously propagated interval,TRACKING,8,6000000,6528,1379,1379,804,0.0421852,3,0.000334484,87643,57,939,187,10933,11789,1122,8334,14257
8542,,TRACKING,14,6000000,6528,3097,3097,2620,0.034155,4,9.74686e-05,87846,102,941,379,29311,32674,2699,8334,37029
8549,,TRACKING,7,6000000,6528,1566,1566,946,0.0401308,3,5.55105e-05,87907,54,919,197,11708,12687,1371,8334,15402
8556,,TRACKING,8,6000000,6528,823,823,451,0.0434932,3,6.73519e-05,87933,56,909,134,5838,6306,589,8334,8071
8563,LiDAR scans overlap a previously propagated interval,TRACKING,8,6000000,6528,823,823,451,0.0434932,3,6.73519e-05,87933,56,909,134,5838,6306,589,8334,8071
8569,,TRACKING,14,6000000,6528,1633,1633,1009,0.0378518,3,0.000443093,87999,95,920,214,12059,13079,1610,8334,16042
8576,LiDAR scans overlap a previously propagated interval,TRACKING,14,6000000,6528,1633,1633,1009,0.0378518,3,0.000443093,87999,95,920,214,12059,13079,1610,8334,16042
8583,,TRACKING,13,6000000,6528,3064,3064,2512,0.0322982,4,0.000221296,88172,93,921,393,28885,32094,2578,8334,36325
8590,,TRACKING,8,6000000,6528,1790,1790,1157,0.0369917,3,4.59582e-05,88252,57,935,225,13695,14904,1801,8785,26893
8597,,TRACKING,8,6000000,6528,621,621,327,0.0345942,2,0.00019905,88268,58,903,99,3020,3285,462,8785,4897
8603,,TRACKING,8,6000000,6528,3121,3121,2576,0.0355685,3,0.000307153,88456,51,864,328,22224,24611,2590,8785,28642
8610,,TRACKING,7,6000000,6528,1907,1907,1200,0.0397242,3,5.89602e-05,88551,50,886,238,14536,15780,1757,8785,18900
8617,,TRACKING,8,6000000,6528,469,469,246,0.034592,3,1.39772e-07,88554,57,919,97,3289,3591,265,8785,5001
8624,LiDAR scans overlap a previously propagated interval,TRACKING,8,6000000,6528,469,469,246,0.034592,3,1.39772e-07,88554,57,919,97,3289,3591,265,8785,5001
8631,,TRACKING,14,6000000,6528,2007,2007,1347,0.0407206,4,5.36354e-05,88653,93,859,239,20450,22284,1675,8785,25273
8637,LiDAR scans overlap a previously propagated interval,TRACKING,14,6000000,6528,2007,2007,1347,0.0407206,4,5.36354e-05,88653,93,859,239,20450,22284,1675,8785,25273
8644,,TRACKING,14,6000000,6528,3210,3210,2579,0.0346091,3,0.000128842,88811,96,911,367,23364,25845,2903,8785,30369
8651,,TRACKING,7,6000000,6528,2202,2202,1533,0.037455,3,9.71919e-05,88935,49,886,267,17033,18565,2415,8785,22394
8658,LiDAR scans overlap a previously propagated interval,TRACKING,7,6000000,6528,2202,2202,1533,0.037455,3,9.71919e-05,88935,49,886,267,17033,18565,2415,8785,22394
8664,,TRACKING,14,6000000,6528,3108,3108,2431,0.0337446,3,0.000225489,89096,98,901,386,23864,26225,2686,8785,30570
8671,,TRACKING,8,6000000,6528,2351,2351,1651,0.0361915,3,5.72678e-05,89211,59,926,275,17719,19336,2311,8785,23122
8678,,TRACKING,7,6000000,6528,186,186,95,0.035371,2,9.44486e-07,89212,49,898,58,883,991,108,8308,10482
8685,LiDAR scans overlap a previously propagated interval,TRACKING,7,6000000,6528,186,186,95,0.035371,2,9.44486e-07,89212,49,898,58,883,991,108,8308,10482
8692,,TRACKING,14,6000000,6528,2515,2515,1769,0.0346736,3,0.000841716,89338,101,900,352,18647,20307,2062,8308,23890
8698,LiDAR scans overlap a previously propagated interval,TRACKING,14,6000000,6528,2515,2515,1769,0.0346736,3,0.000841716,89338,101,900,352,18647,20307,2062,8308,23890
8705,,TRACKING,14,6000000,6528,2945,2945,2223,0.0375256,3,0.00025676,89503,97,909,331,21423,23505,2688,8308,27779
8712,,TRACKING,7,6000000,6528,2653,2653,1945,0.0341634,3,0.000259363,89612,50,900,311,19465,21316,2528,8308,25337
8719,LiDAR scans overlap a previously propagated interval,TRACKING,7,6000000,6528,2653,2653,1945,0.0341634,3,0.000259363,89612,50,900,311,19465,21316,2528,8308,25337
8726,,TRACKING,14,6000000,6528,2859,2859,2125,0.0376149,4,0.000320806,89784,119,895,356,27987,30680,2660,8308,34977
8732,,TRACKING,8,6000000,6528,2818,2818,2096,0.0347069,3,6.763e-05,89942,57,937,334,20789,22815,2482,8308,26868
8739,,TRACKING,8,6000000,6528,154,154,63,0.0410761,2,2.91129e-06,89944,55,883,55,698,791,91,8308,1963
8746,LiDAR scans overlap a previously propagated interval,TRACKING,8,6000000,6528,154,154,63,0.0410761,2,2.91129e-06,89944,55,883,55,698,791,91,8308,1963
8753,,TRACKING,13,6000000,6528,2880,2880,2181,0.0325985,4,5.89329e-05,90126,83,927,322,27881,30695,2887,8308,35121
8759,LiDAR scans overlap a previously propagated interval,TRACKING,13,6000000,6528,2880,2880,2181,0.0325985,4,5.89329e-05,90126,83,927,322,27881,30695,2887,8308,35121
8766,,TRACKING,14,6000000,6528,2373,2373,1675,0.039474,4,0.000210734,90256,103,881,464,24203,26368,2201,8308,30371
8773,,TRACKING,7,6000000,6528,3112,3112,2411,0.0359024,3,0.000530798,90461,50,939,418,24439,26923,3391,8308,32044
8780,LiDAR scans overlap a previously propagated interval,TRACKING,7,6000000,6528,3112,3112,2411,0.0359024,3,0.000530798,90461,50,939,418,24439,26923,3391,8308,32044
8787,,TRACKING,14,6000000,6528,2094,2094,1413,0.0386829,4,6.51429e-05,90548,94,869,296,21509,23385,2039,8451,35408
8793,,TRACKING,8,6000000,6528,3123,3123,2482,0.0361545,3,0.000239172,90758,57,909,355,23201,25628,2899,8451,30104
8800,,TRACKING,8,6000000,6528,336,336,154,0.0322763,2,5.13967e-05,90761,57,897,74,1559,1700,202,8451,3039
8807,LiDAR scans overlap a previously propagated interval,TRACKING,8,6000000,6528,336,336,154,0.0322763,2,5.13967e-05,90761,57,897,74,1559,1700,202,8451,3039
8814,,TRACKING,13,6000000,6528,3092,3092,2459,0.0353444,3,0.00015125,90983,85,894,335,22460,24870,2614,8451,28988
8820,LiDAR scans overlap a previously propagated interval,TRACKING,13,6000000,6528,3092,3092,2459,0.0353444,3,0.00015125,90983,85,894,335,22460,24870,2614,8451,28988
8828,,TRACKING,14,6000000,6528,1804,1804,1181,0.0383227,3,0.000558677,91063,100,903,243,14026,15174,1440,8451,18056
8834,,TRACKING,7,6000000,6528,3088,3088,2432,0.0355825,3,0.000273291,91280,48,894,338,22971,25353,3051,8451,29927
8841,,TRACKING,8,6000000,6528,495,495,242,0.0342927,2,3.10425e-05,91287,58,896,98,2476,2682,420,8451,4286
8848,,TRACKING,8,6000000,6528,1638,1638,1013,0.0400712,3,2.96354e-05,91343,53,893,218,12836,13850,1292,8451,16409
8854,,TRACKING,8,6000000,6528,3045,3045,2426,0.036594,3,0.000128639,91526,55,895,369,22687,25010,2918,8451,29498
8861,,TRACKING,8,6000000,6528,482,482,257,0.035059,3,4.32381e-05,91531,58,899,93,3347,3645,291,8451,5104
8868,LiDAR scans overlap a previously propagated interval,TRACKING,8,6000000,6528,482,482,257,0.035059,3,4.32381e-05,91531,58,899,93,3347,3645,291,8451,5104
8875,,TRACKING,13,6000000,6528,3041,3041,2421,0.0336308,3,0.000402323,91688,85,897,360,22909,25284,3020,8967,38822
8881,LiDAR scans overlap a previously propagated interval,TRACKING,13,6000000,6528,3041,3041,2421,0.0336308,3,0.000402323,91688,85,897,360,22909,25284,3020,8967,38822
8889,,TRACKING,14,6000000,6528,1411,1411,822,0.0401019,3,0.000159817,91734,99,920,248,11036,11853,1158,8967,14493
8895,,TRACKING,8,6000000,6528,2820,2820,2297,0.0348798,3,0.0001604,91873,54,894,330,21064,23212,2347,8967,27038
8902,LiDAR scans overlap a previously propagated interval,TRACKING,8,6000000,6528,2820,2820,2297,0.0348798,3,0.0001604,91873,54,894,330,21064,23212,2347,8967,27038
8909,,TRACKING,13,6000000,6528,1261,1261,772,0.0392117,3,6.37124e-05,91919,88,897,179,9358,10140,980,8967,12431
8916,,TRACKING,8,6000000,6528,2676,2676,2146,0.033637,3,7.84728e-05,92047,55,894,344,19669,21856,2836,8967,26176
8923,,TRACKING,8,6000000,6528,708,708,364,0.0379355,3,1.17262e-07,92058,64,904,133,5209,5606,499,8967,7384
8929,LiDAR scans overlap a previously propagated interval,TRACKING,8,6000000,6528,708,708,364,0.0379355,3,1.17262e-07,92058,64,904,133,5209,5606,499,8967,7384
8936,,TRACKING,13,6000000,6528,2654,2654,2124,0.0347537,3,0.000199796,92196,88,897,365,19916,21982,2557,8967,26119
8943,LiDAR scans overlap a previously propagated interval,TRACKING,13,6000000,6528,2654,2654,2124,0.0347537,3,0.000199796,92196,88,897,365,19916,21982,2557,8967,26119
8950,,TRACKING,14,6000000,6528,1140,1140,672,0.0434222,3,0.000222888,92246,94,884,169,8309,8958,865,8967,11111
8956,,TRACKING,8,6000000,6528,2706,2706,2207,0.0352333,4,0.000223076,92385,54,895,318,25912,28844,2171,8967,32496
8963,LiDAR scans overlap a previously propagated interval,TRACKING,8,6000000,6528,2706,2706,2207,0.0352333,4,0.000223076,92385,54,895,318,25912,28844,2171,8967,32496
8970,,TRACKING,13,6000000,6528,1001,1001,558,0.0405966,3,0.000171411,92409,94,894,184,7788,8383,757,8967,10462
8977,,TRACKING,8,6000000,6528,2618,2618,2142,0.0321778,3,0.000585284,92548,55,914,327,19098,21186,2240,9160,34130
8984,,TRACKING,8,6000000,6528,1119,1119,642,0.0385426,3,6.43358e-05,92574,57,898,159,8365,9023,1022,9160,11339
8990,LiDAR scans overlap a previously propagated interval,TRACKING,8,6000000,6528,1119,1119,642,0.0385426,3,6.43358e-05,92574,57,898,159,8365,9023,1022,9160,11339
8997,,TRACKING,13,6000000,6528,2663,2663,2182,0.0309946,3,0.00011634,92686,93,919,399,18986,21092,2126,9160,24865
9004,LiDAR scans overlap a previously propagated interval,TRACKING,13,6000000,6528,2663,2663,2182,0.0309946,3,0.00011634,92686,93,919,399,18986,21092,2126,9160,24865
9011,,TRACKING,14,6000000,6528,800,800,418,0.0425312,3,8.49257e-05,92705,100,931,145,6306,6767,569,9160,8659
9018,,TRACKING,8,6000000,6528,2593,2593,2104,0.0328732,4,0.000344096,92813,56,940,358,26075,28925,2109,9160,32592
9024,LiDAR scans overlap a previously propagated interval,TRACKING,8,6000000,6528,2593,2593,2104,0.0328732,4,0.000344096,92813,56,940,358,26075,28925,2109,9160,32592
9031,,TRACKING,13,6000000,6528,731,731,380,0.0401903,3,3.38851e-05,92831,94,948,122,5764,6226,573,9160,8073
9038,,TRACKING,8,6000000,6528,2555,2555,2052,0.0356673,4,0.000264191,92949,61,947,353,26967,29882,2217,9160,33648
9045,,TRACKING,8,6000000,6528,1611,1611,1055,0.0394393,3,0.000339651,93017,61,939,246,12781,13864,1367,9160,16656
9051,LiDAR scans overlap a previously propagated interval,TRACKING,8,6000000,6528,1611,1611,1055,0.0394393,3,0.000339651,93017,61,939,246,12781,13864,1367,9160,16656
9058,,TRACKING,14,6000000,6528,2516,2516,1987,0.0332647,3,0.000425254,93120,99,941,306,19169,21201,2155,9160,24908
9065,LiDAR scans overlap a previously propagated interval,TRACKING,14,6000000,6528,2516,2516,1987,0.0332647,3,0.000425254,93120,99,941,306,19169,21201,2155,9160,24908
9072,,TRACKING,13,6000000,6528,528,528,274,0.0399581,2,0.00032949,93134,92,941,103,2712,2937,343,9160,4513
9079,,TRACKING,8,6000000,6528,2589,2589,2008,0.0321728,3,0.000642042,93227,55,937,320,19838,21806,1959,9119,34365
9085,LiDAR scans overlap a previously propagated interval,TRACKING,8,6000000,6528,2589,2589,2008,0.0321728,3,0.000642042,93227,55,937,320,19838,21806,1959,9119,34365
9092,,TRACKING,13,6000000,6528,479,479,218,0.0371873,2,2.39478e-05,93236,95,927,111,2422,2616,323,9119,4223
9099,,TRACKING,8,6000000,6528,2537,2537,1985,0.0340032,3,0.00159641,93342,54,919,352,19168,21084,2139,9119,24737
9106,,TRACKING,8,6000000,6528,1893,1893,1326,0.0346018,2,6.4562e-05,93411,61,920,304,10049,10938,1570,9119,14015
9112,LiDAR scans overlap a previously propagated interval,TRACKING,8,6000000,6528,1893,1893,1326,0.0346018,2,6.4562e-05,93411,61,920,304,10049,10938,1570,9119,14015
9119,,TRACKING,14,6000000,6528,2450,2450,1916,0.0314338,4,5.80962e-05,93501,99,920,311,24483,26913,1955,9119,30392
9126,LiDAR scans overlap a previously propagated interval,TRACKING,14,6000000,6528,2450,2450,1916,0.0314338,4,5.80962e-05,93501,99,920,311,24483,26913,1955,9119,30392
9133,,TRACKING,13,6000000,6528,534,534,281,0.04002,2,0.000126273,93522,88,904,95,2592,2812,381,9119,4387
9140,,TRACKING,8,6000000,6528,2383,2383,1847,0.033254,4,7.50041e-05,93601,76,896,333,23798,26193,2361,9119,30065
9147,,TRACKING,8,6000000,6528,2185,2185,1556,0.0335193,3,9.50295e-05,93681,59,919,316,16150,17642,1726,9119,20852
9153,,TRACKING,7,6000000,6528,540,540,249,0.0326596,2,0.000168938,93685,48,895,91,2534,2743,355,9119,4217
9160,,TRACKING,8,6000000,6528,2304,2304,1817,0.0332834,4,8.07356e-05,93769,55,908,329,22599,24898,2143,9119,28502
9167,,TRACKING,8,6000000,6528,2118,2118,1479,0.033526,4,0.000137708,93839,58,897,315,20697,22633,2156,9472,35749
9173,LiDAR scans overlap a previously propagated interval,TRACKING,8,6000000,6528,2118,2118,1479,0.033526,4,0.000137708,93839,58,897,315,20697,22633,2156,9472,35749
9180,,TRACKING,14,6000000,6528,2334,2334,1789,0.0323881,3,0.000269474,93930,98,901,272,18577,20390,2332,9472,24272
9187,LiDAR scans overlap a previously propagated interval,TRACKING,14,6000000,6528,2334,2334,1789,0.0323881,3,0.000269474,93930,98,901,272,18577,20390,2332,9472,24272
9194,,TRACKING,13,6000000,6528,522,522,256,0.0373881,3,3.66537e-05,93946,90,883,118,3603,3923,320,9472,5460
9201,,TRACKING,8,6000000,6528,2214,2214,1690,0.0311908,3,0.000125503,94028,54,902,359,18322,19972,2143,9472,23625
9208,,TRACKING,8,6000000,6528,2367,2367,1787,0.0318947,3,0.000451701,94094,57,896,348,19363,21132,2403,9472,25101
9214,,TRACKING,8,6000000,6528,531,531,263,0.0398306,2,0.000154002,94103,56,895,111,2454,2676,317,9472,4160
9221,,TRACKING,7,6000000,6528,2178,2178,1597,0.0330775,3,0.000508046,94170,47,915,322,18259,20045,1976,9472,23485
9228,,TRACKING,8,6000000,6528,2341,2341,1777,0.0306203,3,4.58041e-05,94235,57,920,361,18970,20742,2289,9472,24606
9234,LiDAR scans overlap a previously propagated interval,TRACKING,8,6000000,6528,2341,2341,1777,0.0306203,3,4.58041e-05,94235,57,920,361,18970,20742,2289,9472,24606
9242,,TRACKING,14,6000000,6528,2139,2139,1549,0.032741,3,0.000193989,94300,97,914,360,18623,20262,2245,9472,24159
9248,LiDAR scans overlap a previously propagated interval,TRACKING,14,6000000,6528,2139,2139,1549,0.032741,3,0.000193989,94300,97,914,360,18623,20262,2245,9472,24159
9255,,TRACKING,13,6000000,6528,512,512,252,0.0378664,3,0.000153229,94311,103,945,116,3801,4118,339,9472,5738
9262,,TRACKING,8,6000000,6528,2033,2033,1406,0.0342722,4,0.000169709,94378,57,939,324,22604,24565,1975,9501,37522
9268,LiDAR scans overlap a previously propagated interval,TRACKING,8,6000000,6528,2033,2033,1406,0.0342722,4,0.000169709,94378,57,939,324,22604,24565,1975,9501,37522
9276,,TRACKING,14,6000000,6528,436,436,221,0.0380829,3,9.50014e-05,94390,97,877,102,3252,3535,281,9501,5004
9282,,TRACKING,7,6000000,6528,1926,1926,1297,0.0351392,3,0.000207582,94448,49,897,314,16093,17449,1928,9501,20787
9289,,TRACKING,8,6000000,6528,2526,2526,1971,0.0320094,3,0.000290197,94532,62,906,373,21508,23550,2519,9501,27667
9296,LiDAR scans overlap a previously propagated interval,TRACKING,8,6000000,6528,2526,2526,1971,0.0320094,3,0.000290197,94532,62,906,373,21508,23550,2519,9501,27667
9303,,TRACKING,14,6000000,6528,1804,1804,1188,0.0395909,3,0.000341907,94606,101,908,282,15658,16891,1834,9501,20244
9309,LiDAR scans overlap a previously propagated interval,TRACKING,14,6000000,6528,1804,1804,1188,0.0395909,3,0.000341907,94606,101,908,282,15658,16891,1834,9501,20244
9316,,TRACKING,13,6000000,6528,409,409,196,0.0378413,3,0.000247433,94610,97,908,98,3048,3310,266,9501,4770
9323,,TRACKING,8,6000000,6528,1619,1619,1025,0.035506,3,0.000353445,94667,55,914,259,14132,15209,1646,9501,18200
9330,,TRACKING,8,6000000,6528,2637,2637,2059,0.0323175,3,0.000300771,94758,56,916,399,21611,23700,2602,9501,27919
9337,,TRACKING,8,6000000,6528,472,472,247,0.0360458,2,8.15329e-05,94764,57,895,99,2473,2683,340,9501,4198
9343,,TRACKING,8,6000000,6528,1507,1507,892,0.0378325,3,0.000357459,94812,56,907,231,13405,14405,1655,9501,17369
9350,,TRACKING,7,6000000,6528,2680,2680,2071,0.0313113,3,0.000476028,94901,52,933,420,22912,25032,2616,10037,39347
9357,LiDAR scans overlap a previously propagated interval,TRACKING,7,6000000,6528,2680,2680,2071,0.0313113,3,0.000476028,94901,52,933,420,22912,25032,2616,10037,39347
9364,,TRACKING,14,6000000,6528,1434,1434,891,0.0397274,3,0.000324295,94948,101,898,250,12328,13278,1704,10037,16443
9370,LiDAR scans overlap a previously propagated interval,TRACKING,14,6000000,6528,1434,1434,891,0.0397274,3,0.000324295,94948,101,898,250,12328,13278,1704,10037,16443
9377,,TRACKING,13,6000000,6528,641,641,348,0.0387858,3,0.000149093,94958,99,895,119,5005,5407,474,10037,7074
9384,,TRACKING,7,6000000,6528,646,646,322,0.0396589,2,0.00037317,94970,50,917,121,3286,3532,469,10037,5142
