record_index,reason,status,imu_samples,imu_gap_ns,input_points,filtered_points,queries,accepted_residuals,residual_rms,iterations,final_increment_norm,map_points,prediction_us,deskew_us,preprocessing_us,residual_build_us,ikfom_update_us,map_insert_crop_us,snapshot_us,total_processing_us
2,No IMU sample at or before LiDAR scan start,COLLECTING_IMU,0,0,0,0,0,0,0,0,0,0,0,0,0,0,0,0,0,0
8,No IMU sample at or before LiDAR scan start,COLLECTING_IMU,0,0,0,0,0,0,0,0,0,0,0,0,0,0,0,0,0,0
15,IMU_INITIALIZATION_NOT_READY,COLLECTING_IMU,8,6484400,0,0,0,0,0,0,0,0,0,0,0,0,0,0,0,0
22,IMU_INITIALIZATION_NOT_READY,COLLECTING_IMU,8,6207745,0,0,0,0,0,0,0,0,0,0,0,0,0,0,0,0
28,OVERLAPPING_LIDAR_INTERVAL previous_synchronized_end_ns=1701245214391873863 current_scan_start_ns=1701245214391548395 current_scan_end_ns=1701245214424183395 overlap_duration_ns=325468 scan_index=2,COLLECTING_IMU,8,6207745,0,0,0,0,0,0,0,0,0,0,0,0,0,0,0,0
35,IMU_INITIALIZATION_NOT_READY,COLLECTING_IMU,13,6127817,0,0,0,0,0,0,0,0,0,0,0,0,0,0,0,0
42,IMU_INITIALIZATION_NOT_READY,COLLECTING_IMU,8,8055247,0,0,0,0,0,0,0,0,0,0,0,0,0,0,0,0
49,IMU_INITIALIZATION_NOT_READY,COLLECTING_IMU,8,6145782,0,0,0,0,0,0,0,0,0,0,0,0,0,0,0,0
56,IMU_INITIALIZATION_NOT_READY,COLLECTING_IMU,8,6494999,0,0,0,0,0,0,0,0,0,0,0,0,0,0,0,0
62,IMU_INITIALIZATION_NOT_READY,COLLECTING_IMU,7,6015583,0,0,0,0,0,0,0,0,0,0,0,0,0,0,0,0
69,IMU_INITIALIZATION_NOT_READY,COLLECTING_IMU,8,6359029,0,0,0,0,0,0,0,0,0,0,0,0,0,0,0,0
76,OVERLAPPING_LIDAR_INTERVAL previous_synchronized_end_ns=1701245214625386741 current_scan_start_ns=1701245214624883413 current_scan_end_ns=1701245214657518413 overlap_duration_ns=503328 scan_index=9,COLLECTING_IMU,8,6359029,0,0,0,0,0,0,0,0,0,0,0,0,0,0,0,0
83,IMU_INITIALIZATION_NOT_READY,COLLECTING_IMU,14,6143950,0,0,0,0,0,0,0,0,0,0,0,0,0,0,0,0
89,OVERLAPPING_LIDAR_INTERVAL previous_synchronized_end_ns=1701245214691853550 current_scan_start_ns=1701245214691558838 current_scan_end_ns=1701245214724193838 overlap_duration_ns=294712 scan_index=11,COLLECTING_IMU,14,6143950,0,0,0,0,0,0,0,0,0,0,0,0,0,0,0,0
96,IMU_INITIALIZATION_NOT_READY,COLLECTING_IMU,13,6234905,0,0,0,0,0,0,0,0,0,0,0,0,0,0,0,0
103,IMU_INITIALIZATION_NOT_READY,COLLECTING_IMU,8,6032880,0,0,0,0,0,0,0,0,0,0,0,0,0,0,0,0
110,IMU_INITIALIZATION_NOT_READY,COLLECTING_IMU,8,6054527,0,0,0,0,0,0,0,0,0,0,0,0,0,0,0,0
117,IMU_INITIALIZATION_NOT_READY,COLLECTING_IMU,7,6350670,0,0,0,0,0,0,0,0,0,0,0,0,0,0,0,0
124,IMU_INITIALIZATION_NOT_READY,COLLECTING_IMU,9,6350670,0,0,0,0,0,0,0,0,0,0,0,0,0,0,0,0
130,IMU_INITIALIZATION_NOT_READY,COLLECTING_IMU,7,6141120,0,0,0,0,0,0,0,0,0,0,0,0,0,0,0,0
137,OVERLAPPING_LIDAR_INTERVAL previous_synchronized_end_ns=1701245214925374296 current_scan_start_ns=1701245214925077200 current_scan_end_ns=1701245214957712200 overlap_duration_ns=297096 scan_index=18,COLLECTING_IMU,7,6141120,0,0,0,0,0,0,0,0,0,0,0,0,0,0,0,0
144,IMU_INITIALIZATION_NOT_READY,COLLECTING_IMU,14,6344823,0,0,0,0,0,0,0,0,0,0,0,0,0,0,0,0
150,OVERLAPPING_LIDAR_INTERVAL previous_synchronized_end_ns=1701245214991884258 current_scan_start_ns=1701245214991620779 current_scan_end_ns=1701245215024255779 overlap_duration_ns=263479 scan_index=20,COLLECTING_IMU,14,6344823,0,0,0,0,0,0,0,0,0,0,0,0,0,0,0,0
157,IMU_INITIALIZATION_NOT_READY,COLLECTING_IMU,14,6097233,0,0,0,0,0,0,0,0,0,0,0,0,0,0,0,0
164,IMU_INITIALIZATION_NOT_READY,COLLECTING_IMU,7,6042000,0,0,0,0,0,0,0,0,0,0,0,0,0,0,0,0
171,IMU_INITIALIZATION_NOT_READY,COLLECTING_IMU,8,6441827,0,0,0,0,0,0,0,0,0,0,0,0,0,0,0,0
178,IMU_INITIALIZATION_NOT_READY,COLLECTING_IMU,8,6282941,0,0,0,0,0,0,0,0,0,0,0,0,0,0,0,0
185,IMU_INITIALIZATION_NOT_READY,COLLECTING_IMU,8,6255742,0,0,0,0,0,0,0,0,0,0,0,0,0,0,0,0
191,IMU_INITIALIZATION_NOT_READY,COLLECTING_IMU,7,6050873,0,0,0,0,0,0,0,0,0,0,0,0,0,0,0,0
198,OVERLAPPING_LIDAR_INTERVAL previous_synchronized_end_ns=1701245215225376156 current_scan_start_ns=1701245215225139618 current_scan_end_ns=1701245215257774618 overlap_duration_ns=236538 scan_index=27,COLLECTING_IMU,7,6050873,0,0,0,0,0,0,0,0,0,0,0,0,0,0,0,0
205,IMU_INITIALIZATION_NOT_READY,COLLECTING_IMU,14,6209376,0,0,0,0,0,0,0,0,0,0,0,0,0,0,0,0
212,OVERLAPPING_LIDAR_INTERVAL previous_synchronized_end_ns=1701245215291913536 current_scan_start_ns=1701245215291577578 current_scan_end_ns=1701245215324212578 overlap_duration_ns=335958 scan_index=29,COLLECTING_IMU,14,6209376,0,0,0,0,0,0,0,0,0,0,0,0,0,0,0,0
218,IMU_INITIALIZATION_NOT_READY,COLLECTING_IMU,14,6145980,0,0,0,0,0,0,0,0,0,0,0,0,0,0,0,0
225,IMU_INITIALIZATION_NOT_READY,COLLECTING_IMU,7,6143463,0,0,0,0,0,0,0,0,0,0,0,0,0,0,0,0
232,IMU_INITIALIZATION_NOT_READY,COLLECTING_IMU,8,6094636,0,0,0,0,0,0,0,0,0,0,0,0,0,0,0,0
239,SCAN_PRECEDES_IMU_INITIALIZATION_EPOCH,INITIALIZING_MAP,8,6161498,0,0,0,0,0,0,0,0,0,0,0,0,0,0,0,0
246,INITIAL_MAP_REFERENCE_CAPTURED,INITIALIZING_MAP,8,6161498,6528,2206,0,0,0,0,0,0,174,924,221,0,0,0,0,0
253,IKFOM_LIDAR_UPDATE_NOT_CONVERGED,INITIALIZING_MAP,8,6181429,6528,641,641,185,0.128659,10,0.0177399,0,138,910,101,7490,8415,0,0,0
259,OVERLAPPING_LIDAR_INTERVAL previous_synchronized_end_ns=1701245215525449302 current_scan_start_ns=1701245215525070429 current_scan_end_ns=1701245215557705429 overlap_duration_ns=378873 scan_index=36,INITIALIZING_MAP,8,6181429,6528,641,641,185,0.128659,10,0.0177399,0,138,910,101,7490,8415,0,0,0
266,,TRACKING,13,6140687,6528,2196,2196,1426,0.104139,6,0.000939151,3842,222,892,212,21036,25704,22460,265,49896
273,OVERLAPPING_LIDAR_INTERVAL previous_synchronized_end_ns=1701245215591902282 current_scan_start_ns=1701245215591532469 current_scan_end_ns=1701245215624167469 overlap_duration_ns=369813 scan_index=38,TRACKING,13,6140687,6528,2196,2196,1426,0.104139,6,0.000939151,3842,222,892,212,21036,25704,22460,265,49896
280,,TRACKING,14,6264639,6528,2064,2064,1653,0.0821793,7,0.00132941,5101,253,933,223,25515,31827,2495,265,36084
286,,TRACKING,7,6153689,6528,2224,2224,1828,0.0820165,6,0.000122784,6498,128,962,236,25305,31496,2569,265,35623
293,,TRACKING,8,6240609,6528,648,648,150,0.152912,5,2.90041e-05,7012,144,962,108,4586,5029,1492,265,7842
300,,TRACKING,8,6155710,6528,2072,2072,1759,0.0730036,10,1.6103e-05,8092,150,992,217,43083,52987,2306,265,56825
307,,TRACKING,8,6072066,6528,2126,2126,1855,0.0597508,6,0.000633811,8981,161,1042,246,25656,32019,2071,265,35763
314,,TRACKING,8,6092615,6528,689,689,537,0.083543,4,4.24771e-05,9308,144,973,117,5576,6721,999,265,9080
320,OVERLAPPING_LIDAR_INTERVAL previous_synchronized_end_ns=1701245215825384643 current_scan_start_ns=1701245215825079441 current_scan_end_ns=1701245215857714441 overlap_duration_ns=305202 scan_index=45,TRACKING,8,6092615,6528,689,689,537,0.083543,4,4.24771e-05,9308,144,973,117,5576,6721,999,265,9080
327,,TRACKING,13,6327435,6528,2045,2045,1815,0.0603557,7,2.61918e-06,10086,237,965,226,28769,35607,1910,265,39132
334,OVERLAPPING_LIDAR_INTERVAL previous_synchronized_end_ns=1701245215891864088 current_scan_start_ns=1701245215891565561 current_scan_end_ns=1701245215924200561 overlap_duration_ns=298527 scan_index=47,TRACKING,13,6327435,6528,2045,2045,1815,0.0603557,7,2.61918e-06,10086,237,965,226,28769,35607,1910,265,39132
341,,TRACKING,14,6327435,6528,2005,2005,1776,0.0677957,5,0.000458005,10869,229,911,216,19254,23752,1912,265,27241
348,,TRACKING,7,6060256,6528,2070,2070,1887,0.0567379,4,1.89749e-05,11592,118,860,211,16212,20189,1808,823,24225
354,OVERLAPPING_LIDAR_INTERVAL previous_synchronized_end_ns=1701245215991404321 current_scan_start_ns=1701245215991218328 current_scan_end_ns=1701245216023853328 overlap_duration_ns=185993 scan_index=50,TRACKING,7,6060256,6528,2070,2070,1887,0.0567379,4,1.89749e-05,11592,118,860,211,16212,20189,1808,823,24225
361,,TRACKING,14,6213827,6528,1937,1937,1681,0.066663,6,0.00080908,12303,243,974,203,24242,29544,1935,823,33123
368,,TRACKING,8,6103468,6528,2121,2121,1950,0.0500243,4,0.000171151,12878,137,918,235,16964,21105,1900,823,24502
375,,TRACKING,8,6162657,6528,645,645,546,0.0708964,3,0.000155466,13080,133,882,252,3935,4738,666,823,6913
381,OVERLAPPING_LIDAR_INTERVAL previous_synchronized_end_ns=1701245216125378874 current_scan_start_ns=1701245216124831676 current_scan_end_ns=1701245216157466676 overlap_duration_ns=547198 scan_index=54,TRACKING,8,6162657,6528,645,645,546,0.0708964,3,0.000155466,13080,133,882,252,3935,4738,666,823,6913
388,,TRACKING,13,6343167,6528,2188,2188,2001,0.0511195,4,0.000385677,13677,212,880,234,17718,22199,2234,823,25988
395,OVERLAPPING_LIDAR_INTERVAL previous_synchronized_end_ns=1701245216191898849 current_scan_start_ns=1701245216191557407 current_scan_end_ns=1701245216224192407 overlap_duration_ns=341442 scan_index=56,TRACKING,13,6343167,6528,2188,2188,2001,0.0511195,4,0.000385677,13677,212,880,234,17718,22199,2234,823,25988
402,,TRACKING,14,6095637,6528,1715,1715,1472,0.0591798,5,0.000208352,14181,246,951,232,18039,21765,1666,823,25107
409,,TRACKING,8,6176446,6528,2102,2102,1970,0.0459673,4,0.000365854,14716,139,883,244,17148,21199,2001,823,24723
416,,TRACKING,7,6010196,6528,878,878,695,0.0654959,3,0.000261869,14932,118,913,118,6276,7381,876,823,9544
422,,TRACKING,8,6118745,6528,1680,1680,1432,0.0607785,3,5.92436e-05,15383,137,984,242,11635,14039,1544,823,17135
429,,TRACKING,8,6066391,6528,2065,2065,1942,0.0407222,3,0.000314436,15782,146,963,263,13316,16631,1834,823,20112
436,,TRACKING,8,7028744,6528,1024,1024,857,0.0589812,4,6.58078e-07,16017,156,996,154,9198,11061,922,1324,14815
442,OVERLAPPING_LIDAR_INTERVAL previous_synchronized_end_ns=1701245216425440099 current_scan_start_ns=1701245216425082684 current_scan_end_ns=1701245216457717684 overlap_duration_ns=357415 scan_index=63,TRACKING,8,7028744,6528,1024,1024,857,0.0589812,4,6.58078e-07,16017,156,996,154,9198,11061,922,1324,14815
449,,TRACKING,13,6228599,6528,2003,2003,1894,0.0432909,3,0.000290489,16433,242,995,259,13082,16228,1774,1324,19811
456,OVERLAPPING_LIDAR_INTERVAL previous_synchronized_end_ns=1701245216491645363 current_scan_start_ns=1701245216491551161 current_scan_end_ns=1701245216524186161 overlap_duration_ns=94202 scan_index=65,TRACKING,13,6228599,6528,2003,2003,1894,0.0432909,3,0.000290489,16433,242,995,259,13082,16228,1774,1324,19811
463,,TRACKING,14,6325155,6528,1573,1573,1342,0.0536606,4,0.000196776,16758,249,966,187,14762,17661,1504,1324,20804
470,,TRACKING,8,6062668,6528,1893,1893,1799,0.0358493,3,0.00022652,16997,143,961,236,12195,15172,1557,1324,18311
476,,TRACKING,7,6123301,6528,1246,1246,1034,0.0484004,3,1.01416e-05,17150,122,944,155,8752,10412,1069,1324,12884
483,OVERLAPPING_LIDAR_INTERVAL previous_synchronized_end_ns=1701245216625165489 current_scan_start_ns=1701245216624962807 current_scan_end_ns=1701245216657597807 overlap_duration_ns=202682 scan_index=69,TRACKING,7,6123301,6528,1246,1246,1034,0.0484004,3,1.01416e-05,17150,122,944,155,8752,10412,1069,1324,12884
490,,TRACKING,14,6268920,6528,1952,1952,1861,0.0333399,3,0.000135393,17430,250,967,252,12730,15831,1566,1324,19103
497,,TRACKING,8,6163277,6528,1358,1358,1171,0.0492059,4,2.35226e-06,17636,149,991,175,13262,15964,1386,1324,18933
504,OVERLAPPING_LIDAR_INTERVAL previous_synchronized_end_ns=1701245216725390699 current_scan_start_ns=1701245216725092173 current_scan_end_ns=1701245216757727173 overlap_duration_ns=298526 scan_index=72,TRACKING,8,6163277,6528,1358,1358,1171,0.0492059,4,2.35226e-06,17636,149,991,175,13262,15964,1386,1324,18933
510,,TRACKING,13,6225605,6528,1965,1965,1882,0.0354527,3,0.00015604,17847,237,1015,285,13994,17339,1731,1324,20925
517,OVERLAPPING_LIDAR_INTERVAL previous_synchronized_end_ns=1701245216791842726 current_scan_start_ns=1701245216791709185 current_scan_end_ns=1701245216824344185 overlap_duration_ns=133541 scan_index=74,TRACKING,13,6225605,6528,1965,1965,1882,0.0354527,3,0.00015604,17847,237,1015,285,13994,17339,1731,1324,20925
524,,TRACKING,14,6225605,6528,1273,1273,1029,0.0504711,4,5.06924e-05,18026,289,1119,262,14550,17388,1366,1324,20728
531,,TRACKING,8,6156349,6528,1939,1939,1840,0.0345846,3,4.55282e-05,18246,165,1119,296,14127,17607,1900,1324,21332
538,,TRACKING,7,6198552,6528,1533,1533,1278,0.047252,3,2.94344e-05,18439,135,1076,264,11881,14139,1496,1623,18989
544,,TRACKING,8,6198552,6528,1131,1131,931,0.065349,3,6.36158e-05,18707,152,1018,169,8732,10340,1223,1623,13094
551,,TRACKING,8,6111818,6528,2044,2044,1917,0.0406458,3,0.000362052,19017,150,1017,261,14032,17373,1714,1623,20777
558,,TRACKING,8,6106792,6528,1551,1551,1300,0.0578792,3,0.000329582,19330,145,1018,200,12097,14348,1735,1623,17693
565,OVERLAPPING_LIDAR_INTERVAL previous_synchronized_end_ns=1701245217025377300 current_scan_start_ns=1701245217025070190 current_scan_end_ns=1701245217057705190 overlap_duration_ns=307110 scan_index=81,TRACKING,8,6106792,6528,1551,1551,1300,0.0578792,3,0.000329582,19330,145,1018,200,12097,14348,1735,1623,17693
572,,TRACKING,14,6260632,6528,1983,1983,1867,0.0393241,3,0.000127089,19642,270,1052,275,14126,17463,1776,1623,21134
578,OVERLAPPING_LIDAR_INTERVAL previous_synchronized_end_ns=1701245217091874388 current_scan_start_ns=1701245217091569901 current_scan_end_ns=1701245217124204901 overlap_duration_ns=304487 scan_index=83,TRACKING,14,6260632,6528,1983,1983,1867,0.0393241,3,0.000127089,19642,270,1052,275,14126,17463,1776,1623,21134
585,,TRACKING,13,6253282,6528,909,909,741,0.0478141,4,1.32828e-06,19745,243,1029,158,9332,10948,855,1623,13470
592,,TRACKING,8,6108772,6528,2098,2098,1945,0.0404347,3,0.00019304,20085,143,985,252,14466,17674,1949,1623,21239
599,,TRACKING,8,6043175,6528,1751,1751,1502,0.0486809,3,0.000226803,20392,141,967,221,12940,15478,2065,1623,19155
605,,TRACKING,7,6035877,6528,830,830,658,0.0512716,3,1.85274e-06,20527,127,991,138,6250,7349,806,1623,9572
612,,TRACKING,8,6232288,6528,2059,2059,1925,0.0395899,3,4.19555e-05,20830,145,989,258,14634,17966,1916,1623,21516
619,,TRACKING,8,7853394,6528,1884,1884,1625,0.0542263,3,0.000107976,21186,150,1024,246,14407,17123,2230,2113,23152
626,OVERLAPPING_LIDAR_INTERVAL previous_synchronized_end_ns=1701245217325351503 current_scan_start_ns=1701245217325094461 current_scan_end_ns=1701245217357729461 overlap_duration_ns=257042 scan_index=90,TRACKING,8,7853394,6528,1884,1884,1625,0.0542263,3,0.000107976,21186,150,1024,246,14407,17123,2230,2113,23152
633,,TRACKING,14,7853394,6528,2011,2011,1863,0.036862,3,9.40213e-05,21408,257,993,266,13670,16830,1719,2113,20343
639,OVERLAPPING_LIDAR_INTERVAL previous_synchronized_end_ns=1701245217391843345 current_scan_start_ns=1701245217391524553 current_scan_end_ns=1701245217424159553 overlap_duration_ns=318792 scan_index=92,TRACKING,14,7853394,6528,2011,2011,1863,0.036862,3,9.40213e-05,21408,257,993,266,13670,16830,1719,2113,20343
646,,TRACKING,13,7241891,6528,750,750,587,0.0475553,3,0.000240506,21484,230,972,138,5635,6619,716,2113,8847
653,,TRACKING,8,6075007,6528,2082,2082,1897,0.0415694,3,0.000208087,21781,144,990,276,15287,18483,2171,2113,22323
660,,TRACKING,8,6127479,6528,2084,2084,1808,0.0488665,3,4.72806e-05,22096,149,1023,270,15799,18789,2218,2113,22747
666,,TRACKING,7,6067102,6528,692,692,517,0.0492124,3,6.6785e-05,22173,120,956,144,5056,5904,662,2113,7946
673,,TRACKING,8,6200264,6528,2085,2085,1873,0.0427952,3,0.000130929,22448,139,963,286,15571,18867,2612,2113,23092
680,,TRACKING,8,6031271,6528,2048,2048,1794,0.0456858,3,0.000183179,22744,152,1053,273,16277,19471,2308,2113,23584
687,OVERLAPPING_LIDAR_INTERVAL previous_synchronized_end_ns=1701245217625384357 current_scan_start_ns=1701245217625072002 current_scan_end_ns=1701245217657707002 overlap_duration_ns=312355 scan_index=99,TRACKING,8,6031271,6528,2048,2048,1794,0.0456858,3,0.000183179,22744,152,1053,273,16277,19471,2308,2113,23584
694,,TRACKING,14,6084160,6528,2166,2166,1951,0.0378118,3,0.000188484,22977,266,1047,297,16710,20175,2276,2113,24363
700,OVERLAPPING_LIDAR_INTERVAL previous_synchronized_end_ns=1701245217691833284 current_scan_start_ns=1701245217691550970 current_scan_end_ns=1701245217724185970 overlap_duration_ns=282314 scan_index=101,TRACKING,14,6084160,6528,2166,2166,1951,0.0378118,3,0.000188484,22977,266,1047,297,16710,20175,2276,2113,24363
707,,TRACKING,13,6186815,6528,642,642,491,0.042177,3,8.90049e-05,23022,237,1032,126,4658,5478,507,2113,7534
714,,TRACKING,8,6174341,6528,2189,2189,1954,0.0430836,3,0.000385522,23306,144,1012,273,17026,20612,2337,2588,27198
721,,TRACKING,8,6240216,6528,2051,2051,1808,0.0411965,2,0.000261392,23567,154,1040,282,10589,12729,2340,2588,16861
727,,TRACKING,7,6066331,6528,596,596,462,0.0439218,3,5.42213e-05,23616,139,1027,116,4388,5135,486,2588,7020
734,,TRACKING,8,6026715,6528,2215,2215,1964,0.0389344,3,0.000118459,23862,144,1034,320,17106,20448,2316,2588,24501
741,,TRACKING,8,6076210,6528,2077,2077,1867,0.0391577,3,0.000183961,24122,149,1026,299,15738,18827,2164,2588,22763
748,OVERLAPPING_LIDAR_INTERVAL previous_synchronized_end_ns=1701245217925356891 current_scan_start_ns=1701245217925069571 current_scan_end_ns=1701245217957704571 overlap_duration_ns=287320 scan_index=108,TRACKING,8,6076210,6528,2077,2077,1867,0.0391577,3,0.000183961,24122,149,1026,299,15738,18827,2164,2588,22763
755,,TRACKING,14,6322338,6528,2205,2205,1936,0.0410272,3,0.000213437,24376,253,992,279,16965,20199,2500,2588,24499
761,OVERLAPPING_LIDAR_INTERVAL previous_synchronized_end_ns=1701245217991874960 current_scan_start_ns=1701245217991471529 current_scan_end_ns=1701245218024106529 overlap_duration_ns=403431 scan_index=110,TRACKING,14,6322338,6528,2205,2205,1936,0.0410272,3,0.000213437,24376,253,992,279,16965,20199,2500,2588,24499
768,,TRACKING,13,6154549,6528,511,511,394,0.0444634,3,6.62763e-05,24413,240,1022,112,3774,4407,409,2588,6324
775,,TRACKING,8,6160570,6528,2176,2176,1868,0.0412318,3,0.000308483,24668,143,1016,273,17403,20590,2367,2588,24595
782,,TRACKING,8,6138127,6528,2195,2195,1951,0.0401463,3,5.34884e-05,24879,149,1043,291,18025,21671,2436,2588,25883
789,OVERLAPPING_LIDAR_INTERVAL previous_synchronized_end_ns=1701245218125148800 current_scan_start_ns=1701245218124939680 current_scan_end_ns=1701245218157574680 overlap_duration_ns=209120 scan_index=114,TRACKING,8,6138127,6528,2195,2195,1951,0.0401463,3,5.34884e-05,24879,149,1043,291,18025,21671,2436,2588,25883
795,,TRACKING,13,6064567,6528,1977,1977,1738,0.0442282,3,0.000237758,25091,255,1113,287,16669,19774,2358,2588,24069
802,,TRACKING,8,6248041,6528,2284,2284,2053,0.0381469,3,7.8961e-05,25298,150,1046,303,18461,22099,2320,2436,28664
809,OVERLAPPING_LIDAR_INTERVAL previous_synchronized_end_ns=1701245218225391653 current_scan_start_ns=1701245218225128174 current_scan_end_ns=1701245218257763174 overlap_duration_ns=263479 scan_index=117,TRACKING,8,6248041,6528,2284,2284,2053,0.0381469,3,7.8961e-05,25298,150,1046,303,18461,22099,2320,2436,28664
816,,TRACKING,14,6309951,6528,1889,1889,1600,0.0403188,3,0.000246985,25469,268,1049,258,15609,18405,2236,2436,22496
822,OVERLAPPING_LIDAR_INTERVAL previous_synchronized_end_ns=1701245218291860607 current_scan_start_ns=1701245218291592598 current_scan_end_ns=1701245218324227598 overlap_duration_ns=268009 scan_index=119,TRACKING,14,6309951,6528,1889,1889,1600,0.0403188,3,0.000246985,25469,268,1049,258,15609,18405,2236,2436,22496
829,,TRACKING,13,6231645,6528,702,702,519,0.0453367,3,5.96241e-07,25518,235,1057,132,5441,6319,803,2436,8697
836,,TRACKING,8,6123249,6528,1814,1814,1492,0.0456085,3,0.00043174,25709,149,1048,788,14821,17419,1872,2436,21549
843,,TRACKING,8,6057319,6528,2221,2221,2006,0.0362955,3,0.000128342,25903,145,1019,282,16889,20415,2002,2436,24197
850,,TRACKING,8,6176819,6528,784,784,583,0.0429932,3,0.000100289,25951,148,1051,132,6055,7049,683,2436,9221
856,,TRACKING,7,6199429,6528,1785,1785,1501,0.041962,3,0.000153095,26129,127,1036,221,14433,17043,1679,2436,20300
863,,TRACKING,8,6233088,6528,2108,2108,1936,0.0332534,3,5.66469e-05,26298,147,1025,289,16074,19566,1964,2436,23332
870,OVERLAPPING_LIDAR_INTERVAL previous_synchronized_end_ns=1701245218525358942 current_scan_start_ns=1701245218525099039 current_scan_end_ns=1701245218557734039 overlap_duration_ns=259903 scan_index=126,TRACKING,8,6233088,6528,2108,2108,1936,0.0332534,3,5.66469e-05,26298,147,1025,289,16074,19566,1964,2436,23332
877,,TRACKING,14,6190673,6528,1782,1782,1457,0.0453271,3,0.000155294,26490,281,1119,254,15418,18045,1932,2436,21897
884,OVERLAPPING_LIDAR_INTERVAL previous_synchronized_end_ns=1701245218591842678 current_scan_start_ns=1701245218591540575 current_scan_end_ns=1701245218624175575 overlap_duration_ns=302103 scan_index=128,TRACKING,14,6190673,6528,1782,1782,1457,0.0453271,3,0.000155294,26490,281,1119,254,15418,18045,1932,2436,21897
890,,TRACKING,13,6190673,6528,983,983,723,0.0424716,3,8.07651e-07,26552,248,1044,146,7998,9266,939,2436,11806
897,,TRACKING,8,6124635,6528,1685,1685,1327,0.0440018,3,0.000193937,26708,150,1056,215,14454,16859,1815,2561,22862
904,,TRACKING,8,7597871,6528,2060,2060,1895,0.0356979,3,5.14744e-05,26889,153,1076,293,15983,19476,1885,2561,23190
911,,TRACKING,8,6168447,6528,1087,1087,849,0.0431537,2,7.18847e-05,26959,148,1004,171,5465,6367,919,2561,8803
917,,TRACKING,8,6142063,6528,1593,1593,1282,0.0452435,3,0.000121873,27087,124,875,190,11387,13386,1392,2561,16136
924,,TRACKING,8,6041191,6528,1967,1967,1855,0.0322715,3,6.09843e-05,27234,126,854,244,12179,15012,1503,2561,18023
931,OVERLAPPING_LIDAR_INTERVAL previous_synchronized_end_ns=1701245218825455454 current_scan_start_ns=1701245218825052977 current_scan_end_ns=1701245218857687977 overlap_duration_ns=402477 scan_index=135,TRACKING,8,6041191,6528,1967,1967,1855,0.0322715,3,6.09843e-05,27234,126,854,244,12179,15012,1503,2561,18023
938,,TRACKING,13,6166832,6528,1519,1519,1189,0.0455857,3,0.000121105,27378,205,903,207,11277,13172,1460,2561,16199
945,OVERLAPPING_LIDAR_INTERVAL previous_synchronized_end_ns=1701245218891846683 current_scan_start_ns=1701245218891597509 current_scan_end_ns=1701245218924232509 overlap_duration_ns=249174 scan_index=137,TRACKING,13,6166832,6528,1519,1519,1189,0.0455857,3,0.000121105,27378,205,903,207,11277,13172,1460,2561,16199
952,,TRACKING,13,6166832,6528,1215,1215,938,0.0424419,3,0.000222,27446,207,907,185,9501,11045,1213,2561,13735
958,,TRACKING,8,6217267,6528,1305,1305,1022,0.0417049,3,0.000106725,27524,130,916,174,9526,11075,1128,2561,13578
965,,TRACKING,8,6316720,6528,1937,1937,1795,0.0290348,3,0.000265495,27625,127,878,241,12230,15034,1298,2561,17801
972,,TRACKING,8,6132002,6528,1273,1273,970,0.0416661,3,7.68535e-05,27699,123,870,177,9347,10831,1068,2561,13259
978,,TRACKING,8,6274929,6528,1260,1260,955,0.0439864,3,0.000249825,27768,129,926,188,9571,11064,1054,2353,15880
985,,TRACKING,8,6212750,6528,1985,1985,1831,0.0285052,3,0.000111386,27876,125,890,274,13034,15874,1522,2353,18936
992,OVERLAPPING_LIDAR_INTERVAL previous_synchronized_end_ns=1701245219125353601 current_scan_start_ns=1701245219125086784 current_scan_end_ns=1701245219157721784 overlap_duration_ns=266817 scan_index=144,TRACKING,8,6212750,6528,1985,1985,1831,0.0285052,3,0.000111386,27876,125,890,274,13034,15874,1522,2353,18936
999,,TRACKING,13,6044764,6528,1193,1193,889,0.0421245,3,8.77369e-05,27949,212,868,193,8449,9862,1167,2353,12502
1006,OVERLAPPING_LIDAR_INTERVAL previous_synchronized_end_ns=1701245219191854503 current_scan_start_ns=1701245219191522598 current_scan_end_ns=1701245219224157598 overlap_duration_ns=331905 scan_index=146,TRACKING,13,6044764,6528,1193,1193,889,0.0421245,3,8.77369e-05,27949,212,868,193,8449,9862,1167,2353,12502
1013,,TRACKING,14,6250900,6528,1512,1512,1206,0.0435168,3,0.000466424,28085,216,894,191,11267,13117,1494,2353,16077
1019,,TRACKING,7,6125551,6528,1021,1021,724,0.0436858,3,0.00017349,28130,113,885,150,7382,8514,845,2353,10644
1026,,TRACKING,8,6154492,6528,2011,2011,1870,0.0322437,3,0.000329621,28234,132,927,270,13482,16493,1764,2353,19820
1033,,TRACKING,8,6192102,6528,1641,1641,1303,0.0467406,3,0.000136339,28377,135,915,248,12805,14906,1748,2353,18277
1040,,TRACKING,8,6109822,6528,1025,1025,748,0.0415083,3,9.12042e-05,28434,133,918,146,7535,8703,878,2353,10928
1046,,TRACKING,8,6106159,6528,2039,2039,1868,0.0329624,3,0.000160915,28587,130,916,245,13741,16688,1475,2353,19697
1053,OVERLAPPING_LIDAR_INTERVAL previous_synchronized_end_ns=1701245219425351408 current_scan_start_ns=1701245219425073147 current_scan_end_ns=1701245219457708147 overlap_duration_ns=278261 scan_index=153,TRACKING,8,6106159,6528,2039,2039,1868,0.0329624,3,0.000160915,28587,130,916,245,13741,16688,1475,2353,19697
1060,,TRACKING,13,6354611,6528,948,948,687,0.0395096,3,0.000142063,28614,196,871,141,6808,7863,738,2353,9972
1067,OVERLAPPING_LIDAR_INTERVAL previous_synchronized_end_ns=1701245219491823223 current_scan_start_ns=1701245219491555929 current_scan_end_ns=1701245219524190929 overlap_duration_ns=267294 scan_index=155,TRACKING,13,6354611,6528,948,948,687,0.0395096,3,0.000142063,28614,196,871,141,6808,7863,738,2353,9972
1074,,TRACKING,14,6199322,6528,1808,1808,1440,0.0415475,3,0.000143781,28718,230,881,207,13816,16075,1704,2456,21745
1081,,TRACKING,8,6206927,6528,798,798,571,0.0376535,3,2.9439e-05,28741,145,933,127,5769,6641,724,2456,8717
1087,,TRACKING,7,6194187,6528,2046,2046,1852,0.0318932,3,0.000152232,28866,114,924,262,14041,16959,1626,2456,20116
1094,,TRACKING,8,6127763,6528,1869,1869,1570,0.0418844,3,0.000207733,29035,123,897,233,13975,16457,1677,2456,19659
1101,,TRACKING,8,6097116,6528,740,740,515,0.0413934,3,7.0944e-05,29069,131,921,121,5228,6000,557,2456,7867
1108,,TRACKING,8,6157477,6528,2214,2214,1988,0.0358891,3,0.000147981,29216,127,897,253,15395,18645,1733,2456,21892
1114,OVERLAPPING_LIDAR_INTERVAL previous_synchronized_end_ns=1701245219725429085 current_scan_start_ns=1701245219725051641 current_scan_end_ns=1701245219757686641 overlap_duration_ns=377444 scan_index=162,TRACKING,8,6157477,6528,2214,2214,1988,0.0358891,3,0.000147981,29216,127,897,253,15395,18645,1733,2456,21892
1121,,TRACKING,13,6110296,6528,687,687,452,0.0414798,3,0.000129069,29239,206,907,120,4942,5640,478,2456,7496
1128,OVERLAPPING_LIDAR_INTERVAL previous_synchronized_end_ns=1701245219791828897 current_scan_start_ns=1701245219791520357 current_scan_end_ns=1701245219824155357 overlap_duration_ns=308540 scan_index=164,TRACKING,13,6110296,6528,687,687,452,0.0414798,3,0.000129069,29239,206,907,120,4942,5640,478,2456,7496
1135,,TRACKING,14,6249659,6528,1922,1922,1604,0.0425156,3,0.00016458,29371,243,924,229,14707,17254,2113,2456,20999
1142,,TRACKING,8,6107197,6528,628,628,422,0.044129,3,9.44145e-05,29394,133,919,111,4394,5018,458,2456,6777
1148,,TRACKING,7,6211712,6528,2275,2275,2001,0.0369823,3,0.000157418,29548,122,896,253,15756,18993,1843,2456,22351
1155,OVERLAPPING_LIDAR_INTERVAL previous_synchronized_end_ns=1701245219925128963 current_scan_start_ns=1701245219924923658 current_scan_end_ns=1701245219957558658 overlap_duration_ns=205305 scan_index=168,TRACKING,7,6211712,6528,2275,2275,2001,0.0369823,3,0.000157418,29548,122,896,253,15756,18993,1843,2456,22351
1162,,TRACKING,14,6182719,6528,551,551,370,0.0418221,3,1.5492e-05,29569,223,909,110,3727,4264,369,2696,8732
1169,,TRACKING,8,7842726,6528,2199,2199,1945,0.0357223,3,0.00025913,29727,132,895,265,15968,19080,1928,2696,22559
1175,OVERLAPPING_LIDAR_INTERVAL previous_synchronized_end_ns=1701245220025342253 current_scan_start_ns=1701245220025036573 current_scan_end_ns=1701245220057671573 overlap_duration_ns=305680 scan_index=171,TRACKING,8,7842726,6528,2199,2199,1945,0.0357223,3,0.00025913,29727,132,895,265,15968,19080,1928,2696,22559
1182,,TRACKING,13,6183780,6528,523,523,352,0.0388237,3,0.000165589,29741,211,942,147,3770,4294,334,2696,6115
1189,OVERLAPPING_LIDAR_INTERVAL previous_synchronized_end_ns=1701245220091870811 current_scan_start_ns=1701245220091582060 current_scan_end_ns=1701245220124217060 overlap_duration_ns=288751 scan_index=173,TRACKING,13,6183780,6528,523,523,352,0.0388237,3,0.000165589,29741,211,942,147,3770,4294,334,2696,6115
1196,,TRACKING,14,6317032,6528,2261,2261,1932,0.0359632,2,0.000365565,29898,232,933,300,11528,13552,2033,2696,17279
1202,,TRACKING,8,6110749,6528,469,469,307,0.0468586,3,0.000194416,29923,132,924,92,3298,3783,327,2696,5395
1209,OVERLAPPING_LIDAR_INTERVAL previous_synchronized_end_ns=1701245220191378382 current_scan_start_ns=1701245220191179991 current_scan_end_ns=1701245220223814991 overlap_duration_ns=198391 scan_index=176,TRACKING,8,6110749,6528,469,469,307,0.0468586,3,0.000194416,29923,132,924,92,3298,3783,327,2696,5395
1216,,TRACKING,13,6272193,6528,2260,2260,1948,0.0372766,3,0.000211632,30074,215,907,247,16263,19260,2769,2696,23611
1223,,TRACKING,8,6088186,6528,583,583,405,0.0418581,3,6.12144e-06,30095,128,859,102,4102,4766,312,2696,6404
1230,,TRACKING,8,6088186,6528,2002,2002,1735,0.0387845,3,0.000140654,30230,129,980,248,13607,16307,1534,2696,19408
1237,OVERLAPPING_LIDAR_INTERVAL previous_synchronized_end_ns=1701245220325411585 current_scan_start_ns=1701245220325056791 current_scan_end_ns=1701245220357691791 overlap_duration_ns=354794 scan_index=180,TRACKING,8,6088186,6528,2002,2002,1735,0.0387845,3,0.000140654,30230,129,980,248,13607,16307,1534,2696,19408
1244,,TRACKING,13,6261962,6528,667,667,478,0.0378849,3,6.57367e-05,30252,205,911,108,3903,4609,328,2696,6299
1250,OVERLAPPING_LIDAR_INTERVAL previous_synchronized_end_ns=1701245220391862896 current_scan_start_ns=1701245220391536236 current_scan_end_ns=1701245220424171236 overlap_duration_ns=326660 scan_index=182,TRACKING,13,6261962,6528,667,667,478,0.0378849,3,6.57367e-05,30252,205,911,108,3903,4609,328,2696,6299
1257,,TRACKING,14,6160711,6528,2217,2217,1938,0.0343028,3,0.000390628,30404,229,886,232,14839,17854,1679,2696,21132
1264,,TRACKING,8,6068885,6528,652,652,446,0.0432625,3,3.42788e-05,30430,126,874,105,3998,4655,350,2453,8708
1271,,TRACKING,7,6129629,6528,1958,1958,1625,0.0386904,2,0.000511971,30567,114,896,201,8873,10583,1602,2453,13622
1277,,TRACKING,8,6196344,6528,2183,2183,1942,0.0365027,3,0.000208215,30739,127,899,243,14979,18026,1732,2453,21357
1284,,TRACKING,8,6043049,6528,729,729,498,0.0372009,3,6.09018e-07,30760,129,913,114,4551,5288,408,2453,6992
1291,,TRACKING,8,6207121,6528,1962,1962,1610,0.0365216,3,9.05211e-05,30870,130,924,248,13465,15907,1527,2453,18956
1297,OVERLAPPING_LIDAR_INTERVAL previous_synchronized_end_ns=1701245220625341442 current_scan_start_ns=1701245220625046968 current_scan_end_ns=1701245220657681968 overlap_duration_ns=294474 scan_index=189,TRACKING,8,6207121,6528,1962,1962,1610,0.0365216,3,9.05211e-05,30870,130,924,248,13465,15907,1527,2453,18956
1304,,TRACKING,13,7836286,6528,800,800,551,0.0419864,3,4.15472e-05,30895,203,899,122,5204,6027,502,2453,7902
1311,OVERLAPPING_LIDAR_INTERVAL previous_synchronized_end_ns=1701245220691853073 current_scan_start_ns=1701245220691522121 current_scan_end_ns=1701245220724157121 overlap_duration_ns=330952 scan_index=191,TRACKING,13,7836286,6528,800,800,551,0.0419864,3,4.15472e-05,30895,203,899,122,5204,6027,502,2453,7902
1318,,TRACKING,14,6800036,6528,2059,2059,1840,0.0296729,3,0.000174924,30966,232,904,285,13586,16449,1416,2453,19544
1325,,TRACKING,8,6134807,6528,878,878,602,0.0361127,3,4.09688e-05,30978,125,876,128,5784,6698,541,2453,8531
1332,,TRACKING,7,6238647,6528,1818,1818,1424,0.0380408,3,0.000227276,31079,112,900,210,12566,14747,1448,2453,17610
1338,,TRACKING,8,6040720,6528,2083,2083,1855,0.0297279,3,0.000138417,31172,132,894,239,13932,16890,1423,2453,19847
1345,,TRACKING,8,6061549,6528,879,879,612,0.0368217,3,5.09355e-05,31194,122,879,129,5776,6733,554,2581,11156
1352,,TRACKING,8,6220004,6528,1690,1690,1293,0.0353189,3,0.000118101,31264,129,889,191,11849,13882,1289,2581,16552
1359,OVERLAPPING_LIDAR_INTERVAL previous_synchronized_end_ns=1701245220925475862 current_scan_start_ns=1701245220925049782 current_scan_end_ns=1701245220957684782 overlap_duration_ns=426080 scan_index=198,TRACKING,8,6220004,6528,1690,1690,1293,0.0353189,3,0.000118101,31264,129,889,191,11849,13882,1289,2581,16552
1365,,TRACKING,13,6815088,6528,891,891,626,0.039578,3,3.60504e-05,31295,208,911,139,6061,7005,622,2581,9032
1372,OVERLAPPING_LIDAR_INTERVAL previous_synchronized_end_ns=1701245220991840866 current_scan_start_ns=1701245220991516590 current_scan_end_ns=1701245221024151590 overlap_duration_ns=324276 scan_index=200,TRACKING,13,6815088,6528,891,891,626,0.039578,3,3.60504e-05,31295,208,911,139,6061,7005,622,2581,9032
1379,,TRACKING,14,6199805,6528,2052,2052,1878,0.0313788,3,8.1185e-05,31405,222,886,241,13665,16574,1435,2581,19574
1386,,TRACKING,8,6120914,6528,1022,1022,725,0.0407159,3,6.72574e-05,31454,126,891,147,7053,8161,727,2581,10226
1393,,TRACKING,8,6080524,6528,1554,1554,1153,0.0435695,3,0.000271252,31538,128,894,175,11310,13174,1310,2581,15849
1399,,TRACKING,7,6110632,6528,1982,1982,1813,0.0300687,3,5.09393e-05,31638,110,922,272,13178,16040,2037,2581,19625
1406,,TRACKING,8,7844520,6528,1154,1154,817,0.0417464,3,0.000158622,31697,132,917,154,8159,9417,857,2581,11660
1413,,TRACKING,8,7844520,6528,1510,1510,1140,0.0407924,3,0.0001364,31771,122,889,170,11006,12878,1171,2581,15393
1420,OVERLAPPING_LIDAR_INTERVAL previous_synchronized_end_ns=1701245221225309637 current_scan_start_ns=1701245221225035429 current_scan_end_ns=1701245221257670429 overlap_duration_ns=274208 scan_index=207,TRACKING,8,7844520,6528,1510,1510,1140,0.0407924,3,0.0001364,31771,122,889,170,11006,12878,1171,2581,15393
1427,,TRACKING,13,6251854,6528,1254,1254,896,0.040384,3,0.000218325,31833,213,919,161,8841,10251,933,2581,12628
1433,OVERLAPPING_LIDAR_INTERVAL previous_synchronized_end_ns=1701245221291814831 current_scan_start_ns=1701245221291532755 current_scan_end_ns=1701245221324167755 overlap_duration_ns=282076 scan_index=209,TRACKING,13,6251854,6528,1254,1254,896,0.040384,3,0.000218325,31833,213,919,161,8841,10251,933,2581,12628
1440,,TRACKING,14,6327219,6528,1956,1956,1798,0.0306281,3,0.00020674,31959,232,920,272,12883,15710,1475,2696,21543
1447,,TRACKING,8,6032113,6528,1419,1419,1086,0.0399705,3,0.000150028,32029,134,916,203,10392,12136,1186,2696,14815
1454,,TRACKING,7,7132668,6528,1326,1326,972,0.041749,3,0.000209941,32086,111,894,165,9553,11112,1014,2696,13487
1460,,TRACKING,9,7913318,6528,1978,1978,1813,0.0299494,3,5.00566e-05,32178,146,918,251,13035,15902,1314,2696,18757
1467,,TRACKING,7,7913318,6528,1499,1499,1136,0.0418875,3,1.05269e-05,32262,110,896,186,10948,12762,1335,2696,15513
1474,,TRACKING,8,6066841,6528,1224,1224,894,0.0389003,3,0.000170186,32309,133,914,221,8885,10291,929,2696,12687
1481,OVERLAPPING_LIDAR_INTERVAL previous_synchronized_end_ns=1701245221525333431 current_scan_start_ns=1701245221525079966 current_scan_end_ns=1701245221557714966 overlap_duration_ns=253465 scan_index=216,TRACKING,8,6066841,6528,1224,1224,894,0.0389003,3,0.000170186,32309,133,914,221,8885,10291,929,2696,12687
1488,,TRACKING,14,6299906,6528,1594,1594,1244,0.0391367,3,9.50594e-05,32379,224,897,193,11438,13418,1299,2696,16231
1494,OVERLAPPING_LIDAR_INTERVAL previous_synchronized_end_ns=1701245221591977146 current_scan_start_ns=1701245221591538668 current_scan_end_ns=1701245221624173668 overlap_duration_ns=438478 scan_index=218,TRACKING,14,6299906,6528,1594,1594,1244,0.0391367,3,9.50594e-05,32379,224,897,193,11438,13418,1299,2696,16231
1501,,TRACKING,13,6210651,6528,2023,2023,1849,0.0303211,3,0.00017849,32471,210,888,263,13232,16084,1417,2696,19129
1508,,TRACKING,8,6194415,6528,1702,1702,1276,0.0399819,3,0.000354418,32558,126,877,215,12448,14424,1336,2696,17200
1515,,TRACKING,8,6012751,6528,982,982,673,0.0408349,2,0.000271872,32594,124,873,137,4643,5338,661,2696,7259
1522,,TRACKING,8,6136037,6528,2004,2004,1825,0.0294147,3,6.96873e-05,32687,142,904,246,13284,16057,1444,2742,21744
1529,,TRACKING,7,6406695,6528,1756,1756,1368,0.0402806,3,4.33006e-05,32788,128,886,230,12777,14963,1521,2742,17992
1535,,TRACKING,8,6170439,6528,882,882,607,0.0385854,3,6.96176e-05,32810,132,913,134,6032,6965,641,2742,8913
1542,OVERLAPPING_LIDAR_INTERVAL previous_synchronized_end_ns=1701245221825423744 current_scan_start_ns=1701245221825034618 current_scan_end_ns=1701245221857669618 overlap_duration_ns=389126 scan_index=225,TRACKING,8,6170439,6528,882,882,607,0.0385854,3,6.96176e-05,32810,132,913,134,6032,6965,641,2742,8913
1549,,TRACKING,14,6365959,6528,1717,1717,1335,0.0390276,3,0.000423522,32908,219,898,214,12994,15124,1575,2742,18213
1556,OVERLAPPING_LIDAR_INTERVAL previous_synchronized_end_ns=1701245221891831663 current_scan_start_ns=1701245221891564131 current_scan_end_ns=1701245221924199131 overlap_duration_ns=267532 scan_index=227,TRACKING,14,6365959,6528,1717,1717,1335,0.0390276,3,0.000423522,32908,219,898,214,12994,15124,1575,2742,18213
1562,,TRACKING,13,6203430,6528,2165,2165,1930,0.0322104,3,0.000138896,33019,214,918,264,14875,17828,1680,2742,21156
1569,,TRACKING,8,6061334,6528,1855,1855,1505,0.0385663,3,0.000131365,33124,133,884,270,13465,15749,1559,2742,18875
1576,OVERLAPPING_LIDAR_INTERVAL previous_synchronized_end_ns=1701245221991366413 current_scan_start_ns=1701245221991263866 current_scan_end_ns=1701245222023898866 overlap_duration_ns=102547 scan_index=230,TRACKING,8,6061334,6528,1855,1855,1505,0.0385663,3,0.000131365,33124,133,884,270,13465,15749,1559,2742,18875
1583,,TRACKING,14,6273327,6528,2106,2106,1883,0.0319089,3,0.000117193,33228,232,914,252,14924,17864,1662,2742,21192
1589,,TRACKING,8,6245380,6528,2010,2010,1652,0.0345494,3,0.00015214,33308,138,922,248,15053,17688,1658,2742,20920
1596,,TRACKING,7,6132191,6528,621,621,407,0.0411499,3,5.48696e-07,33325,124,916,132,4343,4968,378,2742,6655
1603,OVERLAPPING_LIDAR_INTERVAL previous_synchronized_end_ns=1701245222125350740 current_scan_start_ns=1701245222125058889 current_scan_end_ns=1701245222157693889 overlap_duration_ns=291851 scan_index=234,TRACKING,7,6132191,6528,621,621,407,0.0411499,3,5.48696e-07,33325,124,916,132,4343,4968,378,2742,6655
1610,,TRACKING,14,7565216,6528,2041,2041,1654,0.0352799,3,0.000262408,33418,227,933,234,15497,18164,1752,2742,21522
1617,OVERLAPPING_LIDAR_INTERVAL previous_synchronized_end_ns=1701245222191853550 current_scan_start_ns=1701245222191624403 current_scan_end_ns=1701245222224259403 overlap_duration_ns=229147 scan_index=236,TRACKING,14,7565216,6528,2041,2041,1654,0.0352799,3,0.000262408,33418,227,933,234,15497,18164,1752,2742,21522
1623,,TRACKING,13,6127165,6528,2100,2100,1834,0.0330409,3,9.82939e-05,33515,208,908,249,15183,18095,1967,3019,24787
1630,,TRACKING,8,6140269,6528,2204,2204,1822,0.0345634,3,4.4614e-05,33611,128,897,242,16098,18936,2054,3019,22599
1637,,TRACKING,8,6314699,6528,651,651,428,0.0385558,3,1.32696e-07,33626,133,919,123,4470,5106,365,3019,6807
1644,,TRACKING,8,6143781,6528,2059,2059,1809,0.0344528,3,0.00013854,33723,128,892,242,14734,17529,1826,3019,20884
1650,,TRACKING,8,6097219,6528,2200,2200,1860,0.0339296,3,0.000139722,33822,135,925,269,16242,19109,1983,3019,22721
1658,,TRACKING,7,7045851,6528,613,613,393,0.0356276,3,9.59007e-05,33833,115,923,123,4417,5032,378,3019,6727
1664,OVERLAPPING_LIDAR_INTERVAL previous_synchronized_end_ns=1701245222425337579 current_scan_start_ns=1701245222424824715 current_scan_end_ns=1701245222457459715 overlap_duration_ns=512864 scan_index=243,TRACKING,7,7045851,6528,613,613,393,0.0356276,3,9.59007e-05,33833,115,923,123,4417,5032,378,3019,6727
1671,,TRACKING,14,7045851,6528,2133,2133,1824,0.0328515,3,0.000178186,33911,226,918,258,15685,18529,1952,3019,22093
1677,OVERLAPPING_LIDAR_INTERVAL previous_synchronized_end_ns=1701245222491817501 current_scan_start_ns=1701245222491648436 current_scan_end_ns=1701245222524283436 overlap_duration_ns=169065 scan_index=245,TRACKING,14,7045851,6528,2133,2133,1824,0.0328515,3,0.000178186,33911,226,918,258,15685,18529,1952,3019,22093
1684,,TRACKING,14,6058960,6528,2128,2128,1805,0.0327842,3,6.32085e-05,33992,236,921,273,15895,18707,1848,3019,22271
1691,,TRACKING,7,6137122,6528,2197,2197,1868,0.0334519,3,6.80827e-05,34083,114,915,260,15781,18594,1838,3019,21981
1698,OVERLAPPING_LIDAR_INTERVAL previous_synchronized_end_ns=1701245222591419246 current_scan_start_ns=1701245222591265440 current_scan_end_ns=1701245222623900440 overlap_duration_ns=153806 scan_index=248,TRACKING,7,6137122,6528,2197,2197,1868,0.0334519,3,6.80827e-05,34083,114,915,260,15781,18594,1838,3019,21981
1705,,TRACKING,14,6173932,6528,2096,2096,1788,0.0333706,3,0.000129664,34159,227,909,260,15113,17861,1736,3019,21263
1712,,TRACKING,8,6227069,6528,2107,2107,1824,0.0325475,3,0.000108559,34252,124,876,263,15194,17906,1792,2968,24193
1719,,TRACKING,7,6168268,6528,672,672,446,0.0382092,3,2.44307e-05,34260,111,892,124,4650,5310,380,2968,6967
1725,OVERLAPPING_LIDAR_INTERVAL previous_synchronized_end_ns=1701245222725345876 current_scan_start_ns=1701245222725027561 current_scan_end_ns=1701245222757662561 overlap_duration_ns=318315 scan_index=252,TRACKING,7,6168268,6528,672,672,446,0.0382092,3,2.44307e-05,34260,111,892,124,4650,5310,380,2968,6967
1732,,TRACKING,14,6151299,6528,2128,2128,1856,0.0327417,3,0.00010101,34335,226,917,271,15190,17990,1874,2968,21496
1739,OVERLAPPING_LIDAR_INTERVAL previous_synchronized_end_ns=1701245222791624811 current_scan_start_ns=1701245222791499376 current_scan_end_ns=1701245222824134376 overlap_duration_ns=125435 scan_index=254,TRACKING,14,6151299,6528,2128,2128,1856,0.0327417,3,0.00010101,34335,226,917,271,15190,17990,1874,2968,21496
1745,,TRACKING,13,6261723,6528,2088,2088,1722,0.0342647,3,0.000268104,34431,215,924,255,15659,18331,1980,2968,22002
1752,,TRACKING,8,6209034,6528,2082,2082,1813,0.0320454,3,0.000215816,34525,129,905,266,14949,17886,1975,2968,21456
1759,,TRACKING,8,6102985,6528,608,608,407,0.0381456,3,3.48027e-05,34536,137,882,128,4316,4923,404,2968,6633
1766,OVERLAPPING_LIDAR_INTERVAL previous_synchronized_end_ns=1701245222925126341 current_scan_start_ns=1701245222924913645 current_scan_end_ns=1701245222957548645 overlap_duration_ns=212696 scan_index=258,TRACKING,8,6102985,6528,608,608,407,0.0381456,3,3.48027e-05,34536,137,882,128,4316,4923,404,2968,6633
1773,,TRACKING,14,6391381,6528,2173,2173,1928,0.0306875,3,4.78524e-05,34636,223,906,270,15305,18327,1913,2968,21918
1780,,TRACKING,8,6066046,6528,638,638,424,0.0415238,3,4.77824e-05,34652,128,902,118,4449,5053,400,2968,6750
1786,OVERLAPPING_LIDAR_INTERVAL previous_synchronized_end_ns=1701245223025352981 current_scan_start_ns=1701245223025076866 current_scan_end_ns=1701245223057711866 overlap_duration_ns=276115 scan_index=261,TRACKING,8,6066046,6528,638,638,424,0.0415238,3,4.77824e-05,34652,128,902,118,4449,5053,400,2968,6750
1793,,TRACKING,13,6315080,6528,2251,2251,1982,0.0304892,3,7.42759e-05,34740,207,913,271,16135,19234,2042,2968,22888
1800,OVERLAPPING_LIDAR_INTERVAL previous_synchronized_end_ns=1701245223091891792 current_scan_start_ns=1701245223091506481 current_scan_end_ns=1701245223124141481 overlap_duration_ns=385311 scan_index=263,TRACKING,13,6315080,6528,2251,2251,1982,0.0304892,3,7.42759e-05,34740,207,913,271,16135,19234,2042,2968,22888
1807,,TRACKING,14,6081231,6528,1735,1735,1367,0.0372453,3,0.000160517,34808,232,921,233,13481,15589,1508,2968,18723
1813,,TRACKING,7,6032423,6528,2138,2138,1902,0.0290337,3,0.000151699,34890,113,913,268,14998,18002,1690,3172,24411
1820,OVERLAPPING_LIDAR_INTERVAL previous_synchronized_end_ns=1701245223191377428 current_scan_start_ns=1701245223191172123 current_scan_end_ns=1701245223223807123 overlap_duration_ns=205305 scan_index=266,TRACKING,7,6032423,6528,2138,2138,1902,0.0290337,3,0.000151699,34890,113,913,268,14998,18002,1690,3172,24411
1827,,TRACKING,14,6125063,6528,1734,1734,1356,0.0373377,3,0.000151811,34961,221,936,235,13419,15571,1470,3172,18685
1834,,TRACKING,8,6084696,6528,2010,2010,1826,0.028646,3,7.29643e-05,35024,124,889,276,13906,16719,1636,3172,19889
1841,,TRACKING,8,6032418,6528,975,975,652,0.0366281,3,5.33938e-07,35044,126,919,159,7172,8188,723,3172,10280
1847,OVERLAPPING_LIDAR_INTERVAL previous_synchronized_end_ns=1701245223325327184 current_scan_start_ns=1701245223325051785 current_scan_end_ns=1701245223357686785 overlap_duration_ns=275399 scan_index=270,TRACKING,8,6032418,6528,975,975,652,0.0366281,3,5.33938e-07,35044,126,919,159,7172,8188,723,3172,10280
1854,,TRACKING,13,6196387,6528,2026,2026,1837,0.0283839,3,8.78527e-05,35109,212,903,277,14001,16900,1618,3172,20139
1861,OVERLAPPING_LIDAR_INTERVAL previous_synchronized_end_ns=1701245223391844538 current_scan_start_ns=1701245223391504526 current_scan_end_ns=1701245223424139526 overlap_duration_ns=340012 scan_index=272,TRACKING,13,6196387,6528,2026,2026,1837,0.0283839,3,8.78527e-05,35109,212,903,277,14001,16900,1618,3172,20139
1868,,TRACKING,14,6286134,6528,1586,1586,1194,0.0364708,3,0.000301872,35155,241,895,211,12144,14016,1462,3172,17042
1874,,TRACKING,7,6286134,6528,1964,1964,1821,0.0310003,3,0.000406943,35250,113,909,309,13556,16283,1490,3172,19345
1881,,TRACKING,8,6050520,6528,1181,1181,853,0.0406255,3,1.88796e-05,35288,136,891,194,9076,10410,990,3172,12799
1888,,TRACKING,8,6157567,6528,1473,1473,1095,0.040334,3,0.000298447,35349,130,882,184,11263,12915,1280,3172,15547
1895,,TRACKING,8,6185498,6528,1949,1949,1757,0.0280295,3,0.000206711,35408,130,890,262,13501,16242,1370,3172,19106
1902,,TRACKING,8,6176373,6528,1313,1313,934,0.0396886,3,6.75557e-05,35443,124,899,210,9968,11428,1146,3660,17672
1908,OVERLAPPING_LIDAR_INTERVAL previous_synchronized_end_ns=1701245223625415828 current_scan_start_ns=1701245223625084162 current_scan_end_ns=1701245223657719162 overlap_duration_ns=331666 scan_index=279,TRACKING,8,6176373,6528,1313,1313,934,0.0396886,3,6.75557e-05,35443,124,899,210,9968,11428,1146,3660,17672
1915,,TRACKING,13,6101005,6528,1955,1955,1779,0.0272355,3,0.000125779,35498,205,877,272,13103,15861,1486,3660,18924
1922,OVERLAPPING_LIDAR_INTERVAL previous_synchronized_end_ns=1701245223691817310 current_scan_start_ns=1701245223691513538 current_scan_end_ns=1701245223724148538 overlap_duration_ns=303772 scan_index=281,TRACKING,13,6101005,6528,1955,1955,1779,0.0272355,3,0.000125779,35498,205,877,272,13103,15861,1486,3660,18924
1929,,TRACKING,14,6127337,6528,1262,1262,908,0.0375817,3,0.000184911,35528,230,909,190,9709,11123,1092,3660,13725
1936,,TRACKING,8,6031297,6528,1915,1915,1773,0.0272568,3,0.00028099,35614,126,887,262,12874,15603,1503,3660,18592
1942,OVERLAPPING_LIDAR_INTERVAL previous_synchronized_end_ns=1701245223791364219 current_scan_start_ns=1701245223791339397 current_scan_end_ns=1701245223823974397 overlap_duration_ns=24822 scan_index=284,TRACKING,8,6031297,6528,1915,1915,1773,0.0272568,3,0.00028099,35614,126,887,262,12874,15603,1503,3660,18592
1949,,TRACKING,13,6376835,6528,1149,1149,808,0.0387245,3,0.000178696,35648,207,882,190,8822,10067,1013,3660,12550
1956,,TRACKING,8,6110179,6528,1998,1998,1826,0.0274185,3,3.68893e-05,35724,129,904,270,14199,17092,1506,3660,20112
1963,,TRACKING,8,6132871,6528,1527,1527,1131,0.0393624,3,0.000117476,35779,123,858,206,11817,13581,1334,3660,16297
1969,OVERLAPPING_LIDAR_INTERVAL previous_synchronized_end_ns=1701245223925339010 current_scan_start_ns=1701245223925061703 current_scan_end_ns=1701245223957696703 overlap_duration_ns=277307 scan_index=288,TRACKING,8,6132871,6528,1527,1527,1131,0.0393624,3,0.000117476,35779,123,858,206,11817,13581,1334,3660,16297
1976,,TRACKING,13,6132871,6528,1975,1975,1783,0.0269912,3,3.20651e-05,35827,206,926,266,14001,16814,1565,3660,20017
1983,OVERLAPPING_LIDAR_INTERVAL previous_synchronized_end_ns=1701245223991824177 current_scan_start_ns=1701245223991510868 current_scan_end_ns=1701245224024145868 overlap_duration_ns=313309 scan_index=290,TRACKING,13,6132871,6528,1975,1975,1783,0.0269912,3,3.20651e-05,35827,206,926,266,14001,16814,1565,3660,20017
1990,,TRACKING,14,6168324,6528,959,959,664,0.038276,3,0.000105418,35849,234,923,171,7302,8346,772,3660,10611
1997,,TRACKING,8,6027121,6528,2068,2068,1850,0.0321695,3,6.65926e-05,35933,141,913,332,14760,17713,1721,3660,21044
2004,,TRACKING,8,6164379,6528,1729,1729,1324,0.0367626,3,4.51049e-05,36000,125,878,234,13896,16073,1742,3498,22785
2010,,TRACKING,7,6059115,6528,941,941,623,0.0347693,3,6.55069e-05,36010,117,915,148,7189,8177,759,3498,10263
2017,,TRACKING,8,6160840,6528,2020,2020,1804,0.0282789,3,8.93522e-05,36068,131,905,287,14396,17233,1612,3498,20374
2024,,TRACKING,8,6178332,6528,1854,1854,1403,0.0389543,3,0.000265165,36143,130,900,242,14525,16748,1720,3498,19960
2030,OVERLAPPING_LIDAR_INTERVAL previous_synchronized_end_ns=1701245224225338247 current_scan_start_ns=1701245224225053549 current_scan_end_ns=1701245224257688549 overlap_duration_ns=284698 scan_index=297,TRACKING,8,6178332,6528,1854,1854,1403,0.0389543,3,0.000265165,36143,130,900,242,14525,16748,1720,3498,19960
2037,,TRACKING,13,7827770,6528,2046,2046,1821,0.0286825,3,7.6547e-05,36212,212,891,325,14825,17674,1698,3498,21048
2044,OVERLAPPING_LIDAR_INTERVAL previous_synchronized_end_ns=1701245224291654136 current_scan_start_ns=1701245224291498423 current_scan_end_ns=1701245224324133423 overlap_duration_ns=155713 scan_index=299,TRACKING,13,7827770,6528,2046,2046,1821,0.0286825,3,7.6547e-05,36212,212,891,325,14825,17674,1698,3498,21048
2051,,TRACKING,14,6273035,6528,763,763,493,0.0408183,3,4.39436e-06,36230,220,905,140,5515,6260,518,3498,8176
2058,,TRACKING,8,6221042,6528,2080,2080,1806,0.0299165,3,0.000320447,36314,126,897,268,15233,18067,1742,3498,21294
2065,,TRACKING,8,6125583,6528,1967,1967,1552,0.0335323,3,0.0001641,36374,122,854,244,14982,17424,1997,3498,20887
2071,,TRACKING,7,6066050,6528,721,721,449,0.0390515,3,6.9261e-08,36386,117,913,134,5193,5868,422,3498,7578
2078,,TRACKING,8,6239816,6528,2145,2145,1865,0.0305928,3,7.75795e-05,36463,127,935,283,15739,18771,1944,3498,22314
2085,,TRACKING,8,6153631,6528,1968,1968,1575,0.0368507,3,0.00012568,36556,124,880,254,15155,17571,1936,3865,24873
2092,OVERLAPPING_LIDAR_INTERVAL previous_synchronized_end_ns=1701245224525362041 current_scan_start_ns=1701245224525058031 current_scan_end_ns=1701245224557693031 overlap_duration_ns=304010 scan_index=306,TRACKING,8,6153631,6528,1968,1968,1575,0.0368507,3,0.00012568,36556,124,880,254,15155,17571,1936,3865,24873
2098,,TRACKING,13,6083476,6528,2172,2172,1885,0.0311394,3,0.00012268,36632,219,886,322,16063,19061,1941,3865,22710
2105,OVERLAPPING_LIDAR_INTERVAL previous_synchronized_end_ns=1701245224591843870 current_scan_start_ns=1701245224591484308 current_scan_end_ns=1701245224624119308 overlap_duration_ns=359562 scan_index=308,TRACKING,13,6083476,6528,2172,2172,1885,0.0311394,3,0.00012268,36632,219,886,322,16063,19061,1941,3865,22710
2112,,TRACKING,14,6243558,6528,613,613,392,0.039096,3,5.67349e-08,36647,234,925,171,4319,4906,381,3865,6755
2119,,TRACKING,8,6095415,6528,2221,2221,1848,0.0329998,3,0.000335608,36729,129,918,286,16895,19745,2032,3865,23313
2126,,TRACKING,8,6079632,6528,2036,2036,1661,0.0327378,3,5.31417e-05,36811,132,863,287,15350,17844,1894,3865,21267
2132,,TRACKING,7,7815477,6528,563,563,348,0.0373674,2,0.000117043,36822,111,877,126,2621,2977,334,3865,4558
2139,,TRACKING,8,6156708,6528,2292,2292,1944,0.0323914,3,2.37113e-05,36887,123,895,283,17157,20132,2104,3865,23740
2146,,TRACKING,8,6035227,6528,2100,2100,1746,0.0320043,2,0.000213043,36954,131,886,321,10628,12411,1973,3865,16002
2153,OVERLAPPING_LIDAR_INTERVAL previous_synchronized_end_ns=1701245224825335529 current_scan_start_ns=1701245224825038195 current_scan_end_ns=1701245224857673195 overlap_duration_ns=297334 scan_index=315,TRACKING,8,6035227,6528,2100,2100,1746,0.0320043,2,0.000213043,36954,131,886,321,10628,12411,1973,3865,16002
2159,,TRACKING,14,8044716,6528,2149,2149,1811,0.0345662,3,0.000255141,37039,228,921,299,16154,18936,1980,3865,22604
2166,OVERLAPPING_LIDAR_INTERVAL previous_synchronized_end_ns=1701245224891809013 current_scan_start_ns=1701245224891505241 current_scan_end_ns=1701245224924140241 overlap_duration_ns=303772 scan_index=317,TRACKING,14,8044716,6528,2149,2149,1811,0.0345662,3,0.000255141,37039,228,921,299,16154,18936,1980,3865,22604
2173,,TRACKING,13,8044716,6528,512,512,346,0.0376407,3,1.59485e-07,37045,212,930,107,3432,3946,321,3865,5636
2180,,TRACKING,8,6012828,6528,2131,2131,1711,0.0361296,2,0.000327034,37120,128,917,270,11058,12862,2053,3752,20176
2187,,TRACKING,8,6115709,6528,2233,2233,1867,0.0326268,2,0.000238371,37182,144,917,348,11090,13033,2006,3752,16705
2193,,TRACKING,8,6034670,6528,592,592,375,0.036705,3,2.34013e-05,37185,126,904,134,4127,4659,347,3752,6297
2200,,TRACKING,7,6076154,6528,1923,1923,1592,0.0340731,3,0.000312224,37248,106,906,253,14639,17067,2054,3752,20585
2207,,TRACKING,8,6079935,6528,2270,2270,1937,0.0312872,3,8.87171e-05,37319,126,891,329,16851,19835,2017,3752,23473
2214,OVERLAPPING_LIDAR_INTERVAL previous_synchronized_end_ns=1701245225125446584 current_scan_start_ns=1701245225124957561 current_scan_end_ns=1701245225157592561 overlap_duration_ns=489023 scan_index=324,TRACKING,8,6079935,6528,2270,2270,1937,0.0312872,3,8.87171e-05,37319,126,891,329,16851,19835,2017,3752,23473
2221,,TRACKING,14,6281759,6528,1858,1858,1496,0.0318704,3,5.1601e-05,37378,220,895,260,14198,16464,1727,3752,19808
2227,OVERLAPPING_LIDAR_INTERVAL previous_synchronized_end_ns=1701245225191840437 current_scan_start_ns=1701245225191505909 current_scan_end_ns=1701245225224140909 overlap_duration_ns=334528 scan_index=326,TRACKING,14,6281759,6528,1858,1858,1496,0.0318704,3,5.1601e-05,37378,220,895,260,14198,16464,1727,3752,19808
2234,,TRACKING,13,6141429,6528,698,698,445,0.0372334,2,8.09128e-05,37386,202,905,134,3375,3813,449,3752,5622
2241,,TRACKING,8,7788867,6528,1835,1835,1426,0.0370988,3,4.37454e-05,37468,134,902,245,14264,16458,1761,3752,19667
2248,,TRACKING,8,6071755,6528,2216,2216,1892,0.0350763,3,0.000138982,37557,125,900,295,16314,19223,2074,3752,22861
2254,,TRACKING,8,6108124,6528,767,767,502,0.0345242,3,6.42903e-06,37569,130,927,136,5631,6386,478,3752,8204
2261,,TRACKING,7,7713946,6528,1850,1850,1477,0.0349853,3,0.000206507,37622,113,908,230,14238,16510,1959,3548,23438
2268,,TRACKING,8,6477732,6528,2104,2104,1873,0.0327327,3,0.00011732,37704,131,876,285,15672,18627,1879,3548,22081
2275,OVERLAPPING_LIDAR_INTERVAL previous_synchronized_end_ns=1701245225425329473 current_scan_start_ns=1701245225424829006 current_scan_end_ns=1701245225457464006 overlap_duration_ns=500467 scan_index=333,TRACKING,8,6477732,6528,2104,2104,1873,0.0327327,3,0.00011732,37704,131,876,285,15672,18627,1879,3548,22081
2282,,TRACKING,14,6477732,6528,1736,1736,1327,0.0345894,3,0.000161593,37765,230,921,261,13885,16012,1925,3548,19595
2288,OVERLAPPING_LIDAR_INTERVAL previous_synchronized_end_ns=1701245225491808679 current_scan_start_ns=1701245225491498709 current_scan_end_ns=1701245225524133709 overlap_duration_ns=309970 scan_index=335,TRACKING,14,6477732,6528,1736,1736,1327,0.0345894,3,0.000161593,37765,230,921,261,13885,16012,1925,3548,19595
2295,,TRACKING,13,6104043,6528,980,980,649,0.0375408,3,7.07669e-05,37777,213,871,163,7286,8289,755,3548,10420
2302,,TRACKING,8,6145198,6528,1676,1676,1222,0.0357466,3,0.00012574,37825,127,900,224,13132,15032,1535,3548,17989
2309,OVERLAPPING_LIDAR_INTERVAL previous_synchronized_end_ns=1701245225591347482 current_scan_start_ns=1701245225591171265 current_scan_end_ns=1701245225623806265 overlap_duration_ns=176217 scan_index=338,TRACKING,8,6145198,6528,1676,1676,1222,0.0357466,3,0.00012574,37825,127,900,224,13132,15032,1535,3548,17989
2316,,TRACKING,14,6264057,6528,992,992,701,0.0373541,3,0.00015374,37846,223,881,165,7527,8607,777,3548,10806
2322,,TRACKING,7,6209963,6528,1608,1608,1193,0.0406935,2,0.000704095,37908,112,915,213,8543,9791,1616,3548,12822
2329,,TRACKING,8,6073126,6528,1995,1995,1787,0.029221,3,0.000321421,37982,128,874,290,14244,17033,1581,3548,20126
2336,OVERLAPPING_LIDAR_INTERVAL previous_synchronized_end_ns=1701245225725307968 current_scan_start_ns=1701245225725045443 current_scan_end_ns=1701245225757680443 overlap_duration_ns=262525 scan_index=342,TRACKING,8,6073126,6528,1995,1995,1787,0.029221,3,0.000321421,37982,128,874,290,14244,17033,1581,3548,20126
2343,,TRACKING,14,6222089,6528,1530,1530,1112,0.0372911,3,0.000151751,38019,234,880,234,12696,14505,1548,3548,17623
2350,OVERLAPPING_LIDAR_INTERVAL previous_synchronized_end_ns=1701245225791807201 current_scan_start_ns=1701245225791484356 current_scan_end_ns=1701245225824119356 overlap_duration_ns=322845 scan_index=344,TRACKING,14,6222089,6528,1530,1530,1112,0.0372911,3,0.000151751,38019,234,880,234,12696,14505,1548,3548,17623
2356,,TRACKING,13,6017686,6528,1176,1176,815,0.036127,3,3.37955e-05,38049,215,955,183,9397,10668,1207,3548,13378
2363,,TRACKING,8,7637560,6528,1338,1338,937,0.0358356,3,0.000229462,38075,130,918,200,10507,11966,1168,3664,18202
2370,,TRACKING,8,6376125,6528,2055,2055,1881,0.0299783,3,0.000452609,38153,124,867,301,14278,17219,1579,3664,20320
2377,,TRACKING,8,6037938,6528,1256,1256,891,0.038286,2,0.000296685,38181,133,913,185,6655,7546,1157,3664,10105
2383,,TRACKING,8,6072190,6528,1279,1279,891,0.0388079,3,9.84891e-06,38217,123,882,197,10022,11395,1185,3664,13921
2390,,TRACKING,7,6254206,6528,1948,1948,1771,0.0279762,3,8.36997e-05,38270,112,902,273,13536,16300,1626,3664,19430
2397,OVERLAPPING_LIDAR_INTERVAL previous_synchronized_end_ns=1701245226025310781 current_scan_start_ns=1701245226025131702 current_scan_end_ns=1701245226057766702 overlap_duration_ns=179079 scan_index=351,TRACKING,7,6254206,6528,1948,1948,1771,0.0279762,3,8.36997e-05,38270,112,902,273,13536,16300,1626,3664,19430
2404,,TRACKING,14,7773548,6528,1253,1253,882,0.0361474,3,0.000210534,38298,220,895,243,9680,11057,1119,3664,13740
2411,OVERLAPPING_LIDAR_INTERVAL previous_synchronized_end_ns=1701245226091834095 current_scan_start_ns=1701245226091558218 current_scan_end_ns=1701245226124193218 overlap_duration_ns=275877 scan_index=353,TRACKING,14,7773548,6528,1253,1253,882,0.0361474,3,0.000210534,38298,220,895,243,9680,11057,1119,3664,13740
2418,,TRACKING,13,6355673,6528,1493,1493,1075,0.0349851,3,0.000343754,38333,210,887,208,12211,13895,1462,3664,16825
2424,,TRACKING,8,6408121,6528,1065,1065,710,0.0373304,3,0.000204142,38351,127,872,193,8166,9271,875,3664,11515
2431,,TRACKING,8,6203365,6528,2005,2005,1801,0.0292193,3,0.000316474,38414,127,894,297,14389,17115,1515,3664,20160
2438,,TRACKING,8,6170152,6528,1585,1585,1143,0.0372781,3,0.000127873,38467,122,872,242,12396,14192,1816,3664,17488
2444,,TRACKING,8,6325879,6528,1057,1057,732,0.0364622,3,3.708e-05,38486,123,863,183,8085,9193,861,3935,15312
2451,,TRACKING,8,6100039,6528,2031,2031,1822,0.0330261,3,2.40013e-05,38563,133,904,312,15252,18121,1684,3935,21402
2458,OVERLAPPING_LIDAR_INTERVAL previous_synchronized_end_ns=1701245226325219896 current_scan_start_ns=1701245226325036764 current_scan_end_ns=1701245226357671764 overlap_duration_ns=183132 scan_index=360,TRACKING,8,6100039,6528,2031,2031,1822,0.0330261,3,2.40013e-05,38563,133,904,312,15252,18121,1684,3935,21402
2465,,TRACKING,13,6234926,6528,940,940,627,0.0353181,3,6.25294e-05,38577,213,917,167,7165,8131,708,3935,10291
2472,OVERLAPPING_LIDAR_INTERVAL previous_synchronized_end_ns=1701245226391856458 current_scan_start_ns=1701245226391486883 current_scan_end_ns=1701245226424121883 overlap_duration_ns=369575 scan_index=362,TRACKING,13,6234926,6528,940,940,627,0.0353181,3,6.25294e-05,38577,213,917,167,7165,8131,708,3935,10291
2479,,TRACKING,14,7969006,6528,1817,1817,1350,0.0365988,3,0.000398103,38637,217,881,242,14828,17017,1727,3935,20280
2485,,TRACKING,7,6164388,6528,827,827,525,0.0352705,3,2.35942e-05,38644,115,918,144,6065,6880,531,3935,8711
2492,,TRACKING,8,6134003,6528,2071,2071,1840,0.0330658,3,0.000133896,38698,129,919,287,15476,18317,2296,3935,22166
2499,,TRACKING,8,6324991,6528,1851,1851,1465,0.0333223,3,0.000131987,38752,129,908,288,14981,17352,1784,3935,20717
2505,,TRACKING,8,6148101,6528,737,737,465,0.0350983,3,5.45636e-05,38763,124,892,146,5498,6202,483,3935,7985
2513,,TRACKING,8,6087056,6528,2268,2268,1936,0.0321105,3,9.30002e-05,38840,128,901,305,17006,20079,2027,3935,23675
2519,OVERLAPPING_LIDAR_INTERVAL previous_synchronized_end_ns=1701245226625438717 current_scan_start_ns=1701245226624995470 current_scan_end_ns=1701245226657630470 overlap_duration_ns=443247 scan_index=369,TRACKING,8,6087056,6528,2268,2268,1936,0.0321105,3,9.30002e-05,38840,128,901,305,17006,20079,2027,3935,23675
2526,,TRACKING,13,6220378,6528,661,661,386,0.0371056,2,0.000121885,38847,217,910,131,3318,3728,433,3935,5581
2533,OVERLAPPING_LIDAR_INTERVAL previous_synchronized_end_ns=1701245226691795137 current_scan_start_ns=1701245226691477537 current_scan_end_ns=1701245226724112537 overlap_duration_ns=317600 scan_index=371,TRACKING,13,6220378,6528,661,661,386,0.0371056,2,0.000121885,38847,217,910,131,3318,3728,433,3935,5581
2540,,TRACKING,14,6238781,6528,1951,1951,1560,0.0345394,3,0.000204982,38906,223,904,270,15896,18327,2064,4180,26172
2546,,TRACKING,7,6232443,6528,616,616,365,0.0351335,3,8.21591e-06,38914,112,890,116,4529,5082,369,4180,6720
2553,,TRACKING,8,6232751,6528,2237,2237,1927,0.0327134,3,0.000143472,38994,124,904,352,17438,20504,2073,4180,24221
2560,OVERLAPPING_LIDAR_INTERVAL previous_synchronized_end_ns=1701245226825096395 current_scan_start_ns=1701245226824883699 current_scan_end_ns=1701245226857518699 overlap_duration_ns=212696 scan_index=375,TRACKING,8,6232751,6528,2237,2237,1927,0.0327134,3,0.000143472,38994,124,904,352,17438,20504,2073,4180,24221
2567,,TRACKING,14,6211834,6528,548,548,346,0.035023,3,0.000131374,38997,231,932,122,4004,4530,314,4180,6289
2574,,TRACKING,8,6146157,6528,2164,2164,1785,0.0339978,3,0.000160455,39096,124,883,295,16570,19232,1996,4180,22745
2580,OVERLAPPING_LIDAR_INTERVAL previous_synchronized_end_ns=1701245226925313976 current_scan_start_ns=1701245226925048351 current_scan_end_ns=1701245226957683351 overlap_duration_ns=265625 scan_index=378,TRACKING,8,6146157,6528,2164,2164,1785,0.0339978,3,0.000160455,39096,124,883,295,16570,19232,1996,4180,22745
2587,,TRACKING,13,6787518,6528,575,575,353,0.0363192,3,3.55783e-07,39105,207,888,149,4072,4591,357,4180,6387
2594,OVERLAPPING_LIDAR_INTERVAL previous_synchronized_end_ns=1701245226991847542 current_scan_start_ns=1701245226991479397 current_scan_end_ns=1701245227024114397 overlap_duration_ns=368145 scan_index=380,TRACKING,13,6787518,6528,575,575,353,0.0363192,3,3.55783e-07,39105,207,888,149,4072,4591,357,4180,6387
2601,,TRACKING,13,6147422,6528,2256,2256,1852,0.033143,3,0.000242602,39173,220,900,292,17763,20578,2142,4180,24375
2607,,TRACKING,8,6036656,6528,528,528,329,0.0351509,3,2.90632e-05,39181,125,872,104,3672,4158,307,4180,5702
2614,,TRACKING,8,6054911,6528,2070,2070,1721,0.0338274,3,5.72117e-05,39233,125,895,279,16636,19308,2092,4180,22934
2621,,TRACKING,8,6173734,6528,2216,2216,1822,0.0316441,3,4.83124e-05,39294,135,930,373,18346,21335,2326,4180,25567
2628,,TRACKING,8,6290467,6528,640,640,371,0.0335583,3,1.27357e-05,39302,146,922,131,4646,5227,366,4266,11229
2635,,TRACKING,8,6109945,6528,2037,2037,1648,0.03255,3,5.46927e-05,39361,138,1077,340,19295,22294,2293,4266,26422
2641,OVERLAPPING_LIDAR_INTERVAL previous_synchronized_end_ns=1701245227225320366 current_scan_start_ns=1701245227224861383 current_scan_end_ns=1701245227257496383 overlap_duration_ns=458983 scan_index=387,TRACKING,8,6109945,6528,2037,2037,1648,0.03255,3,5.46927e-05,39361,138,1077,340,19295,22294,2293,4266,26422
2648,,TRACKING,13,6235480,6528,651,651,389,0.0340282,2,0.000164259,39367,231,1004,139,3702,4158,427,4266,6118
2655,OVERLAPPING_LIDAR_INTERVAL previous_synchronized_end_ns=1701245227291791942 current_scan_start_ns=1701245227291517496 current_scan_end_ns=1701245227324152496 overlap_duration_ns=274446 scan_index=389,TRACKING,13,6235480,6528,651,651,389,0.0340282,2,0.000164259,39367,231,1004,139,3702,4158,427,4266,6118
2662,,TRACKING,14,7793190,6528,2202,2202,1870,0.0299359,3,0.000171186,39434,261,1043,316,18578,21691,2125,4266,25684
2669,,TRACKING,7,6050322,6528,648,648,396,0.0350122,3,0.000255042,39438,120,939,137,4985,5612,456,4266,7449
2675,,TRACKING,8,6145139,6528,2027,2027,1626,0.0304378,3,7.94226e-05,39489,132,946,285,16013,18460,1774,4266,21800
2682,,TRACKING,8,7234008,6528,2116,2116,1823,0.0288929,3,8.6946e-05,39525,127,867,297,15997,18799,1859,4266,22243
2689,,TRACKING,8,6138621,6528,735,735,445,0.0367646,3,1.06088e-05,39534,124,874,145,5544,6214,524,4266,8071
2696,,TRACKING,8,6147826,6528,2015,2015,1556,0.0336997,3,0.000131865,39575,130,901,287,15722,18050,1699,4266,21264
2703,OVERLAPPING_LIDAR_INTERVAL previous_synchronized_end_ns=1701245227525303867 current_scan_start_ns=1701245227525039434 current_scan_end_ns=1701245227557674434 overlap_duration_ns=264433 scan_index=396,TRACKING,8,6147826,6528,2015,2015,1556,0.0336997,3,0.000131865,39575,130,901,287,15722,18050,1699,4266,21264
2709,,TRACKING,13,6174990,6528,717,717,444,0.034866,3,3.44473e-05,39582,196,858,126,5374,6026,467,4266,7806
2716,OVERLAPPING_LIDAR_INTERVAL previous_synchronized_end_ns=1701245227591789510 current_scan_start_ns=1701245227591458797 current_scan_end_ns=1701245227624093797 overlap_duration_ns=330713 scan_index=398,TRACKING,13,6174990,6528,717,717,444,0.034866,3,3.44473e-05,39582,196,858,126,5374,6026,467,4266,7806
2723,,TRACKING,14,7705603,6528,2130,2130,1822,0.0280603,3,0.000123447,39639,233,926,288,15805,18602,1920,4131,26325
2729,,TRACKING,8,6235597,6528,801,801,505,0.034743,3,1.1219e-07,39643,129,897,162,6216,6988,513,4131,8870
2736,,TRACKING,7,6235597,6528,1820,1820,1304,0.034561,3,3.55976e-05,39702,109,897,238,14661,16660,1749,4131,19841
2743,,TRACKING,8,6190637,6528,2093,2093,1789,0.028642,3,0.000141829,39762,128,872,309,15393,18174,1946,4131,21725
2750,,TRACKING,8,6128358,6528,805,805,529,0.0340756,3,4.5122e-05,39773,123,897,151,6186,7002,635,4131,8978
2757,,TRACKING,8,6115641,6528,1725,1725,1280,0.0339272,3,0.000270341,39815,125,893,219,13944,15995,1782,4131,19216
2764,OVERLAPPING_LIDAR_INTERVAL previous_synchronized_end_ns=1701245227825433042 current_scan_start_ns=1701245227825045824 current_scan_end_ns=1701245227857680824 overlap_duration_ns=387218 scan_index=405,TRACKING,8,6115641,6528,1725,1725,1280,0.0339272,3,0.000270341,39815,125,893,219,13944,15995,1782,4131,19216
2770,,TRACKING,13,6128121,6528,876,876,558,0.0351207,2,0.00036374,39828,209,890,154,4629,5235,712,4131,7336
2777,OVERLAPPING_LIDAR_INTERVAL previous_synchronized_end_ns=1701245227891799715 current_scan_start_ns=1701245227891503334 current_scan_end_ns=1701245227924138334 overlap_duration_ns=296381 scan_index=407,TRACKING,13,6128121,6528,876,876,558,0.0351207,2,0.00036374,39828,209,890,154,4629,5235,712,4131,7336
2784,,TRACKING,14,7003368,6528,2051,2051,1832,0.0279371,3,0.000152922,39873,231,954,297,15955,18919,1993,4131,22672
2791,,TRACKING,8,6206249,6528,1009,1009,673,0.0371351,3,1.5849e-06,39891,127,894,172,7794,8812,855,4131,11044
2797,OVERLAPPING_LIDAR_INTERVAL previous_synchronized_end_ns=1701245227991370466 current_scan_start_ns=1701245227991144896 current_scan_end_ns=1701245228023779896 overlap_duration_ns=225570 scan_index=410,TRACKING,8,6206249,6528,1009,1009,673,0.0371351,3,1.5849e-06,39891,127,894,172,7794,8812,855,4131,11044
2804,,TRACKING,13,6102832,6528,2006,2006,1771,0.0271422,3,6.51112e-05,39940,201,877,277,14975,17716,1631,4131,20909
2811,,TRACKING,8,6134833,6528,1155,1155,763,0.0371255,3,0.00012777,39959,129,884,173,9150,10318,1029,3860,16573
2818,,TRACKING,8,6092616,6528,1553,1553,1098,0.0354557,3,6.53436e-05,39988,125,863,240,12182,13881,1377,3860,16661
2824,OVERLAPPING_LIDAR_INTERVAL previous_synchronized_end_ns=1701245228125388887 current_scan_start_ns=1701245228125050545 current_scan_end_ns=1701245228157685545 overlap_duration_ns=338342 scan_index=414,TRACKING,8,6092616,6528,1553,1553,1098,0.0354557,3,6.53436e-05,39988,125,863,240,12182,13881,1377,3860,16661
2831,,TRACKING,13,6116338,6528,1185,1185,772,0.0361816,3,6.55015e-05,39997,196,883,183,9541,10756,1071,3860,13255
2838,OVERLAPPING_LIDAR_INTERVAL previous_synchronized_end_ns=1701245228191797760 current_scan_start_ns=1701245228191476583 current_scan_end_ns=1701245228224111583 overlap_duration_ns=321177 scan_index=416,TRACKING,13,6116338,6528,1185,1185,772,0.0361816,3,6.55015e-05,39997,196,883,183,9541,10756,1071,3860,13255
2845,,TRACKING,14,7515461,6528,1919,1919,1724,0.0261669,3,0.000185324,40043,228,920,293,13924,16658,1398,3860,19731
2852,,TRACKING,8,6241167,6528,1378,1378,932,0.0361477,3,9.53955e-05,40077,127,917,213,11245,12691,1265,3860,15410
2859,,TRACKING,8,6045635,6528,1336,1336,913,0.0346659,3,5.89359e-05,40105,120,914,201,10226,11690,1129,3860,14219
2865,,TRACKING,7,6104366,6528,1927,1927,1720,0.0252991,3,0.000196068,40152,107,873,269,13706,16354,1457,3860,19279
2872,,TRACKING,8,6033327,6528,1457,1457,1015,0.0367596,2,8.64666e-05,40194,125,893,212,7828,8872,1428,3860,11729
2879,,TRACKING,8,6094634,6528,1221,1221,808,0.0350541,3,0.000125195,40217,129,907,193,9338,10591,1043,3860,13008
2885,OVERLAPPING_LIDAR_INTERVAL previous_synchronized_end_ns=1701245228425307539 current_scan_start_ns=1701245228425019026 current_scan_end_ns=1701245228457654026 overlap_duration_ns=288513 scan_index=423,TRACKING,8,6094634,6528,1221,1221,808,0.0350541,3,0.000125195,40217,129,907,193,9338,10591,1043,3860,13008
2893,,TRACKING,14,6924868,6528,1575,1575,1131,0.0352972,3,0.000133282,40250,233,869,217,12525,14284,1508,3860,17284
2899,OVERLAPPING_LIDAR_INTERVAL previous_synchronized_end_ns=1701245228491780546 current_scan_start_ns=1701245228491471052 current_scan_end_ns=1701245228524106052 overlap_duration_ns=309494 scan_index=425,TRACKING,14,6924868,6528,1575,1575,1131,0.0352972,3,0.000133282,40250,233,869,217,12525,14284,1508,3860,17284
2906,,TRACKING,13,6094353,6528,2024,2024,1823,0.0271501,3,7.66676e-05,40295,207,906,297,14624,17470,1904,4123,25156
2913,,TRACKING,8,6225130,6528,1699,1699,1177,0.0352201,3,4.91913e-05,40327,123,885,239,13278,15104,1512,4123,18094
2920,,TRACKING,8,6067490,6528,1026,1026,639,0.035251,3,0.000166022,40339,124,883,165,7801,8787,758,4123,10847
2926,OVERLAPPING_LIDAR_INTERVAL previous_synchronized_end_ns=1701245228625094679 current_scan_start_ns=1701245228624957561 current_scan_end_ns=1701245228657592561 overlap_duration_ns=137118 scan_index=429,TRACKING,8,6067490,6528,1026,1026,639,0.035251,3,0.000166022,40339,124,883,165,7801,8787,758,4123,10847
2933,,TRACKING,13,6196073,6528,1692,1692,1263,0.03637,3,8.90137e-05,40377,206,887,227,13514,15452,1802,4123,18746
2940,,TRACKING,8,7557369,6528,883,883,589,0.0356187,3,3.60925e-05,40389,129,914,166,7054,8004,688,4123,10053
2947,OVERLAPPING_LIDAR_INTERVAL previous_synchronized_end_ns=1701245228725434807 current_scan_start_ns=1701245228724808693 current_scan_end_ns=1701245228757443693 overlap_duration_ns=626114 scan_index=432,TRACKING,8,7557369,6528,883,883,589,0.0356187,3,3.60925e-05,40389,129,914,166,7054,8004,688,4123,10053
2954,,TRACKING,14,6373618,6528,1723,1723,1295,0.0331171,3,0.000460852,40436,232,942,239,14533,16685,1917,4123,20205
2960,OVERLAPPING_LIDAR_INTERVAL previous_synchronized_end_ns=1701245228791820314 current_scan_start_ns=1701245228791472197 current_scan_end_ns=1701245228824107197 overlap_duration_ns=348117 scan_index=434,TRACKING,14,6373618,6528,1723,1723,1295,0.0331171,3,0.000460852,40436,232,942,239,14533,16685,1917,4123,20205
2967,,TRACKING,13,6281516,6528,2111,2111,1786,0.0298804,3,5.09046e-05,40493,207,908,305,15592,18286,1923,4123,21888
2974,,TRACKING,8,6087632,6528,1872,1872,1410,0.0363678,3,0.000630063,40554,132,913,307,15273,17476,1910,4123,21020
2981,,TRACKING,8,6040446,6528,705,705,413,0.0381155,3,7.69964e-05,40567,125,877,129,5260,5893,505,4123,7648
2988,,TRACKING,7,6063655,6528,2024,2024,1758,0.0279414,3,0.000153082,40618,108,892,291,15101,17798,1720,4123,21024
2994,,TRACKING,8,6344442,6528,2014,2014,1574,0.034092,3,3.18281e-05,40669,123,888,281,15982,18357,1984,3889,25757
3001,,TRACKING,8,6088239,6528,739,739,454,0.036012,3,3.11622e-05,40672,128,896,134,5411,6091,548,3889,7951
3008,OVERLAPPING_LIDAR_INTERVAL previous_synchronized_end_ns=1701245229025303867 current_scan_start_ns=1701245229024998188 current_scan_end_ns=1701245229057633188 overlap_duration_ns=305679 scan_index=441,TRACKING,8,6088239,6528,739,739,454,0.036012,3,3.11622e-05,40672,128,896,134,5411,6091,548,3889,7951
3015,,TRACKING,14,6249235,6528,2001,2001,1572,0.0326354,3,4.10559e-05,40708,232,906,273,16208,18715,2020,3889,22359
3021,OVERLAPPING_LIDAR_INTERVAL previous_synchronized_end_ns=1701245229091769960 current_scan_start_ns=1701245229091450930 current_scan_end_ns=1701245229124085930 overlap_duration_ns=319030 scan_index=443,TRACKING,14,6249235,6528,2001,2001,1572,0.0326354,3,4.10559e-05,40708,232,906,273,16208,18715,2020,3889,22359
3028,,TRACKING,13,6613809,6528,2143,2143,1792,0.0301547,3,0.000171359,40752,215,916,372,16255,19007,1906,3889,22708
3035,,TRACKING,8,6613809,6528,2172,2172,1671,0.0311427,3,4.71595e-05,40802,131,917,301,17503,20121,2141,3889,23899
3042,,TRACKING,8,6084549,6528,649,649,387,0.0355973,3,4.50757e-05,40808,125,889,133,4565,5134,375,3889,6795
3049,,TRACKING,8,6414216,6528,2101,2101,1789,0.0285332,3,1.63151e-05,40844,135,928,338,16286,19115,1903,3889,22639
3055,,TRACKING,7,6079786,6528,2107,2107,1710,0.0306413,3,8.88699e-05,40885,112,896,312,16703,19331,1923,3889,22844
3062,,TRACKING,8,6255802,6528,614,614,385,0.0340002,3,4.68661e-05,40890,123,876,117,4345,4900,353,3889,6488
3069,OVERLAPPING_LIDAR_INTERVAL previous_synchronized_end_ns=1701245229325214651 current_scan_start_ns=1701245229325011492 current_scan_end_ns=1701245229357646492 overlap_duration_ns=203159 scan_index=450,TRACKING,8,6255802,6528,614,614,385,0.0340002,3,4.68661e-05,40890,123,876,117,4345,4900,353,3889,6488
3076,,TRACKING,14,6187135,6528,2077,2077,1691,0.0293414,3,0.000119537,40916,216,893,286,16408,19007,1943,3889,22548
3082,OVERLAPPING_LIDAR_INTERVAL previous_synchronized_end_ns=1701245229391811874 current_scan_start_ns=1701245229391471386 current_scan_end_ns=1701245229424106386 overlap_duration_ns=340488 scan_index=452,TRACKING,14,6187135,6528,2077,2077,1691,0.0293414,3,0.000119537,40916,216,893,286,16408,19007,1943,3889,22548
3089,,TRACKING,13,6054959,6528,2199,2199,1797,0.0304674,3,0.000242552,40951,207,902,308,17337,20227,2014,4047,27970
3096,,TRACKING,8,6387736,6528,2104,2104,1716,0.0308406,3,9.01246e-05,40999,125,918,313,16923,19541,1897,4047,23071
3103,,TRACKING,8,6607211,6528,678,678,404,0.0366692,3,0.000109795,41006,121,855,128,4772,5361,443,4047,7040
3110,,TRACKING,8,6142443,6528,2151,2151,1745,0.0296381,3,2.07802e-05,41043,125,898,281,16500,19079,1976,4047,22566
3116,,TRACKING,7,6344008,6528,2084,2084,1719,0.0302044,2,0.000113856,41085,107,879,374,10592,12338,1948,4047,15944
3123,,TRACKING,8,6222896,6528,590,590,349,0.033135,3,1.1592e-05,41087,123,873,120,4148,4657,329,4047,6207
3130,OVERLAPPING_LIDAR_INTERVAL previous_synchronized_end_ns=1701245229625373867 current_scan_start_ns=1701245229624990225 current_scan_end_ns=1701245229657625225 overlap_duration_ns=383642 scan_index=459,TRACKING,8,6222896,6528,590,590,349,0.033135,3,1.1592e-05,41087,123,873,120,4148,4657,329,4047,6207
3137,,TRACKING,14,6222896,6528,2186,2186,1822,0.0294542,2,0.000166997,41122,225,899,286,11245,13120,2197,4047,16968
3143,OVERLAPPING_LIDAR_INTERVAL previous_synchronized_end_ns=1701245229691771057 current_scan_start_ns=1701245229691476345 current_scan_end_ns=1701245229724111345 overlap_duration_ns=294712 scan_index=461,TRACKING,14,6222896,6528,2186,2186,1822,0.0294542,2,0.000166997,41122,225,899,286,11245,13120,2197,4047,16968
3150,,TRACKING,13,6313850,6528,2087,2087,1640,0.0311046,3,9.07086e-05,41149,207,891,287,16605,19206,1914,4047,22763
3157,,TRACKING,8,6454244,6528,2129,2129,1770,0.0293525,3,5.53005e-05,41196,123,871,301,16551,19310,2078,4047,22981
3164,OVERLAPPING_LIDAR_INTERVAL previous_synchronized_end_ns=1701245229791324880 current_scan_start_ns=1701245229791163206 current_scan_end_ns=1701245229823798206 overlap_duration_ns=161674 scan_index=464,TRACKING,8,6454244,6528,2129,2129,1770,0.0293525,3,5.53005e-05,41196,123,871,301,16551,19310,2078,4047,22981
3171,,TRACKING,14,6371595,6528,1951,1951,1550,0.0312744,3,0.00011245,41236,227,925,274,15809,18252,1840,4047,21773
3178,,TRACKING,7,6222825,6528,2219,2219,1881,0.0290522,3,4.58649e-05,41293,111,927,320,16889,19758,2044,3957,27396
3184,,TRACKING,8,6189255,6528,668,668,388,0.0325434,3,2.27459e-05,41302,131,898,126,4932,5508,429,3957,7244
3191,OVERLAPPING_LIDAR_INTERVAL previous_synchronized_end_ns=1701245229925245073 current_scan_start_ns=1701245229924988985 current_scan_end_ns=1701245229957623985 overlap_duration_ns=256088 scan_index=468,TRACKING,8,6189255,6528,668,668,388,0.0325434,3,2.27459e-05,41302,131,898,126,4932,5508,429,3957,7244
3198,,TRACKING,14,6189255,6528,2216,2216,1860,0.029627,3,0.000129252,41357,226,922,300,16857,19661,1867,3957,23193
3205,OVERLAPPING_LIDAR_INTERVAL previous_synchronized_end_ns=1701245229991789129 current_scan_start_ns=1701245229991451263 current_scan_end_ns=1701245230024086263 overlap_duration_ns=337866 scan_index=470,TRACKING,14,6189255,6528,2216,2216,1860,0.029627,3,0.000129252,41357,226,922,300,16857,19661,1867,3957,23193
3212,,TRACKING,13,6186850,6528,1754,1754,1335,0.0297122,3,0.000154371,41385,200,863,257,14252,16335,1494,3957,19374
3218,,TRACKING,8,6001500,6528,2198,2198,1898,0.0270008,3,8.70703e-05,41425,122,873,299,17341,20199,1779,3957,23529
3225,,TRACKING,8,6021318,6528,852,852,537,0.0362363,3,2.99246e-07,41433,133,911,236,6343,7158,580,3957,9263
3232,,TRACKING,8,6373167,6528,1748,1748,1337,0.0325232,3,0.000174584,41455,129,900,238,14438,16566,1654,3957,19666
3238,,TRACKING,8,6101626,6528,2036,2036,1775,0.0265544,3,9.73585e-05,41494,124,887,284,14936,17661,1732,3957,20942
3246,,TRACKING,8,6101626,6528,945,945,585,0.0353206,2,0.000233779,41502,122,875,168,4783,5371,717,3957,7410
3252,OVERLAPPING_LIDAR_INTERVAL previous_synchronized_end_ns=1701245230225323942 current_scan_start_ns=1701245230224805593 current_scan_end_ns=1701245230257440593 overlap_duration_ns=518349 scan_index=477,TRACKING,8,6101626,6528,945,945,585,0.0353206,2,0.000233779,41502,122,875,168,4783,5371,717,3957,7410
3259,,TRACKING,13,6256868,6528,2069,2069,1799,0.0280317,3,0.000257653,41567,210,886,280,15642,18373,1773,3957,21744
3266,OVERLAPPING_LIDAR_INTERVAL previous_synchronized_end_ns=1701245230291778114 current_scan_start_ns=1701245230291496038 current_scan_end_ns=1701245230324131038 overlap_duration_ns=282076 scan_index=479,TRACKING,13,6256868,6528,2069,2069,1799,0.0280317,3,0.000257653,41567,210,886,280,15642,18373,1773,3957,21744
3273,,TRACKING,13,6154605,6528,1581,1581,1106,0.0362967,3,0.00015218,41593,195,872,241,12418,14121,1422,4133,21193
3279,,TRACKING,8,6166832,6528,1980,1980,1787,0.0249038,3,0.000155215,41623,128,873,369,14624,17372,1607,4133,20632
3286,,TRACKING,8,6129647,6528,1178,1178,784,0.0354107,3,2.58535e-05,41654,137,891,192,9500,10716,1049,4133,13172
3293,,TRACKING,8,6154547,6528,1502,1502,1070,0.0357374,3,0.000477029,41689,129,918,218,12304,14004,1486,4133,16927
3299,,TRACKING,8,6154547,6528,1952,1952,1739,0.0253768,3,0.000101074,41722,126,880,288,14692,17367,1519,4133,20417
3306,,TRACKING,7,6247296,6528,1244,1244,850,0.0358264,3,5.36231e-05,41746,110,917,194,9927,11222,1106,4133,13734
3313,OVERLAPPING_LIDAR_INTERVAL previous_synchronized_end_ns=1701245230525290039 current_scan_start_ns=1701245230525006533 current_scan_end_ns=1701245230557641533 overlap_duration_ns=283506 scan_index=486,TRACKING,7,6247296,6528,1244,1244,850,0.0358264,3,5.36231e-05,41746,110,917,194,9927,11222,1106,4133,13734
3320,,TRACKING,14,6247296,6528,1952,1952,1708,0.0243155,3,9.8952e-05,41778,241,914,284,14379,17048,1513,4133,20217
3327,OVERLAPPING_LIDAR_INTERVAL previous_synchronized_end_ns=1701245230591776874 current_scan_start_ns=1701245230591465235 current_scan_end_ns=1701245230624100235 overlap_duration_ns=311639 scan_index=488,TRACKING,14,6247296,6528,1952,1952,1708,0.0243155,3,9.8952e-05,41778,241,914,284,14379,17048,1513,4133,20217
3334,,TRACKING,14,7007636,6528,1277,1277,853,0.0360767,3,0.000148795,41803,224,927,254,10310,11610,1164,4133,14402
3340,,TRACKING,7,6086576,6528,1978,1978,1790,0.0254726,3,0.000165995,41844,114,916,288,15166,18008,1634,4133,21197
3347,,TRACKING,8,6086178,6528,1397,1397,978,0.0347563,3,0.000388765,41866,128,918,230,11399,12923,1327,4133,15719
3354,OVERLAPPING_LIDAR_INTERVAL previous_synchronized_end_ns=1701245230725087192 current_scan_start_ns=1701245230724855661 current_scan_end_ns=1701245230757490661 overlap_duration_ns=231531 scan_index=492,TRACKING,8,6086178,6528,1397,1397,978,0.0347563,3,0.000388765,41866,128,918,230,11399,12923,1327,4133,15719
3361,,TRACKING,14,6229421,6528,1991,1991,1772,0.0258121,3,9.52089e-05,41913,227,917,312,14871,17649,1549,4150,25046
3368,,TRACKING,8,6000000,6528,1509,1509,1084,0.0383058,3,0.000117914,41950,124,875,230,12433,14127,1600,4150,17189
3374,OVERLAPPING_LIDAR_INTERVAL previous_synchronized_end_ns=1701245230825346496 current_scan_start_ns=1701245230824808121 current_scan_end_ns=1701245230857443121 overlap_duration_ns=538375 scan_index=495,TRACKING,8,6000000,6528,1509,1509,1084,0.0383058,3,0.000117914,41950,124,875,230,12433,14127,1600,4150,17189
3381,,TRACKING,14,6000000,6528,1976,1976,1746,0.0248896,3,2.17462e-05,41995,216,890,285,14958,17698,1649,4150,20989
3388,OVERLAPPING_LIDAR_INTERVAL previous_synchronized_end_ns=1701245230891790178 current_scan_start_ns=1701245230891469479 current_scan_end_ns=1701245230924104479 overlap_duration_ns=320699 scan_index=497,TRACKING,14,6000000,6528,1976,1976,1746,0.0248896,3,2.17462e-05,41995,216,890,285,14958,17698,1649,4150,20989
3395,,TRACKING,13,6000000,6528,1058,1058,709,0.0375612,3,0.000145782,42012,197,876,181,7882,8991,870,4150,11274
3401,,TRACKING,8,6000000,6528,2026,2026,1759,0.028595,2,0.000516805,42072,124,881,287,9845,11611,1816,4150,14954
3408,OVERLAPPING_LIDAR_INTERVAL previous_synchronized_end_ns=1701245230991329696 current_scan_start_ns=1701245230991153240 current_scan_end_ns=1701245231023788240 overlap_duration_ns=176456 scan_index=500,TRACKING,8,6000000,6528,2026,2026,1759,0.028595,2,0.000516805,42072,124,881,287,9845,11611,1816,4150,14954
3415,,TRACKING,13,6000000,6528,962,962,625,0.0347991,3,0.000114534,42083,212,867,169,7393,8411,797,4150,10608
3422,,TRACKING,8,6000000,6528,1976,1976,1716,0.0254243,3,0.000135389,42115,124,914,301,14789,17420,1603,4150,20566
3429,,TRACKING,8,6000000,6528,1848,1848,1320,0.0359919,3,0.000137695,42172,124,879,274,14948,17017,1899,4150,20457
3436,OVERLAPPING_LIDAR_INTERVAL previous_synchronized_end_ns=1701245231125339773 current_scan_start_ns=1701245231124988079 current_scan_end_ns=1701245231157623079 overlap_duration_ns=351694 scan_index=504,TRACKING,8,6000000,6528,1848,1848,1320,0.0359919,3,0.000137695,42172,124,879,274,14948,17017,1899,4150,20457
3442,,TRACKING,14,6000000,6528,2084,2084,1801,0.0262724,3,0.000100694,42208,217,902,307,15595,18432,1792,4150,21907
3449,OVERLAPPING_LIDAR_INTERVAL previous_synchronized_end_ns=1701245231191843059 current_scan_start_ns=1701245231191462755 current_scan_end_ns=1701245231224097755 overlap_duration_ns=380304 scan_index=506,TRACKING,14,6000000,6528,2084,2084,1801,0.0262724,3,0.000100694,42208,217,902,307,15595,18432,1792,4150,21907
3456,,TRACKING,13,6000000,6528,762,762,479,0.0365132,3,7.25702e-05,42218,208,918,156,5932,6672,501,4150,8619
3462,,TRACKING,8,6000000,6528,2090,2090,1782,0.0278301,3,0.000352143,42259,126,915,297,16130,18889,1993,4293,26725
3469,,TRACKING,8,6000000,6528,1964,1964,1474,0.0320127,3,4.42106e-05,42287,128,894,287,15813,18126,2047,4293,21759
3476,,TRACKING,7,6000000,6528,701,701,381,0.037269,3,1.9803e-07,42295,110,872,142,5032,5586,400,4293,7243
3483,,TRACKING,8,6000000,6528,2216,2216,1836,0.0296732,3,0.000194029,42344,124,929,346,17631,20440,1980,4293,24047
3490,,TRACKING,8,6000000,6528,1947,1947,1483,0.0325395,3,0.000156273,42378,128,905,280,15723,18095,2182,4293,21850
3497,OVERLAPPING_LIDAR_INTERVAL previous_synchronized_end_ns=1701245231425425794 current_scan_start_ns=1701245231425048113 current_scan_end_ns=1701245231457683113 overlap_duration_ns=377681 scan_index=513,TRACKING,8,6000000,6528,1947,1947,1483,0.0325395,3,0.000156273,42378,128,905,280,15723,18095,2182,4293,21850
3503,,TRACKING,14,6000000,6528,2198,2198,1824,0.0279433,3,0.000115411,42419,227,920,318,17071,19838,2056,4293,23638
3510,OVERLAPPING_LIDAR_INTERVAL previous_synchronized_end_ns=1701245231491770771 current_scan_start_ns=1701245231491510630 current_scan_end_ns=1701245231524145630 overlap_duration_ns=260141 scan_index=515,TRACKING,14,6000000,6528,2198,2198,1824,0.0279433,3,0.000115411,42419,227,920,318,17071,19838,2056,4293,23638
3517,,TRACKING,13,6000000,6528,595,595,377,0.035032,3,1.35607e-07,42425,218,938,132,4579,5173,364,4293,6973
3523,,TRACKING,8,6000000,6528,2255,2255,1845,0.0293422,3,0.000204477,42465,134,962,313,18208,21195,2586,4293,25465
3530,OVERLAPPING_LIDAR_INTERVAL previous_synchronized_end_ns=1701245231591309574 current_scan_start_ns=1701245231591144323 current_scan_end_ns=1701245231623779323 overlap_duration_ns=165251 scan_index=518,TRACKING,8,6000000,6528,2255,2255,1845,0.0293422,3,0.000204477,42465,134,962,313,18208,21195,2586,4293,25465
3537,,TRACKING,14,6000000,6528,501,501,267,0.0357738,3,6.11717e-05,42470,223,879,127,3518,3910,260,4293,5560
3544,,TRACKING,7,6000000,6528,2241,2241,1824,0.0279855,3,0.000302828,42506,104,871,303,17409,20322,2707,4293,24521
3551,,TRACKING,8,6000000,6528,2189,2189,1760,0.0295802,3,0.000253143,42543,126,892,871,17614,20427,2236,4276,29246
3558,OVERLAPPING_LIDAR_INTERVAL previous_synchronized_end_ns=1701245231725215223 current_scan_start_ns=1701245231724792719 current_scan_end_ns=1701245231757427719 overlap_duration_ns=422504 scan_index=522,TRACKING,8,6000000,6528,2189,2189,1760,0.0295802,3,0.000253143,42543,126,892,871,17614,20427,2236,4276,29246
3564,,TRACKING,14,6000000,6528,2101,2101,1734,0.03012,3,0.000232808,42574,232,939,299,17107,19806,1888,4276,23490
3571,OVERLAPPING_LIDAR_INTERVAL previous_synchronized_end_ns=1701245231791765955 current_scan_start_ns=1701245231791449308 current_scan_end_ns=1701245231824084308 overlap_duration_ns=316647 scan_index=524,TRACKING,14,6000000,6528,2101,2101,1734,0.03012,3,0.000232808,42574,232,939,299,17107,19806,1888,4276,23490
3578,,TRACKING,13,6000000,6528,558,558,339,0.0341873,3,3.79133e-05,42581,201,872,121,3767,4269,316,4276,5951
3585,,TRACKING,8,6000000,6528,2070,2070,1620,0.0306096,3,9.72279e-05,42625,130,913,280,16686,19189,2198,4276,22940
3591,,TRACKING,8,6000000,6528,2273,2273,1806,0.030515,3,6.05685e-05,42666,122,854,285,17841,20627,2148,4276,24373
3598,,TRACKING,8,6000000,6528,636,636,388,0.0335968,3,2.2844e-07,42671,122,879,123,4346,4905,344,4276,6536
3605,,TRACKING,7,6000000,6528,1903,1903,1534,0.0308508,3,0.000113501,42713,113,916,258,15388,17781,1864,4276,21168
3612,,TRACKING,8,6000000,6528,2286,2286,1881,0.0283913,3,0.000315342,42761,123,853,308,17517,20439,1991,4276,24037
3619,OVERLAPPING_LIDAR_INTERVAL previous_synchronized_end_ns=1701245232025291946 current_scan_start_ns=1701245232025141954 current_scan_end_ns=1701245232057776954 overlap_duration_ns=149992 scan_index=531,TRACKING,8,6000000,6528,2286,2286,1881,0.0283913,3,0.000315342,42761,123,853,308,17517,20439,1991,4276,24037
3626,,TRACKING,14,6000000,6528,1915,1915,1499,0.0297174,3,0.000168348,42800,220,880,295,15261,17590,1647,4276,20946
3632,OVERLAPPING_LIDAR_INTERVAL previous_synchronized_end_ns=1701245232091816690 current_scan_start_ns=1701245232091489553 current_scan_end_ns=1701245232124124553 overlap_duration_ns=327137 scan_index=533,TRACKING,14,6000000,6528,1915,1915,1499,0.0297174,3,0.000168348,42800,220,880,295,15261,17590,1647,4276,20946
3639,,TRACKING,13,6000000,6528,685,685,385,0.0372804,3,3.36714e-05,42810,216,908,139,5339,5960,500,4276,7875
3646,,TRACKING,8,6000000,6528,1866,1866,1431,0.0336108,2,0.000442613,42847,126,908,253,10230,11790,1725,4302,19293
3653,,TRACKING,8,6000000,6528,2173,2173,1815,0.0281343,3,0.000314398,42877,129,909,312,17381,20204,1836,4302,23703
3659,,TRACKING,8,6000000,6528,745,745,445,0.037053,2,0.000156177,42885,121,912,145,4171,4656,568,4302,6576
3666,,TRACKING,7,6000000,6528,1875,1875,1425,0.0321727,3,0.000185282,42917,116,963,260,15716,18022,1765,4302,21337
3673,,TRACKING,8,6000000,6528,2092,2092,1781,0.0268271,3,0.00012247,42953,128,895,300,15793,18473,1787,4302,21896
3680,OVERLAPPING_LIDAR_INTERVAL previous_synchronized_end_ns=1701245232325192240 current_scan_start_ns=1701245232324999094 current_scan_end_ns=1701245232357634094 overlap_duration_ns=193146 scan_index=540,TRACKING,8,6000000,6528,2092,2092,1781,0.0268271,3,0.00012247,42953,128,895,300,15793,18473,1787,4302,21896
3687,,TRACKING,14,6000000,6528,1841,1841,1361,0.034147,3,6.19201e-05,42990,218,874,276,15143,17313,1773,4302,20735
3693,OVERLAPPING_LIDAR_INTERVAL previous_synchronized_end_ns=1701245232391776588 current_scan_start_ns=1701245232391439199 current_scan_end_ns=1701245232424074199 overlap_duration_ns=337389 scan_index=542,TRACKING,14,6000000,6528,1841,1841,1361,0.034147,3,6.19201e-05,42990,218,874,276,15143,17313,1773,4302,20735
3700,,TRACKING,13,6000000,6528,840,840,531,0.0372259,2,4.98334e-05,43003,217,883,162,4386,4941,612,4302,7017
3707,,TRACKING,8,6000000,6528,1709,1709,1185,0.0356127,3,0.000215631,43043,129,888,221,14186,16100,1664,4302,19184
3714,,TRACKING,8,6000000,6528,2073,2073,1801,0.0277949,3,9.2476e-05,43084,128,884,300,15630,18389,1625,4302,21589
3720,,TRACKING,8,6000000,6528,951,951,636,0.0361943,2,0.00010301,43101,125,893,160,5037,5706,833,4302,7894
3727,,TRACKING,7,6000000,6528,1645,1645,1180,0.0344538,2,0.000240452,43139,112,890,227,9267,10563,1881,4354,18222
3734,,TRACKING,8,6000000,6528,2022,2022,1788,0.0249427,3,2.81693e-05,43171,137,927,302,16141,19181,1664,4354,22641
3741,OVERLAPPING_LIDAR_INTERVAL previous_synchronized_end_ns=1701245232625304010 current_scan_start_ns=1701245232625005245 current_scan_end_ns=1701245232657640245 overlap_duration_ns=298765 scan_index=549,TRACKING,8,6000000,6528,2022,2022,1788,0.0249427,3,2.81693e-05,43171,137,927,302,16141,19181,1664,4354,22641
3748,,TRACKING,14,6000000,6528,1583,1583,1123,0.0360491,3,0.000386913,43211,231,919,227,13111,14848,1426,4354,17907
3754,OVERLAPPING_LIDAR_INTERVAL previous_synchronized_end_ns=1701245232691738394 current_scan_start_ns=1701245232691485882 current_scan_end_ns=1701245232724120882 overlap_duration_ns=252512 scan_index=551,TRACKING,14,6000000,6528,1583,1583,1123,0.0360491,3,0.000386913,43211,231,919,227,13111,14848,1426,4354,17907
3761,,TRACKING,13,6000000,6528,1085,1085,671,0.0354475,3,0.000157624,43230,202,877,174,8779,9846,882,4354,12146
3768,,TRACKING,8,6000000,6528,1407,1407,965,0.0371325,3,4.22204e-05,43262,125,875,198,11285,12791,1316,4354,15470
3775,OVERLAPPING_LIDAR_INTERVAL previous_synchronized_end_ns=1701245232791318681 current_scan_start_ns=1701245232791114092 current_scan_end_ns=1701245232823749092 overlap_duration_ns=204589 scan_index=554,TRACKING,8,6000000,6528,1407,1407,965,0.0371325,3,4.22204e-05,43262,125,875,198,11285,12791,1316,4354,15470
3782,,TRACKING,14,6000000,6528,1227,1227,831,0.0362158,3,6.35817e-05,43280,227,895,202,9937,11225,1072,4354,13812
3788,,TRACKING,8,6000000,6528,1366,1366,939,0.0340385,3,2.71703e-05,43308,122,883,193,10909,12411,1377,4354,15174
3795,,TRACKING,7,6000000,6528,1948,1948,1717,0.0256571,3,0.000135938,43343,114,919,318,14039,16734,1427,4354,19776
3802,OVERLAPPING_LIDAR_INTERVAL previous_synchronized_end_ns=1701245232925200489 current_scan_start_ns=1701245232925048828 current_scan_end_ns=1701245232957683828 overlap_duration_ns=151661 scan_index=558,TRACKING,7,6000000,6528,1948,1948,1717,0.0256571,3,0.000135938,43343,114,919,318,14039,16734,1427,4354,19776
3809,,TRACKING,14,6000000,6528,1346,1346,930,0.035186,3,1.91874e-05,43367,217,872,219,11071,12616,1203,4354,15355
3815,OVERLAPPING_LIDAR_INTERVAL previous_synchronized_end_ns=1701245232991795805 current_scan_start_ns=1701245232991448879 current_scan_end_ns=1701245233024083879 overlap_duration_ns=346926 scan_index=560,TRACKING,14,6000000,6528,1346,1346,930,0.035186,3,1.91874e-05,43367,217,872,219,11071,12616,1203,4354,15355
3822,,TRACKING,14,6000000,6528,1483,1483,1024,0.0347386,3,0.000287425,43397,231,884,219,12583,14299,1544,4354,17385
3829,,TRACKING,7,6000000,6528,1164,1164,732,0.0336517,3,1.52886e-05,43406,113,873,197,9005,10182,990,4132,16646
3836,,TRACKING,8,6000000,6528,2035,2035,1808,0.0255568,3,5.11085e-05,43433,125,905,303,15016,17809,1459,4132,20864
3843,OVERLAPPING_LIDAR_INTERVAL previous_synchronized_end_ns=1701245233125067022 current_scan_start_ns=1701245233124879837 current_scan_end_ns=1701245233157514837 overlap_duration_ns=187185 scan_index=564,TRACKING,8,6000000,6528,2035,2035,1808,0.0255568,3,5.11085e-05,43433,125,905,303,15016,17809,1459,4132,20864
3849,,TRACKING,14,6000000,6528,1086,1086,692,0.0341007,3,5.42174e-05,43446,220,875,191,8670,9792,998,4132,12307
3856,,TRACKING,8,6000000,6528,1988,1988,1764,0.0264957,3,5.59189e-05,43483,130,919,349,15117,17912,1702,4132,21291
3863,OVERLAPPING_LIDAR_INTERVAL previous_synchronized_end_ns=1701245233225277212 current_scan_start_ns=1701245233225005627 current_scan_end_ns=1701245233257640627 overlap_duration_ns=271585 scan_index=567,TRACKING,8,6000000,6528,1988,1988,1764,0.0264957,3,5.59189e-05,43483,130,919,349,15117,17912,1702,4132,21291
3870,,TRACKING,13,6000000,6528,1031,1031,650,0.0358435,3,0.000171465,43495,211,901,169,8245,9289,785,4132,11535
3876,OVERLAPPING_LIDAR_INTERVAL previous_synchronized_end_ns=1701245233291751411 current_scan_start_ns=1701245233291445255 current_scan_end_ns=1701245233324080255 overlap_duration_ns=306156 scan_index=569,TRACKING,13,6000000,6528,1031,1031,650,0.0358435,3,0.000171465,43495,211,901,169,8245,9289,785,4132,11535
3883,,TRACKING,14,6000000,6528,1734,1734,1214,0.0361356,3,0.000262362,43533,222,897,245,14603,16524,1704,4132,19803
3890,,TRACKING,7,6000000,6528,874,874,532,0.035709,3,5.90338e-06,43545,107,869,145,6914,7794,658,4132,9713
3897,OVERLAPPING_LIDAR_INTERVAL previous_synchronized_end_ns=1701245233391407993 current_scan_start_ns=1701245233391156197 current_scan_end_ns=1701245233423791197 overlap_duration_ns=251796 scan_index=572,TRACKING,7,6000000,6528,874,874,532,0.035709,3,5.90338e-06,43545,107,869,145,6914,7794,658,4132,9713
3904,,TRACKING,14,6000000,6528,1781,1781,1344,0.0323844,3,0.000121356,43585,229,921,251,14824,16992,1765,4132,20376
3910,,TRACKING,8,6000000,6528,801,801,505,0.0343286,3,0.000168099,43590,135,919,142,6112,6914,641,4132,8900
3917,,TRACKING,8,6000000,6528,2242,2242,1905,0.0290538,3,0.000122468,43639,126,917,315,17624,20522,1917,4132,24043
3924,OVERLAPPING_LIDAR_INTERVAL previous_synchronized_end_ns=1701245233525269058 current_scan_start_ns=1701245233524980783 current_scan_end_ns=1701245233557615783 overlap_duration_ns=288275 scan_index=576,TRACKING,8,6000000,6528,2242,2242,1905,0.0290538,3,0.000122468,43639,126,917,315,17624,20522,1917,4132,24043
3931,,TRACKING,13,6000000,6528,645,645,374,0.0338044,3,0.000138571,43645,205,881,123,4802,5360,398,4277,11390
3937,OVERLAPPING_LIDAR_INTERVAL previous_synchronized_end_ns=1701245233591750648 current_scan_start_ns=1701245233591439486 current_scan_end_ns=1701245233624074486 overlap_duration_ns=311162 scan_index=578,TRACKING,13,6000000,6528,645,645,374,0.0338044,3,0.000138571,43645,205,881,123,4802,5360,398,4277,11390
3944,,TRACKING,14,6000000,6528,1932,1932,1456,0.0328853,3,0.00041931,43680,220,891,275,16315,18599,1977,4277,22174
3951,,TRACKING,7,6000000,6528,569,569,321,0.0352779,2,0.000181976,43684,111,904,114,2816,3144,353,4277,4745
3958,,TRACKING,8,6000000,6528,2209,2209,1842,0.0275141,3,0.000106005,43713,131,898,298,17046,19908,1866,4277,23336
3965,,TRACKING,8,6000000,6528,2079,2079,1606,0.0308141,3,0.00023879,43752,125,886,285,17400,19994,1980,4277,23550
3972,,TRACKING,8,6000000,6528,574,574,336,0.0340969,2,1.25954e-05,43758,129,919,118,2874,3216,347,4277,4903
3978,,TRACKING,8,6000000,6528,2082,2082,1677,0.0298527,3,0.000275309,43792,127,904,283,16534,19183,2102,4277,22822
3985,OVERLAPPING_LIDAR_INTERVAL previous_synchronized_end_ns=1701245233825267818 current_scan_start_ns=1701245233824963808 current_scan_end_ns=1701245233857598808 overlap_duration_ns=304010 scan_index=585,TRACKING,8,6000000,6528,2082,2082,1677,0.0298527,3,0.000275309,43792,127,904,283,16534,19183,2102,4277,22822
3992,,TRACKING,13,6000000,6528,644,644,354,0.0335486,3,2.93752e-05,43798,210,883,139,4737,5259,392,4277,7022
3999,OVERLAPPING_LIDAR_INTERVAL previous_synchronized_end_ns=1701245233891738680 current_scan_start_ns=1701245233891493082 current_scan_end_ns=1701245233924128082 overlap_duration_ns=245598 scan_index=587,TRACKING,13,6000000,6528,644,644,354,0.0335486,3,2.93752e-05,43798,210,883,139,4737,5259,392,4277,7022
4005,,TRACKING,14,6000000,6528,2242,2242,1766,0.0286301,3,0.000463984,43842,219,895,297,18738,21492,2421,4277,25550
4012,,TRACKING,8,6000000,6528,602,602,358,0.0358201,2,4.64001e-05,43854,135,881,118,2948,3307,388,4277,4989
4019,OVERLAPPING_LIDAR_INTERVAL previous_synchronized_end_ns=1701245233991323259 current_scan_start_ns=1701245233991128922 current_scan_end_ns=1701245234023763922 overlap_duration_ns=194337 scan_index=590,TRACKING,8,6000000,6528,602,602,358,0.0358201,2,4.64001e-05,43854,135,881,118,2948,3307,388,4277,4989
4026,,TRACKING,13,6000000,6528,2171,2171,1696,0.0299273,3,6.96728e-05,43887,209,922,307,17510,20090,2075,4338,28155
4033,,TRACKING,8,6000000,6528,641,641,359,0.0325015,3,9.5277e-06,43890,126,875,152,4517,5060,352,4338,6728
4039,,TRACKING,8,6000000,6528,2066,2066,1651,0.0291603,3,0.000199304,43920,127,904,290,16337,18867,1868,4338,22286
4046,OVERLAPPING_LIDAR_INTERVAL previous_synchronized_end_ns=1701245234125187423 current_scan_start_ns=1701245234124974012 current_scan_end_ns=1701245234157609012 overlap_duration_ns=213411 scan_index=594,TRACKING,8,6000000,6528,2066,2066,1651,0.0291603,3,0.000199304,43920,127,904,290,16337,18867,1868,4338,22286
4053,,TRACKING,13,6000000,6528,656,656,353,0.0323539,2,0.000166656,43924,204,899,131,3210,3559,397,4338,5332
4060,OVERLAPPING_LIDAR_INTERVAL previous_synchronized_end_ns=1701245234191783932 current_scan_start_ns=1701245234191435575 current_scan_end_ns=1701245234224070575 overlap_duration_ns=348357 scan_index=596,TRACKING,13,6000000,6528,656,656,353,0.0323539,2,0.000166656,43924,204,899,131,3210,3559,397,4338,5332
4067,,TRACKING,14,6000000,6528,2134,2134,1749,0.0279608,3,0.000567146,43966,229,924,297,17077,19806,2124,4338,23616
4074,,TRACKING,8,6000000,6528,650,650,362,0.034401,2,0.000258652,43966,136,906,122,3195,3566,416,4338,5286
4080,,TRACKING,8,7000000,6528,2101,2101,1654,0.0313064,3,0.000472242,43996,121,903,294,16734,19326,2121,4338,23017
4087,,TRACKING,7,7000000,6528,2126,2126,1749,0.0280887,3,4.5215e-05,44038,112,876,298,16704,19402,2113,4338,23083
4094,,TRACKING,8,6000000,6528,739,739,429,0.034762,3,5.90327e-05,44045,138,902,141,5423,6065,541,4338,7955
4101,,TRACKING,8,6000000,6528,2062,2062,1570,0.0297904,2,0.000264091,44078,124,902,286,11040,12644,2049,4338,16227
4107,OVERLAPPING_LIDAR_INTERVAL previous_synchronized_end_ns=1701245234425274875 current_scan_start_ns=1701245234424969196 current_scan_end_ns=1701245234457604196 overlap_duration_ns=305679 scan_index=603,TRACKING,8,6000000,6528,2062,2062,1570,0.0297904,2,0.000264091,44078,124,902,286,11040,12644,2049,4338,16227
4114,,TRACKING,13,6000000,6528,642,642,377,0.0342544,2,7.75752e-05,44083,203,880,143,3373,3759,442,4327,9897
4121,OVERLAPPING_LIDAR_INTERVAL previous_synchronized_end_ns=1701245234491799381 current_scan_start_ns=1701245234491431475 current_scan_end_ns=1701245234524066475 overlap_duration_ns=367906 scan_index=605,TRACKING,13,6000000,6528,642,642,377,0.0342544,2,7.75752e-05,44083,203,880,143,3373,3759,442,4327,9897
4128,,TRACKING,14,6000000,6528,2190,2190,1841,0.027058,3,8.31288e-05,44124,234,920,325,17571,20459,2161,4327,24358
4135,,TRACKING,8,6000000,6528,713,713,427,0.0318693,2,0.000324293,44133,131,916,135,3765,4215,523,4327,6091
4141,OVERLAPPING_LIDAR_INTERVAL previous_synchronized_end_ns=1701245234591355112 current_scan_start_ns=1701245234591146708 current_scan_end_ns=1701245234623781708 overlap_duration_ns=208404 scan_index=608,TRACKING,8,6000000,6528,713,713,427,0.0318693,2,0.000324293,44133,131,916,135,3765,4215,523,4327,6091
4148,,TRACKING,13,6000000,6528,2199,2199,1854,0.0277186,3,0.000318757,44170,228,960,321,17920,20890,1941,4327,24596
4155,,TRACKING,8,6000000,6528,739,739,438,0.0372299,3,5.10035e-05,44182,135,939,143,5735,6424,496,4327,8309
4162,,TRACKING,8,6000000,6528,1765,1765,1258,0.0321887,3,8.65366e-05,44210,133,953,254,14963,16981,1738,4327,20233
4168,OVERLAPPING_LIDAR_INTERVAL previous_synchronized_end_ns=1701245234725186613 current_scan_start_ns=1701245234724769831 current_scan_end_ns=1701245234757404831 overlap_duration_ns=416782 scan_index=612,TRACKING,8,6000000,6528,1765,1765,1258,0.0321887,3,8.65366e-05,44210,133,953,254,14963,16981,1738,4327,20233
4175,,TRACKING,14,6000000,6528,830,830,516,0.0343695,3,3.70569e-05,44213,228,915,150,6834,7690,713,4327,9828
4182,OVERLAPPING_LIDAR_INTERVAL previous_synchronized_end_ns=1701245234791788843 current_scan_start_ns=1701245234791424036 current_scan_end_ns=1701245234824059036 overlap_duration_ns=364807 scan_index=614,TRACKING,14,6000000,6528,830,830,516,0.0343695,3,3.70569e-05,44213,228,915,150,6834,7690,713,4327,9828
4189,,TRACKING,13,6000000,6528,2071,2071,1810,0.0259748,3,0.000263709,44253,222,933,310,16243,19288,1761,4327,22761
4195,,TRACKING,8,6000000,6528,971,971,590,0.0367847,3,1.14197e-05,44263,130,919,162,7656,8601,803,4327,10801
4202,,TRACKING,8,6000000,6528,1636,1636,1138,0.0355205,3,0.000352585,44294,127,898,239,13855,15679,1731,4327,18847
4209,,TRACKING,7,6000000,6528,2000,2000,1713,0.0262431,3,0.000165749,44323,111,912,292,15978,18741,1672,4302,26295
4216,,TRACKING,8,6000000,6528,1132,1132,722,0.0352228,3,4.19932e-05,44339,127,892,188,9511,10693,1112,4302,13223
4223,,TRACKING,8,6000000,6528,1581,1581,1081,0.0339553,3,0.000145314,44362,127,900,236,12965,14704,1480,4302,17632
4230,OVERLAPPING_LIDAR_INTERVAL previous_synchronized_end_ns=1701245235025350597 current_scan_start_ns=1701245235024963379 current_scan_end_ns=1701245235057598379 overlap_duration_ns=387218 scan_index=621,TRACKING,8,6000000,6528,1581,1581,1081,0.0339553,3,0.000145314,44362,127,900,236,12965,14704,1480,4302,17632
4236,,TRACKING,14,6000000,6528,1166,1166,789,0.0349321,3,0.00015201,44380,244,936,203,9526,10795,1050,4302,13381
4243,OVERLAPPING_LIDAR_INTERVAL previous_synchronized_end_ns=1701245235091777590 current_scan_start_ns=1701245235091467857 current_scan_end_ns=1701245235124102857 overlap_duration_ns=309733 scan_index=623,TRACKING,14,6000000,6528,1166,1166,789,0.0349321,3,0.00015201,44380,244,936,203,9526,10795,1050,4302,13381
4250,,TRACKING,13,6000000,6528,1936,1936,1685,0.0252854,3,0.00026872,44408,209,922,310,14706,17329,1405,4302,20403
4257,,TRACKING,8,6000000,6528,1314,1314,852,0.036869,2,0.000476063,44430,125,923,221,7319,8252,1307,4302,11038
4263,OVERLAPPING_LIDAR_INTERVAL previous_synchronized_end_ns=1701245235191294697 current_scan_start_ns=1701245235191116810 current_scan_end_ns=1701245235223751810 overlap_duration_ns=177887 scan_index=626,TRACKING,8,6000000,6528,1314,1314,852,0.036869,2,0.000476063,44430,125,923,221,7319,8252,1307,4302,11038
4270,,TRACKING,13,6000000,6528,1940,1940,1703,0.0260346,3,0.000137044,44455,212,919,290,14925,17629,1594,4302,20891
4277,,TRACKING,8,6000000,6528,1434,1434,989,0.036552,3,0.000269269,44489,130,917,216,12676,14356,1434,4302,17279
4284,,TRACKING,8,6000000,6528,1270,1270,800,0.0353504,3,0.000117736,44516,130,928,225,10469,11814,1106,4302,14360
4291,OVERLAPPING_LIDAR_INTERVAL previous_synchronized_end_ns=1701245235325191047 current_scan_start_ns=1701245235324970961 current_scan_end_ns=1701245235357605961 overlap_duration_ns=220086 scan_index=630,TRACKING,8,6000000,6528,1270,1270,800,0.0353504,3,0.000117736,44516,130,928,225,10469,11814,1106,4302,14360
4298,,TRACKING,14,6000000,6528,1481,1481,994,0.0329354,3,0.000230516,44539,228,929,234,12448,14031,1348,4302,16942
4304,OVERLAPPING_LIDAR_INTERVAL previous_synchronized_end_ns=1701245235391766336 current_scan_start_ns=1701245235391420841 current_scan_end_ns=1701245235424055841 overlap_duration_ns=345495 scan_index=632,TRACKING,14,6000000,6528,1481,1481,994,0.0329354,3,0.000230516,44539,228,929,234,12448,14031,1348,4302,16942
4311,,TRACKING,13,6000000,6528,1980,1980,1752,0.0253757,3,0.000198773,44586,208,899,291,14639,17316,1575,4405,24961
4318,,TRACKING,8,6000000,6528,1645,1645,1131,0.0345309,3,6.02322e-05,44620,126,897,285,13665,15460,1639,4405,18698
4324,,TRACKING,8,6000000,6528,1026,1026,615,0.0352305,3,0.000148487,44628,130,920,170,8027,9008,852,4405,11206
4331,,TRACKING,8,6000000,6528,2016,2016,1754,0.0249424,3,0.000114535,44661,134,916,305,14854,17602,1600,4405,20791
4338,,TRACKING,7,6000000,6528,1641,1641,1174,0.0359165,3,0.000221675,44686,110,868,272,13536,15365,2247,4405,19104
4345,,TRACKING,8,6000000,6528,956,956,606,0.0351257,3,4.46355e-05,44696,122,866,164,7200,8153,654,4405,10110
4352,OVERLAPPING_LIDAR_INTERVAL previous_synchronized_end_ns=1701245235625252273 current_scan_start_ns=1701245235624880075 current_scan_end_ns=1701245235657515075 overlap_duration_ns=372198 scan_index=639,TRACKING,8,6000000,6528,956,956,606,0.0351257,3,4.46355e-05,44696,122,866,164,7200,8153,654,4405,10110
4359,,TRACKING,14,6000000,6528,1730,1730,1238,0.0349836,3,0.000191685,44725,228,919,240,14968,16984,1679,4405,20248
4365,OVERLAPPING_LIDAR_INTERVAL previous_synchronized_end_ns=1701245235691737201 current_scan_start_ns=1701245235691435814 current_scan_end_ns=1701245235724070814 overlap_duration_ns=301387 scan_index=641,TRACKING,14,6000000,6528,1730,1730,1238,0.0349836,3,0.000191685,44725,228,919,240,14968,16984,1679,4405,20248
4372,,TRACKING,13,6000000,6528,2021,2021,1719,0.0269572,3,0.000116448,44754,203,897,302,15129,17795,1912,4405,21400
4379,,TRACKING,8,6000000,6528,1873,1873,1329,0.0322352,3,0.00010285,44783,134,917,267,15791,17888,1998,4405,21478
4386,,TRACKING,8,6000000,6528,765,765,454,0.0328443,3,6.67161e-06,44788,130,930,159,5871,6562,545,4405,8470
4392,,TRACKING,8,6000000,6528,1983,1983,1690,0.0276826,3,5.0817e-05,44823,128,917,292,15062,17578,1770,4486,25395
4399,,TRACKING,7,6000000,6528,1975,1975,1451,0.0332228,3,0.000128951,44855,112,894,285,16386,18712,2144,4486,22514
4406,,TRACKING,8,6000000,6528,756,756,458,0.0336074,3,3.90566e-08,44858,127,929,220,5436,6140,495,4486,8061
4413,OVERLAPPING_LIDAR_INTERVAL previous_synchronized_end_ns=1701245235925188568 current_scan_start_ns=1701245235925089121 current_scan_end_ns=1701245235957724121 overlap_duration_ns=99447 scan_index=648,TRACKING,8,6000000,6528,756,756,458,0.0336074,3,3.90566e-08,44858,127,929,220,5436,6140,495,4486,8061
4420,,TRACKING,14,6000000,6528,1945,1945,1457,0.0308286,2,0.000427687,44885,233,895,252,10746,12342,2549,4486,16484
4426,OVERLAPPING_LIDAR_INTERVAL previous_synchronized_end_ns=1701245235991763380 current_scan_start_ns=1701245235991413593 current_scan_end_ns=1701245236024048593 overlap_duration_ns=349787 scan_index=650,TRACKING,14,6000000,6528,1945,1945,1457,0.0308286,2,0.000427687,44885,233,895,252,10746,12342,2549,4486,16484
4433,,TRACKING,13,6000000,6528,2142,2142,1752,0.0274546,3,0.000364513,44908,201,871,735,15643,18405,1803,4486,22609
4440,,TRACKING,8,6000000,6528,2137,2137,1643,0.0321894,3,0.000343144,44942,123,857,276,17023,19586,1869,4486,23019
4447,,TRACKING,8,6000000,6528,650,650,378,0.0339206,3,9.43609e-05,44946,123,885,124,4628,5182,387,4486,6853
4454,,TRACKING,8,6000000,6528,2134,2134,1765,0.0270067,3,9.39419e-05,44965,126,909,289,16653,19420,1800,4486,22820
4460,,TRACKING,7,6000000,6528,2066,2066,1633,0.0288091,2,9.07671e-05,45007,118,861,286,11666,13423,2038,4486,17088
4467,,TRACKING,8,6000000,6528,628,628,346,0.0347433,3,4.33221e-05,45010,142,919,142,4736,5291,367,4486,7011
4474,OVERLAPPING_LIDAR_INTERVAL previous_synchronized_end_ns=1701245236225258615 current_scan_start_ns=1701245236224951744 current_scan_end_ns=1701245236257586744 overlap_duration_ns=306871 scan_index=657,TRACKING,8,6000000,6528,628,628,346,0.0347433,3,4.33221e-05,45010,142,919,142,4736,5291,367,4486,7011
4481,,TRACKING,14,6000000,6528,2064,2064,1628,0.0273887,3,7.58547e-05,45038,229,921,267,17870,20686,2061,5037,29461
4487,OVERLAPPING_LIDAR_INTERVAL previous_synchronized_end_ns=1701245236291743305 current_scan_start_ns=1701245236291427851 current_scan_end_ns=1701245236324062851 overlap_duration_ns=315454 scan_index=659,TRACKING,14,6000000,6528,2064,2064,1628,0.0273887,3,7.58547e-05,45038,229,921,267,17870,20686,2061,5037,29461
4494,,TRACKING,13,6000000,6528,2214,2214,1754,0.0279737,3,0.0001413,45065,214,937,326,18077,20872,1919,5037,24626
4501,,TRACKING,8,6000000,6528,2060,2060,1625,0.0295956,3,6.68723e-05,45101,131,896,288,16564,19106,1890,5037,22612
4508,OVERLAPPING_LIDAR_INTERVAL previous_synchronized_end_ns=1701245236391293791 current_scan_start_ns=1701245236391083956 current_scan_end_ns=1701245236423718956 overlap_duration_ns=209835 scan_index=662,TRACKING,8,6000000,6528,2060,2060,1625,0.0295956,3,6.68723e-05,45101,131,896,288,16564,19106,1890,5037,22612
4514,,TRACKING,14,6000000,6528,2189,2189,1744,0.0281334,2,0.000583635,45137,221,895,294,11535,13369,1816,5037,16922
4521,,TRACKING,8,6000000,6528,2073,2073,1667,0.0283752,3,0.000246171,45164,121,873,263,15897,18510,1922,5037,22037
4528,,TRACKING,7,6000000,6528,509,509,272,0.0344749,3,5.3991e-09,45169,114,877,116,3642,4073,282,5037,5634
4535,OVERLAPPING_LIDAR_INTERVAL previous_synchronized_end_ns=1701245236525336530 current_scan_start_ns=1701245236524968386 current_scan_end_ns=1701245236557603386 overlap_duration_ns=368144 scan_index=666,TRACKING,7,6000000,6528,509,509,272,0.0344749,3,5.3991e-09,45169,114,877,116,3642,4073,282,5037,5634
4542,,TRACKING,14,6000000,6528,2240,2240,1790,0.0279227,2,0.000235601,45197,214,873,288,11641,13480,1906,5037,17008
4548,OVERLAPPING_LIDAR_INTERVAL previous_synchronized_end_ns=1701245236591746118 current_scan_start_ns=1701245236591425896 current_scan_end_ns=1701245236624060896 overlap_duration_ns=320222 scan_index=668,TRACKING,14,6000000,6528,2240,2240,1790,0.0279227,2,0.000235601,45197,214,873,288,11641,13480,1906,5037,17008
4555,,TRACKING,14,7000000,6528,2025,2025,1576,0.0293392,3,0.000130399,45214,223,912,296,16172,18589,1810,5037,22157
4562,,TRACKING,7,6000000,6528,2242,2242,1823,0.0276779,3,0.000161072,45241,107,865,323,17141,19938,2006,5037,23574
4569,,TRACKING,8,6000000,6528,600,600,345,0.029985,3,4.16018e-05,45242,121,870,122,4362,4886,328,5037,6483
4576,,TRACKING,8,6000000,6528,1873,1873,1441,0.0308134,3,7.46324e-05,45275,129,935,283,15770,18102,1696,4214,25563
4582,,TRACKING,8,6000000,6528,2255,2255,1879,0.0282724,2,0.00022219,45304,135,895,324,11739,13678,1816,4214,17185
4589,,TRACKING,8,6000000,6528,700,700,383,0.0338127,3,5.67847e-08,45307,130,921,132,5192,5766,436,4214,7539
4596,OVERLAPPING_LIDAR_INTERVAL previous_synchronized_end_ns=1701245236825185564 current_scan_start_ns=1701245236824804306 current_scan_end_ns=1701245236857439306 overlap_duration_ns=381258 scan_index=675,TRACKING,8,6000000,6528,700,700,383,0.0338127,3,5.67847e-08,45307,130,921,132,5192,5766,436,4214,7539
4603,,TRACKING,13,6000000,6528,2228,2228,1825,0.0284431,3,0.000300986,45336,209,930,314,17268,20173,1915,4214,23785
4609,OVERLAPPING_LIDAR_INTERVAL previous_synchronized_end_ns=1701245236891731766 current_scan_start_ns=1701245236891419888 current_scan_end_ns=1701245236924054888 overlap_duration_ns=311878 scan_index=677,TRACKING,13,6000000,6528,2228,2228,1825,0.0284431,3,0.000300986,45336,209,930,314,17268,20173,1915,4214,23785
4616,,TRACKING,14,6000000,6528,1825,1825,1361,0.0302278,3,0.00014547,45364,231,888,284,15574,17830,1828,4214,21363
4623,,TRACKING,7,6000000,6528,2144,2144,1813,0.0245294,3,0.000115803,45391,153,903,324,16748,19675,1801,4214,23210
4630,OVERLAPPING_LIDAR_INTERVAL previous_synchronized_end_ns=1701245236991285112 current_scan_start_ns=1701245236991168022 current_scan_end_ns=1701245237023803022 overlap_duration_ns=117090 scan_index=680,TRACKING,7,6000000,6528,2144,2144,1813,0.0245294,3,0.000115803,45391,153,903,324,16748,19675,1801,4214,23210
4637,,TRACKING,14,6000000,6528,1794,1794,1300,0.0326168,3,0.000113629,45425,232,925,267,15045,17163,1859,4214,20747
4644,,TRACKING,8,6000000,6528,2055,2055,1764,0.0254539,3,0.000207623,45454,138,928,357,15643,18400,1523,4214,21657
4650,,TRACKING,8,6000000,6528,909,909,530,0.0333506,3,0.000145025,45462,125,908,164,7733,8618,756,4214,10774
4657,OVERLAPPING_LIDAR_INTERVAL previous_synchronized_end_ns=1701245237125235822 current_scan_start_ns=1701245237124948740 current_scan_end_ns=1701245237157583740 overlap_duration_ns=287082 scan_index=684,TRACKING,8,6000000,6528,909,909,530,0.0333506,3,0.000145025,45462,125,908,164,7733,8618,756,4214,10774
4664,,TRACKING,13,6000000,6528,2065,2065,1777,0.027645,3,0.000225457,45500,218,928,309,16098,18934,1737,4214,22382
4670,OVERLAPPING_LIDAR_INTERVAL previous_synchronized_end_ns=1701245237191766289 current_scan_start_ns=1701245237191627502 current_scan_end_ns=1701245237224262502 overlap_duration_ns=138787 scan_index=686,TRACKING,13,6000000,6528,2065,2065,1777,0.027645,3,0.000225457,45500,218,928,309,16098,18934,1737,4214,22382
4677,,TRACKING,14,6000000,6528,1629,1629,1123,0.0344089,3,0.00011334,45531,232,907,258,13627,15461,1450,4180,22756
4684,,TRACKING,7,6000000,6528,2017,2017,1762,0.0243894,3,7.90927e-05,45568,115,917,316,15316,18097,1634,4180,21432
4691,,TRACKING,8,6000000,6528,1188,1188,744,0.0340722,3,6.93581e-05,45580,134,927,193,9977,11196,1034,4180,13710
4698,,TRACKING,8,6000000,6528,1507,1507,1043,0.0345258,3,0.00024939,45594,132,927,216,12798,14479,1452,4180,17390
4705,,TRACKING,8,6000000,6528,1984,1984,1751,0.0253029,3,0.000169039,45619,130,915,297,15057,17931,1486,4180,21057
4711,,TRACKING,8,6000000,6528,1205,1205,775,0.033353,3,0.000108815,45634,130,914,215,10080,11382,1040,4180,13920
4718,OVERLAPPING_LIDAR_INTERVAL previous_synchronized_end_ns=1701245237425285127 current_scan_start_ns=1701245237424915075 current_scan_end_ns=1701245237457550075 overlap_duration_ns=370052 scan_index=693,TRACKING,8,6000000,6528,1205,1205,775,0.033353,3,0.000108815,45634,130,914,215,10080,11382,1040,4180,13920
4725,,TRACKING,13,6000000,6528,1995,1995,1719,0.0249956,3,0.000336716,45673,212,919,295,15079,17884,1502,4180,21075
4732,OVERLAPPING_LIDAR_INTERVAL previous_synchronized_end_ns=1701245237491779592 current_scan_start_ns=1701245237491429329 current_scan_end_ns=1701245237524064329 overlap_duration_ns=350263 scan_index=695,TRACKING,13,6000000,6528,1995,1995,1719,0.0249956,3,0.000336716,45673,212,919,295,15079,17884,1502,4180,21075
4738,,TRACKING,14,6000000,6528,1341,1341,887,0.0348261,3,0.000189943,45697,233,948,227,11522,12969,1147,4180,15769
4745,,TRACKING,8,6000000,6528,1958,1958,1735,0.0225549,3,8.28967e-05,45729,129,918,278,14715,17528,1450,4180,20573
4752,,TRACKING,7,6000000,6528,1337,1337,869,0.0345501,3,9.19857e-05,45747,110,916,211,11198,12614,1221,4180,15293
4759,OVERLAPPING_LIDAR_INTERVAL previous_synchronized_end_ns=1701245237625015047 current_scan_start_ns=1701245237624823093 current_scan_end_ns=1701245237657458093 overlap_duration_ns=191954 scan_index=699,TRACKING,7,6000000,6528,1337,1337,869,0.0345501,3,9.19857e-05,45747,110,916,211,11198,12614,1221,4180,15293
4766,,TRACKING,14,7000000,6528,1940,1940,1671,0.0245193,4,1.0398e-05,45765,227,924,285,19281,22807,1387,4286,30167
4773,,TRACKING,8,6000000,6528,1491,1491,990,0.0344668,3,9.64807e-05,45778,136,941,259,12901,14498,1411,4286,17483
4779,OVERLAPPING_LIDAR_INTERVAL previous_synchronized_end_ns=1701245237725178268 current_scan_start_ns=1701245237724980354 current_scan_end_ns=1701245237757615354 overlap_duration_ns=197914 scan_index=702,TRACKING,8,6000000,6528,1491,1491,990,0.0344668,3,9.64807e-05,45778,136,941,259,12901,14498,1411,4286,17483
4786,,TRACKING,14,6000000,6528,1990,1990,1717,0.0227451,3,0.000100533,45802,232,915,292,14982,17627,1405,4286,20735
4793,OVERLAPPING_LIDAR_INTERVAL previous_synchronized_end_ns=1701245237791759756 current_scan_start_ns=1701245237791519165 current_scan_end_ns=1701245237824154165 overlap_duration_ns=240591 scan_index=704,TRACKING,14,6000000,6528,1990,1990,1717,0.0227451,3,0.000100533,45802,232,915,292,14982,17627,1405,4286,20735
4800,,TRACKING,13,6000000,6528,1137,1137,727,0.0335672,3,6.0587e-05,45810,207,912,199,9581,10754,985,4286,13281
4806,,TRACKING,8,6000000,6528,1956,1956,1706,0.0247124,3,0.000133977,45835,129,929,294,14351,17037,1542,4286,20177
4813,,TRACKING,8,6000000,6528,1650,1650,1120,0.0328771,3,0.000150129,45854,126,917,258,13922,15755,1593,4286,18916
4820,,TRACKING,7,6000000,6528,1017,1017,622,0.0338751,3,5.42512e-05,45864,114,929,167,8579,9623,1024,4286,12006
4827,,TRACKING,8,6000000,6528,2007,2007,1729,0.0254155,3,3.00681e-05,45890,129,916,297,15254,18018,1648,4286,21248
4834,,TRACKING,8,6000000,6528,1790,1790,1213,0.0353923,3,4.47063e-05,45931,126,897,266,15111,17016,1627,4286,20176
4840,OVERLAPPING_LIDAR_INTERVAL previous_synchronized_end_ns=1701245238025243786 current_scan_start_ns=1701245238024965286 current_scan_end_ns=1701245238057600286 overlap_duration_ns=278500 scan_index=711,TRACKING,8,6000000,6528,1790,1790,1213,0.0353923,3,4.47063e-05,45931,126,897,266,15111,17016,1627,4286,20176
4847,,TRACKING,14,6000000,6528,2096,2096,1793,0.026045,3,1.51028e-06,45963,222,897,309,15778,18547,1544,4286,21817
4854,OVERLAPPING_LIDAR_INTERVAL previous_synchronized_end_ns=1701245238091751840 current_scan_start_ns=1701245238091419935 current_scan_end_ns=1701245238124054935 overlap_duration_ns=331905 scan_index=713,TRACKING,14,6000000,6528,2096,2096,1793,0.026045,3,1.51028e-06,45963,222,897,309,15778,18547,1544,4286,21817
4861,,TRACKING,13,6000000,6528,778,778,457,0.0345807,3,5.05594e-07,45969,218,875,137,5944,6659,520,4276,12847
4867,,TRACKING,8,6000000,6528,2130,2130,1762,0.0272095,3,7.97385e-05,45999,128,903,348,16769,19563,1782,4276,22978
4874,OVERLAPPING_LIDAR_INTERVAL previous_synchronized_end_ns=1701245238191286829 current_scan_start_ns=1701245238191089630 current_scan_end_ns=1701245238223724630 overlap_duration_ns=197199 scan_index=716,TRACKING,8,6000000,6528,2130,2130,1762,0.0272095,3,7.97385e-05,45999,128,903,348,16769,19563,1782,4276,22978
4881,,TRACKING,13,6000000,6528,698,698,385,0.0338116,3,0.000107981,46000,208,911,140,5477,6086,483,4276,7996
4888,,TRACKING,8,6000000,6528,2220,2220,1814,0.0263821,3,0.000308109,46027,129,921,365,17278,20059,1880,4276,23594
4895,,TRACKING,8,6000000,6528,1878,1878,1377,0.0311494,3,0.000157766,46055,131,908,308,15220,17366,1818,4276,20852
4901,OVERLAPPING_LIDAR_INTERVAL previous_synchronized_end_ns=1701245238325344827 current_scan_start_ns=1701245238324973822 current_scan_end_ns=1701245238357608822 overlap_duration_ns=371005 scan_index=720,TRACKING,8,6000000,6528,1878,1878,1377,0.0311494,3,0.000157766,46055,131,908,308,15220,17366,1818,4276,20852
4908,,TRACKING,14,6000000,6528,2243,2243,1858,0.0261957,3,0.000169167,46079,235,925,302,17330,20196,1917,4276,23865
4915,OVERLAPPING_LIDAR_INTERVAL previous_synchronized_end_ns=1701245238391724851 current_scan_start_ns=1701245238391419411 current_scan_end_ns=1701245238424054411 overlap_duration_ns=305440 scan_index=722,TRACKING,14,6000000,6528,2243,2243,1858,0.0261957,3,0.000169167,46079,235,925,302,17330,20196,1917,4276,23865
4922,,TRACKING,13,6000000,6528,545,545,287,0.0309268,3,3.98503e-05,46079,213,922,113,3989,4442,319,4276,6157
4928,,TRACKING,8,6000000,6528,2313,2313,1866,0.02846,3,8.95086e-05,46115,130,943,333,18597,21577,2023,4276,25256
4935,,TRACKING,8,6000000,6528,2037,2037,1582,0.0296931,3,0.000136941,46139,125,911,281,16628,19123,1827,4276,22557
4942,,TRACKING,7,6000000,6528,523,523,284,0.0356963,3,4.06668e-05,46140,112,917,110,3853,4300,311,4276,5880
4949,,TRACKING,8,6000000,6528,2210,2210,1759,0.0264074,3,3.85222e-05,46167,127,916,309,17160,19874,1868,4230,27544
4956,,TRACKING,8,6000000,6528,2219,2219,1722,0.028242,3,7.63481e-05,46201,126,878,337,17654,20296,1972,4230,23964
4962,OVERLAPPING_LIDAR_INTERVAL previous_synchronized_end_ns=1701245238625170973 current_scan_start_ns=1701245238624742985 current_scan_end_ns=1701245238657377985 overlap_duration_ns=427988 scan_index=729,TRACKING,8,6000000,6528,2219,2219,1722,0.028242,3,7.63481e-05,46201,126,878,337,17654,20296,1972,4230,23964
4969,,TRACKING,14,6000000,6528,2025,2025,1616,0.0274449,3,0.000263002,46223,224,896,294,15940,18395,1748,4230,21868
4976,OVERLAPPING_LIDAR_INTERVAL previous_synchronized_end_ns=1701245238691727426 current_scan_start_ns=1701245238691337347 current_scan_end_ns=1701245238723972347 overlap_duration_ns=390079 scan_index=731,TRACKING,14,6000000,6528,2025,2025,1616,0.0274449,3,0.000263002,46223,224,896,294,15940,18395,1748,4230,21868
4983,,TRACKING,13,6000000,6528,618,618,350,0.032855,3,0.000105637,46225,201,879,127,4352,4880,349,4230,6574
4990,,TRACKING,8,6000000,6528,2026,2026,1602,0.028791,3,0.000118234,46264,123,880,293,16337,18733,1790,4230,22023
4996,OVERLAPPING_LIDAR_INTERVAL previous_synchronized_end_ns=1701245238791270044 current_scan_start_ns=1701245238791231632 current_scan_end_ns=1701245238823866632 overlap_duration_ns=38412 scan_index=734,TRACKING,8,6000000,6528,2026,2026,1602,0.028791,3,0.000118234,46264,123,880,293,16337,18733,1790,4230,22023
5003,,TRACKING,13,6000000,6528,638,638,351,0.0335628,3,0.000100007,46268,205,893,132,4664,5219,370,4230,6964
5010,,TRACKING,8,6000000,6528,1938,1938,1518,0.0297143,3,5.23454e-05,46292,127,884,312,15664,18067,1942,4230,21549
5017,,TRACKING,8,6000000,6528,2241,2241,1797,0.0279058,2,0.000772067,46322,129,870,307,11736,13567,1910,4230,17096
5023,OVERLAPPING_LIDAR_INTERVAL previous_synchronized_end_ns=1701245238925185230 current_scan_start_ns=1701245238924974203 current_scan_end_ns=1701245238957609203 overlap_duration_ns=211027 scan_index=738,TRACKING,8,6000000,6528,2241,2241,1797,0.0279058,2,0.000772067,46322,129,870,307,11736,13567,1910,4230,17096
5030,,TRACKING,14,6000000,6528,1977,1977,1525,0.0296216,2,0.000537563,46351,223,908,295,10736,12399,1948,4230,16088
5037,OVERLAPPING_LIDAR_INTERVAL previous_synchronized_end_ns=1701245238991770771 current_scan_start_ns=1701245238991406202 current_scan_end_ns=1701245239024041202 overlap_duration_ns=364569 scan_index=740,TRACKING,14,6000000,6528,1977,1977,1525,0.0296216,2,0.000537563,46351,223,908,295,10736,12399,1948,4230,16088
5044,,TRACKING,13,6000000,6528,713,713,404,0.0337562,3,7.91927e-05,46355,209,898,137,5368,5963,421,4230,7756
5051,,TRACKING,8,6000000,6528,1899,1899,1443,0.032147,3,0.000190615,46385,126,904,266,15823,18084,1768,4237,25596
5057,OVERLAPPING_LIDAR_INTERVAL previous_synchronized_end_ns=1701245239091304806 current_scan_start_ns=1701245239091046095 current_scan_end_ns=1701245239123681095 overlap_duration_ns=258711 scan_index=743,TRACKING,8,6000000,6528,1899,1899,1443,0.032147,3,0.000190615,46385,126,904,266,15823,18084,1768,4237,25596
5064,,TRACKING,14,6000000,6528,756,756,454,0.0347744,3,4.06575e-05,46396,220,878,143,5892,6586,555,4237,8533
5071,,TRACKING,7,6000000,6528,1865,1865,1366,0.0298566,3,3.74544e-05,46407,108,873,260,15046,17200,1756,4237,20394
5078,,TRACKING,8,6000000,6528,2088,2088,1742,0.0259873,3,0.000294266,46428,134,880,289,16380,19158,1692,4237,22430
5084,OVERLAPPING_LIDAR_INTERVAL previous_synchronized_end_ns=1701245239225213554 current_scan_start_ns=1701245239224996090 current_scan_end_ns=1701245239257631090 overlap_duration_ns=217464 scan_index=747,TRACKING,8,6000000,6528,2088,2088,1742,0.0259873,3,0.000294266,46428,134,880,289,16380,19158,1692,4237,22430
5091,,TRACKING,14,6000000,6528,1823,1823,1317,0.0315631,2,0.000513356,46448,224,878,257,9940,11352,1545,4237,14509
5098,OVERLAPPING_LIDAR_INTERVAL previous_synchronized_end_ns=1701245239291705396 current_scan_start_ns=1701245239291410923 current_scan_end_ns=1701245239324045923 overlap_duration_ns=294473 scan_index=749,TRACKING,14,6000000,6528,1823,1823,1317,0.0315631,2,0.000513356,46448,224,878,257,9940,11352,1545,4237,14509
5105,,TRACKING,13,6000000,6528,797,797,464,0.0344214,3,5.59295e-05,46457,203,893,140,6313,7045,571,4237,8969
5112,,TRACKING,8,6000000,6528,1688,1688,1150,0.0312831,3,0.000271862,46477,128,907,256,13894,15744,1562,4237,18770
5118,OVERLAPPING_LIDAR_INTERVAL previous_synchronized_end_ns=1701245239391276148 current_scan_start_ns=1701245239391099453 current_scan_end_ns=1701245239423734453 overlap_duration_ns=176695 scan_index=752,TRACKING,8,6000000,6528,1688,1688,1150,0.0312831,3,0.000271862,46477,128,907,256,13894,15744,1562,4237,18770
5125,,TRACKING,14,6000000,6528,876,876,534,0.0352029,3,5.3768e-05,46487,218,896,162,7112,7962,648,4237,10040
5132,,TRACKING,7,6000000,6528,1653,1653,1157,0.0348812,3,0.000177411,46513,118,881,240,13758,15633,1572,4237,18622
5139,,TRACKING,8,6000000,6528,2035,2035,1765,0.0242649,3,1.79836e-05,46538,134,920,362,15535,18304,1597,4237,21619
5146,OVERLAPPING_LIDAR_INTERVAL previous_synchronized_end_ns=1701245239525160339 current_scan_start_ns=1701245239524944067 current_scan_end_ns=1701245239557579067 overlap_duration_ns=216272 scan_index=756,TRACKING,8,6000000,6528,2035,2035,1765,0.0242649,3,1.79836e-05,46538,134,920,362,15535,18304,1597,4237,21619
5153,,TRACKING,14,6000000,6528,1584,1584,1069,0.0364719,3,0.000258887,46563,222,925,241,14612,16368,1517,4404,23933
5159,OVERLAPPING_LIDAR_INTERVAL previous_synchronized_end_ns=1701245239591747549 current_scan_start_ns=1701245239591416836 current_scan_end_ns=1701245239624051836 overlap_duration_ns=330713 scan_index=758,TRACKING,14,6000000,6528,1584,1584,1069,0.0364719,3,0.000258887,46563,222,925,241,14612,16368,1517,4404,23933
5166,,TRACKING,13,6000000,6528,1102,1102,667,0.0329469,3,7.77508e-05,46568,215,921,180,9639,10752,1122,4404,13362
5173,,TRACKING,8,6000000,6528,1438,1438,962,0.0344331,3,8.09711e-05,46589,130,930,225,12122,13695,1381,4404,16522
5180,,TRACKING,8,7000000,6528,1975,1975,1713,0.0253252,3,8.4748e-05,46617,130,919,296,15083,17747,1434,4404,20769
5186,,TRACKING,8,6000000,6528,1240,1240,786,0.0339277,3,6.36989e-05,46627,124,878,188,10203,11517,1224,4404,14127
5193,,TRACKING,7,6000000,6528,1470,1470,981,0.0330686,3,0.000131793,46648,113,924,214,12351,13970,1328,4404,16726
5200,,TRACKING,8,6000000,6528,1915,1915,1696,0.0244179,3,1.41987e-05,46676,129,914,294,17532,20587,1737,4404,23986
5207,OVERLAPPING_LIDAR_INTERVAL previous_synchronized_end_ns=1701245239825205829 current_scan_start_ns=1701245239824942112 current_scan_end_ns=1701245239857577112 overlap_duration_ns=263717 scan_index=765,TRACKING,8,6000000,6528,1915,1915,1696,0.0244179,3,1.41987e-05,46676,129,914,294,17532,20587,1737,4404,23986
5214,,TRACKING,14,6000000,6528,1378,1378,918,0.0340179,3,0.000143235,46689,246,967,239,13046,14700,1785,4404,18213
5220,OVERLAPPING_LIDAR_INTERVAL previous_synchronized_end_ns=1701245239891466882 current_scan_start_ns=1701245239891416311 current_scan_end_ns=1701245239924051311 overlap_duration_ns=50571 scan_index=767,TRACKING,14,6000000,6528,1378,1378,918,0.0340179,3,0.000143235,46689,246,967,239,13046,14700,1785,4404,18213
5227,,TRACKING,13,6000000,6528,1439,1439,972,0.0340727,3,6.60781e-05,46710,230,971,335,13521,15184,1397,4404,18385
5234,,TRACKING,8,6000000,6528,1186,1186,762,0.0333309,3,3.63488e-05,46722,135,926,190,9917,11141,1064,4404,13615
5241,,TRACKING,8,6000000,6528,1977,1977,1740,0.023255,3,6.47113e-05,46747,130,897,319,14368,17131,1452,4872,25039
5247,,TRACKING,8,6000000,6528,1576,1576,1063,0.0324922,3,3.85684e-05,46767,127,890,302,13952,15697,1475,4872,18758
5254,,TRACKING,8,6000000,6528,1126,1126,733,0.0336704,3,0.000322137,46775,129,925,196,9586,10771,924,4872,13124
5261,,TRACKING,7,6000000,6528,1955,1955,1667,0.0233528,3,5.93149e-05,46802,116,917,284,15254,17964,1857,4872,21393
5268,OVERLAPPING_LIDAR_INTERVAL previous_synchronized_end_ns=1701245240125174787 current_scan_start_ns=1701245240124921322 current_scan_end_ns=1701245240157556322 overlap_duration_ns=253465 scan_index=774,TRACKING,7,6000000,6528,1955,1955,1667,0.0233528,3,5.93149e-05,46802,116,917,284,15254,17964,1857,4872,21393
5275,,TRACKING,14,6000000,6528,1021,1021,631,0.0342344,3,3.26532e-05,46810,251,988,218,8953,10022,795,4872,12496
5281,OVERLAPPING_LIDAR_INTERVAL previous_synchronized_end_ns=1701245240191729334 current_scan_start_ns=1701245240191394567 current_scan_end_ns=1701245240224029567 overlap_duration_ns=334767 scan_index=776,TRACKING,14,6000000,6528,1021,1021,631,0.0342344,3,3.26532e-05,46810,251,988,218,8953,10022,795,4872,12496
5288,,TRACKING,14,6000000,6528,1723,1723,1162,0.0324095,3,8.67509e-05,46836,245,1005,269,16988,19083,1835,4872,22643
5295,,TRACKING,7,6000000,6528,861,861,546,0.0338355,3,0.000152905,46842,125,991,181,7827,8734,677,4872,10865
5302,,TRACKING,8,6000000,6528,2081,2081,1779,0.0253385,3,0.000134648,46864,131,916,334,16658,20078,2205,4872,23949
5308,OVERLAPPING_LIDAR_INTERVAL previous_synchronized_end_ns=1701245240325037267 current_scan_start_ns=1701245240324797153 current_scan_end_ns=1701245240357432153 overlap_duration_ns=240114 scan_index=780,TRACKING,8,6000000,6528,2081,2081,1779,0.0253385,3,0.000134648,46864,131,916,334,16658,20078,2205,4872,23949
5315,,TRACKING,14,6000000,6528,754,754,443,0.0332628,3,1.14029e-05,46872,242,950,157,6057,6764,563,4872,8852
5322,,TRACKING,7,6000000,6528,2219,2219,1876,0.0269796,3,0.000132349,46891,114,968,396,19970,23153,2066,4872,26976
5329,OVERLAPPING_LIDAR_INTERVAL previous_synchronized_end_ns=1701245240425245312 current_scan_start_ns=1701245240424754381 current_scan_end_ns=1701245240457389381 overlap_duration_ns=490931 scan_index=783,TRACKING,7,6000000,6528,2219,2219,1876,0.0269796,3,0.000132349,46891,114,968,396,19970,23153,2066,4872,26976
5336,,TRACKING,14,6000000,6528,719,719,406,0.034158,3,0.000123026,46895,247,996,206,6429,7123,614,6091,15507
5342,OVERLAPPING_LIDAR_INTERVAL previous_synchronized_end_ns=1701245240491730478 current_scan_start_ns=1701245240491427660 current_scan_end_ns=1701245240524062660 overlap_duration_ns=302818 scan_index=785,TRACKING,14,6000000,6528,719,719,406,0.034158,3,0.000123026,46895,247,996,206,6429,7123,614,6091,15507
5349,,TRACKING,14,6000000,6528,1993,1993,1444,0.0321379,4,0.000106654,46916,238,967,320,25440,28853,1898,6091,32500
5356,,TRACKING,7,6000000,6528,623,623,374,0.032946,3,3.2679e-05,46922,117,967,132,6319,7155,567,6091,9085
5363,OVERLAPPING_LIDAR_INTERVAL previous_synchronized_end_ns=1701245240591248539 current_scan_start_ns=1701245240591058254 current_scan_end_ns=1701245240623693254 overlap_duration_ns=190285 scan_index=788,TRACKING,7,6000000,6528,623,623,374,0.032946,3,3.2679e-05,46922,117,967,132,6319,7155,567,6091,9085
5370,,TRACKING,14,6000000,6528,2075,2075,1538,0.0305056,3,0.000461102,46959,234,925,327,18812,21360,2547,6091,25635
5376,,TRACKING,8,6000000,6528,632,632,368,0.0352581,3,2.69712e-05,46964,131,882,142,4848,5395,385,6091,7117
5383,,TRACKING,8,6000000,6528,2081,2081,1664,0.028355,3,0.000192475,46985,124,902,308,18087,20827,2338,6091,24813
5390,OVERLAPPING_LIDAR_INTERVAL previous_synchronized_end_ns=1701245240725159195 current_scan_start_ns=1701245240724929094 current_scan_end_ns=1701245240757564094 overlap_duration_ns=230101 scan_index=792,TRACKING,8,6000000,6528,2081,2081,1664,0.028355,3,0.000192475,46985,124,902,308,18087,20827,2338,6091,24813
5397,,TRACKING,13,6000000,6528,652,652,376,0.0334369,3,0.00018575,46987,270,1176,215,6115,6778,503,6091,9209
5403,OVERLAPPING_LIDAR_INTERVAL previous_synchronized_end_ns=1701245240791734722 current_scan_start_ns=1701245240791388750 current_scan_end_ns=1701245240824023750 overlap_duration_ns=345972 scan_index=794,TRACKING,13,6000000,6528,652,652,376,0.0334369,3,0.00018575,46987,270,1176,215,6115,6778,503,6091,9209
5410,,TRACKING,14,6000000,6528,2150,2150,1655,0.0296696,3,0.00032368,47018,267,1051,339,19672,22517,2118,6091,26533
5417,,TRACKING,7,6000000,6528,617,617,337,0.0365027,3,2.35794e-05,47018,116,897,117,5060,5620,394,6091,7277
5424,,TRACKING,8,6000000,6528,2107,2107,1703,0.0298161,3,0.000154354,47054,124,926,295,18224,20929,1921,6091,24411
5431,,TRACKING,8,6000000,6528,2147,2147,1676,0.0287795,3,0.000111706,47089,123,870,298,17237,19720,2017,4318,27630
5438,,TRACKING,8,6000000,6528,605,605,333,0.0332315,3,3.183e-07,47093,121,921,123,4457,4984,391,4318,6689
5444,,TRACKING,8,6000000,6528,2124,2124,1683,0.0290422,3,5.53388e-05,47116,125,904,303,16987,19518,1874,4318,22931
5451,OVERLAPPING_LIDAR_INTERVAL previous_synchronized_end_ns=1701245241025226858 current_scan_start_ns=1701245241025010109 current_scan_end_ns=1701245241057645109 overlap_duration_ns=216749 scan_index=801,TRACKING,8,6000000,6528,2124,2124,1683,0.0290422,3,5.53388e-05,47116,125,904,303,16987,19518,1874,4318,22931
5458,,TRACKING,13,6000000,6528,644,644,362,0.0324287,3,6.04278e-05,47119,207,867,156,4722,5253,365,4318,7011
5463,OVERLAPPING_LIDAR_INTERVAL previous_synchronized_end_ns=1701245241091697004 current_scan_start_ns=1701245241091410398 current_scan_end_ns=1701245241124045398 overlap_duration_ns=286606 scan_index=803,TRACKING,13,6000000,6528,644,644,362,0.0324287,3,6.04278e-05,47119,207,867,156,4722,5253,365,4318,7011
5469,,TRACKING,11,16989504,6528,2109,2109,1667,0.028248,3,0.000365672,47142,179,921,439,17498,20187,2124,4318,24116
5475,,TRACKING,7,6000000,6528,650,650,389,0.0364022,3,6.30173e-05,47146,118,913,136,5071,5705,514,4318,7533
5482,OVERLAPPING_LIDAR_INTERVAL previous_synchronized_end_ns=1701245241191272762 current_scan_start_ns=1701245241191041231 current_scan_end_ns=1701245241223676231 overlap_duration_ns=231531 scan_index=806,TRACKING,7,6000000,6528,650,650,389,0.0364022,3,6.30173e-05,47146,118,913,136,5071,5705,514,4318,7533
5489,,TRACKING,14,6000000,6528,2079,2079,1685,0.0271101,3,0.000236272,47174,240,992,303,16994,19666,1842,4318,23265
5496,,TRACKING,8,6000000,6528,659,659,371,0.0331461,3,0.000119046,47177,124,899,121,4801,5347,437,4318,7059
5502,,TRACKING,8,6000000,6528,2096,2096,1563,0.0294166,3,0.00024608,47198,124,894,297,17285,19789,1927,4318,23235
5509,OVERLAPPING_LIDAR_INTERVAL previous_synchronized_end_ns=1701245241325196054 current_scan_start_ns=1701245241324732542 current_scan_end_ns=1701245241357367542 overlap_duration_ns=463512 scan_index=810,TRACKING,8,6000000,6528,2096,2096,1563,0.0294166,3,0.00024608,47198,124,894,297,17285,19789,1927,4318,23235
5516,,TRACKING,13,6000000,6528,558,558,338,0.0330991,3,2.26381e-05,47198,201,911,127,4089,4594,337,4318,6293
5523,OVERLAPPING_LIDAR_INTERVAL previous_synchronized_end_ns=1701245241391573217 current_scan_start_ns=1701245241391474009 current_scan_end_ns=1701245241424109009 overlap_duration_ns=99208 scan_index=812,TRACKING,13,6000000,6528,558,558,338,0.0330991,3,2.26381e-05,47198,201,911,127,4089,4594,337,4318,6293
5530,,TRACKING,14,6000000,6528,2233,2233,1851,0.0260004,3,9.06247e-05,47219,217,909,316,17704,20517,1879,4687,28740
5536,,TRACKING,8,6000000,6528,621,621,333,0.0339092,3,3.42689e-05,47222,130,917,133,4689,5194,371,4687,6918
5543,,TRACKING,7,6000000,6528,1873,1873,1382,0.0325793,3,0.00017018,47247,115,946,336,15644,17842,1800,4687,21225
5550,,TRACKING,8,6000000,6528,2236,2236,1807,0.0276245,3,0.000295199,47278,124,902,307,17352,20178,1950,4687,23748
5557,,TRACKING,8,6000000,6528,757,757,425,0.0336939,2,0.000231387,47282,126,890,135,3936,4381,559,4687,6247
5564,,TRACKING,8,6000000,6528,1738,1738,1245,0.030088,3,0.000217053,47305,121,892,274,14474,16441,1582,4687,19491
5570,OVERLAPPING_LIDAR_INTERVAL previous_synchronized_end_ns=1701245241625170734 current_scan_start_ns=1701245241624776125 current_scan_end_ns=1701245241657411125 overlap_duration_ns=394609 scan_index=819,TRACKING,8,6000000,6528,1738,1738,1245,0.030088,3,0.000217053,47305,121,892,274,14474,16441,1582,4687,19491
5577,,TRACKING,13,6000000,6528,857,857,515,0.0344459,3,0.000116297,47313,207,900,175,6650,7433,656,4687,9508
5584,OVERLAPPING_LIDAR_INTERVAL previous_synchronized_end_ns=1701245241691754368 current_scan_start_ns=1701245241691406488 current_scan_end_ns=1701245241724041488 overlap_duration_ns=347880 scan_index=821,TRACKING,13,6000000,6528,857,857,515,0.0344459,3,0.000116297,47313,207,900,175,6650,7433,656,4687,9508
5591,,TRACKING,14,6000000,6528,2036,2036,1725,0.0261987,3,0.000318538,47337,217,905,307,15726,18341,1720,4687,21724
5597,,TRACKING,8,6000000,6528,994,994,615,0.0319305,3,8.25662e-08,47346,130,915,177,8092,9047,975,4687,11408
5604,OVERLAPPING_LIDAR_INTERVAL previous_synchronized_end_ns=1701245241791236427 current_scan_start_ns=1701245241791059971 current_scan_end_ns=1701245241823694971 overlap_duration_ns=176456 scan_index=824,TRACKING,8,6000000,6528,994,994,615,0.0319305,3,8.25662e-08,47346,130,915,177,8092,9047,975,4687,11408
5611,,TRACKING,13,6000000,6528,2011,2011,1692,0.0269316,3,0.000169524,47375,208,914,371,15659,18255,1744,4687,21718
5618,,TRACKING,8,6000000,6528,1090,1090,679,0.0345854,3,0.000178733,47382,134,924,203,9182,10295,999,4681,17445
5624,,TRACKING,8,6000000,6528,1583,1583,1084,0.0318886,3,0.000112869,47401,135,914,261,13681,15432,1442,4681,18379
5631,OVERLAPPING_LIDAR_INTERVAL previous_synchronized_end_ns=1701245241925148037 current_scan_start_ns=1701245241924934149 current_scan_end_ns=1701245241957569149 overlap_duration_ns=213888 scan_index=828,TRACKING,8,6000000,6528,1583,1583,1084,0.0318886,3,0.000112869,47401,135,914,261,13681,15432,1442,4681,18379
5638,,TRACKING,13,6000000,6528,1181,1181,758,0.0322106,3,9.04846e-05,47411,216,896,197,9688,10885,1012,4681,13383
5645,OVERLAPPING_LIDAR_INTERVAL previous_synchronized_end_ns=1701245241991780308 current_scan_start_ns=1701245241991488695 current_scan_end_ns=1701245242024123695 overlap_duration_ns=291613 scan_index=830,TRACKING,13,6000000,6528,1181,1181,758,0.0322106,3,9.04846e-05,47411,216,896,197,9688,10885,1012,4681,13383
5652,,TRACKING,14,6000000,6528,1951,1951,1684,0.0237747,3,0.000156863,47440,227,916,318,14718,17409,1457,4681,20564
5659,,TRACKING,8,6000000,6528,1325,1325,866,0.0347897,3,9.0908e-05,47452,138,918,215,11290,12713,1408,4681,15605
5665,,TRACKING,7,6000000,6528,1372,1372,896,0.0340203,3,0.000162508,47468,112,916,206,11290,12729,1248,4681,15363
5672,,TRACKING,8,6000000,6528,1946,1946,1650,0.0238808,3,0.00010308,47488,121,884,315,14851,17375,1304,4681,20227
5679,,TRACKING,8,6000000,6528,1398,1398,921,0.0333969,3,1.12041e-05,47509,128,876,233,11850,13311,1257,4681,16006
5686,,TRACKING,8,6000000,6528,1284,1284,842,0.0341311,3,2.91446e-05,47520,126,913,270,11008,12350,1170,4681,15010
5692,OVERLAPPING_LIDAR_INTERVAL previous_synchronized_end_ns=1701245242225144174 current_scan_start_ns=1701245242224928379 current_scan_end_ns=1701245242257563379 overlap_duration_ns=215795 scan_index=837,TRACKING,8,6000000,6528,1284,1284,842,0.0341311,3,2.91446e-05,47520,126,913,270,11008,12350,1170,4681,15010
5699,,TRACKING,13,6000000,6528,1446,1446,955,0.031445,3,0.000125768,47532,214,883,305,12656,14199,1410,4681,17170
5706,OVERLAPPING_LIDAR_INTERVAL previous_synchronized_end_ns=1701245242291504410 current_scan_start_ns=1701245242291393995 current_scan_end_ns=1701245242324028995 overlap_duration_ns=110415 scan_index=839,TRACKING,13,6000000,6528,1446,1446,955,0.031445,3,0.000125768,47532,214,883,305,12656,14199,1410,4681,17170
5713,,TRACKING,14,6000000,6528,2008,2008,1724,0.0250476,3,0.000128577,47554,218,907,297,15201,17843,1611,4642,25768
5720,,TRACKING,8,6000000,6528,1592,1592,1043,0.0335592,3,9.06493e-05,47571,130,902,247,13557,15274,1574,4642,18370
5726,OVERLAPPING_LIDAR_INTERVAL previous_synchronized_end_ns=1701245242391253736 current_scan_start_ns=1701245242391202688 current_scan_end_ns=1701245242423837688 overlap_duration_ns=51048 scan_index=842,TRACKING,8,6000000,6528,1592,1592,1043,0.0335592,3,9.06493e-05,47571,130,902,247,13557,15274,1574,4642,18370
5733,,TRACKING,13,6000000,6528,1994,1994,1700,0.0265047,3,0.000130844,47604,203,918,333,15276,17911,1664,4642,21346
5740,,TRACKING,8,6000000,6528,1672,1672,1150,0.0330276,3,7.68874e-05,47618,128,908,244,14188,15972,1608,4642,19079
5747,,TRACKING,8,7000000,6528,925,925,554,0.0335054,3,7.55805e-05,47622,129,896,148,7326,8195,744,4642,10246
5753,OVERLAPPING_LIDAR_INTERVAL previous_synchronized_end_ns=1701245242525137451 current_scan_start_ns=1701245242524958372 current_scan_end_ns=1701245242557593372 overlap_duration_ns=179079 scan_index=846,TRACKING,8,7000000,6528,925,925,554,0.0335054,3,7.55805e-05,47622,129,896,148,7326,8195,744,4642,10246
5760,,TRACKING,14,6000000,6528,1694,1694,1159,0.032946,3,0.000104125,47643,223,920,266,14513,16368,1674,4642,19656
5767,OVERLAPPING_LIDAR_INTERVAL previous_synchronized_end_ns=1701245242591765669 current_scan_start_ns=1701245242591383696 current_scan_end_ns=1701245242624018696 overlap_duration_ns=381973 scan_index=848,TRACKING,14,6000000,6528,1694,1694,1159,0.032946,3,0.000104125,47643,223,920,266,14513,16368,1674,4642,19656
5774,,TRACKING,13,6000000,6528,2012,2012,1672,0.0261972,3,0.000378483,47672,195,875,308,15885,18482,1735,4642,21861
5781,,TRACKING,8,6000000,6528,1838,1838,1278,0.0307718,3,0.000127278,47691,132,898,306,15993,18042,1801,4642,21424
5787,,TRACKING,8,6000000,6528,841,841,496,0.0307217,3,9.94888e-08,47696,123,905,165,6588,7346,558,4642,9241
5794,,TRACKING,7,6000000,6528,1968,1968,1635,0.0251901,3,0.000106137,47714,103,893,288,15558,18092,1731,4642,21344
5801,,TRACKING,8,6000000,6528,1933,1933,1368,0.0308872,3,0.000286313,47750,126,911,297,16764,18967,1827,4516,26915
5808,,TRACKING,8,6000000,6528,807,807,483,0.0357231,2,0.000101251,47757,130,901,158,4212,4711,591,4516,6644
5814,OVERLAPPING_LIDAR_INTERVAL previous_synchronized_end_ns=1701245242825139311 current_scan_start_ns=1701245242824727535 current_scan_end_ns=1701245242857362535 overlap_duration_ns=411776 scan_index=855,TRACKING,8,6000000,6528,807,807,483,0.0357231,2,0.000101251,47757,130,901,158,4212,4711,591,4516,6644
5821,,TRACKING,14,6000000,6528,1864,1864,1368,0.0337499,3,0.000167535,47784,218,913,282,15854,18078,1830,4516,21532
5828,OVERLAPPING_LIDAR_INTERVAL previous_synchronized_end_ns=1701245242891688373 current_scan_start_ns=1701245242891400576 current_scan_end_ns=1701245242924035576 overlap_duration_ns=287797 scan_index=857,TRACKING,14,6000000,6528,1864,1864,1368,0.0337499,3,0.000167535,47784,218,913,282,15854,18078,1830,4516,21532
5835,,TRACKING,13,6000000,6528,2123,2123,1743,0.0356016,4,0.000258181,47860,209,914,302,23114,26900,2066,4516,30690
5842,,TRACKING,8,6000000,6528,2020,2020,1514,0.0337831,3,0.000125943,47907,128,904,294,16939,19374,2094,4516,23059
5848,OVERLAPPING_LIDAR_INTERVAL previous_synchronized_end_ns=1701245242991233137 current_scan_start_ns=1701245242991098404 current_scan_end_ns=1701245243023733404 overlap_duration_ns=134733 scan_index=860,TRACKING,8,6000000,6528,2020,2020,1514,0.0337831,3,0.000125943,47907,128,904,294,16939,19374,2094,4516,23059
5855,,TRACKING,13,6000000,6528,2419,2419,1942,0.0404226,4,0.000395184,48086,213,922,350,25632,29651,2626,4516,34057
5862,,TRACKING,8,6000000,6528,2177,2177,1669,0.0344561,4,0.000199769,48157,126,881,327,24275,27639,2187,4516,31470
5869,,TRACKING,8,6000000,6528,488,488,259,0.067434,3,6.94063e-05,48179,123,877,128,3467,3867,273,4516,5423
5876,OVERLAPPING_LIDAR_INTERVAL previous_synchronized_end_ns=1701245243125179556 current_scan_start_ns=1701245243124783993 current_scan_end_ns=1701245243157418993 overlap_duration_ns=395563 scan_index=864,TRACKING,8,6000000,6528,488,488,259,0.067434,3,6.94063e-05,48179,123,877,128,3467,3867,273,4516,5423
5883,,TRACKING,14,6000000,6528,2260,2260,1747,0.032097,3,0.000390115,48271,211,896,318,18805,21539,2324,4516,25510
5889,OVERLAPPING_LIDAR_INTERVAL previous_synchronized_end_ns=1701245243191706922 current_scan_start_ns=1701245243191377640 current_scan_end_ns=1701245243224012640 overlap_duration_ns=329282 scan_index=866,TRACKING,14,6000000,6528,2260,2260,1747,0.032097,3,0.000390115,48271,211,896,318,18805,21539,2324,4516,25510
5896,,TRACKING,13,6000000,6528,2599,2599,2032,0.0381245,3,0.000305461,48508,213,897,401,20948,24073,2602,4516,28592
5903,,TRACKING,8,6000000,6528,2386,2386,1879,0.0292681,3,0.000201098,48599,125,876,322,19200,22116,2333,4834,30921
5909,,TRACKING,8,6000000,6528,427,427,229,0.0436145,3,0.00023804,48610,129,893,103,3045,3430,272,4834,4994
5916,,TRACKING,8,6000000,6528,2472,2472,1939,0.036251,3,0.000150026,48763,125,919,353,19974,22958,2656,4834,27242
5923,,TRACKING,7,6000000,6528,2475,2475,1937,0.0371757,3,0.000117646,48917,113,874,360,20103,23103,2530,4834,27342
5930,,TRACKING,8,6000000,6528,337,337,180,0.0447413,3,1.76499e-07,48930,130,914,88,2443,2750,266,4834,4306
5937,OVERLAPPING_LIDAR_INTERVAL previous_synchronized_end_ns=1701245243425144937 current_scan_start_ns=1701245243424688101 current_scan_end_ns=1701245243457323101 overlap_duration_ns=456836 scan_index=873,TRACKING,8,6000000,6528,337,337,180,0.0447413,3,1.76499e-07,48930,130,914,88,2443,2750,266,4834,4306
5944,,TRACKING,14,6000000,6528,2715,2715,2242,0.0316346,3,0.000353917,49106,224,929,389,21465,24878,2774,4834,29431
5950,OVERLAPPING_LIDAR_INTERVAL previous_synchronized_end_ns=1701245243491669204 current_scan_start_ns=1701245243491379023 current_scan_end_ns=1701245243524014023 overlap_duration_ns=290181 scan_index=875,TRACKING,14,6000000,6528,2715,2715,2242,0.0316346,3,0.000353917,49106,224,929,389,21465,24878,2774,4834,29431
5957,,TRACKING,13,6000000,6528,2097,2097,1613,0.0318463,3,0.000153711,49163,213,880,303,17358,19802,2114,4834,23627
5964,,TRACKING,8,6000000,6528,2619,2619,2094,0.029528,3,0.000202433,49294,122,889,371,20893,24063,2494,4834,28250
5970,OVERLAPPING_LIDAR_INTERVAL previous_synchronized_end_ns=1701245243591249254 current_scan_start_ns=1701245243591034651 current_scan_end_ns=1701245243623669651 overlap_duration_ns=214603 scan_index=878,TRACKING,8,6000000,6528,2619,2619,2094,0.029528,3,0.000202433,49294,122,889,371,20893,24063,2494,4834,28250
5977,,TRACKING,14,6000000,6528,1983,1983,1485,0.0335929,3,0.00029407,49351,221,909,300,16465,18851,1980,4834,22561
5984,,TRACKING,7,6000000,6528,2600,2600,2126,0.0309258,3,0.000298232,49458,110,889,375,20787,24022,2380,4834,28096
5991,,TRACKING,8,6000000,6528,640,640,337,0.0353942,2,0.000147369,49463,125,880,139,3239,3595,469,5166,10546
5998,OVERLAPPING_LIDAR_INTERVAL previous_synchronized_end_ns=1701245243725122240 current_scan_start_ns=1701245243724851370 current_scan_end_ns=1701245243757486370 overlap_duration_ns=270870 scan_index=882,TRACKING,8,6000000,6528,640,640,337,0.0353942,2,0.000147369,49463,125,880,139,3239,3595,469,5166,10546
6005,,TRACKING,14,6000000,6528,2654,2654,2193,0.0283981,4,3.97466e-06,49589,247,1003,411,28443,32937,2589,5166,37418
6011,OVERLAPPING_LIDAR_INTERVAL previous_synchronized_end_ns=1701245243791716602 current_scan_start_ns=1701245243791382074 current_scan_end_ns=1701245243824017074 overlap_duration_ns=334528 scan_index=884,TRACKING,14,6000000,6528,2654,2654,2193,0.0283981,4,3.97466e-06,49589,247,1003,411,28443,32937,2589,5166,37418
6018,,TRACKING,13,6000000,6528,1918,1918,1358,0.0362339,4,0.00018284,49652,197,900,285,21056,23918,1994,5166,27555
6025,,TRACKING,8,6000000,6528,2584,2584,2160,0.029647,3,0.000243537,49783,131,919,412,20776,24057,2471,5166,28338
6032,OVERLAPPING_LIDAR_INTERVAL previous_synchronized_end_ns=1701245243891322162 current_scan_start_ns=1701245243891039610 current_scan_end_ns=1701245243923674610 overlap_duration_ns=282552 scan_index=887,TRACKING,8,6000000,6528,2584,2584,2160,0.029647,3,0.000243537,49783,131,919,412,20776,24057,2471,5166,28338
6038,,TRACKING,14,6000000,6528,1768,1768,1240,0.0365612,3,0.000287436,49828,229,906,272,15033,17099,1813,5166,20604
6045,,TRACKING,7,6000000,6528,2646,2646,2229,0.0322244,3,0.00015854,50013,104,892,379,20207,23576,3237,5166,28526
6052,,TRACKING,8,6000000,6528,828,828,498,0.0364802,2,6.04207e-05,50027,127,994,154,4255,4756,630,5166,6852
6059,OVERLAPPING_LIDAR_INTERVAL previous_synchronized_end_ns=1701245244025378969 current_scan_start_ns=1701245244025057077 current_scan_end_ns=1701245244057692077 overlap_duration_ns=321892 scan_index=891,TRACKING,8,6000000,6528,828,828,498,0.0364802,2,6.04207e-05,50027,127,994,154,4255,4756,630,5166,6852
6066,,TRACKING,14,6000000,6528,2686,2686,2298,0.033474,3,0.000254698,50244,219,903,366,21520,25149,2654,5166,29606
6072,OVERLAPPING_LIDAR_INTERVAL previous_synchronized_end_ns=1701245244091676023 current_scan_start_ns=1701245244091401815 current_scan_end_ns=1701245244124036815 overlap_duration_ns=274208 scan_index=893,TRACKING,14,6000000,6528,2686,2686,2298,0.033474,3,0.000254698,50244,219,903,366,21520,25149,2654,5166,29606
6079,,TRACKING,13,6000000,6528,1485,1485,1020,0.0399796,4,0.000137036,50292,206,904,237,17257,19484,1449,5166,22571
6086,,TRACKING,8,6000000,6528,2593,2593,2254,0.0327529,3,0.000174281,50539,127,897,373,20681,24142,2574,5166,28444
6093,OVERLAPPING_LIDAR_INTERVAL previous_synchronized_end_ns=1701245244191234854 current_scan_start_ns=1701245244191044569 current_scan_end_ns=1701245244223679569 overlap_duration_ns=190285 scan_index=896,TRACKING,8,6000000,6528,2593,2593,2254,0.0327529,3,0.000174281,50539,127,897,373,20681,24142,2574,5166,28444
6100,,TRACKING,14,6000000,6528,1412,1412,923,0.0383246,3,0.000209932,50582,222,900,225,12379,13923,1584,4903,22027
6106,,TRACKING,8,6000000,6528,2600,2600,2237,0.0349442,3,0.000240053,50877,134,888,421,20810,24402,2586,4903,28761
6113,,TRACKING,7,6000000,6528,1024,1024,637,0.0377067,3,0.000225294,50898,114,904,178,8498,9511,942,4903,11881
6120,OVERLAPPING_LIDAR_INTERVAL previous_synchronized_end_ns=1701245244325121668 current_scan_start_ns=1701245244324916363 current_scan_end_ns=1701245244357551363 overlap_duration_ns=205305 scan_index=900,TRACKING,7,6000000,6528,1024,1024,637,0.0377067,3,0.000225294,50898,114,904,178,8498,9511,942,4903,11881
6127,,TRACKING,14,6000000,6528,2630,2630,2258,0.0374135,3,0.000420062,51207,220,898,404,20879,24367,2737,4903,28964
6133,OVERLAPPING_LIDAR_INTERVAL previous_synchronized_end_ns=1701245244391738680 current_scan_start_ns=1701245244391387701 current_scan_end_ns=1701245244424022701 overlap_duration_ns=350979 scan_index=902,TRACKING,14,6000000,6528,2630,2630,2258,0.0374135,3,0.000420062,51207,220,898,404,20879,24367,2737,4903,28964
6140,,TRACKING,13,6000000,6528,1217,1217,756,0.0386859,3,0.000339735,51237,214,923,229,10711,11899,1186,4903,14763
6147,,TRACKING,8,6000000,6528,2676,2676,2284,0.0379755,3,0.000215501,51556,120,877,370,21094,24571,2641,4903,28926
6154,OVERLAPPING_LIDAR_INTERVAL previous_synchronized_end_ns=1701245244491241005 current_scan_start_ns=1701245244491008043 current_scan_end_ns=1701245244523643043 overlap_duration_ns=232962 scan_index=905,TRACKING,8,6000000,6528,2676,2676,2284,0.0379755,3,0.000215501,51556,120,877,370,21094,24571,2641,4903,28926
6161,,TRACKING,14,6000000,6528,1123,1123,691,0.041028,3,9.2131e-05,51598,226,911,201,9248,10342,1214,4903,13176
6168,,TRACKING,8,6000000,6528,2686,2686,2310,0.0409583,3,0.000253851,52018,125,875,373,21113,24679,3132,4903,29570
6174,,TRACKING,7,6000000,6528,1311,1311,823,0.0442051,3,0.000179769,52065,107,882,219,11275,12604,1243,4903,15330
6181,OVERLAPPING_LIDAR_INTERVAL previous_synchronized_end_ns=1701245244625160244 current_scan_start_ns=1701245244624755621 current_scan_end_ns=1701245244657390621 overlap_duration_ns=404623 scan_index=909,TRACKING,7,6000000,6528,1311,1311,823,0.0442051,3,0.000179769,52065,107,882,219,11275,12604,1243,4903,15330
6188,,TRACKING,14,6000000,6528,2648,2648,2261,0.0404204,3,0.000334037,52467,224,916,354,21145,24670,2845,4903,29354
6195,OVERLAPPING_LIDAR_INTERVAL previous_synchronized_end_ns=1701245244691767242 current_scan_start_ns=1701245244691372633 current_scan_end_ns=1701245244724007633 overlap_duration_ns=394609 scan_index=911,TRACKING,14,6000000,6528,2648,2648,2261,0.0404204,3,0.000334037,52467,224,916,354,21145,24670,2845,4903,29354
6201,,TRACKING,14,6000000,6528,938,938,584,0.0418871,3,0.000285937,52499,220,903,181,8024,8968,848,5504,16876
6208,,TRACKING,7,6000000,6528,2743,2743,2274,0.0384066,3,0.000324105,52884,112,958,405,21851,25399,3170,5504,30371
6215,OVERLAPPING_LIDAR_INTERVAL previous_synchronized_end_ns=1701245244791259077 current_scan_start_ns=1701245244791025877 current_scan_end_ns=1701245244823660877 overlap_duration_ns=233200 scan_index=914,TRACKING,7,6000000,6528,2743,2743,2274,0.0384066,3,0.000324105,52884,112,958,405,21851,25399,3170,5504,30371
6222,,TRACKING,14,6000000,6528,781,781,493,0.0498854,3,2.18136e-06,52923,221,909,145,6550,7358,887,5504,9719
6229,,TRACKING,8,6000000,6528,2808,2808,2349,0.0392806,3,0.000151716,53275,130,916,392,22963,26698,3249,5504,31739
6236,,TRACKING,8,6000000,6528,1635,1635,1106,0.0454512,3,0.000271655,53376,131,883,244,14343,16156,2074,5504,19811
6242,OVERLAPPING_LIDAR_INTERVAL previous_synchronized_end_ns=1701245244925159719 current_scan_start_ns=1701245244924899340 current_scan_end_ns=1701245244957534340 overlap_duration_ns=260379 scan_index=918,TRACKING,8,6000000,6528,1635,1635,1106,0.0454512,3,0.000271655,53376,131,883,244,14343,16156,2074,5504,19811
6249,,TRACKING,13,6000000,6528,2724,2724,2251,0.0357509,3,0.000167811,53706,211,928,390,22136,25720,3521,5504,31131
6256,OVERLAPPING_LIDAR_INTERVAL previous_synchronized_end_ns=1701245244991783884 current_scan_start_ns=1701245244991361856 current_scan_end_ns=1701245245023996856 overlap_duration_ns=422028 scan_index=920,TRACKING,13,6000000,6528,2724,2724,2251,0.0357509,3,0.000167811,53706,211,928,390,22136,25720,3521,5504,31131
6262,,TRACKING,14,6000000,6528,577,577,329,0.042241,3,5.16587e-05,53725,217,898,129,4336,4846,415,5504,6707
6269,,TRACKING,7,6000000,6528,2738,2738,2218,0.0392453,3,0.000298867,54053,104,898,362,22410,25978,3105,5504,30757
6276,,TRACKING,8,6000000,6528,1854,1854,1329,0.0417507,3,0.000150541,54180,126,906,279,16088,18187,2448,5504,22253
6283,,TRACKING,8,6000000,6528,476,476,277,0.0411563,3,5.34779e-05,54192,126,912,111,3396,3822,473,5504,5574
6290,,TRACKING,8,6000000,6528,2760,2760,2205,0.0421024,3,0.000676944,54527,126,916,408,23401,26945,3045,5386,37237
6296,,TRACKING,8,6000000,6528,1857,1857,1343,0.0433933,3,0.000170163,54675,129,944,280,16718,18963,2146,5386,22808
6303,OVERLAPPING_LIDAR_INTERVAL previous_synchronized_end_ns=1701245245225121286 current_scan_start_ns=1701245245224772215 current_scan_end_ns=1701245245257407215 overlap_duration_ns=349071 scan_index=927,TRACKING,8,6000000,6528,1857,1857,1343,0.0433933,3,0.000170163,54675,129,944,280,16718,18963,2146,5386,22808
6310,,TRACKING,13,6000000,6528,2792,2792,2171,0.0398592,3,0.000109375,54988,209,920,386,22979,26413,3682,5386,31983
6317,OVERLAPPING_LIDAR_INTERVAL previous_synchronized_end_ns=1701245245291696337 current_scan_start_ns=1701245245291399717 current_scan_end_ns=1701245245324034717 overlap_duration_ns=296620 scan_index=929,TRACKING,13,6000000,6528,2792,2792,2171,0.0398592,3,0.000109375,54988,209,920,386,22979,26413,3682,5386,31983
6323,,TRACKING,14,6000000,6528,371,371,205,0.0361548,3,1.43983e-07,54996,235,934,91,2649,2985,232,5386,4651
6330,,TRACKING,7,6000000,6528,2643,2643,2072,0.0389467,3,8.53587e-05,55269,115,921,399,22811,26085,3250,5386,31056
6337,,TRACKING,8,6000000,6528,2166,2166,1606,0.0433798,3,0.000149997,55456,132,930,344,18871,21484,2527,5386,25811
6344,OVERLAPPING_LIDAR_INTERVAL previous_synchronized_end_ns=1701245245425035503 current_scan_start_ns=1701245245424777508 current_scan_end_ns=1701245245457412508 overlap_duration_ns=257995 scan_index=933,TRACKING,8,6000000,6528,2166,2166,1606,0.0433798,3,0.000149997,55456,132,930,344,18871,21484,2527,5386,25811
6351,,TRACKING,14,6000000,6528,2543,2543,1972,0.0406103,3,0.000239245,55687,236,940,437,21382,24510,3052,5386,29781
6358,,TRACKING,8,6000000,6528,2365,2365,1776,0.0445373,3,0.000546765,55893,130,922,322,20529,23445,2847,5386,28056
6364,OVERLAPPING_LIDAR_INTERVAL previous_synchronized_end_ns=1701245245525156286 current_scan_start_ns=1701245245524932384 current_scan_end_ns=1701245245557567384 overlap_duration_ns=223902 scan_index=936,TRACKING,8,6000000,6528,2365,2365,1776,0.0445373,3,0.000546765,55893,130,922,322,20529,23445,2847,5386,28056
6371,,TRACKING,13,6000000,6528,2382,2382,1840,0.0375872,3,0.000210319,56104,209,921,340,20246,23197,2971,5386,28060
6378,OVERLAPPING_LIDAR_INTERVAL previous_synchronized_end_ns=1701245245591674831 current_scan_start_ns=1701245245591351271 current_scan_end_ns=1701245245623986271 overlap_duration_ns=323560 scan_index=938,TRACKING,13,6000000,6528,2382,2382,1840,0.0375872,3,0.000210319,56104,209,921,340,20246,23197,2971,5386,28060
6384,,TRACKING,14,6000000,6528,404,404,218,0.0398156,3,2.6289e-07,56112,226,933,101,2882,3244,240,5386,4923
6391,,TRACKING,8,6000000,6528,2217,2217,1636,0.038865,4,7.14274e-05,56301,124,915,330,25448,28975,2594,5746,38905
6398,,TRACKING,7,6000000,6528,2483,2483,1925,0.0391748,3,0.000351309,56487,119,915,358,21653,24653,2806,5746,29204
6405,,TRACKING,8,6000000,6528,408,408,221,0.0366588,3,9.25225e-08,56495,130,894,98,3017,3381,277,5746,4977
6412,,TRACKING,8,6000000,6528,2226,2226,1708,0.041944,3,0.000396278,56665,137,919,346,19346,22159,2899,5746,26765
6419,,TRACKING,8,6000000,6528,2577,2577,1987,0.0372888,3,0.00039148,56881,130,916,382,22090,25203,2862,5746,29869
6425,OVERLAPPING_LIDAR_INTERVAL previous_synchronized_end_ns=1701245245825208452 current_scan_start_ns=1701245245824743748 current_scan_end_ns=1701245245857378748 overlap_duration_ns=464704 scan_index=945,TRACKING,8,6000000,6528,2577,2577,1987,0.0372888,3,0.00039148,56881,130,916,382,22090,25203,2862,5746,29869
6432,,TRACKING,13,6000000,6528,2168,2168,1618,0.0385037,3,0.000115197,57013,204,895,312,18883,21497,3068,5746,26330
6439,OVERLAPPING_LIDAR_INTERVAL previous_synchronized_end_ns=1701245245891675737 current_scan_start_ns=1701245245891365051 current_scan_end_ns=1701245245924000051 overlap_duration_ns=310686 scan_index=947,TRACKING,13,6000000,6528,2168,2168,1618,0.0385037,3,0.000115197,57013,204,895,312,18883,21497,3068,5746,26330
6446,,TRACKING,14,6000000,6528,474,474,284,0.0368578,3,2.50772e-05,57021,218,897,141,3572,4017,316,5746,5774
6452,,TRACKING,8,6000000,6528,1957,1957,1423,0.0400987,3,0.000418052,57157,122,893,281,17763,20134,2172,5746,23831
6459,OVERLAPPING_LIDAR_INTERVAL previous_synchronized_end_ns=1701245245991210010 current_scan_start_ns=1701245245991032362 current_scan_end_ns=1701245246023667362 overlap_duration_ns=177648 scan_index=950,TRACKING,8,6000000,6528,1957,1957,1423,0.0400987,3,0.000418052,57157,122,893,281,17763,20134,2172,5746,23831
6466,,TRACKING,13,6000000,6528,490,490,289,0.0374011,3,0.000131306,57162,200,875,109,3715,4157,351,5746,5824
6473,,TRACKING,8,6000000,6528,1855,1855,1330,0.0403721,4,0.00036759,57279,124,913,289,22451,25392,2018,5746,28942
6480,,TRACKING,8,6000000,6528,2784,2784,2223,0.034621,3,0.000314083,57529,129,920,374,23467,27274,3501,6145,38713
6486,OVERLAPPING_LIDAR_INTERVAL previous_synchronized_end_ns=1701245246125125911 current_scan_start_ns=1701245246124758244 current_scan_end_ns=1701245246157393244 overlap_duration_ns=367667 scan_index=954,TRACKING,8,6000000,6528,2784,2784,2223,0.034621,3,0.000314083,57529,129,920,374,23467,27274,3501,6145,38713
6493,,TRACKING,14,6000000,6528,1777,1777,1211,0.0434004,3,0.000246081,57637,231,928,303,15582,17600,1978,6145,21410
6500,OVERLAPPING_LIDAR_INTERVAL previous_synchronized_end_ns=1701245246191701200 current_scan_start_ns=1701245246191371441 current_scan_end_ns=1701245246224006441 overlap_duration_ns=329759 scan_index=956,TRACKING,14,6000000,6528,1777,1777,1211,0.0434004,3,0.000246081,57637,231,928,303,15582,17600,1978,6145,21410
6507,,TRACKING,13,6000000,6528,445,445,284,0.039323,3,3.95644e-05,57650,214,926,105,3404,3866,329,6145,5563
6513,,TRACKING,8,6000000,6528,1523,1523,994,0.0432573,3,0.000429041,57732,133,921,249,13285,14914,1738,6145,18131
6520,,TRACKING,8,6000000,6528,2911,2911,2371,0.0353421,4,4.993e-05,58001,127,900,376,32129,37101,3539,6145,42396
6527,,TRACKING,7,6000000,6528,536,536,293,0.0422328,2,5.38724e-05,58012,111,909,140,3088,3395,400,6145,5204
6534,,TRACKING,8,6000000,6528,1544,1544,1012,0.0402132,3,0.000229118,58068,122,905,255,14270,15999,1653,6145,19099
6541,,TRACKING,8,6000000,6528,2858,2858,2352,0.0362914,4,0.000364972,58350,130,928,422,32609,37766,3443,6145,43137
6547,OVERLAPPING_LIDAR_INTERVAL previous_synchronized_end_ns=1701245246425131347 current_scan_start_ns=1701245246424937248 current_scan_end_ns=1701245246457572248 overlap_duration_ns=194099 scan_index=963,TRACKING,8,6000000,6528,2858,2858,2352,0.0362914,4,0.000364972,58350,130,928,422,32609,37766,3443,6145,43137
6554,,TRACKING,14,6000000,6528,1461,1461,950,0.0438474,3,0.000144503,58427,229,930,246,12625,14165,1580,6145,17413
6561,OVERLAPPING_LIDAR_INTERVAL previous_synchronized_end_ns=1701245246491668012 current_scan_start_ns=1701245246491383076 current_scan_end_ns=1701245246524018076 overlap_duration_ns=284936 scan_index=965,TRACKING,14,6000000,6528,1461,1461,950,0.0438474,3,0.000144503,58427,229,930,246,12625,14165,1580,6145,17413
6568,,TRACKING,13,7000000,6528,732,732,468,0.0414685,3,0.000648332,58443,211,921,153,6412,7193,682,6145,9282
6575,,TRACKING,8,6000000,6528,1303,1303,809,0.0419884,3,0.000290703,58482,125,916,222,11146,12480,1330,5806,21020
6581,,TRACKING,8,6000000,6528,2758,2758,2310,0.0356585,4,0.000308905,58751,129,917,412,30262,35089,3196,5806,40062
6588,,TRACKING,7,6000000,6528,894,894,549,0.0385998,3,0.000153404,58781,107,876,150,7098,7983,890,5806,10205
6595,,TRACKING,8,6000000,6528,1270,1270,822,0.0398302,3,8.01662e-05,58829,128,914,220,10748,12060,1287,5806,14760
6602,,TRACKING,8,6000000,6528,2786,2786,2401,0.0343045,4,7.91022e-05,59083,120,874,387,30133,35041,2874,5806,39615
6608,OVERLAPPING_LIDAR_INTERVAL previous_synchronized_end_ns=1701245246725115087 current_scan_start_ns=1701245246724897861 current_scan_end_ns=1701245246757532861 overlap_duration_ns=217226 scan_index=972,TRACKING,8,6000000,6528,2786,2786,2401,0.0343045,4,7.91022e-05,59083,120,874,387,30133,35041,2874,5806,39615
6615,,TRACKING,14,6000000,6528,1087,1087,692,0.0370149,3,0.000300349,59103,227,878,174,9295,10426,1051,5806,13023
6622,OVERLAPPING_LIDAR_INTERVAL previous_synchronized_end_ns=1701245246791684416 current_scan_start_ns=1701245246791366339 current_scan_end_ns=1701245246824001339 overlap_duration_ns=318077 scan_index=974,TRACKING,14,6000000,6528,1087,1087,692,0.0370149,3,0.000300349,59103,227,878,174,9295,10426,1051,5806,13023
6629,,TRACKING,13,6000000,6528,1174,1174,733,0.0406629,3,0.000310962,59127,197,912,197,10024,11189,1123,5806,13769
6636,,TRACKING,8,6000000,6528,945,945,568,0.0389906,3,0.000240996,59151,129,918,177,8103,9009,833,5806,11188
6642,OVERLAPPING_LIDAR_INTERVAL previous_synchronized_end_ns=1701245246891319778 current_scan_start_ns=1701245246890995026 current_scan_end_ns=1701245246923630026 overlap_duration_ns=324752 scan_index=977,TRACKING,8,6000000,6528,945,945,568,0.0389906,3,0.000240996,59151,129,918,177,8103,9009,833,5806,11188
6649,,TRACKING,13,6000000,6528,1361,1361,846,0.0395639,4,0.000284761,59195,207,934,237,15616,17469,1364,5806,20371
6656,,TRACKING,8,6000000,6528,815,815,477,0.0392455,3,0.000167279,59217,123,907,147,7487,8310,709,5806,10319
6663,,TRACKING,8,6000000,6528,2745,2745,2300,0.0343369,4,0.000245441,59468,124,915,390,30896,35890,3039,6103,46778
6669,OVERLAPPING_LIDAR_INTERVAL previous_synchronized_end_ns=1701245247025152710 current_scan_start_ns=1701245247024744511 current_scan_end_ns=1701245247057379511 overlap_duration_ns=408199 scan_index=981,TRACKING,8,6000000,6528,2745,2745,2300,0.0343369,4,0.000245441,59468,124,915,390,30896,35890,3039,6103,46778
6676,,TRACKING,14,6000000,6528,688,688,379,0.0401879,3,0.000140527,59486,231,934,145,5654,6249,543,6103,8312
6683,OVERLAPPING_LIDAR_INTERVAL previous_synchronized_end_ns=1701245247091678884 current_scan_start_ns=1701245247091425657 current_scan_end_ns=1701245247124060657 overlap_duration_ns=253227 scan_index=983,TRACKING,14,6000000,6528,688,688,379,0.0401879,3,0.000140527,59486,231,934,145,5654,6249,543,6103,8312
6690,,TRACKING,13,6000000,6528,1512,1512,977,0.0412212,3,0.000485069,59534,204,951,239,13486,15087,1744,6103,18392
6697,,TRACKING,8,6000000,6528,574,574,333,0.038175,3,4.72472e-07,59541,125,894,113,4187,4669,379,6103,6273
6703,OVERLAPPING_LIDAR_INTERVAL previous_synchronized_end_ns=1701245247191202429 current_scan_start_ns=1701245247191016197 current_scan_end_ns=1701245247223651197 overlap_duration_ns=186232 scan_index=986,TRACKING,8,6000000,6528,574,574,333,0.038175,3,4.72472e-07,59541,125,894,113,4187,4669,379,6103,6273
6710,,TRACKING,14,6000000,6528,1571,1571,1033,0.0405327,4,0.000405173,59617,225,900,253,18222,20449,1898,6103,23893
6717,,TRACKING,7,6000000,6528,501,501,283,0.0383403,3,0.000272674,59626,106,878,101,3642,4079,354,6103,5615
6724,,TRACKING,8,6000000,6528,2876,2876,2377,0.0358678,4,0.000344827,59875,117,927,400,31225,35985,2946,6103,40684
6731,OVERLAPPING_LIDAR_INTERVAL previous_synchronized_end_ns=1701245247325121668 current_scan_start_ns=1701245247324902773 current_scan_end_ns=1701245247357537773 overlap_duration_ns=218895 scan_index=990,TRACKING,8,6000000,6528,2876,2876,2377,0.0358678,4,0.000344827,59875,117,927,400,31225,35985,2946,6103,40684
6737,,TRACKING,14,6000000,6528,506,506,296,0.0364901,3,4.36965e-05,59885,230,892,121,3811,4244,383,6103,6053
6744,OVERLAPPING_LIDAR_INTERVAL previous_synchronized_end_ns=1701245247391669777 current_scan_start_ns=1701245247391360283 current_scan_end_ns=1701245247423995283 overlap_duration_ns=309494 scan_index=992,TRACKING,14,6000000,6528,506,506,296,0.0364901,3,4.36965e-05,59885,230,892,121,3811,4244,383,6103,6053
6751,,TRACKING,13,6000000,6528,1794,1794,1206,0.0399421,3,0.000242741,59960,193,895,266,15206,17138,2210,6103,20881
6758,,TRACKING,8,6000000,6528,434,434,243,0.0354745,3,2.45735e-07,59970,126,870,93,3116,3486,268,6103,4958
6765,,TRACKING,8,6000000,6528,2558,2558,2043,0.0367982,4,0.000213235,60177,132,862,360,28465,32810,3517,5722,43642
6771,,TRACKING,8,6000000,6528,1949,1949,1374,0.0371668,3,0.000279232,60263,123,906,306,16952,19117,2453,5722,23236
6778,,TRACKING,7,6000000,6528,530,530,279,0.0432663,3,6.23289e-05,60272,117,970,118,3940,4405,385,5722,6139
6785,,TRACKING,8,6000000,6528,2497,2497,1969,0.0354363,4,9.32793e-05,60460,129,940,434,28776,33056,2825,5722,37644
6792,OVERLAPPING_LIDAR_INTERVAL previous_synchronized_end_ns=1701245247625132826 current_scan_start_ns=1701245247624829769 current_scan_end_ns=1701245247657464769 overlap_duration_ns=303057 scan_index=999,TRACKING,8,6000000,6528,2497,2497,1969,0.0354363,4,9.32793e-05,60460,129,940,434,28776,33056,2825,5722,37644
6799,,TRACKING,14,6000000,6528,498,498,268,0.0387203,3,4.26034e-05,60467,226,921,111,3724,4186,334,5722,5938
6805,OVERLAPPING_LIDAR_INTERVAL previous_synchronized_end_ns=1701245247691721704 current_scan_start_ns=1701245247691375256 current_scan_end_ns=1701245247724010256 overlap_duration_ns=346448 scan_index=1001,TRACKING,14,6000000,6528,498,498,268,0.0387203,3,4.26034e-05,60467,226,921,111,3724,4186,334,5722,5938
6812,,TRACKING,13,6000000,6528,2178,2178,1607,0.0383241,4,8.41468e-05,60579,223,992,319,25681,29294,2335,5722,33383
6819,,TRACKING,8,6000000,6528,495,495,257,0.0397443,3,0.000213439,60584,130,916,110,3687,4118,316,5722,5733
6826,,TRACKING,8,6000000,6528,2345,2345,1813,0.0347773,4,0.000158785,60719,124,929,371,26077,30001,2391,5722,34058
6832,,TRACKING,8,6000000,6528,2252,2252,1644,0.0358825,4,5.63256e-06,60847,128,912,317,25558,29125,2299,5722,33083
6839,,TRACKING,8,6000000,6528,522,522,271,0.0363843,3,0.000356147,60858,127,911,115,3723,4158,344,5722,5798
6846,,TRACKING,7,6000000,6528,2291,2291,1722,0.0369733,3,0.000329198,60967,110,920,361,19411,22195,2606,6060,32559
6853,OVERLAPPING_LIDAR_INTERVAL previous_synchronized_end_ns=1701245247925113466 current_scan_start_ns=1701245247924746513 current_scan_end_ns=1701245247957381513 overlap_duration_ns=366953 scan_index=1008,TRACKING,7,6000000,6528,2291,2291,1722,0.0369733,3,0.000329198,60967,110,920,361,19411,22195,2606,6060,32559
6860,,TRACKING,14,6000000,6528,587,587,313,0.0357055,3,0.000110588,60977,229,914,136,4310,4792,367,6060,6640
6866,OVERLAPPING_LIDAR_INTERVAL previous_synchronized_end_ns=1701245247991701391 current_scan_start_ns=1701245247991344452 current_scan_end_ns=1701245248023979452 overlap_duration_ns=356939 scan_index=1010,TRACKING,14,6000000,6528,587,587,313,0.0357055,3,0.000110588,60977,229,914,136,4310,4792,367,6060,6640
6873,,TRACKING,14,6000000,6528,2250,2250,1693,0.0352115,4,0.000153786,61099,215,915,324,25377,29006,2334,6060,33020
6880,,TRACKING,7,6000000,6528,620,620,306,0.0350749,3,8.89452e-05,61101,113,901,131,4914,5431,455,6060,7198
6887,,TRACKING,8,6000000,6528,2149,2149,1535,0.0362951,4,7.7043e-05,61180,127,921,328,24769,28057,2273,6060,31939
6893,,TRACKING,8,6000000,6528,2303,2303,1794,0.0323935,3,0.000195094,61298,131,898,314,19935,22957,3090,6060,27731
6900,,TRACKING,8,6000000,6528,598,598,304,0.0372462,2,0.000133991,61306,129,918,130,3053,3381,395,6060,5133
6907,,TRACKING,7,6000000,6528,2071,2071,1497,0.0358432,3,0.00016942,61387,115,914,314,19130,21682,2156,6060,25386
6914,OVERLAPPING_LIDAR_INTERVAL previous_synchronized_end_ns=1701245248225144651 current_scan_start_ns=1701245248224747181 current_scan_end_ns=1701245248257382181 overlap_duration_ns=397470 scan_index=1017,TRACKING,7,6000000,6528,2071,2071,1497,0.0358432,3,0.00016942,61387,115,914,314,19130,21682,2156,6060,25386
6921,,TRACKING,14,6000000,6528,559,559,292,0.035763,3,5.67205e-05,61395,225,919,119,4263,4732,356,6060,6498
6927,OVERLAPPING_LIDAR_INTERVAL previous_synchronized_end_ns=1701245248291670587 current_scan_start_ns=1701245248291406870 current_scan_end_ns=1701245248324041870 overlap_duration_ns=263717 scan_index=1019,TRACKING,14,6000000,6528,559,559,292,0.035763,3,5.67205e-05,61395,225,919,119,4263,4732,356,6060,6498
6935,,TRACKING,14,6000000,6528,2406,2406,1925,0.0329676,4,0.000586073,61501,221,875,407,26364,30439,2398,6060,34580
6941,,TRACKING,7,6000000,6528,651,651,349,0.0333254,3,7.11297e-05,61509,110,907,128,4947,5489,516,5912,13245
6948,OVERLAPPING_LIDAR_INTERVAL previous_synchronized_end_ns=1701245248391304996 current_scan_start_ns=1701245248391026020 current_scan_end_ns=1701245248423661020 overlap_duration_ns=278976 scan_index=1022,TRACKING,7,6000000,6528,651,651,349,0.0333254,3,7.11297e-05,61509,110,907,128,4947,5489,516,5912,13245
6954,,TRACKING,14,6000000,6528,2379,2379,1918,0.0359861,5,0.000114372,61626,224,917,377,34078,39151,2239,5912,43183
6962,,TRACKING,8,6000000,6528,816,816,449,0.0381469,3,5.33698e-05,61637,134,927,144,6447,7187,648,5912,9208
6968,,TRACKING,8,6000000,6528,1802,1802,1294,0.0366796,4,2.80771e-05,61717,124,915,279,20242,23058,1772,5912,26344
6975,OVERLAPPING_LIDAR_INTERVAL previous_synchronized_end_ns=1701245248525144365 current_scan_start_ns=1701245248524738789 current_scan_end_ns=1701245248557373789 overlap_duration_ns=405576 scan_index=1026,TRACKING,8,6000000,6528,1802,1802,1294,0.0366796,4,2.80771e-05,61717,124,915,279,20242,23058,1772,5912,26344
6982,,TRACKING,13,6000000,6528,973,973,585,0.037599,3,3.95331e-05,61732,212,922,171,7747,8682,801,5912,10948
6988,OVERLAPPING_LIDAR_INTERVAL previous_synchronized_end_ns=1701245248591689852 current_scan_start_ns=1701245248591335535 current_scan_end_ns=1701245248623970535 overlap_duration_ns=354317 scan_index=1028,TRACKING,13,6000000,6528,973,973,585,0.037599,3,3.95331e-05,61732,212,922,171,7747,8682,801,5912,10948
6996,,TRACKING,14,6000000,6528,2262,2262,1859,0.0361051,4,0.000502393,61856,215,881,321,23204,27069,2125,5912,30896
7002,,TRACKING,7,6000000,6528,1024,1024,628,0.0386861,4,0.000330896,61880,105,865,171,10776,12041,984,5912,14353
7009,,TRACKING,8,6000000,6528,1665,1665,1096,0.042183,3,0.000321425,61958,123,860,257,14199,15992,1769,5912,19181
7016,,TRACKING,8,6000000,6528,2199,2199,1814,0.0321101,3,0.000645236,62069,131,858,307,17316,20143,2101,5912,23810
7023,,TRACKING,8,6000000,6528,1149,1149,715,0.0422193,3,3.81586e-05,62105,142,932,190,9571,10728,1130,5912,13336
7029,,TRACKING,8,6000000,6528,1582,1582,1063,0.0418196,3,0.000153449,62179,126,926,284,13363,15130,1709,6011,24391
7036,OVERLAPPING_LIDAR_INTERVAL previous_synchronized_end_ns=1701245248825166490 current_scan_start_ns=1701245248824733019 current_scan_end_ns=1701245248857368019 overlap_duration_ns=433471 scan_index=1035,TRACKING,8,6000000,6528,1582,1582,1063,0.0418196,3,0.000153449,62179,126,926,284,13363,15130,1709,6011,24391
7043,,TRACKING,13,6000000,6528,1221,1221,732,0.0451506,3,0.000220432,62222,208,920,218,10394,11524,1105,6011,14151
7050,OVERLAPPING_LIDAR_INTERVAL previous_synchronized_end_ns=1701245248891716268 current_scan_start_ns=1701245248891396523 current_scan_end_ns=1701245248924031523 overlap_duration_ns=319745 scan_index=1037,TRACKING,13,6000000,6528,1221,1221,732,0.0451506,3,0.000220432,62222,208,920,218,10394,11524,1105,6011,14151
7057,,TRACKING,14,6000000,6528,2169,2169,1829,0.0343577,4,0.000194605,62346,225,919,325,23450,27409,2211,6011,31365
7063,,TRACKING,7,6000000,6528,1328,1328,817,0.0461481,3,6.62982e-05,62414,113,914,212,11453,12787,1519,6011,15748
7070,OVERLAPPING_LIDAR_INTERVAL previous_synchronized_end_ns=1701245248991202381 current_scan_start_ns=1701245248990991831 current_scan_end_ns=1701245249023626831 overlap_duration_ns=210550 scan_index=1040,TRACKING,7,6000000,6528,1328,1328,817,0.0461481,3,6.62982e-05,62414,113,914,212,11453,12787,1519,6011,15748
7077,,TRACKING,14,7000000,6528,2107,2107,1717,0.0355516,4,0.000276318,62526,219,921,323,22709,26467,2189,6011,30422
7084,,TRACKING,8,6000000,6528,1385,1385,893,0.0511131,3,0.000359694,62618,133,939,223,11744,13191,1620,6011,16314
7090,,TRACKING,8,6000000,6528,1268,1268,771,0.0456872,3,0.000158709,62678,134,916,300,10518,11789,1139,6011,14449
7097,OVERLAPPING_LIDAR_INTERVAL previous_synchronized_end_ns=1701245249125099685 current_scan_start_ns=1701245249124901295 current_scan_end_ns=1701245249157536295 overlap_duration_ns=198390 scan_index=1044,TRACKING,8,6000000,6528,1268,1268,771,0.0456872,3,0.000158709,62678,134,916,300,10518,11789,1139,6011,14449
7104,,TRACKING,13,6000000,6528,1405,1405,900,0.0473679,4,0.000533199,62756,213,926,210,15660,17600,1525,6011,20629
7111,OVERLAPPING_LIDAR_INTERVAL previous_synchronized_end_ns=1701245249191692856 current_scan_start_ns=1701245249191342354 current_scan_end_ns=1701245249223977354 overlap_duration_ns=350502 scan_index=1046,TRACKING,13,6000000,6528,1405,1405,900,0.0473679,4,0.000533199,62756,213,926,210,15660,17600,1525,6011,20629
7118,,TRACKING,14,6000000,6528,2209,2209,1811,0.0400022,4,0.000175121,62906,225,898,329,23969,27922,2102,6011,31764
7124,,TRACKING,8,6000000,6528,1546,1546,1039,0.0466575,3,0.000240976,62993,129,916,246,13411,15098,1950,6011,18602
7131,,TRACKING,8,6000000,6528,1068,1068,599,0.0456035,2,0.000396001,63037,130,924,207,6039,6696,950,6437,15492
7138,,TRACKING,7,6000000,6528,2282,2282,1876,0.040206,3,0.000566808,63228,114,920,361,18942,21981,3014,6437,26649
7145,,TRACKING,8,6000000,6528,1664,1664,1098,0.0459645,3,5.37377e-05,63329,130,1020,298,14804,16640,2007,6437,20371
7152,,TRACKING,8,6000000,6528,1058,1058,626,0.0428796,3,1.60331e-06,63363,127,897,176,8456,9446,934,6437,11721
7158,OVERLAPPING_LIDAR_INTERVAL previous_synchronized_end_ns=1701245249425136593 current_scan_start_ns=1701245249424798012 current_scan_end_ns=1701245249457433012 overlap_duration_ns=338581 scan_index=1053,TRACKING,8,6000000,6528,1058,1058,626,0.0428796,3,1.60331e-06,63363,127,897,176,8456,9446,934,6437,11721
7165,,TRACKING,14,6000000,6528,1792,1792,1182,0.0464817,3,0.000958028,63485,218,906,312,15641,17556,2023,6437,21281
7172,OVERLAPPING_LIDAR_INTERVAL previous_synchronized_end_ns=1701245249491819170 current_scan_start_ns=1701245249491353512 current_scan_end_ns=1701245249523988512 overlap_duration_ns=465658 scan_index=1055,TRACKING,14,6000000,6528,1792,1792,1182,0.0464817,3,0.000958028,63485,218,906,312,15641,17556,2023,6437,21281
7179,,TRACKING,13,6000000,6528,2629,2629,2162,0.0411484,3,0.000893198,63723,211,888,380,21232,24547,2782,6437,29124
7186,,TRACKING,8,6000000,6528,1887,1887,1327,0.0476795,3,0.000186846,63868,143,911,297,16604,18736,2105,6437,22509
7192,OVERLAPPING_LIDAR_INTERVAL previous_synchronized_end_ns=1701245249591200617 current_scan_start_ns=1701245249590984344 current_scan_end_ns=1701245249623619344 overlap_duration_ns=216273 scan_index=1058,TRACKING,8,6000000,6528,1887,1887,1327,0.0476795,3,0.000186846,63868,143,911,297,16604,18736,2105,6437,22509
7199,,TRACKING,13,6000000,6528,2929,2929,2461,0.0442454,3,0.000241949,64254,204,909,465,24543,28426,3583,6437,34130
7206,,TRACKING,8,6000000,6528,1986,1986,1365,0.046881,3,0.000581879,64422,130,947,329,19214,21661,2738,6437,26209
7213,,TRACKING,8,6000000,6528,785,785,458,0.0491029,3,0.000105491,64449,151,1091,197,6738,7550,701,6437,9897
7219,OVERLAPPING_LIDAR_INTERVAL previous_synchronized_end_ns=1701245249725127962 current_scan_start_ns=1701245249724986792 current_scan_end_ns=1701245249757621792 overlap_duration_ns=141170 scan_index=1062,TRACKING,8,6000000,6528,785,785,458,0.0491029,3,0.000105491,64449,151,1091,197,6738,7550,701,6437,9897
7226,,TRACKING,14,6000000,6528,2096,2096,1482,0.0421324,4,0.000168112,64623,249,1047,363,26947,30411,2797,7854,42975
7233,OVERLAPPING_LIDAR_INTERVAL previous_synchronized_end_ns=1701245249791692522 current_scan_start_ns=1701245249791335583 current_scan_end_ns=1701245249823970583 overlap_duration_ns=356939 scan_index=1064,TRACKING,14,6000000,6528,2096,2096,1482,0.0421324,4,0.000168112,64623,249,1047,363,26947,30411,2797,7854,42975
7240,,TRACKING,13,6000000,6528,3305,3305,2750,0.043327,4,0.000577182,65333,234,1032,519,37315,43655,4857,7854,50759
7247,,TRACKING,8,6000000,6528,2355,2355,1735,0.0434037,3,0.000481464,65556,141,940,421,22227,25249,3405,7854,30682
7253,OVERLAPPING_LIDAR_INTERVAL previous_synchronized_end_ns=1701245249891196277 current_scan_start_ns=1701245249891019344 current_scan_end_ns=1701245249923654344 overlap_duration_ns=176933 scan_index=1067,TRACKING,8,6000000,6528,2355,2355,1735,0.0434037,3,0.000481464,65556,141,940,421,22227,25249,3405,7854,30682
7260,,TRACKING,13,6000000,6528,3142,3142,2608,0.0432349,4,0.000228888,66125,228,996,456,38261,44360,4968,7854,51522
7267,,TRACKING,8,6000000,6528,2454,2454,1817,0.0464756,3,0.000127023,66437,127,907,361,22806,25850,3643,7854,31260
7274,,TRACKING,8,6000000,6528,478,478,238,0.0469255,3,3.59099e-07,66453,148,1018,144,3905,4319,374,7854,6234
7280,OVERLAPPING_LIDAR_INTERVAL previous_synchronized_end_ns=1701245250025119093 current_scan_start_ns=1701245250024771929 current_scan_end_ns=1701245250057406929 overlap_duration_ns=347164 scan_index=1071,TRACKING,8,6000000,6528,478,478,238,0.0469255,3,3.59099e-07,66453,148,1018,144,3905,4319,374,7854,6234
7287,,TRACKING,14,6000000,6528,2549,2549,1974,0.0447895,4,0.000101122,66800,258,1047,376,31056,35488,3677,7854,41204
7294,OVERLAPPING_LIDAR_INTERVAL previous_synchronized_end_ns=1701245250091650274 current_scan_start_ns=1701245250091346502 current_scan_end_ns=1701245250123981502 overlap_duration_ns=303772 scan_index=1073,TRACKING,14,6000000,6528,2549,2549,1974,0.0447895,4,0.000101122,66800,258,1047,376,31056,35488,3677,7854,41204
7301,,TRACKING,13,6000000,6528,2962,2962,2391,0.042769,4,0.00016235,67196,214,907,479,31483,36235,3446,7854,41684
7308,,TRACKING,8,6000000,6528,2821,2821,2250,0.0435441,3,0.000318695,67567,127,887,385,23138,26650,3274,7854,31825
7314,OVERLAPPING_LIDAR_INTERVAL previous_synchronized_end_ns=1701245250191206959 current_scan_start_ns=1701245250191033363 current_scan_end_ns=1701245250223668363 overlap_duration_ns=173596 scan_index=1076,TRACKING,8,6000000,6528,2821,2821,2250,0.0435441,3,0.000318695,67567,127,887,385,23138,26650,3274,7854,31825
7321,,TRACKING,14,6000000,6528,2874,2874,2291,0.044742,4,0.000179728,67931,216,918,414,31784,36555,3501,7854,42008
7328,,TRACKING,7,6000000,6528,2947,2947,2295,0.041582,3,0.00033014,68253,111,897,404,23790,27273,3637,7170,39903
7335,,TRACKING,8,6000000,6528,340,340,180,0.0534887,3,1.09946e-07,68271,130,913,96,2491,2801,252,7170,4411
7341,OVERLAPPING_LIDAR_INTERVAL previous_synchronized_end_ns=1701245250325082805 current_scan_start_ns=1701245250324882984 current_scan_end_ns=1701245250357517984 overlap_duration_ns=199821 scan_index=1080,TRACKING,8,6000000,6528,340,340,180,0.0534887,3,1.09946e-07,68271,130,913,96,2491,2801,252,7170,4411
7348,,TRACKING,14,6000000,6528,3101,3101,2493,0.0413955,4,0.000148493,68614,223,901,447,33728,39340,3740,7170,44975
7355,OVERLAPPING_LIDAR_INTERVAL previous_synchronized_end_ns=1701245250391652611 current_scan_start_ns=1701245250391338587 current_scan_end_ns=1701245250423973587 overlap_duration_ns=314024 scan_index=1082,TRACKING,14,6000000,6528,3101,3101,2493,0.0413955,4,0.000148493,68614,223,901,447,33728,39340,3740,7170,44975
7362,,TRACKING,13,6000000,6528,2506,2506,1926,0.0446989,4,0.00016356,68903,217,912,366,28025,32024,3739,7170,37650
7369,,TRACKING,8,6000000,6528,3121,3121,2539,0.0384046,4,4.03075e-05,69232,124,894,435,33917,39112,3543,7170,44553
7375,OVERLAPPING_LIDAR_INTERVAL previous_synchronized_end_ns=1701245250491201904 current_scan_start_ns=1701245250490971327 current_scan_end_ns=1701245250523606327 overlap_duration_ns=230577 scan_index=1085,TRACKING,8,6000000,6528,3121,3121,2539,0.0384046,4,4.03075e-05,69232,124,894,435,33917,39112,3543,7170,44553
7382,,TRACKING,14,6000000,6528,2367,2367,1757,0.0449423,3,0.000168443,69467,224,905,357,20331,23148,2777,7170,27812
7389,,TRACKING,7,6000000,6528,3115,3115,2510,0.040043,3,0.000353157,69801,106,855,407,25531,29438,4199,7170,35443
7396,,TRACKING,8,6000000,6528,423,423,241,0.0404614,3,1.34294e-07,69817,129,915,104,3219,3604,314,7170,5314
7403,OVERLAPPING_LIDAR_INTERVAL previous_synchronized_end_ns=1701245250625129488 current_scan_start_ns=1701245250624810219 current_scan_end_ns=1701245250657445219 overlap_duration_ns=319269 scan_index=1089,TRACKING,8,6000000,6528,423,423,241,0.0404614,3,1.34294e-07,69817,129,915,104,3219,3604,314,7170,5314
7409,,TRACKING,14,6000000,6528,3071,3071,2565,0.0385818,3,0.000389482,70117,223,921,616,24810,29101,3731,7170,34907
7416,OVERLAPPING_LIDAR_INTERVAL previous_synchronized_end_ns=1701245250691692856 current_scan_start_ns=1701245250691330910 current_scan_end_ns=1701245250723965910 overlap_duration_ns=361946 scan_index=1091,TRACKING,14,6000000,6528,3071,3071,2565,0.0385818,3,0.000389482,70117,223,921,616,24810,29101,3731,7170,34907
7423,,TRACKING,13,6000000,6528,2139,2139,1522,0.0439906,4,0.000309051,70342,198,869,310,25285,28738,2794,7170,33380
7430,,TRACKING,8,6000000,6528,3150,3150,2660,0.0373768,4,0.000203934,70633,134,951,435,36104,42074,4146,7709,55911
7437,,TRACKING,8,6000000,6528,540,540,299,0.0469172,3,0.000177132,70657,138,1003,136,4606,5110,457,7709,7452
7443,,TRACKING,8,6000000,6528,1901,1901,1283,0.0427912,3,0.000208368,70806,131,965,296,17509,19783,2585,7709,23982
7450,,TRACKING,7,6000000,6528,3084,3084,2588,0.0400298,4,0.000103788,71154,125,989,447,34225,40065,3350,7709,45364
7457,,TRACKING,8,6000000,6528,581,581,323,0.0402359,3,3.79812e-07,71177,131,849,114,4278,4755,503,7709,6589
7464,OVERLAPPING_LIDAR_INTERVAL previous_synchronized_end_ns=1701245250925116565 current_scan_start_ns=1701245250924725056 current_scan_end_ns=1701245250957360056 overlap_duration_ns=391509 scan_index=1098,TRACKING,8,6000000,6528,581,581,323,0.0402359,3,3.79812e-07,71177,131,849,114,4278,4755,503,7709,6589
7471,,TRACKING,14,6000000,6528,3203,3203,2704,0.0377281,3,0.000514226,71515,209,878,467,25543,29620,3845,7709,35480
7477,OVERLAPPING_LIDAR_INTERVAL previous_synchronized_end_ns=1701245250991642978 current_scan_start_ns=1701245250991322279 current_scan_end_ns=1701245251023957279 overlap_duration_ns=320699 scan_index=1100,TRACKING,14,6000000,6528,3203,3203,2704,0.0377281,3,0.000514226,71515,209,878,467,25543,29620,3845,7709,35480
7484,,TRACKING,13,6000000,6528,1539,1539,983,0.0498995,3,0.000221019,71654,206,863,232,12799,14328,1695,7709,17657
7491,,TRACKING,8,6000000,6528,3295,3295,2859,0.0375295,3,0.000154103,72037,122,870,487,26041,30468,4659,7709,37053
7497,OVERLAPPING_LIDAR_INTERVAL previous_synchronized_end_ns=1701245251091177490 current_scan_start_ns=1701245251091001987 current_scan_end_ns=1701245251123636987 overlap_duration_ns=175503 scan_index=1103,TRACKING,8,6000000,6528,3295,3295,2859,0.0375295,3,0.000154103,72037,122,870,487,26041,30468,4659,7709,37053
7504,,TRACKING,14,7000000,6528,1412,1412,902,0.0469721,3,0.000368208,72134,223,919,219,11815,13247,2794,7709,17748
7511,,TRACKING,7,6000000,6528,3392,3392,2950,0.0388171,3,0.00056796,72607,115,852,466,27926,32638,3636,7709,38124
7518,,TRACKING,8,6000000,6528,788,788,461,0.0517186,3,4.27552e-05,72637,120,869,151,6000,6698,691,6809,15655
7525,OVERLAPPING_LIDAR_INTERVAL previous_synchronized_end_ns=1701245251225122001 current_scan_start_ns=1701245251224686146 current_scan_end_ns=1701245251257321146 overlap_duration_ns=435855 scan_index=1107,TRACKING,8,6000000,6528,788,788,461,0.0517186,3,4.27552e-05,72637,120,869,151,6000,6698,691,6809,15655
7532,,TRACKING,14,6000000,6528,3412,3412,2906,0.0404372,4,0.000275129,73078,232,927,501,36632,43302,3685,6809,49019
7538,OVERLAPPING_LIDAR_INTERVAL previous_synchronized_end_ns=1701245251291622904 current_scan_start_ns=1701245251291342735 current_scan_end_ns=1701245251323977735 overlap_duration_ns=280169 scan_index=1109,TRACKING,14,6000000,6528,3412,3412,2906,0.0404372,4,0.000275129,73078,232,927,501,36632,43302,3685,6809,49019
7545,,TRACKING,13,6000000,6528,1115,1115,696,0.0437836,3,0.000104587,73135,219,924,198,9368,10514,1039,6809,13205
7552,,TRACKING,8,6000000,6528,3478,3478,3029,0.0403068,4,5.07648e-05,73622,121,855,444,36142,42801,3969,6809,48594
7559,OVERLAPPING_LIDAR_INTERVAL previous_synchronized_end_ns=1701245251391217258 current_scan_start_ns=1701245251391000032 current_scan_end_ns=1701245251423635032 overlap_duration_ns=217226 scan_index=1112,TRACKING,8,6000000,6528,3478,3478,3029,0.0403068,4,5.07648e-05,73622,121,855,444,36142,42801,3969,6809,48594
7566,,TRACKING,14,6000000,6528,993,993,602,0.0537272,3,0.000212783,73690,227,923,197,8016,9035,898,6809,11863
7572,,TRACKING,8,6000000,6528,3280,3280,2828,0.0409658,4,0.00014624,74185,131,897,448,34890,41255,4444,6809,47541
7579,,TRACKING,8,6000000,6528,1151,1151,715,0.0439448,3,0.000111901,74237,125,883,317,9328,10465,1117,6809,13174
7586,OVERLAPPING_LIDAR_INTERVAL previous_synchronized_end_ns=1701245251525126245 current_scan_start_ns=1701245251524725437 current_scan_end_ns=1701245251557360437 overlap_duration_ns=400808 scan_index=1116,TRACKING,8,6000000,6528,1151,1151,715,0.0439448,3,0.000111901,74237,125,883,317,9328,10465,1117,6809,13174
7593,,TRACKING,13,6000000,6528,3385,3385,2935,0.0423486,3,0.000315486,74729,218,920,438,27077,31933,4115,6809,38154
7599,OVERLAPPING_LIDAR_INTERVAL previous_synchronized_end_ns=1701245251591656950 current_scan_start_ns=1701245251591320276 current_scan_end_ns=1701245251623955276 overlap_duration_ns=336674 scan_index=1118,TRACKING,13,6000000,6528,3385,3385,2935,0.0423486,3,0.000315486,74729,218,920,438,27077,31933,4115,6809,38154
7606,,TRACKING,14,6000000,6528,713,713,411,0.0423649,3,0.000497792,74759,227,873,130,5394,6037,631,6809,8181
7613,,TRACKING,7,6000000,6528,3263,3263,2794,0.0420079,3,0.000351715,75234,112,926,433,25938,30376,3683,6809,35884
7620,,TRACKING,8,6000000,6528,1399,1399,883,0.0464139,3,0.000246042,75321,150,977,222,12098,13590,1448,7287,24015
7627,OVERLAPPING_LIDAR_INTERVAL previous_synchronized_end_ns=1701245251724988725 current_scan_start_ns=1701245251724738598 current_scan_end_ns=1701245251757373598 overlap_duration_ns=250127 scan_index=1122,TRACKING,8,6000000,6528,1399,1399,883,0.0464139,3,0.000246042,75321,150,977,222,12098,13590,1448,7287,24015
7633,,TRACKING,14,6000000,6528,3302,3302,2792,0.044268,4,0.000140284,75793,227,930,445,35195,41402,3844,7287,47218
7640,,TRACKING,8,6000000,6528,1451,1451,927,0.0449015,3,0.000215905,75876,131,917,230,12347,13904,1574,7287,17089
7647,OVERLAPPING_LIDAR_INTERVAL previous_synchronized_end_ns=1701245251825099495 current_scan_start_ns=1701245251824902058 current_scan_end_ns=1701245251857537058 overlap_duration_ns=197437 scan_index=1125,TRACKING,8,6000000,6528,1451,1451,927,0.0449015,3,0.000215905,75876,131,917,230,12347,13904,1574,7287,17089
7654,,TRACKING,13,6000000,6528,3017,3017,2498,0.0431532,3,0.000388051,76275,200,907,413,25058,29047,3552,7287,34549
7660,OVERLAPPING_LIDAR_INTERVAL previous_synchronized_end_ns=1701245251891674783 current_scan_start_ns=1701245251891322851 current_scan_end_ns=1701245251923957851 overlap_duration_ns=351932 scan_index=1127,TRACKING,13,6000000,6528,3017,3017,2498,0.0431532,3,0.000388051,76275,200,907,413,25058,29047,3552,7287,34549
7667,,TRACKING,14,6000000,6528,441,441,253,0.0456493,3,0.000111625,76296,226,920,110,3226,3628,328,7287,5427
7674,,TRACKING,7,6000000,6528,2832,2832,2282,0.0402305,3,0.000395836,76606,110,927,378,23522,27144,3002,7287,31861
7681,OVERLAPPING_LIDAR_INTERVAL previous_synchronized_end_ns=1701245251991191652 current_scan_start_ns=1701245251991057873 current_scan_end_ns=1701245252023692873 overlap_duration_ns=133779 scan_index=1130,TRACKING,7,6000000,6528,2832,2832,2282,0.0402305,3,0.000395836,76606,110,927,378,23522,27144,3002,7287,31861
7688,,TRACKING,14,6000000,6528,351,351,200,0.0464003,3,7.15676e-05,76619,228,887,104,2446,2775,258,7287,4451
7695,,TRACKING,8,6000000,6528,2724,2724,2215,0.0432535,4,0.000406158,76915,125,920,444,30100,34740,3058,7287,39571
7702,,TRACKING,8,6000000,6528,1789,1789,1243,0.0459914,3,0.000169713,77073,135,953,253,15079,17112,2002,7287,20742
7708,OVERLAPPING_LIDAR_INTERVAL previous_synchronized_end_ns=1701245252125083950 current_scan_start_ns=1701245252124790192 current_scan_end_ns=1701245252157425192 overlap_duration_ns=293758 scan_index=1134,TRACKING,8,6000000,6528,1789,1789,1243,0.0459914,3,0.000169713,77073,135,953,253,15079,17112,2002,7287,20742
7715,,TRACKING,13,6000000,6528,2489,2489,1956,0.0410913,4,0.000112819,77324,208,878,354,27285,31381,2993,7287,36137
7722,OVERLAPPING_LIDAR_INTERVAL previous_synchronized_end_ns=1701245252191711214 current_scan_start_ns=1701245252191324949 current_scan_end_ns=1701245252223959949 overlap_duration_ns=386265 scan_index=1136,TRACKING,13,6000000,6528,2489,2489,1956,0.0410913,4,0.000112819,77324,208,878,354,27285,31381,2993,7287,36137
7729,,TRACKING,14,6000000,6528,363,363,215,0.0489284,3,2.38214e-05,77345,227,881,93,2543,2889,265,7783,12294
7735,,TRACKING,8,6000000,6528,2419,2419,1890,0.0450675,5,0.000128427,77606,132,974,387,33370,38653,2701,7783,43106
7742,,TRACKING,7,6000000,6528,2152,2152,1581,0.0432851,3,0.000309632,77777,119,879,301,18199,20649,2414,7783,24696
7749,,TRACKING,8,6000000,6528,348,348,215,0.0461947,3,2.4987e-05,77795,133,857,94,2408,2751,250,7783,4244
7756,,TRACKING,8,6000000,6528,2328,2328,1776,0.0437049,3,0.000135572,78020,122,895,375,19579,22453,2577,7783,26661
7763,,TRACKING,8,6000000,6528,2149,2149,1560,0.0455174,3,0.000343097,78214,132,883,325,18300,20794,2453,7783,24929
7769,OVERLAPPING_LIDAR_INTERVAL previous_synchronized_end_ns=1701245252425175216 current_scan_start_ns=1701245252424726248 current_scan_end_ns=1701245252457361248 overlap_duration_ns=448968 scan_index=1143,TRACKING,8,6000000,6528,2149,2149,1560,0.0455174,3,0.000343097,78214,132,883,325,18300,20794,2453,7783,24929
7776,,TRACKING,13,6000000,6528,2371,2371,1813,0.0428428,3,0.000553271,78400,212,942,338,19374,22268,2607,7783,26706
7783,OVERLAPPING_LIDAR_INTERVAL previous_synchronized_end_ns=1701245252491448667 current_scan_start_ns=1701245252491332769 current_scan_end_ns=1701245252523967769 overlap_duration_ns=115898 scan_index=1145,TRACKING,13,6000000,6528,2371,2371,1813,0.0428428,3,0.000553271,78400,212,942,338,19374,22268,2607,7783,26706
7790,,TRACKING,14,6000000,6528,373,373,199,0.0476074,3,7.09789e-08,78438,214,881,93,2521,2847,280,7783,4475
7796,,TRACKING,8,7000000,6528,2275,2275,1666,0.0421288,4,0.000392924,78594,120,913,365,25338,28904,2803,7783,33359
7803,OVERLAPPING_LIDAR_INTERVAL previous_synchronized_end_ns=1701245252591310766 current_scan_start_ns=1701245252591027737 current_scan_end_ns=1701245252623662737 overlap_duration_ns=283029 scan_index=1148,TRACKING,8,7000000,6528,2275,2275,1666,0.0421288,4,0.000392924,78594,120,913,365,25338,28904,2803,7783,33359
7810,,TRACKING,13,7000000,6528,392,392,230,0.0635828,3,5.58159e-05,78626,210,929,107,2760,3132,345,7783,4936
7817,,TRACKING,8,6000000,6528,2265,2265,1674,0.0449377,3,0.000383098,78812,124,977,343,19315,22024,2441,7638,33776
7824,,TRACKING,8,6000000,6528,2371,2371,1834,0.0421794,3,0.000315075,79041,123,917,347,19603,22491,2487,7638,26725
7830,OVERLAPPING_LIDAR_INTERVAL previous_synchronized_end_ns=1701245252725096252 current_scan_start_ns=1701245252724870920 current_scan_end_ns=1701245252757505920 overlap_duration_ns=225332 scan_index=1152,TRACKING,8,6000000,6528,2371,2371,1834,0.0421794,3,0.000315075,79041,123,917,347,19603,22491,2487,7638,26725
7837,,TRACKING,14,6000000,6528,2200,2200,1619,0.0481493,3,0.00018646,79218,224,923,337,18592,21181,2402,7638,25396
7844,OVERLAPPING_LIDAR_INTERVAL previous_synchronized_end_ns=1701245252791641023 current_scan_start_ns=1701245252791316509 current_scan_end_ns=1701245252823951509 overlap_duration_ns=324514 scan_index=1154,TRACKING,14,6000000,6528,2200,2200,1619,0.0481493,3,0.00018646,79218,224,923,337,18592,21181,2402,7638,25396
7851,,TRACKING,13,6000000,6528,517,517,315,0.0635036,3,0.000114841,79276,210,924,114,3958,4444,604,7638,6449
7857,,TRACKING,8,6000000,6528,1994,1994,1454,0.0463541,3,0.000697533,79436,125,918,321,16972,19242,2136,7638,22954
7864,,TRACKING,8,6000000,6528,2418,2418,1938,0.0399435,4,8.60742e-05,79640,127,916,346,26527,30929,2820,7638,35483
7871,,TRACKING,7,6000000,6528,554,554,336,0.0583203,3,9.47127e-05,79688,121,931,142,4431,4983,578,7638,6979
7879,,TRACKING,9,6000000,6528,1874,1874,1354,0.0459111,3,0.000839897,79865,144,931,294,16069,18242,2561,7638,22365
7886,,TRACKING,8,5000000,6528,2484,2484,2005,0.0384939,4,5.50618e-05,80055,127,885,353,26531,30792,2565,7638,35042
7894,OVERLAPPING_LIDAR_INTERVAL previous_synchronized_end_ns=1701245253025103834 current_scan_start_ns=1701245253024717093 current_scan_end_ns=1701245253057352093 overlap_duration_ns=386741 scan_index=1161,TRACKING,8,5000000,6528,2484,2484,2005,0.0384939,4,5.50618e-05,80055,127,885,353,26531,30792,2565,7638,35042
7902,,TRACKING,16,5000000,6528,1838,1838,1323,0.0463663,3,0.000549392,80207,254,896,296,15546,17687,2171,7638,21609
7909,OVERLAPPING_LIDAR_INTERVAL previous_synchronized_end_ns=1701245253091613081 current_scan_start_ns=1701245253091357708 current_scan_end_ns=1701245253123992708 overlap_duration_ns=255373 scan_index=1163,TRACKING,16,5000000,6528,1838,1838,1323,0.0463663,3,0.000549392,80207,254,896,296,15546,17687,2171,7638,21609
7917,,TRACKING,15,5000000,6528,597,597,361,0.0526381,3,0.000333769,80259,239,872,144,4545,5088,577,8378,15438
7925,,TRACKING,9,5000000,6528,1654,1654,1169,0.0467159,3,0.000134567,80421,141,895,296,14520,16392,1828,8378,19745
7932,OVERLAPPING_LIDAR_INTERVAL previous_synchronized_end_ns=1701245253191200998 current_scan_start_ns=1701245253190988302 current_scan_end_ns=1701245253223623302 overlap_duration_ns=212696 scan_index=1166,TRACKING,9,5000000,6528,1654,1654,1169,0.0467159,3,0.000134567,80421,141,895,296,14520,16392,1828,8378,19745
7940,,TRACKING,15,5000000,6528,690,690,412,0.0499668,3,2.05658e-05,80481,241,885,172,5207,5822,690,8378,7961
7948,,TRACKING,9,5000000,6528,1519,1519,1066,0.0491759,3,0.000428005,80624,143,915,248,12735,14459,1716,8378,17640
7955,,TRACKING,9,5000000,6528,2591,2591,2141,0.0402506,4,0.000347825,80826,142,902,363,27809,32777,2699,8378,37187
7963,OVERLAPPING_LIDAR_INTERVAL previous_synchronized_end_ns=1701245253325078037 current_scan_start_ns=1701245253324723244 current_scan_end_ns=1701245253357358244 overlap_duration_ns=354793 scan_index=1170,TRACKING,9,5000000,6528,2591,2591,2141,0.0402506,4,0.000347825,80826,142,902,363,27809,32777,2699,8378,37187
7971,,TRACKING,15,5000000,6528,1457,1457,1029,0.0504659,4,0.000183073,80957,238,914,257,15869,18036,1678,8378,21373
7978,OVERLAPPING_LIDAR_INTERVAL previous_synchronized_end_ns=1701245253391663816 current_scan_start_ns=1701245253391325474 current_scan_end_ns=1701245253423960474 overlap_duration_ns=338342 scan_index=1172,TRACKING,15,5000000,6528,1457,1457,1029,0.0504659,4,0.000183073,80957,238,914,257,15869,18036,1678,8378,21373
7986,,TRACKING,15,5000000,6528,921,921,587,0.0547276,3,0.000127032,81044,231,903,174,7896,8863,1316,8378,11625
7993,,TRACKING,8,6000000,6528,1360,1360,949,0.0500896,3,0.000268751,81170,125,890,244,11017,12522,1521,8378,15480
8000,,TRACKING,8,6000000,6528,2583,2583,2161,0.0356705,4,2.102e-05,81345,125,886,379,27291,31993,2701,8378,36458
8006,,TRACKING,8,6000000,6528,1063,1063,674,0.0479511,3,0.000271809,81442,135,887,182,8490,9551,1126,8378,12064
8013,,TRACKING,7,6000000,6528,1231,1231,808,0.0507299,3,9.45592e-05,81539,108,896,205,10003,11322,1432,8756,22870
8019,,TRACKING,8,6000000,6528,2576,2576,2086,0.0368556,3,0.000199923,81710,156,1045,426,20377,24046,2532,8756,28478
8026,OVERLAPPING_LIDAR_INTERVAL previous_synchronized_end_ns=1701245253625128534 current_scan_start_ns=1701245253624878168 current_scan_end_ns=1701245253657513168 overlap_duration_ns=250366 scan_index=1179,TRACKING,8,6000000,6528,2576,2576,2086,0.0368556,3,0.000199923,81710,156,1045,426,20377,24046,2532,8756,28478
8032,,TRACKING,13,7000000,6528,1155,1155,788,0.0453285,3,0.000423264,81810,212,872,195,9460,10696,1295,8756,13488
8039,OVERLAPPING_LIDAR_INTERVAL previous_synchronized_end_ns=1701245253691820171 current_scan_start_ns=1701245253691350222 current_scan_end_ns=1701245253723985222 overlap_duration_ns=469949 scan_index=1181,TRACKING,13,7000000,6528,1155,1155,788,0.0453285,3,0.000423264,81810,212,872,195,9460,10696,1295,8756,13488
8045,,TRACKING,13,6000000,6528,1286,1286,880,0.0497191,3,0.000304777,81932,196,879,168,11032,12443,1212,8756,15084
8052,,TRACKING,7,6000000,6528,1053,1053,692,0.0483326,3,0.000150881,82017,106,903,192,8189,9261,1048,8756,11662
8058,OVERLAPPING_LIDAR_INTERVAL previous_synchronized_end_ns=1701245253791165855 current_scan_start_ns=1701245253790998220 current_scan_end_ns=1701245253823633220 overlap_duration_ns=167635 scan_index=1184,TRACKING,7,6000000,6528,1053,1053,692,0.0483326,3,0.000150881,82017,106,903,192,8189,9261,1048,8756,11662
8065,,TRACKING,13,6000000,6528,1396,1396,951,0.0452625,4,0.000146234,82118,205,926,251,15023,17072,1546,8756,20193
8072,,TRACKING,8,6000000,6528,925,925,573,0.0465762,3,0.000194808,82193,129,912,166,7238,8207,951,8756,10507
8078,,TRACKING,8,6000000,6528,2664,2664,2174,0.0386029,4,0.000265226,82373,128,919,379,29081,33971,2645,8756,38337
8085,OVERLAPPING_LIDAR_INTERVAL previous_synchronized_end_ns=1701245253925088671 current_scan_start_ns=1701245253924720764 current_scan_end_ns=1701245253957355764 overlap_duration_ns=367907 scan_index=1188,TRACKING,8,6000000,6528,2664,2664,2174,0.0386029,4,0.000265226,82373,128,919,379,29081,33971,2645,8756,38337
8091,,TRACKING,13,6000000,6528,808,808,506,0.0439429,3,0.000148142,82417,211,924,158,6149,6969,779,8756,9248
8098,OVERLAPPING_LIDAR_INTERVAL previous_synchronized_end_ns=1701245253991439369 current_scan_start_ns=1701245253991310835 current_scan_end_ns=1701245254023945835 overlap_duration_ns=128534 scan_index=1190,TRACKING,13,6000000,6528,808,808,506,0.0439429,3,0.000148142,82417,211,924,158,6149,6969,779,8756,9248
8104,,TRACKING,13,7000000,6528,1522,1522,1039,0.0445028,3,0.000253833,82536,210,912,255,12854,14531,1593,8756,17697
8111,,TRACKING,7,6000000,6528,694,694,408,0.0406769,3,6.30553e-05,82560,110,897,136,5238,5901,553,8175,15889
8117,,TRACKING,8,6000000,6528,2622,2622,2154,0.0395698,4,0.000384594,82744,132,942,384,29191,34178,2711,8175,38661
8124,,TRACKING,7,6000000,6528,1689,1689,1182,0.0393455,3,1.25768e-05,82857,110,909,247,14776,16740,1911,8175,20205
8130,,TRACKING,8,6000000,6528,652,652,394,0.0448524,3,1.26365e-06,82891,132,934,137,4903,5509,559,8175,7400
8137,,TRACKING,7,6000000,6528,2576,2576,2038,0.0399519,4,0.000181758,83070,110,915,365,28714,33050,2690,8175,37404
8143,OVERLAPPING_LIDAR_INTERVAL previous_synchronized_end_ns=1701245254225078371 current_scan_start_ns=1701245254224720478 current_scan_end_ns=1701245254257355478 overlap_duration_ns=357893 scan_index=1197,TRACKING,7,6000000,6528,2576,2576,2038,0.0399519,4,0.000181758,83070,110,915,365,28714,33050,2690,8175,37404
8150,,TRACKING,14,6000000,6528,662,662,384,0.0462849,2,0.000164564,83095,222,915,164,3627,4020,540,8175,6064
8156,OVERLAPPING_LIDAR_INTERVAL previous_synchronized_end_ns=1701245254291641262 current_scan_start_ns=1701245254291323900 current_scan_end_ns=1701245254323958900 overlap_duration_ns=317362 scan_index=1199,TRACKING,14,6000000,6528,662,662,384,0.0462849,2,0.000164564,83095,222,915,164,3627,4020,540,8175,6064
8163,,TRACKING,13,6000000,6528,1941,1941,1304,0.0458771,3,0.000287948,83222,207,926,285,16614,18745,2465,8175,22851
8170,,TRACKING,7,6000000,6528,528,528,301,0.0390664,3,3.17383e-05,83235,110,906,155,3938,4389,344,8175,6087
8176,OVERLAPPING_LIDAR_INTERVAL previous_synchronized_end_ns=1701245254391158846 current_scan_start_ns=1701245254390986681 current_scan_end_ns=1701245254423621681 overlap_duration_ns=172165 scan_index=1202,TRACKING,7,6000000,6528,528,528,301,0.0390664,3,3.17383e-05,83235,110,906,155,3938,4389,344,8175,6087
8183,,TRACKING,13,6000000,6528,2043,2043,1455,0.0446007,4,3.69948e-05,83374,201,903,307,23586,26706,2282,8175,30723
8189,,TRACKING,8,7000000,6528,537,537,286,0.0430538,3,0.000243981,83392,121,872,114,3953,4386,388,8175,6015
8196,,TRACKING,7,6000000,6528,2536,2536,1998,0.0390169,3,0.000733953,83586,109,915,364,21079,24221,2816,8325,37023
8202,OVERLAPPING_LIDAR_INTERVAL previous_synchronized_end_ns=1701245254525085476 current_scan_start_ns=1701245254524703979 current_scan_end_ns=1701245254557338979 overlap_duration_ns=381497 scan_index=1206,TRACKING,7,6000000,6528,2536,2536,1998,0.0390169,3,0.000733953,83586,109,915,364,21079,24221,2816,8325,37023
8209,,TRACKING,13,6000000,6528,484,484,255,0.04318,3,3.33297e-05,83603,227,1014,131,3825,4255,365,8325,6203
8215,OVERLAPPING_LIDAR_INTERVAL previous_synchronized_end_ns=1701245254591635015 current_scan_start_ns=1701245254591339827 current_scan_end_ns=1701245254623974827 overlap_duration_ns=295188 scan_index=1208,TRACKING,13,6000000,6528,484,484,255,0.04318,3,3.33297e-05,83603,227,1014,131,3825,4255,365,8325,6203
8222,,TRACKING,13,6000000,6528,2291,2291,1650,0.0407419,3,0.000772352,83774,224,1000,361,20405,23084,2651,8325,27575
8229,,TRACKING,8,6000000,6528,376,376,196,0.0416624,3,0.000111841,83783,122,880,111,2678,3003,230,8325,4539
8235,OVERLAPPING_LIDAR_INTERVAL previous_synchronized_end_ns=1701245254691162374 current_scan_start_ns=1701245254690943003 current_scan_end_ns=1701245254723578003 overlap_duration_ns=219371 scan_index=1211,TRACKING,8,6000000,6528,376,376,196,0.0416624,3,0.000111841,83783,122,880,111,2678,3003,230,8325,4539
8242,,TRACKING,13,6000000,6528,2439,2439,1785,0.042469,4,7.38841e-05,83962,196,893,347,27676,31582,2751,8325,36009
8248,,TRACKING,8,6000000,6528,320,320,177,0.0399384,2,0.000109805,83967,128,926,90,1566,1776,199,8325,3281
8255,,TRACKING,7,6000000,6528,2607,2607,1976,0.0416297,3,0.000105622,84166,110,930,399,22103,25423,3400,8325,30529
8261,OVERLAPPING_LIDAR_INTERVAL previous_synchronized_end_ns=1701245254825073030 current_scan_start_ns=1701245254824704647 current_scan_end_ns=1701245254857339647 overlap_duration_ns=368383 scan_index=1215,TRACKING,7,6000000,6528,2607,2607,1976,0.0416297,3,0.000105622,84166,110,930,399,22103,25423,3400,8325,30529
8268,,TRACKING,13,7000000,6528,321,321,161,0.0443676,3,0.000144536,84177,225,930,93,2353,2652,213,8325,4285
8274,OVERLAPPING_LIDAR_INTERVAL previous_synchronized_end_ns=1701245254891634729 current_scan_start_ns=1701245254891305923 current_scan_end_ns=1701245254923940923 overlap_duration_ns=328806 scan_index=1217,TRACKING,13,7000000,6528,321,321,161,0.0443676,3,0.000144536,84177,225,930,93,2353,2652,213,8325,4285
8281,,TRACKING,13,6000000,6528,2521,2521,1932,0.0386756,4,0.000614272,84370,203,931,365,28630,32743,2849,8325,37375
8287,,TRACKING,8,6000000,6528,341,341,175,0.039526,2,0.000151543,84378,129,925,92,1612,1815,246,8325,3356
8294,OVERLAPPING_LIDAR_INTERVAL previous_synchronized_end_ns=1701245254991213110 current_scan_start_ns=1701245254990982771 current_scan_end_ns=1701245255023617771 overlap_duration_ns=230339 scan_index=1220,TRACKING,8,6000000,6528,341,341,175,0.039526,2,0.000151543,84378,129,925,92,1612,1815,246,8325,3356
8300,,TRACKING,13,6000000,6528,2745,2745,2140,0.0409937,5,0.000297758,84593,209,942,463,38060,43812,3141,8764,57665
8307,,TRACKING,7,6000000,6528,269,269,135,0.0427587,3,2.9575e-07,84599,112,952,96,1978,2247,158,8764,3800
8314,,TRACKING,8,6000000,6528,2258,2258,1633,0.0446202,3,0.00105343,84795,122,893,419,18885,21420,4794,8764,27882
8320,OVERLAPPING_LIDAR_INTERVAL previous_synchronized_end_ns=1701245255125050333 current_scan_start_ns=1701245255124861240 current_scan_end_ns=1701245255157496240 overlap_duration_ns=189093 scan_index=1224,TRACKING,8,6000000,6528,2258,2258,1633,0.0446202,3,0.00105343,84795,122,893,419,18885,21420,4794,8764,27882
8327,,TRACKING,13,6000000,6528,301,301,142,0.0423828,3,7.79312e-08,84799,206,874,95,2507,2811,215,8764,4380
8333,OVERLAPPING_LIDAR_INTERVAL previous_synchronized_end_ns=1701245255191702154 current_scan_start_ns=1701245255191308975 current_scan_end_ns=1701245255223943975 overlap_duration_ns=393179 scan_index=1226,TRACKING,13,6000000,6528,301,301,142,0.0423828,3,7.79312e-08,84799,206,874,95,2507,2811,215,8764,4380
8340,,TRACKING,13,7000000,6528,2999,2999,2351,0.0420182,4,0.00105017,85090,231,948,419,32284,37858,5484,8764,45225
8346,,TRACKING,8,7000000,6528,339,339,155,0.0285385,3,1.70999e-10,85093,135,916,104,2469,2750,200,8764,4324
8353,,TRACKING,7,7000000,6528,2022,2022,1442,0.0406488,3,5.24029e-05,85245,108,924,294,17196,19768,1906,8764,23218
8360,,TRACKING,8,7000000,6528,3062,3062,2429,0.0386441,3,0.000153433,85513,131,865,309,23453,27358,2776,8764,31876
8366,,TRACKING,7,6000000,6528,430,430,223,0.040404,3,0.000102105,85524,116,883,90,3072,3430,267,8764,4983
8373,,TRACKING,8,6000000,6528,1908,1908,1359,0.0419139,3,0.000416699,85661,122,893,216,15218,17403,1704,8764,20527
8379,OVERLAPPING_LIDAR_INTERVAL previous_synchronized_end_ns=1701245255425072220 current_scan_start_ns=1701245255424706459 current_scan_end_ns=1701245255457341459 overlap_duration_ns=365761 scan_index=1233,TRACKING,8,6000000,6528,1908,1908,1359,0.0419139,3,0.000416699,85661,122,893,216,15218,17403,1704,8764,20527
8386,,TRACKING,14,6000000,6528,495,495,241,0.043932,3,6.88466e-07,85680,235,907,104,3600,3978,299,7867,13515
8393,OVERLAPPING_LIDAR_INTERVAL previous_synchronized_end_ns=1701245255491614845 current_scan_start_ns=1701245255491314411 current_scan_end_ns=1701245255523949411 overlap_duration_ns=300434 scan_index=1235,TRACKING,14,6000000,6528,495,495,241,0.043932,3,6.88466e-07,85680,235,907,104,3600,3978,299,7867,13515
8400,,TRACKING,13,7000000,6528,3104,3104,2495,0.0422332,5,0.000299614,85999,213,923,370,38455,45150,2739,7867,49742
8407,,TRACKING,8,6000000,6528,660,660,352,0.0426758,3,7.04606e-05,86020,125,894,115,5013,5554,508,7867,7413
8413,OVERLAPPING_LIDAR_INTERVAL previous_synchronized_end_ns=1701245255591194179 current_scan_start_ns=1701245255591023684 current_scan_end_ns=1701245255623658684 overlap_duration_ns=170495 scan_index=1238,TRACKING,8,6000000,6528,660,660,352,0.0426758,3,7.04606e-05,86020,125,894,115,5013,5554,508,7867,7413
8420,,TRACKING,14,6000000,6528,3089,3089,2546,0.0380252,3,0.000767526,86340,222,915,320,22457,26427,2895,7867,31198
8427,,TRACKING,7,6000000,6528,776,776,435,0.047445,3,6.93552e-05,86375,116,919,156,5723,6373,630,7867,8439
8434,,TRACKING,8,6000000,6528,1556,1556,1007,0.0438064,3,0.000143091,86487,124,895,202,12059,13712,1568,7867,16661
8440,OVERLAPPING_LIDAR_INTERVAL previous_synchronized_end_ns=1701245255725058344 current_scan_start_ns=1701245255724833250 current_scan_end_ns=1701245255757468250 overlap_duration_ns=225094 scan_index=1242,TRACKING,8,6000000,6528,1556,1556,1007,0.0438064,3,0.000143091,86487,124,895,202,12059,13712,1568,7867,16661
8447,,TRACKING,14,6000000,6528,909,909,482,0.0429925,3,9.62783e-05,86523,222,911,177,6924,7694,655,7867,9794
8454,OVERLAPPING_LIDAR_INTERVAL previous_synchronized_end_ns=1701245255791620043 current_scan_start_ns=1701245255791309595 current_scan_end_ns=1701245255823944595 overlap_duration_ns=310448 scan_index=1244,TRACKING,14,6000000,6528,909,909,482,0.0429925,3,9.62783e-05,86523,222,911,177,6924,7694,655,7867,9794
8461,,TRACKING,13,6000000,6528,3170,3170,2703,0.0371548,4,0.000105765,86849,209,927,355,30475,36221,2781,7867,40831
8468,,TRACKING,8,6000000,6528,1001,1001,545,0.0415276,3,6.44964e-05,86886,133,884,175,7985,8883,793,7867,11083
8474,OVERLAPPING_LIDAR_INTERVAL previous_synchronized_end_ns=1701245255891165760 current_scan_start_ns=1701245255891057968 current_scan_end_ns=1701245255923692968 overlap_duration_ns=107792 scan_index=1247,TRACKING,8,6000000,6528,1001,1001,545,0.0415276,3,6.44964e-05,86886,133,884,175,7985,8883,793,7867,11083
8481,,TRACKING,14,6000000,6528,3228,3228,2771,0.0358496,4,0.000245203,87221,215,907,365,31197,37002,2967,7867,41760
8488,,TRACKING,7,6000000,6528,1083,1083,625,0.0412057,3,7.27229e-05,87260,116,896,178,8630,9671,887,8195,20174
8495,,TRACKING,8,6000000,6528,1081,1081,593,0.0411218,3,5.61376e-05,87295,131,917,203,8437,9408,1066,8195,11861
8502,OVERLAPPING_LIDAR_INTERVAL previous_synchronized_end_ns=1701245256025104549 current_scan_start_ns=1701245256024695635 current_scan_end_ns=1701245256057330635 overlap_duration_ns=408914 scan_index=1251,TRACKING,8,6000000,6528,1081,1081,593,0.0411218,3,5.61376e-05,87295,131,917,203,8437,9408,1066,8195,11861
8508,,TRACKING,14,6000000,6528,1139,1139,607,0.0378312,3,0.00033401,87333,228,916,183,8900,9891,902,8195,12237
8515,OVERLAPPING_LIDAR_INTERVAL previous_synchronized_end_ns=1701245256091641929 current_scan_start_ns=1701245256091320753 current_scan_end_ns=1701245256123955753 overlap_duration_ns=321176 scan_index=1253,TRACKING,14,6000000,6528,1139,1139,607,0.0378312,3,0.00033401,87333,228,916,183,8900,9891,902,8195,12237
8522,,TRACKING,13,6000000,6528,3078,3078,2662,0.034993,3,0.000263898,87588,209,924,373,21794,25984,2632,8195,30443
8529,,TRACKING,8,6000000,6528,1379,1379,804,0.0421852,3,0.000334484,87643,137,909,224,10972,12344,1440,8195,15337
8535,OVERLAPPING_LIDAR_INTERVAL previous_synchronized_end_ns=1701245256191169765 current_scan_start_ns=1701245256191035509 current_scan_end_ns=1701245256223670509 overlap_duration_ns=134256 scan_index=1256,TRACKING,8,6000000,6528,1379,1379,804,0.0421852,3,0.000334484,87643,137,909,224,10972,12344,1440,8195,15337
8542,,TRACKING,14,6000000,6528,3097,3097,2620,0.034155,4,9.74686e-05,87846,238,908,440,30147,35672,2831,8195,40421
8549,,TRACKING,7,6000000,6528,1566,1566,946,0.0401308,3,5.55105e-05,87907,118,917,250,12328,13875,1628,8195,17063
8556,,TRACKING,8,6000000,6528,823,823,451,0.0434932,3,6.73519e-05,87933,126,904,146,6052,6754,731,8195,8768
8563,OVERLAPPING_LIDAR_INTERVAL previous_synchronized_end_ns=1701245256325079944 current_scan_start_ns=1701245256324692965 current_scan_end_ns=1701245256357327965 overlap_duration_ns=386979 scan_index=1260,TRACKING,8,6000000,6528,823,823,451,0.0434932,3,6.73519e-05,87933,126,904,146,6052,6754,731,8195,8768
8569,,TRACKING,14,6000000,6528,1633,1633,1009,0.0378518,3,0.000443093,87999,221,899,240,12839,14470,1614,8195,17623
8576,OVERLAPPING_LIDAR_INTERVAL previous_synchronized_end_ns=1701245256391632583 current_scan_start_ns=1701245256391298294 current_scan_end_ns=1701245256423933294 overlap_duration_ns=334289 scan_index=1262,TRACKING,14,6000000,6528,1633,1633,1009,0.0378518,3,0.000443093,87999,221,899,240,12839,14470,1614,8195,17623
8583,,TRACKING,13,6000000,6528,3064,3064,2512,0.0322982,4,0.000221296,88172,208,896,389,29900,35038,2717,8195,39585
8590,,TRACKING,8,6000000,6528,1790,1790,1157,0.0369917,3,4.59582e-05,88252,129,896,256,14510,16455,1670,8197,27876
8597,,TRACKING,8,6000000,6528,621,621,327,0.0345942,2,0.00019905,88268,128,907,134,3159,3504,454,8197,5254
8603,,TRACKING,8,6000000,6528,3121,3121,2576,0.0355685,3,0.000307153,88456,122,895,380,23077,27020,2891,8197,31605
8610,,TRACKING,7,6000000,6528,1907,1907,1200,0.0397242,3,5.89602e-05,88551,113,910,305,15449,17359,1820,8197,20839
8617,,TRACKING,8,6000000,6528,469,469,246,0.034592,3,1.39772e-07,88554,122,875,105,3338,3726,274,8197,5208
8624,OVERLAPPING_LIDAR_INTERVAL previous_synchronized_end_ns=1701245256625144031 current_scan_start_ns=1701245256624739170 current_scan_end_ns=1701245256657374170 overlap_duration_ns=404861 scan_index=1269,TRACKING,8,6000000,6528,469,469,246,0.034592,3,1.39772e-07,88554,122,875,105,3338,3726,274,8197,5208
8631,,TRACKING,14,6000000,6528,2007,2007,1347,0.0407206,4,5.36354e-05,88653,220,894,302,21427,24311,2198,8197,28126
8637,OVERLAPPING_LIDAR_INTERVAL previous_synchronized_end_ns=1701245256691641119 current_scan_start_ns=1701245256691311359 current_scan_end_ns=1701245256723946359 overlap_duration_ns=329760 scan_index=1271,TRACKING,14,6000000,6528,2007,2007,1347,0.0407206,4,5.36354e-05,88653,220,894,302,21427,24311,2198,8197,28126
8644,,TRACKING,14,6000000,6528,3210,3210,2579,0.0346091,3,0.000128842,88811,216,888,403,24221,28222,2980,8197,33070
8651,,TRACKING,7,6000000,6528,2202,2202,1533,0.037455,3,9.71919e-05,88935,122,903,329,18275,20794,2258,8197,24741
8658,OVERLAPPING_LIDAR_INTERVAL previous_synchronized_end_ns=1701245256791209009 current_scan_start_ns=1701245256790985107 current_scan_end_ns=1701245256823620107 overlap_duration_ns=223902 scan_index=1274,TRACKING,7,6000000,6528,2202,2202,1533,0.037455,3,9.71919e-05,88935,122,903,329,18275,20794,2258,8197,24741
8664,,TRACKING,14,6000000,6528,3108,3108,2431,0.0337446,3,0.000225489,89096,228,918,390,24044,27893,2865,8197,32660
8671,,TRACKING,8,6000000,6528,2351,2351,1651,0.0361915,3,5.72678e-05,89211,132,916,352,19016,21655,2345,8197,25748
8678,,TRACKING,7,6000000,6528,186,186,95,0.035371,2,9.44486e-07,89212,112,934,72,919,1061,117,8424,10843
8685,OVERLAPPING_LIDAR_INTERVAL previous_synchronized_end_ns=1701245256925057438 current_scan_start_ns=1701245256924774647 current_scan_end_ns=1701245256957409647 overlap_duration_ns=282791 scan_index=1278,TRACKING,7,6000000,6528,186,186,95,0.035371,2,9.44486e-07,89212,112,934,72,919,1061,117,8424,10843
8692,,TRACKING,14,6000000,6528,2515,2515,1769,0.0346736,3,0.000841716,89338,227,920,382,19843,22651,2403,8424,26805
8698,OVERLAPPING_LIDAR_INTERVAL previous_synchronized_end_ns=1701245256991625335 current_scan_start_ns=1701245256991281986 current_scan_end_ns=1701245257023916986 overlap_duration_ns=343349 scan_index=1280,TRACKING,14,6000000,6528,2515,2515,1769,0.0346736,3,0.000841716,89338,227,920,382,19843,22651,2403,8424,26805
8705,,TRACKING,14,6000000,6528,2945,2945,2223,0.0375256,3,0.00025676,89503,219,893,438,22477,25923,3082,8424,31027
8712,,TRACKING,7,6000000,6528,2653,2653,1945,0.0341634,3,0.000259363,89612,119,877,365,21206,24308,2636,8424,28662
8719,OVERLAPPING_LIDAR_INTERVAL previous_synchronized_end_ns=1701245257091338184 current_scan_start_ns=1701245257090952396 current_scan_end_ns=1701245257123587396 overlap_duration_ns=385788 scan_index=1283,TRACKING,7,6000000,6528,2653,2653,1945,0.0341634,3,0.000259363,89612,119,877,365,21206,24308,2636,8424,28662
8726,,TRACKING,14,6000000,6528,2859,2859,2125,0.0376149,4,0.000320806,89784,217,893,374,29776,34320,2885,8424,39018
8732,,TRACKING,8,6000000,6528,2818,2818,2096,0.0347069,3,6.763e-05,89942,130,926,364,22455,25736,2773,8424,30304
8739,,TRACKING,8,6000000,6528,154,154,63,0.0410761,2,2.91129e-06,89944,125,895,71,720,836,81,8424,2167
8746,OVERLAPPING_LIDAR_INTERVAL previous_synchronized_end_ns=1701245257225080517 current_scan_start_ns=1701245257224699736 current_scan_end_ns=1701245257257334736 overlap_duration_ns=380781 scan_index=1287,TRACKING,8,6000000,6528,154,154,63,0.0410761,2,2.91129e-06,89944,125,895,71,720,836,81,8424,2167
8753,,TRACKING,13,6000000,6528,2880,2880,2181,0.0325985,4,5.89329e-05,90126,199,883,419,30154,34700,2904,8424,39348
8759,OVERLAPPING_LIDAR_INTERVAL previous_synchronized_end_ns=1701245257291610029 current_scan_start_ns=1701245257291335106 current_scan_end_ns=1701245257323970106 overlap_duration_ns=274923 scan_index=1289,TRACKING,13,6000000,6528,2880,2880,2181,0.0325985,4,5.89329e-05,90126,199,883,419,30154,34700,2904,8424,39348
8766,,TRACKING,14,6000000,6528,2373,2373,1675,0.039474,4,0.000210734,90256,227,898,323,25714,29273,2497,8424,33538
8773,,TRACKING,7,6000000,6528,3112,3112,2411,0.0359024,3,0.000530798,90461,109,906,390,23850,27577,3236,8424,32605
8780,OVERLAPPING_LIDAR_INTERVAL previous_synchronized_end_ns=1701245257391186025 current_scan_start_ns=1701245257391000032 current_scan_end_ns=1701245257423635032 overlap_duration_ns=185993 scan_index=1292,TRACKING,7,6000000,6528,3112,3112,2411,0.0359024,3,0.000530798,90461,109,906,390,23850,27577,3236,8424,32605
8787,,TRACKING,14,6000000,6528,2094,2094,1413,0.0386829,4,6.51429e-05,90548,229,885,295,22522,25473,2093,8797,38097
8793,,TRACKING,8,6000000,6528,3123,3123,2482,0.0361545,3,0.000239172,90758,141,966,444,24488,28353,3196,8797,33468
8800,,TRACKING,8,6000000,6528,336,336,154,0.0322763,2,5.13967e-05,90761,133,917,92,1615,1812,182,8797,3334
8807,OVERLAPPING_LIDAR_INTERVAL previous_synchronized_end_ns=1701245257525041607 current_scan_start_ns=1701245257524695158 current_scan_end_ns=1701245257557330158 overlap_duration_ns=346449 scan_index=1296,TRACKING,8,6000000,6528,336,336,154,0.0322763,2,5.13967e-05,90761,133,917,92,1615,1812,182,8797,3334
8814,,TRACKING,13,6000000,6528,3092,3092,2459,0.0353444,3,0.00015125,90983,193,867,398,24842,28764,3104,8797,33611
8820,OVERLAPPING_LIDAR_INTERVAL previous_synchronized_end_ns=1701245257591666487 current_scan_start_ns=1701245257591294050 current_scan_end_ns=1701245257623929050 overlap_duration_ns=372437 scan_index=1298,TRACKING,13,6000000,6528,3092,3092,2459,0.0353444,3,0.00015125,90983,193,867,398,24842,28764,3104,8797,33611
8828,,TRACKING,14,6000000,6528,1804,1804,1181,0.0383227,3,0.000558677,91063,227,917,282,14927,16839,1788,8797,20371
8834,,TRACKING,7,6000000,6528,3088,3088,2432,0.0355825,3,0.000273291,91280,110,897,392,24181,27875,2951,8797,32569
8841,,TRACKING,8,6000000,6528,495,495,242,0.0342927,2,3.10425e-05,91287,127,854,106,2451,2719,325,8797,4324
8848,,TRACKING,8,6000000,6528,1638,1638,1013,0.0400712,3,2.96354e-05,91343,119,874,261,13231,14829,1540,8797,17769
8854,,TRACKING,8,6000000,6528,3045,3045,2426,0.036594,3,0.000128639,91526,123,871,416,23930,27661,2941,8797,32340
8861,,TRACKING,8,6000000,6528,482,482,257,0.035059,3,4.32381e-05,91531,126,894,101,3559,3952,318,8797,5577
8868,OVERLAPPING_LIDAR_INTERVAL previous_synchronized_end_ns=1701245257825077799 current_scan_start_ns=1701245257824684143 current_scan_end_ns=1701245257857319143 overlap_duration_ns=393656 scan_index=1305,TRACKING,8,6000000,6528,482,482,257,0.035059,3,4.32381e-05,91531,126,894,101,3559,3952,318,8797,5577
8875,,TRACKING,13,6000000,6528,3041,3041,2421,0.0336308,3,0.000402323,91688,199,883,423,23286,27031,2865,8809,40639
8881,OVERLAPPING_LIDAR_INTERVAL previous_synchronized_end_ns=1701245257891628530 current_scan_start_ns=1701245257891293764 current_scan_end_ns=1701245257923928764 overlap_duration_ns=334766 scan_index=1307,TRACKING,13,6000000,6528,3041,3041,2421,0.0336308,3,0.000402323,91688,199,883,423,23286,27031,2865,8809,40639
8889,,TRACKING,14,6000000,6528,1411,1411,822,0.0401019,3,0.000159817,91734,229,928,241,11769,13081,1458,8809,16218
8895,,TRACKING,8,6000000,6528,2820,2820,2297,0.0348798,3,0.0001604,91873,139,920,482,22171,25768,2680,8809,30314
8902,OVERLAPPING_LIDAR_INTERVAL previous_synchronized_end_ns=1701245257991318014 current_scan_start_ns=1701245257990945816 current_scan_end_ns=1701245258023580816 overlap_duration_ns=372198 scan_index=1310,TRACKING,8,6000000,6528,2820,2820,2297,0.0348798,3,0.0001604,91873,139,920,482,22171,25768,2680,8809,30314
8909,,TRACKING,13,6000000,6528,1261,1261,772,0.0392117,3,6.37124e-05,91919,204,900,220,10419,11627,1224,8809,14416
8916,,TRACKING,8,6000000,6528,2676,2676,2146,0.033637,3,7.84728e-05,92047,122,875,368,20761,24113,2285,8809,28041
8923,,TRACKING,8,6000000,6528,708,708,364,0.0379355,3,1.17262e-07,92058,125,883,137,5471,6051,536,8809,7945
8929,OVERLAPPING_LIDAR_INTERVAL previous_synchronized_end_ns=1701245258125069645 current_scan_start_ns=1701245258124876022 current_scan_end_ns=1701245258157511022 overlap_duration_ns=193623 scan_index=1314,TRACKING,8,6000000,6528,708,708,364,0.0379355,3,1.17262e-07,92058,125,883,137,5471,6051,536,8809,7945
8936,,TRACKING,13,6000000,6528,2654,2654,2124,0.0347537,3,0.000199796,92196,208,906,421,20331,23631,2584,8809,28080
8943,OVERLAPPING_LIDAR_INTERVAL previous_synchronized_end_ns=1701245258191607263 current_scan_start_ns=1701245258191285610 current_scan_end_ns=1701245258223920610 overlap_duration_ns=321653 scan_index=1316,TRACKING,13,6000000,6528,2654,2654,2124,0.0347537,3,0.000199796,92196,208,906,421,20331,23631,2584,8809,28080
8950,,TRACKING,14,6000000,6528,1140,1140,672,0.0434222,3,0.000222888,92246,225,911,230,9456,10539,1098,8809,13214
8956,,TRACKING,8,6000000,6528,2706,2706,2207,0.0352333,4,0.000223076,92385,127,893,372,26869,31328,2198,8809,35172
8963,OVERLAPPING_LIDAR_INTERVAL previous_synchronized_end_ns=1701245258291166332 current_scan_start_ns=1701245258290936708 current_scan_end_ns=1701245258323571708 overlap_duration_ns=229624 scan_index=1319,TRACKING,8,6000000,6528,2706,2706,2207,0.0352333,4,0.000223076,92385,127,893,372,26869,31328,2198,8809,35172
8970,,TRACKING,13,6000000,6528,1001,1001,558,0.0405966,3,0.000171411,92409,222,887,178,8227,9127,895,8809,11491
8977,,TRACKING,8,6000000,6528,2618,2618,2142,0.0321778,3,0.000585284,92548,127,879,359,19593,22917,2158,9121,35815
8984,,TRACKING,8,6000000,6528,1119,1119,642,0.0385426,3,6.43358e-05,92574,128,917,201,9487,10535,1062,9121,13063
8990,OVERLAPPING_LIDAR_INTERVAL previous_synchronized_end_ns=1701245258425069835 current_scan_start_ns=1701245258424756050 current_scan_end_ns=1701245258457391050 overlap_duration_ns=313785 scan_index=1323,TRACKING,8,6000000,6528,1119,1119,642,0.0385426,3,6.43358e-05,92574,128,917,201,9487,10535,1062,9121,13063
8997,,TRACKING,13,6000000,6528,2663,2663,2182,0.0309946,3,0.00011634,92686,201,877,371,19527,22842,2084,9121,26647
9004,OVERLAPPING_LIDAR_INTERVAL previous_synchronized_end_ns=1701245258491638687 current_scan_start_ns=1701245258491313934 current_scan_end_ns=1701245258523948934 overlap_duration_ns=324753 scan_index=1325,TRACKING,13,6000000,6528,2663,2663,2182,0.0309946,3,0.00011634,92686,201,877,371,19527,22842,2084,9121,26647
9011,,TRACKING,14,6000000,6528,800,800,418,0.0425312,3,8.49257e-05,92705,214,884,144,6403,7055,715,9121,9169
9018,,TRACKING,8,6000000,6528,2593,2593,2104,0.0328732,4,0.000344096,92813,140,919,380,25443,29709,2011,9121,33394
9024,OVERLAPPING_LIDAR_INTERVAL previous_synchronized_end_ns=1701245258591148641 current_scan_start_ns=1701245258590943813 current_scan_end_ns=1701245258623578813 overlap_duration_ns=204828 scan_index=1328,TRACKING,8,6000000,6528,2593,2593,2104,0.0328732,4,0.000344096,92813,140,919,380,25443,29709,2011,9121,33394
9031,,TRACKING,13,6000000,6528,731,731,380,0.0401903,3,3.38851e-05,92831,202,877,146,6000,6601,610,9121,8588
9038,,TRACKING,8,6000000,6528,2555,2555,2052,0.0356673,4,0.000264191,92949,127,915,385,25716,30011,2085,9121,33769
9045,,TRACKING,8,6000000,6528,1611,1611,1055,0.0394393,3,0.000339651,93017,132,899,256,13593,15346,2009,9121,18930
9051,OVERLAPPING_LIDAR_INTERVAL previous_synchronized_end_ns=1701245258725040939 current_scan_start_ns=1701245258724683523 current_scan_end_ns=1701245258757318523 overlap_duration_ns=357416 scan_index=1332,TRACKING,8,6000000,6528,1611,1611,1055,0.0394393,3,0.000339651,93017,132,899,256,13593,15346,2009,9121,18930
9058,,TRACKING,14,6000000,6528,2516,2516,1987,0.0332647,3,0.000425254,93120,222,902,396,18932,22020,2062,9121,25883
9065,OVERLAPPING_LIDAR_INTERVAL previous_synchronized_end_ns=1701245258791602876 current_scan_start_ns=1701245258791304827 current_scan_end_ns=1701245258823939827 overlap_duration_ns=298049 scan_index=1334,TRACKING,14,6000000,6528,2516,2516,1987,0.0332647,3,0.000425254,93120,222,902,396,18932,22020,2062,9121,25883
9072,,TRACKING,13,6000000,6528,528,528,274,0.0399581,2,0.00032949,93134,202,926,140,2884,3192,347,9121,4983
9079,,TRACKING,8,6000000,6528,2589,2589,2008,0.0321728,3,0.000642042,93227,120,908,381,19740,23039,2303,9321,36358
9085,OVERLAPPING_LIDAR_INTERVAL previous_synchronized_end_ns=1701245258891188886 current_scan_start_ns=1701245258890928507 current_scan_end_ns=1701245258923563507 overlap_duration_ns=260379 scan_index=1337,TRACKING,8,6000000,6528,2589,2589,2008,0.0321728,3,0.000642042,93227,120,908,381,19740,23039,2303,9321,36358
9092,,TRACKING,13,6000000,6528,479,479,218,0.0371873,2,2.39478e-05,93236,213,898,115,2438,2683,314,9321,4390
9099,,TRACKING,8,6000000,6528,2537,2537,1985,0.0340032,3,0.00159641,93342,119,894,358,20096,23193,2043,9321,26945
9106,,TRACKING,8,6000000,6528,1893,1893,1326,0.0346018,2,6.4562e-05,93411,125,852,305,10412,11964,1948,9321,15476
9112,OVERLAPPING_LIDAR_INTERVAL previous_synchronized_end_ns=1701245259025067594 current_scan_start_ns=1701245259024688721 current_scan_end_ns=1701245259057323721 overlap_duration_ns=378873 scan_index=1341,TRACKING,8,6000000,6528,1893,1893,1326,0.0346018,2,6.4562e-05,93411,125,852,305,10412,11964,1948,9321,15476
9119,,TRACKING,14,6000000,6528,2450,2450,1916,0.0314338,4,5.80962e-05,93501,215,873,357,24529,28464,2057,9321,32238
9126,OVERLAPPING_LIDAR_INTERVAL previous_synchronized_end_ns=1701245259091605690 current_scan_start_ns=1701245259091283321 current_scan_end_ns=1701245259123918321 overlap_duration_ns=322369 scan_index=1343,TRACKING,14,6000000,6528,2450,2450,1916,0.0314338,4,5.80962e-05,93501,215,873,357,24529,28464,2057,9321,32238
9133,,TRACKING,13,6000000,6528,534,534,281,0.04002,2,0.000126273,93522,226,942,126,2828,3132,427,9321,5001
9140,,TRACKING,8,6000000,6528,2383,2383,1847,0.033254,4,7.50041e-05,93601,132,944,426,25196,29151,2060,9321,32952
9147,,TRACKING,8,6000000,6528,2185,2185,1556,0.0335193,3,9.50295e-05,93681,123,870,356,17569,20013,2065,9321,23789
9153,,TRACKING,7,6000000,6528,540,540,249,0.0326596,2,0.000168938,93685,105,908,117,2847,3142,385,9321,4787
9160,,TRACKING,8,6000000,6528,2304,2304,1817,0.0332834,4,8.07356e-05,93769,126,930,342,24528,28462,2151,9321,32281
9167,,TRACKING,8,6000000,6528,2118,2118,1479,0.033526,4,0.000137708,93839,133,915,327,23020,26127,1977,9026,38778
9173,OVERLAPPING_LIDAR_INTERVAL previous_synchronized_end_ns=1701245259325018671 current_scan_start_ns=1701245259324686050 current_scan_end_ns=1701245259357321050 overlap_duration_ns=332621 scan_index=1350,TRACKING,8,6000000,6528,2118,2118,1479,0.033526,4,0.000137708,93839,133,915,327,23020,26127,1977,9026,38778
9180,,TRACKING,14,6000000,6528,2334,2334,1789,0.0323881,3,0.000269474,93930,239,948,357,18511,21358,2066,9026,25257
9187,OVERLAPPING_LIDAR_INTERVAL previous_synchronized_end_ns=1701245259391635921 current_scan_start_ns=1701245259391276836 current_scan_end_ns=1701245259423911836 overlap_duration_ns=359085 scan_index=1352,TRACKING,14,6000000,6528,2334,2334,1789,0.0323881,3,0.000269474,93930,239,948,357,18511,21358,2066,9026,25257
9194,,TRACKING,13,6000000,6528,522,522,256,0.0373881,3,3.66537e-05,93946,210,891,115,3765,4172,313,9026,5828
9201,,TRACKING,8,6000000,6528,2214,2214,1690,0.0311908,3,0.000125503,94028,122,884,336,17493,20211,1949,9026,23708
9208,,TRACKING,8,6000000,6528,2367,2367,1787,0.0318947,3,0.000451701,94094,127,889,351,19116,21929,2196,9026,25774
9214,,TRACKING,8,6000000,6528,531,531,263,0.0398306,2,0.000154002,94103,130,916,130,2660,2955,313,9026,4589
9221,,TRACKING,7,6000000,6528,2178,2178,1597,0.0330775,3,0.000508046,94170,109,916,325,17308,19873,2045,9026,23480
9228,,TRACKING,8,6000000,6528,2341,2341,1777,0.0306203,3,4.58041e-05,94235,123,883,347,18888,21744,2102,9026,25477
9234,OVERLAPPING_LIDAR_INTERVAL previous_synchronized_end_ns=1701245259625040796 current_scan_start_ns=1701245259624691725 current_scan_end_ns=1701245259657326725 overlap_duration_ns=349071 scan_index=1359,TRACKING,8,6000000,6528,2341,2341,1777,0.0306203,3,4.58041e-05,94235,123,883,347,18888,21744,2102,9026,25477
9242,,TRACKING,14,6000000,6528,2139,2139,1549,0.032741,3,0.000193989,94300,236,885,340,17367,19855,2023,9026,23631
9248,OVERLAPPING_LIDAR_INTERVAL previous_synchronized_end_ns=1701245259691649225 current_scan_start_ns=1701245259691259146 current_scan_end_ns=1701245259723894146 overlap_duration_ns=390079 scan_index=1361,TRACKING,14,6000000,6528,2139,2139,1549,0.032741,3,0.000193989,94300,236,885,340,17367,19855,2023,9026,23631
9255,,TRACKING,13,6000000,6528,512,512,252,0.0378664,3,0.000153229,94311,209,918,117,3852,4253,345,9026,5966
9262,,TRACKING,8,6000000,6528,2033,2033,1406,0.0342722,4,0.000169709,94378,133,930,322,22281,25342,1833,9284,38033
9268,OVERLAPPING_LIDAR_INTERVAL previous_synchronized_end_ns=1701245259791160372 current_scan_start_ns=1701245259790987968 current_scan_end_ns=1701245259823622968 overlap_duration_ns=172404 scan_index=1364,TRACKING,8,6000000,6528,2033,2033,1406,0.0342722,4,0.000169709,94378,133,930,322,22281,25342,1833,9284,38033
9276,,TRACKING,14,6000000,6528,436,436,221,0.0380829,3,9.50014e-05,94390,259,995,115,3284,3637,297,9284,5434
9282,,TRACKING,7,6000000,6528,1926,1926,1297,0.0351392,3,0.000207582,94448,109,896,308,16046,18173,1952,9284,21642
9289,,TRACKING,8,6000000,6528,2526,2526,1971,0.0320094,3,0.000290197,94532,128,875,390,19576,22536,2566,9284,26795
9296,OVERLAPPING_LIDAR_INTERVAL previous_synchronized_end_ns=1701245259925037411 current_scan_start_ns=1701245259924830437 current_scan_end_ns=1701245259957465437 overlap_duration_ns=206974 scan_index=1368,TRACKING,8,6000000,6528,2526,2526,1971,0.0320094,3,0.000290197,94532,128,875,390,19576,22536,2566,9284,26795
9303,,TRACKING,14,6000000,6528,1804,1804,1188,0.0395909,3,0.000341907,94606,228,918,290,15380,17308,1716,9284,20725
9309,OVERLAPPING_LIDAR_INTERVAL previous_synchronized_end_ns=1701245259991630342 current_scan_start_ns=1701245259991285324 current_scan_end_ns=1701245260023920324 overlap_duration_ns=345018 scan_index=1370,TRACKING,14,6000000,6528,1804,1804,1188,0.0395909,3,0.000341907,94606,228,918,290,15380,17308,1716,9284,20725
9316,,TRACKING,13,6000000,6528,409,409,196,0.0378413,3,0.000247433,94610,199,885,103,3078,3405,264,9284,4971
9323,,TRACKING,8,6000000,6528,1619,1619,1025,0.035506,3,0.000353445,94667,125,896,314,13467,15048,1581,9284,18121
9330,,TRACKING,8,6000000,6528,2637,2637,2059,0.0323175,3,0.000300771,94758,127,881,399,20818,24012,2424,9284,28141
9337,,TRACKING,8,6000000,6528,472,472,247,0.0360458,2,8.15329e-05,94764,134,899,107,2498,2765,361,9284,4425
9343,,TRACKING,8,6000000,6528,1507,1507,892,0.0378325,3,0.000357459,94812,121,880,256,12334,13735,1470,9284,16596
9350,,TRACKING,7,6000000,6528,2680,2680,2071,0.0313113,3,0.000476028,94901,108,864,404,21293,24437,2415,9507,38013
9357,OVERLAPPING_LIDAR_INTERVAL previous_synchronized_end_ns=1701245260225039270 current_scan_start_ns=1701245260224830151 current_scan_end_ns=1701245260257465151 overlap_duration_ns=209119 scan_index=1377,TRACKING,7,6000000,6528,2680,2680,2071,0.0313113,3,0.000476028,94901,108,864,404,21293,24437,2415,9507,38013
9364,,TRACKING,14,6000000,6528,1434,1434,891,0.0397274,3,0.000324295,94948,239,981,277,12051,13467,1476,9507,16709
9370,OVERLAPPING_LIDAR_INTERVAL previous_synchronized_end_ns=1701245260291619089 current_scan_start_ns=1701245260291290760 current_scan_end_ns=1701245260323925760 overlap_duration_ns=328329 scan_index=1379,TRACKING,14,6000000,6528,1434,1434,891,0.0397274,3,0.000324295,94948,239,981,277,12051,13467,1476,9507,16709
9377,,TRACKING,13,6000000,6528,641,641,348,0.0387858,3,0.000149093,94958,202,881,137,4940,5471,448,9507,7244
9384,,TRACKING,7,6000000,6528,646,646,322,0.0396589,2,0.00037317,94970,107,888,128,3359,3699,514,9507,5413
