clock_proof,first_use,first_use_boundary,first_use_trace_drop_count,first_use_trace_sequence,key,publish_count,publish_process_incarnation,receive_count,receive_entry_ros_ns,receive_outcome,receive_process_incarnation,receive_reason,ros_publish_enter_to_receive_ns,ros_publish_return_to_receive_ns,ros_receive_to_first_use_ns,status
C_SHARED_SIM_CLOCK_11008_MONOTONE_SAMPLES,EXACT_KEY_OBSERVED,tracking,0,739,"(1452948046641, 3, 18110031447199154478, 1, 2, 6, 736)",1,135735066638878,1,33032000000,1,134613087549345,0,0,0,12000000,PAIRED_ROS_CLOCK
C_SHARED_SIM_CLOCK_11008_MONOTONE_SAMPLES,EXACT_KEY_OBSERVED,tracking,0,740,"(1452948046641, 3, 18110031447199154478, 1, 2, 6, 737)",1,135735066638878,1,33048000000,1,134613087549345,0,0,0,12000000,PAIRED_ROS_CLOCK
C_SHARED_SIM_CLOCK_11008_MONOTONE_SAMPLES,EXACT_KEY_OBSERVED,tracking,0,741,"(1452948046641, 3, 18110031447199154478, 1, 2, 6, 738)",1,135735066638878,1,33064000000,1,134613087549345,0,0,0,12000000,PAIRED_ROS_CLOCK
C_SHARED_SIM_CLOCK_11008_MONOTONE_SAMPLES,EXACT_KEY_OBSERVED,tracking,0,742,"(1452948046641, 3, 18110031447199154478, 1, 2, 6, 739)",1,135735066638878,1,33080000000,1,134613087549345,0,0,0,12000000,PAIRED_ROS_CLOCK
C_SHARED_SIM_CLOCK_11008_MONOTONE_SAMPLES,EXACT_KEY_OBSERVED,tracking,0,743,"(1452948046641, 3, 18110031447199154478, 1, 2, 6, 740)",1,135735066638878,1,33096000000,1,134613087549345,0,0,0,12000000,PAIRED_ROS_CLOCK
C_SHARED_SIM_CLOCK_11008_MONOTONE_SAMPLES,EXACT_KEY_OBSERVED,tracking,0,744,"(1452948046641, 3, 18110031447199154478, 1, 2, 6, 741)",1,135735066638878,1,33112000000,1,134613087549345,0,0,0,12000000,PAIRED_ROS_CLOCK
C_SHARED_SIM_CLOCK_11008_MONOTONE_SAMPLES,EXACT_KEY_OBSERVED,tracking,0,745,"(1452948046641, 3, 18110031447199154478, 1, 2, 6, 742)",1,135735066638878,1,33128000000,1,134613087549345,0,0,0,12000000,PAIRED_ROS_CLOCK
C_SHARED_SIM_CLOCK_11008_MONOTONE_SAMPLES,EXACT_KEY_OBSERVED,tracking,0,746,"(1452948046641, 3, 18110031447199154478, 1, 2, 6, 743)",1,135735066638878,1,33144000000,1,134613087549345,0,0,0,12000000,PAIRED_ROS_CLOCK
C_SHARED_SIM_CLOCK_11008_MONOTONE_SAMPLES,EXACT_KEY_OBSERVED,tracking,0,747,"(1452948046641, 3, 18110031447199154478, 1, 2, 6, 744)",1,135735066638878,1,33160000000,1,134613087549345,0,0,0,12000000,PAIRED_ROS_CLOCK
C_SHARED_SIM_CLOCK_11008_MONOTONE_SAMPLES,EXACT_KEY_OBSERVED,tracking,0,748,"(1452948046641, 3, 18110031447199154478, 1, 2, 6, 745)",1,135735066638878,1,33176000000,1,134613087549345,0,0,0,12000000,PAIRED_ROS_CLOCK
C_SHARED_SIM_CLOCK_11008_MONOTONE_SAMPLES,EXACT_KEY_OBSERVED,tracking,0,749,"(1452948046641, 3, 18110031447199154478, 1, 2, 6, 746)",1,135735066638878,1,33192000000,1,134613087549345,0,0,0,12000000,PAIRED_ROS_CLOCK
C_SHARED_SIM_CLOCK_11008_MONOTONE_SAMPLES,EXACT_KEY_OBSERVED,tracking,0,750,"(1452948046641, 3, 18110031447199154478, 1, 2, 6, 747)",1,135735066638878,1,33208000000,1,134613087549345,0,0,0,12000000,PAIRED_ROS_CLOCK
C_SHARED_SIM_CLOCK_11008_MONOTONE_SAMPLES,EXACT_KEY_OBSERVED,tracking,0,751,"(1452948046641, 3, 18110031447199154478, 1, 2, 6, 748)",1,135735066638878,1,33224000000,1,134613087549345,0,0,0,12000000,PAIRED_ROS_CLOCK
C_SHARED_SIM_CLOCK_11008_MONOTONE_SAMPLES,EXACT_KEY_OBSERVED,tracking,0,752,"(1452948046641, 3, 18110031447199154478, 1, 2, 6, 749)",1,135735066638878,1,33240000000,1,134613087549345,0,0,0,12000000,PAIRED_ROS_CLOCK
C_SHARED_SIM_CLOCK_11008_MONOTONE_SAMPLES,EXACT_KEY_OBSERVED,tracking,0,753,"(1452948046641, 3, 18110031447199154478, 1, 2, 6, 750)",1,135735066638878,1,33256000000,1,134613087549345,0,0,0,12000000,PAIRED_ROS_CLOCK
C_SHARED_SIM_CLOCK_11008_MONOTONE_SAMPLES,EXACT_KEY_OBSERVED,tracking,0,754,"(1452948046641, 3, 18110031447199154478, 1, 2, 6, 751)",1,135735066638878,1,33272000000,1,134613087549345,0,0,0,12000000,PAIRED_ROS_CLOCK
C_SHARED_SIM_CLOCK_11008_MONOTONE_SAMPLES,EXACT_KEY_OBSERVED,tracking,0,755,"(1452948046641, 3, 18110031447199154478, 1, 2, 6, 752)",1,135735066638878,1,33288000000,1,134613087549345,0,0,0,12000000,PAIRED_ROS_CLOCK
C_SHARED_SIM_CLOCK_11008_MONOTONE_SAMPLES,EXACT_KEY_OBSERVED,tracking,0,756,"(1452948046641, 3, 18110031447199154478, 1, 2, 6, 753)",1,135735066638878,1,33304000000,1,134613087549345,0,0,0,12000000,PAIRED_ROS_CLOCK
C_SHARED_SIM_CLOCK_11008_MONOTONE_SAMPLES,EXACT_KEY_OBSERVED,tracking,0,757,"(1452948046641, 3, 18110031447199154478, 1, 2, 6, 754)",1,135735066638878,1,33320000000,1,134613087549345,0,0,0,12000000,PAIRED_ROS_CLOCK
C_SHARED_SIM_CLOCK_11008_MONOTONE_SAMPLES,EXACT_KEY_OBSERVED,tracking,0,758,"(1452948046641, 3, 18110031447199154478, 1, 2, 6, 755)",1,135735066638878,1,33336000000,1,134613087549345,0,0,0,12000000,PAIRED_ROS_CLOCK
C_SHARED_SIM_CLOCK_11008_MONOTONE_SAMPLES,EXACT_KEY_OBSERVED,tracking,0,759,"(1452948046641, 3, 18110031447199154478, 1, 2, 6, 756)",1,135735066638878,1,33352000000,1,134613087549345,0,0,0,12000000,PAIRED_ROS_CLOCK
C_SHARED_SIM_CLOCK_11008_MONOTONE_SAMPLES,EXACT_KEY_OBSERVED,tracking,0,760,"(1452948046641, 3, 18110031447199154478, 1, 2, 6, 757)",1,135735066638878,1,33368000000,1,134613087549345,0,0,0,12000000,PAIRED_ROS_CLOCK
C_SHARED_SIM_CLOCK_11008_MONOTONE_SAMPLES,EXACT_KEY_OBSERVED,tracking,0,761,"(1452948046641, 3, 18110031447199154478, 1, 2, 6, 758)",1,135735066638878,1,33384000000,1,134613087549345,0,0,0,12000000,PAIRED_ROS_CLOCK
C_SHARED_SIM_CLOCK_11008_MONOTONE_SAMPLES,EXACT_KEY_OBSERVED,tracking,0,762,"(1452948046641, 3, 18110031447199154478, 1, 2, 6, 759)",1,135735066638878,1,33400000000,1,134613087549345,0,0,0,12000000,PAIRED_ROS_CLOCK
C_SHARED_SIM_CLOCK_11008_MONOTONE_SAMPLES,EXACT_KEY_OBSERVED,tracking,0,763,"(1452948046641, 3, 18110031447199154478, 1, 2, 6, 760)",1,135735066638878,1,33416000000,1,134613087549345,0,0,0,12000000,PAIRED_ROS_CLOCK
C_SHARED_SIM_CLOCK_11008_MONOTONE_SAMPLES,EXACT_KEY_OBSERVED,tracking,0,764,"(1452948046641, 3, 18110031447199154478, 1, 2, 6, 761)",1,135735066638878,1,33432000000,1,134613087549345,0,0,0,12000000,PAIRED_ROS_CLOCK
C_SHARED_SIM_CLOCK_11008_MONOTONE_SAMPLES,EXACT_KEY_OBSERVED,tracking,0,765,"(1452948046641, 3, 18110031447199154478, 1, 2, 6, 762)",1,135735066638878,1,33448000000,1,134613087549345,0,0,0,12000000,PAIRED_ROS_CLOCK
C_SHARED_SIM_CLOCK_11008_MONOTONE_SAMPLES,EXACT_KEY_OBSERVED,tracking,0,766,"(1452948046641, 3, 18110031447199154478, 1, 2, 6, 763)",1,135735066638878,1,33464000000,1,134613087549345,0,0,0,12000000,PAIRED_ROS_CLOCK
C_SHARED_SIM_CLOCK_11008_MONOTONE_SAMPLES,EXACT_KEY_OBSERVED,tracking,0,767,"(1452948046641, 3, 18110031447199154478, 1, 2, 6, 764)",1,135735066638878,1,33480000000,1,134613087549345,0,0,0,12000000,PAIRED_ROS_CLOCK
C_SHARED_SIM_CLOCK_11008_MONOTONE_SAMPLES,EXACT_KEY_OBSERVED,tracking,0,768,"(1452948046641, 3, 18110031447199154478, 1, 2, 6, 765)",1,135735066638878,1,33496000000,1,134613087549345,0,0,0,12000000,PAIRED_ROS_CLOCK
C_SHARED_SIM_CLOCK_11008_MONOTONE_SAMPLES,EXACT_KEY_OBSERVED,tracking,0,769,"(1452948046641, 3, 18110031447199154478, 1, 2, 6, 766)",1,135735066638878,1,33512000000,1,134613087549345,0,0,0,12000000,PAIRED_ROS_CLOCK
C_SHARED_SIM_CLOCK_11008_MONOTONE_SAMPLES,EXACT_KEY_OBSERVED,tracking,0,770,"(1452948046641, 3, 18110031447199154478, 1, 2, 6, 767)",1,135735066638878,1,33528000000,1,134613087549345,0,0,0,12000000,PAIRED_ROS_CLOCK
C_SHARED_SIM_CLOCK_11008_MONOTONE_SAMPLES,EXACT_KEY_OBSERVED,tracking,0,771,"(1452948046641, 3, 18110031447199154478, 1, 2, 6, 768)",1,135735066638878,1,33544000000,1,134613087549345,0,0,0,12000000,PAIRED_ROS_CLOCK
C_SHARED_SIM_CLOCK_11008_MONOTONE_SAMPLES,EXACT_KEY_OBSERVED,tracking,0,772,"(1452948046641, 3, 18110031447199154478, 1, 2, 6, 769)",1,135735066638878,1,33560000000,1,134613087549345,0,0,0,12000000,PAIRED_ROS_CLOCK
C_SHARED_SIM_CLOCK_11008_MONOTONE_SAMPLES,EXACT_KEY_OBSERVED,tracking,0,773,"(1452948046641, 3, 18110031447199154478, 1, 2, 6, 770)",1,135735066638878,1,33576000000,1,134613087549345,0,0,0,12000000,PAIRED_ROS_CLOCK
C_SHARED_SIM_CLOCK_11008_MONOTONE_SAMPLES,EXACT_KEY_OBSERVED,tracking,0,774,"(1452948046641, 3, 18110031447199154478, 1, 2, 6, 771)",1,135735066638878,1,33592000000,1,134613087549345,0,0,0,12000000,PAIRED_ROS_CLOCK
C_SHARED_SIM_CLOCK_11008_MONOTONE_SAMPLES,EXACT_KEY_OBSERVED,tracking,0,775,"(1452948046641, 3, 18110031447199154478, 1, 2, 6, 772)",1,135735066638878,1,33608000000,1,134613087549345,0,0,0,12000000,PAIRED_ROS_CLOCK
C_SHARED_SIM_CLOCK_11008_MONOTONE_SAMPLES,EXACT_KEY_OBSERVED,tracking,0,776,"(1452948046641, 3, 18110031447199154478, 1, 2, 6, 773)",1,135735066638878,1,33624000000,1,134613087549345,0,0,0,12000000,PAIRED_ROS_CLOCK
C_SHARED_SIM_CLOCK_11008_MONOTONE_SAMPLES,EXACT_KEY_OBSERVED,tracking,0,777,"(1452948046641, 3, 18110031447199154478, 1, 2, 6, 774)",1,135735066638878,1,33640000000,1,134613087549345,0,0,0,12000000,PAIRED_ROS_CLOCK
C_SHARED_SIM_CLOCK_11008_MONOTONE_SAMPLES,EXACT_KEY_OBSERVED,tracking,0,778,"(1452948046641, 3, 18110031447199154478, 1, 2, 6, 775)",1,135735066638878,1,33656000000,1,134613087549345,0,0,0,12000000,PAIRED_ROS_CLOCK
C_SHARED_SIM_CLOCK_11008_MONOTONE_SAMPLES,EXACT_KEY_OBSERVED,tracking,0,779,"(1452948046641, 3, 18110031447199154478, 1, 2, 6, 776)",1,135735066638878,1,33672000000,1,134613087549345,0,0,0,12000000,PAIRED_ROS_CLOCK
C_SHARED_SIM_CLOCK_11008_MONOTONE_SAMPLES,EXACT_KEY_OBSERVED,tracking,0,780,"(1452948046641, 3, 18110031447199154478, 1, 2, 6, 777)",1,135735066638878,1,33688000000,1,134613087549345,0,0,0,12000000,PAIRED_ROS_CLOCK
C_SHARED_SIM_CLOCK_11008_MONOTONE_SAMPLES,EXACT_KEY_OBSERVED,tracking,0,781,"(1452948046641, 3, 18110031447199154478, 1, 2, 6, 778)",1,135735066638878,1,33704000000,1,134613087549345,0,0,0,12000000,PAIRED_ROS_CLOCK
C_SHARED_SIM_CLOCK_11008_MONOTONE_SAMPLES,EXACT_KEY_OBSERVED,tracking,0,782,"(1452948046641, 3, 18110031447199154478, 1, 2, 6, 779)",1,135735066638878,1,33720000000,1,134613087549345,0,0,0,12000000,PAIRED_ROS_CLOCK
C_SHARED_SIM_CLOCK_11008_MONOTONE_SAMPLES,EXACT_KEY_OBSERVED,tracking,0,783,"(1452948046641, 3, 18110031447199154478, 1, 2, 6, 780)",1,135735066638878,1,33736000000,1,134613087549345,0,0,0,12000000,PAIRED_ROS_CLOCK
C_SHARED_SIM_CLOCK_11008_MONOTONE_SAMPLES,EXACT_KEY_OBSERVED,tracking,0,784,"(1452948046641, 3, 18110031447199154478, 1, 2, 6, 781)",1,135735066638878,1,33752000000,1,134613087549345,0,0,0,12000000,PAIRED_ROS_CLOCK
C_SHARED_SIM_CLOCK_11008_MONOTONE_SAMPLES,EXACT_KEY_OBSERVED,tracking,0,785,"(1452948046641, 3, 18110031447199154478, 1, 2, 6, 782)",1,135735066638878,1,33768000000,1,134613087549345,0,0,0,12000000,PAIRED_ROS_CLOCK
C_SHARED_SIM_CLOCK_11008_MONOTONE_SAMPLES,EXACT_KEY_OBSERVED,tracking,0,786,"(1452948046641, 3, 18110031447199154478, 1, 2, 6, 783)",1,135735066638878,1,33784000000,1,134613087549345,0,0,0,12000000,PAIRED_ROS_CLOCK
C_SHARED_SIM_CLOCK_11008_MONOTONE_SAMPLES,EXACT_KEY_OBSERVED,tracking,0,787,"(1452948046641, 3, 18110031447199154478, 1, 2, 6, 784)",1,135735066638878,1,33800000000,1,134613087549345,0,0,0,12000000,PAIRED_ROS_CLOCK
C_SHARED_SIM_CLOCK_11008_MONOTONE_SAMPLES,EXACT_KEY_OBSERVED,tracking,0,788,"(1452948046641, 3, 18110031447199154478, 1, 2, 6, 785)",1,135735066638878,1,33816000000,1,134613087549345,0,0,0,12000000,PAIRED_ROS_CLOCK
C_SHARED_SIM_CLOCK_11008_MONOTONE_SAMPLES,EXACT_KEY_OBSERVED,tracking,0,789,"(1452948046641, 3, 18110031447199154478, 1, 2, 6, 786)",1,135735066638878,1,33832000000,1,134613087549345,0,0,0,12000000,PAIRED_ROS_CLOCK
C_SHARED_SIM_CLOCK_11008_MONOTONE_SAMPLES,EXACT_KEY_OBSERVED,tracking,0,790,"(1452948046641, 3, 18110031447199154478, 1, 2, 6, 787)",1,135735066638878,1,33848000000,1,134613087549345,0,0,0,12000000,PAIRED_ROS_CLOCK
C_SHARED_SIM_CLOCK_11008_MONOTONE_SAMPLES,EXACT_KEY_OBSERVED,tracking,0,791,"(1452948046641, 3, 18110031447199154478, 1, 2, 6, 788)",1,135735066638878,1,33864000000,1,134613087549345,0,0,0,12000000,PAIRED_ROS_CLOCK
C_SHARED_SIM_CLOCK_11008_MONOTONE_SAMPLES,EXACT_KEY_OBSERVED,tracking,0,792,"(1452948046641, 3, 18110031447199154478, 1, 2, 6, 789)",1,135735066638878,1,33880000000,1,134613087549345,0,0,0,12000000,PAIRED_ROS_CLOCK
C_SHARED_SIM_CLOCK_11008_MONOTONE_SAMPLES,EXACT_KEY_OBSERVED,tracking,0,793,"(1452948046641, 3, 18110031447199154478, 1, 2, 6, 790)",1,135735066638878,1,33896000000,1,134613087549345,0,0,0,12000000,PAIRED_ROS_CLOCK
C_SHARED_SIM_CLOCK_11008_MONOTONE_SAMPLES,EXACT_KEY_OBSERVED,tracking,0,794,"(1452948046641, 3, 18110031447199154478, 1, 2, 6, 791)",1,135735066638878,1,33912000000,1,134613087549345,0,0,0,12000000,PAIRED_ROS_CLOCK
C_SHARED_SIM_CLOCK_11008_MONOTONE_SAMPLES,EXACT_KEY_OBSERVED,tracking,0,795,"(1452948046641, 3, 18110031447199154478, 1, 2, 6, 792)",1,135735066638878,1,33928000000,1,134613087549345,0,0,0,12000000,PAIRED_ROS_CLOCK
C_SHARED_SIM_CLOCK_11008_MONOTONE_SAMPLES,EXACT_KEY_OBSERVED,tracking,0,796,"(1452948046641, 3, 18110031447199154478, 1, 2, 6, 793)",1,135735066638878,1,33944000000,1,134613087549345,0,0,0,12000000,PAIRED_ROS_CLOCK
C_SHARED_SIM_CLOCK_11008_MONOTONE_SAMPLES,EXACT_KEY_OBSERVED,tracking,0,797,"(1452948046641, 3, 18110031447199154478, 1, 2, 6, 794)",1,135735066638878,1,33960000000,1,134613087549345,0,0,0,12000000,PAIRED_ROS_CLOCK
C_SHARED_SIM_CLOCK_11008_MONOTONE_SAMPLES,EXACT_KEY_OBSERVED,tracking,0,798,"(1452948046641, 3, 18110031447199154478, 1, 2, 6, 795)",1,135735066638878,1,33976000000,1,134613087549345,0,0,0,12000000,PAIRED_ROS_CLOCK
C_SHARED_SIM_CLOCK_11008_MONOTONE_SAMPLES,EXACT_KEY_OBSERVED,tracking,0,799,"(1452948046641, 3, 18110031447199154478, 1, 2, 6, 796)",1,135735066638878,1,33992000000,1,134613087549345,0,0,0,12000000,PAIRED_ROS_CLOCK
C_SHARED_SIM_CLOCK_11008_MONOTONE_SAMPLES,EXACT_KEY_OBSERVED,tracking,0,800,"(1452948046641, 3, 18110031447199154478, 1, 2, 6, 797)",1,135735066638878,1,34008000000,1,134613087549345,0,0,0,12000000,PAIRED_ROS_CLOCK
C_SHARED_SIM_CLOCK_11008_MONOTONE_SAMPLES,EXACT_KEY_OBSERVED,tracking,0,801,"(1452948046641, 3, 18110031447199154478, 1, 2, 6, 798)",1,135735066638878,1,34024000000,1,134613087549345,0,0,0,12000000,PAIRED_ROS_CLOCK
C_SHARED_SIM_CLOCK_11008_MONOTONE_SAMPLES,EXACT_KEY_OBSERVED,tracking,0,802,"(1452948046641, 3, 18110031447199154478, 1, 2, 6, 799)",1,135735066638878,1,34040000000,1,134613087549345,0,0,0,12000000,PAIRED_ROS_CLOCK
C_SHARED_SIM_CLOCK_11008_MONOTONE_SAMPLES,EXACT_KEY_OBSERVED,tracking,0,803,"(1452948046641, 4, 18110031447199154478, 2, 3, 7, 800)",1,135735066638878,1,34056000000,1,134613087549345,0,0,0,12000000,PAIRED_ROS_CLOCK
C_SHARED_SIM_CLOCK_11008_MONOTONE_SAMPLES,EXACT_KEY_OBSERVED,tracking,0,804,"(1452948046641, 4, 18110031447199154478, 2, 3, 7, 801)",1,135735066638878,1,34072000000,1,134613087549345,0,0,0,12000000,PAIRED_ROS_CLOCK
C_SHARED_SIM_CLOCK_11008_MONOTONE_SAMPLES,EXACT_KEY_OBSERVED,tracking,0,805,"(1452948046641, 4, 18110031447199154478, 2, 3, 7, 802)",1,135735066638878,1,34088000000,1,134613087549345,0,0,0,12000000,PAIRED_ROS_CLOCK
C_SHARED_SIM_CLOCK_11008_MONOTONE_SAMPLES,EXACT_KEY_OBSERVED,tracking,0,806,"(1452948046641, 4, 18110031447199154478, 2, 3, 7, 803)",1,135735066638878,1,34104000000,1,134613087549345,0,0,0,12000000,PAIRED_ROS_CLOCK
C_SHARED_SIM_CLOCK_11008_MONOTONE_SAMPLES,EXACT_KEY_OBSERVED,tracking,0,807,"(1452948046641, 4, 18110031447199154478, 2, 3, 7, 804)",1,135735066638878,1,34120000000,1,134613087549345,0,0,0,12000000,PAIRED_ROS_CLOCK
C_SHARED_SIM_CLOCK_11008_MONOTONE_SAMPLES,EXACT_KEY_OBSERVED,tracking,0,808,"(1452948046641, 4, 18110031447199154478, 2, 3, 7, 805)",1,135735066638878,1,34136000000,1,134613087549345,0,0,0,12000000,PAIRED_ROS_CLOCK
C_SHARED_SIM_CLOCK_11008_MONOTONE_SAMPLES,EXACT_KEY_OBSERVED,tracking,0,809,"(1452948046641, 4, 18110031447199154478, 2, 3, 7, 806)",1,135735066638878,1,34152000000,1,134613087549345,0,0,0,12000000,PAIRED_ROS_CLOCK
C_SHARED_SIM_CLOCK_11008_MONOTONE_SAMPLES,EXACT_KEY_OBSERVED,tracking,0,810,"(1452948046641, 4, 18110031447199154478, 2, 3, 7, 807)",1,135735066638878,1,34168000000,1,134613087549345,0,0,0,12000000,PAIRED_ROS_CLOCK
C_SHARED_SIM_CLOCK_11008_MONOTONE_SAMPLES,EXACT_KEY_OBSERVED,tracking,0,811,"(1452948046641, 4, 18110031447199154478, 2, 3, 7, 808)",1,135735066638878,1,34184000000,1,134613087549345,0,0,0,12000000,PAIRED_ROS_CLOCK
C_SHARED_SIM_CLOCK_11008_MONOTONE_SAMPLES,EXACT_KEY_OBSERVED,tracking,0,812,"(1452948046641, 4, 18110031447199154478, 2, 3, 7, 809)",1,135735066638878,1,34200000000,1,134613087549345,0,0,0,12000000,PAIRED_ROS_CLOCK
C_SHARED_SIM_CLOCK_11008_MONOTONE_SAMPLES,EXACT_KEY_OBSERVED,tracking,0,813,"(1452948046641, 4, 18110031447199154478, 2, 3, 7, 810)",1,135735066638878,1,34216000000,1,134613087549345,0,0,0,12000000,PAIRED_ROS_CLOCK
C_SHARED_SIM_CLOCK_11008_MONOTONE_SAMPLES,EXACT_KEY_OBSERVED,tracking,0,814,"(1452948046641, 4, 18110031447199154478, 2, 3, 7, 811)",1,135735066638878,1,34232000000,1,134613087549345,0,0,0,12000000,PAIRED_ROS_CLOCK
C_SHARED_SIM_CLOCK_11008_MONOTONE_SAMPLES,EXACT_KEY_OBSERVED,tracking,0,815,"(1452948046641, 4, 18110031447199154478, 2, 3, 7, 812)",1,135735066638878,1,34248000000,1,134613087549345,0,0,0,12000000,PAIRED_ROS_CLOCK
C_SHARED_SIM_CLOCK_11008_MONOTONE_SAMPLES,EXACT_KEY_OBSERVED,tracking,0,816,"(1452948046641, 4, 18110031447199154478, 2, 3, 7, 813)",1,135735066638878,1,34264000000,1,134613087549345,0,0,0,12000000,PAIRED_ROS_CLOCK
C_SHARED_SIM_CLOCK_11008_MONOTONE_SAMPLES,EXACT_KEY_OBSERVED,tracking,0,817,"(1452948046641, 4, 18110031447199154478, 2, 3, 7, 814)",1,135735066638878,1,34280000000,1,134613087549345,0,0,0,12000000,PAIRED_ROS_CLOCK
C_SHARED_SIM_CLOCK_11008_MONOTONE_SAMPLES,EXACT_KEY_OBSERVED,tracking,0,818,"(1452948046641, 4, 18110031447199154478, 2, 3, 7, 815)",1,135735066638878,1,34296000000,1,134613087549345,0,0,0,12000000,PAIRED_ROS_CLOCK
C_SHARED_SIM_CLOCK_11008_MONOTONE_SAMPLES,EXACT_KEY_OBSERVED,tracking,0,819,"(1452948046641, 4, 18110031447199154478, 2, 3, 7, 816)",1,135735066638878,1,34312000000,1,134613087549345,0,0,0,12000000,PAIRED_ROS_CLOCK
C_SHARED_SIM_CLOCK_11008_MONOTONE_SAMPLES,EXACT_KEY_OBSERVED,tracking,0,820,"(1452948046641, 4, 18110031447199154478, 2, 3, 7, 817)",1,135735066638878,1,34328000000,1,134613087549345,0,0,0,12000000,PAIRED_ROS_CLOCK
C_SHARED_SIM_CLOCK_11008_MONOTONE_SAMPLES,EXACT_KEY_OBSERVED,tracking,0,821,"(1452948046641, 4, 18110031447199154478, 2, 3, 7, 818)",1,135735066638878,1,34344000000,1,134613087549345,0,0,0,12000000,PAIRED_ROS_CLOCK
C_SHARED_SIM_CLOCK_11008_MONOTONE_SAMPLES,EXACT_KEY_OBSERVED,tracking,0,822,"(1452948046641, 4, 18110031447199154478, 2, 3, 7, 819)",1,135735066638878,1,34360000000,1,134613087549345,0,0,0,12000000,PAIRED_ROS_CLOCK
C_SHARED_SIM_CLOCK_11008_MONOTONE_SAMPLES,EXACT_KEY_OBSERVED,tracking,0,823,"(1452948046641, 4, 18110031447199154478, 2, 3, 7, 820)",1,135735066638878,1,34376000000,1,134613087549345,0,0,0,12000000,PAIRED_ROS_CLOCK
C_SHARED_SIM_CLOCK_11008_MONOTONE_SAMPLES,EXACT_KEY_OBSERVED,tracking,0,824,"(1452948046641, 4, 18110031447199154478, 2, 3, 7, 821)",1,135735066638878,1,34392000000,1,134613087549345,0,0,0,12000000,PAIRED_ROS_CLOCK
C_SHARED_SIM_CLOCK_11008_MONOTONE_SAMPLES,EXACT_KEY_OBSERVED,tracking,0,825,"(1452948046641, 4, 18110031447199154478, 2, 3, 7, 822)",1,135735066638878,1,34408000000,1,134613087549345,0,0,0,12000000,PAIRED_ROS_CLOCK
C_SHARED_SIM_CLOCK_11008_MONOTONE_SAMPLES,EXACT_KEY_OBSERVED,tracking,0,826,"(1452948046641, 4, 18110031447199154478, 2, 3, 7, 823)",1,135735066638878,1,34424000000,1,134613087549345,0,0,0,12000000,PAIRED_ROS_CLOCK
C_SHARED_SIM_CLOCK_11008_MONOTONE_SAMPLES,EXACT_KEY_OBSERVED,tracking,0,827,"(1452948046641, 4, 18110031447199154478, 2, 3, 7, 824)",1,135735066638878,1,34440000000,1,134613087549345,0,0,0,12000000,PAIRED_ROS_CLOCK
C_SHARED_SIM_CLOCK_11008_MONOTONE_SAMPLES,EXACT_KEY_OBSERVED,tracking,0,828,"(1452948046641, 4, 18110031447199154478, 2, 3, 7, 825)",1,135735066638878,1,34456000000,1,134613087549345,0,0,0,12000000,PAIRED_ROS_CLOCK
C_SHARED_SIM_CLOCK_11008_MONOTONE_SAMPLES,EXACT_KEY_OBSERVED,tracking,0,829,"(1452948046641, 4, 18110031447199154478, 2, 3, 7, 826)",1,135735066638878,1,34472000000,1,134613087549345,0,0,0,12000000,PAIRED_ROS_CLOCK
C_SHARED_SIM_CLOCK_11008_MONOTONE_SAMPLES,EXACT_KEY_OBSERVED,tracking,0,830,"(1452948046641, 4, 18110031447199154478, 2, 3, 7, 827)",1,135735066638878,1,34488000000,1,134613087549345,0,0,0,12000000,PAIRED_ROS_CLOCK
C_SHARED_SIM_CLOCK_11008_MONOTONE_SAMPLES,EXACT_KEY_OBSERVED,tracking,0,831,"(1452948046641, 4, 18110031447199154478, 2, 3, 7, 828)",1,135735066638878,1,34504000000,1,134613087549345,0,0,0,12000000,PAIRED_ROS_CLOCK
C_SHARED_SIM_CLOCK_11008_MONOTONE_SAMPLES,EXACT_KEY_OBSERVED,tracking,0,832,"(1452948046641, 4, 18110031447199154478, 2, 3, 7, 829)",1,135735066638878,1,34520000000,1,134613087549345,0,0,0,12000000,PAIRED_ROS_CLOCK
C_SHARED_SIM_CLOCK_11008_MONOTONE_SAMPLES,EXACT_KEY_OBSERVED,tracking,0,833,"(1452948046641, 4, 18110031447199154478, 2, 3, 7, 830)",1,135735066638878,1,34536000000,1,134613087549345,0,0,0,12000000,PAIRED_ROS_CLOCK
C_SHARED_SIM_CLOCK_11008_MONOTONE_SAMPLES,EXACT_KEY_OBSERVED,tracking,0,834,"(1452948046641, 4, 18110031447199154478, 2, 3, 7, 831)",1,135735066638878,1,34552000000,1,134613087549345,0,0,0,12000000,PAIRED_ROS_CLOCK
C_SHARED_SIM_CLOCK_11008_MONOTONE_SAMPLES,EXACT_KEY_OBSERVED,tracking,0,835,"(1452948046641, 4, 18110031447199154478, 2, 3, 7, 832)",1,135735066638878,1,34568000000,1,134613087549345,0,0,0,12000000,PAIRED_ROS_CLOCK
C_SHARED_SIM_CLOCK_11008_MONOTONE_SAMPLES,EXACT_KEY_OBSERVED,tracking,0,836,"(1452948046641, 4, 18110031447199154478, 2, 3, 7, 833)",1,135735066638878,1,34584000000,1,134613087549345,0,0,0,12000000,PAIRED_ROS_CLOCK
C_SHARED_SIM_CLOCK_11008_MONOTONE_SAMPLES,EXACT_KEY_OBSERVED,tracking,0,837,"(1452948046641, 4, 18110031447199154478, 2, 3, 7, 834)",1,135735066638878,1,34600000000,1,134613087549345,0,0,0,12000000,PAIRED_ROS_CLOCK
C_SHARED_SIM_CLOCK_11008_MONOTONE_SAMPLES,EXACT_KEY_OBSERVED,tracking,0,838,"(1452948046641, 4, 18110031447199154478, 2, 3, 7, 835)",1,135735066638878,1,34616000000,1,134613087549345,0,0,0,12000000,PAIRED_ROS_CLOCK
C_SHARED_SIM_CLOCK_11008_MONOTONE_SAMPLES,EXACT_KEY_OBSERVED,tracking,0,839,"(1452948046641, 4, 18110031447199154478, 2, 3, 7, 836)",1,135735066638878,1,34632000000,1,134613087549345,0,0,0,12000000,PAIRED_ROS_CLOCK
C_SHARED_SIM_CLOCK_11008_MONOTONE_SAMPLES,EXACT_KEY_OBSERVED,tracking,0,840,"(1452948046641, 4, 18110031447199154478, 2, 3, 7, 837)",1,135735066638878,1,34648000000,1,134613087549345,0,0,0,12000000,PAIRED_ROS_CLOCK
C_SHARED_SIM_CLOCK_11008_MONOTONE_SAMPLES,EXACT_KEY_OBSERVED,tracking,0,841,"(1452948046641, 4, 18110031447199154478, 2, 3, 7, 838)",1,135735066638878,1,34664000000,1,134613087549345,0,0,0,12000000,PAIRED_ROS_CLOCK
C_SHARED_SIM_CLOCK_11008_MONOTONE_SAMPLES,EXACT_KEY_OBSERVED,tracking,0,842,"(1452948046641, 4, 18110031447199154478, 2, 3, 7, 839)",1,135735066638878,1,34680000000,1,134613087549345,0,0,0,12000000,PAIRED_ROS_CLOCK
C_SHARED_SIM_CLOCK_11008_MONOTONE_SAMPLES,EXACT_KEY_OBSERVED,tracking,0,843,"(1452948046641, 4, 18110031447199154478, 2, 3, 7, 840)",1,135735066638878,1,34696000000,1,134613087549345,0,0,0,12000000,PAIRED_ROS_CLOCK
C_SHARED_SIM_CLOCK_11008_MONOTONE_SAMPLES,EXACT_KEY_OBSERVED,tracking,0,844,"(1452948046641, 4, 18110031447199154478, 2, 3, 7, 841)",1,135735066638878,1,34712000000,1,134613087549345,0,0,0,12000000,PAIRED_ROS_CLOCK
C_SHARED_SIM_CLOCK_11008_MONOTONE_SAMPLES,EXACT_KEY_OBSERVED,tracking,0,845,"(1452948046641, 4, 18110031447199154478, 2, 3, 7, 842)",1,135735066638878,1,34728000000,1,134613087549345,0,0,0,12000000,PAIRED_ROS_CLOCK
C_SHARED_SIM_CLOCK_11008_MONOTONE_SAMPLES,EXACT_KEY_OBSERVED,tracking,0,846,"(1452948046641, 4, 18110031447199154478, 2, 3, 7, 843)",1,135735066638878,1,34744000000,1,134613087549345,0,0,0,12000000,PAIRED_ROS_CLOCK
C_SHARED_SIM_CLOCK_11008_MONOTONE_SAMPLES,EXACT_KEY_OBSERVED,tracking,0,847,"(1452948046641, 4, 18110031447199154478, 2, 3, 7, 844)",1,135735066638878,1,34760000000,1,134613087549345,0,0,0,12000000,PAIRED_ROS_CLOCK
C_SHARED_SIM_CLOCK_11008_MONOTONE_SAMPLES,EXACT_KEY_OBSERVED,tracking,0,848,"(1452948046641, 4, 18110031447199154478, 2, 3, 7, 845)",1,135735066638878,1,34776000000,1,134613087549345,0,0,0,12000000,PAIRED_ROS_CLOCK
C_SHARED_SIM_CLOCK_11008_MONOTONE_SAMPLES,EXACT_KEY_OBSERVED,tracking,0,849,"(1452948046641, 4, 18110031447199154478, 2, 3, 7, 846)",1,135735066638878,1,34792000000,1,134613087549345,0,0,0,12000000,PAIRED_ROS_CLOCK
C_SHARED_SIM_CLOCK_11008_MONOTONE_SAMPLES,EXACT_KEY_OBSERVED,tracking,0,850,"(1452948046641, 4, 18110031447199154478, 2, 3, 7, 847)",1,135735066638878,1,34808000000,1,134613087549345,0,0,0,12000000,PAIRED_ROS_CLOCK
C_SHARED_SIM_CLOCK_11008_MONOTONE_SAMPLES,EXACT_KEY_OBSERVED,tracking,0,851,"(1452948046641, 4, 18110031447199154478, 2, 3, 7, 848)",1,135735066638878,1,34824000000,1,134613087549345,0,0,0,12000000,PAIRED_ROS_CLOCK
C_SHARED_SIM_CLOCK_11008_MONOTONE_SAMPLES,EXACT_KEY_OBSERVED,tracking,0,852,"(1452948046641, 4, 18110031447199154478, 2, 3, 7, 849)",1,135735066638878,1,34840000000,1,134613087549345,0,0,0,12000000,PAIRED_ROS_CLOCK
C_SHARED_SIM_CLOCK_11008_MONOTONE_SAMPLES,EXACT_KEY_OBSERVED,tracking,0,853,"(1452948046641, 4, 18110031447199154478, 2, 3, 7, 850)",1,135735066638878,1,34856000000,1,134613087549345,0,0,0,12000000,PAIRED_ROS_CLOCK
C_SHARED_SIM_CLOCK_11008_MONOTONE_SAMPLES,EXACT_KEY_OBSERVED,tracking,0,854,"(1452948046641, 4, 18110031447199154478, 2, 3, 7, 851)",1,135735066638878,1,34872000000,1,134613087549345,0,0,0,12000000,PAIRED_ROS_CLOCK
C_SHARED_SIM_CLOCK_11008_MONOTONE_SAMPLES,EXACT_KEY_OBSERVED,tracking,0,855,"(1452948046641, 4, 18110031447199154478, 2, 3, 7, 852)",1,135735066638878,1,34888000000,1,134613087549345,0,0,0,12000000,PAIRED_ROS_CLOCK
C_SHARED_SIM_CLOCK_11008_MONOTONE_SAMPLES,EXACT_KEY_OBSERVED,tracking,0,856,"(1452948046641, 4, 18110031447199154478, 2, 3, 7, 853)",1,135735066638878,1,34904000000,1,134613087549345,0,0,0,12000000,PAIRED_ROS_CLOCK
C_SHARED_SIM_CLOCK_11008_MONOTONE_SAMPLES,EXACT_KEY_OBSERVED,tracking,0,857,"(1452948046641, 4, 18110031447199154478, 2, 3, 7, 854)",1,135735066638878,1,34920000000,1,134613087549345,0,0,0,12000000,PAIRED_ROS_CLOCK
C_SHARED_SIM_CLOCK_11008_MONOTONE_SAMPLES,EXACT_KEY_OBSERVED,tracking,0,858,"(1452948046641, 4, 18110031447199154478, 2, 3, 7, 855)",1,135735066638878,1,34936000000,1,134613087549345,0,0,0,12000000,PAIRED_ROS_CLOCK
C_SHARED_SIM_CLOCK_11008_MONOTONE_SAMPLES,EXACT_KEY_OBSERVED,tracking,0,859,"(1452948046641, 4, 18110031447199154478, 2, 3, 7, 856)",1,135735066638878,1,34952000000,1,134613087549345,0,0,0,12000000,PAIRED_ROS_CLOCK
C_SHARED_SIM_CLOCK_11008_MONOTONE_SAMPLES,EXACT_KEY_OBSERVED,tracking,0,860,"(1452948046641, 4, 18110031447199154478, 2, 3, 7, 857)",1,135735066638878,1,34968000000,1,134613087549345,0,0,0,12000000,PAIRED_ROS_CLOCK
C_SHARED_SIM_CLOCK_11008_MONOTONE_SAMPLES,EXACT_KEY_OBSERVED,tracking,0,861,"(1452948046641, 4, 18110031447199154478, 2, 3, 7, 858)",1,135735066638878,1,34984000000,1,134613087549345,0,0,0,12000000,PAIRED_ROS_CLOCK
C_SHARED_SIM_CLOCK_11008_MONOTONE_SAMPLES,EXACT_KEY_OBSERVED,tracking,0,862,"(1452948046641, 4, 18110031447199154478, 2, 3, 7, 859)",1,135735066638878,1,35000000000,1,134613087549345,0,0,0,12000000,PAIRED_ROS_CLOCK
C_SHARED_SIM_CLOCK_11008_MONOTONE_SAMPLES,EXACT_KEY_OBSERVED,tracking,0,863,"(1452948046641, 4, 18110031447199154478, 2, 3, 7, 860)",1,135735066638878,1,35016000000,1,134613087549345,0,0,0,12000000,PAIRED_ROS_CLOCK
C_SHARED_SIM_CLOCK_11008_MONOTONE_SAMPLES,EXACT_KEY_OBSERVED,tracking,0,864,"(1452948046641, 4, 18110031447199154478, 2, 3, 7, 861)",1,135735066638878,1,35032000000,1,134613087549345,0,0,0,12000000,PAIRED_ROS_CLOCK
C_SHARED_SIM_CLOCK_11008_MONOTONE_SAMPLES,EXACT_KEY_OBSERVED,tracking,0,865,"(1452948046641, 4, 18110031447199154478, 2, 3, 7, 862)",1,135735066638878,1,35048000000,1,134613087549345,0,0,0,12000000,PAIRED_ROS_CLOCK
C_SHARED_SIM_CLOCK_11008_MONOTONE_SAMPLES,EXACT_KEY_OBSERVED,tracking,0,866,"(1452948046641, 4, 18110031447199154478, 2, 3, 7, 863)",1,135735066638878,1,35064000000,1,134613087549345,0,0,0,12000000,PAIRED_ROS_CLOCK
C_SHARED_SIM_CLOCK_11008_MONOTONE_SAMPLES,EXACT_KEY_OBSERVED,tracking,0,867,"(1452948046641, 4, 18110031447199154478, 2, 3, 7, 864)",1,135735066638878,1,35080000000,1,134613087549345,0,0,0,12000000,PAIRED_ROS_CLOCK
C_SHARED_SIM_CLOCK_11008_MONOTONE_SAMPLES,EXACT_KEY_OBSERVED,tracking,0,868,"(1452948046641, 4, 18110031447199154478, 2, 3, 7, 865)",1,135735066638878,1,35096000000,1,134613087549345,0,0,0,12000000,PAIRED_ROS_CLOCK
C_SHARED_SIM_CLOCK_11008_MONOTONE_SAMPLES,EXACT_KEY_OBSERVED,tracking,0,869,"(1452948046641, 4, 18110031447199154478, 2, 3, 7, 866)",1,135735066638878,1,35112000000,1,134613087549345,0,0,0,12000000,PAIRED_ROS_CLOCK
C_SHARED_SIM_CLOCK_11008_MONOTONE_SAMPLES,EXACT_KEY_OBSERVED,tracking,0,870,"(1452948046641, 4, 18110031447199154478, 2, 3, 7, 867)",1,135735066638878,1,35128000000,1,134613087549345,0,0,0,12000000,PAIRED_ROS_CLOCK
C_SHARED_SIM_CLOCK_11008_MONOTONE_SAMPLES,EXACT_KEY_OBSERVED,tracking,0,871,"(1452948046641, 4, 18110031447199154478, 2, 3, 7, 868)",1,135735066638878,1,35144000000,1,134613087549345,0,0,0,12000000,PAIRED_ROS_CLOCK
C_SHARED_SIM_CLOCK_11008_MONOTONE_SAMPLES,EXACT_KEY_OBSERVED,tracking,0,872,"(1452948046641, 4, 18110031447199154478, 2, 3, 7, 869)",1,135735066638878,1,35160000000,1,134613087549345,0,0,0,12000000,PAIRED_ROS_CLOCK
C_SHARED_SIM_CLOCK_11008_MONOTONE_SAMPLES,EXACT_KEY_OBSERVED,tracking,0,873,"(1452948046641, 4, 18110031447199154478, 2, 3, 7, 870)",1,135735066638878,1,35176000000,1,134613087549345,0,0,0,12000000,PAIRED_ROS_CLOCK
C_SHARED_SIM_CLOCK_11008_MONOTONE_SAMPLES,EXACT_KEY_OBSERVED,tracking,0,874,"(1452948046641, 4, 18110031447199154478, 2, 3, 7, 871)",1,135735066638878,1,35192000000,1,134613087549345,0,0,0,12000000,PAIRED_ROS_CLOCK
C_SHARED_SIM_CLOCK_11008_MONOTONE_SAMPLES,EXACT_KEY_OBSERVED,tracking,0,875,"(1452948046641, 4, 18110031447199154478, 2, 3, 7, 872)",1,135735066638878,1,35208000000,1,134613087549345,0,0,0,12000000,PAIRED_ROS_CLOCK
C_SHARED_SIM_CLOCK_11008_MONOTONE_SAMPLES,EXACT_KEY_OBSERVED,tracking,0,876,"(1452948046641, 4, 18110031447199154478, 2, 3, 7, 873)",1,135735066638878,1,35224000000,1,134613087549345,0,0,0,12000000,PAIRED_ROS_CLOCK
C_SHARED_SIM_CLOCK_11008_MONOTONE_SAMPLES,EXACT_KEY_OBSERVED,tracking,0,877,"(1452948046641, 4, 18110031447199154478, 2, 3, 7, 874)",1,135735066638878,1,35240000000,1,134613087549345,0,0,0,12000000,PAIRED_ROS_CLOCK
C_SHARED_SIM_CLOCK_11008_MONOTONE_SAMPLES,EXACT_KEY_OBSERVED,tracking,0,878,"(1452948046641, 4, 18110031447199154478, 2, 3, 7, 875)",1,135735066638878,1,35256000000,1,134613087549345,0,0,0,12000000,PAIRED_ROS_CLOCK
C_SHARED_SIM_CLOCK_11008_MONOTONE_SAMPLES,EXACT_KEY_OBSERVED,tracking,0,879,"(1452948046641, 4, 18110031447199154478, 2, 3, 7, 876)",1,135735066638878,1,35272000000,1,134613087549345,0,0,0,12000000,PAIRED_ROS_CLOCK
C_SHARED_SIM_CLOCK_11008_MONOTONE_SAMPLES,EXACT_KEY_OBSERVED,tracking,0,880,"(1452948046641, 4, 18110031447199154478, 2, 3, 7, 877)",1,135735066638878,1,35288000000,1,134613087549345,0,0,0,12000000,PAIRED_ROS_CLOCK
C_SHARED_SIM_CLOCK_11008_MONOTONE_SAMPLES,EXACT_KEY_OBSERVED,tracking,0,881,"(1452948046641, 4, 18110031447199154478, 2, 3, 7, 878)",1,135735066638878,1,35304000000,1,134613087549345,0,0,0,12000000,PAIRED_ROS_CLOCK
C_SHARED_SIM_CLOCK_11008_MONOTONE_SAMPLES,EXACT_KEY_OBSERVED,tracking,0,882,"(1452948046641, 4, 18110031447199154478, 2, 3, 7, 879)",1,135735066638878,1,35320000000,1,134613087549345,0,0,0,12000000,PAIRED_ROS_CLOCK
C_SHARED_SIM_CLOCK_11008_MONOTONE_SAMPLES,EXACT_KEY_OBSERVED,tracking,0,883,"(1452948046641, 4, 18110031447199154478, 2, 3, 7, 880)",1,135735066638878,1,35336000000,1,134613087549345,0,0,0,12000000,PAIRED_ROS_CLOCK
C_SHARED_SIM_CLOCK_11008_MONOTONE_SAMPLES,EXACT_KEY_OBSERVED,tracking,0,884,"(1452948046641, 4, 18110031447199154478, 2, 3, 7, 881)",1,135735066638878,1,35352000000,1,134613087549345,0,0,0,12000000,PAIRED_ROS_CLOCK
C_SHARED_SIM_CLOCK_11008_MONOTONE_SAMPLES,EXACT_KEY_OBSERVED,tracking,0,885,"(1452948046641, 4, 18110031447199154478, 2, 3, 7, 882)",1,135735066638878,1,35368000000,1,134613087549345,0,0,0,12000000,PAIRED_ROS_CLOCK
C_SHARED_SIM_CLOCK_11008_MONOTONE_SAMPLES,EXACT_KEY_OBSERVED,tracking,0,886,"(1452948046641, 4, 18110031447199154478, 2, 3, 7, 883)",1,135735066638878,1,35384000000,1,134613087549345,0,0,0,12000000,PAIRED_ROS_CLOCK
C_SHARED_SIM_CLOCK_11008_MONOTONE_SAMPLES,EXACT_KEY_OBSERVED,tracking,0,887,"(1452948046641, 4, 18110031447199154478, 2, 3, 7, 884)",1,135735066638878,1,35400000000,1,134613087549345,0,0,0,12000000,PAIRED_ROS_CLOCK
C_SHARED_SIM_CLOCK_11008_MONOTONE_SAMPLES,EXACT_KEY_OBSERVED,tracking,0,888,"(1452948046641, 4, 18110031447199154478, 2, 3, 7, 885)",1,135735066638878,1,35416000000,1,134613087549345,0,0,0,12000000,PAIRED_ROS_CLOCK
C_SHARED_SIM_CLOCK_11008_MONOTONE_SAMPLES,EXACT_KEY_OBSERVED,tracking,0,889,"(1452948046641, 4, 18110031447199154478, 2, 3, 7, 886)",1,135735066638878,1,35432000000,1,134613087549345,0,0,0,12000000,PAIRED_ROS_CLOCK
C_SHARED_SIM_CLOCK_11008_MONOTONE_SAMPLES,EXACT_KEY_OBSERVED,tracking,0,890,"(1452948046641, 4, 18110031447199154478, 2, 3, 7, 887)",1,135735066638878,1,35448000000,1,134613087549345,0,0,0,12000000,PAIRED_ROS_CLOCK
C_SHARED_SIM_CLOCK_11008_MONOTONE_SAMPLES,EXACT_KEY_OBSERVED,tracking,0,891,"(1452948046641, 4, 18110031447199154478, 2, 3, 7, 888)",1,135735066638878,1,35464000000,1,134613087549345,0,0,0,12000000,PAIRED_ROS_CLOCK
C_SHARED_SIM_CLOCK_11008_MONOTONE_SAMPLES,EXACT_KEY_OBSERVED,tracking,0,892,"(1452948046641, 4, 18110031447199154478, 2, 3, 7, 889)",1,135735066638878,1,35480000000,1,134613087549345,0,0,0,12000000,PAIRED_ROS_CLOCK
C_SHARED_SIM_CLOCK_11008_MONOTONE_SAMPLES,EXACT_KEY_OBSERVED,tracking,0,893,"(1452948046641, 4, 18110031447199154478, 2, 3, 7, 890)",1,135735066638878,1,35496000000,1,134613087549345,0,0,0,12000000,PAIRED_ROS_CLOCK
C_SHARED_SIM_CLOCK_11008_MONOTONE_SAMPLES,EXACT_KEY_OBSERVED,tracking,0,894,"(1452948046641, 4, 18110031447199154478, 2, 3, 7, 891)",1,135735066638878,1,35512000000,1,134613087549345,0,0,0,12000000,PAIRED_ROS_CLOCK
C_SHARED_SIM_CLOCK_11008_MONOTONE_SAMPLES,EXACT_KEY_OBSERVED,tracking,0,895,"(1452948046641, 4, 18110031447199154478, 2, 3, 7, 892)",1,135735066638878,1,35528000000,1,134613087549345,0,0,0,12000000,PAIRED_ROS_CLOCK
C_SHARED_SIM_CLOCK_11008_MONOTONE_SAMPLES,EXACT_KEY_OBSERVED,tracking,0,896,"(1452948046641, 4, 18110031447199154478, 2, 3, 7, 893)",1,135735066638878,1,35544000000,1,134613087549345,0,0,0,12000000,PAIRED_ROS_CLOCK
C_SHARED_SIM_CLOCK_11008_MONOTONE_SAMPLES,EXACT_KEY_OBSERVED,tracking,0,897,"(1452948046641, 4, 18110031447199154478, 2, 3, 7, 894)",1,135735066638878,1,35560000000,1,134613087549345,0,0,0,12000000,PAIRED_ROS_CLOCK
C_SHARED_SIM_CLOCK_11008_MONOTONE_SAMPLES,EXACT_KEY_OBSERVED,tracking,0,898,"(1452948046641, 4, 18110031447199154478, 2, 3, 7, 895)",1,135735066638878,1,35576000000,1,134613087549345,0,0,0,12000000,PAIRED_ROS_CLOCK
C_SHARED_SIM_CLOCK_11008_MONOTONE_SAMPLES,EXACT_KEY_OBSERVED,tracking,0,899,"(1452948046641, 4, 18110031447199154478, 2, 3, 7, 896)",1,135735066638878,1,35592000000,1,134613087549345,0,0,0,12000000,PAIRED_ROS_CLOCK
C_SHARED_SIM_CLOCK_11008_MONOTONE_SAMPLES,EXACT_KEY_OBSERVED,tracking,0,900,"(1452948046641, 4, 18110031447199154478, 2, 3, 7, 897)",1,135735066638878,1,35608000000,1,134613087549345,0,0,0,12000000,PAIRED_ROS_CLOCK
C_SHARED_SIM_CLOCK_11008_MONOTONE_SAMPLES,EXACT_KEY_OBSERVED,tracking,0,901,"(1452948046641, 4, 18110031447199154478, 2, 3, 7, 898)",1,135735066638878,1,35624000000,1,134613087549345,0,0,0,12000000,PAIRED_ROS_CLOCK
C_SHARED_SIM_CLOCK_11008_MONOTONE_SAMPLES,EXACT_KEY_OBSERVED,tracking,0,902,"(1452948046641, 4, 18110031447199154478, 2, 3, 7, 899)",1,135735066638878,1,35640000000,1,134613087549345,0,0,0,12000000,PAIRED_ROS_CLOCK
C_SHARED_SIM_CLOCK_11008_MONOTONE_SAMPLES,EXACT_KEY_OBSERVED,tracking,0,903,"(1452948046641, 4, 18110031447199154478, 2, 3, 9, 900)",1,135735066638878,1,35656000000,1,134613087549345,0,0,0,12000000,PAIRED_ROS_CLOCK
C_SHARED_SIM_CLOCK_11008_MONOTONE_SAMPLES,EXACT_KEY_OBSERVED,tracking,0,904,"(1452948046641, 4, 18110031447199154478, 2, 3, 9, 901)",1,135735066638878,1,35672000000,1,134613087549345,0,0,0,12000000,PAIRED_ROS_CLOCK
C_SHARED_SIM_CLOCK_11008_MONOTONE_SAMPLES,EXACT_KEY_OBSERVED,tracking,0,905,"(1452948046641, 4, 18110031447199154478, 2, 3, 9, 902)",1,135735066638878,1,35688000000,1,134613087549345,0,0,0,12000000,PAIRED_ROS_CLOCK
C_SHARED_SIM_CLOCK_11008_MONOTONE_SAMPLES,EXACT_KEY_OBSERVED,tracking,0,906,"(1452948046641, 4, 18110031447199154478, 2, 3, 9, 903)",1,135735066638878,1,35704000000,1,134613087549345,0,0,0,12000000,PAIRED_ROS_CLOCK
C_SHARED_SIM_CLOCK_11008_MONOTONE_SAMPLES,EXACT_KEY_OBSERVED,tracking,0,907,"(1452948046641, 4, 18110031447199154478, 2, 3, 9, 904)",1,135735066638878,1,35720000000,1,134613087549345,0,0,0,12000000,PAIRED_ROS_CLOCK
C_SHARED_SIM_CLOCK_11008_MONOTONE_SAMPLES,EXACT_KEY_OBSERVED,tracking,0,908,"(1452948046641, 4, 18110031447199154478, 2, 3, 9, 905)",1,135735066638878,1,35736000000,1,134613087549345,0,0,0,12000000,PAIRED_ROS_CLOCK
C_SHARED_SIM_CLOCK_11008_MONOTONE_SAMPLES,EXACT_KEY_OBSERVED,tracking,0,909,"(1452948046641, 4, 18110031447199154478, 2, 3, 9, 906)",1,135735066638878,1,35752000000,1,134613087549345,0,0,0,12000000,PAIRED_ROS_CLOCK
C_SHARED_SIM_CLOCK_11008_MONOTONE_SAMPLES,EXACT_KEY_OBSERVED,tracking,0,910,"(1452948046641, 4, 18110031447199154478, 2, 3, 9, 907)",1,135735066638878,1,35768000000,1,134613087549345,0,0,0,12000000,PAIRED_ROS_CLOCK
C_SHARED_SIM_CLOCK_11008_MONOTONE_SAMPLES,EXACT_KEY_OBSERVED,tracking,0,911,"(1452948046641, 4, 18110031447199154478, 2, 3, 9, 908)",1,135735066638878,1,35784000000,1,134613087549345,0,0,0,12000000,PAIRED_ROS_CLOCK
C_SHARED_SIM_CLOCK_11008_MONOTONE_SAMPLES,EXACT_KEY_OBSERVED,tracking,0,912,"(1452948046641, 4, 18110031447199154478, 2, 3, 9, 909)",1,135735066638878,1,35800000000,1,134613087549345,0,0,0,12000000,PAIRED_ROS_CLOCK
C_SHARED_SIM_CLOCK_11008_MONOTONE_SAMPLES,EXACT_KEY_OBSERVED,tracking,0,913,"(1452948046641, 4, 18110031447199154478, 2, 3, 9, 910)",1,135735066638878,1,35816000000,1,134613087549345,0,0,0,12000000,PAIRED_ROS_CLOCK
C_SHARED_SIM_CLOCK_11008_MONOTONE_SAMPLES,EXACT_KEY_OBSERVED,tracking,0,914,"(1452948046641, 4, 18110031447199154478, 2, 3, 9, 911)",1,135735066638878,1,35832000000,1,134613087549345,0,0,0,12000000,PAIRED_ROS_CLOCK
C_SHARED_SIM_CLOCK_11008_MONOTONE_SAMPLES,EXACT_KEY_OBSERVED,tracking,0,915,"(1452948046641, 4, 18110031447199154478, 2, 3, 9, 912)",1,135735066638878,1,35848000000,1,134613087549345,0,0,0,12000000,PAIRED_ROS_CLOCK
C_SHARED_SIM_CLOCK_11008_MONOTONE_SAMPLES,EXACT_KEY_OBSERVED,tracking,0,916,"(1452948046641, 4, 18110031447199154478, 2, 3, 9, 913)",1,135735066638878,1,35864000000,1,134613087549345,0,0,0,12000000,PAIRED_ROS_CLOCK
C_SHARED_SIM_CLOCK_11008_MONOTONE_SAMPLES,EXACT_KEY_OBSERVED,tracking,0,917,"(1452948046641, 4, 18110031447199154478, 2, 3, 9, 914)",1,135735066638878,1,35880000000,1,134613087549345,0,0,0,12000000,PAIRED_ROS_CLOCK
C_SHARED_SIM_CLOCK_11008_MONOTONE_SAMPLES,EXACT_KEY_OBSERVED,tracking,0,918,"(1452948046641, 4, 18110031447199154478, 2, 3, 9, 915)",1,135735066638878,1,35896000000,1,134613087549345,0,0,0,12000000,PAIRED_ROS_CLOCK
C_SHARED_SIM_CLOCK_11008_MONOTONE_SAMPLES,EXACT_KEY_OBSERVED,tracking,0,919,"(1452948046641, 4, 18110031447199154478, 2, 3, 9, 916)",1,135735066638878,1,35912000000,1,134613087549345,0,0,0,12000000,PAIRED_ROS_CLOCK
C_SHARED_SIM_CLOCK_11008_MONOTONE_SAMPLES,EXACT_KEY_OBSERVED,tracking,0,920,"(1452948046641, 4, 18110031447199154478, 2, 3, 9, 917)",1,135735066638878,1,35928000000,1,134613087549345,0,0,0,12000000,PAIRED_ROS_CLOCK
C_SHARED_SIM_CLOCK_11008_MONOTONE_SAMPLES,EXACT_KEY_OBSERVED,tracking,0,921,"(1452948046641, 4, 18110031447199154478, 2, 3, 9, 918)",1,135735066638878,1,35944000000,1,134613087549345,0,0,0,12000000,PAIRED_ROS_CLOCK
C_SHARED_SIM_CLOCK_11008_MONOTONE_SAMPLES,EXACT_KEY_OBSERVED,tracking,0,922,"(1452948046641, 4, 18110031447199154478, 2, 3, 9, 919)",1,135735066638878,1,35960000000,1,134613087549345,0,0,0,12000000,PAIRED_ROS_CLOCK
C_SHARED_SIM_CLOCK_11008_MONOTONE_SAMPLES,EXACT_KEY_OBSERVED,tracking,0,923,"(1452948046641, 4, 18110031447199154478, 2, 3, 9, 920)",1,135735066638878,1,35976000000,1,134613087549345,0,0,0,12000000,PAIRED_ROS_CLOCK
C_SHARED_SIM_CLOCK_11008_MONOTONE_SAMPLES,EXACT_KEY_OBSERVED,tracking,0,924,"(1452948046641, 4, 18110031447199154478, 2, 3, 9, 921)",1,135735066638878,1,35992000000,1,134613087549345,0,0,0,12000000,PAIRED_ROS_CLOCK
C_SHARED_SIM_CLOCK_11008_MONOTONE_SAMPLES,EXACT_KEY_OBSERVED,tracking,0,925,"(1452948046641, 4, 18110031447199154478, 2, 3, 9, 922)",1,135735066638878,1,36008000000,1,134613087549345,0,0,0,12000000,PAIRED_ROS_CLOCK
C_SHARED_SIM_CLOCK_11008_MONOTONE_SAMPLES,EXACT_KEY_OBSERVED,tracking,0,926,"(1452948046641, 4, 18110031447199154478, 2, 3, 9, 923)",1,135735066638878,1,36024000000,1,134613087549345,0,0,0,12000000,PAIRED_ROS_CLOCK
C_SHARED_SIM_CLOCK_11008_MONOTONE_SAMPLES,EXACT_KEY_OBSERVED,tracking,0,927,"(1452948046641, 4, 18110031447199154478, 2, 3, 9, 924)",1,135735066638878,1,36040000000,1,134613087549345,0,0,0,12000000,PAIRED_ROS_CLOCK
C_SHARED_SIM_CLOCK_11008_MONOTONE_SAMPLES,EXACT_KEY_OBSERVED,tracking,0,928,"(1452948046641, 4, 18110031447199154478, 2, 3, 9, 925)",1,135735066638878,1,36056000000,1,134613087549345,0,0,0,12000000,PAIRED_ROS_CLOCK
C_SHARED_SIM_CLOCK_11008_MONOTONE_SAMPLES,EXACT_KEY_OBSERVED,tracking,0,929,"(1452948046641, 4, 18110031447199154478, 2, 3, 9, 926)",1,135735066638878,1,36072000000,1,134613087549345,0,0,0,12000000,PAIRED_ROS_CLOCK
C_SHARED_SIM_CLOCK_11008_MONOTONE_SAMPLES,EXACT_KEY_OBSERVED,tracking,0,930,"(1452948046641, 4, 18110031447199154478, 2, 3, 9, 927)",1,135735066638878,1,36088000000,1,134613087549345,0,0,0,12000000,PAIRED_ROS_CLOCK
C_SHARED_SIM_CLOCK_11008_MONOTONE_SAMPLES,EXACT_KEY_OBSERVED,tracking,0,931,"(1452948046641, 4, 18110031447199154478, 2, 3, 9, 928)",1,135735066638878,1,36104000000,1,134613087549345,0,0,0,12000000,PAIRED_ROS_CLOCK
C_SHARED_SIM_CLOCK_11008_MONOTONE_SAMPLES,EXACT_KEY_OBSERVED,tracking,0,932,"(1452948046641, 4, 18110031447199154478, 2, 3, 9, 929)",1,135735066638878,1,36120000000,1,134613087549345,0,0,0,12000000,PAIRED_ROS_CLOCK
C_SHARED_SIM_CLOCK_11008_MONOTONE_SAMPLES,EXACT_KEY_OBSERVED,tracking,0,933,"(1452948046641, 4, 18110031447199154478, 2, 3, 9, 930)",1,135735066638878,1,36136000000,1,134613087549345,0,0,0,12000000,PAIRED_ROS_CLOCK
C_SHARED_SIM_CLOCK_11008_MONOTONE_SAMPLES,EXACT_KEY_OBSERVED,tracking,0,934,"(1452948046641, 4, 18110031447199154478, 2, 3, 9, 931)",1,135735066638878,1,36152000000,1,134613087549345,0,0,0,12000000,PAIRED_ROS_CLOCK
C_SHARED_SIM_CLOCK_11008_MONOTONE_SAMPLES,EXACT_KEY_OBSERVED,tracking,0,935,"(1452948046641, 4, 18110031447199154478, 2, 3, 9, 932)",1,135735066638878,1,36168000000,1,134613087549345,0,0,0,12000000,PAIRED_ROS_CLOCK
C_SHARED_SIM_CLOCK_11008_MONOTONE_SAMPLES,EXACT_KEY_OBSERVED,tracking,0,936,"(1452948046641, 4, 18110031447199154478, 2, 3, 9, 933)",1,135735066638878,1,36184000000,1,134613087549345,0,0,0,12000000,PAIRED_ROS_CLOCK
C_SHARED_SIM_CLOCK_11008_MONOTONE_SAMPLES,EXACT_KEY_OBSERVED,tracking,0,937,"(1452948046641, 4, 18110031447199154478, 2, 3, 9, 934)",1,135735066638878,1,36200000000,1,134613087549345,0,0,0,12000000,PAIRED_ROS_CLOCK
C_SHARED_SIM_CLOCK_11008_MONOTONE_SAMPLES,EXACT_KEY_OBSERVED,tracking,0,938,"(1452948046641, 4, 18110031447199154478, 2, 3, 9, 935)",1,135735066638878,1,36216000000,1,134613087549345,0,0,0,12000000,PAIRED_ROS_CLOCK
C_SHARED_SIM_CLOCK_11008_MONOTONE_SAMPLES,EXACT_KEY_OBSERVED,tracking,0,939,"(1452948046641, 4, 18110031447199154478, 2, 3, 9, 936)",1,135735066638878,1,36232000000,1,134613087549345,0,0,0,12000000,PAIRED_ROS_CLOCK
C_SHARED_SIM_CLOCK_11008_MONOTONE_SAMPLES,EXACT_KEY_OBSERVED,tracking,0,940,"(1452948046641, 4, 18110031447199154478, 2, 3, 9, 937)",1,135735066638878,1,36248000000,1,134613087549345,0,0,0,12000000,PAIRED_ROS_CLOCK
C_SHARED_SIM_CLOCK_11008_MONOTONE_SAMPLES,EXACT_KEY_OBSERVED,tracking,0,941,"(1452948046641, 4, 18110031447199154478, 2, 3, 9, 938)",1,135735066638878,1,36264000000,1,134613087549345,0,0,0,12000000,PAIRED_ROS_CLOCK
C_SHARED_SIM_CLOCK_11008_MONOTONE_SAMPLES,EXACT_KEY_OBSERVED,tracking,0,942,"(1452948046641, 4, 18110031447199154478, 2, 3, 9, 939)",1,135735066638878,1,36280000000,1,134613087549345,0,0,0,12000000,PAIRED_ROS_CLOCK
C_SHARED_SIM_CLOCK_11008_MONOTONE_SAMPLES,EXACT_KEY_OBSERVED,tracking,0,943,"(1452948046641, 4, 18110031447199154478, 2, 3, 9, 940)",1,135735066638878,1,36296000000,1,134613087549345,0,0,0,12000000,PAIRED_ROS_CLOCK
C_SHARED_SIM_CLOCK_11008_MONOTONE_SAMPLES,EXACT_KEY_OBSERVED,tracking,0,944,"(1452948046641, 4, 18110031447199154478, 2, 3, 9, 941)",1,135735066638878,1,36312000000,1,134613087549345,0,0,0,12000000,PAIRED_ROS_CLOCK
C_SHARED_SIM_CLOCK_11008_MONOTONE_SAMPLES,EXACT_KEY_OBSERVED,tracking,0,945,"(1452948046641, 4, 18110031447199154478, 2, 3, 9, 942)",1,135735066638878,1,36328000000,1,134613087549345,0,0,0,12000000,PAIRED_ROS_CLOCK
C_SHARED_SIM_CLOCK_11008_MONOTONE_SAMPLES,EXACT_KEY_OBSERVED,tracking,0,946,"(1452948046641, 4, 18110031447199154478, 2, 3, 9, 943)",1,135735066638878,1,36344000000,1,134613087549345,0,0,0,12000000,PAIRED_ROS_CLOCK
C_SHARED_SIM_CLOCK_11008_MONOTONE_SAMPLES,EXACT_KEY_OBSERVED,tracking,0,947,"(1452948046641, 4, 18110031447199154478, 2, 3, 9, 944)",1,135735066638878,1,36360000000,1,134613087549345,0,0,0,12000000,PAIRED_ROS_CLOCK
C_SHARED_SIM_CLOCK_11008_MONOTONE_SAMPLES,EXACT_KEY_OBSERVED,tracking,0,948,"(1452948046641, 4, 18110031447199154478, 2, 3, 9, 945)",1,135735066638878,1,36376000000,1,134613087549345,0,0,0,12000000,PAIRED_ROS_CLOCK
C_SHARED_SIM_CLOCK_11008_MONOTONE_SAMPLES,EXACT_KEY_OBSERVED,tracking,0,949,"(1452948046641, 4, 18110031447199154478, 2, 3, 9, 946)",1,135735066638878,1,36392000000,1,134613087549345,0,0,0,12000000,PAIRED_ROS_CLOCK
C_SHARED_SIM_CLOCK_11008_MONOTONE_SAMPLES,EXACT_KEY_OBSERVED,tracking,0,950,"(1452948046641, 4, 18110031447199154478, 2, 3, 9, 947)",1,135735066638878,1,36408000000,1,134613087549345,0,0,0,12000000,PAIRED_ROS_CLOCK
C_SHARED_SIM_CLOCK_11008_MONOTONE_SAMPLES,EXACT_KEY_OBSERVED,tracking,0,951,"(1452948046641, 4, 18110031447199154478, 2, 3, 9, 948)",1,135735066638878,1,36424000000,1,134613087549345,0,0,0,12000000,PAIRED_ROS_CLOCK
C_SHARED_SIM_CLOCK_11008_MONOTONE_SAMPLES,EXACT_KEY_OBSERVED,tracking,0,952,"(1452948046641, 4, 18110031447199154478, 2, 3, 9, 949)",1,135735066638878,1,36440000000,1,134613087549345,0,0,0,12000000,PAIRED_ROS_CLOCK
C_SHARED_SIM_CLOCK_11008_MONOTONE_SAMPLES,EXACT_KEY_OBSERVED,tracking,0,953,"(1452948046641, 4, 18110031447199154478, 2, 3, 9, 950)",1,135735066638878,1,36456000000,1,134613087549345,0,0,0,12000000,PAIRED_ROS_CLOCK
C_SHARED_SIM_CLOCK_11008_MONOTONE_SAMPLES,EXACT_KEY_OBSERVED,tracking,0,954,"(1452948046641, 4, 18110031447199154478, 2, 3, 9, 951)",1,135735066638878,1,36472000000,1,134613087549345,0,0,0,12000000,PAIRED_ROS_CLOCK
C_SHARED_SIM_CLOCK_11008_MONOTONE_SAMPLES,EXACT_KEY_OBSERVED,tracking,0,955,"(1452948046641, 4, 18110031447199154478, 2, 3, 9, 952)",1,135735066638878,1,36488000000,1,134613087549345,0,0,0,12000000,PAIRED_ROS_CLOCK
C_SHARED_SIM_CLOCK_11008_MONOTONE_SAMPLES,EXACT_KEY_OBSERVED,tracking,0,956,"(1452948046641, 4, 18110031447199154478, 2, 3, 9, 953)",1,135735066638878,1,36504000000,1,134613087549345,0,0,0,12000000,PAIRED_ROS_CLOCK
C_SHARED_SIM_CLOCK_11008_MONOTONE_SAMPLES,EXACT_KEY_OBSERVED,tracking,0,957,"(1452948046641, 4, 18110031447199154478, 2, 3, 9, 954)",1,135735066638878,1,36520000000,1,134613087549345,0,0,0,12000000,PAIRED_ROS_CLOCK
C_SHARED_SIM_CLOCK_11008_MONOTONE_SAMPLES,EXACT_KEY_OBSERVED,tracking,0,958,"(1452948046641, 4, 18110031447199154478, 2, 3, 9, 955)",1,135735066638878,1,36536000000,1,134613087549345,0,0,0,12000000,PAIRED_ROS_CLOCK
C_SHARED_SIM_CLOCK_11008_MONOTONE_SAMPLES,EXACT_KEY_OBSERVED,tracking,0,959,"(1452948046641, 4, 18110031447199154478, 2, 3, 9, 956)",1,135735066638878,1,36552000000,1,134613087549345,0,0,0,12000000,PAIRED_ROS_CLOCK
C_SHARED_SIM_CLOCK_11008_MONOTONE_SAMPLES,EXACT_KEY_OBSERVED,tracking,0,960,"(1452948046641, 4, 18110031447199154478, 2, 3, 9, 957)",1,135735066638878,1,36568000000,1,134613087549345,0,0,0,12000000,PAIRED_ROS_CLOCK
C_SHARED_SIM_CLOCK_11008_MONOTONE_SAMPLES,EXACT_KEY_OBSERVED,tracking,0,961,"(1452948046641, 4, 18110031447199154478, 2, 3, 9, 958)",1,135735066638878,1,36584000000,1,134613087549345,0,0,0,12000000,PAIRED_ROS_CLOCK
C_SHARED_SIM_CLOCK_11008_MONOTONE_SAMPLES,EXACT_KEY_OBSERVED,tracking,0,962,"(1452948046641, 4, 18110031447199154478, 2, 3, 9, 959)",1,135735066638878,1,36600000000,1,134613087549345,0,0,0,12000000,PAIRED_ROS_CLOCK
C_SHARED_SIM_CLOCK_11008_MONOTONE_SAMPLES,EXACT_KEY_OBSERVED,tracking,0,963,"(1452948046641, 4, 18110031447199154478, 2, 3, 9, 960)",1,135735066638878,1,36616000000,1,134613087549345,0,0,0,12000000,PAIRED_ROS_CLOCK
C_SHARED_SIM_CLOCK_11008_MONOTONE_SAMPLES,EXACT_KEY_OBSERVED,tracking,0,964,"(1452948046641, 4, 18110031447199154478, 2, 3, 9, 961)",1,135735066638878,1,36632000000,1,134613087549345,0,0,0,12000000,PAIRED_ROS_CLOCK
C_SHARED_SIM_CLOCK_11008_MONOTONE_SAMPLES,EXACT_KEY_OBSERVED,tracking,0,965,"(1452948046641, 4, 18110031447199154478, 2, 3, 9, 962)",1,135735066638878,1,36648000000,1,134613087549345,0,0,0,12000000,PAIRED_ROS_CLOCK
C_SHARED_SIM_CLOCK_11008_MONOTONE_SAMPLES,EXACT_KEY_OBSERVED,tracking,0,966,"(1452948046641, 4, 18110031447199154478, 2, 3, 9, 963)",1,135735066638878,1,36664000000,1,134613087549345,0,0,0,12000000,PAIRED_ROS_CLOCK
C_SHARED_SIM_CLOCK_11008_MONOTONE_SAMPLES,EXACT_KEY_OBSERVED,tracking,0,967,"(1452948046641, 4, 18110031447199154478, 2, 3, 9, 964)",1,135735066638878,1,36680000000,1,134613087549345,0,0,0,12000000,PAIRED_ROS_CLOCK
C_SHARED_SIM_CLOCK_11008_MONOTONE_SAMPLES,EXACT_KEY_OBSERVED,tracking,0,968,"(1452948046641, 4, 18110031447199154478, 2, 3, 9, 965)",1,135735066638878,1,36696000000,1,134613087549345,0,0,0,12000000,PAIRED_ROS_CLOCK
C_SHARED_SIM_CLOCK_11008_MONOTONE_SAMPLES,EXACT_KEY_OBSERVED,tracking,0,969,"(1452948046641, 4, 18110031447199154478, 2, 3, 9, 966)",1,135735066638878,1,36712000000,1,134613087549345,0,0,0,12000000,PAIRED_ROS_CLOCK
C_SHARED_SIM_CLOCK_11008_MONOTONE_SAMPLES,EXACT_KEY_OBSERVED,tracking,0,970,"(1452948046641, 4, 18110031447199154478, 2, 3, 9, 967)",1,135735066638878,1,36728000000,1,134613087549345,0,0,0,12000000,PAIRED_ROS_CLOCK
C_SHARED_SIM_CLOCK_11008_MONOTONE_SAMPLES,EXACT_KEY_OBSERVED,tracking,0,971,"(1452948046641, 4, 18110031447199154478, 2, 3, 9, 968)",1,135735066638878,1,36744000000,1,134613087549345,0,0,0,12000000,PAIRED_ROS_CLOCK
C_SHARED_SIM_CLOCK_11008_MONOTONE_SAMPLES,EXACT_KEY_OBSERVED,tracking,0,972,"(1452948046641, 4, 18110031447199154478, 2, 3, 9, 969)",1,135735066638878,1,36760000000,1,134613087549345,0,0,0,12000000,PAIRED_ROS_CLOCK
C_SHARED_SIM_CLOCK_11008_MONOTONE_SAMPLES,EXACT_KEY_OBSERVED,tracking,0,973,"(1452948046641, 4, 18110031447199154478, 2, 3, 9, 970)",1,135735066638878,1,36776000000,1,134613087549345,0,0,0,12000000,PAIRED_ROS_CLOCK
C_SHARED_SIM_CLOCK_11008_MONOTONE_SAMPLES,EXACT_KEY_OBSERVED,tracking,0,974,"(1452948046641, 4, 18110031447199154478, 2, 3, 9, 971)",1,135735066638878,1,36792000000,1,134613087549345,0,0,0,12000000,PAIRED_ROS_CLOCK
C_SHARED_SIM_CLOCK_11008_MONOTONE_SAMPLES,EXACT_KEY_OBSERVED,tracking,0,975,"(1452948046641, 4, 18110031447199154478, 2, 3, 9, 972)",1,135735066638878,1,36808000000,1,134613087549345,0,0,0,12000000,PAIRED_ROS_CLOCK
C_SHARED_SIM_CLOCK_11008_MONOTONE_SAMPLES,EXACT_KEY_OBSERVED,tracking,0,976,"(1452948046641, 4, 18110031447199154478, 2, 3, 9, 973)",1,135735066638878,1,36824000000,1,134613087549345,0,0,0,12000000,PAIRED_ROS_CLOCK
C_SHARED_SIM_CLOCK_11008_MONOTONE_SAMPLES,EXACT_KEY_OBSERVED,tracking,0,977,"(1452948046641, 4, 18110031447199154478, 2, 3, 9, 974)",1,135735066638878,1,36840000000,1,134613087549345,0,0,0,12000000,PAIRED_ROS_CLOCK
C_SHARED_SIM_CLOCK_11008_MONOTONE_SAMPLES,EXACT_KEY_OBSERVED,tracking,0,978,"(1452948046641, 4, 18110031447199154478, 2, 3, 9, 975)",1,135735066638878,1,36856000000,1,134613087549345,0,0,0,12000000,PAIRED_ROS_CLOCK
C_SHARED_SIM_CLOCK_11008_MONOTONE_SAMPLES,EXACT_KEY_OBSERVED,tracking,0,979,"(1452948046641, 4, 18110031447199154478, 2, 3, 9, 976)",1,135735066638878,1,36872000000,1,134613087549345,0,0,0,12000000,PAIRED_ROS_CLOCK
C_SHARED_SIM_CLOCK_11008_MONOTONE_SAMPLES,EXACT_KEY_OBSERVED,tracking,0,980,"(1452948046641, 4, 18110031447199154478, 2, 3, 9, 977)",1,135735066638878,1,36888000000,1,134613087549345,0,0,0,12000000,PAIRED_ROS_CLOCK
C_SHARED_SIM_CLOCK_11008_MONOTONE_SAMPLES,EXACT_KEY_OBSERVED,tracking,0,981,"(1452948046641, 4, 18110031447199154478, 2, 3, 9, 978)",1,135735066638878,1,36904000000,1,134613087549345,0,0,0,12000000,PAIRED_ROS_CLOCK
C_SHARED_SIM_CLOCK_11008_MONOTONE_SAMPLES,EXACT_KEY_OBSERVED,tracking,0,982,"(1452948046641, 4, 18110031447199154478, 2, 3, 9, 979)",1,135735066638878,1,36920000000,1,134613087549345,0,0,0,12000000,PAIRED_ROS_CLOCK
C_SHARED_SIM_CLOCK_11008_MONOTONE_SAMPLES,EXACT_KEY_OBSERVED,tracking,0,983,"(1452948046641, 4, 18110031447199154478, 2, 3, 9, 980)",1,135735066638878,1,36936000000,1,134613087549345,0,0,0,12000000,PAIRED_ROS_CLOCK
C_SHARED_SIM_CLOCK_11008_MONOTONE_SAMPLES,EXACT_KEY_OBSERVED,tracking,0,984,"(1452948046641, 4, 18110031447199154478, 2, 3, 9, 981)",1,135735066638878,1,36952000000,1,134613087549345,0,0,0,12000000,PAIRED_ROS_CLOCK
C_SHARED_SIM_CLOCK_11008_MONOTONE_SAMPLES,EXACT_KEY_OBSERVED,tracking,0,985,"(1452948046641, 4, 18110031447199154478, 2, 3, 9, 982)",1,135735066638878,1,36968000000,1,134613087549345,0,0,0,12000000,PAIRED_ROS_CLOCK
C_SHARED_SIM_CLOCK_11008_MONOTONE_SAMPLES,EXACT_KEY_OBSERVED,tracking,0,986,"(1452948046641, 4, 18110031447199154478, 2, 3, 9, 983)",1,135735066638878,1,36984000000,1,134613087549345,0,0,0,12000000,PAIRED_ROS_CLOCK
C_SHARED_SIM_CLOCK_11008_MONOTONE_SAMPLES,EXACT_KEY_OBSERVED,tracking,0,987,"(1452948046641, 4, 18110031447199154478, 2, 3, 9, 984)",1,135735066638878,1,37000000000,1,134613087549345,0,0,0,12000000,PAIRED_ROS_CLOCK
C_SHARED_SIM_CLOCK_11008_MONOTONE_SAMPLES,EXACT_KEY_OBSERVED,tracking,0,988,"(1452948046641, 4, 18110031447199154478, 2, 3, 9, 985)",1,135735066638878,1,37016000000,1,134613087549345,0,0,0,12000000,PAIRED_ROS_CLOCK
C_SHARED_SIM_CLOCK_11008_MONOTONE_SAMPLES,EXACT_KEY_OBSERVED,tracking,0,989,"(1452948046641, 4, 18110031447199154478, 2, 3, 9, 986)",1,135735066638878,1,37032000000,1,134613087549345,0,0,0,12000000,PAIRED_ROS_CLOCK
C_SHARED_SIM_CLOCK_11008_MONOTONE_SAMPLES,EXACT_KEY_OBSERVED,tracking,0,990,"(1452948046641, 4, 18110031447199154478, 2, 3, 9, 987)",1,135735066638878,1,37048000000,1,134613087549345,0,0,0,12000000,PAIRED_ROS_CLOCK
C_SHARED_SIM_CLOCK_11008_MONOTONE_SAMPLES,EXACT_KEY_OBSERVED,tracking,0,991,"(1452948046641, 4, 18110031447199154478, 2, 3, 9, 988)",1,135735066638878,1,37064000000,1,134613087549345,0,0,0,12000000,PAIRED_ROS_CLOCK
C_SHARED_SIM_CLOCK_11008_MONOTONE_SAMPLES,EXACT_KEY_OBSERVED,tracking,0,992,"(1452948046641, 4, 18110031447199154478, 2, 3, 9, 989)",1,135735066638878,1,37080000000,1,134613087549345,0,0,0,12000000,PAIRED_ROS_CLOCK
C_SHARED_SIM_CLOCK_11008_MONOTONE_SAMPLES,EXACT_KEY_OBSERVED,tracking,0,993,"(1452948046641, 4, 18110031447199154478, 2, 3, 9, 990)",1,135735066638878,1,37096000000,1,134613087549345,0,0,0,12000000,PAIRED_ROS_CLOCK
C_SHARED_SIM_CLOCK_11008_MONOTONE_SAMPLES,EXACT_KEY_OBSERVED,tracking,0,994,"(1452948046641, 4, 18110031447199154478, 2, 3, 9, 991)",1,135735066638878,1,37112000000,1,134613087549345,0,0,0,12000000,PAIRED_ROS_CLOCK
C_SHARED_SIM_CLOCK_11008_MONOTONE_SAMPLES,EXACT_KEY_OBSERVED,tracking,0,995,"(1452948046641, 4, 18110031447199154478, 2, 3, 9, 992)",1,135735066638878,1,37128000000,1,134613087549345,0,0,0,12000000,PAIRED_ROS_CLOCK
C_SHARED_SIM_CLOCK_11008_MONOTONE_SAMPLES,EXACT_KEY_OBSERVED,tracking,0,996,"(1452948046641, 4, 18110031447199154478, 2, 3, 9, 993)",1,135735066638878,1,37144000000,1,134613087549345,0,0,0,12000000,PAIRED_ROS_CLOCK
C_SHARED_SIM_CLOCK_11008_MONOTONE_SAMPLES,EXACT_KEY_OBSERVED,tracking,0,997,"(1452948046641, 4, 18110031447199154478, 2, 3, 9, 994)",1,135735066638878,1,37160000000,1,134613087549345,0,0,0,12000000,PAIRED_ROS_CLOCK
C_SHARED_SIM_CLOCK_11008_MONOTONE_SAMPLES,EXACT_KEY_OBSERVED,tracking,0,998,"(1452948046641, 4, 18110031447199154478, 2, 3, 9, 995)",1,135735066638878,1,37176000000,1,134613087549345,0,0,0,12000000,PAIRED_ROS_CLOCK
C_SHARED_SIM_CLOCK_11008_MONOTONE_SAMPLES,EXACT_KEY_OBSERVED,tracking,0,999,"(1452948046641, 4, 18110031447199154478, 2, 3, 9, 996)",1,135735066638878,1,37192000000,1,134613087549345,0,0,0,12000000,PAIRED_ROS_CLOCK
C_SHARED_SIM_CLOCK_11008_MONOTONE_SAMPLES,EXACT_KEY_OBSERVED,tracking,0,1000,"(1452948046641, 4, 18110031447199154478, 2, 3, 9, 997)",1,135735066638878,1,37208000000,1,134613087549345,0,0,0,12000000,PAIRED_ROS_CLOCK
C_SHARED_SIM_CLOCK_11008_MONOTONE_SAMPLES,EXACT_KEY_OBSERVED,tracking,0,1001,"(1452948046641, 4, 18110031447199154478, 2, 3, 9, 998)",1,135735066638878,1,37224000000,1,134613087549345,0,0,0,12000000,PAIRED_ROS_CLOCK
C_SHARED_SIM_CLOCK_11008_MONOTONE_SAMPLES,EXACT_KEY_OBSERVED,tracking,0,1002,"(1452948046641, 4, 18110031447199154478, 2, 3, 9, 999)",1,135735066638878,1,37240000000,1,134613087549345,0,0,0,12000000,PAIRED_ROS_CLOCK
C_SHARED_SIM_CLOCK_11008_MONOTONE_SAMPLES,EXACT_KEY_OBSERVED,tracking,0,1003,"(1452948046641, 4, 18110031447199154478, 2, 3, 9, 1000)",1,135735066638878,1,37256000000,1,134613087549345,0,0,0,12000000,PAIRED_ROS_CLOCK
C_SHARED_SIM_CLOCK_11008_MONOTONE_SAMPLES,EXACT_KEY_OBSERVED,tracking,0,1004,"(1452948046641, 4, 18110031447199154478, 2, 3, 9, 1001)",1,135735066638878,1,37272000000,1,134613087549345,0,0,0,12000000,PAIRED_ROS_CLOCK
C_SHARED_SIM_CLOCK_11008_MONOTONE_SAMPLES,EXACT_KEY_OBSERVED,tracking,0,1005,"(1452948046641, 4, 18110031447199154478, 2, 3, 9, 1002)",1,135735066638878,1,37288000000,1,134613087549345,0,0,0,12000000,PAIRED_ROS_CLOCK
C_SHARED_SIM_CLOCK_11008_MONOTONE_SAMPLES,EXACT_KEY_OBSERVED,tracking,0,1006,"(1452948046641, 4, 18110031447199154478, 2, 3, 9, 1003)",1,135735066638878,1,37304000000,1,134613087549345,0,0,0,12000000,PAIRED_ROS_CLOCK
C_SHARED_SIM_CLOCK_11008_MONOTONE_SAMPLES,EXACT_KEY_OBSERVED,tracking,0,1007,"(1452948046641, 4, 18110031447199154478, 2, 3, 9, 1004)",1,135735066638878,1,37320000000,1,134613087549345,0,0,0,12000000,PAIRED_ROS_CLOCK
C_SHARED_SIM_CLOCK_11008_MONOTONE_SAMPLES,EXACT_KEY_OBSERVED,tracking,0,1008,"(1452948046641, 4, 18110031447199154478, 2, 3, 9, 1005)",1,135735066638878,1,37336000000,1,134613087549345,0,0,0,12000000,PAIRED_ROS_CLOCK
C_SHARED_SIM_CLOCK_11008_MONOTONE_SAMPLES,EXACT_KEY_OBSERVED,tracking,0,1009,"(1452948046641, 4, 18110031447199154478, 2, 3, 9, 1006)",1,135735066638878,1,37352000000,1,134613087549345,0,0,0,12000000,PAIRED_ROS_CLOCK
C_SHARED_SIM_CLOCK_11008_MONOTONE_SAMPLES,EXACT_KEY_OBSERVED,tracking,0,1010,"(1452948046641, 4, 18110031447199154478, 2, 3, 9, 1007)",1,135735066638878,1,37368000000,1,134613087549345,0,0,0,12000000,PAIRED_ROS_CLOCK
C_SHARED_SIM_CLOCK_11008_MONOTONE_SAMPLES,EXACT_KEY_OBSERVED,tracking,0,1011,"(1452948046641, 4, 18110031447199154478, 2, 3, 9, 1008)",1,135735066638878,1,37384000000,1,134613087549345,0,0,0,12000000,PAIRED_ROS_CLOCK
C_SHARED_SIM_CLOCK_11008_MONOTONE_SAMPLES,EXACT_KEY_OBSERVED,tracking,0,1012,"(1452948046641, 4, 18110031447199154478, 2, 3, 9, 1009)",1,135735066638878,1,37400000000,1,134613087549345,0,0,0,12000000,PAIRED_ROS_CLOCK
C_SHARED_SIM_CLOCK_11008_MONOTONE_SAMPLES,EXACT_KEY_OBSERVED,tracking,0,1013,"(1452948046641, 4, 18110031447199154478, 2, 3, 9, 1010)",1,135735066638878,1,37416000000,1,134613087549345,0,0,0,12000000,PAIRED_ROS_CLOCK
C_SHARED_SIM_CLOCK_11008_MONOTONE_SAMPLES,EXACT_KEY_OBSERVED,tracking,0,1014,"(1452948046641, 4, 18110031447199154478, 2, 3, 9, 1011)",1,135735066638878,1,37432000000,1,134613087549345,0,0,0,12000000,PAIRED_ROS_CLOCK
C_SHARED_SIM_CLOCK_11008_MONOTONE_SAMPLES,EXACT_KEY_OBSERVED,tracking,0,1015,"(1452948046641, 4, 18110031447199154478, 2, 3, 9, 1012)",1,135735066638878,1,37448000000,1,134613087549345,0,0,0,12000000,PAIRED_ROS_CLOCK
C_SHARED_SIM_CLOCK_11008_MONOTONE_SAMPLES,EXACT_KEY_OBSERVED,tracking,0,1016,"(1452948046641, 4, 18110031447199154478, 2, 3, 9, 1013)",1,135735066638878,1,37464000000,1,134613087549345,0,0,0,12000000,PAIRED_ROS_CLOCK
C_SHARED_SIM_CLOCK_11008_MONOTONE_SAMPLES,EXACT_KEY_OBSERVED,tracking,0,1017,"(1452948046641, 4, 18110031447199154478, 2, 3, 9, 1014)",1,135735066638878,1,37480000000,1,134613087549345,0,0,0,12000000,PAIRED_ROS_CLOCK
C_SHARED_SIM_CLOCK_11008_MONOTONE_SAMPLES,EXACT_KEY_OBSERVED,tracking,0,1018,"(1452948046641, 4, 18110031447199154478, 2, 3, 9, 1015)",1,135735066638878,1,37496000000,1,134613087549345,0,0,0,12000000,PAIRED_ROS_CLOCK
C_SHARED_SIM_CLOCK_11008_MONOTONE_SAMPLES,EXACT_KEY_OBSERVED,tracking,0,1019,"(1452948046641, 4, 18110031447199154478, 2, 3, 9, 1016)",1,135735066638878,1,37512000000,1,134613087549345,0,0,0,12000000,PAIRED_ROS_CLOCK
C_SHARED_SIM_CLOCK_11008_MONOTONE_SAMPLES,EXACT_KEY_OBSERVED,tracking,0,1020,"(1452948046641, 4, 18110031447199154478, 2, 3, 9, 1017)",1,135735066638878,1,37528000000,1,134613087549345,0,0,0,12000000,PAIRED_ROS_CLOCK
C_SHARED_SIM_CLOCK_11008_MONOTONE_SAMPLES,EXACT_KEY_OBSERVED,tracking,0,1021,"(1452948046641, 4, 18110031447199154478, 2, 3, 9, 1018)",1,135735066638878,1,37544000000,1,134613087549345,0,0,0,12000000,PAIRED_ROS_CLOCK
C_SHARED_SIM_CLOCK_11008_MONOTONE_SAMPLES,EXACT_KEY_OBSERVED,tracking,0,1022,"(1452948046641, 4, 18110031447199154478, 2, 3, 9, 1019)",1,135735066638878,1,37560000000,1,134613087549345,0,0,0,12000000,PAIRED_ROS_CLOCK
C_SHARED_SIM_CLOCK_11008_MONOTONE_SAMPLES,EXACT_KEY_OBSERVED,tracking,0,1023,"(1452948046641, 4, 18110031447199154478, 2, 3, 9, 1020)",1,135735066638878,1,37576000000,1,134613087549345,0,0,0,12000000,PAIRED_ROS_CLOCK
C_SHARED_SIM_CLOCK_11008_MONOTONE_SAMPLES,EXACT_KEY_OBSERVED,tracking,0,1024,"(1452948046641, 4, 18110031447199154478, 2, 3, 9, 1021)",1,135735066638878,1,37592000000,1,134613087549345,0,0,0,12000000,PAIRED_ROS_CLOCK
C_SHARED_SIM_CLOCK_11008_MONOTONE_SAMPLES,EXACT_KEY_OBSERVED,tracking,0,1025,"(1452948046641, 4, 18110031447199154478, 2, 3, 9, 1022)",1,135735066638878,1,37608000000,1,134613087549345,0,0,0,12000000,PAIRED_ROS_CLOCK
C_SHARED_SIM_CLOCK_11008_MONOTONE_SAMPLES,EXACT_KEY_OBSERVED,tracking,0,1026,"(1452948046641, 4, 18110031447199154478, 2, 3, 9, 1023)",1,135735066638878,1,37624000000,1,134613087549345,0,0,0,12000000,PAIRED_ROS_CLOCK
C_SHARED_SIM_CLOCK_11008_MONOTONE_SAMPLES,EXACT_KEY_OBSERVED,tracking,0,1027,"(1452948046641, 4, 18110031447199154478, 2, 3, 9, 1024)",1,135735066638878,1,37640000000,1,134613087549345,0,0,0,12000000,PAIRED_ROS_CLOCK
C_SHARED_SIM_CLOCK_11008_MONOTONE_SAMPLES,EXACT_KEY_OBSERVED,tracking,0,1028,"(1452948046641, 4, 18110031447199154478, 2, 3, 9, 1025)",1,135735066638878,1,37656000000,1,134613087549345,0,0,0,12000000,PAIRED_ROS_CLOCK
C_SHARED_SIM_CLOCK_11008_MONOTONE_SAMPLES,EXACT_KEY_OBSERVED,tracking,0,1029,"(1452948046641, 4, 18110031447199154478, 2, 3, 9, 1026)",1,135735066638878,1,37672000000,1,134613087549345,0,0,0,12000000,PAIRED_ROS_CLOCK
C_SHARED_SIM_CLOCK_11008_MONOTONE_SAMPLES,EXACT_KEY_OBSERVED,tracking,0,1030,"(1452948046641, 4, 18110031447199154478, 2, 3, 9, 1027)",1,135735066638878,1,37688000000,1,134613087549345,0,0,0,12000000,PAIRED_ROS_CLOCK
C_SHARED_SIM_CLOCK_11008_MONOTONE_SAMPLES,EXACT_KEY_OBSERVED,tracking,0,1031,"(1452948046641, 4, 18110031447199154478, 2, 3, 9, 1028)",1,135735066638878,1,37704000000,1,134613087549345,0,0,0,12000000,PAIRED_ROS_CLOCK
C_SHARED_SIM_CLOCK_11008_MONOTONE_SAMPLES,EXACT_KEY_OBSERVED,tracking,0,1032,"(1452948046641, 4, 18110031447199154478, 2, 3, 9, 1029)",1,135735066638878,1,37720000000,1,134613087549345,0,0,0,12000000,PAIRED_ROS_CLOCK
C_SHARED_SIM_CLOCK_11008_MONOTONE_SAMPLES,EXACT_KEY_OBSERVED,tracking,0,1033,"(1452948046641, 4, 18110031447199154478, 2, 3, 9, 1030)",1,135735066638878,1,37736000000,1,134613087549345,0,0,0,12000000,PAIRED_ROS_CLOCK
C_SHARED_SIM_CLOCK_11008_MONOTONE_SAMPLES,EXACT_KEY_OBSERVED,tracking,0,1034,"(1452948046641, 4, 18110031447199154478, 2, 3, 9, 1031)",1,135735066638878,1,37752000000,1,134613087549345,0,0,0,12000000,PAIRED_ROS_CLOCK
C_SHARED_SIM_CLOCK_11008_MONOTONE_SAMPLES,EXACT_KEY_OBSERVED,tracking,0,1035,"(1452948046641, 4, 18110031447199154478, 2, 3, 9, 1032)",1,135735066638878,1,37768000000,1,134613087549345,0,0,0,12000000,PAIRED_ROS_CLOCK
C_SHARED_SIM_CLOCK_11008_MONOTONE_SAMPLES,EXACT_KEY_OBSERVED,tracking,0,1036,"(1452948046641, 4, 18110031447199154478, 2, 3, 9, 1033)",1,135735066638878,1,37784000000,1,134613087549345,0,0,0,12000000,PAIRED_ROS_CLOCK
C_SHARED_SIM_CLOCK_11008_MONOTONE_SAMPLES,EXACT_KEY_OBSERVED,tracking,0,1037,"(1452948046641, 4, 18110031447199154478, 2, 3, 9, 1034)",1,135735066638878,1,37800000000,1,134613087549345,0,0,0,12000000,PAIRED_ROS_CLOCK
C_SHARED_SIM_CLOCK_11008_MONOTONE_SAMPLES,EXACT_KEY_OBSERVED,tracking,0,1038,"(1452948046641, 4, 18110031447199154478, 2, 3, 9, 1035)",1,135735066638878,1,37816000000,1,134613087549345,0,0,0,12000000,PAIRED_ROS_CLOCK
C_SHARED_SIM_CLOCK_11008_MONOTONE_SAMPLES,EXACT_KEY_OBSERVED,tracking,0,1039,"(1452948046641, 4, 18110031447199154478, 2, 3, 9, 1036)",1,135735066638878,1,37832000000,1,134613087549345,0,0,0,12000000,PAIRED_ROS_CLOCK
C_SHARED_SIM_CLOCK_11008_MONOTONE_SAMPLES,EXACT_KEY_OBSERVED,tracking,0,1040,"(1452948046641, 4, 18110031447199154478, 2, 3, 9, 1037)",1,135735066638878,1,37848000000,1,134613087549345,0,0,0,12000000,PAIRED_ROS_CLOCK
C_SHARED_SIM_CLOCK_11008_MONOTONE_SAMPLES,EXACT_KEY_OBSERVED,tracking,0,1041,"(1452948046641, 4, 18110031447199154478, 2, 3, 9, 1038)",1,135735066638878,1,37864000000,1,134613087549345,0,0,0,12000000,PAIRED_ROS_CLOCK
C_SHARED_SIM_CLOCK_11008_MONOTONE_SAMPLES,EXACT_KEY_OBSERVED,tracking,0,1042,"(1452948046641, 4, 18110031447199154478, 2, 3, 9, 1039)",1,135735066638878,1,37880000000,1,134613087549345,0,0,0,12000000,PAIRED_ROS_CLOCK
C_SHARED_SIM_CLOCK_11008_MONOTONE_SAMPLES,EXACT_KEY_OBSERVED,tracking,0,1043,"(1452948046641, 4, 18110031447199154478, 2, 3, 9, 1040)",1,135735066638878,1,37896000000,1,134613087549345,0,0,0,12000000,PAIRED_ROS_CLOCK
C_SHARED_SIM_CLOCK_11008_MONOTONE_SAMPLES,EXACT_KEY_OBSERVED,tracking,0,1044,"(1452948046641, 4, 18110031447199154478, 2, 3, 9, 1041)",1,135735066638878,1,37912000000,1,134613087549345,0,0,0,12000000,PAIRED_ROS_CLOCK
C_SHARED_SIM_CLOCK_11008_MONOTONE_SAMPLES,EXACT_KEY_OBSERVED,tracking,0,1045,"(1452948046641, 4, 18110031447199154478, 2, 3, 9, 1042)",1,135735066638878,1,37928000000,1,134613087549345,0,0,0,12000000,PAIRED_ROS_CLOCK
C_SHARED_SIM_CLOCK_11008_MONOTONE_SAMPLES,EXACT_KEY_OBSERVED,tracking,0,1046,"(1452948046641, 4, 18110031447199154478, 2, 3, 9, 1043)",1,135735066638878,1,37944000000,1,134613087549345,0,0,0,12000000,PAIRED_ROS_CLOCK
C_SHARED_SIM_CLOCK_11008_MONOTONE_SAMPLES,EXACT_KEY_OBSERVED,tracking,0,1047,"(1452948046641, 4, 18110031447199154478, 2, 3, 9, 1044)",1,135735066638878,1,37960000000,1,134613087549345,0,0,0,12000000,PAIRED_ROS_CLOCK
C_SHARED_SIM_CLOCK_11008_MONOTONE_SAMPLES,EXACT_KEY_OBSERVED,tracking,0,1048,"(1452948046641, 4, 18110031447199154478, 2, 3, 9, 1045)",1,135735066638878,1,37976000000,1,134613087549345,0,0,0,12000000,PAIRED_ROS_CLOCK
C_SHARED_SIM_CLOCK_11008_MONOTONE_SAMPLES,EXACT_KEY_OBSERVED,tracking,0,1049,"(1452948046641, 4, 18110031447199154478, 2, 3, 9, 1046)",1,135735066638878,1,37992000000,1,134613087549345,0,0,0,12000000,PAIRED_ROS_CLOCK
C_SHARED_SIM_CLOCK_11008_MONOTONE_SAMPLES,EXACT_KEY_OBSERVED,tracking,0,1050,"(1452948046641, 4, 18110031447199154478, 2, 3, 9, 1047)",1,135735066638878,1,38008000000,1,134613087549345,0,0,0,12000000,PAIRED_ROS_CLOCK
C_SHARED_SIM_CLOCK_11008_MONOTONE_SAMPLES,EXACT_KEY_OBSERVED,tracking,0,1051,"(1452948046641, 4, 18110031447199154478, 2, 3, 9, 1048)",1,135735066638878,1,38024000000,1,134613087549345,0,0,0,12000000,PAIRED_ROS_CLOCK
C_SHARED_SIM_CLOCK_11008_MONOTONE_SAMPLES,EXACT_KEY_OBSERVED,tracking,0,1052,"(1452948046641, 4, 18110031447199154478, 2, 3, 9, 1049)",1,135735066638878,1,38040000000,1,134613087549345,0,0,0,12000000,PAIRED_ROS_CLOCK
C_SHARED_SIM_CLOCK_11008_MONOTONE_SAMPLES,EXACT_KEY_OBSERVED,tracking,0,1053,"(1452948046641, 4, 18110031447199154478, 2, 3, 9, 1050)",1,135735066638878,1,38056000000,1,134613087549345,0,0,0,12000000,PAIRED_ROS_CLOCK
C_SHARED_SIM_CLOCK_11008_MONOTONE_SAMPLES,EXACT_KEY_OBSERVED,tracking,0,1054,"(1452948046641, 4, 18110031447199154478, 2, 3, 9, 1051)",1,135735066638878,1,38072000000,1,134613087549345,0,0,0,12000000,PAIRED_ROS_CLOCK
C_SHARED_SIM_CLOCK_11008_MONOTONE_SAMPLES,EXACT_KEY_OBSERVED,tracking,0,1055,"(1452948046641, 4, 18110031447199154478, 2, 3, 9, 1052)",1,135735066638878,1,38088000000,1,134613087549345,0,0,0,12000000,PAIRED_ROS_CLOCK
C_SHARED_SIM_CLOCK_11008_MONOTONE_SAMPLES,EXACT_KEY_OBSERVED,tracking,0,1056,"(1452948046641, 4, 18110031447199154478, 2, 3, 9, 1053)",1,135735066638878,1,38104000000,1,134613087549345,0,0,0,12000000,PAIRED_ROS_CLOCK
C_SHARED_SIM_CLOCK_11008_MONOTONE_SAMPLES,EXACT_KEY_OBSERVED,tracking,0,1057,"(1452948046641, 4, 18110031447199154478, 2, 3, 9, 1054)",1,135735066638878,1,38120000000,1,134613087549345,0,0,0,12000000,PAIRED_ROS_CLOCK
C_SHARED_SIM_CLOCK_11008_MONOTONE_SAMPLES,EXACT_KEY_OBSERVED,tracking,0,1058,"(1452948046641, 4, 18110031447199154478, 2, 3, 9, 1055)",1,135735066638878,1,38136000000,1,134613087549345,0,0,0,12000000,PAIRED_ROS_CLOCK
C_SHARED_SIM_CLOCK_11008_MONOTONE_SAMPLES,EXACT_KEY_OBSERVED,tracking,0,1059,"(1452948046641, 4, 18110031447199154478, 2, 3, 9, 1056)",1,135735066638878,1,38152000000,1,134613087549345,0,0,0,12000000,PAIRED_ROS_CLOCK
C_SHARED_SIM_CLOCK_11008_MONOTONE_SAMPLES,EXACT_KEY_OBSERVED,tracking,0,1060,"(1452948046641, 4, 18110031447199154478, 2, 3, 9, 1057)",1,135735066638878,1,38168000000,1,134613087549345,0,0,0,12000000,PAIRED_ROS_CLOCK
C_SHARED_SIM_CLOCK_11008_MONOTONE_SAMPLES,EXACT_KEY_OBSERVED,tracking,0,1061,"(1452948046641, 4, 18110031447199154478, 2, 3, 9, 1058)",1,135735066638878,1,38184000000,1,134613087549345,0,0,0,12000000,PAIRED_ROS_CLOCK
C_SHARED_SIM_CLOCK_11008_MONOTONE_SAMPLES,EXACT_KEY_OBSERVED,tracking,0,1062,"(1452948046641, 4, 18110031447199154478, 2, 3, 9, 1059)",1,135735066638878,1,38200000000,1,134613087549345,0,0,0,12000000,PAIRED_ROS_CLOCK
C_SHARED_SIM_CLOCK_11008_MONOTONE_SAMPLES,EXACT_KEY_OBSERVED,tracking,0,1063,"(1452948046641, 4, 18110031447199154478, 2, 3, 9, 1060)",1,135735066638878,1,38216000000,1,134613087549345,0,0,0,12000000,PAIRED_ROS_CLOCK
C_SHARED_SIM_CLOCK_11008_MONOTONE_SAMPLES,EXACT_KEY_OBSERVED,tracking,0,1064,"(1452948046641, 4, 18110031447199154478, 2, 3, 9, 1061)",1,135735066638878,1,38232000000,1,134613087549345,0,0,0,12000000,PAIRED_ROS_CLOCK
C_SHARED_SIM_CLOCK_11008_MONOTONE_SAMPLES,EXACT_KEY_OBSERVED,tracking,0,1065,"(1452948046641, 4, 18110031447199154478, 2, 3, 9, 1062)",1,135735066638878,1,38248000000,1,134613087549345,0,0,0,12000000,PAIRED_ROS_CLOCK
C_SHARED_SIM_CLOCK_11008_MONOTONE_SAMPLES,EXACT_KEY_OBSERVED,tracking,0,1066,"(1452948046641, 4, 18110031447199154478, 2, 3, 9, 1063)",1,135735066638878,1,38264000000,1,134613087549345,0,0,0,12000000,PAIRED_ROS_CLOCK
C_SHARED_SIM_CLOCK_11008_MONOTONE_SAMPLES,EXACT_KEY_OBSERVED,tracking,0,1067,"(1452948046641, 4, 18110031447199154478, 2, 3, 9, 1064)",1,135735066638878,1,38280000000,1,134613087549345,0,0,0,12000000,PAIRED_ROS_CLOCK
C_SHARED_SIM_CLOCK_11008_MONOTONE_SAMPLES,EXACT_KEY_OBSERVED,tracking,0,1068,"(1452948046641, 4, 18110031447199154478, 2, 3, 9, 1065)",1,135735066638878,1,38296000000,1,134613087549345,0,0,0,12000000,PAIRED_ROS_CLOCK
C_SHARED_SIM_CLOCK_11008_MONOTONE_SAMPLES,EXACT_KEY_OBSERVED,tracking,0,1069,"(1452948046641, 4, 18110031447199154478, 2, 3, 9, 1066)",1,135735066638878,1,38312000000,1,134613087549345,0,0,0,12000000,PAIRED_ROS_CLOCK
C_SHARED_SIM_CLOCK_11008_MONOTONE_SAMPLES,EXACT_KEY_OBSERVED,tracking,0,1070,"(1452948046641, 4, 18110031447199154478, 2, 3, 9, 1067)",1,135735066638878,1,38328000000,1,134613087549345,0,0,0,12000000,PAIRED_ROS_CLOCK
C_SHARED_SIM_CLOCK_11008_MONOTONE_SAMPLES,EXACT_KEY_OBSERVED,tracking,0,1071,"(1452948046641, 4, 18110031447199154478, 2, 3, 9, 1068)",1,135735066638878,1,38344000000,1,134613087549345,0,0,0,12000000,PAIRED_ROS_CLOCK
C_SHARED_SIM_CLOCK_11008_MONOTONE_SAMPLES,EXACT_KEY_OBSERVED,tracking,0,1072,"(1452948046641, 4, 18110031447199154478, 2, 3, 9, 1069)",1,135735066638878,1,38360000000,1,134613087549345,0,0,0,12000000,PAIRED_ROS_CLOCK
C_SHARED_SIM_CLOCK_11008_MONOTONE_SAMPLES,EXACT_KEY_OBSERVED,tracking,0,1073,"(1452948046641, 4, 18110031447199154478, 2, 3, 9, 1070)",1,135735066638878,1,38376000000,1,134613087549345,0,0,0,12000000,PAIRED_ROS_CLOCK
C_SHARED_SIM_CLOCK_11008_MONOTONE_SAMPLES,EXACT_KEY_OBSERVED,tracking,0,1074,"(1452948046641, 4, 18110031447199154478, 2, 3, 9, 1071)",1,135735066638878,1,38392000000,1,134613087549345,0,0,0,12000000,PAIRED_ROS_CLOCK
C_SHARED_SIM_CLOCK_11008_MONOTONE_SAMPLES,EXACT_KEY_OBSERVED,tracking,0,1075,"(1452948046641, 4, 18110031447199154478, 2, 3, 9, 1072)",1,135735066638878,1,38408000000,1,134613087549345,0,0,0,12000000,PAIRED_ROS_CLOCK
C_SHARED_SIM_CLOCK_11008_MONOTONE_SAMPLES,EXACT_KEY_OBSERVED,tracking,0,1076,"(1452948046641, 4, 18110031447199154478, 2, 3, 9, 1073)",1,135735066638878,1,38424000000,1,134613087549345,0,0,0,12000000,PAIRED_ROS_CLOCK
C_SHARED_SIM_CLOCK_11008_MONOTONE_SAMPLES,EXACT_KEY_OBSERVED,tracking,0,1077,"(1452948046641, 4, 18110031447199154478, 2, 3, 9, 1074)",1,135735066638878,1,38440000000,1,134613087549345,0,0,0,12000000,PAIRED_ROS_CLOCK
C_SHARED_SIM_CLOCK_11008_MONOTONE_SAMPLES,EXACT_KEY_OBSERVED,tracking,0,1078,"(1452948046641, 4, 18110031447199154478, 2, 3, 9, 1075)",1,135735066638878,1,38456000000,1,134613087549345,0,0,0,12000000,PAIRED_ROS_CLOCK
C_SHARED_SIM_CLOCK_11008_MONOTONE_SAMPLES,EXACT_KEY_OBSERVED,tracking,0,1079,"(1452948046641, 4, 18110031447199154478, 2, 3, 9, 1076)",1,135735066638878,1,38472000000,1,134613087549345,0,0,0,12000000,PAIRED_ROS_CLOCK
C_SHARED_SIM_CLOCK_11008_MONOTONE_SAMPLES,EXACT_KEY_OBSERVED,tracking,0,1080,"(1452948046641, 4, 18110031447199154478, 2, 3, 9, 1077)",1,135735066638878,1,38488000000,1,134613087549345,0,0,0,12000000,PAIRED_ROS_CLOCK
C_SHARED_SIM_CLOCK_11008_MONOTONE_SAMPLES,EXACT_KEY_OBSERVED,tracking,0,1081,"(1452948046641, 4, 18110031447199154478, 2, 3, 9, 1078)",1,135735066638878,1,38504000000,1,134613087549345,0,0,0,12000000,PAIRED_ROS_CLOCK
C_SHARED_SIM_CLOCK_11008_MONOTONE_SAMPLES,EXACT_KEY_OBSERVED,tracking,0,1082,"(1452948046641, 4, 18110031447199154478, 2, 3, 9, 1079)",1,135735066638878,1,38520000000,1,134613087549345,0,0,0,12000000,PAIRED_ROS_CLOCK
C_SHARED_SIM_CLOCK_11008_MONOTONE_SAMPLES,EXACT_KEY_OBSERVED,tracking,0,1083,"(1452948046641, 4, 18110031447199154478, 2, 3, 9, 1080)",1,135735066638878,1,38536000000,1,134613087549345,0,0,0,12000000,PAIRED_ROS_CLOCK
C_SHARED_SIM_CLOCK_11008_MONOTONE_SAMPLES,EXACT_KEY_OBSERVED,tracking,0,1084,"(1452948046641, 4, 18110031447199154478, 2, 3, 9, 1081)",1,135735066638878,1,38552000000,1,134613087549345,0,0,0,12000000,PAIRED_ROS_CLOCK
C_SHARED_SIM_CLOCK_11008_MONOTONE_SAMPLES,EXACT_KEY_OBSERVED,tracking,0,1085,"(1452948046641, 4, 18110031447199154478, 2, 3, 9, 1082)",1,135735066638878,1,38568000000,1,134613087549345,0,0,0,12000000,PAIRED_ROS_CLOCK
C_SHARED_SIM_CLOCK_11008_MONOTONE_SAMPLES,EXACT_KEY_OBSERVED,tracking,0,1086,"(1452948046641, 4, 18110031447199154478, 2, 3, 9, 1083)",1,135735066638878,1,38584000000,1,134613087549345,0,0,0,12000000,PAIRED_ROS_CLOCK
C_SHARED_SIM_CLOCK_11008_MONOTONE_SAMPLES,EXACT_KEY_OBSERVED,tracking,0,1087,"(1452948046641, 4, 18110031447199154478, 2, 3, 9, 1084)",1,135735066638878,1,38600000000,1,134613087549345,0,0,0,12000000,PAIRED_ROS_CLOCK
C_SHARED_SIM_CLOCK_11008_MONOTONE_SAMPLES,EXACT_KEY_OBSERVED,tracking,0,1088,"(1452948046641, 4, 18110031447199154478, 2, 3, 9, 1085)",1,135735066638878,1,38616000000,1,134613087549345,0,0,0,12000000,PAIRED_ROS_CLOCK
C_SHARED_SIM_CLOCK_11008_MONOTONE_SAMPLES,EXACT_KEY_OBSERVED,tracking,0,1089,"(1452948046641, 4, 18110031447199154478, 2, 3, 9, 1086)",1,135735066638878,1,38632000000,1,134613087549345,0,0,0,12000000,PAIRED_ROS_CLOCK
C_SHARED_SIM_CLOCK_11008_MONOTONE_SAMPLES,EXACT_KEY_OBSERVED,tracking,0,1090,"(1452948046641, 4, 18110031447199154478, 2, 3, 9, 1087)",1,135735066638878,1,38648000000,1,134613087549345,0,0,0,12000000,PAIRED_ROS_CLOCK
C_SHARED_SIM_CLOCK_11008_MONOTONE_SAMPLES,EXACT_KEY_OBSERVED,tracking,0,1091,"(1452948046641, 4, 18110031447199154478, 2, 3, 9, 1088)",1,135735066638878,1,38664000000,1,134613087549345,0,0,0,12000000,PAIRED_ROS_CLOCK
C_SHARED_SIM_CLOCK_11008_MONOTONE_SAMPLES,EXACT_KEY_OBSERVED,tracking,0,1092,"(1452948046641, 4, 18110031447199154478, 2, 3, 9, 1089)",1,135735066638878,1,38680000000,1,134613087549345,0,0,0,12000000,PAIRED_ROS_CLOCK
C_SHARED_SIM_CLOCK_11008_MONOTONE_SAMPLES,EXACT_KEY_OBSERVED,tracking,0,1093,"(1452948046641, 4, 18110031447199154478, 2, 3, 9, 1090)",1,135735066638878,1,38696000000,1,134613087549345,0,0,0,12000000,PAIRED_ROS_CLOCK
C_SHARED_SIM_CLOCK_11008_MONOTONE_SAMPLES,EXACT_KEY_OBSERVED,tracking,0,1094,"(1452948046641, 4, 18110031447199154478, 2, 3, 9, 1091)",1,135735066638878,1,38712000000,1,134613087549345,0,0,0,12000000,PAIRED_ROS_CLOCK
C_SHARED_SIM_CLOCK_11008_MONOTONE_SAMPLES,EXACT_KEY_OBSERVED,tracking,0,1095,"(1452948046641, 4, 18110031447199154478, 2, 3, 9, 1092)",1,135735066638878,1,38728000000,1,134613087549345,0,0,0,12000000,PAIRED_ROS_CLOCK
C_SHARED_SIM_CLOCK_11008_MONOTONE_SAMPLES,EXACT_KEY_OBSERVED,tracking,0,1096,"(1452948046641, 4, 18110031447199154478, 2, 3, 9, 1093)",1,135735066638878,1,38744000000,1,134613087549345,0,0,0,12000000,PAIRED_ROS_CLOCK
C_SHARED_SIM_CLOCK_11008_MONOTONE_SAMPLES,EXACT_KEY_OBSERVED,tracking,0,1097,"(1452948046641, 4, 18110031447199154478, 2, 3, 9, 1094)",1,135735066638878,1,38760000000,1,134613087549345,0,0,0,12000000,PAIRED_ROS_CLOCK
C_SHARED_SIM_CLOCK_11008_MONOTONE_SAMPLES,EXACT_KEY_OBSERVED,tracking,0,1098,"(1452948046641, 4, 18110031447199154478, 2, 3, 9, 1095)",1,135735066638878,1,38776000000,1,134613087549345,0,0,0,12000000,PAIRED_ROS_CLOCK
C_SHARED_SIM_CLOCK_11008_MONOTONE_SAMPLES,EXACT_KEY_OBSERVED,tracking,0,1099,"(1452948046641, 4, 18110031447199154478, 2, 3, 9, 1096)",1,135735066638878,1,38792000000,1,134613087549345,0,0,0,12000000,PAIRED_ROS_CLOCK
C_SHARED_SIM_CLOCK_11008_MONOTONE_SAMPLES,EXACT_KEY_OBSERVED,tracking,0,1100,"(1452948046641, 4, 18110031447199154478, 2, 3, 9, 1097)",1,135735066638878,1,38808000000,1,134613087549345,0,0,0,12000000,PAIRED_ROS_CLOCK
C_SHARED_SIM_CLOCK_11008_MONOTONE_SAMPLES,EXACT_KEY_OBSERVED,tracking,0,1101,"(1452948046641, 4, 18110031447199154478, 2, 3, 9, 1098)",1,135735066638878,1,38824000000,1,134613087549345,0,0,0,12000000,PAIRED_ROS_CLOCK
C_SHARED_SIM_CLOCK_11008_MONOTONE_SAMPLES,EXACT_KEY_OBSERVED,tracking,0,1102,"(1452948046641, 4, 18110031447199154478, 2, 3, 9, 1099)",1,135735066638878,1,38840000000,1,134613087549345,0,0,0,12000000,PAIRED_ROS_CLOCK
C_SHARED_SIM_CLOCK_11008_MONOTONE_SAMPLES,EXACT_KEY_OBSERVED,tracking,0,1103,"(1452948046641, 4, 18110031447199154478, 2, 3, 9, 1100)",1,135735066638878,1,38856000000,1,134613087549345,0,0,0,12000000,PAIRED_ROS_CLOCK
C_SHARED_SIM_CLOCK_11008_MONOTONE_SAMPLES,EXACT_KEY_OBSERVED,tracking,0,1104,"(1452948046641, 4, 18110031447199154478, 2, 3, 9, 1101)",1,135735066638878,1,38872000000,1,134613087549345,0,0,0,12000000,PAIRED_ROS_CLOCK
C_SHARED_SIM_CLOCK_11008_MONOTONE_SAMPLES,EXACT_KEY_OBSERVED,tracking,0,1105,"(1452948046641, 4, 18110031447199154478, 2, 3, 9, 1102)",1,135735066638878,1,38888000000,1,134613087549345,0,0,0,12000000,PAIRED_ROS_CLOCK
C_SHARED_SIM_CLOCK_11008_MONOTONE_SAMPLES,EXACT_KEY_OBSERVED,tracking,0,1106,"(1452948046641, 4, 18110031447199154478, 2, 3, 9, 1103)",1,135735066638878,1,38904000000,1,134613087549345,0,0,0,12000000,PAIRED_ROS_CLOCK
C_SHARED_SIM_CLOCK_11008_MONOTONE_SAMPLES,EXACT_KEY_OBSERVED,tracking,0,1107,"(1452948046641, 4, 18110031447199154478, 2, 3, 9, 1104)",1,135735066638878,1,38920000000,1,134613087549345,0,0,0,12000000,PAIRED_ROS_CLOCK
C_SHARED_SIM_CLOCK_11008_MONOTONE_SAMPLES,EXACT_KEY_OBSERVED,tracking,0,1108,"(1452948046641, 4, 18110031447199154478, 2, 3, 9, 1105)",1,135735066638878,1,38936000000,1,134613087549345,0,0,0,12000000,PAIRED_ROS_CLOCK
C_SHARED_SIM_CLOCK_11008_MONOTONE_SAMPLES,EXACT_KEY_OBSERVED,tracking,0,1109,"(1452948046641, 4, 18110031447199154478, 2, 3, 9, 1106)",1,135735066638878,1,38952000000,1,134613087549345,0,0,0,12000000,PAIRED_ROS_CLOCK
C_SHARED_SIM_CLOCK_11008_MONOTONE_SAMPLES,EXACT_KEY_OBSERVED,tracking,0,1110,"(1452948046641, 4, 18110031447199154478, 2, 3, 9, 1107)",1,135735066638878,1,38968000000,1,134613087549345,0,0,0,12000000,PAIRED_ROS_CLOCK
C_SHARED_SIM_CLOCK_11008_MONOTONE_SAMPLES,EXACT_KEY_OBSERVED,tracking,0,1111,"(1452948046641, 4, 18110031447199154478, 2, 3, 9, 1108)",1,135735066638878,1,38984000000,1,134613087549345,0,0,0,12000000,PAIRED_ROS_CLOCK
C_SHARED_SIM_CLOCK_11008_MONOTONE_SAMPLES,EXACT_KEY_OBSERVED,tracking,0,1112,"(1452948046641, 4, 18110031447199154478, 2, 3, 9, 1109)",1,135735066638878,1,39000000000,1,134613087549345,0,0,0,12000000,PAIRED_ROS_CLOCK
C_SHARED_SIM_CLOCK_11008_MONOTONE_SAMPLES,EXACT_KEY_OBSERVED,tracking,0,1113,"(1452948046641, 4, 18110031447199154478, 2, 3, 9, 1110)",1,135735066638878,1,39016000000,1,134613087549345,0,0,0,12000000,PAIRED_ROS_CLOCK
C_SHARED_SIM_CLOCK_11008_MONOTONE_SAMPLES,EXACT_KEY_OBSERVED,tracking,0,1114,"(1452948046641, 4, 18110031447199154478, 2, 3, 9, 1111)",1,135735066638878,1,39032000000,1,134613087549345,0,0,0,12000000,PAIRED_ROS_CLOCK
C_SHARED_SIM_CLOCK_11008_MONOTONE_SAMPLES,EXACT_KEY_OBSERVED,tracking,0,1115,"(1452948046641, 4, 18110031447199154478, 2, 3, 9, 1112)",1,135735066638878,1,39048000000,1,134613087549345,0,0,0,12000000,PAIRED_ROS_CLOCK
C_SHARED_SIM_CLOCK_11008_MONOTONE_SAMPLES,EXACT_KEY_OBSERVED,tracking,0,1116,"(1452948046641, 4, 18110031447199154478, 2, 3, 9, 1113)",1,135735066638878,1,39064000000,1,134613087549345,0,0,0,12000000,PAIRED_ROS_CLOCK
C_SHARED_SIM_CLOCK_11008_MONOTONE_SAMPLES,EXACT_KEY_OBSERVED,tracking,0,1117,"(1452948046641, 4, 18110031447199154478, 2, 3, 9, 1114)",1,135735066638878,1,39080000000,1,134613087549345,0,0,0,12000000,PAIRED_ROS_CLOCK
C_SHARED_SIM_CLOCK_11008_MONOTONE_SAMPLES,EXACT_KEY_OBSERVED,tracking,0,1118,"(1452948046641, 4, 18110031447199154478, 2, 3, 9, 1115)",1,135735066638878,1,39096000000,1,134613087549345,0,0,0,12000000,PAIRED_ROS_CLOCK
C_SHARED_SIM_CLOCK_11008_MONOTONE_SAMPLES,EXACT_KEY_OBSERVED,tracking,0,1119,"(1452948046641, 4, 18110031447199154478, 2, 3, 9, 1116)",1,135735066638878,1,39112000000,1,134613087549345,0,0,0,12000000,PAIRED_ROS_CLOCK
C_SHARED_SIM_CLOCK_11008_MONOTONE_SAMPLES,EXACT_KEY_OBSERVED,tracking,0,1120,"(1452948046641, 4, 18110031447199154478, 2, 3, 9, 1117)",1,135735066638878,1,39128000000,1,134613087549345,0,0,0,12000000,PAIRED_ROS_CLOCK
C_SHARED_SIM_CLOCK_11008_MONOTONE_SAMPLES,EXACT_KEY_OBSERVED,tracking,0,1121,"(1452948046641, 4, 18110031447199154478, 2, 3, 9, 1118)",1,135735066638878,1,39144000000,1,134613087549345,0,0,0,12000000,PAIRED_ROS_CLOCK
C_SHARED_SIM_CLOCK_11008_MONOTONE_SAMPLES,EXACT_KEY_OBSERVED,tracking,0,1122,"(1452948046641, 4, 18110031447199154478, 2, 3, 9, 1119)",1,135735066638878,1,39160000000,1,134613087549345,0,0,0,12000000,PAIRED_ROS_CLOCK
C_SHARED_SIM_CLOCK_11008_MONOTONE_SAMPLES,EXACT_KEY_OBSERVED,tracking,0,1123,"(1452948046641, 4, 18110031447199154478, 2, 3, 9, 1120)",1,135735066638878,1,39176000000,1,134613087549345,0,0,0,12000000,PAIRED_ROS_CLOCK
C_SHARED_SIM_CLOCK_11008_MONOTONE_SAMPLES,EXACT_KEY_OBSERVED,tracking,0,1124,"(1452948046641, 4, 18110031447199154478, 2, 3, 9, 1121)",1,135735066638878,1,39192000000,1,134613087549345,0,0,0,12000000,PAIRED_ROS_CLOCK
C_SHARED_SIM_CLOCK_11008_MONOTONE_SAMPLES,EXACT_KEY_OBSERVED,tracking,0,1125,"(1452948046641, 4, 18110031447199154478, 2, 3, 9, 1122)",1,135735066638878,1,39208000000,1,134613087549345,0,0,0,12000000,PAIRED_ROS_CLOCK
C_SHARED_SIM_CLOCK_11008_MONOTONE_SAMPLES,EXACT_KEY_OBSERVED,tracking,0,1126,"(1452948046641, 4, 18110031447199154478, 2, 3, 9, 1123)",1,135735066638878,1,39224000000,1,134613087549345,0,0,0,12000000,PAIRED_ROS_CLOCK
C_SHARED_SIM_CLOCK_11008_MONOTONE_SAMPLES,EXACT_KEY_OBSERVED,tracking,0,1127,"(1452948046641, 4, 18110031447199154478, 2, 3, 9, 1124)",1,135735066638878,1,39240000000,1,134613087549345,0,0,0,12000000,PAIRED_ROS_CLOCK
C_SHARED_SIM_CLOCK_11008_MONOTONE_SAMPLES,EXACT_KEY_OBSERVED,tracking,0,1128,"(1452948046641, 4, 18110031447199154478, 2, 3, 9, 1125)",1,135735066638878,1,39256000000,1,134613087549345,0,0,0,12000000,PAIRED_ROS_CLOCK
C_SHARED_SIM_CLOCK_11008_MONOTONE_SAMPLES,EXACT_KEY_OBSERVED,tracking,0,1129,"(1452948046641, 4, 18110031447199154478, 2, 3, 9, 1126)",1,135735066638878,1,39272000000,1,134613087549345,0,0,0,12000000,PAIRED_ROS_CLOCK
C_SHARED_SIM_CLOCK_11008_MONOTONE_SAMPLES,EXACT_KEY_OBSERVED,tracking,0,1130,"(1452948046641, 4, 18110031447199154478, 2, 3, 9, 1127)",1,135735066638878,1,39288000000,1,134613087549345,0,0,0,12000000,PAIRED_ROS_CLOCK
C_SHARED_SIM_CLOCK_11008_MONOTONE_SAMPLES,EXACT_KEY_OBSERVED,tracking,0,1131,"(1452948046641, 4, 18110031447199154478, 2, 3, 9, 1128)",1,135735066638878,1,39304000000,1,134613087549345,0,0,0,12000000,PAIRED_ROS_CLOCK
C_SHARED_SIM_CLOCK_11008_MONOTONE_SAMPLES,EXACT_KEY_OBSERVED,tracking,0,1132,"(1452948046641, 4, 18110031447199154478, 2, 3, 9, 1129)",1,135735066638878,1,39320000000,1,134613087549345,0,0,0,12000000,PAIRED_ROS_CLOCK
C_SHARED_SIM_CLOCK_11008_MONOTONE_SAMPLES,EXACT_KEY_OBSERVED,tracking,0,1133,"(1452948046641, 4, 18110031447199154478, 2, 3, 9, 1130)",1,135735066638878,1,39336000000,1,134613087549345,0,0,0,12000000,PAIRED_ROS_CLOCK
C_SHARED_SIM_CLOCK_11008_MONOTONE_SAMPLES,EXACT_KEY_OBSERVED,tracking,0,1134,"(1452948046641, 4, 18110031447199154478, 2, 3, 9, 1131)",1,135735066638878,1,39352000000,1,134613087549345,0,0,0,12000000,PAIRED_ROS_CLOCK
C_SHARED_SIM_CLOCK_11008_MONOTONE_SAMPLES,EXACT_KEY_OBSERVED,tracking,0,1135,"(1452948046641, 4, 18110031447199154478, 2, 3, 9, 1132)",1,135735066638878,1,39368000000,1,134613087549345,0,0,0,12000000,PAIRED_ROS_CLOCK
C_SHARED_SIM_CLOCK_11008_MONOTONE_SAMPLES,EXACT_KEY_OBSERVED,tracking,0,1136,"(1452948046641, 4, 18110031447199154478, 2, 3, 9, 1133)",1,135735066638878,1,39384000000,1,134613087549345,0,0,0,12000000,PAIRED_ROS_CLOCK
C_SHARED_SIM_CLOCK_11008_MONOTONE_SAMPLES,EXACT_KEY_OBSERVED,tracking,0,1137,"(1452948046641, 4, 18110031447199154478, 2, 3, 9, 1134)",1,135735066638878,1,39400000000,1,134613087549345,0,0,0,12000000,PAIRED_ROS_CLOCK
C_SHARED_SIM_CLOCK_11008_MONOTONE_SAMPLES,EXACT_KEY_OBSERVED,tracking,0,1138,"(1452948046641, 4, 18110031447199154478, 2, 3, 9, 1135)",1,135735066638878,1,39416000000,1,134613087549345,0,0,0,12000000,PAIRED_ROS_CLOCK
C_SHARED_SIM_CLOCK_11008_MONOTONE_SAMPLES,EXACT_KEY_OBSERVED,tracking,0,1139,"(1452948046641, 4, 18110031447199154478, 2, 3, 9, 1136)",1,135735066638878,1,39432000000,1,134613087549345,0,0,0,12000000,PAIRED_ROS_CLOCK
C_SHARED_SIM_CLOCK_11008_MONOTONE_SAMPLES,EXACT_KEY_OBSERVED,tracking,0,1140,"(1452948046641, 4, 18110031447199154478, 2, 3, 9, 1137)",1,135735066638878,1,39448000000,1,134613087549345,0,0,0,12000000,PAIRED_ROS_CLOCK
C_SHARED_SIM_CLOCK_11008_MONOTONE_SAMPLES,EXACT_KEY_OBSERVED,tracking,0,1141,"(1452948046641, 4, 18110031447199154478, 2, 3, 9, 1138)",1,135735066638878,1,39464000000,1,134613087549345,0,0,0,12000000,PAIRED_ROS_CLOCK
C_SHARED_SIM_CLOCK_11008_MONOTONE_SAMPLES,EXACT_KEY_OBSERVED,tracking,0,1142,"(1452948046641, 4, 18110031447199154478, 2, 3, 9, 1139)",1,135735066638878,1,39480000000,1,134613087549345,0,0,0,12000000,PAIRED_ROS_CLOCK
C_SHARED_SIM_CLOCK_11008_MONOTONE_SAMPLES,EXACT_KEY_OBSERVED,tracking,0,1143,"(1452948046641, 4, 18110031447199154478, 2, 3, 9, 1140)",1,135735066638878,1,39496000000,1,134613087549345,0,0,0,12000000,PAIRED_ROS_CLOCK
C_SHARED_SIM_CLOCK_11008_MONOTONE_SAMPLES,EXACT_KEY_OBSERVED,tracking,0,1144,"(1452948046641, 4, 18110031447199154478, 2, 3, 9, 1141)",1,135735066638878,1,39512000000,1,134613087549345,0,0,0,12000000,PAIRED_ROS_CLOCK
C_SHARED_SIM_CLOCK_11008_MONOTONE_SAMPLES,EXACT_KEY_OBSERVED,tracking,0,1145,"(1452948046641, 4, 18110031447199154478, 2, 3, 9, 1142)",1,135735066638878,1,39528000000,1,134613087549345,0,0,0,12000000,PAIRED_ROS_CLOCK
C_SHARED_SIM_CLOCK_11008_MONOTONE_SAMPLES,EXACT_KEY_OBSERVED,tracking,0,1146,"(1452948046641, 4, 18110031447199154478, 2, 3, 9, 1143)",1,135735066638878,1,39544000000,1,134613087549345,0,0,0,12000000,PAIRED_ROS_CLOCK
C_SHARED_SIM_CLOCK_11008_MONOTONE_SAMPLES,EXACT_KEY_OBSERVED,tracking,0,1147,"(1452948046641, 4, 18110031447199154478, 2, 3, 9, 1144)",1,135735066638878,1,39560000000,1,134613087549345,0,0,0,12000000,PAIRED_ROS_CLOCK
C_SHARED_SIM_CLOCK_11008_MONOTONE_SAMPLES,EXACT_KEY_OBSERVED,tracking,0,1148,"(1452948046641, 4, 18110031447199154478, 2, 3, 9, 1145)",1,135735066638878,1,39576000000,1,134613087549345,0,0,0,12000000,PAIRED_ROS_CLOCK
C_SHARED_SIM_CLOCK_11008_MONOTONE_SAMPLES,EXACT_KEY_OBSERVED,tracking,0,1149,"(1452948046641, 4, 18110031447199154478, 2, 3, 9, 1146)",1,135735066638878,1,39592000000,1,134613087549345,0,0,0,12000000,PAIRED_ROS_CLOCK
C_SHARED_SIM_CLOCK_11008_MONOTONE_SAMPLES,EXACT_KEY_OBSERVED,tracking,0,1150,"(1452948046641, 4, 18110031447199154478, 2, 3, 9, 1147)",1,135735066638878,1,39608000000,1,134613087549345,0,0,0,12000000,PAIRED_ROS_CLOCK
C_SHARED_SIM_CLOCK_11008_MONOTONE_SAMPLES,EXACT_KEY_OBSERVED,tracking,0,1151,"(1452948046641, 4, 18110031447199154478, 2, 3, 9, 1148)",1,135735066638878,1,39624000000,1,134613087549345,0,0,0,12000000,PAIRED_ROS_CLOCK
C_SHARED_SIM_CLOCK_11008_MONOTONE_SAMPLES,EXACT_KEY_OBSERVED,tracking,0,1152,"(1452948046641, 4, 18110031447199154478, 2, 3, 9, 1149)",1,135735066638878,1,39640000000,1,134613087549345,0,0,0,12000000,PAIRED_ROS_CLOCK
C_SHARED_SIM_CLOCK_11008_MONOTONE_SAMPLES,EXACT_KEY_OBSERVED,tracking,0,1153,"(1452948046641, 4, 18110031447199154478, 2, 3, 9, 1150)",1,135735066638878,1,39656000000,1,134613087549345,0,0,0,12000000,PAIRED_ROS_CLOCK
C_SHARED_SIM_CLOCK_11008_MONOTONE_SAMPLES,EXACT_KEY_OBSERVED,tracking,0,1154,"(1452948046641, 4, 18110031447199154478, 2, 3, 9, 1151)",1,135735066638878,1,39672000000,1,134613087549345,0,0,0,12000000,PAIRED_ROS_CLOCK
C_SHARED_SIM_CLOCK_11008_MONOTONE_SAMPLES,EXACT_KEY_OBSERVED,tracking,0,1155,"(1452948046641, 4, 18110031447199154478, 2, 3, 9, 1152)",1,135735066638878,1,39688000000,1,134613087549345,0,0,0,12000000,PAIRED_ROS_CLOCK
C_SHARED_SIM_CLOCK_11008_MONOTONE_SAMPLES,EXACT_KEY_OBSERVED,tracking,0,1156,"(1452948046641, 4, 18110031447199154478, 2, 3, 9, 1153)",1,135735066638878,1,39704000000,1,134613087549345,0,0,0,12000000,PAIRED_ROS_CLOCK
C_SHARED_SIM_CLOCK_11008_MONOTONE_SAMPLES,EXACT_KEY_OBSERVED,tracking,0,1157,"(1452948046641, 4, 18110031447199154478, 2, 3, 9, 1154)",1,135735066638878,1,39720000000,1,134613087549345,0,0,0,12000000,PAIRED_ROS_CLOCK
C_SHARED_SIM_CLOCK_11008_MONOTONE_SAMPLES,EXACT_KEY_OBSERVED,tracking,0,1158,"(1452948046641, 4, 18110031447199154478, 2, 3, 9, 1155)",1,135735066638878,1,39736000000,1,134613087549345,0,0,0,12000000,PAIRED_ROS_CLOCK
C_SHARED_SIM_CLOCK_11008_MONOTONE_SAMPLES,EXACT_KEY_OBSERVED,tracking,0,1159,"(1452948046641, 4, 18110031447199154478, 2, 3, 9, 1156)",1,135735066638878,1,39752000000,1,134613087549345,0,0,0,12000000,PAIRED_ROS_CLOCK
C_SHARED_SIM_CLOCK_11008_MONOTONE_SAMPLES,EXACT_KEY_OBSERVED,tracking,0,1160,"(1452948046641, 4, 18110031447199154478, 2, 3, 9, 1157)",1,135735066638878,1,39768000000,1,134613087549345,0,0,0,12000000,PAIRED_ROS_CLOCK
C_SHARED_SIM_CLOCK_11008_MONOTONE_SAMPLES,EXACT_KEY_OBSERVED,tracking,0,1161,"(1452948046641, 4, 18110031447199154478, 2, 3, 9, 1158)",1,135735066638878,1,39784000000,1,134613087549345,0,0,0,12000000,PAIRED_ROS_CLOCK
C_SHARED_SIM_CLOCK_11008_MONOTONE_SAMPLES,EXACT_KEY_OBSERVED,tracking,0,1162,"(1452948046641, 4, 18110031447199154478, 2, 3, 9, 1159)",1,135735066638878,1,39800000000,1,134613087549345,0,0,0,12000000,PAIRED_ROS_CLOCK
C_SHARED_SIM_CLOCK_11008_MONOTONE_SAMPLES,EXACT_KEY_OBSERVED,tracking,0,1163,"(1452948046641, 4, 18110031447199154478, 2, 3, 9, 1160)",1,135735066638878,1,39816000000,1,134613087549345,0,0,0,12000000,PAIRED_ROS_CLOCK
C_SHARED_SIM_CLOCK_11008_MONOTONE_SAMPLES,EXACT_KEY_OBSERVED,tracking,0,1164,"(1452948046641, 4, 18110031447199154478, 2, 3, 9, 1161)",1,135735066638878,1,39832000000,1,134613087549345,0,0,0,12000000,PAIRED_ROS_CLOCK
C_SHARED_SIM_CLOCK_11008_MONOTONE_SAMPLES,EXACT_KEY_OBSERVED,tracking,0,1165,"(1452948046641, 4, 18110031447199154478, 2, 3, 9, 1162)",1,135735066638878,1,39848000000,1,134613087549345,0,0,0,12000000,PAIRED_ROS_CLOCK
C_SHARED_SIM_CLOCK_11008_MONOTONE_SAMPLES,EXACT_KEY_OBSERVED,tracking,0,1166,"(1452948046641, 4, 18110031447199154478, 2, 3, 9, 1163)",1,135735066638878,1,39864000000,1,134613087549345,0,0,0,12000000,PAIRED_ROS_CLOCK
C_SHARED_SIM_CLOCK_11008_MONOTONE_SAMPLES,EXACT_KEY_OBSERVED,tracking,0,1167,"(1452948046641, 4, 18110031447199154478, 2, 3, 9, 1164)",1,135735066638878,1,39880000000,1,134613087549345,0,0,0,12000000,PAIRED_ROS_CLOCK
C_SHARED_SIM_CLOCK_11008_MONOTONE_SAMPLES,EXACT_KEY_OBSERVED,tracking,0,1168,"(1452948046641, 4, 18110031447199154478, 2, 3, 9, 1165)",1,135735066638878,1,39896000000,1,134613087549345,0,0,0,12000000,PAIRED_ROS_CLOCK
C_SHARED_SIM_CLOCK_11008_MONOTONE_SAMPLES,EXACT_KEY_OBSERVED,tracking,0,1169,"(1452948046641, 4, 18110031447199154478, 2, 3, 9, 1166)",1,135735066638878,1,39912000000,1,134613087549345,0,0,0,12000000,PAIRED_ROS_CLOCK
C_SHARED_SIM_CLOCK_11008_MONOTONE_SAMPLES,EXACT_KEY_OBSERVED,tracking,0,1170,"(1452948046641, 4, 18110031447199154478, 2, 3, 9, 1167)",1,135735066638878,1,39928000000,1,134613087549345,0,0,0,12000000,PAIRED_ROS_CLOCK
C_SHARED_SIM_CLOCK_11008_MONOTONE_SAMPLES,EXACT_KEY_OBSERVED,tracking,0,1171,"(1452948046641, 4, 18110031447199154478, 2, 3, 9, 1168)",1,135735066638878,1,39944000000,1,134613087549345,0,0,0,12000000,PAIRED_ROS_CLOCK
C_SHARED_SIM_CLOCK_11008_MONOTONE_SAMPLES,EXACT_KEY_OBSERVED,tracking,0,1172,"(1452948046641, 4, 18110031447199154478, 2, 3, 9, 1169)",1,135735066638878,1,39960000000,1,134613087549345,0,0,0,12000000,PAIRED_ROS_CLOCK
C_SHARED_SIM_CLOCK_11008_MONOTONE_SAMPLES,EXACT_KEY_OBSERVED,tracking,0,1173,"(1452948046641, 4, 18110031447199154478, 2, 3, 9, 1170)",1,135735066638878,1,39976000000,1,134613087549345,0,0,0,12000000,PAIRED_ROS_CLOCK
C_SHARED_SIM_CLOCK_11008_MONOTONE_SAMPLES,EXACT_KEY_OBSERVED,tracking,0,1174,"(1452948046641, 4, 18110031447199154478, 2, 3, 9, 1171)",1,135735066638878,1,39992000000,1,134613087549345,0,0,0,12000000,PAIRED_ROS_CLOCK
C_SHARED_SIM_CLOCK_11008_MONOTONE_SAMPLES,EXACT_KEY_OBSERVED,tracking,0,1175,"(1452948046641, 4, 18110031447199154478, 2, 3, 9, 1172)",1,135735066638878,1,40008000000,1,134613087549345,0,0,0,12000000,PAIRED_ROS_CLOCK
C_SHARED_SIM_CLOCK_11008_MONOTONE_SAMPLES,EXACT_KEY_OBSERVED,tracking,0,1176,"(1452948046641, 4, 18110031447199154478, 2, 3, 9, 1173)",1,135735066638878,1,40024000000,1,134613087549345,0,0,0,12000000,PAIRED_ROS_CLOCK
C_SHARED_SIM_CLOCK_11008_MONOTONE_SAMPLES,EXACT_KEY_OBSERVED,tracking,0,1177,"(1452948046641, 4, 18110031447199154478, 2, 3, 9, 1174)",1,135735066638878,1,40040000000,1,134613087549345,0,0,0,12000000,PAIRED_ROS_CLOCK
C_SHARED_SIM_CLOCK_11008_MONOTONE_SAMPLES,EXACT_KEY_OBSERVED,tracking,0,1178,"(1452948046641, 4, 18110031447199154478, 2, 3, 9, 1175)",1,135735066638878,1,40056000000,1,134613087549345,0,0,0,12000000,PAIRED_ROS_CLOCK
C_SHARED_SIM_CLOCK_11008_MONOTONE_SAMPLES,EXACT_KEY_OBSERVED,tracking,0,1179,"(1452948046641, 4, 18110031447199154478, 2, 3, 9, 1176)",1,135735066638878,1,40072000000,1,134613087549345,0,0,0,12000000,PAIRED_ROS_CLOCK
C_SHARED_SIM_CLOCK_11008_MONOTONE_SAMPLES,EXACT_KEY_OBSERVED,tracking,0,1181,"(1452948046641, 4, 18110031447199154478, 2, 3, 9, 1178)",1,135735066638878,1,40104000000,1,134613087549345,0,0,0,12000000,PAIRED_ROS_CLOCK
C_SHARED_SIM_CLOCK_11008_MONOTONE_SAMPLES,EXACT_KEY_OBSERVED,tracking,0,1182,"(1452948046641, 4, 18110031447199154478, 2, 3, 9, 1179)",1,135735066638878,1,40120000000,1,134613087549345,0,0,0,12000000,PAIRED_ROS_CLOCK
C_SHARED_SIM_CLOCK_11008_MONOTONE_SAMPLES,EXACT_KEY_OBSERVED,tracking,0,1183,"(1452948046641, 4, 18110031447199154478, 2, 3, 9, 1180)",1,135735066638878,1,40136000000,1,134613087549345,0,0,0,12000000,PAIRED_ROS_CLOCK
C_SHARED_SIM_CLOCK_11008_MONOTONE_SAMPLES,EXACT_KEY_OBSERVED,tracking,0,1184,"(1452948046641, 4, 18110031447199154478, 2, 3, 9, 1181)",1,135735066638878,1,40152000000,1,134613087549345,0,0,0,12000000,PAIRED_ROS_CLOCK
C_SHARED_SIM_CLOCK_11008_MONOTONE_SAMPLES,EXACT_KEY_OBSERVED,tracking,0,1185,"(1452948046641, 4, 18110031447199154478, 2, 3, 9, 1182)",1,135735066638878,1,40168000000,1,134613087549345,0,0,0,12000000,PAIRED_ROS_CLOCK
C_SHARED_SIM_CLOCK_11008_MONOTONE_SAMPLES,EXACT_KEY_OBSERVED,tracking,0,1186,"(1452948046641, 4, 18110031447199154478, 2, 3, 9, 1183)",1,135735066638878,1,40184000000,1,134613087549345,0,0,0,12000000,PAIRED_ROS_CLOCK
C_SHARED_SIM_CLOCK_11008_MONOTONE_SAMPLES,EXACT_KEY_OBSERVED,tracking,0,1187,"(1452948046641, 4, 18110031447199154478, 2, 3, 9, 1184)",1,135735066638878,1,40200000000,1,134613087549345,0,0,0,12000000,PAIRED_ROS_CLOCK
C_SHARED_SIM_CLOCK_11008_MONOTONE_SAMPLES,EXACT_KEY_OBSERVED,tracking,0,1188,"(1452948046641, 4, 18110031447199154478, 2, 3, 9, 1185)",1,135735066638878,1,40216000000,1,134613087549345,0,0,0,12000000,PAIRED_ROS_CLOCK
C_SHARED_SIM_CLOCK_11008_MONOTONE_SAMPLES,EXACT_KEY_OBSERVED,tracking,0,1189,"(1452948046641, 4, 18110031447199154478, 2, 3, 9, 1186)",1,135735066638878,1,40232000000,1,134613087549345,0,0,0,12000000,PAIRED_ROS_CLOCK
C_SHARED_SIM_CLOCK_11008_MONOTONE_SAMPLES,EXACT_KEY_OBSERVED,tracking,0,1190,"(1452948046641, 4, 18110031447199154478, 2, 3, 9, 1187)",1,135735066638878,1,40248000000,1,134613087549345,0,0,0,12000000,PAIRED_ROS_CLOCK
C_SHARED_SIM_CLOCK_11008_MONOTONE_SAMPLES,EXACT_KEY_OBSERVED,tracking,0,1191,"(1452948046641, 4, 18110031447199154478, 2, 3, 9, 1188)",1,135735066638878,1,40264000000,1,134613087549345,0,0,0,12000000,PAIRED_ROS_CLOCK
C_SHARED_SIM_CLOCK_11008_MONOTONE_SAMPLES,EXACT_KEY_OBSERVED,tracking,0,1192,"(1452948046641, 4, 18110031447199154478, 2, 3, 9, 1189)",1,135735066638878,1,40280000000,1,134613087549345,0,0,0,12000000,PAIRED_ROS_CLOCK
C_SHARED_SIM_CLOCK_11008_MONOTONE_SAMPLES,EXACT_KEY_OBSERVED,tracking,0,1193,"(1452948046641, 4, 18110031447199154478, 2, 3, 9, 1190)",1,135735066638878,1,40296000000,1,134613087549345,0,0,0,12000000,PAIRED_ROS_CLOCK
C_SHARED_SIM_CLOCK_11008_MONOTONE_SAMPLES,EXACT_KEY_OBSERVED,tracking,0,1194,"(1452948046641, 4, 18110031447199154478, 2, 3, 9, 1191)",1,135735066638878,1,40312000000,1,134613087549345,0,0,0,12000000,PAIRED_ROS_CLOCK
C_SHARED_SIM_CLOCK_11008_MONOTONE_SAMPLES,EXACT_KEY_OBSERVED,tracking,0,1195,"(1452948046641, 4, 18110031447199154478, 2, 3, 9, 1192)",1,135735066638878,1,40328000000,1,134613087549345,0,0,0,12000000,PAIRED_ROS_CLOCK
C_SHARED_SIM_CLOCK_11008_MONOTONE_SAMPLES,EXACT_KEY_OBSERVED,tracking,0,1196,"(1452948046641, 4, 18110031447199154478, 2, 3, 9, 1193)",1,135735066638878,1,40344000000,1,134613087549345,0,0,0,12000000,PAIRED_ROS_CLOCK
C_SHARED_SIM_CLOCK_11008_MONOTONE_SAMPLES,EXACT_KEY_OBSERVED,tracking,0,1197,"(1452948046641, 4, 18110031447199154478, 2, 3, 9, 1194)",1,135735066638878,1,40360000000,1,134613087549345,0,0,0,12000000,PAIRED_ROS_CLOCK
C_SHARED_SIM_CLOCK_11008_MONOTONE_SAMPLES,EXACT_KEY_OBSERVED,tracking,0,1198,"(1452948046641, 4, 18110031447199154478, 2, 3, 9, 1195)",1,135735066638878,1,40376000000,1,134613087549345,0,0,0,12000000,PAIRED_ROS_CLOCK
C_SHARED_SIM_CLOCK_11008_MONOTONE_SAMPLES,EXACT_KEY_OBSERVED,tracking,0,1199,"(1452948046641, 4, 18110031447199154478, 2, 3, 9, 1196)",1,135735066638878,1,40392000000,1,134613087549345,0,0,0,12000000,PAIRED_ROS_CLOCK
C_SHARED_SIM_CLOCK_11008_MONOTONE_SAMPLES,EXACT_KEY_OBSERVED,tracking,0,1200,"(1452948046641, 4, 18110031447199154478, 2, 3, 9, 1197)",1,135735066638878,1,40408000000,1,134613087549345,0,0,0,12000000,PAIRED_ROS_CLOCK
C_SHARED_SIM_CLOCK_11008_MONOTONE_SAMPLES,EXACT_KEY_OBSERVED,tracking,0,1201,"(1452948046641, 4, 18110031447199154478, 2, 3, 9, 1198)",1,135735066638878,1,40424000000,1,134613087549345,0,0,0,12000000,PAIRED_ROS_CLOCK
C_SHARED_SIM_CLOCK_11008_MONOTONE_SAMPLES,EXACT_KEY_OBSERVED,tracking,0,1202,"(1452948046641, 4, 18110031447199154478, 2, 3, 9, 1199)",1,135735066638878,1,40440000000,1,134613087549345,0,0,0,12000000,PAIRED_ROS_CLOCK
C_SHARED_SIM_CLOCK_11008_MONOTONE_SAMPLES,EXACT_KEY_OBSERVED,tracking,0,1203,"(1452948046641, 4, 18110031447199154478, 2, 3, 9, 1200)",1,135735066638878,1,40456000000,1,134613087549345,0,0,0,12000000,PAIRED_ROS_CLOCK
C_SHARED_SIM_CLOCK_11008_MONOTONE_SAMPLES,EXACT_KEY_OBSERVED,tracking,0,1204,"(1452948046641, 4, 18110031447199154478, 2, 3, 9, 1201)",1,135735066638878,1,40472000000,1,134613087549345,0,0,0,12000000,PAIRED_ROS_CLOCK
C_SHARED_SIM_CLOCK_11008_MONOTONE_SAMPLES,EXACT_KEY_OBSERVED,tracking,0,1205,"(1452948046641, 4, 18110031447199154478, 2, 3, 9, 1202)",1,135735066638878,1,40488000000,1,134613087549345,0,0,0,12000000,PAIRED_ROS_CLOCK
C_SHARED_SIM_CLOCK_11008_MONOTONE_SAMPLES,EXACT_KEY_OBSERVED,tracking,0,1206,"(1452948046641, 4, 18110031447199154478, 2, 3, 9, 1203)",1,135735066638878,1,40504000000,1,134613087549345,0,0,0,12000000,PAIRED_ROS_CLOCK
C_SHARED_SIM_CLOCK_11008_MONOTONE_SAMPLES,EXACT_KEY_OBSERVED,tracking,0,1207,"(1452948046641, 4, 18110031447199154478, 2, 3, 9, 1204)",1,135735066638878,1,40520000000,1,134613087549345,0,0,0,12000000,PAIRED_ROS_CLOCK
C_SHARED_SIM_CLOCK_11008_MONOTONE_SAMPLES,EXACT_KEY_OBSERVED,tracking,0,1208,"(1452948046641, 4, 18110031447199154478, 2, 3, 9, 1205)",1,135735066638878,1,40536000000,1,134613087549345,0,0,0,12000000,PAIRED_ROS_CLOCK
C_SHARED_SIM_CLOCK_11008_MONOTONE_SAMPLES,EXACT_KEY_OBSERVED,tracking,0,1209,"(1452948046641, 4, 18110031447199154478, 2, 3, 9, 1206)",1,135735066638878,1,40552000000,1,134613087549345,0,0,0,12000000,PAIRED_ROS_CLOCK
C_SHARED_SIM_CLOCK_11008_MONOTONE_SAMPLES,EXACT_KEY_OBSERVED,tracking,0,1210,"(1452948046641, 4, 18110031447199154478, 2, 3, 9, 1207)",1,135735066638878,1,40568000000,1,134613087549345,0,0,0,12000000,PAIRED_ROS_CLOCK
C_SHARED_SIM_CLOCK_11008_MONOTONE_SAMPLES,EXACT_KEY_OBSERVED,tracking,0,1211,"(1452948046641, 4, 18110031447199154478, 2, 3, 9, 1208)",1,135735066638878,1,40584000000,1,134613087549345,0,0,0,12000000,PAIRED_ROS_CLOCK
C_SHARED_SIM_CLOCK_11008_MONOTONE_SAMPLES,EXACT_KEY_OBSERVED,tracking,0,1212,"(1452948046641, 4, 18110031447199154478, 2, 3, 9, 1209)",1,135735066638878,1,40600000000,1,134613087549345,0,0,0,12000000,PAIRED_ROS_CLOCK
C_SHARED_SIM_CLOCK_11008_MONOTONE_SAMPLES,EXACT_KEY_OBSERVED,tracking,0,1213,"(1452948046641, 4, 18110031447199154478, 2, 3, 9, 1210)",1,135735066638878,1,40616000000,1,134613087549345,0,0,0,12000000,PAIRED_ROS_CLOCK
C_SHARED_SIM_CLOCK_11008_MONOTONE_SAMPLES,EXACT_KEY_OBSERVED,tracking,0,1214,"(1452948046641, 4, 18110031447199154478, 2, 3, 9, 1211)",1,135735066638878,1,40632000000,1,134613087549345,0,0,0,12000000,PAIRED_ROS_CLOCK
C_SHARED_SIM_CLOCK_11008_MONOTONE_SAMPLES,EXACT_KEY_OBSERVED,tracking,0,1215,"(1452948046641, 4, 18110031447199154478, 2, 3, 9, 1212)",1,135735066638878,1,40648000000,1,134613087549345,0,0,0,12000000,PAIRED_ROS_CLOCK
C_SHARED_SIM_CLOCK_11008_MONOTONE_SAMPLES,EXACT_KEY_OBSERVED,tracking,0,1216,"(1452948046641, 4, 18110031447199154478, 2, 3, 9, 1213)",1,135735066638878,1,40664000000,1,134613087549345,0,0,0,12000000,PAIRED_ROS_CLOCK
C_SHARED_SIM_CLOCK_11008_MONOTONE_SAMPLES,EXACT_KEY_OBSERVED,tracking,0,1217,"(1452948046641, 4, 18110031447199154478, 2, 3, 9, 1214)",1,135735066638878,1,40680000000,1,134613087549345,0,0,0,12000000,PAIRED_ROS_CLOCK
C_SHARED_SIM_CLOCK_11008_MONOTONE_SAMPLES,EXACT_KEY_OBSERVED,tracking,0,1218,"(1452948046641, 4, 18110031447199154478, 2, 3, 9, 1215)",1,135735066638878,1,40696000000,1,134613087549345,0,0,0,12000000,PAIRED_ROS_CLOCK
C_SHARED_SIM_CLOCK_11008_MONOTONE_SAMPLES,EXACT_KEY_OBSERVED,tracking,0,1219,"(1452948046641, 4, 18110031447199154478, 2, 3, 9, 1216)",1,135735066638878,1,40712000000,1,134613087549345,0,0,0,12000000,PAIRED_ROS_CLOCK
C_SHARED_SIM_CLOCK_11008_MONOTONE_SAMPLES,EXACT_KEY_OBSERVED,tracking,0,1220,"(1452948046641, 4, 18110031447199154478, 2, 3, 9, 1217)",1,135735066638878,1,40728000000,1,134613087549345,0,0,0,12000000,PAIRED_ROS_CLOCK
C_SHARED_SIM_CLOCK_11008_MONOTONE_SAMPLES,EXACT_KEY_OBSERVED,tracking,0,1221,"(1452948046641, 4, 18110031447199154478, 2, 3, 9, 1218)",1,135735066638878,1,40744000000,1,134613087549345,0,0,0,12000000,PAIRED_ROS_CLOCK
C_SHARED_SIM_CLOCK_11008_MONOTONE_SAMPLES,EXACT_KEY_OBSERVED,tracking,0,1222,"(1452948046641, 4, 18110031447199154478, 2, 3, 9, 1219)",1,135735066638878,1,40760000000,1,134613087549345,0,0,0,12000000,PAIRED_ROS_CLOCK
C_SHARED_SIM_CLOCK_11008_MONOTONE_SAMPLES,EXACT_KEY_OBSERVED,tracking,0,1223,"(1452948046641, 4, 18110031447199154478, 2, 3, 9, 1220)",1,135735066638878,1,40776000000,1,134613087549345,0,0,0,12000000,PAIRED_ROS_CLOCK
C_SHARED_SIM_CLOCK_11008_MONOTONE_SAMPLES,EXACT_KEY_OBSERVED,tracking,0,1224,"(1452948046641, 4, 18110031447199154478, 2, 3, 9, 1221)",1,135735066638878,1,40792000000,1,134613087549345,0,0,0,12000000,PAIRED_ROS_CLOCK
C_SHARED_SIM_CLOCK_11008_MONOTONE_SAMPLES,EXACT_KEY_OBSERVED,tracking,0,1225,"(1452948046641, 4, 18110031447199154478, 2, 3, 9, 1222)",1,135735066638878,1,40808000000,1,134613087549345,0,0,0,12000000,PAIRED_ROS_CLOCK
C_SHARED_SIM_CLOCK_11008_MONOTONE_SAMPLES,EXACT_KEY_OBSERVED,tracking,0,1226,"(1452948046641, 4, 18110031447199154478, 2, 3, 9, 1223)",1,135735066638878,1,40824000000,1,134613087549345,0,0,0,12000000,PAIRED_ROS_CLOCK
C_SHARED_SIM_CLOCK_11008_MONOTONE_SAMPLES,EXACT_KEY_OBSERVED,tracking,0,1227,"(1452948046641, 4, 18110031447199154478, 2, 3, 9, 1224)",1,135735066638878,1,40840000000,1,134613087549345,0,0,0,12000000,PAIRED_ROS_CLOCK
C_SHARED_SIM_CLOCK_11008_MONOTONE_SAMPLES,EXACT_KEY_OBSERVED,tracking,0,1228,"(1452948046641, 4, 18110031447199154478, 2, 3, 9, 1225)",1,135735066638878,1,40856000000,1,134613087549345,0,0,0,12000000,PAIRED_ROS_CLOCK
C_SHARED_SIM_CLOCK_11008_MONOTONE_SAMPLES,EXACT_KEY_OBSERVED,tracking,0,1229,"(1452948046641, 4, 18110031447199154478, 2, 3, 9, 1226)",1,135735066638878,1,40872000000,1,134613087549345,0,0,0,12000000,PAIRED_ROS_CLOCK
C_SHARED_SIM_CLOCK_11008_MONOTONE_SAMPLES,EXACT_KEY_OBSERVED,tracking,0,1230,"(1452948046641, 4, 18110031447199154478, 2, 3, 9, 1227)",1,135735066638878,1,40888000000,1,134613087549345,0,0,0,12000000,PAIRED_ROS_CLOCK
C_SHARED_SIM_CLOCK_11008_MONOTONE_SAMPLES,EXACT_KEY_OBSERVED,tracking,0,1231,"(1452948046641, 4, 18110031447199154478, 2, 3, 9, 1228)",1,135735066638878,1,40904000000,1,134613087549345,0,0,0,12000000,PAIRED_ROS_CLOCK
C_SHARED_SIM_CLOCK_11008_MONOTONE_SAMPLES,EXACT_KEY_OBSERVED,tracking,0,1232,"(1452948046641, 4, 18110031447199154478, 2, 3, 9, 1229)",1,135735066638878,1,40920000000,1,134613087549345,0,0,0,12000000,PAIRED_ROS_CLOCK
C_SHARED_SIM_CLOCK_11008_MONOTONE_SAMPLES,EXACT_KEY_OBSERVED,tracking,0,1233,"(1452948046641, 4, 18110031447199154478, 2, 3, 9, 1230)",1,135735066638878,1,40936000000,1,134613087549345,0,0,0,12000000,PAIRED_ROS_CLOCK
C_SHARED_SIM_CLOCK_11008_MONOTONE_SAMPLES,EXACT_KEY_OBSERVED,tracking,0,1234,"(1452948046641, 4, 18110031447199154478, 2, 3, 9, 1231)",1,135735066638878,1,40952000000,1,134613087549345,0,0,0,12000000,PAIRED_ROS_CLOCK
C_SHARED_SIM_CLOCK_11008_MONOTONE_SAMPLES,EXACT_KEY_OBSERVED,tracking,0,1235,"(1452948046641, 4, 18110031447199154478, 2, 3, 9, 1232)",1,135735066638878,1,40968000000,1,134613087549345,0,0,0,12000000,PAIRED_ROS_CLOCK
C_SHARED_SIM_CLOCK_11008_MONOTONE_SAMPLES,EXACT_KEY_OBSERVED,tracking,0,1236,"(1452948046641, 4, 18110031447199154478, 2, 3, 9, 1233)",1,135735066638878,1,40984000000,1,134613087549345,0,0,0,12000000,PAIRED_ROS_CLOCK
C_SHARED_SIM_CLOCK_11008_MONOTONE_SAMPLES,EXACT_KEY_OBSERVED,tracking,0,1237,"(1452948046641, 4, 18110031447199154478, 2, 3, 9, 1234)",1,135735066638878,1,41000000000,1,134613087549345,0,0,0,12000000,PAIRED_ROS_CLOCK
C_SHARED_SIM_CLOCK_11008_MONOTONE_SAMPLES,EXACT_KEY_OBSERVED,tracking,0,1238,"(1452948046641, 4, 18110031447199154478, 2, 3, 9, 1235)",1,135735066638878,1,41016000000,1,134613087549345,0,0,0,12000000,PAIRED_ROS_CLOCK
C_SHARED_SIM_CLOCK_11008_MONOTONE_SAMPLES,EXACT_KEY_OBSERVED,tracking,0,1239,"(1452948046641, 4, 18110031447199154478, 2, 3, 9, 1236)",1,135735066638878,1,41032000000,1,134613087549345,0,0,0,12000000,PAIRED_ROS_CLOCK
C_SHARED_SIM_CLOCK_11008_MONOTONE_SAMPLES,EXACT_KEY_OBSERVED,tracking,0,1240,"(1452948046641, 4, 18110031447199154478, 2, 3, 9, 1237)",1,135735066638878,1,41048000000,1,134613087549345,0,0,0,12000000,PAIRED_ROS_CLOCK
C_SHARED_SIM_CLOCK_11008_MONOTONE_SAMPLES,EXACT_KEY_OBSERVED,tracking,0,1241,"(1452948046641, 4, 18110031447199154478, 2, 3, 9, 1238)",1,135735066638878,1,41064000000,1,134613087549345,0,0,0,12000000,PAIRED_ROS_CLOCK
C_SHARED_SIM_CLOCK_11008_MONOTONE_SAMPLES,EXACT_KEY_OBSERVED,tracking,0,1242,"(1452948046641, 4, 18110031447199154478, 2, 3, 9, 1239)",1,135735066638878,1,41080000000,1,134613087549345,0,0,0,12000000,PAIRED_ROS_CLOCK
C_SHARED_SIM_CLOCK_11008_MONOTONE_SAMPLES,EXACT_KEY_OBSERVED,tracking,0,1243,"(1452948046641, 4, 18110031447199154478, 2, 3, 9, 1240)",1,135735066638878,1,41096000000,1,134613087549345,0,0,0,12000000,PAIRED_ROS_CLOCK
C_SHARED_SIM_CLOCK_11008_MONOTONE_SAMPLES,EXACT_KEY_OBSERVED,tracking,0,1244,"(1452948046641, 4, 18110031447199154478, 2, 3, 9, 1241)",1,135735066638878,1,41112000000,1,134613087549345,0,0,0,12000000,PAIRED_ROS_CLOCK
C_SHARED_SIM_CLOCK_11008_MONOTONE_SAMPLES,EXACT_KEY_OBSERVED,tracking,0,1245,"(1452948046641, 4, 18110031447199154478, 2, 3, 9, 1242)",1,135735066638878,1,41128000000,1,134613087549345,0,0,0,12000000,PAIRED_ROS_CLOCK
C_SHARED_SIM_CLOCK_11008_MONOTONE_SAMPLES,EXACT_KEY_OBSERVED,tracking,0,1246,"(1452948046641, 4, 18110031447199154478, 2, 3, 9, 1243)",1,135735066638878,1,41144000000,1,134613087549345,0,0,0,12000000,PAIRED_ROS_CLOCK
C_SHARED_SIM_CLOCK_11008_MONOTONE_SAMPLES,EXACT_KEY_OBSERVED,tracking,0,1247,"(1452948046641, 4, 18110031447199154478, 2, 3, 9, 1244)",1,135735066638878,1,41160000000,1,134613087549345,0,0,0,12000000,PAIRED_ROS_CLOCK
C_SHARED_SIM_CLOCK_11008_MONOTONE_SAMPLES,EXACT_KEY_OBSERVED,tracking,0,1248,"(1452948046641, 4, 18110031447199154478, 2, 3, 9, 1245)",1,135735066638878,1,41176000000,1,134613087549345,0,0,0,12000000,PAIRED_ROS_CLOCK
C_SHARED_SIM_CLOCK_11008_MONOTONE_SAMPLES,EXACT_KEY_OBSERVED,tracking,0,1249,"(1452948046641, 4, 18110031447199154478, 2, 3, 9, 1246)",1,135735066638878,1,41192000000,1,134613087549345,0,0,0,12000000,PAIRED_ROS_CLOCK
C_SHARED_SIM_CLOCK_11008_MONOTONE_SAMPLES,EXACT_KEY_OBSERVED,tracking,0,1250,"(1452948046641, 4, 18110031447199154478, 2, 3, 9, 1247)",1,135735066638878,1,41208000000,1,134613087549345,0,0,0,12000000,PAIRED_ROS_CLOCK
C_SHARED_SIM_CLOCK_11008_MONOTONE_SAMPLES,EXACT_KEY_OBSERVED,tracking,0,1251,"(1452948046641, 4, 18110031447199154478, 2, 3, 9, 1248)",1,135735066638878,1,41224000000,1,134613087549345,0,0,0,12000000,PAIRED_ROS_CLOCK
C_SHARED_SIM_CLOCK_11008_MONOTONE_SAMPLES,EXACT_KEY_OBSERVED,tracking,0,1252,"(1452948046641, 4, 18110031447199154478, 2, 3, 9, 1249)",1,135735066638878,1,41240000000,1,134613087549345,0,0,0,12000000,PAIRED_ROS_CLOCK
C_SHARED_SIM_CLOCK_11008_MONOTONE_SAMPLES,EXACT_KEY_OBSERVED,tracking,0,1253,"(1452948046641, 4, 18110031447199154478, 2, 3, 9, 1250)",1,135735066638878,1,41256000000,1,134613087549345,0,0,0,12000000,PAIRED_ROS_CLOCK
C_SHARED_SIM_CLOCK_11008_MONOTONE_SAMPLES,EXACT_KEY_OBSERVED,tracking,0,1254,"(1452948046641, 4, 18110031447199154478, 2, 3, 9, 1251)",1,135735066638878,1,41272000000,1,134613087549345,0,0,0,12000000,PAIRED_ROS_CLOCK
C_SHARED_SIM_CLOCK_11008_MONOTONE_SAMPLES,EXACT_KEY_OBSERVED,tracking,0,1255,"(1452948046641, 4, 18110031447199154478, 2, 3, 9, 1252)",1,135735066638878,1,41288000000,1,134613087549345,0,0,0,12000000,PAIRED_ROS_CLOCK
C_SHARED_SIM_CLOCK_11008_MONOTONE_SAMPLES,EXACT_KEY_OBSERVED,tracking,0,1256,"(1452948046641, 4, 18110031447199154478, 2, 3, 9, 1253)",1,135735066638878,1,41304000000,1,134613087549345,0,0,0,12000000,PAIRED_ROS_CLOCK
C_SHARED_SIM_CLOCK_11008_MONOTONE_SAMPLES,EXACT_KEY_OBSERVED,tracking,0,1257,"(1452948046641, 4, 18110031447199154478, 2, 3, 9, 1254)",1,135735066638878,1,41320000000,1,134613087549345,0,0,0,12000000,PAIRED_ROS_CLOCK
C_SHARED_SIM_CLOCK_11008_MONOTONE_SAMPLES,EXACT_KEY_OBSERVED,tracking,0,1258,"(1452948046641, 4, 18110031447199154478, 2, 3, 9, 1255)",1,135735066638878,1,41336000000,1,134613087549345,0,0,0,12000000,PAIRED_ROS_CLOCK
C_SHARED_SIM_CLOCK_11008_MONOTONE_SAMPLES,EXACT_KEY_OBSERVED,tracking,0,1259,"(1452948046641, 4, 18110031447199154478, 2, 3, 9, 1256)",1,135735066638878,1,41352000000,1,134613087549345,0,0,0,12000000,PAIRED_ROS_CLOCK
C_SHARED_SIM_CLOCK_11008_MONOTONE_SAMPLES,EXACT_KEY_OBSERVED,tracking,0,1260,"(1452948046641, 4, 18110031447199154478, 2, 3, 9, 1257)",1,135735066638878,1,41368000000,1,134613087549345,0,0,0,12000000,PAIRED_ROS_CLOCK
C_SHARED_SIM_CLOCK_11008_MONOTONE_SAMPLES,EXACT_KEY_OBSERVED,tracking,0,1261,"(1452948046641, 4, 18110031447199154478, 2, 3, 9, 1258)",1,135735066638878,1,41384000000,1,134613087549345,0,0,0,12000000,PAIRED_ROS_CLOCK
C_SHARED_SIM_CLOCK_11008_MONOTONE_SAMPLES,EXACT_KEY_OBSERVED,tracking,0,1262,"(1452948046641, 4, 18110031447199154478, 2, 3, 9, 1259)",1,135735066638878,1,41400000000,1,134613087549345,0,0,0,12000000,PAIRED_ROS_CLOCK
C_SHARED_SIM_CLOCK_11008_MONOTONE_SAMPLES,EXACT_KEY_OBSERVED,tracking,0,1263,"(1452948046641, 4, 18110031447199154478, 2, 3, 9, 1260)",1,135735066638878,1,41416000000,1,134613087549345,0,0,0,12000000,PAIRED_ROS_CLOCK
C_SHARED_SIM_CLOCK_11008_MONOTONE_SAMPLES,EXACT_KEY_OBSERVED,tracking,0,1264,"(1452948046641, 4, 18110031447199154478, 2, 3, 9, 1261)",1,135735066638878,1,41432000000,1,134613087549345,0,0,0,12000000,PAIRED_ROS_CLOCK
C_SHARED_SIM_CLOCK_11008_MONOTONE_SAMPLES,EXACT_KEY_OBSERVED,tracking,0,1265,"(1452948046641, 4, 18110031447199154478, 2, 3, 9, 1262)",1,135735066638878,1,41448000000,1,134613087549345,0,0,0,12000000,PAIRED_ROS_CLOCK
C_SHARED_SIM_CLOCK_11008_MONOTONE_SAMPLES,EXACT_KEY_OBSERVED,tracking,0,1266,"(1452948046641, 4, 18110031447199154478, 2, 3, 9, 1263)",1,135735066638878,1,41464000000,1,134613087549345,0,0,0,12000000,PAIRED_ROS_CLOCK
C_SHARED_SIM_CLOCK_11008_MONOTONE_SAMPLES,EXACT_KEY_OBSERVED,tracking,0,1267,"(1452948046641, 4, 18110031447199154478, 2, 3, 9, 1264)",1,135735066638878,1,41480000000,1,134613087549345,0,0,0,12000000,PAIRED_ROS_CLOCK
C_SHARED_SIM_CLOCK_11008_MONOTONE_SAMPLES,EXACT_KEY_OBSERVED,tracking,0,1268,"(1452948046641, 4, 18110031447199154478, 2, 3, 9, 1265)",1,135735066638878,1,41496000000,1,134613087549345,0,0,0,12000000,PAIRED_ROS_CLOCK
C_SHARED_SIM_CLOCK_11008_MONOTONE_SAMPLES,EXACT_KEY_OBSERVED,tracking,0,1269,"(1452948046641, 4, 18110031447199154478, 2, 3, 9, 1266)",1,135735066638878,1,41512000000,1,134613087549345,0,0,0,12000000,PAIRED_ROS_CLOCK
C_SHARED_SIM_CLOCK_11008_MONOTONE_SAMPLES,EXACT_KEY_OBSERVED,tracking,0,1270,"(1452948046641, 4, 18110031447199154478, 2, 3, 9, 1267)",1,135735066638878,1,41528000000,1,134613087549345,0,0,0,12000000,PAIRED_ROS_CLOCK
C_SHARED_SIM_CLOCK_11008_MONOTONE_SAMPLES,EXACT_KEY_OBSERVED,tracking,0,1271,"(1452948046641, 4, 18110031447199154478, 2, 3, 9, 1268)",1,135735066638878,1,41544000000,1,134613087549345,0,0,0,12000000,PAIRED_ROS_CLOCK
C_SHARED_SIM_CLOCK_11008_MONOTONE_SAMPLES,EXACT_KEY_OBSERVED,tracking,0,1272,"(1452948046641, 4, 18110031447199154478, 2, 3, 9, 1269)",1,135735066638878,1,41560000000,1,134613087549345,0,0,0,12000000,PAIRED_ROS_CLOCK
C_SHARED_SIM_CLOCK_11008_MONOTONE_SAMPLES,EXACT_KEY_OBSERVED,tracking,0,1273,"(1452948046641, 4, 18110031447199154478, 2, 3, 9, 1270)",1,135735066638878,1,41576000000,1,134613087549345,0,0,0,12000000,PAIRED_ROS_CLOCK
C_SHARED_SIM_CLOCK_11008_MONOTONE_SAMPLES,EXACT_KEY_OBSERVED,tracking,0,1274,"(1452948046641, 4, 18110031447199154478, 2, 3, 9, 1271)",1,135735066638878,1,41592000000,1,134613087549345,0,0,0,12000000,PAIRED_ROS_CLOCK
C_SHARED_SIM_CLOCK_11008_MONOTONE_SAMPLES,EXACT_KEY_OBSERVED,tracking,0,1275,"(1452948046641, 4, 18110031447199154478, 2, 3, 9, 1272)",1,135735066638878,1,41608000000,1,134613087549345,0,0,0,12000000,PAIRED_ROS_CLOCK
C_SHARED_SIM_CLOCK_11008_MONOTONE_SAMPLES,EXACT_KEY_OBSERVED,tracking,0,1276,"(1452948046641, 4, 18110031447199154478, 2, 3, 9, 1273)",1,135735066638878,1,41624000000,1,134613087549345,0,0,0,12000000,PAIRED_ROS_CLOCK
C_SHARED_SIM_CLOCK_11008_MONOTONE_SAMPLES,EXACT_KEY_OBSERVED,tracking,0,1277,"(1452948046641, 4, 18110031447199154478, 2, 3, 9, 1274)",1,135735066638878,1,41640000000,1,134613087549345,0,0,0,12000000,PAIRED_ROS_CLOCK
C_SHARED_SIM_CLOCK_11008_MONOTONE_SAMPLES,EXACT_KEY_OBSERVED,tracking,0,1278,"(1452948046641, 4, 18110031447199154478, 2, 3, 9, 1275)",1,135735066638878,1,41656000000,1,134613087549345,0,0,0,12000000,PAIRED_ROS_CLOCK
C_SHARED_SIM_CLOCK_11008_MONOTONE_SAMPLES,EXACT_KEY_OBSERVED,tracking,0,1279,"(1452948046641, 4, 18110031447199154478, 2, 3, 9, 1276)",1,135735066638878,1,41672000000,1,134613087549345,0,0,0,12000000,PAIRED_ROS_CLOCK
C_SHARED_SIM_CLOCK_11008_MONOTONE_SAMPLES,EXACT_KEY_OBSERVED,tracking,0,1280,"(1452948046641, 4, 18110031447199154478, 2, 3, 9, 1277)",1,135735066638878,1,41688000000,1,134613087549345,0,0,0,12000000,PAIRED_ROS_CLOCK
C_SHARED_SIM_CLOCK_11008_MONOTONE_SAMPLES,EXACT_KEY_OBSERVED,tracking,0,1281,"(1452948046641, 4, 18110031447199154478, 2, 3, 9, 1278)",1,135735066638878,1,41704000000,1,134613087549345,0,0,0,12000000,PAIRED_ROS_CLOCK
C_SHARED_SIM_CLOCK_11008_MONOTONE_SAMPLES,EXACT_KEY_OBSERVED,tracking,0,1282,"(1452948046641, 4, 18110031447199154478, 2, 3, 9, 1279)",1,135735066638878,1,41720000000,1,134613087549345,0,0,0,12000000,PAIRED_ROS_CLOCK
C_SHARED_SIM_CLOCK_11008_MONOTONE_SAMPLES,EXACT_KEY_OBSERVED,tracking,0,1283,"(1452948046641, 4, 18110031447199154478, 2, 3, 9, 1280)",1,135735066638878,1,41736000000,1,134613087549345,0,0,0,12000000,PAIRED_ROS_CLOCK
C_SHARED_SIM_CLOCK_11008_MONOTONE_SAMPLES,EXACT_KEY_OBSERVED,tracking,0,1284,"(1452948046641, 4, 18110031447199154478, 2, 3, 9, 1281)",1,135735066638878,1,41752000000,1,134613087549345,0,0,0,12000000,PAIRED_ROS_CLOCK
C_SHARED_SIM_CLOCK_11008_MONOTONE_SAMPLES,EXACT_KEY_OBSERVED,tracking,0,1285,"(1452948046641, 4, 18110031447199154478, 2, 3, 9, 1282)",1,135735066638878,1,41768000000,1,134613087549345,0,0,0,12000000,PAIRED_ROS_CLOCK
C_SHARED_SIM_CLOCK_11008_MONOTONE_SAMPLES,EXACT_KEY_OBSERVED,tracking,0,1286,"(1452948046641, 4, 18110031447199154478, 2, 3, 9, 1283)",1,135735066638878,1,41784000000,1,134613087549345,0,0,0,12000000,PAIRED_ROS_CLOCK
C_SHARED_SIM_CLOCK_11008_MONOTONE_SAMPLES,EXACT_KEY_OBSERVED,tracking,0,1287,"(1452948046641, 4, 18110031447199154478, 2, 3, 9, 1284)",1,135735066638878,1,41800000000,1,134613087549345,0,0,0,12000000,PAIRED_ROS_CLOCK
C_SHARED_SIM_CLOCK_11008_MONOTONE_SAMPLES,EXACT_KEY_OBSERVED,tracking,0,1288,"(1452948046641, 4, 18110031447199154478, 2, 3, 9, 1285)",1,135735066638878,1,41816000000,1,134613087549345,0,0,0,12000000,PAIRED_ROS_CLOCK
C_SHARED_SIM_CLOCK_11008_MONOTONE_SAMPLES,EXACT_KEY_OBSERVED,tracking,0,1289,"(1452948046641, 4, 18110031447199154478, 2, 3, 9, 1286)",1,135735066638878,1,41832000000,1,134613087549345,0,0,0,12000000,PAIRED_ROS_CLOCK
C_SHARED_SIM_CLOCK_11008_MONOTONE_SAMPLES,EXACT_KEY_OBSERVED,tracking,0,1290,"(1452948046641, 4, 18110031447199154478, 2, 3, 9, 1287)",1,135735066638878,1,41848000000,1,134613087549345,0,0,0,12000000,PAIRED_ROS_CLOCK
C_SHARED_SIM_CLOCK_11008_MONOTONE_SAMPLES,EXACT_KEY_OBSERVED,tracking,0,1291,"(1452948046641, 4, 18110031447199154478, 2, 3, 9, 1288)",1,135735066638878,1,41864000000,1,134613087549345,0,0,0,12000000,PAIRED_ROS_CLOCK
C_SHARED_SIM_CLOCK_11008_MONOTONE_SAMPLES,EXACT_KEY_OBSERVED,tracking,0,1292,"(1452948046641, 4, 18110031447199154478, 2, 3, 9, 1289)",1,135735066638878,1,41880000000,1,134613087549345,0,0,0,12000000,PAIRED_ROS_CLOCK
C_SHARED_SIM_CLOCK_11008_MONOTONE_SAMPLES,EXACT_KEY_OBSERVED,tracking,0,1293,"(1452948046641, 4, 18110031447199154478, 2, 3, 9, 1290)",1,135735066638878,1,41896000000,1,134613087549345,0,0,0,12000000,PAIRED_ROS_CLOCK
C_SHARED_SIM_CLOCK_11008_MONOTONE_SAMPLES,EXACT_KEY_OBSERVED,tracking,0,1294,"(1452948046641, 4, 18110031447199154478, 2, 3, 9, 1291)",1,135735066638878,1,41912000000,1,134613087549345,0,0,0,12000000,PAIRED_ROS_CLOCK
C_SHARED_SIM_CLOCK_11008_MONOTONE_SAMPLES,EXACT_KEY_OBSERVED,tracking,0,1295,"(1452948046641, 4, 18110031447199154478, 2, 3, 9, 1292)",1,135735066638878,1,41928000000,1,134613087549345,0,0,0,12000000,PAIRED_ROS_CLOCK
C_SHARED_SIM_CLOCK_11008_MONOTONE_SAMPLES,EXACT_KEY_OBSERVED,tracking,0,1296,"(1452948046641, 4, 18110031447199154478, 2, 3, 9, 1293)",1,135735066638878,1,41944000000,1,134613087549345,0,0,0,12000000,PAIRED_ROS_CLOCK
C_SHARED_SIM_CLOCK_11008_MONOTONE_SAMPLES,EXACT_KEY_OBSERVED,tracking,0,1297,"(1452948046641, 4, 18110031447199154478, 2, 3, 9, 1294)",1,135735066638878,1,41960000000,1,134613087549345,0,0,0,12000000,PAIRED_ROS_CLOCK
C_SHARED_SIM_CLOCK_11008_MONOTONE_SAMPLES,EXACT_KEY_OBSERVED,tracking,0,1298,"(1452948046641, 4, 18110031447199154478, 2, 3, 9, 1295)",1,135735066638878,1,41976000000,1,134613087549345,0,0,0,12000000,PAIRED_ROS_CLOCK
C_SHARED_SIM_CLOCK_11008_MONOTONE_SAMPLES,EXACT_KEY_OBSERVED,tracking,0,1299,"(1452948046641, 4, 18110031447199154478, 2, 3, 9, 1296)",1,135735066638878,1,41992000000,1,134613087549345,0,0,0,12000000,PAIRED_ROS_CLOCK
C_SHARED_SIM_CLOCK_11008_MONOTONE_SAMPLES,EXACT_KEY_OBSERVED,tracking,0,1300,"(1452948046641, 4, 18110031447199154478, 2, 3, 9, 1297)",1,135735066638878,1,42008000000,1,134613087549345,0,0,0,12000000,PAIRED_ROS_CLOCK
C_SHARED_SIM_CLOCK_11008_MONOTONE_SAMPLES,EXACT_KEY_OBSERVED,tracking,0,1301,"(1452948046641, 4, 18110031447199154478, 2, 3, 9, 1298)",1,135735066638878,1,42024000000,1,134613087549345,0,0,0,12000000,PAIRED_ROS_CLOCK
C_SHARED_SIM_CLOCK_11008_MONOTONE_SAMPLES,EXACT_KEY_OBSERVED,tracking,0,1302,"(1452948046641, 4, 18110031447199154478, 2, 3, 9, 1299)",1,135735066638878,1,42040000000,1,134613087549345,0,0,0,12000000,PAIRED_ROS_CLOCK
C_SHARED_SIM_CLOCK_11008_MONOTONE_SAMPLES,EXACT_KEY_OBSERVED,tracking,0,1303,"(1452948046641, 4, 18110031447199154478, 2, 3, 9, 1300)",1,135735066638878,1,42056000000,1,134613087549345,0,0,0,12000000,PAIRED_ROS_CLOCK
C_SHARED_SIM_CLOCK_11008_MONOTONE_SAMPLES,EXACT_KEY_OBSERVED,tracking,0,1304,"(1452948046641, 4, 18110031447199154478, 2, 3, 9, 1301)",1,135735066638878,1,42072000000,1,134613087549345,0,0,0,12000000,PAIRED_ROS_CLOCK
C_SHARED_SIM_CLOCK_11008_MONOTONE_SAMPLES,EXACT_KEY_OBSERVED,tracking,0,1305,"(1452948046641, 4, 18110031447199154478, 2, 3, 9, 1302)",1,135735066638878,1,42088000000,1,134613087549345,0,0,0,12000000,PAIRED_ROS_CLOCK
C_SHARED_SIM_CLOCK_11008_MONOTONE_SAMPLES,EXACT_KEY_OBSERVED,tracking,0,1306,"(1452948046641, 4, 18110031447199154478, 2, 3, 9, 1303)",1,135735066638878,1,42104000000,1,134613087549345,0,0,0,12000000,PAIRED_ROS_CLOCK
C_SHARED_SIM_CLOCK_11008_MONOTONE_SAMPLES,EXACT_KEY_OBSERVED,tracking,0,1307,"(1452948046641, 4, 18110031447199154478, 2, 3, 9, 1304)",1,135735066638878,1,42120000000,1,134613087549345,0,0,0,12000000,PAIRED_ROS_CLOCK
C_SHARED_SIM_CLOCK_11008_MONOTONE_SAMPLES,EXACT_KEY_OBSERVED,tracking,0,1308,"(1452948046641, 4, 18110031447199154478, 2, 3, 9, 1305)",1,135735066638878,1,42136000000,1,134613087549345,0,0,0,12000000,PAIRED_ROS_CLOCK
C_SHARED_SIM_CLOCK_11008_MONOTONE_SAMPLES,EXACT_KEY_OBSERVED,tracking,0,1309,"(1452948046641, 4, 18110031447199154478, 2, 3, 9, 1306)",1,135735066638878,1,42152000000,1,134613087549345,0,0,0,12000000,PAIRED_ROS_CLOCK
C_SHARED_SIM_CLOCK_11008_MONOTONE_SAMPLES,EXACT_KEY_OBSERVED,tracking,0,1310,"(1452948046641, 4, 18110031447199154478, 2, 3, 9, 1307)",1,135735066638878,1,42168000000,1,134613087549345,0,0,0,12000000,PAIRED_ROS_CLOCK
C_SHARED_SIM_CLOCK_11008_MONOTONE_SAMPLES,EXACT_KEY_OBSERVED,tracking,0,1311,"(1452948046641, 4, 18110031447199154478, 2, 3, 9, 1308)",1,135735066638878,1,42184000000,1,134613087549345,0,0,0,12000000,PAIRED_ROS_CLOCK
C_SHARED_SIM_CLOCK_11008_MONOTONE_SAMPLES,EXACT_KEY_OBSERVED,tracking,0,1312,"(1452948046641, 4, 18110031447199154478, 2, 3, 9, 1309)",1,135735066638878,1,42200000000,1,134613087549345,0,0,0,12000000,PAIRED_ROS_CLOCK
C_SHARED_SIM_CLOCK_11008_MONOTONE_SAMPLES,EXACT_KEY_OBSERVED,tracking,0,1313,"(1452948046641, 4, 18110031447199154478, 2, 3, 9, 1310)",1,135735066638878,1,42216000000,1,134613087549345,0,0,0,12000000,PAIRED_ROS_CLOCK
C_SHARED_SIM_CLOCK_11008_MONOTONE_SAMPLES,EXACT_KEY_OBSERVED,tracking,0,1314,"(1452948046641, 4, 18110031447199154478, 2, 3, 9, 1311)",1,135735066638878,1,42232000000,1,134613087549345,0,0,0,12000000,PAIRED_ROS_CLOCK
C_SHARED_SIM_CLOCK_11008_MONOTONE_SAMPLES,EXACT_KEY_OBSERVED,tracking,0,1315,"(1452948046641, 4, 18110031447199154478, 2, 3, 9, 1312)",1,135735066638878,1,42248000000,1,134613087549345,0,0,0,12000000,PAIRED_ROS_CLOCK
C_SHARED_SIM_CLOCK_11008_MONOTONE_SAMPLES,EXACT_KEY_OBSERVED,tracking,0,1316,"(1452948046641, 4, 18110031447199154478, 2, 3, 9, 1313)",1,135735066638878,1,42264000000,1,134613087549345,0,0,0,12000000,PAIRED_ROS_CLOCK
C_SHARED_SIM_CLOCK_11008_MONOTONE_SAMPLES,EXACT_KEY_OBSERVED,tracking,0,1317,"(1452948046641, 4, 18110031447199154478, 2, 3, 9, 1314)",1,135735066638878,1,42280000000,1,134613087549345,0,0,0,12000000,PAIRED_ROS_CLOCK
C_SHARED_SIM_CLOCK_11008_MONOTONE_SAMPLES,EXACT_KEY_OBSERVED,tracking,0,1318,"(1452948046641, 4, 18110031447199154478, 2, 3, 10, 1315)",1,135735066638878,1,42296000000,1,134613087549345,0,0,0,12000000,PAIRED_ROS_CLOCK
C_SHARED_SIM_CLOCK_11008_MONOTONE_SAMPLES,EXACT_KEY_OBSERVED,tracking,0,1319,"(1452948046641, 4, 18110031447199154478, 2, 3, 10, 1316)",1,135735066638878,1,42312000000,1,134613087549345,0,0,0,12000000,PAIRED_ROS_CLOCK
C_SHARED_SIM_CLOCK_11008_MONOTONE_SAMPLES,EXACT_KEY_OBSERVED,tracking,0,1320,"(1452948046641, 4, 18110031447199154478, 2, 3, 10, 1317)",1,135735066638878,1,42328000000,1,134613087549345,0,0,0,12000000,PAIRED_ROS_CLOCK
C_SHARED_SIM_CLOCK_11008_MONOTONE_SAMPLES,EXACT_KEY_OBSERVED,tracking,0,1321,"(1452948046641, 4, 18110031447199154478, 2, 3, 10, 1318)",1,135735066638878,1,42344000000,1,134613087549345,0,0,0,12000000,PAIRED_ROS_CLOCK
C_SHARED_SIM_CLOCK_11008_MONOTONE_SAMPLES,EXACT_KEY_OBSERVED,tracking,0,1322,"(1452948046641, 4, 18110031447199154478, 2, 3, 10, 1319)",1,135735066638878,1,42360000000,1,134613087549345,0,0,0,12000000,PAIRED_ROS_CLOCK
C_SHARED_SIM_CLOCK_11008_MONOTONE_SAMPLES,EXACT_KEY_OBSERVED,tracking,0,1323,"(1452948046641, 4, 18110031447199154478, 2, 3, 10, 1320)",1,135735066638878,1,42376000000,1,134613087549345,0,0,0,12000000,PAIRED_ROS_CLOCK
C_SHARED_SIM_CLOCK_11008_MONOTONE_SAMPLES,EXACT_KEY_OBSERVED,tracking,0,1324,"(1452948046641, 4, 18110031447199154478, 2, 3, 10, 1321)",1,135735066638878,1,42392000000,1,134613087549345,0,0,0,12000000,PAIRED_ROS_CLOCK
C_SHARED_SIM_CLOCK_11008_MONOTONE_SAMPLES,EXACT_KEY_OBSERVED,tracking,0,1325,"(1452948046641, 4, 18110031447199154478, 2, 3, 10, 1322)",1,135735066638878,1,42408000000,1,134613087549345,0,0,0,12000000,PAIRED_ROS_CLOCK
C_SHARED_SIM_CLOCK_11008_MONOTONE_SAMPLES,EXACT_KEY_OBSERVED,tracking,0,1326,"(1452948046641, 4, 18110031447199154478, 2, 3, 10, 1323)",1,135735066638878,1,42424000000,1,134613087549345,0,0,0,12000000,PAIRED_ROS_CLOCK
C_SHARED_SIM_CLOCK_11008_MONOTONE_SAMPLES,EXACT_KEY_OBSERVED,tracking,0,1327,"(1452948046641, 4, 18110031447199154478, 2, 3, 10, 1324)",1,135735066638878,1,42440000000,1,134613087549345,0,0,0,12000000,PAIRED_ROS_CLOCK
C_SHARED_SIM_CLOCK_11008_MONOTONE_SAMPLES,EXACT_KEY_OBSERVED,tracking,0,1328,"(1452948046641, 4, 18110031447199154478, 2, 3, 10, 1325)",1,135735066638878,1,42456000000,1,134613087549345,0,0,0,12000000,PAIRED_ROS_CLOCK
C_SHARED_SIM_CLOCK_11008_MONOTONE_SAMPLES,EXACT_KEY_OBSERVED,tracking,0,1329,"(1452948046641, 4, 18110031447199154478, 2, 3, 10, 1326)",1,135735066638878,1,42472000000,1,134613087549345,0,0,0,12000000,PAIRED_ROS_CLOCK
C_SHARED_SIM_CLOCK_11008_MONOTONE_SAMPLES,EXACT_KEY_OBSERVED,tracking,0,1330,"(1452948046641, 4, 18110031447199154478, 2, 3, 10, 1327)",1,135735066638878,1,42488000000,1,134613087549345,0,0,0,12000000,PAIRED_ROS_CLOCK
C_SHARED_SIM_CLOCK_11008_MONOTONE_SAMPLES,EXACT_KEY_OBSERVED,tracking,0,1331,"(1452948046641, 4, 18110031447199154478, 2, 3, 10, 1328)",1,135735066638878,1,42504000000,1,134613087549345,0,0,0,12000000,PAIRED_ROS_CLOCK
C_SHARED_SIM_CLOCK_11008_MONOTONE_SAMPLES,EXACT_KEY_OBSERVED,tracking,0,1332,"(1452948046641, 4, 18110031447199154478, 2, 3, 10, 1329)",1,135735066638878,1,42520000000,1,134613087549345,0,0,0,12000000,PAIRED_ROS_CLOCK
C_SHARED_SIM_CLOCK_11008_MONOTONE_SAMPLES,EXACT_KEY_OBSERVED,tracking,0,1333,"(1452948046641, 4, 18110031447199154478, 2, 3, 10, 1330)",1,135735066638878,1,42536000000,1,134613087549345,0,0,0,12000000,PAIRED_ROS_CLOCK
C_SHARED_SIM_CLOCK_11008_MONOTONE_SAMPLES,EXACT_KEY_OBSERVED,tracking,0,1334,"(1452948046641, 4, 18110031447199154478, 2, 3, 10, 1331)",1,135735066638878,1,42552000000,1,134613087549345,0,0,0,12000000,PAIRED_ROS_CLOCK
C_SHARED_SIM_CLOCK_11008_MONOTONE_SAMPLES,EXACT_KEY_OBSERVED,tracking,0,1335,"(1452948046641, 4, 18110031447199154478, 2, 3, 10, 1332)",1,135735066638878,1,42568000000,1,134613087549345,0,0,0,12000000,PAIRED_ROS_CLOCK
C_SHARED_SIM_CLOCK_11008_MONOTONE_SAMPLES,EXACT_KEY_OBSERVED,tracking,0,1336,"(1452948046641, 4, 18110031447199154478, 2, 3, 10, 1333)",1,135735066638878,1,42584000000,1,134613087549345,0,0,0,12000000,PAIRED_ROS_CLOCK
C_SHARED_SIM_CLOCK_11008_MONOTONE_SAMPLES,EXACT_KEY_OBSERVED,tracking,0,1337,"(1452948046641, 4, 18110031447199154478, 2, 3, 10, 1334)",1,135735066638878,1,42600000000,1,134613087549345,0,0,0,12000000,PAIRED_ROS_CLOCK
C_SHARED_SIM_CLOCK_11008_MONOTONE_SAMPLES,EXACT_KEY_OBSERVED,tracking,0,1338,"(1452948046641, 4, 18110031447199154478, 2, 3, 10, 1335)",1,135735066638878,1,42616000000,1,134613087549345,0,0,0,12000000,PAIRED_ROS_CLOCK
C_SHARED_SIM_CLOCK_11008_MONOTONE_SAMPLES,EXACT_KEY_OBSERVED,tracking,0,1339,"(1452948046641, 4, 18110031447199154478, 2, 3, 10, 1336)",1,135735066638878,1,42632000000,1,134613087549345,0,0,0,12000000,PAIRED_ROS_CLOCK
C_SHARED_SIM_CLOCK_11008_MONOTONE_SAMPLES,EXACT_KEY_OBSERVED,tracking,0,1340,"(1452948046641, 4, 18110031447199154478, 2, 3, 10, 1337)",1,135735066638878,1,42648000000,1,134613087549345,0,0,0,12000000,PAIRED_ROS_CLOCK
C_SHARED_SIM_CLOCK_11008_MONOTONE_SAMPLES,EXACT_KEY_OBSERVED,tracking,0,1341,"(1452948046641, 4, 18110031447199154478, 2, 3, 10, 1338)",1,135735066638878,1,42664000000,1,134613087549345,0,0,0,12000000,PAIRED_ROS_CLOCK
C_SHARED_SIM_CLOCK_11008_MONOTONE_SAMPLES,EXACT_KEY_OBSERVED,tracking,0,1342,"(1452948046641, 4, 18110031447199154478, 2, 3, 10, 1339)",1,135735066638878,1,42680000000,1,134613087549345,0,0,0,12000000,PAIRED_ROS_CLOCK
C_SHARED_SIM_CLOCK_11008_MONOTONE_SAMPLES,EXACT_KEY_OBSERVED,tracking,0,1343,"(1452948046641, 4, 18110031447199154478, 2, 3, 10, 1340)",1,135735066638878,1,42696000000,1,134613087549345,0,0,0,12000000,PAIRED_ROS_CLOCK
C_SHARED_SIM_CLOCK_11008_MONOTONE_SAMPLES,EXACT_KEY_OBSERVED,tracking,0,1344,"(1452948046641, 4, 18110031447199154478, 2, 3, 10, 1341)",1,135735066638878,1,42712000000,1,134613087549345,0,0,0,12000000,PAIRED_ROS_CLOCK
C_SHARED_SIM_CLOCK_11008_MONOTONE_SAMPLES,EXACT_KEY_OBSERVED,tracking,0,1345,"(1452948046641, 4, 18110031447199154478, 2, 3, 10, 1342)",1,135735066638878,1,42728000000,1,134613087549345,0,0,0,12000000,PAIRED_ROS_CLOCK
C_SHARED_SIM_CLOCK_11008_MONOTONE_SAMPLES,EXACT_KEY_OBSERVED,tracking,0,1346,"(1452948046641, 4, 18110031447199154478, 2, 3, 10, 1343)",1,135735066638878,1,42744000000,1,134613087549345,0,0,0,12000000,PAIRED_ROS_CLOCK
C_SHARED_SIM_CLOCK_11008_MONOTONE_SAMPLES,EXACT_KEY_OBSERVED,tracking,0,1347,"(1452948046641, 4, 18110031447199154478, 2, 3, 10, 1344)",1,135735066638878,1,42760000000,1,134613087549345,0,0,0,12000000,PAIRED_ROS_CLOCK
C_SHARED_SIM_CLOCK_11008_MONOTONE_SAMPLES,EXACT_KEY_OBSERVED,tracking,0,1348,"(1452948046641, 4, 18110031447199154478, 2, 3, 10, 1345)",1,135735066638878,1,42776000000,1,134613087549345,0,0,0,12000000,PAIRED_ROS_CLOCK
C_SHARED_SIM_CLOCK_11008_MONOTONE_SAMPLES,EXACT_KEY_OBSERVED,tracking,0,1349,"(1452948046641, 4, 18110031447199154478, 2, 3, 10, 1346)",1,135735066638878,1,42792000000,1,134613087549345,0,0,0,12000000,PAIRED_ROS_CLOCK
C_SHARED_SIM_CLOCK_11008_MONOTONE_SAMPLES,EXACT_KEY_OBSERVED,tracking,0,1350,"(1452948046641, 4, 18110031447199154478, 2, 3, 10, 1347)",1,135735066638878,1,42808000000,1,134613087549345,0,0,0,12000000,PAIRED_ROS_CLOCK
C_SHARED_SIM_CLOCK_11008_MONOTONE_SAMPLES,EXACT_KEY_OBSERVED,tracking,0,1351,"(1452948046641, 4, 18110031447199154478, 2, 3, 10, 1348)",1,135735066638878,1,42824000000,1,134613087549345,0,0,0,12000000,PAIRED_ROS_CLOCK
C_SHARED_SIM_CLOCK_11008_MONOTONE_SAMPLES,EXACT_KEY_OBSERVED,tracking,0,1352,"(1452948046641, 4, 18110031447199154478, 2, 3, 10, 1349)",1,135735066638878,1,42840000000,1,134613087549345,0,0,0,12000000,PAIRED_ROS_CLOCK
C_SHARED_SIM_CLOCK_11008_MONOTONE_SAMPLES,EXACT_KEY_OBSERVED,tracking,0,1353,"(1452948046641, 4, 18110031447199154478, 2, 3, 10, 1350)",1,135735066638878,1,42856000000,1,134613087549345,0,0,0,12000000,PAIRED_ROS_CLOCK
C_SHARED_SIM_CLOCK_11008_MONOTONE_SAMPLES,EXACT_KEY_OBSERVED,tracking,0,1354,"(1452948046641, 4, 18110031447199154478, 2, 3, 10, 1351)",1,135735066638878,1,42872000000,1,134613087549345,0,0,0,12000000,PAIRED_ROS_CLOCK
C_SHARED_SIM_CLOCK_11008_MONOTONE_SAMPLES,EXACT_KEY_OBSERVED,tracking,0,1355,"(1452948046641, 4, 18110031447199154478, 2, 3, 10, 1352)",1,135735066638878,1,42888000000,1,134613087549345,0,0,0,12000000,PAIRED_ROS_CLOCK
C_SHARED_SIM_CLOCK_11008_MONOTONE_SAMPLES,EXACT_KEY_OBSERVED,tracking,0,1356,"(1452948046641, 4, 18110031447199154478, 2, 3, 10, 1353)",1,135735066638878,1,42904000000,1,134613087549345,0,0,0,12000000,PAIRED_ROS_CLOCK
C_SHARED_SIM_CLOCK_11008_MONOTONE_SAMPLES,EXACT_KEY_OBSERVED,tracking,0,1357,"(1452948046641, 4, 18110031447199154478, 2, 3, 10, 1354)",1,135735066638878,1,42920000000,1,134613087549345,0,0,0,12000000,PAIRED_ROS_CLOCK
C_SHARED_SIM_CLOCK_11008_MONOTONE_SAMPLES,EXACT_KEY_OBSERVED,tracking,0,1358,"(1452948046641, 4, 18110031447199154478, 2, 3, 10, 1355)",1,135735066638878,1,42936000000,1,134613087549345,0,0,0,12000000,PAIRED_ROS_CLOCK
C_SHARED_SIM_CLOCK_11008_MONOTONE_SAMPLES,EXACT_KEY_OBSERVED,tracking,0,1359,"(1452948046641, 4, 18110031447199154478, 2, 3, 10, 1356)",1,135735066638878,1,42952000000,1,134613087549345,0,0,0,12000000,PAIRED_ROS_CLOCK
C_SHARED_SIM_CLOCK_11008_MONOTONE_SAMPLES,EXACT_KEY_OBSERVED,tracking,0,1360,"(1452948046641, 4, 18110031447199154478, 2, 3, 10, 1357)",1,135735066638878,1,42968000000,1,134613087549345,0,0,0,12000000,PAIRED_ROS_CLOCK
C_SHARED_SIM_CLOCK_11008_MONOTONE_SAMPLES,EXACT_KEY_OBSERVED,tracking,0,1361,"(1452948046641, 4, 18110031447199154478, 2, 3, 10, 1358)",1,135735066638878,1,42984000000,1,134613087549345,0,0,0,12000000,PAIRED_ROS_CLOCK
C_SHARED_SIM_CLOCK_11008_MONOTONE_SAMPLES,EXACT_KEY_OBSERVED,tracking,0,1362,"(1452948046641, 4, 18110031447199154478, 2, 3, 10, 1359)",1,135735066638878,1,43000000000,1,134613087549345,0,0,0,12000000,PAIRED_ROS_CLOCK
C_SHARED_SIM_CLOCK_11008_MONOTONE_SAMPLES,EXACT_KEY_OBSERVED,tracking,0,1363,"(1452948046641, 4, 18110031447199154478, 2, 3, 10, 1360)",1,135735066638878,1,43016000000,1,134613087549345,0,0,0,12000000,PAIRED_ROS_CLOCK
C_SHARED_SIM_CLOCK_11008_MONOTONE_SAMPLES,EXACT_KEY_OBSERVED,tracking,0,1364,"(1452948046641, 4, 18110031447199154478, 2, 3, 10, 1361)",1,135735066638878,1,43032000000,1,134613087549345,0,0,0,12000000,PAIRED_ROS_CLOCK
C_SHARED_SIM_CLOCK_11008_MONOTONE_SAMPLES,EXACT_KEY_OBSERVED,tracking,0,1365,"(1452948046641, 4, 18110031447199154478, 2, 3, 10, 1362)",1,135735066638878,1,43048000000,1,134613087549345,0,0,0,12000000,PAIRED_ROS_CLOCK
C_SHARED_SIM_CLOCK_11008_MONOTONE_SAMPLES,EXACT_KEY_OBSERVED,tracking,0,1366,"(1452948046641, 4, 18110031447199154478, 2, 3, 10, 1363)",1,135735066638878,1,43064000000,1,134613087549345,0,0,0,12000000,PAIRED_ROS_CLOCK
C_SHARED_SIM_CLOCK_11008_MONOTONE_SAMPLES,EXACT_KEY_OBSERVED,tracking,0,1367,"(1452948046641, 4, 18110031447199154478, 2, 3, 10, 1364)",1,135735066638878,1,43080000000,1,134613087549345,0,0,0,12000000,PAIRED_ROS_CLOCK
C_SHARED_SIM_CLOCK_11008_MONOTONE_SAMPLES,EXACT_KEY_OBSERVED,tracking,0,1368,"(1452948046641, 4, 18110031447199154478, 2, 3, 10, 1365)",1,135735066638878,1,43096000000,1,134613087549345,0,0,0,12000000,PAIRED_ROS_CLOCK
C_SHARED_SIM_CLOCK_11008_MONOTONE_SAMPLES,EXACT_KEY_OBSERVED,tracking,0,1369,"(1452948046641, 4, 18110031447199154478, 2, 3, 10, 1366)",1,135735066638878,1,43112000000,1,134613087549345,0,0,0,12000000,PAIRED_ROS_CLOCK
C_SHARED_SIM_CLOCK_11008_MONOTONE_SAMPLES,EXACT_KEY_OBSERVED,tracking,0,1370,"(1452948046641, 4, 18110031447199154478, 2, 3, 10, 1367)",1,135735066638878,1,43128000000,1,134613087549345,0,0,0,12000000,PAIRED_ROS_CLOCK
C_SHARED_SIM_CLOCK_11008_MONOTONE_SAMPLES,EXACT_KEY_OBSERVED,tracking,0,1371,"(1452948046641, 4, 18110031447199154478, 2, 3, 10, 1368)",1,135735066638878,1,43144000000,1,134613087549345,0,0,0,12000000,PAIRED_ROS_CLOCK
C_SHARED_SIM_CLOCK_11008_MONOTONE_SAMPLES,EXACT_KEY_OBSERVED,tracking,0,1372,"(1452948046641, 4, 18110031447199154478, 2, 3, 10, 1369)",1,135735066638878,1,43160000000,1,134613087549345,0,0,0,12000000,PAIRED_ROS_CLOCK
C_SHARED_SIM_CLOCK_11008_MONOTONE_SAMPLES,EXACT_KEY_OBSERVED,tracking,0,1373,"(1452948046641, 4, 18110031447199154478, 2, 3, 10, 1370)",1,135735066638878,1,43176000000,1,134613087549345,0,0,0,12000000,PAIRED_ROS_CLOCK
C_SHARED_SIM_CLOCK_11008_MONOTONE_SAMPLES,EXACT_KEY_OBSERVED,tracking,0,1374,"(1452948046641, 4, 18110031447199154478, 2, 3, 10, 1371)",1,135735066638878,1,43192000000,1,134613087549345,0,0,0,12000000,PAIRED_ROS_CLOCK
C_SHARED_SIM_CLOCK_11008_MONOTONE_SAMPLES,EXACT_KEY_OBSERVED,tracking,0,1375,"(1452948046641, 4, 18110031447199154478, 2, 3, 10, 1372)",1,135735066638878,1,43208000000,1,134613087549345,0,0,0,12000000,PAIRED_ROS_CLOCK
C_SHARED_SIM_CLOCK_11008_MONOTONE_SAMPLES,EXACT_KEY_OBSERVED,tracking,0,1376,"(1452948046641, 4, 18110031447199154478, 2, 3, 10, 1373)",1,135735066638878,1,43224000000,1,134613087549345,0,0,0,12000000,PAIRED_ROS_CLOCK
C_SHARED_SIM_CLOCK_11008_MONOTONE_SAMPLES,EXACT_KEY_OBSERVED,tracking,0,1377,"(1452948046641, 4, 18110031447199154478, 2, 3, 10, 1374)",1,135735066638878,1,43240000000,1,134613087549345,0,0,0,12000000,PAIRED_ROS_CLOCK
C_SHARED_SIM_CLOCK_11008_MONOTONE_SAMPLES,EXACT_KEY_OBSERVED,tracking,0,1378,"(1452948046641, 4, 18110031447199154478, 2, 3, 10, 1375)",1,135735066638878,1,43256000000,1,134613087549345,0,0,0,12000000,PAIRED_ROS_CLOCK
C_SHARED_SIM_CLOCK_11008_MONOTONE_SAMPLES,EXACT_KEY_OBSERVED,tracking,0,1379,"(1452948046641, 4, 18110031447199154478, 2, 3, 10, 1376)",1,135735066638878,1,43272000000,1,134613087549345,0,0,0,12000000,PAIRED_ROS_CLOCK
C_SHARED_SIM_CLOCK_11008_MONOTONE_SAMPLES,EXACT_KEY_OBSERVED,tracking,0,1380,"(1452948046641, 4, 18110031447199154478, 2, 3, 10, 1377)",1,135735066638878,1,43288000000,1,134613087549345,0,0,0,12000000,PAIRED_ROS_CLOCK
C_SHARED_SIM_CLOCK_11008_MONOTONE_SAMPLES,EXACT_KEY_OBSERVED,tracking,0,1381,"(1452948046641, 4, 18110031447199154478, 2, 3, 10, 1378)",1,135735066638878,1,43304000000,1,134613087549345,0,0,0,12000000,PAIRED_ROS_CLOCK
C_SHARED_SIM_CLOCK_11008_MONOTONE_SAMPLES,EXACT_KEY_OBSERVED,tracking,0,1382,"(1452948046641, 4, 18110031447199154478, 2, 3, 10, 1379)",1,135735066638878,1,43320000000,1,134613087549345,0,0,0,12000000,PAIRED_ROS_CLOCK
C_SHARED_SIM_CLOCK_11008_MONOTONE_SAMPLES,EXACT_KEY_OBSERVED,tracking,0,1383,"(1452948046641, 4, 18110031447199154478, 2, 3, 10, 1380)",1,135735066638878,1,43336000000,1,134613087549345,0,0,0,12000000,PAIRED_ROS_CLOCK
C_SHARED_SIM_CLOCK_11008_MONOTONE_SAMPLES,EXACT_KEY_OBSERVED,tracking,0,1384,"(1452948046641, 4, 18110031447199154478, 2, 3, 10, 1381)",1,135735066638878,1,43352000000,1,134613087549345,0,0,0,12000000,PAIRED_ROS_CLOCK
C_SHARED_SIM_CLOCK_11008_MONOTONE_SAMPLES,EXACT_KEY_OBSERVED,tracking,0,1385,"(1452948046641, 4, 18110031447199154478, 2, 3, 10, 1382)",1,135735066638878,1,43368000000,1,134613087549345,0,0,0,12000000,PAIRED_ROS_CLOCK
C_SHARED_SIM_CLOCK_11008_MONOTONE_SAMPLES,EXACT_KEY_OBSERVED,tracking,0,1386,"(1452948046641, 4, 18110031447199154478, 2, 3, 10, 1383)",1,135735066638878,1,43384000000,1,134613087549345,0,0,0,12000000,PAIRED_ROS_CLOCK
C_SHARED_SIM_CLOCK_11008_MONOTONE_SAMPLES,EXACT_KEY_OBSERVED,tracking,0,1387,"(1452948046641, 4, 18110031447199154478, 2, 3, 10, 1384)",1,135735066638878,1,43400000000,1,134613087549345,0,0,0,12000000,PAIRED_ROS_CLOCK
C_SHARED_SIM_CLOCK_11008_MONOTONE_SAMPLES,EXACT_KEY_OBSERVED,tracking,0,1388,"(1452948046641, 4, 18110031447199154478, 2, 3, 10, 1385)",1,135735066638878,1,43416000000,1,134613087549345,0,0,0,12000000,PAIRED_ROS_CLOCK
C_SHARED_SIM_CLOCK_11008_MONOTONE_SAMPLES,EXACT_KEY_OBSERVED,tracking,0,1389,"(1452948046641, 4, 18110031447199154478, 2, 3, 10, 1386)",1,135735066638878,1,43432000000,1,134613087549345,0,0,0,12000000,PAIRED_ROS_CLOCK
C_SHARED_SIM_CLOCK_11008_MONOTONE_SAMPLES,EXACT_KEY_OBSERVED,tracking,0,1390,"(1452948046641, 4, 18110031447199154478, 2, 3, 10, 1387)",1,135735066638878,1,43448000000,1,134613087549345,0,0,0,12000000,PAIRED_ROS_CLOCK
C_SHARED_SIM_CLOCK_11008_MONOTONE_SAMPLES,EXACT_KEY_OBSERVED,tracking,0,1391,"(1452948046641, 4, 18110031447199154478, 2, 3, 10, 1388)",1,135735066638878,1,43464000000,1,134613087549345,0,0,0,12000000,PAIRED_ROS_CLOCK
C_SHARED_SIM_CLOCK_11008_MONOTONE_SAMPLES,EXACT_KEY_OBSERVED,tracking,0,1392,"(1452948046641, 4, 18110031447199154478, 2, 3, 10, 1389)",1,135735066638878,1,43480000000,1,134613087549345,0,0,0,12000000,PAIRED_ROS_CLOCK
C_SHARED_SIM_CLOCK_11008_MONOTONE_SAMPLES,EXACT_KEY_OBSERVED,tracking,0,1393,"(1452948046641, 4, 18110031447199154478, 2, 3, 10, 1390)",1,135735066638878,1,43496000000,1,134613087549345,0,0,0,12000000,PAIRED_ROS_CLOCK
C_SHARED_SIM_CLOCK_11008_MONOTONE_SAMPLES,EXACT_KEY_OBSERVED,tracking,0,1394,"(1452948046641, 4, 18110031447199154478, 2, 3, 10, 1391)",1,135735066638878,1,43512000000,1,134613087549345,0,0,0,12000000,PAIRED_ROS_CLOCK
C_SHARED_SIM_CLOCK_11008_MONOTONE_SAMPLES,EXACT_KEY_OBSERVED,tracking,0,1395,"(1452948046641, 4, 18110031447199154478, 2, 3, 10, 1392)",1,135735066638878,1,43528000000,1,134613087549345,0,0,0,12000000,PAIRED_ROS_CLOCK
C_SHARED_SIM_CLOCK_11008_MONOTONE_SAMPLES,EXACT_KEY_OBSERVED,tracking,0,1396,"(1452948046641, 4, 18110031447199154478, 2, 3, 10, 1393)",1,135735066638878,1,43544000000,1,134613087549345,0,0,0,12000000,PAIRED_ROS_CLOCK
C_SHARED_SIM_CLOCK_11008_MONOTONE_SAMPLES,EXACT_KEY_OBSERVED,tracking,0,1397,"(1452948046641, 4, 18110031447199154478, 2, 3, 10, 1394)",1,135735066638878,1,43560000000,1,134613087549345,0,0,0,12000000,PAIRED_ROS_CLOCK
C_SHARED_SIM_CLOCK_11008_MONOTONE_SAMPLES,EXACT_KEY_OBSERVED,tracking,0,1398,"(1452948046641, 4, 18110031447199154478, 2, 3, 10, 1395)",1,135735066638878,1,43576000000,1,134613087549345,0,0,0,12000000,PAIRED_ROS_CLOCK
C_SHARED_SIM_CLOCK_11008_MONOTONE_SAMPLES,EXACT_KEY_OBSERVED,tracking,0,1399,"(1452948046641, 4, 18110031447199154478, 2, 3, 10, 1396)",1,135735066638878,1,43592000000,1,134613087549345,0,0,0,12000000,PAIRED_ROS_CLOCK
C_SHARED_SIM_CLOCK_11008_MONOTONE_SAMPLES,EXACT_KEY_OBSERVED,tracking,0,1400,"(1452948046641, 4, 18110031447199154478, 2, 3, 10, 1397)",1,135735066638878,1,43608000000,1,134613087549345,0,0,0,12000000,PAIRED_ROS_CLOCK
C_SHARED_SIM_CLOCK_11008_MONOTONE_SAMPLES,EXACT_KEY_OBSERVED,tracking,0,1401,"(1452948046641, 4, 18110031447199154478, 2, 3, 10, 1398)",1,135735066638878,1,43624000000,1,134613087549345,0,0,0,12000000,PAIRED_ROS_CLOCK
C_SHARED_SIM_CLOCK_11008_MONOTONE_SAMPLES,EXACT_KEY_OBSERVED,tracking,0,1402,"(1452948046641, 4, 18110031447199154478, 2, 3, 10, 1399)",1,135735066638878,1,43640000000,1,134613087549345,0,0,0,12000000,PAIRED_ROS_CLOCK
C_SHARED_SIM_CLOCK_11008_MONOTONE_SAMPLES,EXACT_KEY_OBSERVED,tracking,0,1403,"(1452948046641, 4, 18110031447199154478, 2, 3, 10, 1400)",1,135735066638878,1,43656000000,1,134613087549345,0,0,0,12000000,PAIRED_ROS_CLOCK
C_SHARED_SIM_CLOCK_11008_MONOTONE_SAMPLES,EXACT_KEY_OBSERVED,tracking,0,1404,"(1452948046641, 4, 18110031447199154478, 2, 3, 10, 1401)",1,135735066638878,1,43672000000,1,134613087549345,0,0,0,12000000,PAIRED_ROS_CLOCK
C_SHARED_SIM_CLOCK_11008_MONOTONE_SAMPLES,EXACT_KEY_OBSERVED,tracking,0,1405,"(1452948046641, 4, 18110031447199154478, 2, 3, 10, 1402)",1,135735066638878,1,43688000000,1,134613087549345,0,0,0,12000000,PAIRED_ROS_CLOCK
C_SHARED_SIM_CLOCK_11008_MONOTONE_SAMPLES,EXACT_KEY_OBSERVED,tracking,0,1406,"(1452948046641, 4, 18110031447199154478, 2, 3, 10, 1403)",1,135735066638878,1,43704000000,1,134613087549345,0,0,0,12000000,PAIRED_ROS_CLOCK
C_SHARED_SIM_CLOCK_11008_MONOTONE_SAMPLES,EXACT_KEY_OBSERVED,tracking,0,1407,"(1452948046641, 4, 18110031447199154478, 2, 3, 10, 1404)",1,135735066638878,1,43720000000,1,134613087549345,0,0,0,12000000,PAIRED_ROS_CLOCK
C_SHARED_SIM_CLOCK_11008_MONOTONE_SAMPLES,EXACT_KEY_OBSERVED,tracking,0,1408,"(1452948046641, 4, 18110031447199154478, 2, 3, 10, 1405)",1,135735066638878,1,43736000000,1,134613087549345,0,0,0,12000000,PAIRED_ROS_CLOCK
C_SHARED_SIM_CLOCK_11008_MONOTONE_SAMPLES,EXACT_KEY_OBSERVED,tracking,0,1409,"(1452948046641, 4, 18110031447199154478, 2, 3, 10, 1406)",1,135735066638878,1,43752000000,1,134613087549345,0,0,0,12000000,PAIRED_ROS_CLOCK
C_SHARED_SIM_CLOCK_11008_MONOTONE_SAMPLES,EXACT_KEY_OBSERVED,tracking,0,1410,"(1452948046641, 4, 18110031447199154478, 2, 3, 10, 1407)",1,135735066638878,1,43768000000,1,134613087549345,0,0,0,12000000,PAIRED_ROS_CLOCK
C_SHARED_SIM_CLOCK_11008_MONOTONE_SAMPLES,EXACT_KEY_OBSERVED,tracking,0,1411,"(1452948046641, 4, 18110031447199154478, 2, 3, 10, 1408)",1,135735066638878,1,43784000000,1,134613087549345,0,0,0,12000000,PAIRED_ROS_CLOCK
C_SHARED_SIM_CLOCK_11008_MONOTONE_SAMPLES,EXACT_KEY_OBSERVED,tracking,0,1412,"(1452948046641, 4, 18110031447199154478, 2, 3, 10, 1409)",1,135735066638878,1,43800000000,1,134613087549345,0,0,0,12000000,PAIRED_ROS_CLOCK
C_SHARED_SIM_CLOCK_11008_MONOTONE_SAMPLES,EXACT_KEY_OBSERVED,tracking,0,1413,"(1452948046641, 4, 18110031447199154478, 2, 3, 10, 1410)",1,135735066638878,1,43816000000,1,134613087549345,0,0,0,12000000,PAIRED_ROS_CLOCK
C_SHARED_SIM_CLOCK_11008_MONOTONE_SAMPLES,EXACT_KEY_OBSERVED,tracking,0,1414,"(1452948046641, 4, 18110031447199154478, 2, 3, 10, 1411)",1,135735066638878,1,43832000000,1,134613087549345,0,0,0,12000000,PAIRED_ROS_CLOCK
C_SHARED_SIM_CLOCK_11008_MONOTONE_SAMPLES,EXACT_KEY_OBSERVED,tracking,0,1415,"(1452948046641, 4, 18110031447199154478, 2, 3, 10, 1412)",1,135735066638878,1,43848000000,1,134613087549345,0,0,0,12000000,PAIRED_ROS_CLOCK
C_SHARED_SIM_CLOCK_11008_MONOTONE_SAMPLES,EXACT_KEY_OBSERVED,tracking,0,1416,"(1452948046641, 4, 18110031447199154478, 2, 3, 10, 1413)",1,135735066638878,1,43864000000,1,134613087549345,0,0,0,12000000,PAIRED_ROS_CLOCK
C_SHARED_SIM_CLOCK_11008_MONOTONE_SAMPLES,EXACT_KEY_OBSERVED,tracking,0,1417,"(1452948046641, 4, 18110031447199154478, 2, 3, 10, 1414)",1,135735066638878,1,43880000000,1,134613087549345,0,0,0,12000000,PAIRED_ROS_CLOCK
C_SHARED_SIM_CLOCK_11008_MONOTONE_SAMPLES,EXACT_KEY_OBSERVED,tracking,0,1418,"(1452948046641, 4, 18110031447199154478, 2, 3, 10, 1415)",1,135735066638878,1,43896000000,1,134613087549345,0,0,0,12000000,PAIRED_ROS_CLOCK
C_SHARED_SIM_CLOCK_11008_MONOTONE_SAMPLES,EXACT_KEY_OBSERVED,tracking,0,1419,"(1452948046641, 4, 18110031447199154478, 2, 3, 10, 1416)",1,135735066638878,1,43912000000,1,134613087549345,0,0,0,12000000,PAIRED_ROS_CLOCK
C_SHARED_SIM_CLOCK_11008_MONOTONE_SAMPLES,EXACT_KEY_OBSERVED,tracking,0,1420,"(1452948046641, 4, 18110031447199154478, 2, 3, 10, 1417)",1,135735066638878,1,43928000000,1,134613087549345,0,0,0,12000000,PAIRED_ROS_CLOCK
C_SHARED_SIM_CLOCK_11008_MONOTONE_SAMPLES,EXACT_KEY_OBSERVED,tracking,0,1421,"(1452948046641, 4, 18110031447199154478, 2, 3, 10, 1418)",1,135735066638878,1,43944000000,1,134613087549345,0,0,0,12000000,PAIRED_ROS_CLOCK
C_SHARED_SIM_CLOCK_11008_MONOTONE_SAMPLES,EXACT_KEY_OBSERVED,tracking,0,1422,"(1452948046641, 4, 18110031447199154478, 2, 3, 10, 1419)",1,135735066638878,1,43960000000,1,134613087549345,0,0,0,12000000,PAIRED_ROS_CLOCK
C_SHARED_SIM_CLOCK_11008_MONOTONE_SAMPLES,EXACT_KEY_OBSERVED,tracking,0,1423,"(1452948046641, 4, 18110031447199154478, 2, 3, 10, 1420)",1,135735066638878,1,43976000000,1,134613087549345,0,0,0,12000000,PAIRED_ROS_CLOCK
C_SHARED_SIM_CLOCK_11008_MONOTONE_SAMPLES,EXACT_KEY_OBSERVED,tracking,0,1424,"(1452948046641, 4, 18110031447199154478, 2, 3, 10, 1421)",1,135735066638878,1,43992000000,1,134613087549345,0,0,0,12000000,PAIRED_ROS_CLOCK
C_SHARED_SIM_CLOCK_11008_MONOTONE_SAMPLES,EXACT_KEY_OBSERVED,tracking,0,1425,"(1452948046641, 4, 18110031447199154478, 2, 3, 10, 1422)",1,135735066638878,1,44008000000,1,134613087549345,0,0,0,12000000,PAIRED_ROS_CLOCK
C_SHARED_SIM_CLOCK_11008_MONOTONE_SAMPLES,EXACT_KEY_OBSERVED,tracking,0,1426,"(1452948046641, 4, 18110031447199154478, 2, 3, 10, 1423)",1,135735066638878,1,44024000000,1,134613087549345,0,0,0,12000000,PAIRED_ROS_CLOCK
C_SHARED_SIM_CLOCK_11008_MONOTONE_SAMPLES,EXACT_KEY_OBSERVED,tracking,0,1427,"(1452948046641, 4, 18110031447199154478, 2, 3, 10, 1424)",1,135735066638878,1,44040000000,1,134613087549345,0,0,0,12000000,PAIRED_ROS_CLOCK
C_SHARED_SIM_CLOCK_11008_MONOTONE_SAMPLES,EXACT_KEY_OBSERVED,tracking,0,1428,"(1452948046641, 4, 18110031447199154478, 2, 3, 10, 1425)",1,135735066638878,1,44056000000,1,134613087549345,0,0,0,12000000,PAIRED_ROS_CLOCK
C_SHARED_SIM_CLOCK_11008_MONOTONE_SAMPLES,EXACT_KEY_OBSERVED,tracking,0,1429,"(1452948046641, 4, 18110031447199154478, 2, 3, 10, 1426)",1,135735066638878,1,44072000000,1,134613087549345,0,0,0,12000000,PAIRED_ROS_CLOCK
C_SHARED_SIM_CLOCK_11008_MONOTONE_SAMPLES,EXACT_KEY_OBSERVED,tracking,0,1430,"(1452948046641, 4, 18110031447199154478, 2, 3, 10, 1427)",1,135735066638878,1,44088000000,1,134613087549345,0,0,0,12000000,PAIRED_ROS_CLOCK
C_SHARED_SIM_CLOCK_11008_MONOTONE_SAMPLES,EXACT_KEY_OBSERVED,tracking,0,1431,"(1452948046641, 4, 18110031447199154478, 2, 3, 10, 1428)",1,135735066638878,1,44104000000,1,134613087549345,0,0,0,12000000,PAIRED_ROS_CLOCK
C_SHARED_SIM_CLOCK_11008_MONOTONE_SAMPLES,EXACT_KEY_OBSERVED,tracking,0,1432,"(1452948046641, 4, 18110031447199154478, 2, 3, 10, 1429)",1,135735066638878,1,44120000000,1,134613087549345,0,0,0,12000000,PAIRED_ROS_CLOCK
C_SHARED_SIM_CLOCK_11008_MONOTONE_SAMPLES,EXACT_KEY_OBSERVED,tracking,0,1433,"(1452948046641, 4, 18110031447199154478, 2, 3, 10, 1430)",1,135735066638878,1,44136000000,1,134613087549345,0,0,0,12000000,PAIRED_ROS_CLOCK
C_SHARED_SIM_CLOCK_11008_MONOTONE_SAMPLES,EXACT_KEY_OBSERVED,tracking,0,1434,"(1452948046641, 4, 18110031447199154478, 2, 3, 10, 1431)",1,135735066638878,1,44152000000,1,134613087549345,0,0,0,12000000,PAIRED_ROS_CLOCK
C_SHARED_SIM_CLOCK_11008_MONOTONE_SAMPLES,EXACT_KEY_OBSERVED,tracking,0,1435,"(1452948046641, 4, 18110031447199154478, 2, 3, 10, 1432)",1,135735066638878,1,44168000000,1,134613087549345,0,0,0,12000000,PAIRED_ROS_CLOCK
C_SHARED_SIM_CLOCK_11008_MONOTONE_SAMPLES,EXACT_KEY_OBSERVED,tracking,0,1436,"(1452948046641, 4, 18110031447199154478, 2, 3, 10, 1433)",1,135735066638878,1,44184000000,1,134613087549345,0,0,0,12000000,PAIRED_ROS_CLOCK
C_SHARED_SIM_CLOCK_11008_MONOTONE_SAMPLES,EXACT_KEY_OBSERVED,tracking,0,1437,"(1452948046641, 4, 18110031447199154478, 2, 3, 10, 1434)",1,135735066638878,1,44200000000,1,134613087549345,0,0,0,12000000,PAIRED_ROS_CLOCK
C_SHARED_SIM_CLOCK_11008_MONOTONE_SAMPLES,EXACT_KEY_OBSERVED,tracking,0,1438,"(1452948046641, 4, 18110031447199154478, 2, 3, 10, 1435)",1,135735066638878,1,44216000000,1,134613087549345,0,0,0,12000000,PAIRED_ROS_CLOCK
C_SHARED_SIM_CLOCK_11008_MONOTONE_SAMPLES,EXACT_KEY_OBSERVED,tracking,0,1439,"(1452948046641, 4, 18110031447199154478, 2, 3, 10, 1436)",1,135735066638878,1,44232000000,1,134613087549345,0,0,0,12000000,PAIRED_ROS_CLOCK
C_SHARED_SIM_CLOCK_11008_MONOTONE_SAMPLES,EXACT_KEY_OBSERVED,tracking,0,1440,"(1452948046641, 4, 18110031447199154478, 2, 3, 10, 1437)",1,135735066638878,1,44248000000,1,134613087549345,0,0,0,12000000,PAIRED_ROS_CLOCK
C_SHARED_SIM_CLOCK_11008_MONOTONE_SAMPLES,EXACT_KEY_OBSERVED,tracking,0,1441,"(1452948046641, 4, 18110031447199154478, 2, 3, 10, 1438)",1,135735066638878,1,44264000000,1,134613087549345,0,0,0,12000000,PAIRED_ROS_CLOCK
C_SHARED_SIM_CLOCK_11008_MONOTONE_SAMPLES,EXACT_KEY_OBSERVED,tracking,0,1442,"(1452948046641, 4, 18110031447199154478, 2, 3, 10, 1439)",1,135735066638878,1,44280000000,1,134613087549345,0,0,0,12000000,PAIRED_ROS_CLOCK
C_SHARED_SIM_CLOCK_11008_MONOTONE_SAMPLES,EXACT_KEY_OBSERVED,tracking,0,1443,"(1452948046641, 4, 18110031447199154478, 2, 3, 10, 1440)",1,135735066638878,1,44296000000,1,134613087549345,0,0,0,12000000,PAIRED_ROS_CLOCK
C_SHARED_SIM_CLOCK_11008_MONOTONE_SAMPLES,EXACT_KEY_OBSERVED,tracking,0,1444,"(1452948046641, 4, 18110031447199154478, 2, 3, 10, 1441)",1,135735066638878,1,44312000000,1,134613087549345,0,0,0,12000000,PAIRED_ROS_CLOCK
C_SHARED_SIM_CLOCK_11008_MONOTONE_SAMPLES,EXACT_KEY_OBSERVED,tracking,0,1445,"(1452948046641, 4, 18110031447199154478, 2, 3, 10, 1442)",1,135735066638878,1,44328000000,1,134613087549345,0,0,0,12000000,PAIRED_ROS_CLOCK
C_SHARED_SIM_CLOCK_11008_MONOTONE_SAMPLES,EXACT_KEY_OBSERVED,tracking,0,1446,"(1452948046641, 4, 18110031447199154478, 2, 3, 10, 1443)",1,135735066638878,1,44344000000,1,134613087549345,0,0,0,12000000,PAIRED_ROS_CLOCK
C_SHARED_SIM_CLOCK_11008_MONOTONE_SAMPLES,EXACT_KEY_OBSERVED,tracking,0,1447,"(1452948046641, 4, 18110031447199154478, 2, 3, 10, 1444)",1,135735066638878,1,44360000000,1,134613087549345,0,0,0,12000000,PAIRED_ROS_CLOCK
C_SHARED_SIM_CLOCK_11008_MONOTONE_SAMPLES,EXACT_KEY_OBSERVED,tracking,0,1448,"(1452948046641, 4, 18110031447199154478, 2, 3, 10, 1445)",1,135735066638878,1,44376000000,1,134613087549345,0,0,0,12000000,PAIRED_ROS_CLOCK
C_SHARED_SIM_CLOCK_11008_MONOTONE_SAMPLES,EXACT_KEY_OBSERVED,tracking,0,1449,"(1452948046641, 4, 18110031447199154478, 2, 3, 10, 1446)",1,135735066638878,1,44392000000,1,134613087549345,0,0,0,12000000,PAIRED_ROS_CLOCK
C_SHARED_SIM_CLOCK_11008_MONOTONE_SAMPLES,EXACT_KEY_OBSERVED,tracking,0,1450,"(1452948046641, 4, 18110031447199154478, 2, 3, 10, 1447)",1,135735066638878,1,44408000000,1,134613087549345,0,0,0,12000000,PAIRED_ROS_CLOCK
C_SHARED_SIM_CLOCK_11008_MONOTONE_SAMPLES,EXACT_KEY_OBSERVED,tracking,0,1451,"(1452948046641, 4, 18110031447199154478, 2, 3, 10, 1448)",1,135735066638878,1,44424000000,1,134613087549345,0,0,0,12000000,PAIRED_ROS_CLOCK
C_SHARED_SIM_CLOCK_11008_MONOTONE_SAMPLES,EXACT_KEY_OBSERVED,tracking,0,1452,"(1452948046641, 4, 18110031447199154478, 2, 3, 10, 1449)",1,135735066638878,1,44440000000,1,134613087549345,0,0,0,12000000,PAIRED_ROS_CLOCK
C_SHARED_SIM_CLOCK_11008_MONOTONE_SAMPLES,EXACT_KEY_OBSERVED,tracking,0,1453,"(1452948046641, 4, 18110031447199154478, 2, 3, 10, 1450)",1,135735066638878,1,44456000000,1,134613087549345,0,0,0,12000000,PAIRED_ROS_CLOCK
C_SHARED_SIM_CLOCK_11008_MONOTONE_SAMPLES,EXACT_KEY_OBSERVED,tracking,0,1454,"(1452948046641, 4, 18110031447199154478, 2, 3, 10, 1451)",1,135735066638878,1,44472000000,1,134613087549345,0,0,0,12000000,PAIRED_ROS_CLOCK
C_SHARED_SIM_CLOCK_11008_MONOTONE_SAMPLES,EXACT_KEY_OBSERVED,tracking,0,1455,"(1452948046641, 4, 18110031447199154478, 2, 3, 10, 1452)",1,135735066638878,1,44488000000,1,134613087549345,0,0,0,12000000,PAIRED_ROS_CLOCK
C_SHARED_SIM_CLOCK_11008_MONOTONE_SAMPLES,EXACT_KEY_OBSERVED,tracking,0,1456,"(1452948046641, 4, 18110031447199154478, 2, 3, 10, 1453)",1,135735066638878,1,44504000000,1,134613087549345,0,0,0,12000000,PAIRED_ROS_CLOCK
C_SHARED_SIM_CLOCK_11008_MONOTONE_SAMPLES,EXACT_KEY_OBSERVED,tracking,0,1457,"(1452948046641, 4, 18110031447199154478, 2, 3, 10, 1454)",1,135735066638878,1,44520000000,1,134613087549345,0,0,0,12000000,PAIRED_ROS_CLOCK
C_SHARED_SIM_CLOCK_11008_MONOTONE_SAMPLES,EXACT_KEY_OBSERVED,tracking,0,1458,"(1452948046641, 4, 18110031447199154478, 2, 3, 10, 1455)",1,135735066638878,1,44536000000,1,134613087549345,0,0,0,12000000,PAIRED_ROS_CLOCK
C_SHARED_SIM_CLOCK_11008_MONOTONE_SAMPLES,EXACT_KEY_OBSERVED,tracking,0,1459,"(1452948046641, 4, 18110031447199154478, 2, 3, 10, 1456)",1,135735066638878,1,44552000000,1,134613087549345,0,0,0,12000000,PAIRED_ROS_CLOCK
C_SHARED_SIM_CLOCK_11008_MONOTONE_SAMPLES,EXACT_KEY_OBSERVED,tracking,0,1460,"(1452948046641, 4, 18110031447199154478, 2, 3, 10, 1457)",1,135735066638878,1,44568000000,1,134613087549345,0,0,0,12000000,PAIRED_ROS_CLOCK
C_SHARED_SIM_CLOCK_11008_MONOTONE_SAMPLES,EXACT_KEY_OBSERVED,tracking,0,1461,"(1452948046641, 4, 18110031447199154478, 2, 3, 10, 1458)",1,135735066638878,1,44584000000,1,134613087549345,0,0,0,12000000,PAIRED_ROS_CLOCK
C_SHARED_SIM_CLOCK_11008_MONOTONE_SAMPLES,EXACT_KEY_OBSERVED,tracking,0,1462,"(1452948046641, 4, 18110031447199154478, 2, 3, 10, 1459)",1,135735066638878,1,44600000000,1,134613087549345,0,0,0,12000000,PAIRED_ROS_CLOCK
C_SHARED_SIM_CLOCK_11008_MONOTONE_SAMPLES,EXACT_KEY_OBSERVED,tracking,0,1463,"(1452948046641, 4, 18110031447199154478, 2, 3, 10, 1460)",1,135735066638878,1,44616000000,1,134613087549345,0,0,0,12000000,PAIRED_ROS_CLOCK
C_SHARED_SIM_CLOCK_11008_MONOTONE_SAMPLES,EXACT_KEY_OBSERVED,tracking,0,1464,"(1452948046641, 4, 18110031447199154478, 2, 3, 10, 1461)",1,135735066638878,1,44632000000,1,134613087549345,0,0,0,12000000,PAIRED_ROS_CLOCK
C_SHARED_SIM_CLOCK_11008_MONOTONE_SAMPLES,EXACT_KEY_OBSERVED,tracking,0,1465,"(1452948046641, 4, 18110031447199154478, 2, 3, 10, 1462)",1,135735066638878,1,44648000000,1,134613087549345,0,0,0,12000000,PAIRED_ROS_CLOCK
C_SHARED_SIM_CLOCK_11008_MONOTONE_SAMPLES,EXACT_KEY_OBSERVED,tracking,0,1466,"(1452948046641, 4, 18110031447199154478, 2, 3, 10, 1463)",1,135735066638878,1,44664000000,1,134613087549345,0,0,0,12000000,PAIRED_ROS_CLOCK
C_SHARED_SIM_CLOCK_11008_MONOTONE_SAMPLES,EXACT_KEY_OBSERVED,tracking,0,1467,"(1452948046641, 4, 18110031447199154478, 2, 3, 10, 1464)",1,135735066638878,1,44680000000,1,134613087549345,0,0,0,12000000,PAIRED_ROS_CLOCK
C_SHARED_SIM_CLOCK_11008_MONOTONE_SAMPLES,EXACT_KEY_OBSERVED,tracking,0,1468,"(1452948046641, 4, 18110031447199154478, 2, 3, 10, 1465)",1,135735066638878,1,44696000000,1,134613087549345,0,0,0,12000000,PAIRED_ROS_CLOCK
C_SHARED_SIM_CLOCK_11008_MONOTONE_SAMPLES,EXACT_KEY_OBSERVED,tracking,0,1469,"(1452948046641, 4, 18110031447199154478, 2, 3, 10, 1466)",1,135735066638878,1,44712000000,1,134613087549345,0,0,0,12000000,PAIRED_ROS_CLOCK
C_SHARED_SIM_CLOCK_11008_MONOTONE_SAMPLES,EXACT_KEY_OBSERVED,tracking,0,1470,"(1452948046641, 4, 18110031447199154478, 2, 3, 10, 1467)",1,135735066638878,1,44728000000,1,134613087549345,0,0,0,12000000,PAIRED_ROS_CLOCK
C_SHARED_SIM_CLOCK_11008_MONOTONE_SAMPLES,EXACT_KEY_OBSERVED,tracking,0,1471,"(1452948046641, 4, 18110031447199154478, 2, 3, 10, 1468)",1,135735066638878,1,44744000000,1,134613087549345,0,0,0,12000000,PAIRED_ROS_CLOCK
C_SHARED_SIM_CLOCK_11008_MONOTONE_SAMPLES,EXACT_KEY_OBSERVED,tracking,0,1472,"(1452948046641, 4, 18110031447199154478, 2, 3, 10, 1469)",1,135735066638878,1,44760000000,1,134613087549345,0,0,0,12000000,PAIRED_ROS_CLOCK
C_SHARED_SIM_CLOCK_11008_MONOTONE_SAMPLES,EXACT_KEY_OBSERVED,tracking,0,1473,"(1452948046641, 4, 18110031447199154478, 2, 3, 10, 1470)",1,135735066638878,1,44776000000,1,134613087549345,0,0,0,12000000,PAIRED_ROS_CLOCK
C_SHARED_SIM_CLOCK_11008_MONOTONE_SAMPLES,EXACT_KEY_OBSERVED,tracking,0,1474,"(1452948046641, 4, 18110031447199154478, 2, 3, 10, 1471)",1,135735066638878,1,44792000000,1,134613087549345,0,0,0,12000000,PAIRED_ROS_CLOCK
C_SHARED_SIM_CLOCK_11008_MONOTONE_SAMPLES,EXACT_KEY_OBSERVED,tracking,0,1475,"(1452948046641, 4, 18110031447199154478, 2, 3, 10, 1472)",1,135735066638878,1,44808000000,1,134613087549345,0,0,0,12000000,PAIRED_ROS_CLOCK
C_SHARED_SIM_CLOCK_11008_MONOTONE_SAMPLES,EXACT_KEY_OBSERVED,tracking,0,1476,"(1452948046641, 4, 18110031447199154478, 2, 3, 10, 1473)",1,135735066638878,1,44824000000,1,134613087549345,0,0,0,12000000,PAIRED_ROS_CLOCK
C_SHARED_SIM_CLOCK_11008_MONOTONE_SAMPLES,EXACT_KEY_OBSERVED,tracking,0,1477,"(1452948046641, 4, 18110031447199154478, 2, 3, 10, 1474)",1,135735066638878,1,44840000000,1,134613087549345,0,0,0,12000000,PAIRED_ROS_CLOCK
C_SHARED_SIM_CLOCK_11008_MONOTONE_SAMPLES,EXACT_KEY_OBSERVED,tracking,0,1478,"(1452948046641, 4, 18110031447199154478, 2, 3, 10, 1475)",1,135735066638878,1,44856000000,1,134613087549345,0,0,0,12000000,PAIRED_ROS_CLOCK
C_SHARED_SIM_CLOCK_11008_MONOTONE_SAMPLES,EXACT_KEY_OBSERVED,tracking,0,1479,"(1452948046641, 4, 18110031447199154478, 2, 3, 10, 1476)",1,135735066638878,1,44872000000,1,134613087549345,0,0,0,12000000,PAIRED_ROS_CLOCK
C_SHARED_SIM_CLOCK_11008_MONOTONE_SAMPLES,EXACT_KEY_OBSERVED,tracking,0,1480,"(1452948046641, 4, 18110031447199154478, 2, 3, 10, 1477)",1,135735066638878,1,44888000000,1,134613087549345,0,0,0,12000000,PAIRED_ROS_CLOCK
C_SHARED_SIM_CLOCK_11008_MONOTONE_SAMPLES,EXACT_KEY_OBSERVED,tracking,0,1481,"(1452948046641, 4, 18110031447199154478, 2, 3, 10, 1478)",1,135735066638878,1,44904000000,1,134613087549345,0,0,0,12000000,PAIRED_ROS_CLOCK
C_SHARED_SIM_CLOCK_11008_MONOTONE_SAMPLES,EXACT_KEY_OBSERVED,tracking,0,1482,"(1452948046641, 4, 18110031447199154478, 2, 3, 10, 1479)",1,135735066638878,1,44920000000,1,134613087549345,0,0,0,12000000,PAIRED_ROS_CLOCK
C_SHARED_SIM_CLOCK_11008_MONOTONE_SAMPLES,EXACT_KEY_OBSERVED,tracking,0,1483,"(1452948046641, 4, 18110031447199154478, 2, 3, 10, 1480)",1,135735066638878,1,44936000000,1,134613087549345,0,0,0,12000000,PAIRED_ROS_CLOCK
C_SHARED_SIM_CLOCK_11008_MONOTONE_SAMPLES,EXACT_KEY_OBSERVED,tracking,0,1484,"(1452948046641, 4, 18110031447199154478, 2, 3, 10, 1481)",1,135735066638878,1,44952000000,1,134613087549345,0,0,0,12000000,PAIRED_ROS_CLOCK
C_SHARED_SIM_CLOCK_11008_MONOTONE_SAMPLES,EXACT_KEY_OBSERVED,tracking,0,1485,"(1452948046641, 4, 18110031447199154478, 2, 3, 10, 1482)",1,135735066638878,1,44968000000,1,134613087549345,0,0,0,12000000,PAIRED_ROS_CLOCK
C_SHARED_SIM_CLOCK_11008_MONOTONE_SAMPLES,EXACT_KEY_OBSERVED,tracking,0,1486,"(1452948046641, 4, 18110031447199154478, 2, 3, 10, 1483)",1,135735066638878,1,44984000000,1,134613087549345,0,0,0,12000000,PAIRED_ROS_CLOCK
C_SHARED_SIM_CLOCK_11008_MONOTONE_SAMPLES,EXACT_KEY_OBSERVED,tracking,0,1487,"(1452948046641, 4, 18110031447199154478, 2, 3, 10, 1484)",1,135735066638878,1,45000000000,1,134613087549345,0,0,0,12000000,PAIRED_ROS_CLOCK
C_SHARED_SIM_CLOCK_11008_MONOTONE_SAMPLES,EXACT_KEY_OBSERVED,tracking,0,1488,"(1452948046641, 4, 18110031447199154478, 2, 3, 10, 1485)",1,135735066638878,1,45016000000,1,134613087549345,0,0,0,12000000,PAIRED_ROS_CLOCK
C_SHARED_SIM_CLOCK_11008_MONOTONE_SAMPLES,EXACT_KEY_OBSERVED,tracking,0,1489,"(1452948046641, 4, 18110031447199154478, 2, 3, 10, 1486)",1,135735066638878,1,45032000000,1,134613087549345,0,0,0,12000000,PAIRED_ROS_CLOCK
C_SHARED_SIM_CLOCK_11008_MONOTONE_SAMPLES,EXACT_KEY_OBSERVED,tracking,0,1490,"(1452948046641, 4, 18110031447199154478, 2, 3, 10, 1487)",1,135735066638878,1,45048000000,1,134613087549345,0,0,0,12000000,PAIRED_ROS_CLOCK
C_SHARED_SIM_CLOCK_11008_MONOTONE_SAMPLES,EXACT_KEY_OBSERVED,tracking,0,1491,"(1452948046641, 4, 18110031447199154478, 2, 3, 10, 1488)",1,135735066638878,1,45064000000,1,134613087549345,0,0,0,12000000,PAIRED_ROS_CLOCK
C_SHARED_SIM_CLOCK_11008_MONOTONE_SAMPLES,EXACT_KEY_OBSERVED,tracking,0,1492,"(1452948046641, 4, 18110031447199154478, 2, 3, 10, 1489)",1,135735066638878,1,45080000000,1,134613087549345,0,0,0,12000000,PAIRED_ROS_CLOCK
C_SHARED_SIM_CLOCK_11008_MONOTONE_SAMPLES,EXACT_KEY_OBSERVED,tracking,0,1493,"(1452948046641, 4, 18110031447199154478, 2, 3, 10, 1490)",1,135735066638878,1,45096000000,1,134613087549345,0,0,0,12000000,PAIRED_ROS_CLOCK
C_SHARED_SIM_CLOCK_11008_MONOTONE_SAMPLES,EXACT_KEY_OBSERVED,tracking,0,1494,"(1452948046641, 4, 18110031447199154478, 2, 3, 10, 1491)",1,135735066638878,1,45112000000,1,134613087549345,0,0,0,12000000,PAIRED_ROS_CLOCK
C_SHARED_SIM_CLOCK_11008_MONOTONE_SAMPLES,EXACT_KEY_OBSERVED,tracking,0,1495,"(1452948046641, 4, 18110031447199154478, 2, 3, 10, 1492)",1,135735066638878,1,45128000000,1,134613087549345,0,0,0,12000000,PAIRED_ROS_CLOCK
C_SHARED_SIM_CLOCK_11008_MONOTONE_SAMPLES,EXACT_KEY_OBSERVED,tracking,0,1496,"(1452948046641, 4, 18110031447199154478, 2, 3, 10, 1493)",1,135735066638878,1,45144000000,1,134613087549345,0,0,0,12000000,PAIRED_ROS_CLOCK
C_SHARED_SIM_CLOCK_11008_MONOTONE_SAMPLES,EXACT_KEY_OBSERVED,tracking,0,1497,"(1452948046641, 4, 18110031447199154478, 2, 3, 10, 1494)",1,135735066638878,1,45160000000,1,134613087549345,0,0,0,12000000,PAIRED_ROS_CLOCK
C_SHARED_SIM_CLOCK_11008_MONOTONE_SAMPLES,EXACT_KEY_OBSERVED,tracking,0,1498,"(1452948046641, 4, 18110031447199154478, 2, 3, 10, 1495)",1,135735066638878,1,45176000000,1,134613087549345,0,0,0,12000000,PAIRED_ROS_CLOCK
C_SHARED_SIM_CLOCK_11008_MONOTONE_SAMPLES,EXACT_KEY_OBSERVED,tracking,0,1499,"(1452948046641, 4, 18110031447199154478, 2, 3, 10, 1496)",1,135735066638878,1,45192000000,1,134613087549345,0,0,0,12000000,PAIRED_ROS_CLOCK
C_SHARED_SIM_CLOCK_11008_MONOTONE_SAMPLES,EXACT_KEY_OBSERVED,tracking,0,1500,"(1452948046641, 4, 18110031447199154478, 2, 3, 10, 1497)",1,135735066638878,1,45208000000,1,134613087549345,0,0,0,12000000,PAIRED_ROS_CLOCK
C_SHARED_SIM_CLOCK_11008_MONOTONE_SAMPLES,EXACT_KEY_OBSERVED,tracking,0,1501,"(1452948046641, 4, 18110031447199154478, 2, 3, 10, 1498)",1,135735066638878,1,45224000000,1,134613087549345,0,0,0,12000000,PAIRED_ROS_CLOCK
C_SHARED_SIM_CLOCK_11008_MONOTONE_SAMPLES,EXACT_KEY_OBSERVED,tracking,0,1502,"(1452948046641, 4, 18110031447199154478, 2, 3, 10, 1499)",1,135735066638878,1,45240000000,1,134613087549345,0,0,0,12000000,PAIRED_ROS_CLOCK
C_SHARED_SIM_CLOCK_11008_MONOTONE_SAMPLES,EXACT_KEY_OBSERVED,tracking,0,1503,"(1452948046641, 4, 18110031447199154478, 2, 3, 10, 1500)",1,135735066638878,1,45256000000,1,134613087549345,0,0,0,12000000,PAIRED_ROS_CLOCK
C_SHARED_SIM_CLOCK_11008_MONOTONE_SAMPLES,EXACT_KEY_OBSERVED,tracking,0,1504,"(1452948046641, 4, 18110031447199154478, 2, 3, 10, 1501)",1,135735066638878,1,45272000000,1,134613087549345,0,0,0,12000000,PAIRED_ROS_CLOCK
C_SHARED_SIM_CLOCK_11008_MONOTONE_SAMPLES,EXACT_KEY_OBSERVED,tracking,0,1505,"(1452948046641, 4, 18110031447199154478, 2, 3, 10, 1502)",1,135735066638878,1,45288000000,1,134613087549345,0,0,0,12000000,PAIRED_ROS_CLOCK
C_SHARED_SIM_CLOCK_11008_MONOTONE_SAMPLES,EXACT_KEY_OBSERVED,tracking,0,1506,"(1452948046641, 4, 18110031447199154478, 2, 3, 10, 1503)",1,135735066638878,1,45304000000,1,134613087549345,0,0,0,12000000,PAIRED_ROS_CLOCK
C_SHARED_SIM_CLOCK_11008_MONOTONE_SAMPLES,EXACT_KEY_OBSERVED,tracking,0,1507,"(1452948046641, 4, 18110031447199154478, 2, 3, 10, 1504)",1,135735066638878,1,45320000000,1,134613087549345,0,0,0,12000000,PAIRED_ROS_CLOCK
C_SHARED_SIM_CLOCK_11008_MONOTONE_SAMPLES,EXACT_KEY_OBSERVED,tracking,0,1508,"(1452948046641, 4, 18110031447199154478, 2, 3, 10, 1505)",1,135735066638878,1,45336000000,1,134613087549345,0,0,0,12000000,PAIRED_ROS_CLOCK
C_SHARED_SIM_CLOCK_11008_MONOTONE_SAMPLES,EXACT_KEY_OBSERVED,tracking,0,1509,"(1452948046641, 4, 18110031447199154478, 2, 3, 10, 1506)",1,135735066638878,1,45352000000,1,134613087549345,0,0,0,12000000,PAIRED_ROS_CLOCK
C_SHARED_SIM_CLOCK_11008_MONOTONE_SAMPLES,EXACT_KEY_OBSERVED,tracking,0,1510,"(1452948046641, 4, 18110031447199154478, 2, 3, 10, 1507)",1,135735066638878,1,45368000000,1,134613087549345,0,0,0,12000000,PAIRED_ROS_CLOCK
C_SHARED_SIM_CLOCK_11008_MONOTONE_SAMPLES,EXACT_KEY_OBSERVED,tracking,0,1511,"(1452948046641, 4, 18110031447199154478, 2, 3, 10, 1508)",1,135735066638878,1,45384000000,1,134613087549345,0,0,0,12000000,PAIRED_ROS_CLOCK
C_SHARED_SIM_CLOCK_11008_MONOTONE_SAMPLES,EXACT_KEY_OBSERVED,tracking,0,1512,"(1452948046641, 4, 18110031447199154478, 2, 3, 10, 1509)",1,135735066638878,1,45400000000,1,134613087549345,0,0,0,12000000,PAIRED_ROS_CLOCK
C_SHARED_SIM_CLOCK_11008_MONOTONE_SAMPLES,EXACT_KEY_OBSERVED,tracking,0,1513,"(1452948046641, 4, 18110031447199154478, 2, 3, 10, 1510)",1,135735066638878,1,45416000000,1,134613087549345,0,0,0,12000000,PAIRED_ROS_CLOCK
C_SHARED_SIM_CLOCK_11008_MONOTONE_SAMPLES,EXACT_KEY_OBSERVED,tracking,0,1514,"(1452948046641, 4, 18110031447199154478, 2, 3, 10, 1511)",1,135735066638878,1,45432000000,1,134613087549345,0,0,0,12000000,PAIRED_ROS_CLOCK
C_SHARED_SIM_CLOCK_11008_MONOTONE_SAMPLES,EXACT_KEY_OBSERVED,tracking,0,1515,"(1452948046641, 4, 18110031447199154478, 2, 3, 10, 1512)",1,135735066638878,1,45448000000,1,134613087549345,0,0,0,12000000,PAIRED_ROS_CLOCK
C_SHARED_SIM_CLOCK_11008_MONOTONE_SAMPLES,EXACT_KEY_OBSERVED,tracking,0,1516,"(1452948046641, 4, 18110031447199154478, 2, 3, 10, 1513)",1,135735066638878,1,45464000000,1,134613087549345,0,0,0,12000000,PAIRED_ROS_CLOCK
C_SHARED_SIM_CLOCK_11008_MONOTONE_SAMPLES,EXACT_KEY_OBSERVED,tracking,0,1517,"(1452948046641, 4, 18110031447199154478, 2, 3, 10, 1514)",1,135735066638878,1,45480000000,1,134613087549345,0,0,0,12000000,PAIRED_ROS_CLOCK
C_SHARED_SIM_CLOCK_11008_MONOTONE_SAMPLES,EXACT_KEY_OBSERVED,tracking,0,1518,"(1452948046641, 4, 18110031447199154478, 2, 3, 10, 1515)",1,135735066638878,1,45496000000,1,134613087549345,0,0,0,12000000,PAIRED_ROS_CLOCK
C_SHARED_SIM_CLOCK_11008_MONOTONE_SAMPLES,EXACT_KEY_OBSERVED,tracking,0,1519,"(1452948046641, 4, 18110031447199154478, 2, 3, 10, 1516)",1,135735066638878,1,45512000000,1,134613087549345,0,0,0,12000000,PAIRED_ROS_CLOCK
C_SHARED_SIM_CLOCK_11008_MONOTONE_SAMPLES,EXACT_KEY_OBSERVED,tracking,0,1520,"(1452948046641, 4, 18110031447199154478, 2, 3, 10, 1517)",1,135735066638878,1,45528000000,1,134613087549345,0,0,0,12000000,PAIRED_ROS_CLOCK
C_SHARED_SIM_CLOCK_11008_MONOTONE_SAMPLES,EXACT_KEY_OBSERVED,tracking,0,1521,"(1452948046641, 4, 18110031447199154478, 2, 3, 10, 1518)",1,135735066638878,1,45544000000,1,134613087549345,0,0,0,12000000,PAIRED_ROS_CLOCK
C_SHARED_SIM_CLOCK_11008_MONOTONE_SAMPLES,EXACT_KEY_OBSERVED,tracking,0,1522,"(1452948046641, 4, 18110031447199154478, 2, 3, 10, 1519)",1,135735066638878,1,45560000000,1,134613087549345,0,0,0,12000000,PAIRED_ROS_CLOCK
C_SHARED_SIM_CLOCK_11008_MONOTONE_SAMPLES,EXACT_KEY_OBSERVED,tracking,0,1523,"(1452948046641, 4, 18110031447199154478, 2, 3, 10, 1520)",1,135735066638878,1,45576000000,1,134613087549345,0,0,0,12000000,PAIRED_ROS_CLOCK
C_SHARED_SIM_CLOCK_11008_MONOTONE_SAMPLES,EXACT_KEY_OBSERVED,tracking,0,1524,"(1452948046641, 4, 18110031447199154478, 2, 3, 10, 1521)",1,135735066638878,1,45592000000,1,134613087549345,0,0,0,12000000,PAIRED_ROS_CLOCK
C_SHARED_SIM_CLOCK_11008_MONOTONE_SAMPLES,EXACT_KEY_OBSERVED,tracking,0,1525,"(1452948046641, 4, 18110031447199154478, 2, 3, 10, 1522)",1,135735066638878,1,45608000000,1,134613087549345,0,0,0,12000000,PAIRED_ROS_CLOCK
C_SHARED_SIM_CLOCK_11008_MONOTONE_SAMPLES,EXACT_KEY_OBSERVED,tracking,0,1526,"(1452948046641, 4, 18110031447199154478, 2, 3, 10, 1523)",1,135735066638878,1,45624000000,1,134613087549345,0,0,0,12000000,PAIRED_ROS_CLOCK
C_SHARED_SIM_CLOCK_11008_MONOTONE_SAMPLES,EXACT_KEY_OBSERVED,tracking,0,1527,"(1452948046641, 4, 18110031447199154478, 2, 3, 10, 1524)",1,135735066638878,1,45640000000,1,134613087549345,0,0,0,12000000,PAIRED_ROS_CLOCK
C_SHARED_SIM_CLOCK_11008_MONOTONE_SAMPLES,EXACT_KEY_OBSERVED,tracking,0,1528,"(1452948046641, 4, 18110031447199154478, 2, 3, 10, 1525)",1,135735066638878,1,45656000000,1,134613087549345,0,0,0,12000000,PAIRED_ROS_CLOCK
C_SHARED_SIM_CLOCK_11008_MONOTONE_SAMPLES,EXACT_KEY_OBSERVED,tracking,0,1529,"(1452948046641, 4, 18110031447199154478, 2, 3, 10, 1526)",1,135735066638878,1,45672000000,1,134613087549345,0,0,0,12000000,PAIRED_ROS_CLOCK
C_SHARED_SIM_CLOCK_11008_MONOTONE_SAMPLES,EXACT_KEY_OBSERVED,tracking,0,1530,"(1452948046641, 4, 18110031447199154478, 2, 3, 10, 1527)",1,135735066638878,1,45688000000,1,134613087549345,0,0,0,12000000,PAIRED_ROS_CLOCK
C_SHARED_SIM_CLOCK_11008_MONOTONE_SAMPLES,EXACT_KEY_OBSERVED,tracking,0,1531,"(1452948046641, 4, 18110031447199154478, 2, 3, 10, 1528)",1,135735066638878,1,45704000000,1,134613087549345,0,0,0,12000000,PAIRED_ROS_CLOCK
C_SHARED_SIM_CLOCK_11008_MONOTONE_SAMPLES,EXACT_KEY_OBSERVED,tracking,0,1532,"(1452948046641, 4, 18110031447199154478, 2, 3, 10, 1529)",1,135735066638878,1,45720000000,1,134613087549345,0,0,0,12000000,PAIRED_ROS_CLOCK
C_SHARED_SIM_CLOCK_11008_MONOTONE_SAMPLES,EXACT_KEY_OBSERVED,tracking,0,1533,"(1452948046641, 4, 18110031447199154478, 2, 3, 10, 1530)",1,135735066638878,1,45736000000,1,134613087549345,0,0,0,12000000,PAIRED_ROS_CLOCK
C_SHARED_SIM_CLOCK_11008_MONOTONE_SAMPLES,EXACT_KEY_OBSERVED,tracking,0,1534,"(1452948046641, 4, 18110031447199154478, 2, 3, 10, 1531)",1,135735066638878,1,45752000000,1,134613087549345,0,0,0,12000000,PAIRED_ROS_CLOCK
C_SHARED_SIM_CLOCK_11008_MONOTONE_SAMPLES,EXACT_KEY_OBSERVED,tracking,0,1535,"(1452948046641, 4, 18110031447199154478, 2, 3, 10, 1532)",1,135735066638878,1,45768000000,1,134613087549345,0,0,0,12000000,PAIRED_ROS_CLOCK
C_SHARED_SIM_CLOCK_11008_MONOTONE_SAMPLES,EXACT_KEY_OBSERVED,tracking,0,1536,"(1452948046641, 4, 18110031447199154478, 2, 3, 10, 1533)",1,135735066638878,1,45784000000,1,134613087549345,0,0,0,12000000,PAIRED_ROS_CLOCK
C_SHARED_SIM_CLOCK_11008_MONOTONE_SAMPLES,EXACT_KEY_OBSERVED,tracking,0,1537,"(1452948046641, 4, 18110031447199154478, 2, 3, 10, 1534)",1,135735066638878,1,45800000000,1,134613087549345,0,0,0,12000000,PAIRED_ROS_CLOCK
C_SHARED_SIM_CLOCK_11008_MONOTONE_SAMPLES,EXACT_KEY_OBSERVED,tracking,0,1538,"(1452948046641, 4, 18110031447199154478, 2, 3, 10, 1535)",1,135735066638878,1,45816000000,1,134613087549345,0,0,0,12000000,PAIRED_ROS_CLOCK
C_SHARED_SIM_CLOCK_11008_MONOTONE_SAMPLES,EXACT_KEY_OBSERVED,tracking,0,1539,"(1452948046641, 4, 18110031447199154478, 2, 3, 10, 1536)",1,135735066638878,1,45832000000,1,134613087549345,0,0,0,12000000,PAIRED_ROS_CLOCK
C_SHARED_SIM_CLOCK_11008_MONOTONE_SAMPLES,EXACT_KEY_OBSERVED,tracking,0,1540,"(1452948046641, 4, 18110031447199154478, 2, 3, 10, 1537)",1,135735066638878,1,45848000000,1,134613087549345,0,0,0,12000000,PAIRED_ROS_CLOCK
C_SHARED_SIM_CLOCK_11008_MONOTONE_SAMPLES,EXACT_KEY_OBSERVED,tracking,0,1541,"(1452948046641, 4, 18110031447199154478, 2, 3, 10, 1538)",1,135735066638878,1,45864000000,1,134613087549345,0,0,0,12000000,PAIRED_ROS_CLOCK
C_SHARED_SIM_CLOCK_11008_MONOTONE_SAMPLES,EXACT_KEY_OBSERVED,tracking,0,1542,"(1452948046641, 4, 18110031447199154478, 2, 3, 10, 1539)",1,135735066638878,1,45880000000,1,134613087549345,0,0,0,12000000,PAIRED_ROS_CLOCK
C_SHARED_SIM_CLOCK_11008_MONOTONE_SAMPLES,EXACT_KEY_OBSERVED,tracking,0,1543,"(1452948046641, 4, 18110031447199154478, 2, 3, 10, 1540)",1,135735066638878,1,45896000000,1,134613087549345,0,0,0,12000000,PAIRED_ROS_CLOCK
C_SHARED_SIM_CLOCK_11008_MONOTONE_SAMPLES,EXACT_KEY_OBSERVED,tracking,0,1544,"(1452948046641, 4, 18110031447199154478, 2, 3, 10, 1541)",1,135735066638878,1,45912000000,1,134613087549345,0,0,0,12000000,PAIRED_ROS_CLOCK
C_SHARED_SIM_CLOCK_11008_MONOTONE_SAMPLES,EXACT_KEY_OBSERVED,tracking,0,1545,"(1452948046641, 4, 18110031447199154478, 2, 3, 10, 1542)",1,135735066638878,1,45928000000,1,134613087549345,0,0,0,12000000,PAIRED_ROS_CLOCK
C_SHARED_SIM_CLOCK_11008_MONOTONE_SAMPLES,EXACT_KEY_OBSERVED,tracking,0,1546,"(1452948046641, 4, 18110031447199154478, 2, 3, 10, 1543)",1,135735066638878,1,45944000000,1,134613087549345,0,0,0,12000000,PAIRED_ROS_CLOCK
C_SHARED_SIM_CLOCK_11008_MONOTONE_SAMPLES,EXACT_KEY_OBSERVED,tracking,0,1547,"(1452948046641, 4, 18110031447199154478, 2, 3, 10, 1544)",1,135735066638878,1,45960000000,1,134613087549345,0,0,0,12000000,PAIRED_ROS_CLOCK
C_SHARED_SIM_CLOCK_11008_MONOTONE_SAMPLES,EXACT_KEY_OBSERVED,tracking,0,1548,"(1452948046641, 4, 18110031447199154478, 2, 3, 10, 1545)",1,135735066638878,1,45976000000,1,134613087549345,0,0,0,12000000,PAIRED_ROS_CLOCK
C_SHARED_SIM_CLOCK_11008_MONOTONE_SAMPLES,EXACT_KEY_OBSERVED,tracking,0,1549,"(1452948046641, 4, 18110031447199154478, 2, 3, 10, 1546)",1,135735066638878,1,45992000000,1,134613087549345,0,0,0,12000000,PAIRED_ROS_CLOCK
C_SHARED_SIM_CLOCK_11008_MONOTONE_SAMPLES,EXACT_KEY_OBSERVED,tracking,0,1550,"(1452948046641, 4, 18110031447199154478, 2, 3, 10, 1547)",1,135735066638878,1,46008000000,1,134613087549345,0,0,0,12000000,PAIRED_ROS_CLOCK
C_SHARED_SIM_CLOCK_11008_MONOTONE_SAMPLES,EXACT_KEY_OBSERVED,tracking,0,1551,"(1452948046641, 4, 18110031447199154478, 2, 3, 10, 1548)",1,135735066638878,1,46024000000,1,134613087549345,0,0,0,12000000,PAIRED_ROS_CLOCK
C_SHARED_SIM_CLOCK_11008_MONOTONE_SAMPLES,EXACT_KEY_OBSERVED,tracking,0,1552,"(1452948046641, 4, 18110031447199154478, 2, 3, 10, 1549)",1,135735066638878,1,46040000000,1,134613087549345,0,0,0,12000000,PAIRED_ROS_CLOCK
C_SHARED_SIM_CLOCK_11008_MONOTONE_SAMPLES,EXACT_KEY_OBSERVED,tracking,0,1553,"(1452948046641, 4, 18110031447199154478, 2, 3, 10, 1550)",1,135735066638878,1,46056000000,1,134613087549345,0,0,0,12000000,PAIRED_ROS_CLOCK
C_SHARED_SIM_CLOCK_11008_MONOTONE_SAMPLES,EXACT_KEY_OBSERVED,tracking,0,1554,"(1452948046641, 4, 18110031447199154478, 2, 3, 10, 1551)",1,135735066638878,1,46072000000,1,134613087549345,0,0,0,12000000,PAIRED_ROS_CLOCK
C_SHARED_SIM_CLOCK_11008_MONOTONE_SAMPLES,EXACT_KEY_OBSERVED,tracking,0,1555,"(1452948046641, 4, 18110031447199154478, 2, 3, 10, 1552)",1,135735066638878,1,46088000000,1,134613087549345,0,0,0,12000000,PAIRED_ROS_CLOCK
C_SHARED_SIM_CLOCK_11008_MONOTONE_SAMPLES,EXACT_KEY_OBSERVED,tracking,0,1556,"(1452948046641, 4, 18110031447199154478, 2, 3, 10, 1553)",1,135735066638878,1,46104000000,1,134613087549345,0,0,0,12000000,PAIRED_ROS_CLOCK
C_SHARED_SIM_CLOCK_11008_MONOTONE_SAMPLES,EXACT_KEY_OBSERVED,tracking,0,1557,"(1452948046641, 4, 18110031447199154478, 2, 3, 10, 1554)",1,135735066638878,1,46120000000,1,134613087549345,0,0,0,12000000,PAIRED_ROS_CLOCK
C_SHARED_SIM_CLOCK_11008_MONOTONE_SAMPLES,EXACT_KEY_OBSERVED,tracking,0,1558,"(1452948046641, 4, 18110031447199154478, 2, 3, 10, 1555)",1,135735066638878,1,46136000000,1,134613087549345,0,0,0,12000000,PAIRED_ROS_CLOCK
C_SHARED_SIM_CLOCK_11008_MONOTONE_SAMPLES,EXACT_KEY_OBSERVED,tracking,0,1559,"(1452948046641, 4, 18110031447199154478, 2, 3, 10, 1556)",1,135735066638878,1,46152000000,1,134613087549345,0,0,0,12000000,PAIRED_ROS_CLOCK
C_SHARED_SIM_CLOCK_11008_MONOTONE_SAMPLES,EXACT_KEY_OBSERVED,tracking,0,1560,"(1452948046641, 4, 18110031447199154478, 2, 3, 10, 1557)",1,135735066638878,1,46168000000,1,134613087549345,0,0,0,12000000,PAIRED_ROS_CLOCK
C_SHARED_SIM_CLOCK_11008_MONOTONE_SAMPLES,EXACT_KEY_OBSERVED,tracking,0,1561,"(1452948046641, 4, 18110031447199154478, 2, 3, 10, 1558)",1,135735066638878,1,46184000000,1,134613087549345,0,0,0,12000000,PAIRED_ROS_CLOCK
C_SHARED_SIM_CLOCK_11008_MONOTONE_SAMPLES,EXACT_KEY_OBSERVED,tracking,0,1562,"(1452948046641, 4, 18110031447199154478, 2, 3, 10, 1559)",1,135735066638878,1,46200000000,1,134613087549345,0,0,0,12000000,PAIRED_ROS_CLOCK
C_SHARED_SIM_CLOCK_11008_MONOTONE_SAMPLES,EXACT_KEY_OBSERVED,tracking,0,1563,"(1452948046641, 4, 18110031447199154478, 2, 3, 10, 1560)",1,135735066638878,1,46216000000,1,134613087549345,0,0,0,12000000,PAIRED_ROS_CLOCK
C_SHARED_SIM_CLOCK_11008_MONOTONE_SAMPLES,EXACT_KEY_OBSERVED,tracking,0,1564,"(1452948046641, 4, 18110031447199154478, 2, 3, 10, 1561)",1,135735066638878,1,46232000000,1,134613087549345,0,0,0,12000000,PAIRED_ROS_CLOCK
C_SHARED_SIM_CLOCK_11008_MONOTONE_SAMPLES,EXACT_KEY_OBSERVED,tracking,0,1565,"(1452948046641, 4, 18110031447199154478, 2, 3, 10, 1562)",1,135735066638878,1,46248000000,1,134613087549345,0,0,0,12000000,PAIRED_ROS_CLOCK
C_SHARED_SIM_CLOCK_11008_MONOTONE_SAMPLES,EXACT_KEY_OBSERVED,tracking,0,1566,"(1452948046641, 4, 18110031447199154478, 2, 3, 10, 1563)",1,135735066638878,1,46264000000,1,134613087549345,0,0,0,12000000,PAIRED_ROS_CLOCK
C_SHARED_SIM_CLOCK_11008_MONOTONE_SAMPLES,EXACT_KEY_OBSERVED,tracking,0,1567,"(1452948046641, 4, 18110031447199154478, 2, 3, 10, 1564)",1,135735066638878,1,46280000000,1,134613087549345,0,0,0,12000000,PAIRED_ROS_CLOCK
C_SHARED_SIM_CLOCK_11008_MONOTONE_SAMPLES,EXACT_KEY_OBSERVED,tracking,0,1568,"(1452948046641, 4, 18110031447199154478, 2, 3, 10, 1565)",1,135735066638878,1,46296000000,1,134613087549345,0,0,0,12000000,PAIRED_ROS_CLOCK
C_SHARED_SIM_CLOCK_11008_MONOTONE_SAMPLES,EXACT_KEY_OBSERVED,tracking,0,1569,"(1452948046641, 4, 18110031447199154478, 2, 3, 10, 1566)",1,135735066638878,1,46312000000,1,134613087549345,0,0,0,12000000,PAIRED_ROS_CLOCK
C_SHARED_SIM_CLOCK_11008_MONOTONE_SAMPLES,EXACT_KEY_OBSERVED,tracking,0,1570,"(1452948046641, 4, 18110031447199154478, 2, 3, 10, 1567)",1,135735066638878,1,46328000000,1,134613087549345,0,0,0,12000000,PAIRED_ROS_CLOCK
C_SHARED_SIM_CLOCK_11008_MONOTONE_SAMPLES,EXACT_KEY_OBSERVED,tracking,0,1571,"(1452948046641, 4, 18110031447199154478, 2, 3, 10, 1568)",1,135735066638878,1,46344000000,1,134613087549345,0,0,0,12000000,PAIRED_ROS_CLOCK
C_SHARED_SIM_CLOCK_11008_MONOTONE_SAMPLES,EXACT_KEY_OBSERVED,tracking,0,1572,"(1452948046641, 4, 18110031447199154478, 2, 3, 10, 1569)",1,135735066638878,1,46360000000,1,134613087549345,0,0,0,12000000,PAIRED_ROS_CLOCK
C_SHARED_SIM_CLOCK_11008_MONOTONE_SAMPLES,EXACT_KEY_OBSERVED,tracking,0,1573,"(1452948046641, 4, 18110031447199154478, 2, 3, 10, 1570)",1,135735066638878,1,46376000000,1,134613087549345,0,0,0,12000000,PAIRED_ROS_CLOCK
C_SHARED_SIM_CLOCK_11008_MONOTONE_SAMPLES,EXACT_KEY_OBSERVED,tracking,0,1574,"(1452948046641, 4, 18110031447199154478, 2, 3, 10, 1571)",1,135735066638878,1,46392000000,1,134613087549345,0,0,0,12000000,PAIRED_ROS_CLOCK
C_SHARED_SIM_CLOCK_11008_MONOTONE_SAMPLES,EXACT_KEY_OBSERVED,tracking,0,1575,"(1452948046641, 4, 18110031447199154478, 2, 3, 10, 1572)",1,135735066638878,1,46408000000,1,134613087549345,0,0,0,12000000,PAIRED_ROS_CLOCK
C_SHARED_SIM_CLOCK_11008_MONOTONE_SAMPLES,EXACT_KEY_OBSERVED,tracking,0,1576,"(1452948046641, 4, 18110031447199154478, 2, 3, 10, 1573)",1,135735066638878,1,46424000000,1,134613087549345,0,0,0,12000000,PAIRED_ROS_CLOCK
C_SHARED_SIM_CLOCK_11008_MONOTONE_SAMPLES,EXACT_KEY_OBSERVED,tracking,0,1577,"(1452948046641, 4, 18110031447199154478, 2, 3, 10, 1574)",1,135735066638878,1,46440000000,1,134613087549345,0,0,0,12000000,PAIRED_ROS_CLOCK
C_SHARED_SIM_CLOCK_11008_MONOTONE_SAMPLES,EXACT_KEY_OBSERVED,tracking,0,1578,"(1452948046641, 4, 18110031447199154478, 2, 3, 10, 1575)",1,135735066638878,1,46456000000,1,134613087549345,0,0,0,12000000,PAIRED_ROS_CLOCK
C_SHARED_SIM_CLOCK_11008_MONOTONE_SAMPLES,EXACT_KEY_OBSERVED,tracking,0,1579,"(1452948046641, 4, 18110031447199154478, 2, 3, 10, 1576)",1,135735066638878,1,46472000000,1,134613087549345,0,0,0,12000000,PAIRED_ROS_CLOCK
C_SHARED_SIM_CLOCK_11008_MONOTONE_SAMPLES,EXACT_KEY_OBSERVED,tracking,0,1580,"(1452948046641, 4, 18110031447199154478, 2, 3, 10, 1577)",1,135735066638878,1,46488000000,1,134613087549345,0,0,0,12000000,PAIRED_ROS_CLOCK
C_SHARED_SIM_CLOCK_11008_MONOTONE_SAMPLES,EXACT_KEY_OBSERVED,tracking,0,1581,"(1452948046641, 4, 18110031447199154478, 2, 3, 10, 1578)",1,135735066638878,1,46504000000,1,134613087549345,0,0,0,12000000,PAIRED_ROS_CLOCK
C_SHARED_SIM_CLOCK_11008_MONOTONE_SAMPLES,EXACT_KEY_OBSERVED,tracking,0,1582,"(1452948046641, 4, 18110031447199154478, 2, 3, 10, 1579)",1,135735066638878,1,46520000000,1,134613087549345,0,0,0,12000000,PAIRED_ROS_CLOCK
C_SHARED_SIM_CLOCK_11008_MONOTONE_SAMPLES,EXACT_KEY_OBSERVED,tracking,0,1583,"(1452948046641, 4, 18110031447199154478, 2, 3, 10, 1580)",1,135735066638878,1,46536000000,1,134613087549345,0,0,0,12000000,PAIRED_ROS_CLOCK
C_SHARED_SIM_CLOCK_11008_MONOTONE_SAMPLES,EXACT_KEY_OBSERVED,tracking,0,1584,"(1452948046641, 4, 18110031447199154478, 2, 3, 10, 1581)",1,135735066638878,1,46552000000,1,134613087549345,0,0,0,12000000,PAIRED_ROS_CLOCK
C_SHARED_SIM_CLOCK_11008_MONOTONE_SAMPLES,EXACT_KEY_OBSERVED,tracking,0,1585,"(1452948046641, 4, 18110031447199154478, 2, 3, 10, 1582)",1,135735066638878,1,46568000000,1,134613087549345,0,0,0,12000000,PAIRED_ROS_CLOCK
C_SHARED_SIM_CLOCK_11008_MONOTONE_SAMPLES,EXACT_KEY_OBSERVED,tracking,0,1586,"(1452948046641, 4, 18110031447199154478, 2, 3, 10, 1583)",1,135735066638878,1,46584000000,1,134613087549345,0,0,0,12000000,PAIRED_ROS_CLOCK
C_SHARED_SIM_CLOCK_11008_MONOTONE_SAMPLES,EXACT_KEY_OBSERVED,tracking,0,1587,"(1452948046641, 4, 18110031447199154478, 2, 3, 10, 1584)",1,135735066638878,1,46600000000,1,134613087549345,0,0,0,12000000,PAIRED_ROS_CLOCK
C_SHARED_SIM_CLOCK_11008_MONOTONE_SAMPLES,EXACT_KEY_OBSERVED,tracking,0,1588,"(1452948046641, 4, 18110031447199154478, 2, 3, 10, 1585)",1,135735066638878,1,46616000000,1,134613087549345,0,0,0,12000000,PAIRED_ROS_CLOCK
C_SHARED_SIM_CLOCK_11008_MONOTONE_SAMPLES,EXACT_KEY_OBSERVED,tracking,0,1589,"(1452948046641, 4, 18110031447199154478, 2, 3, 10, 1586)",1,135735066638878,1,46632000000,1,134613087549345,0,0,0,12000000,PAIRED_ROS_CLOCK
C_SHARED_SIM_CLOCK_11008_MONOTONE_SAMPLES,EXACT_KEY_OBSERVED,tracking,0,1590,"(1452948046641, 4, 18110031447199154478, 2, 3, 10, 1587)",1,135735066638878,1,46648000000,1,134613087549345,0,0,0,12000000,PAIRED_ROS_CLOCK
C_SHARED_SIM_CLOCK_11008_MONOTONE_SAMPLES,EXACT_KEY_OBSERVED,tracking,0,1591,"(1452948046641, 4, 18110031447199154478, 2, 3, 10, 1588)",1,135735066638878,1,46664000000,1,134613087549345,0,0,0,12000000,PAIRED_ROS_CLOCK
C_SHARED_SIM_CLOCK_11008_MONOTONE_SAMPLES,EXACT_KEY_OBSERVED,tracking,0,1592,"(1452948046641, 4, 18110031447199154478, 2, 3, 10, 1589)",1,135735066638878,1,46680000000,1,134613087549345,0,0,0,12000000,PAIRED_ROS_CLOCK
C_SHARED_SIM_CLOCK_11008_MONOTONE_SAMPLES,EXACT_KEY_OBSERVED,tracking,0,1593,"(1452948046641, 4, 18110031447199154478, 2, 3, 10, 1590)",1,135735066638878,1,46696000000,1,134613087549345,0,0,0,12000000,PAIRED_ROS_CLOCK
C_SHARED_SIM_CLOCK_11008_MONOTONE_SAMPLES,EXACT_KEY_OBSERVED,tracking,0,1594,"(1452948046641, 4, 18110031447199154478, 2, 3, 10, 1591)",1,135735066638878,1,46712000000,1,134613087549345,0,0,0,12000000,PAIRED_ROS_CLOCK
C_SHARED_SIM_CLOCK_11008_MONOTONE_SAMPLES,EXACT_KEY_OBSERVED,tracking,0,1595,"(1452948046641, 4, 18110031447199154478, 2, 3, 10, 1592)",1,135735066638878,1,46728000000,1,134613087549345,0,0,0,12000000,PAIRED_ROS_CLOCK
C_SHARED_SIM_CLOCK_11008_MONOTONE_SAMPLES,EXACT_KEY_OBSERVED,tracking,0,1596,"(1452948046641, 4, 18110031447199154478, 2, 3, 10, 1593)",1,135735066638878,1,46744000000,1,134613087549345,0,0,0,12000000,PAIRED_ROS_CLOCK
C_SHARED_SIM_CLOCK_11008_MONOTONE_SAMPLES,EXACT_KEY_OBSERVED,tracking,0,1597,"(1452948046641, 4, 18110031447199154478, 2, 3, 10, 1594)",1,135735066638878,1,46760000000,1,134613087549345,0,0,0,12000000,PAIRED_ROS_CLOCK
C_SHARED_SIM_CLOCK_11008_MONOTONE_SAMPLES,EXACT_KEY_OBSERVED,tracking,0,1598,"(1452948046641, 4, 18110031447199154478, 2, 3, 10, 1595)",1,135735066638878,1,46776000000,1,134613087549345,0,0,0,12000000,PAIRED_ROS_CLOCK
C_SHARED_SIM_CLOCK_11008_MONOTONE_SAMPLES,EXACT_KEY_OBSERVED,tracking,0,1599,"(1452948046641, 4, 18110031447199154478, 2, 3, 10, 1596)",1,135735066638878,1,46792000000,1,134613087549345,0,0,0,12000000,PAIRED_ROS_CLOCK
C_SHARED_SIM_CLOCK_11008_MONOTONE_SAMPLES,EXACT_KEY_OBSERVED,tracking,0,1600,"(1452948046641, 4, 18110031447199154478, 2, 3, 10, 1597)",1,135735066638878,1,46808000000,1,134613087549345,0,0,0,12000000,PAIRED_ROS_CLOCK
C_SHARED_SIM_CLOCK_11008_MONOTONE_SAMPLES,EXACT_KEY_OBSERVED,tracking,0,1601,"(1452948046641, 4, 18110031447199154478, 2, 3, 10, 1598)",1,135735066638878,1,46824000000,1,134613087549345,0,0,0,12000000,PAIRED_ROS_CLOCK
C_SHARED_SIM_CLOCK_11008_MONOTONE_SAMPLES,EXACT_KEY_OBSERVED,tracking,0,1602,"(1452948046641, 4, 18110031447199154478, 2, 3, 10, 1599)",1,135735066638878,1,46840000000,1,134613087549345,0,0,0,12000000,PAIRED_ROS_CLOCK
C_SHARED_SIM_CLOCK_11008_MONOTONE_SAMPLES,EXACT_KEY_OBSERVED,tracking,0,1603,"(1452948046641, 4, 18110031447199154478, 2, 3, 10, 1600)",1,135735066638878,1,46856000000,1,134613087549345,0,0,0,12000000,PAIRED_ROS_CLOCK
C_SHARED_SIM_CLOCK_11008_MONOTONE_SAMPLES,EXACT_KEY_OBSERVED,tracking,0,1604,"(1452948046641, 4, 18110031447199154478, 2, 3, 10, 1601)",1,135735066638878,1,46872000000,1,134613087549345,0,0,0,12000000,PAIRED_ROS_CLOCK
C_SHARED_SIM_CLOCK_11008_MONOTONE_SAMPLES,EXACT_KEY_OBSERVED,tracking,0,1605,"(1452948046641, 4, 18110031447199154478, 2, 3, 10, 1602)",1,135735066638878,1,46888000000,1,134613087549345,0,0,0,12000000,PAIRED_ROS_CLOCK
C_SHARED_SIM_CLOCK_11008_MONOTONE_SAMPLES,EXACT_KEY_OBSERVED,tracking,0,1606,"(1452948046641, 4, 18110031447199154478, 2, 3, 10, 1603)",1,135735066638878,1,46904000000,1,134613087549345,0,0,0,12000000,PAIRED_ROS_CLOCK
C_SHARED_SIM_CLOCK_11008_MONOTONE_SAMPLES,EXACT_KEY_OBSERVED,tracking,0,1607,"(1452948046641, 4, 18110031447199154478, 2, 3, 10, 1604)",1,135735066638878,1,46920000000,1,134613087549345,0,0,0,12000000,PAIRED_ROS_CLOCK
C_SHARED_SIM_CLOCK_11008_MONOTONE_SAMPLES,EXACT_KEY_OBSERVED,tracking,0,1608,"(1452948046641, 4, 18110031447199154478, 2, 3, 10, 1605)",1,135735066638878,1,46936000000,1,134613087549345,0,0,0,12000000,PAIRED_ROS_CLOCK
C_SHARED_SIM_CLOCK_11008_MONOTONE_SAMPLES,EXACT_KEY_OBSERVED,tracking,0,1609,"(1452948046641, 4, 18110031447199154478, 2, 3, 10, 1606)",1,135735066638878,1,46952000000,1,134613087549345,0,0,0,12000000,PAIRED_ROS_CLOCK
C_SHARED_SIM_CLOCK_11008_MONOTONE_SAMPLES,EXACT_KEY_OBSERVED,tracking,0,1610,"(1452948046641, 4, 18110031447199154478, 2, 3, 10, 1607)",1,135735066638878,1,46968000000,1,134613087549345,0,0,0,12000000,PAIRED_ROS_CLOCK
C_SHARED_SIM_CLOCK_11008_MONOTONE_SAMPLES,EXACT_KEY_OBSERVED,tracking,0,1611,"(1452948046641, 4, 18110031447199154478, 2, 3, 10, 1608)",1,135735066638878,1,46984000000,1,134613087549345,0,0,0,12000000,PAIRED_ROS_CLOCK
C_SHARED_SIM_CLOCK_11008_MONOTONE_SAMPLES,EXACT_KEY_OBSERVED,tracking,0,1612,"(1452948046641, 4, 18110031447199154478, 2, 3, 10, 1609)",1,135735066638878,1,47000000000,1,134613087549345,0,0,0,12000000,PAIRED_ROS_CLOCK
C_SHARED_SIM_CLOCK_11008_MONOTONE_SAMPLES,EXACT_KEY_OBSERVED,tracking,0,1613,"(1452948046641, 4, 18110031447199154478, 2, 3, 10, 1610)",1,135735066638878,1,47016000000,1,134613087549345,0,0,0,12000000,PAIRED_ROS_CLOCK
C_SHARED_SIM_CLOCK_11008_MONOTONE_SAMPLES,EXACT_KEY_OBSERVED,tracking,0,1614,"(1452948046641, 4, 18110031447199154478, 2, 3, 10, 1611)",1,135735066638878,1,47032000000,1,134613087549345,0,0,0,12000000,PAIRED_ROS_CLOCK
C_SHARED_SIM_CLOCK_11008_MONOTONE_SAMPLES,EXACT_KEY_OBSERVED,tracking,0,1615,"(1452948046641, 4, 18110031447199154478, 2, 3, 10, 1612)",1,135735066638878,1,47048000000,1,134613087549345,0,0,0,12000000,PAIRED_ROS_CLOCK
C_SHARED_SIM_CLOCK_11008_MONOTONE_SAMPLES,EXACT_KEY_OBSERVED,tracking,0,1616,"(1452948046641, 4, 18110031447199154478, 2, 3, 10, 1613)",1,135735066638878,1,47064000000,1,134613087549345,0,0,0,12000000,PAIRED_ROS_CLOCK
C_SHARED_SIM_CLOCK_11008_MONOTONE_SAMPLES,EXACT_KEY_OBSERVED,tracking,0,1617,"(1452948046641, 4, 18110031447199154478, 2, 3, 10, 1614)",1,135735066638878,1,47080000000,1,134613087549345,0,0,0,12000000,PAIRED_ROS_CLOCK
C_SHARED_SIM_CLOCK_11008_MONOTONE_SAMPLES,EXACT_KEY_OBSERVED,tracking,0,1618,"(1452948046641, 4, 18110031447199154478, 2, 3, 10, 1615)",1,135735066638878,1,47096000000,1,134613087549345,0,0,0,12000000,PAIRED_ROS_CLOCK
C_SHARED_SIM_CLOCK_11008_MONOTONE_SAMPLES,EXACT_KEY_OBSERVED,tracking,0,1619,"(1452948046641, 4, 18110031447199154478, 2, 3, 10, 1616)",1,135735066638878,1,47112000000,1,134613087549345,0,0,0,12000000,PAIRED_ROS_CLOCK
C_SHARED_SIM_CLOCK_11008_MONOTONE_SAMPLES,EXACT_KEY_OBSERVED,tracking,0,1620,"(1452948046641, 4, 18110031447199154478, 2, 3, 10, 1617)",1,135735066638878,1,47128000000,1,134613087549345,0,0,0,12000000,PAIRED_ROS_CLOCK
C_SHARED_SIM_CLOCK_11008_MONOTONE_SAMPLES,EXACT_KEY_OBSERVED,tracking,0,1621,"(1452948046641, 4, 18110031447199154478, 2, 3, 10, 1618)",1,135735066638878,1,47144000000,1,134613087549345,0,0,0,12000000,PAIRED_ROS_CLOCK
C_SHARED_SIM_CLOCK_11008_MONOTONE_SAMPLES,EXACT_KEY_OBSERVED,tracking,0,1622,"(1452948046641, 4, 18110031447199154478, 2, 3, 10, 1619)",1,135735066638878,1,47160000000,1,134613087549345,0,0,0,12000000,PAIRED_ROS_CLOCK
C_SHARED_SIM_CLOCK_11008_MONOTONE_SAMPLES,EXACT_KEY_OBSERVED,tracking,0,1623,"(1452948046641, 4, 18110031447199154478, 2, 3, 10, 1620)",1,135735066638878,1,47176000000,1,134613087549345,0,0,0,12000000,PAIRED_ROS_CLOCK
C_SHARED_SIM_CLOCK_11008_MONOTONE_SAMPLES,EXACT_KEY_OBSERVED,tracking,0,1624,"(1452948046641, 4, 18110031447199154478, 2, 3, 10, 1621)",1,135735066638878,1,47192000000,1,134613087549345,0,0,0,12000000,PAIRED_ROS_CLOCK
C_SHARED_SIM_CLOCK_11008_MONOTONE_SAMPLES,EXACT_KEY_OBSERVED,tracking,0,1625,"(1452948046641, 4, 18110031447199154478, 2, 3, 10, 1622)",1,135735066638878,1,47208000000,1,134613087549345,0,0,0,12000000,PAIRED_ROS_CLOCK
C_SHARED_SIM_CLOCK_11008_MONOTONE_SAMPLES,EXACT_KEY_OBSERVED,tracking,0,1626,"(1452948046641, 4, 18110031447199154478, 2, 3, 10, 1623)",1,135735066638878,1,47224000000,1,134613087549345,0,0,0,12000000,PAIRED_ROS_CLOCK
C_SHARED_SIM_CLOCK_11008_MONOTONE_SAMPLES,EXACT_KEY_OBSERVED,tracking,0,1627,"(1452948046641, 4, 18110031447199154478, 2, 3, 10, 1624)",1,135735066638878,1,47240000000,1,134613087549345,0,0,0,12000000,PAIRED_ROS_CLOCK
C_SHARED_SIM_CLOCK_11008_MONOTONE_SAMPLES,EXACT_KEY_OBSERVED,tracking,0,1628,"(1452948046641, 4, 18110031447199154478, 2, 3, 10, 1625)",1,135735066638878,1,47256000000,1,134613087549345,0,0,0,12000000,PAIRED_ROS_CLOCK
C_SHARED_SIM_CLOCK_11008_MONOTONE_SAMPLES,EXACT_KEY_OBSERVED,tracking,0,1629,"(1452948046641, 4, 18110031447199154478, 2, 3, 10, 1626)",1,135735066638878,1,47272000000,1,134613087549345,0,0,0,12000000,PAIRED_ROS_CLOCK
C_SHARED_SIM_CLOCK_11008_MONOTONE_SAMPLES,EXACT_KEY_OBSERVED,tracking,0,1630,"(1452948046641, 4, 18110031447199154478, 2, 3, 10, 1627)",1,135735066638878,1,47288000000,1,134613087549345,0,0,0,12000000,PAIRED_ROS_CLOCK
C_SHARED_SIM_CLOCK_11008_MONOTONE_SAMPLES,EXACT_KEY_OBSERVED,tracking,0,1631,"(1452948046641, 4, 18110031447199154478, 2, 3, 10, 1628)",1,135735066638878,1,47304000000,1,134613087549345,0,0,0,12000000,PAIRED_ROS_CLOCK
C_SHARED_SIM_CLOCK_11008_MONOTONE_SAMPLES,EXACT_KEY_OBSERVED,tracking,0,1632,"(1452948046641, 4, 18110031447199154478, 2, 3, 10, 1629)",1,135735066638878,1,47320000000,1,134613087549345,0,0,0,12000000,PAIRED_ROS_CLOCK
C_SHARED_SIM_CLOCK_11008_MONOTONE_SAMPLES,EXACT_KEY_OBSERVED,tracking,0,1633,"(1452948046641, 4, 18110031447199154478, 2, 3, 10, 1630)",1,135735066638878,1,47336000000,1,134613087549345,0,0,0,12000000,PAIRED_ROS_CLOCK
C_SHARED_SIM_CLOCK_11008_MONOTONE_SAMPLES,EXACT_KEY_OBSERVED,tracking,0,1634,"(1452948046641, 4, 18110031447199154478, 2, 3, 10, 1631)",1,135735066638878,1,47352000000,1,134613087549345,0,0,0,12000000,PAIRED_ROS_CLOCK
C_SHARED_SIM_CLOCK_11008_MONOTONE_SAMPLES,EXACT_KEY_OBSERVED,tracking,0,1635,"(1452948046641, 4, 18110031447199154478, 2, 3, 10, 1632)",1,135735066638878,1,47368000000,1,134613087549345,0,0,0,12000000,PAIRED_ROS_CLOCK
C_SHARED_SIM_CLOCK_11008_MONOTONE_SAMPLES,EXACT_KEY_OBSERVED,tracking,0,1636,"(1452948046641, 4, 18110031447199154478, 2, 3, 10, 1633)",1,135735066638878,1,47384000000,1,134613087549345,0,0,0,12000000,PAIRED_ROS_CLOCK
C_SHARED_SIM_CLOCK_11008_MONOTONE_SAMPLES,EXACT_KEY_OBSERVED,tracking,0,1637,"(1452948046641, 4, 18110031447199154478, 2, 3, 10, 1634)",1,135735066638878,1,47400000000,1,134613087549345,0,0,0,12000000,PAIRED_ROS_CLOCK
C_SHARED_SIM_CLOCK_11008_MONOTONE_SAMPLES,EXACT_KEY_OBSERVED,tracking,0,1638,"(1452948046641, 4, 18110031447199154478, 2, 3, 10, 1635)",1,135735066638878,1,47416000000,1,134613087549345,0,0,0,12000000,PAIRED_ROS_CLOCK
C_SHARED_SIM_CLOCK_11008_MONOTONE_SAMPLES,EXACT_KEY_OBSERVED,tracking,0,1639,"(1452948046641, 4, 18110031447199154478, 2, 3, 10, 1636)",1,135735066638878,1,47432000000,1,134613087549345,0,0,0,12000000,PAIRED_ROS_CLOCK
C_SHARED_SIM_CLOCK_11008_MONOTONE_SAMPLES,EXACT_KEY_OBSERVED,tracking,0,1640,"(1452948046641, 4, 18110031447199154478, 2, 3, 10, 1637)",1,135735066638878,1,47448000000,1,134613087549345,0,0,0,12000000,PAIRED_ROS_CLOCK
C_SHARED_SIM_CLOCK_11008_MONOTONE_SAMPLES,EXACT_KEY_OBSERVED,tracking,0,1641,"(1452948046641, 4, 18110031447199154478, 2, 3, 10, 1638)",1,135735066638878,1,47464000000,1,134613087549345,0,0,0,12000000,PAIRED_ROS_CLOCK
C_SHARED_SIM_CLOCK_11008_MONOTONE_SAMPLES,EXACT_KEY_OBSERVED,tracking,0,1642,"(1452948046641, 4, 18110031447199154478, 2, 3, 10, 1639)",1,135735066638878,1,47480000000,1,134613087549345,0,0,0,12000000,PAIRED_ROS_CLOCK
C_SHARED_SIM_CLOCK_11008_MONOTONE_SAMPLES,EXACT_KEY_OBSERVED,tracking,0,1643,"(1452948046641, 4, 18110031447199154478, 2, 3, 10, 1640)",1,135735066638878,1,47496000000,1,134613087549345,0,0,0,12000000,PAIRED_ROS_CLOCK
C_SHARED_SIM_CLOCK_11008_MONOTONE_SAMPLES,EXACT_KEY_OBSERVED,tracking,0,1644,"(1452948046641, 4, 18110031447199154478, 2, 3, 10, 1641)",1,135735066638878,1,47512000000,1,134613087549345,0,0,0,12000000,PAIRED_ROS_CLOCK
C_SHARED_SIM_CLOCK_11008_MONOTONE_SAMPLES,EXACT_KEY_OBSERVED,tracking,0,1645,"(1452948046641, 4, 18110031447199154478, 2, 3, 10, 1642)",1,135735066638878,1,47528000000,1,134613087549345,0,0,0,12000000,PAIRED_ROS_CLOCK
C_SHARED_SIM_CLOCK_11008_MONOTONE_SAMPLES,EXACT_KEY_OBSERVED,tracking,0,1646,"(1452948046641, 4, 18110031447199154478, 2, 3, 10, 1643)",1,135735066638878,1,47544000000,1,134613087549345,0,0,0,12000000,PAIRED_ROS_CLOCK
C_SHARED_SIM_CLOCK_11008_MONOTONE_SAMPLES,EXACT_KEY_OBSERVED,tracking,0,1647,"(1452948046641, 4, 18110031447199154478, 2, 3, 10, 1644)",1,135735066638878,1,47560000000,1,134613087549345,0,0,0,12000000,PAIRED_ROS_CLOCK
C_SHARED_SIM_CLOCK_11008_MONOTONE_SAMPLES,EXACT_KEY_OBSERVED,tracking,0,1648,"(1452948046641, 4, 18110031447199154478, 2, 3, 10, 1645)",1,135735066638878,1,47576000000,1,134613087549345,0,0,0,12000000,PAIRED_ROS_CLOCK
C_SHARED_SIM_CLOCK_11008_MONOTONE_SAMPLES,EXACT_KEY_OBSERVED,tracking,0,1649,"(1452948046641, 4, 18110031447199154478, 2, 3, 10, 1646)",1,135735066638878,1,47592000000,1,134613087549345,0,0,0,12000000,PAIRED_ROS_CLOCK
C_SHARED_SIM_CLOCK_11008_MONOTONE_SAMPLES,EXACT_KEY_OBSERVED,tracking,0,1650,"(1452948046641, 4, 18110031447199154478, 2, 3, 10, 1647)",1,135735066638878,1,47608000000,1,134613087549345,0,0,0,12000000,PAIRED_ROS_CLOCK
C_SHARED_SIM_CLOCK_11008_MONOTONE_SAMPLES,EXACT_KEY_OBSERVED,tracking,0,1651,"(1452948046641, 4, 18110031447199154478, 2, 3, 10, 1648)",1,135735066638878,1,47624000000,1,134613087549345,0,0,0,12000000,PAIRED_ROS_CLOCK
C_SHARED_SIM_CLOCK_11008_MONOTONE_SAMPLES,EXACT_KEY_OBSERVED,tracking,0,1652,"(1452948046641, 4, 18110031447199154478, 2, 3, 10, 1649)",1,135735066638878,1,47640000000,1,134613087549345,0,0,0,12000000,PAIRED_ROS_CLOCK
C_SHARED_SIM_CLOCK_11008_MONOTONE_SAMPLES,EXACT_KEY_OBSERVED,tracking,0,1653,"(1452948046641, 4, 18110031447199154478, 2, 3, 10, 1650)",1,135735066638878,1,47656000000,1,134613087549345,0,0,0,12000000,PAIRED_ROS_CLOCK
C_SHARED_SIM_CLOCK_11008_MONOTONE_SAMPLES,EXACT_KEY_OBSERVED,tracking,0,1654,"(1452948046641, 4, 18110031447199154478, 2, 3, 10, 1651)",1,135735066638878,1,47672000000,1,134613087549345,0,0,0,12000000,PAIRED_ROS_CLOCK
C_SHARED_SIM_CLOCK_11008_MONOTONE_SAMPLES,EXACT_KEY_OBSERVED,tracking,0,1655,"(1452948046641, 4, 18110031447199154478, 2, 3, 10, 1652)",1,135735066638878,1,47688000000,1,134613087549345,0,0,0,12000000,PAIRED_ROS_CLOCK
C_SHARED_SIM_CLOCK_11008_MONOTONE_SAMPLES,EXACT_KEY_OBSERVED,tracking,0,1656,"(1452948046641, 4, 18110031447199154478, 2, 3, 10, 1653)",1,135735066638878,1,47704000000,1,134613087549345,0,0,0,12000000,PAIRED_ROS_CLOCK
C_SHARED_SIM_CLOCK_11008_MONOTONE_SAMPLES,EXACT_KEY_OBSERVED,tracking,0,1657,"(1452948046641, 4, 18110031447199154478, 2, 3, 10, 1654)",1,135735066638878,1,47720000000,1,134613087549345,0,0,0,12000000,PAIRED_ROS_CLOCK
C_SHARED_SIM_CLOCK_11008_MONOTONE_SAMPLES,EXACT_KEY_OBSERVED,tracking,0,1658,"(1452948046641, 4, 18110031447199154478, 2, 3, 10, 1655)",1,135735066638878,1,47736000000,1,134613087549345,0,0,0,12000000,PAIRED_ROS_CLOCK
C_SHARED_SIM_CLOCK_11008_MONOTONE_SAMPLES,EXACT_KEY_OBSERVED,tracking,0,1659,"(1452948046641, 4, 18110031447199154478, 2, 3, 10, 1656)",1,135735066638878,1,47752000000,1,134613087549345,0,0,0,12000000,PAIRED_ROS_CLOCK
C_SHARED_SIM_CLOCK_11008_MONOTONE_SAMPLES,EXACT_KEY_OBSERVED,tracking,0,1660,"(1452948046641, 4, 18110031447199154478, 2, 3, 10, 1657)",1,135735066638878,1,47768000000,1,134613087549345,0,0,0,12000000,PAIRED_ROS_CLOCK
C_SHARED_SIM_CLOCK_11008_MONOTONE_SAMPLES,EXACT_KEY_OBSERVED,tracking,0,1661,"(1452948046641, 4, 18110031447199154478, 2, 3, 10, 1658)",1,135735066638878,1,47784000000,1,134613087549345,0,0,0,12000000,PAIRED_ROS_CLOCK
C_SHARED_SIM_CLOCK_11008_MONOTONE_SAMPLES,EXACT_KEY_OBSERVED,tracking,0,1662,"(1452948046641, 4, 18110031447199154478, 2, 3, 10, 1659)",1,135735066638878,1,47800000000,1,134613087549345,0,0,0,12000000,PAIRED_ROS_CLOCK
C_SHARED_SIM_CLOCK_11008_MONOTONE_SAMPLES,EXACT_KEY_OBSERVED,tracking,0,1663,"(1452948046641, 4, 18110031447199154478, 2, 3, 10, 1660)",1,135735066638878,1,47816000000,1,134613087549345,0,0,0,12000000,PAIRED_ROS_CLOCK
C_SHARED_SIM_CLOCK_11008_MONOTONE_SAMPLES,EXACT_KEY_OBSERVED,tracking,0,1664,"(1452948046641, 4, 18110031447199154478, 2, 3, 10, 1661)",1,135735066638878,1,47832000000,1,134613087549345,0,0,0,12000000,PAIRED_ROS_CLOCK
C_SHARED_SIM_CLOCK_11008_MONOTONE_SAMPLES,EXACT_KEY_OBSERVED,tracking,0,1665,"(1452948046641, 4, 18110031447199154478, 2, 3, 10, 1662)",1,135735066638878,1,47848000000,1,134613087549345,0,0,0,12000000,PAIRED_ROS_CLOCK
C_SHARED_SIM_CLOCK_11008_MONOTONE_SAMPLES,EXACT_KEY_OBSERVED,tracking,0,1666,"(1452948046641, 4, 18110031447199154478, 2, 3, 10, 1663)",1,135735066638878,1,47864000000,1,134613087549345,0,0,0,12000000,PAIRED_ROS_CLOCK
C_SHARED_SIM_CLOCK_11008_MONOTONE_SAMPLES,EXACT_KEY_OBSERVED,tracking,0,1667,"(1452948046641, 4, 18110031447199154478, 2, 3, 10, 1664)",1,135735066638878,1,47880000000,1,134613087549345,0,0,0,12000000,PAIRED_ROS_CLOCK
C_SHARED_SIM_CLOCK_11008_MONOTONE_SAMPLES,EXACT_KEY_OBSERVED,tracking,0,1668,"(1452948046641, 4, 18110031447199154478, 2, 3, 10, 1665)",1,135735066638878,1,47896000000,1,134613087549345,0,0,0,12000000,PAIRED_ROS_CLOCK
C_SHARED_SIM_CLOCK_11008_MONOTONE_SAMPLES,EXACT_KEY_OBSERVED,tracking,0,1669,"(1452948046641, 4, 18110031447199154478, 2, 3, 10, 1666)",1,135735066638878,1,47912000000,1,134613087549345,0,0,0,12000000,PAIRED_ROS_CLOCK
C_SHARED_SIM_CLOCK_11008_MONOTONE_SAMPLES,EXACT_KEY_OBSERVED,tracking,0,1670,"(1452948046641, 4, 18110031447199154478, 2, 3, 10, 1667)",1,135735066638878,1,47928000000,1,134613087549345,0,0,0,12000000,PAIRED_ROS_CLOCK
C_SHARED_SIM_CLOCK_11008_MONOTONE_SAMPLES,EXACT_KEY_OBSERVED,tracking,0,1671,"(1452948046641, 4, 18110031447199154478, 2, 3, 10, 1668)",1,135735066638878,1,47944000000,1,134613087549345,0,0,0,12000000,PAIRED_ROS_CLOCK
C_SHARED_SIM_CLOCK_11008_MONOTONE_SAMPLES,EXACT_KEY_OBSERVED,tracking,0,1672,"(1452948046641, 4, 18110031447199154478, 2, 3, 10, 1669)",1,135735066638878,1,47960000000,1,134613087549345,0,0,0,12000000,PAIRED_ROS_CLOCK
C_SHARED_SIM_CLOCK_11008_MONOTONE_SAMPLES,EXACT_KEY_OBSERVED,tracking,0,1673,"(1452948046641, 4, 18110031447199154478, 2, 3, 10, 1670)",1,135735066638878,1,47976000000,1,134613087549345,0,0,0,12000000,PAIRED_ROS_CLOCK
C_SHARED_SIM_CLOCK_11008_MONOTONE_SAMPLES,EXACT_KEY_OBSERVED,tracking,0,1674,"(1452948046641, 4, 18110031447199154478, 2, 3, 10, 1671)",1,135735066638878,1,47992000000,1,134613087549345,0,0,0,12000000,PAIRED_ROS_CLOCK
C_SHARED_SIM_CLOCK_11008_MONOTONE_SAMPLES,EXACT_KEY_OBSERVED,tracking,0,1675,"(1452948046641, 4, 18110031447199154478, 2, 3, 10, 1672)",1,135735066638878,1,48008000000,1,134613087549345,0,0,0,12000000,PAIRED_ROS_CLOCK
C_SHARED_SIM_CLOCK_11008_MONOTONE_SAMPLES,EXACT_KEY_OBSERVED,tracking,0,1676,"(1452948046641, 4, 18110031447199154478, 2, 3, 10, 1673)",1,135735066638878,1,48024000000,1,134613087549345,0,0,0,12000000,PAIRED_ROS_CLOCK
C_SHARED_SIM_CLOCK_11008_MONOTONE_SAMPLES,EXACT_KEY_OBSERVED,tracking,0,1677,"(1452948046641, 4, 18110031447199154478, 2, 3, 10, 1674)",1,135735066638878,1,48040000000,1,134613087549345,0,0,0,12000000,PAIRED_ROS_CLOCK
C_SHARED_SIM_CLOCK_11008_MONOTONE_SAMPLES,EXACT_KEY_OBSERVED,tracking,0,1678,"(1452948046641, 4, 18110031447199154478, 2, 3, 10, 1675)",1,135735066638878,1,48056000000,1,134613087549345,0,0,0,12000000,PAIRED_ROS_CLOCK
C_SHARED_SIM_CLOCK_11008_MONOTONE_SAMPLES,EXACT_KEY_OBSERVED,tracking,0,1679,"(1452948046641, 4, 18110031447199154478, 2, 3, 10, 1676)",1,135735066638878,1,48072000000,1,134613087549345,0,0,0,12000000,PAIRED_ROS_CLOCK
C_SHARED_SIM_CLOCK_11008_MONOTONE_SAMPLES,EXACT_KEY_OBSERVED,tracking,0,1680,"(1452948046641, 4, 18110031447199154478, 2, 3, 10, 1677)",1,135735066638878,1,48088000000,1,134613087549345,0,0,0,12000000,PAIRED_ROS_CLOCK
C_SHARED_SIM_CLOCK_11008_MONOTONE_SAMPLES,EXACT_KEY_OBSERVED,tracking,0,1681,"(1452948046641, 4, 18110031447199154478, 2, 3, 10, 1678)",1,135735066638878,1,48104000000,1,134613087549345,0,0,0,12000000,PAIRED_ROS_CLOCK
C_SHARED_SIM_CLOCK_11008_MONOTONE_SAMPLES,EXACT_KEY_OBSERVED,tracking,0,1682,"(1452948046641, 4, 18110031447199154478, 2, 3, 10, 1679)",1,135735066638878,1,48120000000,1,134613087549345,0,0,0,12000000,PAIRED_ROS_CLOCK
C_SHARED_SIM_CLOCK_11008_MONOTONE_SAMPLES,EXACT_KEY_OBSERVED,tracking,0,1683,"(1452948046641, 4, 18110031447199154478, 2, 3, 10, 1680)",1,135735066638878,1,48136000000,1,134613087549345,0,0,0,12000000,PAIRED_ROS_CLOCK
C_SHARED_SIM_CLOCK_11008_MONOTONE_SAMPLES,EXACT_KEY_OBSERVED,tracking,0,1684,"(1452948046641, 4, 18110031447199154478, 2, 3, 10, 1681)",1,135735066638878,1,48152000000,1,134613087549345,0,0,0,12000000,PAIRED_ROS_CLOCK
C_SHARED_SIM_CLOCK_11008_MONOTONE_SAMPLES,EXACT_KEY_OBSERVED,tracking,0,1685,"(1452948046641, 4, 18110031447199154478, 2, 3, 10, 1682)",1,135735066638878,1,48168000000,1,134613087549345,0,0,0,12000000,PAIRED_ROS_CLOCK
C_SHARED_SIM_CLOCK_11008_MONOTONE_SAMPLES,EXACT_KEY_OBSERVED,tracking,0,1686,"(1452948046641, 4, 18110031447199154478, 2, 3, 10, 1683)",1,135735066638878,1,48184000000,1,134613087549345,0,0,0,12000000,PAIRED_ROS_CLOCK
C_SHARED_SIM_CLOCK_11008_MONOTONE_SAMPLES,EXACT_KEY_OBSERVED,tracking,0,1687,"(1452948046641, 4, 18110031447199154478, 2, 3, 10, 1684)",1,135735066638878,1,48200000000,1,134613087549345,0,0,0,12000000,PAIRED_ROS_CLOCK
C_SHARED_SIM_CLOCK_11008_MONOTONE_SAMPLES,EXACT_KEY_OBSERVED,tracking,0,1688,"(1452948046641, 4, 18110031447199154478, 2, 3, 10, 1685)",1,135735066638878,1,48216000000,1,134613087549345,0,0,0,12000000,PAIRED_ROS_CLOCK
C_SHARED_SIM_CLOCK_11008_MONOTONE_SAMPLES,EXACT_KEY_OBSERVED,tracking,0,1689,"(1452948046641, 4, 18110031447199154478, 2, 3, 10, 1686)",1,135735066638878,1,48232000000,1,134613087549345,0,0,0,12000000,PAIRED_ROS_CLOCK
C_SHARED_SIM_CLOCK_11008_MONOTONE_SAMPLES,EXACT_KEY_OBSERVED,tracking,0,1690,"(1452948046641, 4, 18110031447199154478, 2, 3, 10, 1687)",1,135735066638878,1,48248000000,1,134613087549345,0,0,0,12000000,PAIRED_ROS_CLOCK
C_SHARED_SIM_CLOCK_11008_MONOTONE_SAMPLES,EXACT_KEY_OBSERVED,tracking,0,1691,"(1452948046641, 4, 18110031447199154478, 2, 3, 10, 1688)",1,135735066638878,1,48264000000,1,134613087549345,0,0,0,12000000,PAIRED_ROS_CLOCK
C_SHARED_SIM_CLOCK_11008_MONOTONE_SAMPLES,EXACT_KEY_OBSERVED,tracking,0,1692,"(1452948046641, 4, 18110031447199154478, 2, 3, 10, 1689)",1,135735066638878,1,48280000000,1,134613087549345,0,0,0,12000000,PAIRED_ROS_CLOCK
C_SHARED_SIM_CLOCK_11008_MONOTONE_SAMPLES,EXACT_KEY_OBSERVED,tracking,0,1693,"(1452948046641, 4, 18110031447199154478, 2, 3, 10, 1690)",1,135735066638878,1,48296000000,1,134613087549345,0,0,0,12000000,PAIRED_ROS_CLOCK
C_SHARED_SIM_CLOCK_11008_MONOTONE_SAMPLES,EXACT_KEY_OBSERVED,tracking,0,1694,"(1452948046641, 4, 18110031447199154478, 2, 3, 10, 1691)",1,135735066638878,1,48312000000,1,134613087549345,0,0,0,12000000,PAIRED_ROS_CLOCK
C_SHARED_SIM_CLOCK_11008_MONOTONE_SAMPLES,EXACT_KEY_OBSERVED,tracking,0,1695,"(1452948046641, 4, 18110031447199154478, 2, 3, 10, 1692)",1,135735066638878,1,48328000000,1,134613087549345,0,0,0,12000000,PAIRED_ROS_CLOCK
C_SHARED_SIM_CLOCK_11008_MONOTONE_SAMPLES,EXACT_KEY_OBSERVED,tracking,0,1696,"(1452948046641, 4, 18110031447199154478, 2, 3, 10, 1693)",1,135735066638878,1,48344000000,1,134613087549345,0,0,0,12000000,PAIRED_ROS_CLOCK
C_SHARED_SIM_CLOCK_11008_MONOTONE_SAMPLES,EXACT_KEY_OBSERVED,tracking,0,1697,"(1452948046641, 4, 18110031447199154478, 2, 3, 10, 1694)",1,135735066638878,1,48360000000,1,134613087549345,0,0,0,12000000,PAIRED_ROS_CLOCK
C_SHARED_SIM_CLOCK_11008_MONOTONE_SAMPLES,EXACT_KEY_OBSERVED,tracking,0,1698,"(1452948046641, 5, 18110031447199154478, 3, 4, 12, 1695)",1,135735066638878,1,48376000000,1,134613087549345,0,0,0,12000000,PAIRED_ROS_CLOCK
C_SHARED_SIM_CLOCK_11008_MONOTONE_SAMPLES,EXACT_KEY_OBSERVED,tracking,0,1699,"(1452948046641, 5, 18110031447199154478, 3, 4, 12, 1696)",1,135735066638878,1,48392000000,1,134613087549345,0,0,0,12000000,PAIRED_ROS_CLOCK
C_SHARED_SIM_CLOCK_11008_MONOTONE_SAMPLES,EXACT_KEY_OBSERVED,tracking,0,1700,"(1452948046641, 5, 18110031447199154478, 3, 4, 12, 1697)",1,135735066638878,1,48408000000,1,134613087549345,0,0,0,12000000,PAIRED_ROS_CLOCK
C_SHARED_SIM_CLOCK_11008_MONOTONE_SAMPLES,EXACT_KEY_OBSERVED,tracking,0,1701,"(1452948046641, 5, 18110031447199154478, 3, 4, 12, 1698)",1,135735066638878,1,48424000000,1,134613087549345,0,0,0,12000000,PAIRED_ROS_CLOCK
C_SHARED_SIM_CLOCK_11008_MONOTONE_SAMPLES,EXACT_KEY_OBSERVED,tracking,0,1702,"(1452948046641, 5, 18110031447199154478, 3, 4, 12, 1699)",1,135735066638878,1,48440000000,1,134613087549345,0,0,0,12000000,PAIRED_ROS_CLOCK
C_SHARED_SIM_CLOCK_11008_MONOTONE_SAMPLES,EXACT_KEY_OBSERVED,tracking,0,1703,"(1452948046641, 5, 18110031447199154478, 3, 4, 12, 1700)",1,135735066638878,1,48456000000,1,134613087549345,0,0,0,12000000,PAIRED_ROS_CLOCK
C_SHARED_SIM_CLOCK_11008_MONOTONE_SAMPLES,EXACT_KEY_OBSERVED,tracking,0,1704,"(1452948046641, 5, 18110031447199154478, 3, 4, 12, 1701)",1,135735066638878,1,48472000000,1,134613087549345,0,0,0,12000000,PAIRED_ROS_CLOCK
C_SHARED_SIM_CLOCK_11008_MONOTONE_SAMPLES,EXACT_KEY_OBSERVED,tracking,0,1705,"(1452948046641, 5, 18110031447199154478, 3, 4, 12, 1702)",1,135735066638878,1,48488000000,1,134613087549345,0,0,0,12000000,PAIRED_ROS_CLOCK
C_SHARED_SIM_CLOCK_11008_MONOTONE_SAMPLES,EXACT_KEY_OBSERVED,tracking,0,1706,"(1452948046641, 5, 18110031447199154478, 3, 4, 12, 1703)",1,135735066638878,1,48504000000,1,134613087549345,0,0,0,12000000,PAIRED_ROS_CLOCK
C_SHARED_SIM_CLOCK_11008_MONOTONE_SAMPLES,EXACT_KEY_OBSERVED,tracking,0,1707,"(1452948046641, 5, 18110031447199154478, 3, 4, 12, 1704)",1,135735066638878,1,48520000000,1,134613087549345,0,0,0,12000000,PAIRED_ROS_CLOCK
C_SHARED_SIM_CLOCK_11008_MONOTONE_SAMPLES,EXACT_KEY_OBSERVED,tracking,0,1708,"(1452948046641, 5, 18110031447199154478, 3, 4, 12, 1705)",1,135735066638878,1,48536000000,1,134613087549345,0,0,0,12000000,PAIRED_ROS_CLOCK
C_SHARED_SIM_CLOCK_11008_MONOTONE_SAMPLES,EXACT_KEY_OBSERVED,tracking,0,1709,"(1452948046641, 5, 18110031447199154478, 3, 4, 12, 1706)",1,135735066638878,1,48552000000,1,134613087549345,0,0,0,12000000,PAIRED_ROS_CLOCK
C_SHARED_SIM_CLOCK_11008_MONOTONE_SAMPLES,EXACT_KEY_OBSERVED,tracking,0,1710,"(1452948046641, 5, 18110031447199154478, 3, 4, 12, 1707)",1,135735066638878,1,48568000000,1,134613087549345,0,0,0,12000000,PAIRED_ROS_CLOCK
C_SHARED_SIM_CLOCK_11008_MONOTONE_SAMPLES,EXACT_KEY_OBSERVED,tracking,0,1711,"(1452948046641, 5, 18110031447199154478, 3, 4, 12, 1708)",1,135735066638878,1,48584000000,1,134613087549345,0,0,0,12000000,PAIRED_ROS_CLOCK
C_SHARED_SIM_CLOCK_11008_MONOTONE_SAMPLES,EXACT_KEY_OBSERVED,tracking,0,1712,"(1452948046641, 5, 18110031447199154478, 3, 4, 12, 1709)",1,135735066638878,1,48600000000,1,134613087549345,0,0,0,12000000,PAIRED_ROS_CLOCK
C_SHARED_SIM_CLOCK_11008_MONOTONE_SAMPLES,EXACT_KEY_OBSERVED,tracking,0,1713,"(1452948046641, 5, 18110031447199154478, 3, 4, 12, 1710)",1,135735066638878,1,48616000000,1,134613087549345,0,0,0,12000000,PAIRED_ROS_CLOCK
C_SHARED_SIM_CLOCK_11008_MONOTONE_SAMPLES,EXACT_KEY_OBSERVED,tracking,0,1714,"(1452948046641, 5, 18110031447199154478, 3, 4, 12, 1711)",1,135735066638878,1,48632000000,1,134613087549345,0,0,0,12000000,PAIRED_ROS_CLOCK
C_SHARED_SIM_CLOCK_11008_MONOTONE_SAMPLES,EXACT_KEY_OBSERVED,tracking,0,1715,"(1452948046641, 5, 18110031447199154478, 3, 4, 12, 1712)",1,135735066638878,1,48648000000,1,134613087549345,0,0,0,12000000,PAIRED_ROS_CLOCK
C_SHARED_SIM_CLOCK_11008_MONOTONE_SAMPLES,EXACT_KEY_OBSERVED,tracking,0,1716,"(1452948046641, 5, 18110031447199154478, 3, 4, 12, 1713)",1,135735066638878,1,48664000000,1,134613087549345,0,0,0,12000000,PAIRED_ROS_CLOCK
C_SHARED_SIM_CLOCK_11008_MONOTONE_SAMPLES,EXACT_KEY_OBSERVED,tracking,0,1717,"(1452948046641, 5, 18110031447199154478, 3, 4, 12, 1714)",1,135735066638878,1,48680000000,1,134613087549345,0,0,0,12000000,PAIRED_ROS_CLOCK
C_SHARED_SIM_CLOCK_11008_MONOTONE_SAMPLES,EXACT_KEY_OBSERVED,tracking,0,1718,"(1452948046641, 5, 18110031447199154478, 3, 4, 12, 1715)",1,135735066638878,1,48696000000,1,134613087549345,0,0,0,12000000,PAIRED_ROS_CLOCK
C_SHARED_SIM_CLOCK_11008_MONOTONE_SAMPLES,EXACT_KEY_OBSERVED,tracking,0,1719,"(1452948046641, 5, 18110031447199154478, 3, 4, 12, 1716)",1,135735066638878,1,48712000000,1,134613087549345,0,0,0,12000000,PAIRED_ROS_CLOCK
C_SHARED_SIM_CLOCK_11008_MONOTONE_SAMPLES,EXACT_KEY_OBSERVED,tracking,0,1720,"(1452948046641, 5, 18110031447199154478, 3, 4, 12, 1717)",1,135735066638878,1,48728000000,1,134613087549345,0,0,0,12000000,PAIRED_ROS_CLOCK
C_SHARED_SIM_CLOCK_11008_MONOTONE_SAMPLES,EXACT_KEY_OBSERVED,tracking,0,1721,"(1452948046641, 5, 18110031447199154478, 3, 4, 12, 1718)",1,135735066638878,1,48744000000,1,134613087549345,0,0,0,12000000,PAIRED_ROS_CLOCK
C_SHARED_SIM_CLOCK_11008_MONOTONE_SAMPLES,EXACT_KEY_OBSERVED,tracking,0,1722,"(1452948046641, 5, 18110031447199154478, 3, 4, 12, 1719)",1,135735066638878,1,48760000000,1,134613087549345,0,0,0,12000000,PAIRED_ROS_CLOCK
C_SHARED_SIM_CLOCK_11008_MONOTONE_SAMPLES,EXACT_KEY_OBSERVED,tracking,0,1723,"(1452948046641, 5, 18110031447199154478, 3, 4, 12, 1720)",1,135735066638878,1,48776000000,1,134613087549345,0,0,0,12000000,PAIRED_ROS_CLOCK
C_SHARED_SIM_CLOCK_11008_MONOTONE_SAMPLES,EXACT_KEY_OBSERVED,tracking,0,1724,"(1452948046641, 5, 18110031447199154478, 3, 4, 12, 1721)",1,135735066638878,1,48792000000,1,134613087549345,0,0,0,12000000,PAIRED_ROS_CLOCK
C_SHARED_SIM_CLOCK_11008_MONOTONE_SAMPLES,EXACT_KEY_OBSERVED,tracking,0,1725,"(1452948046641, 5, 18110031447199154478, 3, 4, 12, 1722)",1,135735066638878,1,48808000000,1,134613087549345,0,0,0,12000000,PAIRED_ROS_CLOCK
C_SHARED_SIM_CLOCK_11008_MONOTONE_SAMPLES,EXACT_KEY_OBSERVED,tracking,0,1726,"(1452948046641, 5, 18110031447199154478, 3, 4, 12, 1723)",1,135735066638878,1,48824000000,1,134613087549345,0,0,0,12000000,PAIRED_ROS_CLOCK
C_SHARED_SIM_CLOCK_11008_MONOTONE_SAMPLES,EXACT_KEY_OBSERVED,tracking,0,1727,"(1452948046641, 5, 18110031447199154478, 3, 4, 12, 1724)",1,135735066638878,1,48840000000,1,134613087549345,0,0,0,12000000,PAIRED_ROS_CLOCK
C_SHARED_SIM_CLOCK_11008_MONOTONE_SAMPLES,EXACT_KEY_OBSERVED,tracking,0,1728,"(1452948046641, 5, 18110031447199154478, 3, 4, 12, 1725)",1,135735066638878,1,48856000000,1,134613087549345,0,0,0,12000000,PAIRED_ROS_CLOCK
C_SHARED_SIM_CLOCK_11008_MONOTONE_SAMPLES,EXACT_KEY_OBSERVED,tracking,0,1729,"(1452948046641, 5, 18110031447199154478, 3, 4, 12, 1726)",1,135735066638878,1,48872000000,1,134613087549345,0,0,0,12000000,PAIRED_ROS_CLOCK
C_SHARED_SIM_CLOCK_11008_MONOTONE_SAMPLES,EXACT_KEY_OBSERVED,tracking,0,1730,"(1452948046641, 5, 18110031447199154478, 3, 4, 12, 1727)",1,135735066638878,1,48888000000,1,134613087549345,0,0,0,12000000,PAIRED_ROS_CLOCK
C_SHARED_SIM_CLOCK_11008_MONOTONE_SAMPLES,EXACT_KEY_OBSERVED,tracking,0,1731,"(1452948046641, 5, 18110031447199154478, 3, 4, 12, 1728)",1,135735066638878,1,48904000000,1,134613087549345,0,0,0,12000000,PAIRED_ROS_CLOCK
C_SHARED_SIM_CLOCK_11008_MONOTONE_SAMPLES,EXACT_KEY_OBSERVED,tracking,0,1732,"(1452948046641, 5, 18110031447199154478, 3, 4, 12, 1729)",1,135735066638878,1,48920000000,1,134613087549345,0,0,0,12000000,PAIRED_ROS_CLOCK
C_SHARED_SIM_CLOCK_11008_MONOTONE_SAMPLES,EXACT_KEY_OBSERVED,tracking,0,1733,"(1452948046641, 5, 18110031447199154478, 3, 4, 12, 1730)",1,135735066638878,1,48936000000,1,134613087549345,0,0,0,12000000,PAIRED_ROS_CLOCK
C_SHARED_SIM_CLOCK_11008_MONOTONE_SAMPLES,EXACT_KEY_OBSERVED,tracking,0,1734,"(1452948046641, 5, 18110031447199154478, 3, 4, 12, 1731)",1,135735066638878,1,48952000000,1,134613087549345,0,0,0,12000000,PAIRED_ROS_CLOCK
C_SHARED_SIM_CLOCK_11008_MONOTONE_SAMPLES,EXACT_KEY_OBSERVED,tracking,0,1735,"(1452948046641, 5, 18110031447199154478, 3, 4, 12, 1732)",1,135735066638878,1,48968000000,1,134613087549345,0,0,0,12000000,PAIRED_ROS_CLOCK
C_SHARED_SIM_CLOCK_11008_MONOTONE_SAMPLES,EXACT_KEY_OBSERVED,tracking,0,1736,"(1452948046641, 5, 18110031447199154478, 3, 4, 12, 1733)",1,135735066638878,1,48984000000,1,134613087549345,0,0,0,12000000,PAIRED_ROS_CLOCK
C_SHARED_SIM_CLOCK_11008_MONOTONE_SAMPLES,EXACT_KEY_OBSERVED,tracking,0,1737,"(1452948046641, 5, 18110031447199154478, 3, 4, 12, 1734)",1,135735066638878,1,49000000000,1,134613087549345,0,0,0,12000000,PAIRED_ROS_CLOCK
C_SHARED_SIM_CLOCK_11008_MONOTONE_SAMPLES,EXACT_KEY_OBSERVED,tracking,0,1738,"(1452948046641, 5, 18110031447199154478, 3, 4, 12, 1735)",1,135735066638878,1,49016000000,1,134613087549345,0,0,0,12000000,PAIRED_ROS_CLOCK
C_SHARED_SIM_CLOCK_11008_MONOTONE_SAMPLES,EXACT_KEY_OBSERVED,tracking,0,1739,"(1452948046641, 5, 18110031447199154478, 3, 4, 12, 1736)",1,135735066638878,1,49032000000,1,134613087549345,0,0,0,12000000,PAIRED_ROS_CLOCK
C_SHARED_SIM_CLOCK_11008_MONOTONE_SAMPLES,EXACT_KEY_OBSERVED,tracking,0,1740,"(1452948046641, 5, 18110031447199154478, 3, 4, 12, 1737)",1,135735066638878,1,49048000000,1,134613087549345,0,0,0,12000000,PAIRED_ROS_CLOCK
C_SHARED_SIM_CLOCK_11008_MONOTONE_SAMPLES,EXACT_KEY_OBSERVED,tracking,0,1741,"(1452948046641, 5, 18110031447199154478, 3, 4, 12, 1738)",1,135735066638878,1,49064000000,1,134613087549345,0,0,0,12000000,PAIRED_ROS_CLOCK
C_SHARED_SIM_CLOCK_11008_MONOTONE_SAMPLES,EXACT_KEY_OBSERVED,tracking,0,1742,"(1452948046641, 5, 18110031447199154478, 3, 4, 12, 1739)",1,135735066638878,1,49080000000,1,134613087549345,0,0,0,12000000,PAIRED_ROS_CLOCK
C_SHARED_SIM_CLOCK_11008_MONOTONE_SAMPLES,EXACT_KEY_OBSERVED,tracking,0,1743,"(1452948046641, 5, 18110031447199154478, 3, 4, 12, 1740)",1,135735066638878,1,49096000000,1,134613087549345,0,0,0,12000000,PAIRED_ROS_CLOCK
C_SHARED_SIM_CLOCK_11008_MONOTONE_SAMPLES,EXACT_KEY_OBSERVED,tracking,0,1744,"(1452948046641, 5, 18110031447199154478, 3, 4, 12, 1741)",1,135735066638878,1,49112000000,1,134613087549345,0,0,0,12000000,PAIRED_ROS_CLOCK
C_SHARED_SIM_CLOCK_11008_MONOTONE_SAMPLES,EXACT_KEY_OBSERVED,tracking,0,1745,"(1452948046641, 5, 18110031447199154478, 3, 4, 12, 1742)",1,135735066638878,1,49128000000,1,134613087549345,0,0,0,12000000,PAIRED_ROS_CLOCK
C_SHARED_SIM_CLOCK_11008_MONOTONE_SAMPLES,EXACT_KEY_OBSERVED,tracking,0,1746,"(1452948046641, 5, 18110031447199154478, 3, 4, 12, 1743)",1,135735066638878,1,49144000000,1,134613087549345,0,0,0,12000000,PAIRED_ROS_CLOCK
C_SHARED_SIM_CLOCK_11008_MONOTONE_SAMPLES,EXACT_KEY_OBSERVED,tracking,0,1747,"(1452948046641, 5, 18110031447199154478, 3, 4, 12, 1744)",1,135735066638878,1,49160000000,1,134613087549345,0,0,0,12000000,PAIRED_ROS_CLOCK
C_SHARED_SIM_CLOCK_11008_MONOTONE_SAMPLES,EXACT_KEY_OBSERVED,tracking,0,1748,"(1452948046641, 5, 18110031447199154478, 3, 4, 12, 1745)",1,135735066638878,1,49176000000,1,134613087549345,0,0,0,12000000,PAIRED_ROS_CLOCK
C_SHARED_SIM_CLOCK_11008_MONOTONE_SAMPLES,EXACT_KEY_OBSERVED,tracking,0,1749,"(1452948046641, 5, 18110031447199154478, 3, 4, 12, 1746)",1,135735066638878,1,49192000000,1,134613087549345,0,0,0,12000000,PAIRED_ROS_CLOCK
C_SHARED_SIM_CLOCK_11008_MONOTONE_SAMPLES,EXACT_KEY_OBSERVED,tracking,0,1750,"(1452948046641, 5, 18110031447199154478, 3, 4, 12, 1747)",1,135735066638878,1,49208000000,1,134613087549345,0,0,0,12000000,PAIRED_ROS_CLOCK
C_SHARED_SIM_CLOCK_11008_MONOTONE_SAMPLES,EXACT_KEY_OBSERVED,tracking,0,1751,"(1452948046641, 5, 18110031447199154478, 3, 4, 12, 1748)",1,135735066638878,1,49224000000,1,134613087549345,0,0,0,12000000,PAIRED_ROS_CLOCK
C_SHARED_SIM_CLOCK_11008_MONOTONE_SAMPLES,EXACT_KEY_OBSERVED,tracking,0,1752,"(1452948046641, 5, 18110031447199154478, 3, 4, 12, 1749)",1,135735066638878,1,49240000000,1,134613087549345,0,0,0,12000000,PAIRED_ROS_CLOCK
C_SHARED_SIM_CLOCK_11008_MONOTONE_SAMPLES,EXACT_KEY_OBSERVED,tracking,0,1753,"(1452948046641, 5, 18110031447199154478, 3, 4, 12, 1750)",1,135735066638878,1,49256000000,1,134613087549345,0,0,0,12000000,PAIRED_ROS_CLOCK
C_SHARED_SIM_CLOCK_11008_MONOTONE_SAMPLES,EXACT_KEY_OBSERVED,tracking,0,1754,"(1452948046641, 5, 18110031447199154478, 3, 4, 12, 1751)",1,135735066638878,1,49272000000,1,134613087549345,0,0,0,12000000,PAIRED_ROS_CLOCK
C_SHARED_SIM_CLOCK_11008_MONOTONE_SAMPLES,EXACT_KEY_OBSERVED,tracking,0,1755,"(1452948046641, 5, 18110031447199154478, 3, 4, 12, 1752)",1,135735066638878,1,49288000000,1,134613087549345,0,0,0,12000000,PAIRED_ROS_CLOCK
C_SHARED_SIM_CLOCK_11008_MONOTONE_SAMPLES,EXACT_KEY_OBSERVED,tracking,0,1756,"(1452948046641, 5, 18110031447199154478, 3, 4, 12, 1753)",1,135735066638878,1,49304000000,1,134613087549345,0,0,0,12000000,PAIRED_ROS_CLOCK
C_SHARED_SIM_CLOCK_11008_MONOTONE_SAMPLES,EXACT_KEY_OBSERVED,tracking,0,1757,"(1452948046641, 5, 18110031447199154478, 3, 4, 12, 1754)",1,135735066638878,1,49320000000,1,134613087549345,0,0,0,12000000,PAIRED_ROS_CLOCK
C_SHARED_SIM_CLOCK_11008_MONOTONE_SAMPLES,EXACT_KEY_OBSERVED,tracking,0,1758,"(1452948046641, 5, 18110031447199154478, 3, 4, 12, 1755)",1,135735066638878,1,49336000000,1,134613087549345,0,0,0,12000000,PAIRED_ROS_CLOCK
C_SHARED_SIM_CLOCK_11008_MONOTONE_SAMPLES,EXACT_KEY_OBSERVED,tracking,0,1759,"(1452948046641, 5, 18110031447199154478, 3, 4, 12, 1756)",1,135735066638878,1,49352000000,1,134613087549345,0,0,0,12000000,PAIRED_ROS_CLOCK
C_SHARED_SIM_CLOCK_11008_MONOTONE_SAMPLES,EXACT_KEY_OBSERVED,tracking,0,1760,"(1452948046641, 5, 18110031447199154478, 3, 4, 12, 1757)",1,135735066638878,1,49368000000,1,134613087549345,0,0,0,12000000,PAIRED_ROS_CLOCK
C_SHARED_SIM_CLOCK_11008_MONOTONE_SAMPLES,EXACT_KEY_OBSERVED,tracking,0,1761,"(1452948046641, 5, 18110031447199154478, 3, 4, 12, 1758)",1,135735066638878,1,49384000000,1,134613087549345,0,0,0,12000000,PAIRED_ROS_CLOCK
C_SHARED_SIM_CLOCK_11008_MONOTONE_SAMPLES,EXACT_KEY_OBSERVED,tracking,0,1762,"(1452948046641, 5, 18110031447199154478, 3, 4, 12, 1759)",1,135735066638878,1,49400000000,1,134613087549345,0,0,0,12000000,PAIRED_ROS_CLOCK
C_SHARED_SIM_CLOCK_11008_MONOTONE_SAMPLES,EXACT_KEY_OBSERVED,tracking,0,1763,"(1452948046641, 5, 18110031447199154478, 3, 4, 12, 1760)",1,135735066638878,1,49416000000,1,134613087549345,0,0,0,12000000,PAIRED_ROS_CLOCK
C_SHARED_SIM_CLOCK_11008_MONOTONE_SAMPLES,EXACT_KEY_OBSERVED,tracking,0,1764,"(1452948046641, 5, 18110031447199154478, 3, 4, 12, 1761)",1,135735066638878,1,49432000000,1,134613087549345,0,0,0,12000000,PAIRED_ROS_CLOCK
C_SHARED_SIM_CLOCK_11008_MONOTONE_SAMPLES,EXACT_KEY_OBSERVED,tracking,0,1765,"(1452948046641, 5, 18110031447199154478, 3, 4, 12, 1762)",1,135735066638878,1,49448000000,1,134613087549345,0,0,0,12000000,PAIRED_ROS_CLOCK
C_SHARED_SIM_CLOCK_11008_MONOTONE_SAMPLES,EXACT_KEY_OBSERVED,tracking,0,1766,"(1452948046641, 5, 18110031447199154478, 3, 4, 12, 1763)",1,135735066638878,1,49464000000,1,134613087549345,0,0,0,12000000,PAIRED_ROS_CLOCK
C_SHARED_SIM_CLOCK_11008_MONOTONE_SAMPLES,EXACT_KEY_OBSERVED,tracking,0,1767,"(1452948046641, 5, 18110031447199154478, 3, 4, 12, 1764)",1,135735066638878,1,49480000000,1,134613087549345,0,0,0,12000000,PAIRED_ROS_CLOCK
C_SHARED_SIM_CLOCK_11008_MONOTONE_SAMPLES,EXACT_KEY_OBSERVED,tracking,0,1768,"(1452948046641, 5, 18110031447199154478, 3, 4, 12, 1765)",1,135735066638878,1,49496000000,1,134613087549345,0,0,0,12000000,PAIRED_ROS_CLOCK
C_SHARED_SIM_CLOCK_11008_MONOTONE_SAMPLES,EXACT_KEY_OBSERVED,tracking,0,1769,"(1452948046641, 5, 18110031447199154478, 3, 4, 12, 1766)",1,135735066638878,1,49512000000,1,134613087549345,0,0,0,12000000,PAIRED_ROS_CLOCK
C_SHARED_SIM_CLOCK_11008_MONOTONE_SAMPLES,EXACT_KEY_OBSERVED,tracking,0,1770,"(1452948046641, 5, 18110031447199154478, 3, 4, 12, 1767)",1,135735066638878,1,49528000000,1,134613087549345,0,0,0,12000000,PAIRED_ROS_CLOCK
C_SHARED_SIM_CLOCK_11008_MONOTONE_SAMPLES,EXACT_KEY_OBSERVED,tracking,0,1771,"(1452948046641, 5, 18110031447199154478, 3, 4, 12, 1768)",1,135735066638878,1,49544000000,1,134613087549345,0,0,0,12000000,PAIRED_ROS_CLOCK
C_SHARED_SIM_CLOCK_11008_MONOTONE_SAMPLES,EXACT_KEY_OBSERVED,tracking,0,1772,"(1452948046641, 5, 18110031447199154478, 3, 4, 12, 1769)",1,135735066638878,1,49560000000,1,134613087549345,0,0,0,12000000,PAIRED_ROS_CLOCK
C_SHARED_SIM_CLOCK_11008_MONOTONE_SAMPLES,EXACT_KEY_OBSERVED,tracking,0,1773,"(1452948046641, 5, 18110031447199154478, 3, 4, 12, 1770)",1,135735066638878,1,49576000000,1,134613087549345,0,0,0,12000000,PAIRED_ROS_CLOCK
C_SHARED_SIM_CLOCK_11008_MONOTONE_SAMPLES,EXACT_KEY_OBSERVED,tracking,0,1774,"(1452948046641, 5, 18110031447199154478, 3, 4, 12, 1771)",1,135735066638878,1,49592000000,1,134613087549345,0,0,0,12000000,PAIRED_ROS_CLOCK
C_SHARED_SIM_CLOCK_11008_MONOTONE_SAMPLES,EXACT_KEY_OBSERVED,tracking,0,1775,"(1452948046641, 5, 18110031447199154478, 3, 4, 12, 1772)",1,135735066638878,1,49608000000,1,134613087549345,0,0,0,12000000,PAIRED_ROS_CLOCK
C_SHARED_SIM_CLOCK_11008_MONOTONE_SAMPLES,EXACT_KEY_OBSERVED,tracking,0,1776,"(1452948046641, 5, 18110031447199154478, 3, 4, 12, 1773)",1,135735066638878,1,49624000000,1,134613087549345,0,0,0,12000000,PAIRED_ROS_CLOCK
C_SHARED_SIM_CLOCK_11008_MONOTONE_SAMPLES,EXACT_KEY_OBSERVED,tracking,0,1777,"(1452948046641, 5, 18110031447199154478, 3, 4, 12, 1774)",1,135735066638878,1,49640000000,1,134613087549345,0,0,0,12000000,PAIRED_ROS_CLOCK
C_SHARED_SIM_CLOCK_11008_MONOTONE_SAMPLES,EXACT_KEY_OBSERVED,tracking,0,1778,"(1452948046641, 5, 18110031447199154478, 3, 4, 12, 1775)",1,135735066638878,1,49656000000,1,134613087549345,0,0,0,12000000,PAIRED_ROS_CLOCK
C_SHARED_SIM_CLOCK_11008_MONOTONE_SAMPLES,EXACT_KEY_OBSERVED,tracking,0,1779,"(1452948046641, 5, 18110031447199154478, 3, 4, 12, 1776)",1,135735066638878,1,49672000000,1,134613087549345,0,0,0,12000000,PAIRED_ROS_CLOCK
C_SHARED_SIM_CLOCK_11008_MONOTONE_SAMPLES,EXACT_KEY_OBSERVED,tracking,0,1780,"(1452948046641, 5, 18110031447199154478, 3, 4, 12, 1777)",1,135735066638878,1,49688000000,1,134613087549345,0,0,0,12000000,PAIRED_ROS_CLOCK
C_SHARED_SIM_CLOCK_11008_MONOTONE_SAMPLES,EXACT_KEY_OBSERVED,tracking,0,1781,"(1452948046641, 5, 18110031447199154478, 3, 4, 12, 1778)",1,135735066638878,1,49704000000,1,134613087549345,0,0,0,12000000,PAIRED_ROS_CLOCK
C_SHARED_SIM_CLOCK_11008_MONOTONE_SAMPLES,EXACT_KEY_OBSERVED,tracking,0,1782,"(1452948046641, 5, 18110031447199154478, 3, 4, 12, 1779)",1,135735066638878,1,49720000000,1,134613087549345,0,0,0,12000000,PAIRED_ROS_CLOCK
C_SHARED_SIM_CLOCK_11008_MONOTONE_SAMPLES,EXACT_KEY_OBSERVED,tracking,0,1783,"(1452948046641, 5, 18110031447199154478, 3, 4, 12, 1780)",1,135735066638878,1,49736000000,1,134613087549345,0,0,0,12000000,PAIRED_ROS_CLOCK
C_SHARED_SIM_CLOCK_11008_MONOTONE_SAMPLES,EXACT_KEY_OBSERVED,tracking,0,1784,"(1452948046641, 5, 18110031447199154478, 3, 4, 12, 1781)",1,135735066638878,1,49752000000,1,134613087549345,0,0,0,12000000,PAIRED_ROS_CLOCK
C_SHARED_SIM_CLOCK_11008_MONOTONE_SAMPLES,EXACT_KEY_OBSERVED,tracking,0,1785,"(1452948046641, 5, 18110031447199154478, 3, 4, 12, 1782)",1,135735066638878,1,49768000000,1,134613087549345,0,0,0,12000000,PAIRED_ROS_CLOCK
C_SHARED_SIM_CLOCK_11008_MONOTONE_SAMPLES,EXACT_KEY_OBSERVED,tracking,0,1786,"(1452948046641, 5, 18110031447199154478, 3, 4, 12, 1783)",1,135735066638878,1,49784000000,1,134613087549345,0,0,0,12000000,PAIRED_ROS_CLOCK
C_SHARED_SIM_CLOCK_11008_MONOTONE_SAMPLES,EXACT_KEY_OBSERVED,tracking,0,1787,"(1452948046641, 5, 18110031447199154478, 3, 4, 12, 1784)",1,135735066638878,1,49800000000,1,134613087549345,0,0,0,12000000,PAIRED_ROS_CLOCK
C_SHARED_SIM_CLOCK_11008_MONOTONE_SAMPLES,EXACT_KEY_OBSERVED,tracking,0,1788,"(1452948046641, 5, 18110031447199154478, 3, 4, 12, 1785)",1,135735066638878,1,49816000000,1,134613087549345,0,0,0,12000000,PAIRED_ROS_CLOCK
C_SHARED_SIM_CLOCK_11008_MONOTONE_SAMPLES,EXACT_KEY_OBSERVED,tracking,0,1789,"(1452948046641, 5, 18110031447199154478, 3, 4, 12, 1786)",1,135735066638878,1,49832000000,1,134613087549345,0,0,0,12000000,PAIRED_ROS_CLOCK
C_SHARED_SIM_CLOCK_11008_MONOTONE_SAMPLES,EXACT_KEY_OBSERVED,tracking,0,1790,"(1452948046641, 5, 18110031447199154478, 3, 4, 12, 1787)",1,135735066638878,1,49848000000,1,134613087549345,0,0,0,12000000,PAIRED_ROS_CLOCK
C_SHARED_SIM_CLOCK_11008_MONOTONE_SAMPLES,EXACT_KEY_OBSERVED,tracking,0,1791,"(1452948046641, 5, 18110031447199154478, 3, 4, 12, 1788)",1,135735066638878,1,49864000000,1,134613087549345,0,0,0,12000000,PAIRED_ROS_CLOCK
C_SHARED_SIM_CLOCK_11008_MONOTONE_SAMPLES,EXACT_KEY_OBSERVED,tracking,0,1792,"(1452948046641, 5, 18110031447199154478, 3, 4, 12, 1789)",1,135735066638878,1,49880000000,1,134613087549345,0,0,0,12000000,PAIRED_ROS_CLOCK
C_SHARED_SIM_CLOCK_11008_MONOTONE_SAMPLES,EXACT_KEY_OBSERVED,tracking,0,1793,"(1452948046641, 5, 18110031447199154478, 3, 4, 12, 1790)",1,135735066638878,1,49896000000,1,134613087549345,0,0,0,12000000,PAIRED_ROS_CLOCK
C_SHARED_SIM_CLOCK_11008_MONOTONE_SAMPLES,EXACT_KEY_OBSERVED,tracking,0,1794,"(1452948046641, 5, 18110031447199154478, 3, 4, 12, 1791)",1,135735066638878,1,49912000000,1,134613087549345,0,0,0,12000000,PAIRED_ROS_CLOCK
C_SHARED_SIM_CLOCK_11008_MONOTONE_SAMPLES,EXACT_KEY_OBSERVED,tracking,0,1795,"(1452948046641, 5, 18110031447199154478, 3, 4, 12, 1792)",1,135735066638878,1,49928000000,1,134613087549345,0,0,0,12000000,PAIRED_ROS_CLOCK
C_SHARED_SIM_CLOCK_11008_MONOTONE_SAMPLES,EXACT_KEY_OBSERVED,tracking,0,1796,"(1452948046641, 5, 18110031447199154478, 3, 4, 12, 1793)",1,135735066638878,1,49944000000,1,134613087549345,0,0,0,12000000,PAIRED_ROS_CLOCK
C_SHARED_SIM_CLOCK_11008_MONOTONE_SAMPLES,EXACT_KEY_OBSERVED,tracking,0,1797,"(1452948046641, 5, 18110031447199154478, 3, 4, 12, 1794)",1,135735066638878,1,49960000000,1,134613087549345,0,0,0,12000000,PAIRED_ROS_CLOCK
C_SHARED_SIM_CLOCK_11008_MONOTONE_SAMPLES,EXACT_KEY_OBSERVED,tracking,0,1798,"(1452948046641, 5, 18110031447199154478, 3, 4, 12, 1795)",1,135735066638878,1,49976000000,1,134613087549345,0,0,0,12000000,PAIRED_ROS_CLOCK
C_SHARED_SIM_CLOCK_11008_MONOTONE_SAMPLES,EXACT_KEY_OBSERVED,tracking,0,1799,"(1452948046641, 5, 18110031447199154478, 3, 4, 12, 1796)",1,135735066638878,1,49992000000,1,134613087549345,0,0,0,12000000,PAIRED_ROS_CLOCK
C_SHARED_SIM_CLOCK_11008_MONOTONE_SAMPLES,EXACT_KEY_OBSERVED,tracking,0,1800,"(1452948046641, 5, 18110031447199154478, 3, 4, 12, 1797)",1,135735066638878,1,50008000000,1,134613087549345,0,0,0,12000000,PAIRED_ROS_CLOCK
C_SHARED_SIM_CLOCK_11008_MONOTONE_SAMPLES,EXACT_KEY_OBSERVED,tracking,0,1801,"(1452948046641, 5, 18110031447199154478, 3, 4, 12, 1798)",1,135735066638878,1,50024000000,1,134613087549345,0,0,0,12000000,PAIRED_ROS_CLOCK
C_SHARED_SIM_CLOCK_11008_MONOTONE_SAMPLES,EXACT_KEY_OBSERVED,tracking,0,1802,"(1452948046641, 5, 18110031447199154478, 3, 4, 12, 1799)",1,135735066638878,1,50040000000,1,134613087549345,0,0,0,12000000,PAIRED_ROS_CLOCK
C_SHARED_SIM_CLOCK_11008_MONOTONE_SAMPLES,EXACT_KEY_OBSERVED,tracking,0,1803,"(1452948046641, 5, 18110031447199154478, 3, 4, 12, 1800)",1,135735066638878,1,50056000000,1,134613087549345,0,0,0,12000000,PAIRED_ROS_CLOCK
C_SHARED_SIM_CLOCK_11008_MONOTONE_SAMPLES,EXACT_KEY_OBSERVED,tracking,0,1804,"(1452948046641, 5, 18110031447199154478, 3, 4, 12, 1801)",1,135735066638878,1,50072000000,1,134613087549345,0,0,0,12000000,PAIRED_ROS_CLOCK
C_SHARED_SIM_CLOCK_11008_MONOTONE_SAMPLES,EXACT_KEY_OBSERVED,tracking,0,1805,"(1452948046641, 5, 18110031447199154478, 3, 4, 12, 1802)",1,135735066638878,1,50088000000,1,134613087549345,0,0,0,12000000,PAIRED_ROS_CLOCK
C_SHARED_SIM_CLOCK_11008_MONOTONE_SAMPLES,EXACT_KEY_OBSERVED,tracking,0,1806,"(1452948046641, 5, 18110031447199154478, 3, 4, 12, 1803)",1,135735066638878,1,50104000000,1,134613087549345,0,0,0,12000000,PAIRED_ROS_CLOCK
C_SHARED_SIM_CLOCK_11008_MONOTONE_SAMPLES,EXACT_KEY_OBSERVED,tracking,0,1807,"(1452948046641, 5, 18110031447199154478, 3, 4, 12, 1804)",1,135735066638878,1,50120000000,1,134613087549345,0,0,0,12000000,PAIRED_ROS_CLOCK
C_SHARED_SIM_CLOCK_11008_MONOTONE_SAMPLES,EXACT_KEY_OBSERVED,tracking,0,1808,"(1452948046641, 5, 18110031447199154478, 3, 4, 12, 1805)",1,135735066638878,1,50136000000,1,134613087549345,0,0,0,12000000,PAIRED_ROS_CLOCK
C_SHARED_SIM_CLOCK_11008_MONOTONE_SAMPLES,EXACT_KEY_OBSERVED,tracking,0,1809,"(1452948046641, 5, 18110031447199154478, 3, 4, 12, 1806)",1,135735066638878,1,50152000000,1,134613087549345,0,0,0,12000000,PAIRED_ROS_CLOCK
C_SHARED_SIM_CLOCK_11008_MONOTONE_SAMPLES,EXACT_KEY_OBSERVED,tracking,0,1810,"(1452948046641, 5, 18110031447199154478, 3, 4, 12, 1807)",1,135735066638878,1,50168000000,1,134613087549345,0,0,0,12000000,PAIRED_ROS_CLOCK
C_SHARED_SIM_CLOCK_11008_MONOTONE_SAMPLES,EXACT_KEY_OBSERVED,tracking,0,1811,"(1452948046641, 5, 18110031447199154478, 3, 4, 12, 1808)",1,135735066638878,1,50184000000,1,134613087549345,0,0,0,12000000,PAIRED_ROS_CLOCK
C_SHARED_SIM_CLOCK_11008_MONOTONE_SAMPLES,EXACT_KEY_OBSERVED,tracking,0,1812,"(1452948046641, 5, 18110031447199154478, 3, 4, 12, 1809)",1,135735066638878,1,50200000000,1,134613087549345,0,0,0,12000000,PAIRED_ROS_CLOCK
C_SHARED_SIM_CLOCK_11008_MONOTONE_SAMPLES,EXACT_KEY_OBSERVED,tracking,0,1813,"(1452948046641, 5, 18110031447199154478, 3, 4, 12, 1810)",1,135735066638878,1,50216000000,1,134613087549345,0,0,0,12000000,PAIRED_ROS_CLOCK
C_SHARED_SIM_CLOCK_11008_MONOTONE_SAMPLES,EXACT_KEY_OBSERVED,tracking,0,1814,"(1452948046641, 5, 18110031447199154478, 3, 4, 12, 1811)",1,135735066638878,1,50232000000,1,134613087549345,0,0,0,12000000,PAIRED_ROS_CLOCK
C_SHARED_SIM_CLOCK_11008_MONOTONE_SAMPLES,EXACT_KEY_OBSERVED,tracking,0,1815,"(1452948046641, 5, 18110031447199154478, 3, 4, 12, 1812)",1,135735066638878,1,50248000000,1,134613087549345,0,0,0,12000000,PAIRED_ROS_CLOCK
C_SHARED_SIM_CLOCK_11008_MONOTONE_SAMPLES,EXACT_KEY_OBSERVED,tracking,0,1816,"(1452948046641, 5, 18110031447199154478, 3, 4, 12, 1813)",1,135735066638878,1,50264000000,1,134613087549345,0,0,0,12000000,PAIRED_ROS_CLOCK
C_SHARED_SIM_CLOCK_11008_MONOTONE_SAMPLES,EXACT_KEY_OBSERVED,tracking,0,1817,"(1452948046641, 5, 18110031447199154478, 3, 4, 12, 1814)",1,135735066638878,1,50280000000,1,134613087549345,0,0,0,12000000,PAIRED_ROS_CLOCK
C_SHARED_SIM_CLOCK_11008_MONOTONE_SAMPLES,EXACT_KEY_OBSERVED,tracking,0,1818,"(1452948046641, 5, 18110031447199154478, 3, 4, 12, 1815)",1,135735066638878,1,50296000000,1,134613087549345,0,0,0,12000000,PAIRED_ROS_CLOCK
C_SHARED_SIM_CLOCK_11008_MONOTONE_SAMPLES,EXACT_KEY_OBSERVED,tracking,0,1819,"(1452948046641, 5, 18110031447199154478, 3, 4, 12, 1816)",1,135735066638878,1,50312000000,1,134613087549345,0,0,0,12000000,PAIRED_ROS_CLOCK
C_SHARED_SIM_CLOCK_11008_MONOTONE_SAMPLES,EXACT_KEY_OBSERVED,tracking,0,1820,"(1452948046641, 5, 18110031447199154478, 3, 4, 12, 1817)",1,135735066638878,1,50328000000,1,134613087549345,0,0,0,12000000,PAIRED_ROS_CLOCK
C_SHARED_SIM_CLOCK_11008_MONOTONE_SAMPLES,EXACT_KEY_OBSERVED,tracking,0,1821,"(1452948046641, 5, 18110031447199154478, 3, 4, 12, 1818)",1,135735066638878,1,50344000000,1,134613087549345,0,0,0,12000000,PAIRED_ROS_CLOCK
C_SHARED_SIM_CLOCK_11008_MONOTONE_SAMPLES,EXACT_KEY_OBSERVED,tracking,0,1822,"(1452948046641, 5, 18110031447199154478, 3, 4, 12, 1819)",1,135735066638878,1,50360000000,1,134613087549345,0,0,0,12000000,PAIRED_ROS_CLOCK
C_SHARED_SIM_CLOCK_11008_MONOTONE_SAMPLES,EXACT_KEY_OBSERVED,tracking,0,1823,"(1452948046641, 5, 18110031447199154478, 3, 4, 12, 1820)",1,135735066638878,1,50376000000,1,134613087549345,0,0,0,12000000,PAIRED_ROS_CLOCK
C_SHARED_SIM_CLOCK_11008_MONOTONE_SAMPLES,EXACT_KEY_OBSERVED,tracking,0,1824,"(1452948046641, 5, 18110031447199154478, 3, 4, 12, 1821)",1,135735066638878,1,50392000000,1,134613087549345,0,0,0,12000000,PAIRED_ROS_CLOCK
C_SHARED_SIM_CLOCK_11008_MONOTONE_SAMPLES,EXACT_KEY_OBSERVED,tracking,0,1825,"(1452948046641, 5, 18110031447199154478, 3, 4, 12, 1822)",1,135735066638878,1,50408000000,1,134613087549345,0,0,0,12000000,PAIRED_ROS_CLOCK
C_SHARED_SIM_CLOCK_11008_MONOTONE_SAMPLES,EXACT_KEY_OBSERVED,tracking,0,1826,"(1452948046641, 5, 18110031447199154478, 3, 4, 12, 1823)",1,135735066638878,1,50424000000,1,134613087549345,0,0,0,12000000,PAIRED_ROS_CLOCK
C_SHARED_SIM_CLOCK_11008_MONOTONE_SAMPLES,EXACT_KEY_OBSERVED,tracking,0,1827,"(1452948046641, 5, 18110031447199154478, 3, 4, 12, 1824)",1,135735066638878,1,50440000000,1,134613087549345,0,0,0,12000000,PAIRED_ROS_CLOCK
C_SHARED_SIM_CLOCK_11008_MONOTONE_SAMPLES,EXACT_KEY_OBSERVED,tracking,0,1828,"(1452948046641, 5, 18110031447199154478, 3, 4, 12, 1825)",1,135735066638878,1,50456000000,1,134613087549345,0,0,0,12000000,PAIRED_ROS_CLOCK
C_SHARED_SIM_CLOCK_11008_MONOTONE_SAMPLES,EXACT_KEY_OBSERVED,tracking,0,1829,"(1452948046641, 5, 18110031447199154478, 3, 4, 12, 1826)",1,135735066638878,1,50472000000,1,134613087549345,0,0,0,12000000,PAIRED_ROS_CLOCK
C_SHARED_SIM_CLOCK_11008_MONOTONE_SAMPLES,EXACT_KEY_OBSERVED,tracking,0,1830,"(1452948046641, 5, 18110031447199154478, 3, 4, 12, 1827)",1,135735066638878,1,50488000000,1,134613087549345,0,0,0,12000000,PAIRED_ROS_CLOCK
C_SHARED_SIM_CLOCK_11008_MONOTONE_SAMPLES,EXACT_KEY_OBSERVED,tracking,0,1831,"(1452948046641, 5, 18110031447199154478, 3, 4, 12, 1828)",1,135735066638878,1,50504000000,1,134613087549345,0,0,0,12000000,PAIRED_ROS_CLOCK
C_SHARED_SIM_CLOCK_11008_MONOTONE_SAMPLES,EXACT_KEY_OBSERVED,tracking,0,1832,"(1452948046641, 5, 18110031447199154478, 3, 4, 12, 1829)",1,135735066638878,1,50520000000,1,134613087549345,0,0,0,12000000,PAIRED_ROS_CLOCK
C_SHARED_SIM_CLOCK_11008_MONOTONE_SAMPLES,EXACT_KEY_OBSERVED,tracking,0,1833,"(1452948046641, 5, 18110031447199154478, 3, 4, 12, 1830)",1,135735066638878,1,50536000000,1,134613087549345,0,0,0,12000000,PAIRED_ROS_CLOCK
C_SHARED_SIM_CLOCK_11008_MONOTONE_SAMPLES,EXACT_KEY_OBSERVED,tracking,0,1834,"(1452948046641, 5, 18110031447199154478, 3, 4, 12, 1831)",1,135735066638878,1,50552000000,1,134613087549345,0,0,0,12000000,PAIRED_ROS_CLOCK
C_SHARED_SIM_CLOCK_11008_MONOTONE_SAMPLES,EXACT_KEY_OBSERVED,tracking,0,1835,"(1452948046641, 5, 18110031447199154478, 3, 4, 12, 1832)",1,135735066638878,1,50568000000,1,134613087549345,0,0,0,12000000,PAIRED_ROS_CLOCK
C_SHARED_SIM_CLOCK_11008_MONOTONE_SAMPLES,EXACT_KEY_OBSERVED,tracking,0,1836,"(1452948046641, 5, 18110031447199154478, 3, 4, 12, 1833)",1,135735066638878,1,50584000000,1,134613087549345,0,0,0,12000000,PAIRED_ROS_CLOCK
C_SHARED_SIM_CLOCK_11008_MONOTONE_SAMPLES,EXACT_KEY_OBSERVED,tracking,0,1837,"(1452948046641, 5, 18110031447199154478, 3, 4, 12, 1834)",1,135735066638878,1,50600000000,1,134613087549345,0,0,0,12000000,PAIRED_ROS_CLOCK
C_SHARED_SIM_CLOCK_11008_MONOTONE_SAMPLES,EXACT_KEY_OBSERVED,tracking,0,1838,"(1452948046641, 5, 18110031447199154478, 3, 4, 12, 1835)",1,135735066638878,1,50616000000,1,134613087549345,0,0,0,12000000,PAIRED_ROS_CLOCK
C_SHARED_SIM_CLOCK_11008_MONOTONE_SAMPLES,EXACT_KEY_OBSERVED,tracking,0,1839,"(1452948046641, 5, 18110031447199154478, 3, 4, 12, 1836)",1,135735066638878,1,50632000000,1,134613087549345,0,0,0,12000000,PAIRED_ROS_CLOCK
C_SHARED_SIM_CLOCK_11008_MONOTONE_SAMPLES,EXACT_KEY_OBSERVED,tracking,0,1840,"(1452948046641, 5, 18110031447199154478, 3, 4, 12, 1837)",1,135735066638878,1,50648000000,1,134613087549345,0,0,0,12000000,PAIRED_ROS_CLOCK
C_SHARED_SIM_CLOCK_11008_MONOTONE_SAMPLES,EXACT_KEY_OBSERVED,tracking,0,1841,"(1452948046641, 5, 18110031447199154478, 3, 4, 12, 1838)",1,135735066638878,1,50664000000,1,134613087549345,0,0,0,12000000,PAIRED_ROS_CLOCK
C_SHARED_SIM_CLOCK_11008_MONOTONE_SAMPLES,EXACT_KEY_OBSERVED,tracking,0,1842,"(1452948046641, 5, 18110031447199154478, 3, 4, 12, 1839)",1,135735066638878,1,50680000000,1,134613087549345,0,0,0,12000000,PAIRED_ROS_CLOCK
C_SHARED_SIM_CLOCK_11008_MONOTONE_SAMPLES,EXACT_KEY_OBSERVED,tracking,0,1843,"(1452948046641, 5, 18110031447199154478, 3, 4, 12, 1840)",1,135735066638878,1,50696000000,1,134613087549345,0,0,0,12000000,PAIRED_ROS_CLOCK
C_SHARED_SIM_CLOCK_11008_MONOTONE_SAMPLES,EXACT_KEY_OBSERVED,tracking,0,1844,"(1452948046641, 5, 18110031447199154478, 3, 4, 12, 1841)",1,135735066638878,1,50712000000,1,134613087549345,0,0,0,12000000,PAIRED_ROS_CLOCK
C_SHARED_SIM_CLOCK_11008_MONOTONE_SAMPLES,EXACT_KEY_OBSERVED,tracking,0,1845,"(1452948046641, 5, 18110031447199154478, 3, 4, 12, 1842)",1,135735066638878,1,50728000000,1,134613087549345,0,0,0,12000000,PAIRED_ROS_CLOCK
C_SHARED_SIM_CLOCK_11008_MONOTONE_SAMPLES,EXACT_KEY_OBSERVED,tracking,0,1846,"(1452948046641, 5, 18110031447199154478, 3, 4, 12, 1843)",1,135735066638878,1,50744000000,1,134613087549345,0,0,0,12000000,PAIRED_ROS_CLOCK
C_SHARED_SIM_CLOCK_11008_MONOTONE_SAMPLES,EXACT_KEY_OBSERVED,tracking,0,1847,"(1452948046641, 5, 18110031447199154478, 3, 4, 12, 1844)",1,135735066638878,1,50760000000,1,134613087549345,0,0,0,12000000,PAIRED_ROS_CLOCK
C_SHARED_SIM_CLOCK_11008_MONOTONE_SAMPLES,EXACT_KEY_OBSERVED,tracking,0,1848,"(1452948046641, 5, 18110031447199154478, 3, 4, 12, 1845)",1,135735066638878,1,50776000000,1,134613087549345,0,0,0,12000000,PAIRED_ROS_CLOCK
C_SHARED_SIM_CLOCK_11008_MONOTONE_SAMPLES,EXACT_KEY_OBSERVED,tracking,0,1849,"(1452948046641, 5, 18110031447199154478, 3, 4, 12, 1846)",1,135735066638878,1,50792000000,1,134613087549345,0,0,0,12000000,PAIRED_ROS_CLOCK
C_SHARED_SIM_CLOCK_11008_MONOTONE_SAMPLES,EXACT_KEY_OBSERVED,tracking,0,1850,"(1452948046641, 5, 18110031447199154478, 3, 4, 12, 1847)",1,135735066638878,1,50808000000,1,134613087549345,0,0,0,12000000,PAIRED_ROS_CLOCK
C_SHARED_SIM_CLOCK_11008_MONOTONE_SAMPLES,EXACT_KEY_OBSERVED,tracking,0,1851,"(1452948046641, 5, 18110031447199154478, 3, 4, 12, 1848)",1,135735066638878,1,50824000000,1,134613087549345,0,0,0,12000000,PAIRED_ROS_CLOCK
C_SHARED_SIM_CLOCK_11008_MONOTONE_SAMPLES,EXACT_KEY_OBSERVED,tracking,0,1852,"(1452948046641, 5, 18110031447199154478, 3, 4, 12, 1849)",1,135735066638878,1,50840000000,1,134613087549345,0,0,0,12000000,PAIRED_ROS_CLOCK
C_SHARED_SIM_CLOCK_11008_MONOTONE_SAMPLES,EXACT_KEY_OBSERVED,tracking,0,1853,"(1452948046641, 5, 18110031447199154478, 3, 4, 12, 1850)",1,135735066638878,1,50856000000,1,134613087549345,0,0,0,12000000,PAIRED_ROS_CLOCK
C_SHARED_SIM_CLOCK_11008_MONOTONE_SAMPLES,EXACT_KEY_OBSERVED,tracking,0,1854,"(1452948046641, 5, 18110031447199154478, 3, 4, 12, 1851)",1,135735066638878,1,50872000000,1,134613087549345,0,0,0,12000000,PAIRED_ROS_CLOCK
C_SHARED_SIM_CLOCK_11008_MONOTONE_SAMPLES,EXACT_KEY_OBSERVED,tracking,0,1855,"(1452948046641, 5, 18110031447199154478, 3, 4, 12, 1852)",1,135735066638878,1,50888000000,1,134613087549345,0,0,0,12000000,PAIRED_ROS_CLOCK
C_SHARED_SIM_CLOCK_11008_MONOTONE_SAMPLES,EXACT_KEY_OBSERVED,tracking,0,1856,"(1452948046641, 5, 18110031447199154478, 3, 4, 12, 1853)",1,135735066638878,1,50904000000,1,134613087549345,0,0,0,12000000,PAIRED_ROS_CLOCK
C_SHARED_SIM_CLOCK_11008_MONOTONE_SAMPLES,EXACT_KEY_OBSERVED,tracking,0,1857,"(1452948046641, 5, 18110031447199154478, 3, 4, 12, 1854)",1,135735066638878,1,50920000000,1,134613087549345,0,0,0,12000000,PAIRED_ROS_CLOCK
C_SHARED_SIM_CLOCK_11008_MONOTONE_SAMPLES,EXACT_KEY_OBSERVED,tracking,0,1858,"(1452948046641, 5, 18110031447199154478, 3, 4, 12, 1855)",1,135735066638878,1,50936000000,1,134613087549345,0,0,0,12000000,PAIRED_ROS_CLOCK
C_SHARED_SIM_CLOCK_11008_MONOTONE_SAMPLES,EXACT_KEY_OBSERVED,tracking,0,1859,"(1452948046641, 5, 18110031447199154478, 3, 4, 12, 1856)",1,135735066638878,1,50952000000,1,134613087549345,0,0,0,12000000,PAIRED_ROS_CLOCK
C_SHARED_SIM_CLOCK_11008_MONOTONE_SAMPLES,EXACT_KEY_OBSERVED,tracking,0,1860,"(1452948046641, 5, 18110031447199154478, 3, 4, 12, 1857)",1,135735066638878,1,50968000000,1,134613087549345,0,0,0,12000000,PAIRED_ROS_CLOCK
C_SHARED_SIM_CLOCK_11008_MONOTONE_SAMPLES,EXACT_KEY_OBSERVED,tracking,0,1861,"(1452948046641, 5, 18110031447199154478, 3, 4, 12, 1858)",1,135735066638878,1,50984000000,1,134613087549345,0,0,0,12000000,PAIRED_ROS_CLOCK
C_SHARED_SIM_CLOCK_11008_MONOTONE_SAMPLES,EXACT_KEY_OBSERVED,tracking,0,1862,"(1452948046641, 5, 18110031447199154478, 3, 4, 12, 1859)",1,135735066638878,1,51000000000,1,134613087549345,0,0,0,12000000,PAIRED_ROS_CLOCK
C_SHARED_SIM_CLOCK_11008_MONOTONE_SAMPLES,EXACT_KEY_OBSERVED,tracking,0,1863,"(1452948046641, 5, 18110031447199154478, 3, 4, 12, 1860)",1,135735066638878,1,51016000000,1,134613087549345,0,0,0,12000000,PAIRED_ROS_CLOCK
C_SHARED_SIM_CLOCK_11008_MONOTONE_SAMPLES,EXACT_KEY_OBSERVED,tracking,0,1864,"(1452948046641, 5, 18110031447199154478, 3, 4, 12, 1861)",1,135735066638878,1,51032000000,1,134613087549345,0,0,0,12000000,PAIRED_ROS_CLOCK
C_SHARED_SIM_CLOCK_11008_MONOTONE_SAMPLES,EXACT_KEY_OBSERVED,tracking,0,1865,"(1452948046641, 5, 18110031447199154478, 3, 4, 12, 1862)",1,135735066638878,1,51048000000,1,134613087549345,0,0,0,12000000,PAIRED_ROS_CLOCK
C_SHARED_SIM_CLOCK_11008_MONOTONE_SAMPLES,EXACT_KEY_OBSERVED,tracking,0,1866,"(1452948046641, 5, 18110031447199154478, 3, 4, 12, 1863)",1,135735066638878,1,51064000000,1,134613087549345,0,0,0,12000000,PAIRED_ROS_CLOCK
C_SHARED_SIM_CLOCK_11008_MONOTONE_SAMPLES,EXACT_KEY_OBSERVED,tracking,0,1867,"(1452948046641, 5, 18110031447199154478, 3, 4, 12, 1864)",1,135735066638878,1,51080000000,1,134613087549345,0,0,0,12000000,PAIRED_ROS_CLOCK
C_SHARED_SIM_CLOCK_11008_MONOTONE_SAMPLES,EXACT_KEY_OBSERVED,tracking,0,1868,"(1452948046641, 5, 18110031447199154478, 3, 4, 12, 1865)",1,135735066638878,1,51096000000,1,134613087549345,0,0,0,12000000,PAIRED_ROS_CLOCK
C_SHARED_SIM_CLOCK_11008_MONOTONE_SAMPLES,EXACT_KEY_OBSERVED,tracking,0,1869,"(1452948046641, 5, 18110031447199154478, 3, 4, 12, 1866)",1,135735066638878,1,51112000000,1,134613087549345,0,0,0,12000000,PAIRED_ROS_CLOCK
C_SHARED_SIM_CLOCK_11008_MONOTONE_SAMPLES,EXACT_KEY_OBSERVED,tracking,0,1870,"(1452948046641, 5, 18110031447199154478, 3, 4, 12, 1867)",1,135735066638878,1,51128000000,1,134613087549345,0,0,0,12000000,PAIRED_ROS_CLOCK
C_SHARED_SIM_CLOCK_11008_MONOTONE_SAMPLES,EXACT_KEY_OBSERVED,tracking,0,1871,"(1452948046641, 5, 18110031447199154478, 3, 4, 12, 1868)",1,135735066638878,1,51144000000,1,134613087549345,0,0,0,12000000,PAIRED_ROS_CLOCK
C_SHARED_SIM_CLOCK_11008_MONOTONE_SAMPLES,EXACT_KEY_OBSERVED,tracking,0,1872,"(1452948046641, 5, 18110031447199154478, 3, 4, 12, 1869)",1,135735066638878,1,51160000000,1,134613087549345,0,0,0,12000000,PAIRED_ROS_CLOCK
C_SHARED_SIM_CLOCK_11008_MONOTONE_SAMPLES,EXACT_KEY_OBSERVED,tracking,0,1873,"(1452948046641, 5, 18110031447199154478, 3, 4, 12, 1870)",1,135735066638878,1,51176000000,1,134613087549345,0,0,0,12000000,PAIRED_ROS_CLOCK
C_SHARED_SIM_CLOCK_11008_MONOTONE_SAMPLES,EXACT_KEY_OBSERVED,tracking,0,1874,"(1452948046641, 5, 18110031447199154478, 3, 4, 12, 1871)",1,135735066638878,1,51192000000,1,134613087549345,0,0,0,12000000,PAIRED_ROS_CLOCK
C_SHARED_SIM_CLOCK_11008_MONOTONE_SAMPLES,EXACT_KEY_OBSERVED,tracking,0,1875,"(1452948046641, 5, 18110031447199154478, 3, 4, 12, 1872)",1,135735066638878,1,51208000000,1,134613087549345,0,0,0,12000000,PAIRED_ROS_CLOCK
C_SHARED_SIM_CLOCK_11008_MONOTONE_SAMPLES,EXACT_KEY_OBSERVED,tracking,0,1876,"(1452948046641, 5, 18110031447199154478, 3, 4, 12, 1873)",1,135735066638878,1,51224000000,1,134613087549345,0,0,0,12000000,PAIRED_ROS_CLOCK
C_SHARED_SIM_CLOCK_11008_MONOTONE_SAMPLES,EXACT_KEY_OBSERVED,tracking,0,1877,"(1452948046641, 5, 18110031447199154478, 3, 4, 12, 1874)",1,135735066638878,1,51240000000,1,134613087549345,0,0,0,12000000,PAIRED_ROS_CLOCK
C_SHARED_SIM_CLOCK_11008_MONOTONE_SAMPLES,EXACT_KEY_OBSERVED,tracking,0,1878,"(1452948046641, 5, 18110031447199154478, 3, 4, 12, 1875)",1,135735066638878,1,51256000000,1,134613087549345,0,0,0,12000000,PAIRED_ROS_CLOCK
C_SHARED_SIM_CLOCK_11008_MONOTONE_SAMPLES,EXACT_KEY_OBSERVED,tracking,0,1879,"(1452948046641, 5, 18110031447199154478, 3, 4, 12, 1876)",1,135735066638878,1,51272000000,1,134613087549345,0,0,0,12000000,PAIRED_ROS_CLOCK
C_SHARED_SIM_CLOCK_11008_MONOTONE_SAMPLES,EXACT_KEY_OBSERVED,tracking,0,1880,"(1452948046641, 5, 18110031447199154478, 3, 4, 12, 1877)",1,135735066638878,1,51288000000,1,134613087549345,0,0,0,12000000,PAIRED_ROS_CLOCK
C_SHARED_SIM_CLOCK_11008_MONOTONE_SAMPLES,EXACT_KEY_OBSERVED,tracking,0,1881,"(1452948046641, 5, 18110031447199154478, 3, 4, 12, 1878)",1,135735066638878,1,51304000000,1,134613087549345,0,0,0,12000000,PAIRED_ROS_CLOCK
C_SHARED_SIM_CLOCK_11008_MONOTONE_SAMPLES,EXACT_KEY_OBSERVED,tracking,0,1882,"(1452948046641, 5, 18110031447199154478, 3, 4, 12, 1879)",1,135735066638878,1,51320000000,1,134613087549345,0,0,0,12000000,PAIRED_ROS_CLOCK
C_SHARED_SIM_CLOCK_11008_MONOTONE_SAMPLES,EXACT_KEY_OBSERVED,tracking,0,1883,"(1452948046641, 5, 18110031447199154478, 3, 4, 12, 1880)",1,135735066638878,1,51336000000,1,134613087549345,0,0,0,12000000,PAIRED_ROS_CLOCK
C_SHARED_SIM_CLOCK_11008_MONOTONE_SAMPLES,EXACT_KEY_OBSERVED,tracking,0,1884,"(1452948046641, 5, 18110031447199154478, 3, 4, 12, 1881)",1,135735066638878,1,51352000000,1,134613087549345,0,0,0,12000000,PAIRED_ROS_CLOCK
C_SHARED_SIM_CLOCK_11008_MONOTONE_SAMPLES,EXACT_KEY_OBSERVED,tracking,0,1885,"(1452948046641, 5, 18110031447199154478, 3, 4, 12, 1882)",1,135735066638878,1,51368000000,1,134613087549345,0,0,0,12000000,PAIRED_ROS_CLOCK
C_SHARED_SIM_CLOCK_11008_MONOTONE_SAMPLES,EXACT_KEY_OBSERVED,tracking,0,1886,"(1452948046641, 5, 18110031447199154478, 3, 4, 12, 1883)",1,135735066638878,1,51384000000,1,134613087549345,0,0,0,12000000,PAIRED_ROS_CLOCK
C_SHARED_SIM_CLOCK_11008_MONOTONE_SAMPLES,EXACT_KEY_OBSERVED,tracking,0,1887,"(1452948046641, 5, 18110031447199154478, 3, 4, 12, 1884)",1,135735066638878,1,51400000000,1,134613087549345,0,0,0,12000000,PAIRED_ROS_CLOCK
C_SHARED_SIM_CLOCK_11008_MONOTONE_SAMPLES,EXACT_KEY_OBSERVED,tracking,0,1888,"(1452948046641, 5, 18110031447199154478, 3, 4, 12, 1885)",1,135735066638878,1,51416000000,1,134613087549345,0,0,0,12000000,PAIRED_ROS_CLOCK
C_SHARED_SIM_CLOCK_11008_MONOTONE_SAMPLES,EXACT_KEY_OBSERVED,tracking,0,1889,"(1452948046641, 5, 18110031447199154478, 3, 4, 12, 1886)",1,135735066638878,1,51432000000,1,134613087549345,0,0,0,12000000,PAIRED_ROS_CLOCK
C_SHARED_SIM_CLOCK_11008_MONOTONE_SAMPLES,EXACT_KEY_OBSERVED,tracking,0,1890,"(1452948046641, 5, 18110031447199154478, 3, 4, 12, 1887)",1,135735066638878,1,51448000000,1,134613087549345,0,0,0,12000000,PAIRED_ROS_CLOCK
C_SHARED_SIM_CLOCK_11008_MONOTONE_SAMPLES,EXACT_KEY_OBSERVED,tracking,0,1891,"(1452948046641, 5, 18110031447199154478, 3, 4, 12, 1888)",1,135735066638878,1,51464000000,1,134613087549345,0,0,0,12000000,PAIRED_ROS_CLOCK
C_SHARED_SIM_CLOCK_11008_MONOTONE_SAMPLES,EXACT_KEY_OBSERVED,tracking,0,1892,"(1452948046641, 5, 18110031447199154478, 3, 4, 12, 1889)",1,135735066638878,1,51480000000,1,134613087549345,0,0,0,12000000,PAIRED_ROS_CLOCK
C_SHARED_SIM_CLOCK_11008_MONOTONE_SAMPLES,EXACT_KEY_OBSERVED,tracking,0,1893,"(1452948046641, 5, 18110031447199154478, 3, 4, 12, 1890)",1,135735066638878,1,51496000000,1,134613087549345,0,0,0,12000000,PAIRED_ROS_CLOCK
C_SHARED_SIM_CLOCK_11008_MONOTONE_SAMPLES,EXACT_KEY_OBSERVED,tracking,0,1894,"(1452948046641, 5, 18110031447199154478, 3, 4, 12, 1891)",1,135735066638878,1,51512000000,1,134613087549345,0,0,0,12000000,PAIRED_ROS_CLOCK
C_SHARED_SIM_CLOCK_11008_MONOTONE_SAMPLES,EXACT_KEY_OBSERVED,tracking,0,1895,"(1452948046641, 5, 18110031447199154478, 3, 4, 12, 1892)",1,135735066638878,1,51528000000,1,134613087549345,0,0,0,12000000,PAIRED_ROS_CLOCK
C_SHARED_SIM_CLOCK_11008_MONOTONE_SAMPLES,EXACT_KEY_OBSERVED,tracking,0,1896,"(1452948046641, 5, 18110031447199154478, 3, 4, 12, 1893)",1,135735066638878,1,51544000000,1,134613087549345,0,0,0,12000000,PAIRED_ROS_CLOCK
C_SHARED_SIM_CLOCK_11008_MONOTONE_SAMPLES,EXACT_KEY_OBSERVED,tracking,0,1897,"(1452948046641, 5, 18110031447199154478, 3, 4, 12, 1894)",1,135735066638878,1,51560000000,1,134613087549345,0,0,0,12000000,PAIRED_ROS_CLOCK
C_SHARED_SIM_CLOCK_11008_MONOTONE_SAMPLES,EXACT_KEY_OBSERVED,tracking,0,1898,"(1452948046641, 5, 18110031447199154478, 3, 4, 12, 1895)",1,135735066638878,1,51576000000,1,134613087549345,0,0,0,12000000,PAIRED_ROS_CLOCK
C_SHARED_SIM_CLOCK_11008_MONOTONE_SAMPLES,EXACT_KEY_OBSERVED,tracking,0,1899,"(1452948046641, 5, 18110031447199154478, 3, 4, 12, 1896)",1,135735066638878,1,51592000000,1,134613087549345,0,0,0,12000000,PAIRED_ROS_CLOCK
C_SHARED_SIM_CLOCK_11008_MONOTONE_SAMPLES,EXACT_KEY_OBSERVED,tracking,0,1900,"(1452948046641, 5, 18110031447199154478, 3, 4, 12, 1897)",1,135735066638878,1,51608000000,1,134613087549345,0,0,0,12000000,PAIRED_ROS_CLOCK
C_SHARED_SIM_CLOCK_11008_MONOTONE_SAMPLES,EXACT_KEY_OBSERVED,tracking,0,1901,"(1452948046641, 5, 18110031447199154478, 3, 4, 12, 1898)",1,135735066638878,1,51624000000,1,134613087549345,0,0,0,12000000,PAIRED_ROS_CLOCK
C_SHARED_SIM_CLOCK_11008_MONOTONE_SAMPLES,EXACT_KEY_OBSERVED,tracking,0,1902,"(1452948046641, 5, 18110031447199154478, 3, 4, 12, 1899)",1,135735066638878,1,51640000000,1,134613087549345,0,0,0,12000000,PAIRED_ROS_CLOCK
C_SHARED_SIM_CLOCK_11008_MONOTONE_SAMPLES,EXACT_KEY_OBSERVED,tracking,0,1903,"(1452948046641, 5, 18110031447199154478, 3, 4, 12, 1900)",1,135735066638878,1,51656000000,1,134613087549345,0,0,0,12000000,PAIRED_ROS_CLOCK
C_SHARED_SIM_CLOCK_11008_MONOTONE_SAMPLES,EXACT_KEY_OBSERVED,tracking,0,1904,"(1452948046641, 5, 18110031447199154478, 3, 4, 12, 1901)",1,135735066638878,1,51672000000,1,134613087549345,0,0,0,12000000,PAIRED_ROS_CLOCK
C_SHARED_SIM_CLOCK_11008_MONOTONE_SAMPLES,EXACT_KEY_OBSERVED,tracking,0,1905,"(1452948046641, 5, 18110031447199154478, 3, 4, 12, 1902)",1,135735066638878,1,51688000000,1,134613087549345,0,0,0,12000000,PAIRED_ROS_CLOCK
C_SHARED_SIM_CLOCK_11008_MONOTONE_SAMPLES,EXACT_KEY_OBSERVED,tracking,0,1906,"(1452948046641, 5, 18110031447199154478, 3, 4, 12, 1903)",1,135735066638878,1,51704000000,1,134613087549345,0,0,0,12000000,PAIRED_ROS_CLOCK
C_SHARED_SIM_CLOCK_11008_MONOTONE_SAMPLES,EXACT_KEY_OBSERVED,tracking,0,1907,"(1452948046641, 5, 18110031447199154478, 3, 4, 12, 1904)",1,135735066638878,1,51720000000,1,134613087549345,0,0,0,12000000,PAIRED_ROS_CLOCK
C_SHARED_SIM_CLOCK_11008_MONOTONE_SAMPLES,EXACT_KEY_OBSERVED,tracking,0,1908,"(1452948046641, 5, 18110031447199154478, 3, 4, 12, 1905)",1,135735066638878,1,51736000000,1,134613087549345,0,0,0,12000000,PAIRED_ROS_CLOCK
C_SHARED_SIM_CLOCK_11008_MONOTONE_SAMPLES,EXACT_KEY_OBSERVED,tracking,0,1909,"(1452948046641, 5, 18110031447199154478, 3, 4, 12, 1906)",1,135735066638878,1,51752000000,1,134613087549345,0,0,0,12000000,PAIRED_ROS_CLOCK
C_SHARED_SIM_CLOCK_11008_MONOTONE_SAMPLES,EXACT_KEY_OBSERVED,tracking,0,1910,"(1452948046641, 5, 18110031447199154478, 3, 4, 12, 1907)",1,135735066638878,1,51768000000,1,134613087549345,0,0,0,12000000,PAIRED_ROS_CLOCK
C_SHARED_SIM_CLOCK_11008_MONOTONE_SAMPLES,EXACT_KEY_OBSERVED,tracking,0,1911,"(1452948046641, 5, 18110031447199154478, 3, 4, 12, 1908)",1,135735066638878,1,51784000000,1,134613087549345,0,0,0,12000000,PAIRED_ROS_CLOCK
C_SHARED_SIM_CLOCK_11008_MONOTONE_SAMPLES,EXACT_KEY_OBSERVED,tracking,0,1912,"(1452948046641, 5, 18110031447199154478, 3, 4, 12, 1909)",1,135735066638878,1,51800000000,1,134613087549345,0,0,0,12000000,PAIRED_ROS_CLOCK
C_SHARED_SIM_CLOCK_11008_MONOTONE_SAMPLES,EXACT_KEY_OBSERVED,tracking,0,1913,"(1452948046641, 5, 18110031447199154478, 3, 4, 12, 1910)",1,135735066638878,1,51816000000,1,134613087549345,0,0,0,12000000,PAIRED_ROS_CLOCK
C_SHARED_SIM_CLOCK_11008_MONOTONE_SAMPLES,EXACT_KEY_OBSERVED,tracking,0,1914,"(1452948046641, 5, 18110031447199154478, 3, 4, 12, 1911)",1,135735066638878,1,51832000000,1,134613087549345,0,0,0,12000000,PAIRED_ROS_CLOCK
C_SHARED_SIM_CLOCK_11008_MONOTONE_SAMPLES,EXACT_KEY_OBSERVED,tracking,0,1915,"(1452948046641, 5, 18110031447199154478, 3, 4, 12, 1912)",1,135735066638878,1,51848000000,1,134613087549345,0,0,0,12000000,PAIRED_ROS_CLOCK
C_SHARED_SIM_CLOCK_11008_MONOTONE_SAMPLES,EXACT_KEY_OBSERVED,tracking,0,1916,"(1452948046641, 5, 18110031447199154478, 3, 4, 12, 1913)",1,135735066638878,1,51864000000,1,134613087549345,0,0,0,12000000,PAIRED_ROS_CLOCK
C_SHARED_SIM_CLOCK_11008_MONOTONE_SAMPLES,EXACT_KEY_OBSERVED,tracking,0,1917,"(1452948046641, 5, 18110031447199154478, 3, 4, 12, 1914)",1,135735066638878,1,51880000000,1,134613087549345,0,0,0,12000000,PAIRED_ROS_CLOCK
C_SHARED_SIM_CLOCK_11008_MONOTONE_SAMPLES,EXACT_KEY_OBSERVED,tracking,0,1918,"(1452948046641, 5, 18110031447199154478, 3, 4, 12, 1915)",1,135735066638878,1,51896000000,1,134613087549345,0,0,0,12000000,PAIRED_ROS_CLOCK
C_SHARED_SIM_CLOCK_11008_MONOTONE_SAMPLES,EXACT_KEY_OBSERVED,tracking,0,1919,"(1452948046641, 5, 18110031447199154478, 3, 4, 12, 1916)",1,135735066638878,1,51912000000,1,134613087549345,0,0,0,12000000,PAIRED_ROS_CLOCK
C_SHARED_SIM_CLOCK_11008_MONOTONE_SAMPLES,EXACT_KEY_OBSERVED,tracking,0,1920,"(1452948046641, 5, 18110031447199154478, 3, 4, 12, 1917)",1,135735066638878,1,51928000000,1,134613087549345,0,0,0,12000000,PAIRED_ROS_CLOCK
C_SHARED_SIM_CLOCK_11008_MONOTONE_SAMPLES,EXACT_KEY_OBSERVED,tracking,0,1921,"(1452948046641, 5, 18110031447199154478, 3, 4, 12, 1918)",1,135735066638878,1,51944000000,1,134613087549345,0,0,0,12000000,PAIRED_ROS_CLOCK
C_SHARED_SIM_CLOCK_11008_MONOTONE_SAMPLES,EXACT_KEY_OBSERVED,tracking,0,1922,"(1452948046641, 5, 18110031447199154478, 3, 4, 12, 1919)",1,135735066638878,1,51960000000,1,134613087549345,0,0,0,12000000,PAIRED_ROS_CLOCK
C_SHARED_SIM_CLOCK_11008_MONOTONE_SAMPLES,EXACT_KEY_OBSERVED,tracking,0,1923,"(1452948046641, 5, 18110031447199154478, 3, 4, 12, 1920)",1,135735066638878,1,51976000000,1,134613087549345,0,0,0,12000000,PAIRED_ROS_CLOCK
C_SHARED_SIM_CLOCK_11008_MONOTONE_SAMPLES,EXACT_KEY_OBSERVED,tracking,0,1924,"(1452948046641, 5, 18110031447199154478, 3, 4, 12, 1921)",1,135735066638878,1,51992000000,1,134613087549345,0,0,0,12000000,PAIRED_ROS_CLOCK
C_SHARED_SIM_CLOCK_11008_MONOTONE_SAMPLES,EXACT_KEY_OBSERVED,tracking,0,1925,"(1452948046641, 5, 18110031447199154478, 3, 4, 12, 1922)",1,135735066638878,1,52008000000,1,134613087549345,0,0,0,12000000,PAIRED_ROS_CLOCK
C_SHARED_SIM_CLOCK_11008_MONOTONE_SAMPLES,EXACT_KEY_OBSERVED,tracking,0,1926,"(1452948046641, 5, 18110031447199154478, 3, 4, 12, 1923)",1,135735066638878,1,52024000000,1,134613087549345,0,0,0,12000000,PAIRED_ROS_CLOCK
C_SHARED_SIM_CLOCK_11008_MONOTONE_SAMPLES,EXACT_KEY_OBSERVED,tracking,0,1927,"(1452948046641, 5, 18110031447199154478, 3, 4, 12, 1924)",1,135735066638878,1,52040000000,1,134613087549345,0,0,0,12000000,PAIRED_ROS_CLOCK
C_SHARED_SIM_CLOCK_11008_MONOTONE_SAMPLES,EXACT_KEY_OBSERVED,tracking,0,1928,"(1452948046641, 5, 18110031447199154478, 3, 4, 12, 1925)",1,135735066638878,1,52056000000,1,134613087549345,0,0,0,12000000,PAIRED_ROS_CLOCK
C_SHARED_SIM_CLOCK_11008_MONOTONE_SAMPLES,EXACT_KEY_OBSERVED,tracking,0,1929,"(1452948046641, 5, 18110031447199154478, 3, 4, 12, 1926)",1,135735066638878,1,52072000000,1,134613087549345,0,0,0,12000000,PAIRED_ROS_CLOCK
C_SHARED_SIM_CLOCK_11008_MONOTONE_SAMPLES,EXACT_KEY_OBSERVED,tracking,0,1930,"(1452948046641, 5, 18110031447199154478, 3, 4, 12, 1927)",1,135735066638878,1,52088000000,1,134613087549345,0,0,0,12000000,PAIRED_ROS_CLOCK
C_SHARED_SIM_CLOCK_11008_MONOTONE_SAMPLES,EXACT_KEY_OBSERVED,tracking,0,1931,"(1452948046641, 5, 18110031447199154478, 3, 4, 12, 1928)",1,135735066638878,1,52104000000,1,134613087549345,0,0,0,12000000,PAIRED_ROS_CLOCK
C_SHARED_SIM_CLOCK_11008_MONOTONE_SAMPLES,EXACT_KEY_OBSERVED,tracking,0,1932,"(1452948046641, 5, 18110031447199154478, 3, 4, 12, 1929)",1,135735066638878,1,52120000000,1,134613087549345,0,0,0,12000000,PAIRED_ROS_CLOCK
C_SHARED_SIM_CLOCK_11008_MONOTONE_SAMPLES,EXACT_KEY_OBSERVED,tracking,0,1933,"(1452948046641, 5, 18110031447199154478, 3, 4, 12, 1930)",1,135735066638878,1,52136000000,1,134613087549345,0,0,0,12000000,PAIRED_ROS_CLOCK
C_SHARED_SIM_CLOCK_11008_MONOTONE_SAMPLES,EXACT_KEY_OBSERVED,tracking,0,1934,"(1452948046641, 5, 18110031447199154478, 3, 4, 12, 1931)",1,135735066638878,1,52152000000,1,134613087549345,0,0,0,12000000,PAIRED_ROS_CLOCK
C_SHARED_SIM_CLOCK_11008_MONOTONE_SAMPLES,EXACT_KEY_OBSERVED,tracking,0,1935,"(1452948046641, 5, 18110031447199154478, 3, 4, 12, 1932)",1,135735066638878,1,52168000000,1,134613087549345,0,0,0,12000000,PAIRED_ROS_CLOCK
C_SHARED_SIM_CLOCK_11008_MONOTONE_SAMPLES,EXACT_KEY_OBSERVED,tracking,0,1936,"(1452948046641, 5, 18110031447199154478, 3, 4, 12, 1933)",1,135735066638878,1,52184000000,1,134613087549345,0,0,0,12000000,PAIRED_ROS_CLOCK
C_SHARED_SIM_CLOCK_11008_MONOTONE_SAMPLES,EXACT_KEY_OBSERVED,tracking,0,1937,"(1452948046641, 5, 18110031447199154478, 3, 4, 12, 1934)",1,135735066638878,1,52200000000,1,134613087549345,0,0,0,12000000,PAIRED_ROS_CLOCK
C_SHARED_SIM_CLOCK_11008_MONOTONE_SAMPLES,EXACT_KEY_OBSERVED,tracking,0,1938,"(1452948046641, 5, 18110031447199154478, 3, 4, 12, 1935)",1,135735066638878,1,52216000000,1,134613087549345,0,0,0,12000000,PAIRED_ROS_CLOCK
C_SHARED_SIM_CLOCK_11008_MONOTONE_SAMPLES,EXACT_KEY_OBSERVED,tracking,0,1939,"(1452948046641, 5, 18110031447199154478, 3, 4, 12, 1936)",1,135735066638878,1,52232000000,1,134613087549345,0,0,0,12000000,PAIRED_ROS_CLOCK
C_SHARED_SIM_CLOCK_11008_MONOTONE_SAMPLES,EXACT_KEY_OBSERVED,tracking,0,1940,"(1452948046641, 5, 18110031447199154478, 3, 4, 12, 1937)",1,135735066638878,1,52248000000,1,134613087549345,0,0,0,12000000,PAIRED_ROS_CLOCK
C_SHARED_SIM_CLOCK_11008_MONOTONE_SAMPLES,EXACT_KEY_OBSERVED,tracking,0,1941,"(1452948046641, 5, 18110031447199154478, 3, 4, 12, 1938)",1,135735066638878,1,52264000000,1,134613087549345,0,0,0,12000000,PAIRED_ROS_CLOCK
C_SHARED_SIM_CLOCK_11008_MONOTONE_SAMPLES,EXACT_KEY_OBSERVED,tracking,0,1942,"(1452948046641, 5, 18110031447199154478, 3, 4, 12, 1939)",1,135735066638878,1,52280000000,1,134613087549345,0,0,0,12000000,PAIRED_ROS_CLOCK
C_SHARED_SIM_CLOCK_11008_MONOTONE_SAMPLES,EXACT_KEY_OBSERVED,tracking,0,1943,"(1452948046641, 5, 18110031447199154478, 3, 4, 12, 1940)",1,135735066638878,1,52296000000,1,134613087549345,0,0,0,12000000,PAIRED_ROS_CLOCK
C_SHARED_SIM_CLOCK_11008_MONOTONE_SAMPLES,EXACT_KEY_OBSERVED,tracking,0,1944,"(1452948046641, 5, 18110031447199154478, 3, 4, 12, 1941)",1,135735066638878,1,52312000000,1,134613087549345,0,0,0,12000000,PAIRED_ROS_CLOCK
C_SHARED_SIM_CLOCK_11008_MONOTONE_SAMPLES,EXACT_KEY_OBSERVED,tracking,0,1945,"(1452948046641, 5, 18110031447199154478, 3, 4, 12, 1942)",1,135735066638878,1,52328000000,1,134613087549345,0,0,0,12000000,PAIRED_ROS_CLOCK
C_SHARED_SIM_CLOCK_11008_MONOTONE_SAMPLES,EXACT_KEY_OBSERVED,tracking,0,1946,"(1452948046641, 5, 18110031447199154478, 3, 4, 12, 1943)",1,135735066638878,1,52344000000,1,134613087549345,0,0,0,12000000,PAIRED_ROS_CLOCK
C_SHARED_SIM_CLOCK_11008_MONOTONE_SAMPLES,EXACT_KEY_OBSERVED,tracking,0,1947,"(1452948046641, 5, 18110031447199154478, 3, 4, 12, 1944)",1,135735066638878,1,52360000000,1,134613087549345,0,0,0,12000000,PAIRED_ROS_CLOCK
C_SHARED_SIM_CLOCK_11008_MONOTONE_SAMPLES,EXACT_KEY_OBSERVED,tracking,0,1948,"(1452948046641, 5, 18110031447199154478, 3, 4, 12, 1945)",1,135735066638878,1,52376000000,1,134613087549345,0,0,0,12000000,PAIRED_ROS_CLOCK
C_SHARED_SIM_CLOCK_11008_MONOTONE_SAMPLES,EXACT_KEY_OBSERVED,tracking,0,1949,"(1452948046641, 5, 18110031447199154478, 3, 4, 12, 1946)",1,135735066638878,1,52392000000,1,134613087549345,0,0,0,12000000,PAIRED_ROS_CLOCK
C_SHARED_SIM_CLOCK_11008_MONOTONE_SAMPLES,EXACT_KEY_OBSERVED,tracking,0,1950,"(1452948046641, 5, 18110031447199154478, 3, 4, 12, 1947)",1,135735066638878,1,52408000000,1,134613087549345,0,0,0,12000000,PAIRED_ROS_CLOCK
C_SHARED_SIM_CLOCK_11008_MONOTONE_SAMPLES,EXACT_KEY_OBSERVED,tracking,0,1951,"(1452948046641, 5, 18110031447199154478, 3, 4, 12, 1948)",1,135735066638878,1,52424000000,1,134613087549345,0,0,0,12000000,PAIRED_ROS_CLOCK
C_SHARED_SIM_CLOCK_11008_MONOTONE_SAMPLES,EXACT_KEY_OBSERVED,tracking,0,1952,"(1452948046641, 5, 18110031447199154478, 3, 4, 12, 1949)",1,135735066638878,1,52440000000,1,134613087549345,0,0,0,12000000,PAIRED_ROS_CLOCK
C_SHARED_SIM_CLOCK_11008_MONOTONE_SAMPLES,EXACT_KEY_OBSERVED,tracking,0,1953,"(1452948046641, 5, 18110031447199154478, 3, 4, 12, 1950)",1,135735066638878,1,52456000000,1,134613087549345,0,0,0,12000000,PAIRED_ROS_CLOCK
C_SHARED_SIM_CLOCK_11008_MONOTONE_SAMPLES,EXACT_KEY_OBSERVED,tracking,0,1954,"(1452948046641, 5, 18110031447199154478, 3, 4, 12, 1951)",1,135735066638878,1,52472000000,1,134613087549345,0,0,0,12000000,PAIRED_ROS_CLOCK
C_SHARED_SIM_CLOCK_11008_MONOTONE_SAMPLES,EXACT_KEY_OBSERVED,tracking,0,1955,"(1452948046641, 5, 18110031447199154478, 3, 4, 12, 1952)",1,135735066638878,1,52488000000,1,134613087549345,0,0,0,12000000,PAIRED_ROS_CLOCK
C_SHARED_SIM_CLOCK_11008_MONOTONE_SAMPLES,EXACT_KEY_OBSERVED,tracking,0,1956,"(1452948046641, 5, 18110031447199154478, 3, 4, 12, 1953)",1,135735066638878,1,52504000000,1,134613087549345,0,0,0,12000000,PAIRED_ROS_CLOCK
C_SHARED_SIM_CLOCK_11008_MONOTONE_SAMPLES,EXACT_KEY_OBSERVED,tracking,0,1957,"(1452948046641, 5, 18110031447199154478, 3, 4, 12, 1954)",1,135735066638878,1,52520000000,1,134613087549345,0,0,0,12000000,PAIRED_ROS_CLOCK
C_SHARED_SIM_CLOCK_11008_MONOTONE_SAMPLES,EXACT_KEY_OBSERVED,tracking,0,1958,"(1452948046641, 5, 18110031447199154478, 3, 4, 12, 1955)",1,135735066638878,1,52536000000,1,134613087549345,0,0,0,12000000,PAIRED_ROS_CLOCK
C_SHARED_SIM_CLOCK_11008_MONOTONE_SAMPLES,EXACT_KEY_OBSERVED,tracking,0,1959,"(1452948046641, 5, 18110031447199154478, 3, 4, 12, 1956)",1,135735066638878,1,52552000000,1,134613087549345,0,0,0,12000000,PAIRED_ROS_CLOCK
C_SHARED_SIM_CLOCK_11008_MONOTONE_SAMPLES,EXACT_KEY_OBSERVED,tracking,0,1960,"(1452948046641, 5, 18110031447199154478, 3, 4, 12, 1957)",1,135735066638878,1,52568000000,1,134613087549345,0,0,0,12000000,PAIRED_ROS_CLOCK
C_SHARED_SIM_CLOCK_11008_MONOTONE_SAMPLES,EXACT_KEY_OBSERVED,tracking,0,1961,"(1452948046641, 5, 18110031447199154478, 3, 4, 12, 1958)",1,135735066638878,1,52584000000,1,134613087549345,0,0,0,12000000,PAIRED_ROS_CLOCK
C_SHARED_SIM_CLOCK_11008_MONOTONE_SAMPLES,EXACT_KEY_OBSERVED,tracking,0,1962,"(1452948046641, 5, 18110031447199154478, 3, 4, 12, 1959)",1,135735066638878,1,52600000000,1,134613087549345,0,0,0,12000000,PAIRED_ROS_CLOCK
C_SHARED_SIM_CLOCK_11008_MONOTONE_SAMPLES,EXACT_KEY_OBSERVED,tracking,0,1963,"(1452948046641, 5, 18110031447199154478, 3, 4, 12, 1960)",1,135735066638878,1,52616000000,1,134613087549345,0,0,0,12000000,PAIRED_ROS_CLOCK
C_SHARED_SIM_CLOCK_11008_MONOTONE_SAMPLES,EXACT_KEY_OBSERVED,tracking,0,1964,"(1452948046641, 5, 18110031447199154478, 3, 4, 12, 1961)",1,135735066638878,1,52632000000,1,134613087549345,0,0,0,12000000,PAIRED_ROS_CLOCK
C_SHARED_SIM_CLOCK_11008_MONOTONE_SAMPLES,EXACT_KEY_OBSERVED,tracking,0,1965,"(1452948046641, 5, 18110031447199154478, 3, 4, 12, 1962)",1,135735066638878,1,52648000000,1,134613087549345,0,0,0,12000000,PAIRED_ROS_CLOCK
C_SHARED_SIM_CLOCK_11008_MONOTONE_SAMPLES,EXACT_KEY_OBSERVED,tracking,0,1966,"(1452948046641, 5, 18110031447199154478, 3, 4, 12, 1963)",1,135735066638878,1,52664000000,1,134613087549345,0,0,0,12000000,PAIRED_ROS_CLOCK
C_SHARED_SIM_CLOCK_11008_MONOTONE_SAMPLES,EXACT_KEY_OBSERVED,tracking,0,1967,"(1452948046641, 5, 18110031447199154478, 3, 4, 12, 1964)",1,135735066638878,1,52680000000,1,134613087549345,0,0,0,12000000,PAIRED_ROS_CLOCK
C_SHARED_SIM_CLOCK_11008_MONOTONE_SAMPLES,EXACT_KEY_OBSERVED,tracking,0,1968,"(1452948046641, 5, 18110031447199154478, 3, 4, 12, 1965)",1,135735066638878,1,52696000000,1,134613087549345,0,0,0,12000000,PAIRED_ROS_CLOCK
C_SHARED_SIM_CLOCK_11008_MONOTONE_SAMPLES,EXACT_KEY_OBSERVED,tracking,0,1969,"(1452948046641, 5, 18110031447199154478, 3, 4, 12, 1966)",1,135735066638878,1,52712000000,1,134613087549345,0,0,0,12000000,PAIRED_ROS_CLOCK
C_SHARED_SIM_CLOCK_11008_MONOTONE_SAMPLES,EXACT_KEY_OBSERVED,tracking,0,1970,"(1452948046641, 5, 18110031447199154478, 3, 4, 12, 1967)",1,135735066638878,1,52728000000,1,134613087549345,0,0,0,12000000,PAIRED_ROS_CLOCK
C_SHARED_SIM_CLOCK_11008_MONOTONE_SAMPLES,EXACT_KEY_OBSERVED,tracking,0,1971,"(1452948046641, 5, 18110031447199154478, 3, 4, 12, 1968)",1,135735066638878,1,52744000000,1,134613087549345,0,0,0,12000000,PAIRED_ROS_CLOCK
C_SHARED_SIM_CLOCK_11008_MONOTONE_SAMPLES,EXACT_KEY_OBSERVED,tracking,0,1972,"(1452948046641, 5, 18110031447199154478, 3, 4, 12, 1969)",1,135735066638878,1,52760000000,1,134613087549345,0,0,0,12000000,PAIRED_ROS_CLOCK
C_SHARED_SIM_CLOCK_11008_MONOTONE_SAMPLES,EXACT_KEY_OBSERVED,tracking,0,1973,"(1452948046641, 5, 18110031447199154478, 3, 4, 12, 1970)",1,135735066638878,1,52776000000,1,134613087549345,0,0,0,12000000,PAIRED_ROS_CLOCK
C_SHARED_SIM_CLOCK_11008_MONOTONE_SAMPLES,EXACT_KEY_OBSERVED,tracking,0,1974,"(1452948046641, 5, 18110031447199154478, 3, 4, 12, 1971)",1,135735066638878,1,52792000000,1,134613087549345,0,0,0,12000000,PAIRED_ROS_CLOCK
C_SHARED_SIM_CLOCK_11008_MONOTONE_SAMPLES,EXACT_KEY_OBSERVED,tracking,0,1975,"(1452948046641, 5, 18110031447199154478, 3, 4, 12, 1972)",1,135735066638878,1,52808000000,1,134613087549345,0,0,0,12000000,PAIRED_ROS_CLOCK
C_SHARED_SIM_CLOCK_11008_MONOTONE_SAMPLES,EXACT_KEY_OBSERVED,tracking,0,1976,"(1452948046641, 5, 18110031447199154478, 3, 4, 12, 1973)",1,135735066638878,1,52824000000,1,134613087549345,0,0,0,12000000,PAIRED_ROS_CLOCK
C_SHARED_SIM_CLOCK_11008_MONOTONE_SAMPLES,EXACT_KEY_OBSERVED,tracking,0,1977,"(1452948046641, 5, 18110031447199154478, 3, 4, 12, 1974)",1,135735066638878,1,52840000000,1,134613087549345,0,0,0,12000000,PAIRED_ROS_CLOCK
C_SHARED_SIM_CLOCK_11008_MONOTONE_SAMPLES,EXACT_KEY_OBSERVED,tracking,0,1978,"(1452948046641, 5, 18110031447199154478, 3, 4, 12, 1975)",1,135735066638878,1,52856000000,1,134613087549345,0,0,0,12000000,PAIRED_ROS_CLOCK
C_SHARED_SIM_CLOCK_11008_MONOTONE_SAMPLES,EXACT_KEY_OBSERVED,tracking,0,1979,"(1452948046641, 5, 18110031447199154478, 3, 4, 12, 1976)",1,135735066638878,1,52872000000,1,134613087549345,0,0,0,12000000,PAIRED_ROS_CLOCK
C_SHARED_SIM_CLOCK_11008_MONOTONE_SAMPLES,EXACT_KEY_OBSERVED,tracking,0,1980,"(1452948046641, 5, 18110031447199154478, 3, 4, 12, 1977)",1,135735066638878,1,52888000000,1,134613087549345,0,0,0,12000000,PAIRED_ROS_CLOCK
C_SHARED_SIM_CLOCK_11008_MONOTONE_SAMPLES,EXACT_KEY_OBSERVED,tracking,0,1981,"(1452948046641, 5, 18110031447199154478, 3, 4, 12, 1978)",1,135735066638878,1,52904000000,1,134613087549345,0,0,0,12000000,PAIRED_ROS_CLOCK
C_SHARED_SIM_CLOCK_11008_MONOTONE_SAMPLES,EXACT_KEY_OBSERVED,tracking,0,1982,"(1452948046641, 5, 18110031447199154478, 3, 4, 12, 1979)",1,135735066638878,1,52920000000,1,134613087549345,0,0,0,12000000,PAIRED_ROS_CLOCK
C_SHARED_SIM_CLOCK_11008_MONOTONE_SAMPLES,EXACT_KEY_OBSERVED,tracking,0,1983,"(1452948046641, 5, 18110031447199154478, 3, 4, 12, 1980)",1,135735066638878,1,52936000000,1,134613087549345,0,0,0,12000000,PAIRED_ROS_CLOCK
C_SHARED_SIM_CLOCK_11008_MONOTONE_SAMPLES,EXACT_KEY_OBSERVED,tracking,0,1984,"(1452948046641, 5, 18110031447199154478, 3, 4, 12, 1981)",1,135735066638878,1,52952000000,1,134613087549345,0,0,0,12000000,PAIRED_ROS_CLOCK
C_SHARED_SIM_CLOCK_11008_MONOTONE_SAMPLES,EXACT_KEY_OBSERVED,tracking,0,1985,"(1452948046641, 5, 18110031447199154478, 3, 4, 12, 1982)",1,135735066638878,1,52968000000,1,134613087549345,0,0,0,12000000,PAIRED_ROS_CLOCK
C_SHARED_SIM_CLOCK_11008_MONOTONE_SAMPLES,EXACT_KEY_OBSERVED,tracking,0,1986,"(1452948046641, 5, 18110031447199154478, 3, 4, 12, 1983)",1,135735066638878,1,52984000000,1,134613087549345,0,0,0,12000000,PAIRED_ROS_CLOCK
C_SHARED_SIM_CLOCK_11008_MONOTONE_SAMPLES,EXACT_KEY_OBSERVED,tracking,0,1987,"(1452948046641, 5, 18110031447199154478, 3, 4, 12, 1984)",1,135735066638878,1,53000000000,1,134613087549345,0,0,0,12000000,PAIRED_ROS_CLOCK
C_SHARED_SIM_CLOCK_11008_MONOTONE_SAMPLES,EXACT_KEY_OBSERVED,tracking,0,1988,"(1452948046641, 5, 18110031447199154478, 3, 4, 12, 1985)",1,135735066638878,1,53016000000,1,134613087549345,0,0,0,12000000,PAIRED_ROS_CLOCK
C_SHARED_SIM_CLOCK_11008_MONOTONE_SAMPLES,EXACT_KEY_OBSERVED,tracking,0,1989,"(1452948046641, 5, 18110031447199154478, 3, 4, 12, 1986)",1,135735066638878,1,53032000000,1,134613087549345,0,0,0,12000000,PAIRED_ROS_CLOCK
C_SHARED_SIM_CLOCK_11008_MONOTONE_SAMPLES,EXACT_KEY_OBSERVED,tracking,0,1990,"(1452948046641, 5, 18110031447199154478, 3, 4, 12, 1987)",1,135735066638878,1,53048000000,1,134613087549345,0,0,0,12000000,PAIRED_ROS_CLOCK
C_SHARED_SIM_CLOCK_11008_MONOTONE_SAMPLES,EXACT_KEY_OBSERVED,tracking,0,1991,"(1452948046641, 5, 18110031447199154478, 3, 4, 12, 1988)",1,135735066638878,1,53064000000,1,134613087549345,0,0,0,12000000,PAIRED_ROS_CLOCK
C_SHARED_SIM_CLOCK_11008_MONOTONE_SAMPLES,EXACT_KEY_OBSERVED,tracking,0,1992,"(1452948046641, 5, 18110031447199154478, 3, 4, 12, 1989)",1,135735066638878,1,53080000000,1,134613087549345,0,0,0,12000000,PAIRED_ROS_CLOCK
C_SHARED_SIM_CLOCK_11008_MONOTONE_SAMPLES,EXACT_KEY_OBSERVED,tracking,0,1993,"(1452948046641, 5, 18110031447199154478, 3, 4, 12, 1990)",1,135735066638878,1,53096000000,1,134613087549345,0,0,0,12000000,PAIRED_ROS_CLOCK
C_SHARED_SIM_CLOCK_11008_MONOTONE_SAMPLES,EXACT_KEY_OBSERVED,tracking,0,1994,"(1452948046641, 5, 18110031447199154478, 3, 4, 12, 1991)",1,135735066638878,1,53112000000,1,134613087549345,0,0,0,12000000,PAIRED_ROS_CLOCK
C_SHARED_SIM_CLOCK_11008_MONOTONE_SAMPLES,EXACT_KEY_OBSERVED,tracking,0,1995,"(1452948046641, 5, 18110031447199154478, 3, 4, 12, 1992)",1,135735066638878,1,53128000000,1,134613087549345,0,0,0,12000000,PAIRED_ROS_CLOCK
C_SHARED_SIM_CLOCK_11008_MONOTONE_SAMPLES,EXACT_KEY_OBSERVED,tracking,0,1996,"(1452948046641, 5, 18110031447199154478, 3, 4, 12, 1993)",1,135735066638878,1,53144000000,1,134613087549345,0,0,0,12000000,PAIRED_ROS_CLOCK
C_SHARED_SIM_CLOCK_11008_MONOTONE_SAMPLES,EXACT_KEY_OBSERVED,tracking,0,1997,"(1452948046641, 5, 18110031447199154478, 3, 4, 12, 1994)",1,135735066638878,1,53160000000,1,134613087549345,0,0,0,12000000,PAIRED_ROS_CLOCK
C_SHARED_SIM_CLOCK_11008_MONOTONE_SAMPLES,EXACT_KEY_OBSERVED,tracking,0,1998,"(1452948046641, 5, 18110031447199154478, 3, 4, 12, 1995)",1,135735066638878,1,53176000000,1,134613087549345,0,0,0,12000000,PAIRED_ROS_CLOCK
C_SHARED_SIM_CLOCK_11008_MONOTONE_SAMPLES,EXACT_KEY_OBSERVED,tracking,0,1999,"(1452948046641, 5, 18110031447199154478, 3, 4, 12, 1996)",1,135735066638878,1,53192000000,1,134613087549345,0,0,0,12000000,PAIRED_ROS_CLOCK
C_SHARED_SIM_CLOCK_11008_MONOTONE_SAMPLES,EXACT_KEY_OBSERVED,tracking,0,2000,"(1452948046641, 5, 18110031447199154478, 3, 4, 12, 1997)",1,135735066638878,1,53208000000,1,134613087549345,0,0,0,12000000,PAIRED_ROS_CLOCK
C_SHARED_SIM_CLOCK_11008_MONOTONE_SAMPLES,EXACT_KEY_OBSERVED,tracking,0,2001,"(1452948046641, 5, 18110031447199154478, 3, 4, 12, 1998)",1,135735066638878,1,53224000000,1,134613087549345,0,0,0,12000000,PAIRED_ROS_CLOCK
C_SHARED_SIM_CLOCK_11008_MONOTONE_SAMPLES,EXACT_KEY_OBSERVED,tracking,0,2002,"(1452948046641, 5, 18110031447199154478, 3, 4, 12, 1999)",1,135735066638878,1,53240000000,1,134613087549345,0,0,0,12000000,PAIRED_ROS_CLOCK
C_SHARED_SIM_CLOCK_11008_MONOTONE_SAMPLES,EXACT_KEY_OBSERVED,tracking,0,2003,"(1452948046641, 5, 18110031447199154478, 3, 4, 12, 2000)",1,135735066638878,1,53256000000,1,134613087549345,0,0,0,12000000,PAIRED_ROS_CLOCK
C_SHARED_SIM_CLOCK_11008_MONOTONE_SAMPLES,EXACT_KEY_OBSERVED,tracking,0,2004,"(1452948046641, 5, 18110031447199154478, 3, 4, 12, 2001)",1,135735066638878,1,53272000000,1,134613087549345,0,0,0,12000000,PAIRED_ROS_CLOCK
C_SHARED_SIM_CLOCK_11008_MONOTONE_SAMPLES,EXACT_KEY_OBSERVED,tracking,0,2005,"(1452948046641, 5, 18110031447199154478, 3, 4, 12, 2002)",1,135735066638878,1,53288000000,1,134613087549345,0,0,0,12000000,PAIRED_ROS_CLOCK
C_SHARED_SIM_CLOCK_11008_MONOTONE_SAMPLES,EXACT_KEY_OBSERVED,tracking,0,2006,"(1452948046641, 5, 18110031447199154478, 3, 4, 12, 2003)",1,135735066638878,1,53304000000,1,134613087549345,0,0,0,12000000,PAIRED_ROS_CLOCK
C_SHARED_SIM_CLOCK_11008_MONOTONE_SAMPLES,EXACT_KEY_OBSERVED,tracking,0,2007,"(1452948046641, 5, 18110031447199154478, 3, 4, 12, 2004)",1,135735066638878,1,53320000000,1,134613087549345,0,0,0,12000000,PAIRED_ROS_CLOCK
C_SHARED_SIM_CLOCK_11008_MONOTONE_SAMPLES,EXACT_KEY_OBSERVED,tracking,0,2008,"(1452948046641, 5, 18110031447199154478, 3, 4, 12, 2005)",1,135735066638878,1,53336000000,1,134613087549345,0,0,0,12000000,PAIRED_ROS_CLOCK
C_SHARED_SIM_CLOCK_11008_MONOTONE_SAMPLES,EXACT_KEY_OBSERVED,tracking,0,2009,"(1452948046641, 5, 18110031447199154478, 3, 4, 12, 2006)",1,135735066638878,1,53352000000,1,134613087549345,0,0,0,12000000,PAIRED_ROS_CLOCK
C_SHARED_SIM_CLOCK_11008_MONOTONE_SAMPLES,EXACT_KEY_OBSERVED,tracking,0,2010,"(1452948046641, 5, 18110031447199154478, 3, 4, 12, 2007)",1,135735066638878,1,53368000000,1,134613087549345,0,0,0,12000000,PAIRED_ROS_CLOCK
C_SHARED_SIM_CLOCK_11008_MONOTONE_SAMPLES,EXACT_KEY_OBSERVED,tracking,0,2011,"(1452948046641, 5, 18110031447199154478, 3, 4, 12, 2008)",1,135735066638878,1,53384000000,1,134613087549345,0,0,0,12000000,PAIRED_ROS_CLOCK
C_SHARED_SIM_CLOCK_11008_MONOTONE_SAMPLES,EXACT_KEY_OBSERVED,tracking,0,2012,"(1452948046641, 5, 18110031447199154478, 3, 4, 12, 2009)",1,135735066638878,1,53400000000,1,134613087549345,0,0,0,12000000,PAIRED_ROS_CLOCK
C_SHARED_SIM_CLOCK_11008_MONOTONE_SAMPLES,EXACT_KEY_OBSERVED,tracking,0,2013,"(1452948046641, 5, 18110031447199154478, 3, 4, 12, 2010)",1,135735066638878,1,53416000000,1,134613087549345,0,0,0,12000000,PAIRED_ROS_CLOCK
C_SHARED_SIM_CLOCK_11008_MONOTONE_SAMPLES,EXACT_KEY_OBSERVED,tracking,0,2014,"(1452948046641, 5, 18110031447199154478, 3, 4, 12, 2011)",1,135735066638878,1,53432000000,1,134613087549345,0,0,0,12000000,PAIRED_ROS_CLOCK
C_SHARED_SIM_CLOCK_11008_MONOTONE_SAMPLES,EXACT_KEY_OBSERVED,tracking,0,2015,"(1452948046641, 5, 18110031447199154478, 3, 4, 12, 2012)",1,135735066638878,1,53448000000,1,134613087549345,0,0,0,12000000,PAIRED_ROS_CLOCK
C_SHARED_SIM_CLOCK_11008_MONOTONE_SAMPLES,EXACT_KEY_OBSERVED,tracking,0,2016,"(1452948046641, 5, 18110031447199154478, 3, 4, 12, 2013)",1,135735066638878,1,53464000000,1,134613087549345,0,0,0,12000000,PAIRED_ROS_CLOCK
C_SHARED_SIM_CLOCK_11008_MONOTONE_SAMPLES,EXACT_KEY_OBSERVED,tracking,0,2017,"(1452948046641, 5, 18110031447199154478, 3, 4, 12, 2014)",1,135735066638878,1,53480000000,1,134613087549345,0,0,0,12000000,PAIRED_ROS_CLOCK
C_SHARED_SIM_CLOCK_11008_MONOTONE_SAMPLES,EXACT_KEY_OBSERVED,tracking,0,2018,"(1452948046641, 5, 18110031447199154478, 3, 4, 12, 2015)",1,135735066638878,1,53496000000,1,134613087549345,0,0,0,12000000,PAIRED_ROS_CLOCK
C_SHARED_SIM_CLOCK_11008_MONOTONE_SAMPLES,EXACT_KEY_OBSERVED,tracking,0,2019,"(1452948046641, 5, 18110031447199154478, 3, 4, 12, 2016)",1,135735066638878,1,53512000000,1,134613087549345,0,0,0,12000000,PAIRED_ROS_CLOCK
C_SHARED_SIM_CLOCK_11008_MONOTONE_SAMPLES,EXACT_KEY_OBSERVED,tracking,0,2020,"(1452948046641, 5, 18110031447199154478, 3, 4, 12, 2017)",1,135735066638878,1,53528000000,1,134613087549345,0,0,0,12000000,PAIRED_ROS_CLOCK
C_SHARED_SIM_CLOCK_11008_MONOTONE_SAMPLES,EXACT_KEY_OBSERVED,tracking,0,2021,"(1452948046641, 5, 18110031447199154478, 3, 4, 12, 2018)",1,135735066638878,1,53544000000,1,134613087549345,0,0,0,12000000,PAIRED_ROS_CLOCK
C_SHARED_SIM_CLOCK_11008_MONOTONE_SAMPLES,EXACT_KEY_OBSERVED,tracking,0,2022,"(1452948046641, 5, 18110031447199154478, 3, 4, 12, 2019)",1,135735066638878,1,53560000000,1,134613087549345,0,0,0,12000000,PAIRED_ROS_CLOCK
C_SHARED_SIM_CLOCK_11008_MONOTONE_SAMPLES,EXACT_KEY_OBSERVED,tracking,0,2023,"(1452948046641, 5, 18110031447199154478, 3, 4, 12, 2020)",1,135735066638878,1,53576000000,1,134613087549345,0,0,0,12000000,PAIRED_ROS_CLOCK
C_SHARED_SIM_CLOCK_11008_MONOTONE_SAMPLES,EXACT_KEY_OBSERVED,tracking,0,2024,"(1452948046641, 5, 18110031447199154478, 3, 4, 12, 2021)",1,135735066638878,1,53592000000,1,134613087549345,0,0,0,12000000,PAIRED_ROS_CLOCK
C_SHARED_SIM_CLOCK_11008_MONOTONE_SAMPLES,EXACT_KEY_OBSERVED,tracking,0,2025,"(1452948046641, 5, 18110031447199154478, 3, 4, 12, 2022)",1,135735066638878,1,53608000000,1,134613087549345,0,0,0,12000000,PAIRED_ROS_CLOCK
C_SHARED_SIM_CLOCK_11008_MONOTONE_SAMPLES,EXACT_KEY_OBSERVED,tracking,0,2026,"(1452948046641, 5, 18110031447199154478, 3, 4, 12, 2023)",1,135735066638878,1,53624000000,1,134613087549345,0,0,0,12000000,PAIRED_ROS_CLOCK
C_SHARED_SIM_CLOCK_11008_MONOTONE_SAMPLES,EXACT_KEY_OBSERVED,tracking,0,2027,"(1452948046641, 5, 18110031447199154478, 3, 4, 12, 2024)",1,135735066638878,1,53640000000,1,134613087549345,0,0,0,12000000,PAIRED_ROS_CLOCK
C_SHARED_SIM_CLOCK_11008_MONOTONE_SAMPLES,EXACT_KEY_OBSERVED,tracking,0,2028,"(1452948046641, 5, 18110031447199154478, 3, 4, 12, 2025)",1,135735066638878,1,53656000000,1,134613087549345,0,0,0,12000000,PAIRED_ROS_CLOCK
C_SHARED_SIM_CLOCK_11008_MONOTONE_SAMPLES,EXACT_KEY_OBSERVED,tracking,0,2029,"(1452948046641, 5, 18110031447199154478, 3, 4, 12, 2026)",1,135735066638878,1,53672000000,1,134613087549345,0,0,0,12000000,PAIRED_ROS_CLOCK
C_SHARED_SIM_CLOCK_11008_MONOTONE_SAMPLES,EXACT_KEY_OBSERVED,tracking,0,2030,"(1452948046641, 5, 18110031447199154478, 3, 4, 12, 2027)",1,135735066638878,1,53688000000,1,134613087549345,0,0,0,12000000,PAIRED_ROS_CLOCK
C_SHARED_SIM_CLOCK_11008_MONOTONE_SAMPLES,EXACT_KEY_OBSERVED,tracking,0,2031,"(1452948046641, 5, 18110031447199154478, 3, 4, 12, 2028)",1,135735066638878,1,53704000000,1,134613087549345,0,0,0,12000000,PAIRED_ROS_CLOCK
C_SHARED_SIM_CLOCK_11008_MONOTONE_SAMPLES,EXACT_KEY_OBSERVED,tracking,0,2032,"(1452948046641, 5, 18110031447199154478, 3, 4, 12, 2029)",1,135735066638878,1,53720000000,1,134613087549345,0,0,0,12000000,PAIRED_ROS_CLOCK
C_SHARED_SIM_CLOCK_11008_MONOTONE_SAMPLES,EXACT_KEY_OBSERVED,tracking,0,2033,"(1452948046641, 5, 18110031447199154478, 3, 4, 12, 2030)",1,135735066638878,1,53736000000,1,134613087549345,0,0,0,12000000,PAIRED_ROS_CLOCK
C_SHARED_SIM_CLOCK_11008_MONOTONE_SAMPLES,EXACT_KEY_OBSERVED,tracking,0,2034,"(1452948046641, 5, 18110031447199154478, 3, 4, 12, 2031)",1,135735066638878,1,53752000000,1,134613087549345,0,0,0,12000000,PAIRED_ROS_CLOCK
C_SHARED_SIM_CLOCK_11008_MONOTONE_SAMPLES,EXACT_KEY_OBSERVED,tracking,0,2035,"(1452948046641, 5, 18110031447199154478, 3, 4, 12, 2032)",1,135735066638878,1,53768000000,1,134613087549345,0,0,0,12000000,PAIRED_ROS_CLOCK
C_SHARED_SIM_CLOCK_11008_MONOTONE_SAMPLES,EXACT_KEY_OBSERVED,tracking,0,2036,"(1452948046641, 5, 18110031447199154478, 3, 4, 12, 2033)",1,135735066638878,1,53784000000,1,134613087549345,0,0,0,12000000,PAIRED_ROS_CLOCK
C_SHARED_SIM_CLOCK_11008_MONOTONE_SAMPLES,EXACT_KEY_OBSERVED,tracking,0,2037,"(1452948046641, 5, 18110031447199154478, 3, 4, 12, 2034)",1,135735066638878,1,53800000000,1,134613087549345,0,0,0,12000000,PAIRED_ROS_CLOCK
C_SHARED_SIM_CLOCK_11008_MONOTONE_SAMPLES,EXACT_KEY_OBSERVED,tracking,0,2038,"(1452948046641, 5, 18110031447199154478, 3, 4, 12, 2035)",1,135735066638878,1,53816000000,1,134613087549345,0,0,0,12000000,PAIRED_ROS_CLOCK
C_SHARED_SIM_CLOCK_11008_MONOTONE_SAMPLES,EXACT_KEY_OBSERVED,tracking,0,2039,"(1452948046641, 5, 18110031447199154478, 3, 4, 12, 2036)",1,135735066638878,1,53832000000,1,134613087549345,0,0,0,12000000,PAIRED_ROS_CLOCK
C_SHARED_SIM_CLOCK_11008_MONOTONE_SAMPLES,EXACT_KEY_OBSERVED,tracking,0,2040,"(1452948046641, 5, 18110031447199154478, 3, 4, 12, 2037)",1,135735066638878,1,53848000000,1,134613087549345,0,0,0,12000000,PAIRED_ROS_CLOCK
C_SHARED_SIM_CLOCK_11008_MONOTONE_SAMPLES,EXACT_KEY_OBSERVED,tracking,0,2041,"(1452948046641, 5, 18110031447199154478, 3, 4, 12, 2038)",1,135735066638878,1,53864000000,1,134613087549345,0,0,0,12000000,PAIRED_ROS_CLOCK
C_SHARED_SIM_CLOCK_11008_MONOTONE_SAMPLES,EXACT_KEY_OBSERVED,tracking,0,2042,"(1452948046641, 5, 18110031447199154478, 3, 4, 12, 2039)",1,135735066638878,1,53880000000,1,134613087549345,0,0,0,12000000,PAIRED_ROS_CLOCK
C_SHARED_SIM_CLOCK_11008_MONOTONE_SAMPLES,EXACT_KEY_OBSERVED,tracking,0,2043,"(1452948046641, 5, 18110031447199154478, 3, 4, 12, 2040)",1,135735066638878,1,53896000000,1,134613087549345,0,0,0,12000000,PAIRED_ROS_CLOCK
C_SHARED_SIM_CLOCK_11008_MONOTONE_SAMPLES,EXACT_KEY_OBSERVED,tracking,0,2044,"(1452948046641, 5, 18110031447199154478, 3, 4, 12, 2041)",1,135735066638878,1,53912000000,1,134613087549345,0,0,0,12000000,PAIRED_ROS_CLOCK
C_SHARED_SIM_CLOCK_11008_MONOTONE_SAMPLES,EXACT_KEY_OBSERVED,tracking,0,2045,"(1452948046641, 5, 18110031447199154478, 3, 4, 12, 2042)",1,135735066638878,1,53928000000,1,134613087549345,0,0,0,12000000,PAIRED_ROS_CLOCK
C_SHARED_SIM_CLOCK_11008_MONOTONE_SAMPLES,EXACT_KEY_OBSERVED,tracking,0,2046,"(1452948046641, 5, 18110031447199154478, 3, 4, 12, 2043)",1,135735066638878,1,53944000000,1,134613087549345,0,0,0,12000000,PAIRED_ROS_CLOCK
C_SHARED_SIM_CLOCK_11008_MONOTONE_SAMPLES,EXACT_KEY_OBSERVED,tracking,0,2047,"(1452948046641, 5, 18110031447199154478, 3, 4, 12, 2044)",1,135735066638878,1,53960000000,1,134613087549345,0,0,0,12000000,PAIRED_ROS_CLOCK
C_SHARED_SIM_CLOCK_11008_MONOTONE_SAMPLES,EXACT_KEY_OBSERVED,tracking,0,2048,"(1452948046641, 5, 18110031447199154478, 3, 4, 12, 2045)",1,135735066638878,1,53976000000,1,134613087549345,0,0,0,12000000,PAIRED_ROS_CLOCK
C_SHARED_SIM_CLOCK_11008_MONOTONE_SAMPLES,EXACT_KEY_OBSERVED,tracking,0,2049,"(1452948046641, 5, 18110031447199154478, 3, 4, 12, 2046)",1,135735066638878,1,53992000000,1,134613087549345,0,0,0,12000000,PAIRED_ROS_CLOCK
C_SHARED_SIM_CLOCK_11008_MONOTONE_SAMPLES,EXACT_KEY_OBSERVED,tracking,0,2050,"(1452948046641, 5, 18110031447199154478, 3, 4, 12, 2047)",1,135735066638878,1,54008000000,1,134613087549345,0,0,0,12000000,PAIRED_ROS_CLOCK
C_SHARED_SIM_CLOCK_11008_MONOTONE_SAMPLES,EXACT_KEY_OBSERVED,tracking,0,2051,"(1452948046641, 5, 18110031447199154478, 3, 4, 12, 2048)",1,135735066638878,1,54024000000,1,134613087549345,0,0,0,12000000,PAIRED_ROS_CLOCK
C_SHARED_SIM_CLOCK_11008_MONOTONE_SAMPLES,EXACT_KEY_OBSERVED,tracking,0,2052,"(1452948046641, 5, 18110031447199154478, 3, 4, 12, 2049)",1,135735066638878,1,54040000000,1,134613087549345,0,0,0,12000000,PAIRED_ROS_CLOCK
C_SHARED_SIM_CLOCK_11008_MONOTONE_SAMPLES,EXACT_KEY_OBSERVED,tracking,0,2053,"(1452948046641, 5, 18110031447199154478, 3, 4, 12, 2050)",1,135735066638878,1,54056000000,1,134613087549345,0,0,0,12000000,PAIRED_ROS_CLOCK
C_SHARED_SIM_CLOCK_11008_MONOTONE_SAMPLES,EXACT_KEY_OBSERVED,tracking,0,2054,"(1452948046641, 5, 18110031447199154478, 3, 4, 12, 2051)",1,135735066638878,1,54072000000,1,134613087549345,0,0,0,12000000,PAIRED_ROS_CLOCK
C_SHARED_SIM_CLOCK_11008_MONOTONE_SAMPLES,EXACT_KEY_OBSERVED,tracking,0,2055,"(1452948046641, 5, 18110031447199154478, 3, 4, 12, 2052)",1,135735066638878,1,54088000000,1,134613087549345,0,0,0,12000000,PAIRED_ROS_CLOCK
C_SHARED_SIM_CLOCK_11008_MONOTONE_SAMPLES,EXACT_KEY_OBSERVED,tracking,0,2056,"(1452948046641, 5, 18110031447199154478, 3, 4, 12, 2053)",1,135735066638878,1,54104000000,1,134613087549345,0,0,0,12000000,PAIRED_ROS_CLOCK
C_SHARED_SIM_CLOCK_11008_MONOTONE_SAMPLES,EXACT_KEY_OBSERVED,tracking,0,2057,"(1452948046641, 5, 18110031447199154478, 3, 4, 12, 2054)",1,135735066638878,1,54120000000,1,134613087549345,0,0,0,12000000,PAIRED_ROS_CLOCK
C_SHARED_SIM_CLOCK_11008_MONOTONE_SAMPLES,EXACT_KEY_OBSERVED,tracking,0,2058,"(1452948046641, 5, 18110031447199154478, 3, 4, 12, 2055)",1,135735066638878,1,54136000000,1,134613087549345,0,0,0,12000000,PAIRED_ROS_CLOCK
C_SHARED_SIM_CLOCK_11008_MONOTONE_SAMPLES,EXACT_KEY_OBSERVED,tracking,0,2059,"(1452948046641, 5, 18110031447199154478, 3, 4, 12, 2056)",1,135735066638878,1,54152000000,1,134613087549345,0,0,0,12000000,PAIRED_ROS_CLOCK
C_SHARED_SIM_CLOCK_11008_MONOTONE_SAMPLES,EXACT_KEY_OBSERVED,tracking,0,2060,"(1452948046641, 5, 18110031447199154478, 3, 4, 12, 2057)",1,135735066638878,1,54168000000,1,134613087549345,0,0,0,12000000,PAIRED_ROS_CLOCK
C_SHARED_SIM_CLOCK_11008_MONOTONE_SAMPLES,EXACT_KEY_OBSERVED,tracking,0,2061,"(1452948046641, 5, 18110031447199154478, 3, 4, 12, 2058)",1,135735066638878,1,54184000000,1,134613087549345,0,0,0,12000000,PAIRED_ROS_CLOCK
C_SHARED_SIM_CLOCK_11008_MONOTONE_SAMPLES,EXACT_KEY_OBSERVED,tracking,0,2062,"(1452948046641, 5, 18110031447199154478, 3, 4, 12, 2059)",1,135735066638878,1,54200000000,1,134613087549345,0,0,0,12000000,PAIRED_ROS_CLOCK
C_SHARED_SIM_CLOCK_11008_MONOTONE_SAMPLES,EXACT_KEY_OBSERVED,tracking,0,2063,"(1452948046641, 5, 18110031447199154478, 3, 4, 12, 2060)",1,135735066638878,1,54216000000,1,134613087549345,0,0,0,12000000,PAIRED_ROS_CLOCK
C_SHARED_SIM_CLOCK_11008_MONOTONE_SAMPLES,EXACT_KEY_OBSERVED,tracking,0,2064,"(1452948046641, 5, 18110031447199154478, 3, 4, 12, 2061)",1,135735066638878,1,54232000000,1,134613087549345,0,0,0,12000000,PAIRED_ROS_CLOCK
C_SHARED_SIM_CLOCK_11008_MONOTONE_SAMPLES,EXACT_KEY_OBSERVED,tracking,0,2065,"(1452948046641, 5, 18110031447199154478, 3, 4, 12, 2062)",1,135735066638878,1,54248000000,1,134613087549345,0,0,0,12000000,PAIRED_ROS_CLOCK
C_SHARED_SIM_CLOCK_11008_MONOTONE_SAMPLES,EXACT_KEY_OBSERVED,tracking,0,2066,"(1452948046641, 5, 18110031447199154478, 3, 4, 12, 2063)",1,135735066638878,1,54264000000,1,134613087549345,0,0,0,12000000,PAIRED_ROS_CLOCK
C_SHARED_SIM_CLOCK_11008_MONOTONE_SAMPLES,EXACT_KEY_OBSERVED,tracking,0,2067,"(1452948046641, 5, 18110031447199154478, 3, 4, 12, 2064)",1,135735066638878,1,54280000000,1,134613087549345,0,0,0,12000000,PAIRED_ROS_CLOCK
C_SHARED_SIM_CLOCK_11008_MONOTONE_SAMPLES,EXACT_KEY_OBSERVED,tracking,0,2068,"(1452948046641, 5, 18110031447199154478, 3, 4, 12, 2065)",1,135735066638878,1,54296000000,1,134613087549345,0,0,0,12000000,PAIRED_ROS_CLOCK
C_SHARED_SIM_CLOCK_11008_MONOTONE_SAMPLES,EXACT_KEY_OBSERVED,tracking,0,2069,"(1452948046641, 5, 18110031447199154478, 3, 4, 12, 2066)",1,135735066638878,1,54312000000,1,134613087549345,0,0,0,12000000,PAIRED_ROS_CLOCK
C_SHARED_SIM_CLOCK_11008_MONOTONE_SAMPLES,EXACT_KEY_OBSERVED,tracking,0,2070,"(1452948046641, 5, 18110031447199154478, 3, 4, 12, 2067)",1,135735066638878,1,54328000000,1,134613087549345,0,0,0,12000000,PAIRED_ROS_CLOCK
C_SHARED_SIM_CLOCK_11008_MONOTONE_SAMPLES,EXACT_KEY_OBSERVED,tracking,0,2071,"(1452948046641, 5, 18110031447199154478, 3, 4, 12, 2068)",1,135735066638878,1,54344000000,1,134613087549345,0,0,0,12000000,PAIRED_ROS_CLOCK
C_SHARED_SIM_CLOCK_11008_MONOTONE_SAMPLES,EXACT_KEY_OBSERVED,tracking,0,2072,"(1452948046641, 5, 18110031447199154478, 3, 4, 12, 2069)",1,135735066638878,1,54360000000,1,134613087549345,0,0,0,12000000,PAIRED_ROS_CLOCK
C_SHARED_SIM_CLOCK_11008_MONOTONE_SAMPLES,EXACT_KEY_OBSERVED,tracking,0,2073,"(1452948046641, 5, 18110031447199154478, 3, 4, 12, 2070)",1,135735066638878,1,54376000000,1,134613087549345,0,0,0,12000000,PAIRED_ROS_CLOCK
C_SHARED_SIM_CLOCK_11008_MONOTONE_SAMPLES,EXACT_KEY_OBSERVED,tracking,0,2074,"(1452948046641, 5, 18110031447199154478, 3, 4, 12, 2071)",1,135735066638878,1,54392000000,1,134613087549345,0,0,0,12000000,PAIRED_ROS_CLOCK
C_SHARED_SIM_CLOCK_11008_MONOTONE_SAMPLES,EXACT_KEY_OBSERVED,tracking,0,2075,"(1452948046641, 5, 18110031447199154478, 3, 4, 12, 2072)",1,135735066638878,1,54408000000,1,134613087549345,0,0,0,12000000,PAIRED_ROS_CLOCK
C_SHARED_SIM_CLOCK_11008_MONOTONE_SAMPLES,EXACT_KEY_OBSERVED,tracking,0,2076,"(1452948046641, 5, 18110031447199154478, 3, 4, 12, 2073)",1,135735066638878,1,54424000000,1,134613087549345,0,0,0,12000000,PAIRED_ROS_CLOCK
C_SHARED_SIM_CLOCK_11008_MONOTONE_SAMPLES,EXACT_KEY_OBSERVED,tracking,0,2077,"(1452948046641, 5, 18110031447199154478, 3, 4, 12, 2074)",1,135735066638878,1,54440000000,1,134613087549345,0,0,0,12000000,PAIRED_ROS_CLOCK
C_SHARED_SIM_CLOCK_11008_MONOTONE_SAMPLES,EXACT_KEY_OBSERVED,tracking,0,2078,"(1452948046641, 5, 18110031447199154478, 3, 4, 12, 2075)",1,135735066638878,1,54456000000,1,134613087549345,0,0,0,12000000,PAIRED_ROS_CLOCK
C_SHARED_SIM_CLOCK_11008_MONOTONE_SAMPLES,EXACT_KEY_OBSERVED,tracking,0,2079,"(1452948046641, 5, 18110031447199154478, 3, 4, 12, 2076)",1,135735066638878,1,54472000000,1,134613087549345,0,0,0,12000000,PAIRED_ROS_CLOCK
C_SHARED_SIM_CLOCK_11008_MONOTONE_SAMPLES,EXACT_KEY_OBSERVED,tracking,0,2080,"(1452948046641, 5, 18110031447199154478, 3, 4, 12, 2077)",1,135735066638878,1,54488000000,1,134613087549345,0,0,0,12000000,PAIRED_ROS_CLOCK
C_SHARED_SIM_CLOCK_11008_MONOTONE_SAMPLES,EXACT_KEY_OBSERVED,tracking,0,2081,"(1452948046641, 5, 18110031447199154478, 3, 4, 12, 2078)",1,135735066638878,1,54504000000,1,134613087549345,0,0,0,12000000,PAIRED_ROS_CLOCK
C_SHARED_SIM_CLOCK_11008_MONOTONE_SAMPLES,EXACT_KEY_OBSERVED,tracking,0,2082,"(1452948046641, 5, 18110031447199154478, 3, 4, 12, 2079)",1,135735066638878,1,54520000000,1,134613087549345,0,0,0,12000000,PAIRED_ROS_CLOCK
C_SHARED_SIM_CLOCK_11008_MONOTONE_SAMPLES,EXACT_KEY_OBSERVED,tracking,0,2083,"(1452948046641, 5, 18110031447199154478, 3, 4, 12, 2080)",1,135735066638878,1,54536000000,1,134613087549345,0,0,0,12000000,PAIRED_ROS_CLOCK
C_SHARED_SIM_CLOCK_11008_MONOTONE_SAMPLES,EXACT_KEY_OBSERVED,tracking,0,2084,"(1452948046641, 5, 18110031447199154478, 3, 4, 12, 2081)",1,135735066638878,1,54552000000,1,134613087549345,0,0,0,12000000,PAIRED_ROS_CLOCK
C_SHARED_SIM_CLOCK_11008_MONOTONE_SAMPLES,EXACT_KEY_OBSERVED,tracking,0,2085,"(1452948046641, 5, 18110031447199154478, 3, 4, 12, 2082)",1,135735066638878,1,54568000000,1,134613087549345,0,0,0,12000000,PAIRED_ROS_CLOCK
C_SHARED_SIM_CLOCK_11008_MONOTONE_SAMPLES,EXACT_KEY_OBSERVED,tracking,0,2086,"(1452948046641, 5, 18110031447199154478, 3, 4, 12, 2083)",1,135735066638878,1,54584000000,1,134613087549345,0,0,0,12000000,PAIRED_ROS_CLOCK
C_SHARED_SIM_CLOCK_11008_MONOTONE_SAMPLES,EXACT_KEY_OBSERVED,tracking,0,2087,"(1452948046641, 5, 18110031447199154478, 3, 4, 12, 2084)",1,135735066638878,1,54600000000,1,134613087549345,0,0,0,12000000,PAIRED_ROS_CLOCK
C_SHARED_SIM_CLOCK_11008_MONOTONE_SAMPLES,EXACT_KEY_OBSERVED,tracking,0,2088,"(1452948046641, 5, 18110031447199154478, 3, 4, 12, 2085)",1,135735066638878,1,54616000000,1,134613087549345,0,0,0,12000000,PAIRED_ROS_CLOCK
C_SHARED_SIM_CLOCK_11008_MONOTONE_SAMPLES,EXACT_KEY_OBSERVED,tracking,0,2089,"(1452948046641, 5, 18110031447199154478, 3, 4, 12, 2086)",1,135735066638878,1,54632000000,1,134613087549345,0,0,0,12000000,PAIRED_ROS_CLOCK
C_SHARED_SIM_CLOCK_11008_MONOTONE_SAMPLES,EXACT_KEY_OBSERVED,tracking,0,2090,"(1452948046641, 5, 18110031447199154478, 3, 4, 12, 2087)",1,135735066638878,1,54648000000,1,134613087549345,0,0,0,12000000,PAIRED_ROS_CLOCK
C_SHARED_SIM_CLOCK_11008_MONOTONE_SAMPLES,EXACT_KEY_OBSERVED,tracking,0,2091,"(1452948046641, 5, 18110031447199154478, 3, 4, 12, 2088)",1,135735066638878,1,54664000000,1,134613087549345,0,0,0,12000000,PAIRED_ROS_CLOCK
C_SHARED_SIM_CLOCK_11008_MONOTONE_SAMPLES,EXACT_KEY_OBSERVED,tracking,0,2092,"(1452948046641, 5, 18110031447199154478, 3, 4, 12, 2089)",1,135735066638878,1,54680000000,1,134613087549345,0,0,0,12000000,PAIRED_ROS_CLOCK
C_SHARED_SIM_CLOCK_11008_MONOTONE_SAMPLES,EXACT_KEY_OBSERVED,tracking,0,2093,"(1452948046641, 5, 18110031447199154478, 3, 4, 12, 2090)",1,135735066638878,1,54696000000,1,134613087549345,0,0,0,12000000,PAIRED_ROS_CLOCK
C_SHARED_SIM_CLOCK_11008_MONOTONE_SAMPLES,EXACT_KEY_OBSERVED,tracking,0,2094,"(1452948046641, 5, 18110031447199154478, 3, 4, 12, 2091)",1,135735066638878,1,54712000000,1,134613087549345,0,0,0,12000000,PAIRED_ROS_CLOCK
C_SHARED_SIM_CLOCK_11008_MONOTONE_SAMPLES,EXACT_KEY_OBSERVED,tracking,0,2095,"(1452948046641, 5, 18110031447199154478, 3, 4, 12, 2092)",1,135735066638878,1,54728000000,1,134613087549345,0,0,0,12000000,PAIRED_ROS_CLOCK
C_SHARED_SIM_CLOCK_11008_MONOTONE_SAMPLES,EXACT_KEY_OBSERVED,tracking,0,2096,"(1452948046641, 5, 18110031447199154478, 3, 4, 12, 2093)",1,135735066638878,1,54744000000,1,134613087549345,0,0,0,12000000,PAIRED_ROS_CLOCK
C_SHARED_SIM_CLOCK_11008_MONOTONE_SAMPLES,EXACT_KEY_OBSERVED,tracking,0,2097,"(1452948046641, 5, 18110031447199154478, 3, 4, 12, 2094)",1,135735066638878,1,54760000000,1,134613087549345,0,0,0,12000000,PAIRED_ROS_CLOCK
C_SHARED_SIM_CLOCK_11008_MONOTONE_SAMPLES,EXACT_KEY_OBSERVED,tracking,0,2098,"(1452948046641, 5, 18110031447199154478, 3, 4, 12, 2095)",1,135735066638878,1,54776000000,1,134613087549345,0,0,0,12000000,PAIRED_ROS_CLOCK
C_SHARED_SIM_CLOCK_11008_MONOTONE_SAMPLES,EXACT_KEY_OBSERVED,tracking,0,2099,"(1452948046641, 5, 18110031447199154478, 3, 4, 12, 2096)",1,135735066638878,1,54792000000,1,134613087549345,0,0,0,12000000,PAIRED_ROS_CLOCK
C_SHARED_SIM_CLOCK_11008_MONOTONE_SAMPLES,EXACT_KEY_OBSERVED,tracking,0,2100,"(1452948046641, 5, 18110031447199154478, 3, 4, 12, 2097)",1,135735066638878,1,54808000000,1,134613087549345,0,0,0,12000000,PAIRED_ROS_CLOCK
C_SHARED_SIM_CLOCK_11008_MONOTONE_SAMPLES,EXACT_KEY_OBSERVED,tracking,0,2101,"(1452948046641, 5, 18110031447199154478, 3, 4, 12, 2098)",1,135735066638878,1,54824000000,1,134613087549345,0,0,0,12000000,PAIRED_ROS_CLOCK
C_SHARED_SIM_CLOCK_11008_MONOTONE_SAMPLES,EXACT_KEY_OBSERVED,tracking,0,2102,"(1452948046641, 5, 18110031447199154478, 3, 4, 12, 2099)",1,135735066638878,1,54840000000,1,134613087549345,0,0,0,12000000,PAIRED_ROS_CLOCK
C_SHARED_SIM_CLOCK_11008_MONOTONE_SAMPLES,EXACT_KEY_OBSERVED,tracking,0,2103,"(1452948046641, 5, 18110031447199154478, 3, 4, 12, 2100)",1,135735066638878,1,54856000000,1,134613087549345,0,0,0,12000000,PAIRED_ROS_CLOCK
C_SHARED_SIM_CLOCK_11008_MONOTONE_SAMPLES,EXACT_KEY_OBSERVED,tracking,0,2104,"(1452948046641, 5, 18110031447199154478, 3, 4, 12, 2101)",1,135735066638878,1,54872000000,1,134613087549345,0,0,0,12000000,PAIRED_ROS_CLOCK
C_SHARED_SIM_CLOCK_11008_MONOTONE_SAMPLES,EXACT_KEY_OBSERVED,tracking,0,2105,"(1452948046641, 5, 18110031447199154478, 3, 4, 12, 2102)",1,135735066638878,1,54888000000,1,134613087549345,0,0,0,12000000,PAIRED_ROS_CLOCK
C_SHARED_SIM_CLOCK_11008_MONOTONE_SAMPLES,EXACT_KEY_OBSERVED,tracking,0,2106,"(1452948046641, 5, 18110031447199154478, 3, 4, 12, 2103)",1,135735066638878,1,54904000000,1,134613087549345,0,0,0,12000000,PAIRED_ROS_CLOCK
C_SHARED_SIM_CLOCK_11008_MONOTONE_SAMPLES,EXACT_KEY_OBSERVED,tracking,0,2107,"(1452948046641, 5, 18110031447199154478, 3, 4, 12, 2104)",1,135735066638878,1,54920000000,1,134613087549345,0,0,0,12000000,PAIRED_ROS_CLOCK
C_SHARED_SIM_CLOCK_11008_MONOTONE_SAMPLES,EXACT_KEY_OBSERVED,tracking,0,2108,"(1452948046641, 5, 18110031447199154478, 3, 4, 12, 2105)",1,135735066638878,1,54936000000,1,134613087549345,0,0,0,12000000,PAIRED_ROS_CLOCK
C_SHARED_SIM_CLOCK_11008_MONOTONE_SAMPLES,EXACT_KEY_OBSERVED,tracking,0,2109,"(1452948046641, 5, 18110031447199154478, 3, 4, 12, 2106)",1,135735066638878,1,54952000000,1,134613087549345,0,0,0,12000000,PAIRED_ROS_CLOCK
C_SHARED_SIM_CLOCK_11008_MONOTONE_SAMPLES,EXACT_KEY_OBSERVED,tracking,0,2110,"(1452948046641, 5, 18110031447199154478, 3, 4, 12, 2107)",1,135735066638878,1,54968000000,1,134613087549345,0,0,0,12000000,PAIRED_ROS_CLOCK
C_SHARED_SIM_CLOCK_11008_MONOTONE_SAMPLES,EXACT_KEY_OBSERVED,tracking,0,2111,"(1452948046641, 5, 18110031447199154478, 3, 4, 12, 2108)",1,135735066638878,1,54984000000,1,134613087549345,0,0,0,12000000,PAIRED_ROS_CLOCK
C_SHARED_SIM_CLOCK_11008_MONOTONE_SAMPLES,EXACT_KEY_OBSERVED,tracking,0,2112,"(1452948046641, 5, 18110031447199154478, 3, 4, 12, 2109)",1,135735066638878,1,55000000000,1,134613087549345,0,0,0,12000000,PAIRED_ROS_CLOCK
C_SHARED_SIM_CLOCK_11008_MONOTONE_SAMPLES,EXACT_KEY_OBSERVED,tracking,0,2113,"(1452948046641, 5, 18110031447199154478, 3, 4, 12, 2110)",1,135735066638878,1,55016000000,1,134613087549345,0,0,0,12000000,PAIRED_ROS_CLOCK
C_SHARED_SIM_CLOCK_11008_MONOTONE_SAMPLES,EXACT_KEY_OBSERVED,tracking,0,2114,"(1452948046641, 5, 18110031447199154478, 3, 4, 12, 2111)",1,135735066638878,1,55032000000,1,134613087549345,0,0,0,12000000,PAIRED_ROS_CLOCK
C_SHARED_SIM_CLOCK_11008_MONOTONE_SAMPLES,EXACT_KEY_OBSERVED,tracking,0,2115,"(1452948046641, 5, 18110031447199154478, 3, 4, 12, 2112)",1,135735066638878,1,55048000000,1,134613087549345,0,0,0,12000000,PAIRED_ROS_CLOCK
C_SHARED_SIM_CLOCK_11008_MONOTONE_SAMPLES,EXACT_KEY_OBSERVED,tracking,0,2116,"(1452948046641, 5, 18110031447199154478, 3, 4, 12, 2113)",1,135735066638878,1,55064000000,1,134613087549345,0,0,0,12000000,PAIRED_ROS_CLOCK
C_SHARED_SIM_CLOCK_11008_MONOTONE_SAMPLES,EXACT_KEY_OBSERVED,tracking,0,2117,"(1452948046641, 5, 18110031447199154478, 3, 4, 12, 2114)",1,135735066638878,1,55080000000,1,134613087549345,0,0,0,12000000,PAIRED_ROS_CLOCK
C_SHARED_SIM_CLOCK_11008_MONOTONE_SAMPLES,EXACT_KEY_OBSERVED,tracking,0,2118,"(1452948046641, 5, 18110031447199154478, 3, 4, 12, 2115)",1,135735066638878,1,55096000000,1,134613087549345,0,0,0,12000000,PAIRED_ROS_CLOCK
C_SHARED_SIM_CLOCK_11008_MONOTONE_SAMPLES,EXACT_KEY_OBSERVED,tracking,0,2119,"(1452948046641, 5, 18110031447199154478, 3, 4, 12, 2116)",1,135735066638878,1,55112000000,1,134613087549345,0,0,0,12000000,PAIRED_ROS_CLOCK
C_SHARED_SIM_CLOCK_11008_MONOTONE_SAMPLES,EXACT_KEY_OBSERVED,tracking,0,2120,"(1452948046641, 5, 18110031447199154478, 3, 4, 12, 2117)",1,135735066638878,1,55128000000,1,134613087549345,0,0,0,12000000,PAIRED_ROS_CLOCK
C_SHARED_SIM_CLOCK_11008_MONOTONE_SAMPLES,EXACT_KEY_OBSERVED,tracking,0,2121,"(1452948046641, 5, 18110031447199154478, 3, 4, 12, 2118)",1,135735066638878,1,55144000000,1,134613087549345,0,0,0,12000000,PAIRED_ROS_CLOCK
C_SHARED_SIM_CLOCK_11008_MONOTONE_SAMPLES,EXACT_KEY_OBSERVED,tracking,0,2122,"(1452948046641, 5, 18110031447199154478, 3, 4, 12, 2119)",1,135735066638878,1,55160000000,1,134613087549345,0,0,0,12000000,PAIRED_ROS_CLOCK
C_SHARED_SIM_CLOCK_11008_MONOTONE_SAMPLES,EXACT_KEY_OBSERVED,tracking,0,2123,"(1452948046641, 5, 18110031447199154478, 3, 4, 12, 2120)",1,135735066638878,1,55176000000,1,134613087549345,0,0,0,12000000,PAIRED_ROS_CLOCK
C_SHARED_SIM_CLOCK_11008_MONOTONE_SAMPLES,EXACT_KEY_OBSERVED,tracking,0,2124,"(1452948046641, 5, 18110031447199154478, 3, 4, 12, 2121)",1,135735066638878,1,55192000000,1,134613087549345,0,0,0,12000000,PAIRED_ROS_CLOCK
C_SHARED_SIM_CLOCK_11008_MONOTONE_SAMPLES,EXACT_KEY_OBSERVED,tracking,0,2125,"(1452948046641, 5, 18110031447199154478, 3, 4, 12, 2122)",1,135735066638878,1,55208000000,1,134613087549345,0,0,0,12000000,PAIRED_ROS_CLOCK
C_SHARED_SIM_CLOCK_11008_MONOTONE_SAMPLES,EXACT_KEY_OBSERVED,tracking,0,2126,"(1452948046641, 5, 18110031447199154478, 3, 4, 12, 2123)",1,135735066638878,1,55224000000,1,134613087549345,0,0,0,12000000,PAIRED_ROS_CLOCK
C_SHARED_SIM_CLOCK_11008_MONOTONE_SAMPLES,EXACT_KEY_OBSERVED,tracking,0,2127,"(1452948046641, 5, 18110031447199154478, 3, 4, 12, 2124)",1,135735066638878,1,55240000000,1,134613087549345,0,0,0,12000000,PAIRED_ROS_CLOCK
C_SHARED_SIM_CLOCK_11008_MONOTONE_SAMPLES,EXACT_KEY_OBSERVED,tracking,0,2128,"(1452948046641, 5, 18110031447199154478, 3, 4, 12, 2125)",1,135735066638878,1,55256000000,1,134613087549345,0,0,0,12000000,PAIRED_ROS_CLOCK
C_SHARED_SIM_CLOCK_11008_MONOTONE_SAMPLES,EXACT_KEY_OBSERVED,tracking,0,2129,"(1452948046641, 5, 18110031447199154478, 3, 4, 12, 2126)",1,135735066638878,1,55272000000,1,134613087549345,0,0,0,12000000,PAIRED_ROS_CLOCK
C_SHARED_SIM_CLOCK_11008_MONOTONE_SAMPLES,EXACT_KEY_OBSERVED,tracking,0,2130,"(1452948046641, 5, 18110031447199154478, 3, 4, 12, 2127)",1,135735066638878,1,55288000000,1,134613087549345,0,0,0,12000000,PAIRED_ROS_CLOCK
C_SHARED_SIM_CLOCK_11008_MONOTONE_SAMPLES,EXACT_KEY_OBSERVED,tracking,0,2131,"(1452948046641, 5, 18110031447199154478, 3, 4, 12, 2128)",1,135735066638878,1,55304000000,1,134613087549345,0,0,0,12000000,PAIRED_ROS_CLOCK
C_SHARED_SIM_CLOCK_11008_MONOTONE_SAMPLES,EXACT_KEY_OBSERVED,tracking,0,2132,"(1452948046641, 5, 18110031447199154478, 3, 4, 12, 2129)",1,135735066638878,1,55320000000,1,134613087549345,0,0,0,12000000,PAIRED_ROS_CLOCK
C_SHARED_SIM_CLOCK_11008_MONOTONE_SAMPLES,EXACT_KEY_OBSERVED,tracking,0,2133,"(1452948046641, 5, 18110031447199154478, 3, 4, 12, 2130)",1,135735066638878,1,55336000000,1,134613087549345,0,0,0,12000000,PAIRED_ROS_CLOCK
C_SHARED_SIM_CLOCK_11008_MONOTONE_SAMPLES,EXACT_KEY_OBSERVED,tracking,0,2134,"(1452948046641, 5, 18110031447199154478, 3, 4, 12, 2131)",1,135735066638878,1,55352000000,1,134613087549345,0,0,0,12000000,PAIRED_ROS_CLOCK
C_SHARED_SIM_CLOCK_11008_MONOTONE_SAMPLES,EXACT_KEY_OBSERVED,tracking,0,2135,"(1452948046641, 5, 18110031447199154478, 3, 4, 12, 2132)",1,135735066638878,1,55368000000,1,134613087549345,0,0,0,12000000,PAIRED_ROS_CLOCK
C_SHARED_SIM_CLOCK_11008_MONOTONE_SAMPLES,EXACT_KEY_OBSERVED,tracking,0,2136,"(1452948046641, 5, 18110031447199154478, 3, 4, 12, 2133)",1,135735066638878,1,55384000000,1,134613087549345,0,0,0,12000000,PAIRED_ROS_CLOCK
C_SHARED_SIM_CLOCK_11008_MONOTONE_SAMPLES,EXACT_KEY_OBSERVED,tracking,0,2137,"(1452948046641, 5, 18110031447199154478, 3, 4, 12, 2134)",1,135735066638878,1,55400000000,1,134613087549345,0,0,0,12000000,PAIRED_ROS_CLOCK
C_SHARED_SIM_CLOCK_11008_MONOTONE_SAMPLES,EXACT_KEY_OBSERVED,tracking,0,2138,"(1452948046641, 5, 18110031447199154478, 3, 4, 12, 2135)",1,135735066638878,1,55416000000,1,134613087549345,0,0,0,12000000,PAIRED_ROS_CLOCK
C_SHARED_SIM_CLOCK_11008_MONOTONE_SAMPLES,EXACT_KEY_OBSERVED,tracking,0,2139,"(1452948046641, 5, 18110031447199154478, 3, 4, 12, 2136)",1,135735066638878,1,55432000000,1,134613087549345,0,0,0,12000000,PAIRED_ROS_CLOCK
C_SHARED_SIM_CLOCK_11008_MONOTONE_SAMPLES,EXACT_KEY_OBSERVED,tracking,0,2140,"(1452948046641, 5, 18110031447199154478, 3, 4, 12, 2137)",1,135735066638878,1,55448000000,1,134613087549345,0,0,0,12000000,PAIRED_ROS_CLOCK
C_SHARED_SIM_CLOCK_11008_MONOTONE_SAMPLES,EXACT_KEY_OBSERVED,tracking,0,2141,"(1452948046641, 5, 18110031447199154478, 3, 4, 12, 2138)",1,135735066638878,1,55464000000,1,134613087549345,0,0,0,12000000,PAIRED_ROS_CLOCK
C_SHARED_SIM_CLOCK_11008_MONOTONE_SAMPLES,EXACT_KEY_OBSERVED,tracking,0,2142,"(1452948046641, 5, 18110031447199154478, 3, 4, 12, 2139)",1,135735066638878,1,55480000000,1,134613087549345,0,0,0,12000000,PAIRED_ROS_CLOCK
C_SHARED_SIM_CLOCK_11008_MONOTONE_SAMPLES,EXACT_KEY_OBSERVED,tracking,0,2143,"(1452948046641, 5, 18110031447199154478, 3, 4, 12, 2140)",1,135735066638878,1,55496000000,1,134613087549345,0,0,0,12000000,PAIRED_ROS_CLOCK
C_SHARED_SIM_CLOCK_11008_MONOTONE_SAMPLES,EXACT_KEY_OBSERVED,tracking,0,2144,"(1452948046641, 5, 18110031447199154478, 3, 4, 12, 2141)",1,135735066638878,1,55512000000,1,134613087549345,0,0,0,12000000,PAIRED_ROS_CLOCK
C_SHARED_SIM_CLOCK_11008_MONOTONE_SAMPLES,EXACT_KEY_OBSERVED,tracking,0,2145,"(1452948046641, 5, 18110031447199154478, 3, 4, 12, 2142)",1,135735066638878,1,55528000000,1,134613087549345,0,0,0,12000000,PAIRED_ROS_CLOCK
C_SHARED_SIM_CLOCK_11008_MONOTONE_SAMPLES,EXACT_KEY_OBSERVED,tracking,0,2146,"(1452948046641, 5, 18110031447199154478, 3, 4, 12, 2143)",1,135735066638878,1,55544000000,1,134613087549345,0,0,0,12000000,PAIRED_ROS_CLOCK
C_SHARED_SIM_CLOCK_11008_MONOTONE_SAMPLES,EXACT_KEY_OBSERVED,tracking,0,2147,"(1452948046641, 5, 18110031447199154478, 3, 4, 12, 2144)",1,135735066638878,1,55560000000,1,134613087549345,0,0,0,12000000,PAIRED_ROS_CLOCK
C_SHARED_SIM_CLOCK_11008_MONOTONE_SAMPLES,EXACT_KEY_OBSERVED,tracking,0,2148,"(1452948046641, 5, 18110031447199154478, 3, 4, 12, 2145)",1,135735066638878,1,55576000000,1,134613087549345,0,0,0,12000000,PAIRED_ROS_CLOCK
C_SHARED_SIM_CLOCK_11008_MONOTONE_SAMPLES,EXACT_KEY_OBSERVED,tracking,0,2149,"(1452948046641, 5, 18110031447199154478, 3, 4, 12, 2146)",1,135735066638878,1,55592000000,1,134613087549345,0,0,0,12000000,PAIRED_ROS_CLOCK
C_SHARED_SIM_CLOCK_11008_MONOTONE_SAMPLES,EXACT_KEY_OBSERVED,tracking,0,2150,"(1452948046641, 5, 18110031447199154478, 3, 4, 12, 2147)",1,135735066638878,1,55608000000,1,134613087549345,0,0,0,12000000,PAIRED_ROS_CLOCK
C_SHARED_SIM_CLOCK_11008_MONOTONE_SAMPLES,EXACT_KEY_OBSERVED,tracking,0,2151,"(1452948046641, 5, 18110031447199154478, 3, 4, 12, 2148)",1,135735066638878,1,55624000000,1,134613087549345,0,0,0,12000000,PAIRED_ROS_CLOCK
C_SHARED_SIM_CLOCK_11008_MONOTONE_SAMPLES,EXACT_KEY_OBSERVED,tracking,0,2152,"(1452948046641, 5, 18110031447199154478, 3, 4, 12, 2149)",1,135735066638878,1,55640000000,1,134613087549345,0,0,0,12000000,PAIRED_ROS_CLOCK
C_SHARED_SIM_CLOCK_11008_MONOTONE_SAMPLES,EXACT_KEY_OBSERVED,tracking,0,2153,"(1452948046641, 5, 18110031447199154478, 3, 4, 12, 2150)",1,135735066638878,1,55656000000,1,134613087549345,0,0,0,12000000,PAIRED_ROS_CLOCK
C_SHARED_SIM_CLOCK_11008_MONOTONE_SAMPLES,EXACT_KEY_OBSERVED,tracking,0,2154,"(1452948046641, 5, 18110031447199154478, 3, 4, 12, 2151)",1,135735066638878,1,55672000000,1,134613087549345,0,0,0,12000000,PAIRED_ROS_CLOCK
C_SHARED_SIM_CLOCK_11008_MONOTONE_SAMPLES,EXACT_KEY_OBSERVED,tracking,0,2155,"(1452948046641, 5, 18110031447199154478, 3, 4, 12, 2152)",1,135735066638878,1,55688000000,1,134613087549345,0,0,0,12000000,PAIRED_ROS_CLOCK
C_SHARED_SIM_CLOCK_11008_MONOTONE_SAMPLES,EXACT_KEY_OBSERVED,tracking,0,2156,"(1452948046641, 5, 18110031447199154478, 3, 4, 12, 2153)",1,135735066638878,1,55704000000,1,134613087549345,0,0,0,12000000,PAIRED_ROS_CLOCK
C_SHARED_SIM_CLOCK_11008_MONOTONE_SAMPLES,EXACT_KEY_OBSERVED,tracking,0,2157,"(1452948046641, 5, 18110031447199154478, 3, 4, 12, 2154)",1,135735066638878,1,55720000000,1,134613087549345,0,0,0,12000000,PAIRED_ROS_CLOCK
C_SHARED_SIM_CLOCK_11008_MONOTONE_SAMPLES,EXACT_KEY_OBSERVED,tracking,0,2158,"(1452948046641, 5, 18110031447199154478, 3, 4, 12, 2155)",1,135735066638878,1,55736000000,1,134613087549345,0,0,0,12000000,PAIRED_ROS_CLOCK
C_SHARED_SIM_CLOCK_11008_MONOTONE_SAMPLES,EXACT_KEY_OBSERVED,tracking,0,2159,"(1452948046641, 5, 18110031447199154478, 3, 4, 12, 2156)",1,135735066638878,1,55752000000,1,134613087549345,0,0,0,12000000,PAIRED_ROS_CLOCK
C_SHARED_SIM_CLOCK_11008_MONOTONE_SAMPLES,EXACT_KEY_OBSERVED,tracking,0,2160,"(1452948046641, 5, 18110031447199154478, 3, 4, 12, 2157)",1,135735066638878,1,55768000000,1,134613087549345,0,0,0,12000000,PAIRED_ROS_CLOCK
C_SHARED_SIM_CLOCK_11008_MONOTONE_SAMPLES,EXACT_KEY_OBSERVED,tracking,0,2161,"(1452948046641, 5, 18110031447199154478, 3, 4, 12, 2158)",1,135735066638878,1,55784000000,1,134613087549345,0,0,0,12000000,PAIRED_ROS_CLOCK
C_SHARED_SIM_CLOCK_11008_MONOTONE_SAMPLES,EXACT_KEY_OBSERVED,tracking,0,2162,"(1452948046641, 5, 18110031447199154478, 3, 4, 12, 2159)",1,135735066638878,1,55800000000,1,134613087549345,0,0,0,12000000,PAIRED_ROS_CLOCK
C_SHARED_SIM_CLOCK_11008_MONOTONE_SAMPLES,EXACT_KEY_OBSERVED,tracking,0,2163,"(1452948046641, 5, 18110031447199154478, 3, 4, 12, 2160)",1,135735066638878,1,55816000000,1,134613087549345,0,0,0,12000000,PAIRED_ROS_CLOCK
C_SHARED_SIM_CLOCK_11008_MONOTONE_SAMPLES,EXACT_KEY_OBSERVED,tracking,0,2164,"(1452948046641, 5, 18110031447199154478, 3, 4, 12, 2161)",1,135735066638878,1,55832000000,1,134613087549345,0,0,0,12000000,PAIRED_ROS_CLOCK
C_SHARED_SIM_CLOCK_11008_MONOTONE_SAMPLES,EXACT_KEY_OBSERVED,tracking,0,2165,"(1452948046641, 5, 18110031447199154478, 3, 4, 12, 2162)",1,135735066638878,1,55848000000,1,134613087549345,0,0,0,12000000,PAIRED_ROS_CLOCK
C_SHARED_SIM_CLOCK_11008_MONOTONE_SAMPLES,EXACT_KEY_OBSERVED,tracking,0,2166,"(1452948046641, 5, 18110031447199154478, 3, 4, 12, 2163)",1,135735066638878,1,55864000000,1,134613087549345,0,0,0,12000000,PAIRED_ROS_CLOCK
C_SHARED_SIM_CLOCK_11008_MONOTONE_SAMPLES,EXACT_KEY_OBSERVED,tracking,0,2167,"(1452948046641, 5, 18110031447199154478, 3, 4, 12, 2164)",1,135735066638878,1,55880000000,1,134613087549345,0,0,0,12000000,PAIRED_ROS_CLOCK
C_SHARED_SIM_CLOCK_11008_MONOTONE_SAMPLES,EXACT_KEY_OBSERVED,tracking,0,2168,"(1452948046641, 5, 18110031447199154478, 3, 4, 12, 2165)",1,135735066638878,1,55896000000,1,134613087549345,0,0,0,12000000,PAIRED_ROS_CLOCK
C_SHARED_SIM_CLOCK_11008_MONOTONE_SAMPLES,EXACT_KEY_OBSERVED,tracking,0,2169,"(1452948046641, 5, 18110031447199154478, 3, 4, 12, 2166)",1,135735066638878,1,55912000000,1,134613087549345,0,0,0,12000000,PAIRED_ROS_CLOCK
C_SHARED_SIM_CLOCK_11008_MONOTONE_SAMPLES,EXACT_KEY_OBSERVED,tracking,0,2170,"(1452948046641, 5, 18110031447199154478, 3, 4, 12, 2167)",1,135735066638878,1,55928000000,1,134613087549345,0,0,0,12000000,PAIRED_ROS_CLOCK
C_SHARED_SIM_CLOCK_11008_MONOTONE_SAMPLES,EXACT_KEY_OBSERVED,tracking,0,2171,"(1452948046641, 5, 18110031447199154478, 3, 4, 12, 2168)",1,135735066638878,1,55944000000,1,134613087549345,0,0,0,12000000,PAIRED_ROS_CLOCK
C_SHARED_SIM_CLOCK_11008_MONOTONE_SAMPLES,EXACT_KEY_OBSERVED,tracking,0,2172,"(1452948046641, 5, 18110031447199154478, 3, 4, 12, 2169)",1,135735066638878,1,55960000000,1,134613087549345,0,0,0,12000000,PAIRED_ROS_CLOCK
C_SHARED_SIM_CLOCK_11008_MONOTONE_SAMPLES,EXACT_KEY_OBSERVED,tracking,0,2173,"(1452948046641, 5, 18110031447199154478, 3, 4, 12, 2170)",1,135735066638878,1,55976000000,1,134613087549345,0,0,0,12000000,PAIRED_ROS_CLOCK
C_SHARED_SIM_CLOCK_11008_MONOTONE_SAMPLES,EXACT_KEY_OBSERVED,tracking,0,2174,"(1452948046641, 5, 18110031447199154478, 3, 4, 12, 2171)",1,135735066638878,1,55992000000,1,134613087549345,0,0,0,12000000,PAIRED_ROS_CLOCK
C_SHARED_SIM_CLOCK_11008_MONOTONE_SAMPLES,EXACT_KEY_OBSERVED,tracking,0,2175,"(1452948046641, 5, 18110031447199154478, 3, 4, 12, 2172)",1,135735066638878,1,56008000000,1,134613087549345,0,0,0,12000000,PAIRED_ROS_CLOCK
C_SHARED_SIM_CLOCK_11008_MONOTONE_SAMPLES,EXACT_KEY_OBSERVED,tracking,0,2176,"(1452948046641, 5, 18110031447199154478, 3, 4, 12, 2173)",1,135735066638878,1,56024000000,1,134613087549345,0,0,0,12000000,PAIRED_ROS_CLOCK
C_SHARED_SIM_CLOCK_11008_MONOTONE_SAMPLES,EXACT_KEY_OBSERVED,tracking,0,2177,"(1452948046641, 5, 18110031447199154478, 3, 4, 12, 2174)",1,135735066638878,1,56040000000,1,134613087549345,0,0,0,12000000,PAIRED_ROS_CLOCK
C_SHARED_SIM_CLOCK_11008_MONOTONE_SAMPLES,EXACT_KEY_OBSERVED,tracking,0,2178,"(1452948046641, 5, 18110031447199154478, 3, 4, 12, 2175)",1,135735066638878,1,56056000000,1,134613087549345,0,0,0,12000000,PAIRED_ROS_CLOCK
C_SHARED_SIM_CLOCK_11008_MONOTONE_SAMPLES,EXACT_KEY_OBSERVED,tracking,0,2179,"(1452948046641, 5, 18110031447199154478, 3, 4, 12, 2176)",1,135735066638878,1,56072000000,1,134613087549345,0,0,0,12000000,PAIRED_ROS_CLOCK
C_SHARED_SIM_CLOCK_11008_MONOTONE_SAMPLES,EXACT_KEY_OBSERVED,tracking,0,2180,"(1452948046641, 5, 18110031447199154478, 3, 4, 12, 2177)",1,135735066638878,1,56088000000,1,134613087549345,0,0,0,12000000,PAIRED_ROS_CLOCK
C_SHARED_SIM_CLOCK_11008_MONOTONE_SAMPLES,EXACT_KEY_OBSERVED,tracking,0,2181,"(1452948046641, 5, 18110031447199154478, 3, 4, 12, 2178)",1,135735066638878,1,56104000000,1,134613087549345,0,0,0,12000000,PAIRED_ROS_CLOCK
C_SHARED_SIM_CLOCK_11008_MONOTONE_SAMPLES,EXACT_KEY_OBSERVED,tracking,0,2182,"(1452948046641, 5, 18110031447199154478, 3, 4, 12, 2179)",1,135735066638878,1,56120000000,1,134613087549345,0,0,0,12000000,PAIRED_ROS_CLOCK
C_SHARED_SIM_CLOCK_11008_MONOTONE_SAMPLES,EXACT_KEY_OBSERVED,tracking,0,2183,"(1452948046641, 5, 18110031447199154478, 3, 4, 12, 2180)",1,135735066638878,1,56136000000,1,134613087549345,0,0,0,12000000,PAIRED_ROS_CLOCK
C_SHARED_SIM_CLOCK_11008_MONOTONE_SAMPLES,EXACT_KEY_OBSERVED,tracking,0,2184,"(1452948046641, 5, 18110031447199154478, 3, 4, 12, 2181)",1,135735066638878,1,56152000000,1,134613087549345,0,0,0,12000000,PAIRED_ROS_CLOCK
C_SHARED_SIM_CLOCK_11008_MONOTONE_SAMPLES,EXACT_KEY_OBSERVED,tracking,0,2185,"(1452948046641, 5, 18110031447199154478, 3, 4, 12, 2182)",1,135735066638878,1,56168000000,1,134613087549345,0,0,0,12000000,PAIRED_ROS_CLOCK
C_SHARED_SIM_CLOCK_11008_MONOTONE_SAMPLES,EXACT_KEY_OBSERVED,tracking,0,2186,"(1452948046641, 5, 18110031447199154478, 3, 4, 12, 2183)",1,135735066638878,1,56184000000,1,134613087549345,0,0,0,12000000,PAIRED_ROS_CLOCK
C_SHARED_SIM_CLOCK_11008_MONOTONE_SAMPLES,EXACT_KEY_OBSERVED,tracking,0,2187,"(1452948046641, 5, 18110031447199154478, 3, 4, 12, 2184)",1,135735066638878,1,56200000000,1,134613087549345,0,0,0,12000000,PAIRED_ROS_CLOCK
C_SHARED_SIM_CLOCK_11008_MONOTONE_SAMPLES,EXACT_KEY_OBSERVED,tracking,0,2188,"(1452948046641, 5, 18110031447199154478, 3, 4, 12, 2185)",1,135735066638878,1,56216000000,1,134613087549345,0,0,0,12000000,PAIRED_ROS_CLOCK
C_SHARED_SIM_CLOCK_11008_MONOTONE_SAMPLES,EXACT_KEY_OBSERVED,tracking,0,2189,"(1452948046641, 5, 18110031447199154478, 3, 4, 12, 2186)",1,135735066638878,1,56232000000,1,134613087549345,0,0,0,12000000,PAIRED_ROS_CLOCK
C_SHARED_SIM_CLOCK_11008_MONOTONE_SAMPLES,EXACT_KEY_OBSERVED,tracking,0,2190,"(1452948046641, 5, 18110031447199154478, 3, 4, 12, 2187)",1,135735066638878,1,56248000000,1,134613087549345,0,0,0,12000000,PAIRED_ROS_CLOCK
C_SHARED_SIM_CLOCK_11008_MONOTONE_SAMPLES,EXACT_KEY_OBSERVED,tracking,0,2191,"(1452948046641, 5, 18110031447199154478, 3, 4, 12, 2188)",1,135735066638878,1,56264000000,1,134613087549345,0,0,0,12000000,PAIRED_ROS_CLOCK
C_SHARED_SIM_CLOCK_11008_MONOTONE_SAMPLES,EXACT_KEY_OBSERVED,tracking,0,2192,"(1452948046641, 5, 18110031447199154478, 3, 4, 12, 2189)",1,135735066638878,1,56280000000,1,134613087549345,0,0,0,12000000,PAIRED_ROS_CLOCK
C_SHARED_SIM_CLOCK_11008_MONOTONE_SAMPLES,EXACT_KEY_OBSERVED,tracking,0,2193,"(1452948046641, 5, 18110031447199154478, 3, 4, 12, 2190)",1,135735066638878,1,56296000000,1,134613087549345,0,0,0,12000000,PAIRED_ROS_CLOCK
C_SHARED_SIM_CLOCK_11008_MONOTONE_SAMPLES,EXACT_KEY_OBSERVED,tracking,0,2194,"(1452948046641, 5, 18110031447199154478, 3, 4, 12, 2191)",1,135735066638878,1,56312000000,1,134613087549345,0,0,0,12000000,PAIRED_ROS_CLOCK
C_SHARED_SIM_CLOCK_11008_MONOTONE_SAMPLES,EXACT_KEY_OBSERVED,tracking,0,2195,"(1452948046641, 5, 18110031447199154478, 3, 4, 12, 2192)",1,135735066638878,1,56328000000,1,134613087549345,0,0,0,12000000,PAIRED_ROS_CLOCK
C_SHARED_SIM_CLOCK_11008_MONOTONE_SAMPLES,EXACT_KEY_OBSERVED,tracking,0,2196,"(1452948046641, 5, 18110031447199154478, 3, 4, 12, 2193)",1,135735066638878,1,56344000000,1,134613087549345,0,0,0,12000000,PAIRED_ROS_CLOCK
C_SHARED_SIM_CLOCK_11008_MONOTONE_SAMPLES,EXACT_KEY_OBSERVED,tracking,0,2197,"(1452948046641, 5, 18110031447199154478, 3, 4, 12, 2194)",1,135735066638878,1,56360000000,1,134613087549345,0,0,0,12000000,PAIRED_ROS_CLOCK
C_SHARED_SIM_CLOCK_11008_MONOTONE_SAMPLES,EXACT_KEY_OBSERVED,tracking,0,2198,"(1452948046641, 5, 18110031447199154478, 3, 4, 12, 2195)",1,135735066638878,1,56376000000,1,134613087549345,0,0,0,12000000,PAIRED_ROS_CLOCK
C_SHARED_SIM_CLOCK_11008_MONOTONE_SAMPLES,EXACT_KEY_OBSERVED,tracking,0,2199,"(1452948046641, 5, 18110031447199154478, 3, 4, 12, 2196)",1,135735066638878,1,56392000000,1,134613087549345,0,0,0,12000000,PAIRED_ROS_CLOCK
C_SHARED_SIM_CLOCK_11008_MONOTONE_SAMPLES,EXACT_KEY_OBSERVED,tracking,0,2200,"(1452948046641, 5, 18110031447199154478, 3, 4, 12, 2197)",1,135735066638878,1,56408000000,1,134613087549345,0,0,0,12000000,PAIRED_ROS_CLOCK
C_SHARED_SIM_CLOCK_11008_MONOTONE_SAMPLES,EXACT_KEY_OBSERVED,tracking,0,2201,"(1452948046641, 5, 18110031447199154478, 3, 4, 12, 2198)",1,135735066638878,1,56424000000,1,134613087549345,0,0,0,12000000,PAIRED_ROS_CLOCK
C_SHARED_SIM_CLOCK_11008_MONOTONE_SAMPLES,EXACT_KEY_OBSERVED,tracking,0,2202,"(1452948046641, 5, 18110031447199154478, 3, 4, 12, 2199)",1,135735066638878,1,56440000000,1,134613087549345,0,0,0,12000000,PAIRED_ROS_CLOCK
C_SHARED_SIM_CLOCK_11008_MONOTONE_SAMPLES,EXACT_KEY_OBSERVED,tracking,0,2203,"(1452948046641, 5, 18110031447199154478, 3, 4, 12, 2200)",1,135735066638878,1,56456000000,1,134613087549345,0,0,0,12000000,PAIRED_ROS_CLOCK
C_SHARED_SIM_CLOCK_11008_MONOTONE_SAMPLES,EXACT_KEY_OBSERVED,tracking,0,2204,"(1452948046641, 5, 18110031447199154478, 3, 4, 12, 2201)",1,135735066638878,1,56472000000,1,134613087549345,0,0,0,12000000,PAIRED_ROS_CLOCK
C_SHARED_SIM_CLOCK_11008_MONOTONE_SAMPLES,EXACT_KEY_OBSERVED,tracking,0,2205,"(1452948046641, 5, 18110031447199154478, 3, 4, 12, 2202)",1,135735066638878,1,56488000000,1,134613087549345,0,0,0,12000000,PAIRED_ROS_CLOCK
C_SHARED_SIM_CLOCK_11008_MONOTONE_SAMPLES,EXACT_KEY_OBSERVED,tracking,0,2206,"(1452948046641, 5, 18110031447199154478, 3, 4, 12, 2203)",1,135735066638878,1,56504000000,1,134613087549345,0,0,0,12000000,PAIRED_ROS_CLOCK
C_SHARED_SIM_CLOCK_11008_MONOTONE_SAMPLES,EXACT_KEY_OBSERVED,tracking,0,2207,"(1452948046641, 5, 18110031447199154478, 3, 4, 12, 2204)",1,135735066638878,1,56520000000,1,134613087549345,0,0,0,12000000,PAIRED_ROS_CLOCK
C_SHARED_SIM_CLOCK_11008_MONOTONE_SAMPLES,EXACT_KEY_OBSERVED,tracking,0,2208,"(1452948046641, 5, 18110031447199154478, 3, 4, 12, 2205)",1,135735066638878,1,56536000000,1,134613087549345,0,0,0,12000000,PAIRED_ROS_CLOCK
C_SHARED_SIM_CLOCK_11008_MONOTONE_SAMPLES,EXACT_KEY_OBSERVED,tracking,0,2209,"(1452948046641, 5, 18110031447199154478, 3, 4, 12, 2206)",1,135735066638878,1,56552000000,1,134613087549345,0,0,0,12000000,PAIRED_ROS_CLOCK
C_SHARED_SIM_CLOCK_11008_MONOTONE_SAMPLES,EXACT_KEY_OBSERVED,tracking,0,2210,"(1452948046641, 5, 18110031447199154478, 3, 4, 12, 2207)",1,135735066638878,1,56568000000,1,134613087549345,0,0,0,12000000,PAIRED_ROS_CLOCK
C_SHARED_SIM_CLOCK_11008_MONOTONE_SAMPLES,EXACT_KEY_OBSERVED,tracking,0,2211,"(1452948046641, 5, 18110031447199154478, 3, 4, 12, 2208)",1,135735066638878,1,56584000000,1,134613087549345,0,0,0,12000000,PAIRED_ROS_CLOCK
C_SHARED_SIM_CLOCK_11008_MONOTONE_SAMPLES,EXACT_KEY_OBSERVED,tracking,0,2212,"(1452948046641, 5, 18110031447199154478, 3, 4, 12, 2209)",1,135735066638878,1,56600000000,1,134613087549345,0,0,0,12000000,PAIRED_ROS_CLOCK
C_SHARED_SIM_CLOCK_11008_MONOTONE_SAMPLES,EXACT_KEY_OBSERVED,tracking,0,2213,"(1452948046641, 5, 18110031447199154478, 3, 4, 12, 2210)",1,135735066638878,1,56616000000,1,134613087549345,0,0,0,12000000,PAIRED_ROS_CLOCK
C_SHARED_SIM_CLOCK_11008_MONOTONE_SAMPLES,EXACT_KEY_OBSERVED,tracking,0,2214,"(1452948046641, 5, 18110031447199154478, 3, 4, 12, 2211)",1,135735066638878,1,56632000000,1,134613087549345,0,0,0,12000000,PAIRED_ROS_CLOCK
C_SHARED_SIM_CLOCK_11008_MONOTONE_SAMPLES,EXACT_KEY_OBSERVED,tracking,0,2215,"(1452948046641, 5, 18110031447199154478, 3, 4, 12, 2212)",1,135735066638878,1,56648000000,1,134613087549345,0,0,0,12000000,PAIRED_ROS_CLOCK
C_SHARED_SIM_CLOCK_11008_MONOTONE_SAMPLES,EXACT_KEY_OBSERVED,tracking,0,2216,"(1452948046641, 5, 18110031447199154478, 3, 4, 12, 2213)",1,135735066638878,1,56664000000,1,134613087549345,0,0,0,12000000,PAIRED_ROS_CLOCK
C_SHARED_SIM_CLOCK_11008_MONOTONE_SAMPLES,EXACT_KEY_OBSERVED,tracking,0,2217,"(1452948046641, 5, 18110031447199154478, 3, 4, 12, 2214)",1,135735066638878,1,56680000000,1,134613087549345,0,0,0,12000000,PAIRED_ROS_CLOCK
C_SHARED_SIM_CLOCK_11008_MONOTONE_SAMPLES,EXACT_KEY_OBSERVED,tracking,0,2218,"(1452948046641, 5, 18110031447199154478, 3, 4, 12, 2215)",1,135735066638878,1,56696000000,1,134613087549345,0,0,0,12000000,PAIRED_ROS_CLOCK
C_SHARED_SIM_CLOCK_11008_MONOTONE_SAMPLES,EXACT_KEY_OBSERVED,tracking,0,2219,"(1452948046641, 5, 18110031447199154478, 3, 4, 12, 2216)",1,135735066638878,1,56712000000,1,134613087549345,0,0,0,12000000,PAIRED_ROS_CLOCK
C_SHARED_SIM_CLOCK_11008_MONOTONE_SAMPLES,EXACT_KEY_OBSERVED,tracking,0,2220,"(1452948046641, 5, 18110031447199154478, 3, 4, 12, 2217)",1,135735066638878,1,56728000000,1,134613087549345,0,0,0,12000000,PAIRED_ROS_CLOCK
C_SHARED_SIM_CLOCK_11008_MONOTONE_SAMPLES,EXACT_KEY_OBSERVED,tracking,0,2221,"(1452948046641, 5, 18110031447199154478, 3, 4, 12, 2218)",1,135735066638878,1,56744000000,1,134613087549345,0,0,0,12000000,PAIRED_ROS_CLOCK
C_SHARED_SIM_CLOCK_11008_MONOTONE_SAMPLES,EXACT_KEY_OBSERVED,tracking,0,2222,"(1452948046641, 5, 18110031447199154478, 3, 4, 12, 2219)",1,135735066638878,1,56760000000,1,134613087549345,0,0,0,12000000,PAIRED_ROS_CLOCK
C_SHARED_SIM_CLOCK_11008_MONOTONE_SAMPLES,EXACT_KEY_OBSERVED,tracking,0,2223,"(1452948046641, 5, 18110031447199154478, 3, 4, 12, 2220)",1,135735066638878,1,56776000000,1,134613087549345,0,0,0,12000000,PAIRED_ROS_CLOCK
C_SHARED_SIM_CLOCK_11008_MONOTONE_SAMPLES,EXACT_KEY_OBSERVED,tracking,0,2224,"(1452948046641, 5, 18110031447199154478, 3, 4, 12, 2221)",1,135735066638878,1,56792000000,1,134613087549345,0,0,0,12000000,PAIRED_ROS_CLOCK
C_SHARED_SIM_CLOCK_11008_MONOTONE_SAMPLES,EXACT_KEY_OBSERVED,tracking,0,2225,"(1452948046641, 5, 18110031447199154478, 3, 4, 12, 2222)",1,135735066638878,1,56808000000,1,134613087549345,0,0,0,12000000,PAIRED_ROS_CLOCK
C_SHARED_SIM_CLOCK_11008_MONOTONE_SAMPLES,EXACT_KEY_OBSERVED,tracking,0,2226,"(1452948046641, 5, 18110031447199154478, 3, 4, 12, 2223)",1,135735066638878,1,56824000000,1,134613087549345,0,0,0,12000000,PAIRED_ROS_CLOCK
C_SHARED_SIM_CLOCK_11008_MONOTONE_SAMPLES,EXACT_KEY_OBSERVED,tracking,0,2227,"(1452948046641, 5, 18110031447199154478, 3, 4, 12, 2224)",1,135735066638878,1,56840000000,1,134613087549345,0,0,0,12000000,PAIRED_ROS_CLOCK
C_SHARED_SIM_CLOCK_11008_MONOTONE_SAMPLES,EXACT_KEY_OBSERVED,tracking,0,2228,"(1452948046641, 5, 18110031447199154478, 3, 4, 12, 2225)",1,135735066638878,1,56856000000,1,134613087549345,0,0,0,12000000,PAIRED_ROS_CLOCK
C_SHARED_SIM_CLOCK_11008_MONOTONE_SAMPLES,EXACT_KEY_OBSERVED,tracking,0,2229,"(1452948046641, 5, 18110031447199154478, 3, 4, 12, 2226)",1,135735066638878,1,56872000000,1,134613087549345,0,0,0,12000000,PAIRED_ROS_CLOCK
C_SHARED_SIM_CLOCK_11008_MONOTONE_SAMPLES,EXACT_KEY_OBSERVED,tracking,0,2230,"(1452948046641, 5, 18110031447199154478, 3, 4, 12, 2227)",1,135735066638878,1,56888000000,1,134613087549345,0,0,0,12000000,PAIRED_ROS_CLOCK
C_SHARED_SIM_CLOCK_11008_MONOTONE_SAMPLES,EXACT_KEY_OBSERVED,tracking,0,2231,"(1452948046641, 5, 18110031447199154478, 3, 4, 12, 2228)",1,135735066638878,1,56904000000,1,134613087549345,0,0,0,12000000,PAIRED_ROS_CLOCK
C_SHARED_SIM_CLOCK_11008_MONOTONE_SAMPLES,EXACT_KEY_OBSERVED,tracking,0,2232,"(1452948046641, 5, 18110031447199154478, 3, 4, 12, 2229)",1,135735066638878,1,56920000000,1,134613087549345,0,0,0,12000000,PAIRED_ROS_CLOCK
C_SHARED_SIM_CLOCK_11008_MONOTONE_SAMPLES,EXACT_KEY_OBSERVED,tracking,0,2233,"(1452948046641, 5, 18110031447199154478, 3, 4, 12, 2230)",1,135735066638878,1,56936000000,1,134613087549345,0,0,0,12000000,PAIRED_ROS_CLOCK
C_SHARED_SIM_CLOCK_11008_MONOTONE_SAMPLES,EXACT_KEY_OBSERVED,tracking,0,2234,"(1452948046641, 5, 18110031447199154478, 3, 4, 12, 2231)",1,135735066638878,1,56952000000,1,134613087549345,0,0,0,12000000,PAIRED_ROS_CLOCK
C_SHARED_SIM_CLOCK_11008_MONOTONE_SAMPLES,EXACT_KEY_OBSERVED,tracking,0,2235,"(1452948046641, 5, 18110031447199154478, 3, 4, 12, 2232)",1,135735066638878,1,56968000000,1,134613087549345,0,0,0,12000000,PAIRED_ROS_CLOCK
C_SHARED_SIM_CLOCK_11008_MONOTONE_SAMPLES,EXACT_KEY_OBSERVED,tracking,0,2236,"(1452948046641, 5, 18110031447199154478, 3, 4, 12, 2233)",1,135735066638878,1,56984000000,1,134613087549345,0,0,0,12000000,PAIRED_ROS_CLOCK
C_SHARED_SIM_CLOCK_11008_MONOTONE_SAMPLES,EXACT_KEY_OBSERVED,tracking,0,2237,"(1452948046641, 5, 18110031447199154478, 3, 4, 12, 2234)",1,135735066638878,1,57000000000,1,134613087549345,0,0,0,12000000,PAIRED_ROS_CLOCK
C_SHARED_SIM_CLOCK_11008_MONOTONE_SAMPLES,EXACT_KEY_OBSERVED,tracking,0,2238,"(1452948046641, 5, 18110031447199154478, 3, 4, 12, 2235)",1,135735066638878,1,57016000000,1,134613087549345,0,0,0,12000000,PAIRED_ROS_CLOCK
C_SHARED_SIM_CLOCK_11008_MONOTONE_SAMPLES,EXACT_KEY_OBSERVED,tracking,0,2239,"(1452948046641, 5, 18110031447199154478, 3, 4, 12, 2236)",1,135735066638878,1,57032000000,1,134613087549345,0,0,0,12000000,PAIRED_ROS_CLOCK
C_SHARED_SIM_CLOCK_11008_MONOTONE_SAMPLES,EXACT_KEY_OBSERVED,tracking,0,2240,"(1452948046641, 5, 18110031447199154478, 3, 4, 12, 2237)",1,135735066638878,1,57048000000,1,134613087549345,0,0,0,12000000,PAIRED_ROS_CLOCK
C_SHARED_SIM_CLOCK_11008_MONOTONE_SAMPLES,EXACT_KEY_OBSERVED,tracking,0,2241,"(1452948046641, 5, 18110031447199154478, 3, 4, 12, 2238)",1,135735066638878,1,57064000000,1,134613087549345,0,0,0,12000000,PAIRED_ROS_CLOCK
C_SHARED_SIM_CLOCK_11008_MONOTONE_SAMPLES,EXACT_KEY_OBSERVED,tracking,0,2242,"(1452948046641, 5, 18110031447199154478, 3, 4, 12, 2239)",1,135735066638878,1,57080000000,1,134613087549345,0,0,0,12000000,PAIRED_ROS_CLOCK
C_SHARED_SIM_CLOCK_11008_MONOTONE_SAMPLES,EXACT_KEY_OBSERVED,tracking,0,2243,"(1452948046641, 5, 18110031447199154478, 3, 4, 12, 2240)",1,135735066638878,1,57096000000,1,134613087549345,0,0,0,12000000,PAIRED_ROS_CLOCK
C_SHARED_SIM_CLOCK_11008_MONOTONE_SAMPLES,EXACT_KEY_OBSERVED,tracking,0,2244,"(1452948046641, 5, 18110031447199154478, 3, 4, 12, 2241)",1,135735066638878,1,57112000000,1,134613087549345,0,0,0,12000000,PAIRED_ROS_CLOCK
C_SHARED_SIM_CLOCK_11008_MONOTONE_SAMPLES,EXACT_KEY_OBSERVED,tracking,0,2245,"(1452948046641, 5, 18110031447199154478, 3, 4, 12, 2242)",1,135735066638878,1,57128000000,1,134613087549345,0,0,0,12000000,PAIRED_ROS_CLOCK
C_SHARED_SIM_CLOCK_11008_MONOTONE_SAMPLES,EXACT_KEY_OBSERVED,tracking,0,2246,"(1452948046641, 5, 18110031447199154478, 3, 4, 12, 2243)",1,135735066638878,1,57144000000,1,134613087549345,0,0,0,12000000,PAIRED_ROS_CLOCK
C_SHARED_SIM_CLOCK_11008_MONOTONE_SAMPLES,EXACT_KEY_OBSERVED,tracking,0,2247,"(1452948046641, 5, 18110031447199154478, 3, 4, 12, 2244)",1,135735066638878,1,57160000000,1,134613087549345,0,0,0,12000000,PAIRED_ROS_CLOCK
C_SHARED_SIM_CLOCK_11008_MONOTONE_SAMPLES,EXACT_KEY_OBSERVED,tracking,0,2248,"(1452948046641, 5, 18110031447199154478, 3, 4, 12, 2245)",1,135735066638878,1,57176000000,1,134613087549345,0,0,0,12000000,PAIRED_ROS_CLOCK
C_SHARED_SIM_CLOCK_11008_MONOTONE_SAMPLES,EXACT_KEY_OBSERVED,tracking,0,2249,"(1452948046641, 5, 18110031447199154478, 3, 4, 12, 2246)",1,135735066638878,1,57192000000,1,134613087549345,0,0,0,12000000,PAIRED_ROS_CLOCK
C_SHARED_SIM_CLOCK_11008_MONOTONE_SAMPLES,EXACT_KEY_OBSERVED,tracking,0,2250,"(1452948046641, 5, 18110031447199154478, 3, 4, 12, 2247)",1,135735066638878,1,57208000000,1,134613087549345,0,0,0,12000000,PAIRED_ROS_CLOCK
C_SHARED_SIM_CLOCK_11008_MONOTONE_SAMPLES,EXACT_KEY_OBSERVED,tracking,0,2251,"(1452948046641, 5, 18110031447199154478, 3, 4, 12, 2248)",1,135735066638878,1,57224000000,1,134613087549345,0,0,0,12000000,PAIRED_ROS_CLOCK
C_SHARED_SIM_CLOCK_11008_MONOTONE_SAMPLES,EXACT_KEY_OBSERVED,tracking,0,2252,"(1452948046641, 5, 18110031447199154478, 3, 4, 12, 2249)",1,135735066638878,1,57240000000,1,134613087549345,0,0,0,12000000,PAIRED_ROS_CLOCK
C_SHARED_SIM_CLOCK_11008_MONOTONE_SAMPLES,EXACT_KEY_OBSERVED,tracking,0,2253,"(1452948046641, 5, 18110031447199154478, 3, 4, 12, 2250)",1,135735066638878,1,57256000000,1,134613087549345,0,0,0,12000000,PAIRED_ROS_CLOCK
C_SHARED_SIM_CLOCK_11008_MONOTONE_SAMPLES,EXACT_KEY_OBSERVED,tracking,0,2254,"(1452948046641, 5, 18110031447199154478, 3, 4, 12, 2251)",1,135735066638878,1,57272000000,1,134613087549345,0,0,0,12000000,PAIRED_ROS_CLOCK
C_SHARED_SIM_CLOCK_11008_MONOTONE_SAMPLES,EXACT_KEY_OBSERVED,tracking,0,2255,"(1452948046641, 5, 18110031447199154478, 3, 4, 12, 2252)",1,135735066638878,1,57288000000,1,134613087549345,0,0,0,12000000,PAIRED_ROS_CLOCK
C_SHARED_SIM_CLOCK_11008_MONOTONE_SAMPLES,EXACT_KEY_OBSERVED,tracking,0,2256,"(1452948046641, 5, 18110031447199154478, 3, 4, 12, 2253)",1,135735066638878,1,57304000000,1,134613087549345,0,0,0,12000000,PAIRED_ROS_CLOCK
C_SHARED_SIM_CLOCK_11008_MONOTONE_SAMPLES,EXACT_KEY_OBSERVED,tracking,0,2257,"(1452948046641, 5, 18110031447199154478, 3, 4, 12, 2254)",1,135735066638878,1,57320000000,1,134613087549345,0,0,0,12000000,PAIRED_ROS_CLOCK
C_SHARED_SIM_CLOCK_11008_MONOTONE_SAMPLES,EXACT_KEY_OBSERVED,tracking,0,2258,"(1452948046641, 5, 18110031447199154478, 3, 4, 12, 2255)",1,135735066638878,1,57336000000,1,134613087549345,0,0,0,12000000,PAIRED_ROS_CLOCK
C_SHARED_SIM_CLOCK_11008_MONOTONE_SAMPLES,EXACT_KEY_OBSERVED,tracking,0,2259,"(1452948046641, 5, 18110031447199154478, 3, 4, 12, 2256)",1,135735066638878,1,57352000000,1,134613087549345,0,0,0,12000000,PAIRED_ROS_CLOCK
C_SHARED_SIM_CLOCK_11008_MONOTONE_SAMPLES,EXACT_KEY_OBSERVED,tracking,0,2260,"(1452948046641, 5, 18110031447199154478, 3, 4, 12, 2257)",1,135735066638878,1,57368000000,1,134613087549345,0,0,0,12000000,PAIRED_ROS_CLOCK
C_SHARED_SIM_CLOCK_11008_MONOTONE_SAMPLES,EXACT_KEY_OBSERVED,tracking,0,2261,"(1452948046641, 5, 18110031447199154478, 3, 4, 12, 2258)",1,135735066638878,1,57384000000,1,134613087549345,0,0,0,12000000,PAIRED_ROS_CLOCK
C_SHARED_SIM_CLOCK_11008_MONOTONE_SAMPLES,EXACT_KEY_OBSERVED,tracking,0,2262,"(1452948046641, 5, 18110031447199154478, 3, 4, 12, 2259)",1,135735066638878,1,57400000000,1,134613087549345,0,0,0,12000000,PAIRED_ROS_CLOCK
C_SHARED_SIM_CLOCK_11008_MONOTONE_SAMPLES,EXACT_KEY_OBSERVED,tracking,0,2263,"(1452948046641, 5, 18110031447199154478, 3, 4, 12, 2260)",1,135735066638878,1,57416000000,1,134613087549345,0,0,0,12000000,PAIRED_ROS_CLOCK
C_SHARED_SIM_CLOCK_11008_MONOTONE_SAMPLES,EXACT_KEY_OBSERVED,tracking,0,2264,"(1452948046641, 5, 18110031447199154478, 3, 4, 12, 2261)",1,135735066638878,1,57432000000,1,134613087549345,0,0,0,12000000,PAIRED_ROS_CLOCK
C_SHARED_SIM_CLOCK_11008_MONOTONE_SAMPLES,EXACT_KEY_OBSERVED,tracking,0,2265,"(1452948046641, 5, 18110031447199154478, 3, 4, 12, 2262)",1,135735066638878,1,57448000000,1,134613087549345,0,0,0,12000000,PAIRED_ROS_CLOCK
C_SHARED_SIM_CLOCK_11008_MONOTONE_SAMPLES,EXACT_KEY_OBSERVED,tracking,0,2266,"(1452948046641, 5, 18110031447199154478, 3, 4, 12, 2263)",1,135735066638878,1,57464000000,1,134613087549345,0,0,0,12000000,PAIRED_ROS_CLOCK
C_SHARED_SIM_CLOCK_11008_MONOTONE_SAMPLES,EXACT_KEY_OBSERVED,tracking,0,2267,"(1452948046641, 5, 18110031447199154478, 3, 4, 12, 2264)",1,135735066638878,1,57480000000,1,134613087549345,0,0,0,12000000,PAIRED_ROS_CLOCK
C_SHARED_SIM_CLOCK_11008_MONOTONE_SAMPLES,EXACT_KEY_OBSERVED,tracking,0,2268,"(1452948046641, 5, 18110031447199154478, 3, 4, 12, 2265)",1,135735066638878,1,57496000000,1,134613087549345,0,0,0,12000000,PAIRED_ROS_CLOCK
C_SHARED_SIM_CLOCK_11008_MONOTONE_SAMPLES,EXACT_KEY_OBSERVED,tracking,0,2269,"(1452948046641, 5, 18110031447199154478, 3, 4, 12, 2266)",1,135735066638878,1,57512000000,1,134613087549345,0,0,0,12000000,PAIRED_ROS_CLOCK
C_SHARED_SIM_CLOCK_11008_MONOTONE_SAMPLES,EXACT_KEY_OBSERVED,tracking,0,2270,"(1452948046641, 5, 18110031447199154478, 3, 4, 12, 2267)",1,135735066638878,1,57528000000,1,134613087549345,0,0,0,12000000,PAIRED_ROS_CLOCK
C_SHARED_SIM_CLOCK_11008_MONOTONE_SAMPLES,EXACT_KEY_OBSERVED,tracking,0,2271,"(1452948046641, 5, 18110031447199154478, 3, 4, 12, 2268)",1,135735066638878,1,57544000000,1,134613087549345,0,0,0,12000000,PAIRED_ROS_CLOCK
C_SHARED_SIM_CLOCK_11008_MONOTONE_SAMPLES,EXACT_KEY_OBSERVED,tracking,0,2272,"(1452948046641, 5, 18110031447199154478, 3, 4, 12, 2269)",1,135735066638878,1,57560000000,1,134613087549345,0,0,0,12000000,PAIRED_ROS_CLOCK
C_SHARED_SIM_CLOCK_11008_MONOTONE_SAMPLES,EXACT_KEY_OBSERVED,tracking,0,2273,"(1452948046641, 5, 18110031447199154478, 3, 4, 12, 2270)",1,135735066638878,1,57576000000,1,134613087549345,0,0,0,12000000,PAIRED_ROS_CLOCK
C_SHARED_SIM_CLOCK_11008_MONOTONE_SAMPLES,EXACT_KEY_OBSERVED,tracking,0,2274,"(1452948046641, 5, 18110031447199154478, 3, 4, 12, 2271)",1,135735066638878,1,57592000000,1,134613087549345,0,0,0,12000000,PAIRED_ROS_CLOCK
C_SHARED_SIM_CLOCK_11008_MONOTONE_SAMPLES,EXACT_KEY_OBSERVED,tracking,0,2275,"(1452948046641, 5, 18110031447199154478, 3, 4, 12, 2272)",1,135735066638878,1,57608000000,1,134613087549345,0,0,0,12000000,PAIRED_ROS_CLOCK
C_SHARED_SIM_CLOCK_11008_MONOTONE_SAMPLES,EXACT_KEY_OBSERVED,tracking,0,2276,"(1452948046641, 5, 18110031447199154478, 3, 4, 12, 2273)",1,135735066638878,1,57624000000,1,134613087549345,0,0,0,12000000,PAIRED_ROS_CLOCK
C_SHARED_SIM_CLOCK_11008_MONOTONE_SAMPLES,EXACT_KEY_OBSERVED,tracking,0,2277,"(1452948046641, 5, 18110031447199154478, 3, 4, 12, 2274)",1,135735066638878,1,57640000000,1,134613087549345,0,0,0,12000000,PAIRED_ROS_CLOCK
C_SHARED_SIM_CLOCK_11008_MONOTONE_SAMPLES,EXACT_KEY_OBSERVED,tracking,0,2278,"(1452948046641, 5, 18110031447199154478, 3, 4, 12, 2275)",1,135735066638878,1,57656000000,1,134613087549345,0,0,0,12000000,PAIRED_ROS_CLOCK
C_SHARED_SIM_CLOCK_11008_MONOTONE_SAMPLES,EXACT_KEY_OBSERVED,tracking,0,2279,"(1452948046641, 5, 18110031447199154478, 3, 4, 12, 2276)",1,135735066638878,1,57672000000,1,134613087549345,0,0,0,12000000,PAIRED_ROS_CLOCK
C_SHARED_SIM_CLOCK_11008_MONOTONE_SAMPLES,EXACT_KEY_OBSERVED,tracking,0,2280,"(1452948046641, 5, 18110031447199154478, 3, 4, 12, 2277)",1,135735066638878,1,57688000000,1,134613087549345,0,0,0,12000000,PAIRED_ROS_CLOCK
C_SHARED_SIM_CLOCK_11008_MONOTONE_SAMPLES,EXACT_KEY_OBSERVED,tracking,0,2281,"(1452948046641, 5, 18110031447199154478, 3, 4, 12, 2278)",1,135735066638878,1,57704000000,1,134613087549345,0,0,0,12000000,PAIRED_ROS_CLOCK
C_SHARED_SIM_CLOCK_11008_MONOTONE_SAMPLES,EXACT_KEY_OBSERVED,tracking,0,2282,"(1452948046641, 5, 18110031447199154478, 3, 4, 12, 2279)",1,135735066638878,1,57720000000,1,134613087549345,0,0,0,12000000,PAIRED_ROS_CLOCK
C_SHARED_SIM_CLOCK_11008_MONOTONE_SAMPLES,EXACT_KEY_OBSERVED,tracking,0,2283,"(1452948046641, 5, 18110031447199154478, 3, 4, 12, 2280)",1,135735066638878,1,57736000000,1,134613087549345,0,0,0,12000000,PAIRED_ROS_CLOCK
C_SHARED_SIM_CLOCK_11008_MONOTONE_SAMPLES,EXACT_KEY_OBSERVED,tracking,0,2284,"(1452948046641, 5, 18110031447199154478, 3, 4, 12, 2281)",1,135735066638878,1,57752000000,1,134613087549345,0,0,0,12000000,PAIRED_ROS_CLOCK
C_SHARED_SIM_CLOCK_11008_MONOTONE_SAMPLES,EXACT_KEY_OBSERVED,tracking,0,2285,"(1452948046641, 5, 18110031447199154478, 3, 4, 12, 2282)",1,135735066638878,1,57768000000,1,134613087549345,0,0,0,12000000,PAIRED_ROS_CLOCK
C_SHARED_SIM_CLOCK_11008_MONOTONE_SAMPLES,EXACT_KEY_OBSERVED,tracking,0,2286,"(1452948046641, 5, 18110031447199154478, 3, 4, 12, 2283)",1,135735066638878,1,57784000000,1,134613087549345,0,0,0,12000000,PAIRED_ROS_CLOCK
C_SHARED_SIM_CLOCK_11008_MONOTONE_SAMPLES,EXACT_KEY_OBSERVED,tracking,0,2287,"(1452948046641, 5, 18110031447199154478, 3, 4, 12, 2284)",1,135735066638878,1,57800000000,1,134613087549345,0,0,0,12000000,PAIRED_ROS_CLOCK
C_SHARED_SIM_CLOCK_11008_MONOTONE_SAMPLES,EXACT_KEY_OBSERVED,tracking,0,2288,"(1452948046641, 5, 18110031447199154478, 3, 4, 12, 2285)",1,135735066638878,1,57816000000,1,134613087549345,0,0,0,12000000,PAIRED_ROS_CLOCK
C_SHARED_SIM_CLOCK_11008_MONOTONE_SAMPLES,EXACT_KEY_OBSERVED,tracking,0,2289,"(1452948046641, 5, 18110031447199154478, 3, 4, 12, 2286)",1,135735066638878,1,57832000000,1,134613087549345,0,0,0,12000000,PAIRED_ROS_CLOCK
C_SHARED_SIM_CLOCK_11008_MONOTONE_SAMPLES,EXACT_KEY_OBSERVED,tracking,0,2290,"(1452948046641, 5, 18110031447199154478, 3, 4, 12, 2287)",1,135735066638878,1,57848000000,1,134613087549345,0,0,0,12000000,PAIRED_ROS_CLOCK
C_SHARED_SIM_CLOCK_11008_MONOTONE_SAMPLES,EXACT_KEY_OBSERVED,tracking,0,2291,"(1452948046641, 5, 18110031447199154478, 3, 4, 12, 2288)",1,135735066638878,1,57864000000,1,134613087549345,0,0,0,12000000,PAIRED_ROS_CLOCK
C_SHARED_SIM_CLOCK_11008_MONOTONE_SAMPLES,EXACT_KEY_OBSERVED,tracking,0,2292,"(1452948046641, 5, 18110031447199154478, 3, 4, 12, 2289)",1,135735066638878,1,57880000000,1,134613087549345,0,0,0,12000000,PAIRED_ROS_CLOCK
C_SHARED_SIM_CLOCK_11008_MONOTONE_SAMPLES,EXACT_KEY_OBSERVED,tracking,0,2293,"(1452948046641, 5, 18110031447199154478, 3, 4, 12, 2290)",1,135735066638878,1,57896000000,1,134613087549345,0,0,0,12000000,PAIRED_ROS_CLOCK
C_SHARED_SIM_CLOCK_11008_MONOTONE_SAMPLES,EXACT_KEY_OBSERVED,tracking,0,2294,"(1452948046641, 5, 18110031447199154478, 3, 4, 12, 2291)",1,135735066638878,1,57912000000,1,134613087549345,0,0,0,12000000,PAIRED_ROS_CLOCK
C_SHARED_SIM_CLOCK_11008_MONOTONE_SAMPLES,EXACT_KEY_OBSERVED,tracking,0,2295,"(1452948046641, 5, 18110031447199154478, 3, 4, 12, 2292)",1,135735066638878,1,57928000000,1,134613087549345,0,0,0,12000000,PAIRED_ROS_CLOCK
C_SHARED_SIM_CLOCK_11008_MONOTONE_SAMPLES,EXACT_KEY_OBSERVED,tracking,0,2296,"(1452948046641, 5, 18110031447199154478, 3, 4, 12, 2293)",1,135735066638878,1,57944000000,1,134613087549345,0,0,0,12000000,PAIRED_ROS_CLOCK
C_SHARED_SIM_CLOCK_11008_MONOTONE_SAMPLES,EXACT_KEY_OBSERVED,tracking,0,2297,"(1452948046641, 5, 18110031447199154478, 3, 4, 12, 2294)",1,135735066638878,1,57960000000,1,134613087549345,0,0,0,12000000,PAIRED_ROS_CLOCK
C_SHARED_SIM_CLOCK_11008_MONOTONE_SAMPLES,EXACT_KEY_OBSERVED,tracking,0,2298,"(1452948046641, 5, 18110031447199154478, 3, 4, 13, 2295)",1,135735066638878,1,57976000000,1,134613087549345,0,0,0,12000000,PAIRED_ROS_CLOCK
C_SHARED_SIM_CLOCK_11008_MONOTONE_SAMPLES,EXACT_KEY_OBSERVED,tracking,0,2299,"(1452948046641, 5, 18110031447199154478, 3, 4, 13, 2296)",1,135735066638878,1,57992000000,1,134613087549345,0,0,0,12000000,PAIRED_ROS_CLOCK
C_SHARED_SIM_CLOCK_11008_MONOTONE_SAMPLES,EXACT_KEY_OBSERVED,tracking,0,2300,"(1452948046641, 5, 18110031447199154478, 3, 4, 13, 2297)",1,135735066638878,1,58008000000,1,134613087549345,0,0,0,12000000,PAIRED_ROS_CLOCK
C_SHARED_SIM_CLOCK_11008_MONOTONE_SAMPLES,EXACT_KEY_OBSERVED,tracking,0,2301,"(1452948046641, 5, 18110031447199154478, 3, 4, 13, 2298)",1,135735066638878,1,58024000000,1,134613087549345,0,0,0,12000000,PAIRED_ROS_CLOCK
C_SHARED_SIM_CLOCK_11008_MONOTONE_SAMPLES,EXACT_KEY_OBSERVED,tracking,0,2302,"(1452948046641, 5, 18110031447199154478, 3, 4, 13, 2299)",1,135735066638878,1,58040000000,1,134613087549345,0,0,0,12000000,PAIRED_ROS_CLOCK
C_SHARED_SIM_CLOCK_11008_MONOTONE_SAMPLES,EXACT_KEY_OBSERVED,tracking,0,2303,"(1452948046641, 5, 18110031447199154478, 3, 4, 13, 2300)",1,135735066638878,1,58056000000,1,134613087549345,0,0,0,12000000,PAIRED_ROS_CLOCK
C_SHARED_SIM_CLOCK_11008_MONOTONE_SAMPLES,EXACT_KEY_OBSERVED,tracking,0,2304,"(1452948046641, 5, 18110031447199154478, 3, 4, 13, 2301)",1,135735066638878,1,58072000000,1,134613087549345,0,0,0,12000000,PAIRED_ROS_CLOCK
C_SHARED_SIM_CLOCK_11008_MONOTONE_SAMPLES,EXACT_KEY_OBSERVED,tracking,0,2305,"(1452948046641, 5, 18110031447199154478, 3, 4, 13, 2302)",1,135735066638878,1,58088000000,1,134613087549345,0,0,0,12000000,PAIRED_ROS_CLOCK
C_SHARED_SIM_CLOCK_11008_MONOTONE_SAMPLES,EXACT_KEY_OBSERVED,tracking,0,2306,"(1452948046641, 5, 18110031447199154478, 3, 4, 13, 2303)",1,135735066638878,1,58104000000,1,134613087549345,0,0,0,12000000,PAIRED_ROS_CLOCK
C_SHARED_SIM_CLOCK_11008_MONOTONE_SAMPLES,EXACT_KEY_OBSERVED,tracking,0,2307,"(1452948046641, 5, 18110031447199154478, 3, 4, 13, 2304)",1,135735066638878,1,58120000000,1,134613087549345,0,0,0,12000000,PAIRED_ROS_CLOCK
C_SHARED_SIM_CLOCK_11008_MONOTONE_SAMPLES,EXACT_KEY_OBSERVED,tracking,0,2308,"(1452948046641, 5, 18110031447199154478, 3, 4, 13, 2305)",1,135735066638878,1,58136000000,1,134613087549345,0,0,0,12000000,PAIRED_ROS_CLOCK
C_SHARED_SIM_CLOCK_11008_MONOTONE_SAMPLES,EXACT_KEY_OBSERVED,tracking,0,2309,"(1452948046641, 5, 18110031447199154478, 3, 4, 13, 2306)",1,135735066638878,1,58152000000,1,134613087549345,0,0,0,12000000,PAIRED_ROS_CLOCK
C_SHARED_SIM_CLOCK_11008_MONOTONE_SAMPLES,EXACT_KEY_OBSERVED,tracking,0,2310,"(1452948046641, 5, 18110031447199154478, 3, 4, 13, 2307)",1,135735066638878,1,58168000000,1,134613087549345,0,0,0,12000000,PAIRED_ROS_CLOCK
C_SHARED_SIM_CLOCK_11008_MONOTONE_SAMPLES,EXACT_KEY_OBSERVED,tracking,0,2311,"(1452948046641, 5, 18110031447199154478, 3, 4, 13, 2308)",1,135735066638878,1,58184000000,1,134613087549345,0,0,0,12000000,PAIRED_ROS_CLOCK
C_SHARED_SIM_CLOCK_11008_MONOTONE_SAMPLES,EXACT_KEY_OBSERVED,tracking,0,2312,"(1452948046641, 5, 18110031447199154478, 3, 4, 13, 2309)",1,135735066638878,1,58200000000,1,134613087549345,0,0,0,12000000,PAIRED_ROS_CLOCK
C_SHARED_SIM_CLOCK_11008_MONOTONE_SAMPLES,EXACT_KEY_OBSERVED,tracking,0,2313,"(1452948046641, 5, 18110031447199154478, 3, 4, 13, 2310)",1,135735066638878,1,58216000000,1,134613087549345,0,0,0,12000000,PAIRED_ROS_CLOCK
C_SHARED_SIM_CLOCK_11008_MONOTONE_SAMPLES,EXACT_KEY_OBSERVED,tracking,0,2314,"(1452948046641, 5, 18110031447199154478, 3, 4, 13, 2311)",1,135735066638878,1,58232000000,1,134613087549345,0,0,0,12000000,PAIRED_ROS_CLOCK
C_SHARED_SIM_CLOCK_11008_MONOTONE_SAMPLES,EXACT_KEY_OBSERVED,tracking,0,2315,"(1452948046641, 5, 18110031447199154478, 3, 4, 13, 2312)",1,135735066638878,1,58248000000,1,134613087549345,0,0,0,12000000,PAIRED_ROS_CLOCK
C_SHARED_SIM_CLOCK_11008_MONOTONE_SAMPLES,EXACT_KEY_OBSERVED,tracking,0,2316,"(1452948046641, 5, 18110031447199154478, 3, 4, 13, 2313)",1,135735066638878,1,58264000000,1,134613087549345,0,0,0,12000000,PAIRED_ROS_CLOCK
C_SHARED_SIM_CLOCK_11008_MONOTONE_SAMPLES,EXACT_KEY_OBSERVED,tracking,0,2317,"(1452948046641, 5, 18110031447199154478, 3, 4, 13, 2314)",1,135735066638878,1,58280000000,1,134613087549345,0,0,0,12000000,PAIRED_ROS_CLOCK
C_SHARED_SIM_CLOCK_11008_MONOTONE_SAMPLES,EXACT_KEY_OBSERVED,tracking,0,2318,"(1452948046641, 5, 18110031447199154478, 3, 4, 13, 2315)",1,135735066638878,1,58296000000,1,134613087549345,0,0,0,12000000,PAIRED_ROS_CLOCK
C_SHARED_SIM_CLOCK_11008_MONOTONE_SAMPLES,EXACT_KEY_OBSERVED,tracking,0,2319,"(1452948046641, 5, 18110031447199154478, 3, 4, 13, 2316)",1,135735066638878,1,58312000000,1,134613087549345,0,0,0,12000000,PAIRED_ROS_CLOCK
C_SHARED_SIM_CLOCK_11008_MONOTONE_SAMPLES,EXACT_KEY_OBSERVED,tracking,0,2320,"(1452948046641, 5, 18110031447199154478, 3, 4, 13, 2317)",1,135735066638878,1,58328000000,1,134613087549345,0,0,0,12000000,PAIRED_ROS_CLOCK
C_SHARED_SIM_CLOCK_11008_MONOTONE_SAMPLES,EXACT_KEY_OBSERVED,tracking,0,2321,"(1452948046641, 5, 18110031447199154478, 3, 4, 13, 2318)",1,135735066638878,1,58344000000,1,134613087549345,0,0,0,12000000,PAIRED_ROS_CLOCK
C_SHARED_SIM_CLOCK_11008_MONOTONE_SAMPLES,EXACT_KEY_OBSERVED,tracking,0,2322,"(1452948046641, 5, 18110031447199154478, 3, 4, 13, 2319)",1,135735066638878,1,58360000000,1,134613087549345,0,0,0,12000000,PAIRED_ROS_CLOCK
C_SHARED_SIM_CLOCK_11008_MONOTONE_SAMPLES,EXACT_KEY_OBSERVED,tracking,0,2323,"(1452948046641, 5, 18110031447199154478, 3, 4, 13, 2320)",1,135735066638878,1,58376000000,1,134613087549345,0,0,0,12000000,PAIRED_ROS_CLOCK
C_SHARED_SIM_CLOCK_11008_MONOTONE_SAMPLES,EXACT_KEY_OBSERVED,tracking,0,2324,"(1452948046641, 5, 18110031447199154478, 3, 4, 13, 2321)",1,135735066638878,1,58392000000,1,134613087549345,0,0,0,12000000,PAIRED_ROS_CLOCK
C_SHARED_SIM_CLOCK_11008_MONOTONE_SAMPLES,EXACT_KEY_OBSERVED,tracking,0,2325,"(1452948046641, 5, 18110031447199154478, 3, 4, 13, 2322)",1,135735066638878,1,58408000000,1,134613087549345,0,0,0,12000000,PAIRED_ROS_CLOCK
C_SHARED_SIM_CLOCK_11008_MONOTONE_SAMPLES,EXACT_KEY_OBSERVED,tracking,0,2326,"(1452948046641, 5, 18110031447199154478, 3, 4, 13, 2323)",1,135735066638878,1,58424000000,1,134613087549345,0,0,0,12000000,PAIRED_ROS_CLOCK
C_SHARED_SIM_CLOCK_11008_MONOTONE_SAMPLES,EXACT_KEY_OBSERVED,tracking,0,2327,"(1452948046641, 5, 18110031447199154478, 3, 4, 13, 2324)",1,135735066638878,1,58440000000,1,134613087549345,0,0,0,12000000,PAIRED_ROS_CLOCK
C_SHARED_SIM_CLOCK_11008_MONOTONE_SAMPLES,EXACT_KEY_OBSERVED,tracking,0,2328,"(1452948046641, 5, 18110031447199154478, 3, 4, 13, 2325)",1,135735066638878,1,58456000000,1,134613087549345,0,0,0,12000000,PAIRED_ROS_CLOCK
C_SHARED_SIM_CLOCK_11008_MONOTONE_SAMPLES,EXACT_KEY_OBSERVED,tracking,0,2329,"(1452948046641, 5, 18110031447199154478, 3, 4, 13, 2326)",1,135735066638878,1,58472000000,1,134613087549345,0,0,0,12000000,PAIRED_ROS_CLOCK
C_SHARED_SIM_CLOCK_11008_MONOTONE_SAMPLES,EXACT_KEY_OBSERVED,tracking,0,2330,"(1452948046641, 5, 18110031447199154478, 3, 4, 13, 2327)",1,135735066638878,1,58488000000,1,134613087549345,0,0,0,12000000,PAIRED_ROS_CLOCK
C_SHARED_SIM_CLOCK_11008_MONOTONE_SAMPLES,EXACT_KEY_OBSERVED,tracking,0,2331,"(1452948046641, 5, 18110031447199154478, 3, 4, 13, 2328)",1,135735066638878,1,58504000000,1,134613087549345,0,0,0,12000000,PAIRED_ROS_CLOCK
C_SHARED_SIM_CLOCK_11008_MONOTONE_SAMPLES,EXACT_KEY_OBSERVED,tracking,0,2332,"(1452948046641, 5, 18110031447199154478, 3, 4, 13, 2329)",1,135735066638878,1,58520000000,1,134613087549345,0,0,0,12000000,PAIRED_ROS_CLOCK
C_SHARED_SIM_CLOCK_11008_MONOTONE_SAMPLES,EXACT_KEY_OBSERVED,tracking,0,2333,"(1452948046641, 5, 18110031447199154478, 3, 4, 13, 2330)",1,135735066638878,1,58536000000,1,134613087549345,0,0,0,12000000,PAIRED_ROS_CLOCK
C_SHARED_SIM_CLOCK_11008_MONOTONE_SAMPLES,EXACT_KEY_OBSERVED,tracking,0,2334,"(1452948046641, 5, 18110031447199154478, 3, 4, 13, 2331)",1,135735066638878,1,58552000000,1,134613087549345,0,0,0,12000000,PAIRED_ROS_CLOCK
C_SHARED_SIM_CLOCK_11008_MONOTONE_SAMPLES,EXACT_KEY_OBSERVED,tracking,0,2335,"(1452948046641, 5, 18110031447199154478, 3, 4, 13, 2332)",1,135735066638878,1,58568000000,1,134613087549345,0,0,0,12000000,PAIRED_ROS_CLOCK
C_SHARED_SIM_CLOCK_11008_MONOTONE_SAMPLES,EXACT_KEY_OBSERVED,tracking,0,2336,"(1452948046641, 5, 18110031447199154478, 3, 4, 13, 2333)",1,135735066638878,1,58584000000,1,134613087549345,0,0,0,12000000,PAIRED_ROS_CLOCK
C_SHARED_SIM_CLOCK_11008_MONOTONE_SAMPLES,EXACT_KEY_OBSERVED,tracking,0,2337,"(1452948046641, 5, 18110031447199154478, 3, 4, 13, 2334)",1,135735066638878,1,58600000000,1,134613087549345,0,0,0,12000000,PAIRED_ROS_CLOCK
C_SHARED_SIM_CLOCK_11008_MONOTONE_SAMPLES,EXACT_KEY_OBSERVED,tracking,0,2338,"(1452948046641, 5, 18110031447199154478, 3, 4, 13, 2335)",1,135735066638878,1,58616000000,1,134613087549345,0,0,0,12000000,PAIRED_ROS_CLOCK
C_SHARED_SIM_CLOCK_11008_MONOTONE_SAMPLES,EXACT_KEY_OBSERVED,tracking,0,2339,"(1452948046641, 5, 18110031447199154478, 3, 4, 13, 2336)",1,135735066638878,1,58632000000,1,134613087549345,0,0,0,12000000,PAIRED_ROS_CLOCK
C_SHARED_SIM_CLOCK_11008_MONOTONE_SAMPLES,EXACT_KEY_OBSERVED,tracking,0,2340,"(1452948046641, 5, 18110031447199154478, 3, 4, 13, 2337)",1,135735066638878,1,58648000000,1,134613087549345,0,0,0,12000000,PAIRED_ROS_CLOCK
C_SHARED_SIM_CLOCK_11008_MONOTONE_SAMPLES,EXACT_KEY_OBSERVED,tracking,0,2341,"(1452948046641, 5, 18110031447199154478, 3, 4, 13, 2338)",1,135735066638878,1,58664000000,1,134613087549345,0,0,0,12000000,PAIRED_ROS_CLOCK
C_SHARED_SIM_CLOCK_11008_MONOTONE_SAMPLES,EXACT_KEY_OBSERVED,tracking,0,2342,"(1452948046641, 5, 18110031447199154478, 3, 4, 13, 2339)",1,135735066638878,1,58680000000,1,134613087549345,0,0,0,12000000,PAIRED_ROS_CLOCK
C_SHARED_SIM_CLOCK_11008_MONOTONE_SAMPLES,EXACT_KEY_OBSERVED,tracking,0,2343,"(1452948046641, 5, 18110031447199154478, 3, 4, 13, 2340)",1,135735066638878,1,58696000000,1,134613087549345,0,0,0,12000000,PAIRED_ROS_CLOCK
C_SHARED_SIM_CLOCK_11008_MONOTONE_SAMPLES,EXACT_KEY_OBSERVED,tracking,0,2344,"(1452948046641, 5, 18110031447199154478, 3, 4, 13, 2341)",1,135735066638878,1,58712000000,1,134613087549345,0,0,0,12000000,PAIRED_ROS_CLOCK
C_SHARED_SIM_CLOCK_11008_MONOTONE_SAMPLES,EXACT_KEY_OBSERVED,tracking,0,2345,"(1452948046641, 5, 18110031447199154478, 3, 4, 13, 2342)",1,135735066638878,1,58728000000,1,134613087549345,0,0,0,12000000,PAIRED_ROS_CLOCK
C_SHARED_SIM_CLOCK_11008_MONOTONE_SAMPLES,EXACT_KEY_OBSERVED,tracking,0,2346,"(1452948046641, 5, 18110031447199154478, 3, 4, 13, 2343)",1,135735066638878,1,58744000000,1,134613087549345,0,0,0,12000000,PAIRED_ROS_CLOCK
C_SHARED_SIM_CLOCK_11008_MONOTONE_SAMPLES,EXACT_KEY_OBSERVED,tracking,0,2347,"(1452948046641, 5, 18110031447199154478, 3, 4, 13, 2344)",1,135735066638878,1,58760000000,1,134613087549345,0,0,0,12000000,PAIRED_ROS_CLOCK
C_SHARED_SIM_CLOCK_11008_MONOTONE_SAMPLES,EXACT_KEY_OBSERVED,tracking,0,2348,"(1452948046641, 5, 18110031447199154478, 3, 4, 13, 2345)",1,135735066638878,1,58776000000,1,134613087549345,0,0,0,12000000,PAIRED_ROS_CLOCK
C_SHARED_SIM_CLOCK_11008_MONOTONE_SAMPLES,EXACT_KEY_OBSERVED,tracking,0,2349,"(1452948046641, 5, 18110031447199154478, 3, 4, 13, 2346)",1,135735066638878,1,58792000000,1,134613087549345,0,0,0,12000000,PAIRED_ROS_CLOCK
C_SHARED_SIM_CLOCK_11008_MONOTONE_SAMPLES,EXACT_KEY_OBSERVED,tracking,0,2350,"(1452948046641, 5, 18110031447199154478, 3, 4, 13, 2347)",1,135735066638878,1,58808000000,1,134613087549345,0,0,0,12000000,PAIRED_ROS_CLOCK
C_SHARED_SIM_CLOCK_11008_MONOTONE_SAMPLES,EXACT_KEY_OBSERVED,tracking,0,2351,"(1452948046641, 5, 18110031447199154478, 3, 4, 13, 2348)",1,135735066638878,1,58824000000,1,134613087549345,0,0,0,12000000,PAIRED_ROS_CLOCK
C_SHARED_SIM_CLOCK_11008_MONOTONE_SAMPLES,EXACT_KEY_OBSERVED,tracking,0,2352,"(1452948046641, 5, 18110031447199154478, 3, 4, 13, 2349)",1,135735066638878,1,58840000000,1,134613087549345,0,0,0,12000000,PAIRED_ROS_CLOCK
C_SHARED_SIM_CLOCK_11008_MONOTONE_SAMPLES,EXACT_KEY_OBSERVED,tracking,0,2353,"(1452948046641, 5, 18110031447199154478, 3, 4, 13, 2350)",1,135735066638878,1,58856000000,1,134613087549345,0,0,0,12000000,PAIRED_ROS_CLOCK
C_SHARED_SIM_CLOCK_11008_MONOTONE_SAMPLES,EXACT_KEY_OBSERVED,tracking,0,2354,"(1452948046641, 5, 18110031447199154478, 3, 4, 13, 2351)",1,135735066638878,1,58872000000,1,134613087549345,0,0,0,12000000,PAIRED_ROS_CLOCK
C_SHARED_SIM_CLOCK_11008_MONOTONE_SAMPLES,EXACT_KEY_OBSERVED,tracking,0,2355,"(1452948046641, 5, 18110031447199154478, 3, 4, 13, 2352)",1,135735066638878,1,58888000000,1,134613087549345,0,0,0,12000000,PAIRED_ROS_CLOCK
C_SHARED_SIM_CLOCK_11008_MONOTONE_SAMPLES,EXACT_KEY_OBSERVED,tracking,0,2356,"(1452948046641, 5, 18110031447199154478, 3, 4, 13, 2353)",1,135735066638878,1,58904000000,1,134613087549345,0,0,0,12000000,PAIRED_ROS_CLOCK
C_SHARED_SIM_CLOCK_11008_MONOTONE_SAMPLES,EXACT_KEY_OBSERVED,tracking,0,2357,"(1452948046641, 5, 18110031447199154478, 3, 4, 13, 2354)",1,135735066638878,1,58920000000,1,134613087549345,0,0,0,12000000,PAIRED_ROS_CLOCK
C_SHARED_SIM_CLOCK_11008_MONOTONE_SAMPLES,EXACT_KEY_OBSERVED,tracking,0,2358,"(1452948046641, 5, 18110031447199154478, 3, 4, 13, 2355)",1,135735066638878,1,58936000000,1,134613087549345,0,0,0,12000000,PAIRED_ROS_CLOCK
C_SHARED_SIM_CLOCK_11008_MONOTONE_SAMPLES,EXACT_KEY_OBSERVED,tracking,0,2359,"(1452948046641, 5, 18110031447199154478, 3, 4, 13, 2356)",1,135735066638878,1,58952000000,1,134613087549345,0,0,0,12000000,PAIRED_ROS_CLOCK
C_SHARED_SIM_CLOCK_11008_MONOTONE_SAMPLES,EXACT_KEY_OBSERVED,tracking,0,2360,"(1452948046641, 5, 18110031447199154478, 3, 4, 13, 2357)",1,135735066638878,1,58968000000,1,134613087549345,0,0,0,12000000,PAIRED_ROS_CLOCK
C_SHARED_SIM_CLOCK_11008_MONOTONE_SAMPLES,EXACT_KEY_OBSERVED,tracking,0,2361,"(1452948046641, 5, 18110031447199154478, 3, 4, 13, 2358)",1,135735066638878,1,58984000000,1,134613087549345,0,0,0,12000000,PAIRED_ROS_CLOCK
C_SHARED_SIM_CLOCK_11008_MONOTONE_SAMPLES,EXACT_KEY_OBSERVED,tracking,0,2362,"(1452948046641, 5, 18110031447199154478, 3, 4, 13, 2359)",1,135735066638878,1,59000000000,1,134613087549345,0,0,0,12000000,PAIRED_ROS_CLOCK
C_SHARED_SIM_CLOCK_11008_MONOTONE_SAMPLES,EXACT_KEY_OBSERVED,tracking,0,2363,"(1452948046641, 5, 18110031447199154478, 3, 4, 13, 2360)",1,135735066638878,1,59016000000,1,134613087549345,0,0,0,12000000,PAIRED_ROS_CLOCK
C_SHARED_SIM_CLOCK_11008_MONOTONE_SAMPLES,EXACT_KEY_OBSERVED,tracking,0,2364,"(1452948046641, 5, 18110031447199154478, 3, 4, 13, 2361)",1,135735066638878,1,59032000000,1,134613087549345,0,0,0,12000000,PAIRED_ROS_CLOCK
C_SHARED_SIM_CLOCK_11008_MONOTONE_SAMPLES,EXACT_KEY_OBSERVED,tracking,0,2365,"(1452948046641, 5, 18110031447199154478, 3, 4, 13, 2362)",1,135735066638878,1,59048000000,1,134613087549345,0,0,0,12000000,PAIRED_ROS_CLOCK
C_SHARED_SIM_CLOCK_11008_MONOTONE_SAMPLES,EXACT_KEY_OBSERVED,tracking,0,2366,"(1452948046641, 5, 18110031447199154478, 3, 4, 13, 2363)",1,135735066638878,1,59064000000,1,134613087549345,0,0,0,12000000,PAIRED_ROS_CLOCK
C_SHARED_SIM_CLOCK_11008_MONOTONE_SAMPLES,EXACT_KEY_OBSERVED,tracking,0,2367,"(1452948046641, 5, 18110031447199154478, 3, 4, 13, 2364)",1,135735066638878,1,59080000000,1,134613087549345,0,0,0,12000000,PAIRED_ROS_CLOCK
C_SHARED_SIM_CLOCK_11008_MONOTONE_SAMPLES,EXACT_KEY_OBSERVED,tracking,0,2368,"(1452948046641, 5, 18110031447199154478, 3, 4, 13, 2365)",1,135735066638878,1,59096000000,1,134613087549345,0,0,0,12000000,PAIRED_ROS_CLOCK
C_SHARED_SIM_CLOCK_11008_MONOTONE_SAMPLES,EXACT_KEY_OBSERVED,tracking,0,2369,"(1452948046641, 5, 18110031447199154478, 3, 4, 13, 2366)",1,135735066638878,1,59112000000,1,134613087549345,0,0,0,12000000,PAIRED_ROS_CLOCK
C_SHARED_SIM_CLOCK_11008_MONOTONE_SAMPLES,EXACT_KEY_OBSERVED,tracking,0,2370,"(1452948046641, 5, 18110031447199154478, 3, 4, 13, 2367)",1,135735066638878,1,59128000000,1,134613087549345,0,0,0,12000000,PAIRED_ROS_CLOCK
C_SHARED_SIM_CLOCK_11008_MONOTONE_SAMPLES,EXACT_KEY_OBSERVED,tracking,0,2371,"(1452948046641, 5, 18110031447199154478, 3, 4, 13, 2368)",1,135735066638878,1,59144000000,1,134613087549345,0,0,0,12000000,PAIRED_ROS_CLOCK
C_SHARED_SIM_CLOCK_11008_MONOTONE_SAMPLES,EXACT_KEY_OBSERVED,tracking,0,2372,"(1452948046641, 5, 18110031447199154478, 3, 4, 13, 2369)",1,135735066638878,1,59160000000,1,134613087549345,0,0,0,12000000,PAIRED_ROS_CLOCK
C_SHARED_SIM_CLOCK_11008_MONOTONE_SAMPLES,EXACT_KEY_OBSERVED,tracking,0,2373,"(1452948046641, 5, 18110031447199154478, 3, 4, 13, 2370)",1,135735066638878,1,59176000000,1,134613087549345,0,0,0,12000000,PAIRED_ROS_CLOCK
C_SHARED_SIM_CLOCK_11008_MONOTONE_SAMPLES,EXACT_KEY_OBSERVED,tracking,0,2374,"(1452948046641, 5, 18110031447199154478, 3, 4, 13, 2371)",1,135735066638878,1,59192000000,1,134613087549345,0,0,0,12000000,PAIRED_ROS_CLOCK
C_SHARED_SIM_CLOCK_11008_MONOTONE_SAMPLES,EXACT_KEY_OBSERVED,tracking,0,2375,"(1452948046641, 5, 18110031447199154478, 3, 4, 13, 2372)",1,135735066638878,1,59208000000,1,134613087549345,0,0,0,12000000,PAIRED_ROS_CLOCK
C_SHARED_SIM_CLOCK_11008_MONOTONE_SAMPLES,EXACT_KEY_OBSERVED,tracking,0,2376,"(1452948046641, 5, 18110031447199154478, 3, 4, 13, 2373)",1,135735066638878,1,59224000000,1,134613087549345,0,0,0,12000000,PAIRED_ROS_CLOCK
C_SHARED_SIM_CLOCK_11008_MONOTONE_SAMPLES,EXACT_KEY_OBSERVED,tracking,0,2377,"(1452948046641, 5, 18110031447199154478, 3, 4, 13, 2374)",1,135735066638878,1,59240000000,1,134613087549345,0,0,0,12000000,PAIRED_ROS_CLOCK
C_SHARED_SIM_CLOCK_11008_MONOTONE_SAMPLES,EXACT_KEY_OBSERVED,tracking,0,2378,"(1452948046641, 5, 18110031447199154478, 3, 4, 13, 2375)",1,135735066638878,1,59256000000,1,134613087549345,0,0,0,12000000,PAIRED_ROS_CLOCK
C_SHARED_SIM_CLOCK_11008_MONOTONE_SAMPLES,EXACT_KEY_OBSERVED,tracking,0,2379,"(1452948046641, 5, 18110031447199154478, 3, 4, 13, 2376)",1,135735066638878,1,59272000000,1,134613087549345,0,0,0,12000000,PAIRED_ROS_CLOCK
C_SHARED_SIM_CLOCK_11008_MONOTONE_SAMPLES,EXACT_KEY_OBSERVED,tracking,0,2380,"(1452948046641, 5, 18110031447199154478, 3, 4, 13, 2377)",1,135735066638878,1,59288000000,1,134613087549345,0,0,0,12000000,PAIRED_ROS_CLOCK
C_SHARED_SIM_CLOCK_11008_MONOTONE_SAMPLES,EXACT_KEY_OBSERVED,tracking,0,2381,"(1452948046641, 5, 18110031447199154478, 3, 4, 13, 2378)",1,135735066638878,1,59304000000,1,134613087549345,0,0,0,12000000,PAIRED_ROS_CLOCK
C_SHARED_SIM_CLOCK_11008_MONOTONE_SAMPLES,EXACT_KEY_OBSERVED,tracking,0,2382,"(1452948046641, 5, 18110031447199154478, 3, 4, 13, 2379)",1,135735066638878,1,59320000000,1,134613087549345,0,0,0,12000000,PAIRED_ROS_CLOCK
C_SHARED_SIM_CLOCK_11008_MONOTONE_SAMPLES,EXACT_KEY_OBSERVED,tracking,0,2383,"(1452948046641, 5, 18110031447199154478, 3, 4, 13, 2380)",1,135735066638878,1,59336000000,1,134613087549345,0,0,0,12000000,PAIRED_ROS_CLOCK
C_SHARED_SIM_CLOCK_11008_MONOTONE_SAMPLES,EXACT_KEY_OBSERVED,tracking,0,2384,"(1452948046641, 5, 18110031447199154478, 3, 4, 13, 2381)",1,135735066638878,1,59352000000,1,134613087549345,0,0,0,12000000,PAIRED_ROS_CLOCK
C_SHARED_SIM_CLOCK_11008_MONOTONE_SAMPLES,EXACT_KEY_OBSERVED,tracking,0,2385,"(1452948046641, 5, 18110031447199154478, 3, 4, 13, 2382)",1,135735066638878,1,59368000000,1,134613087549345,0,0,0,12000000,PAIRED_ROS_CLOCK
C_SHARED_SIM_CLOCK_11008_MONOTONE_SAMPLES,EXACT_KEY_OBSERVED,tracking,0,2386,"(1452948046641, 5, 18110031447199154478, 3, 4, 13, 2383)",1,135735066638878,1,59384000000,1,134613087549345,0,0,0,12000000,PAIRED_ROS_CLOCK
C_SHARED_SIM_CLOCK_11008_MONOTONE_SAMPLES,EXACT_KEY_OBSERVED,tracking,0,2387,"(1452948046641, 5, 18110031447199154478, 3, 4, 13, 2384)",1,135735066638878,1,59400000000,1,134613087549345,0,0,0,12000000,PAIRED_ROS_CLOCK
C_SHARED_SIM_CLOCK_11008_MONOTONE_SAMPLES,EXACT_KEY_OBSERVED,tracking,0,2388,"(1452948046641, 5, 18110031447199154478, 3, 4, 13, 2385)",1,135735066638878,1,59416000000,1,134613087549345,0,0,0,12000000,PAIRED_ROS_CLOCK
C_SHARED_SIM_CLOCK_11008_MONOTONE_SAMPLES,EXACT_KEY_OBSERVED,tracking,0,2389,"(1452948046641, 5, 18110031447199154478, 3, 4, 13, 2386)",1,135735066638878,1,59432000000,1,134613087549345,0,0,0,12000000,PAIRED_ROS_CLOCK
C_SHARED_SIM_CLOCK_11008_MONOTONE_SAMPLES,EXACT_KEY_OBSERVED,tracking,0,2390,"(1452948046641, 5, 18110031447199154478, 3, 4, 13, 2387)",1,135735066638878,1,59448000000,1,134613087549345,0,0,0,12000000,PAIRED_ROS_CLOCK
C_SHARED_SIM_CLOCK_11008_MONOTONE_SAMPLES,EXACT_KEY_OBSERVED,tracking,0,2391,"(1452948046641, 5, 18110031447199154478, 3, 4, 13, 2388)",1,135735066638878,1,59464000000,1,134613087549345,0,0,0,12000000,PAIRED_ROS_CLOCK
C_SHARED_SIM_CLOCK_11008_MONOTONE_SAMPLES,EXACT_KEY_OBSERVED,tracking,0,2392,"(1452948046641, 5, 18110031447199154478, 3, 4, 13, 2389)",1,135735066638878,1,59480000000,1,134613087549345,0,0,0,12000000,PAIRED_ROS_CLOCK
C_SHARED_SIM_CLOCK_11008_MONOTONE_SAMPLES,EXACT_KEY_OBSERVED,tracking,0,2393,"(1452948046641, 5, 18110031447199154478, 3, 4, 13, 2390)",1,135735066638878,1,59496000000,1,134613087549345,0,0,0,12000000,PAIRED_ROS_CLOCK
C_SHARED_SIM_CLOCK_11008_MONOTONE_SAMPLES,EXACT_KEY_OBSERVED,tracking,0,2394,"(1452948046641, 5, 18110031447199154478, 3, 4, 13, 2391)",1,135735066638878,1,59512000000,1,134613087549345,0,0,0,12000000,PAIRED_ROS_CLOCK
C_SHARED_SIM_CLOCK_11008_MONOTONE_SAMPLES,EXACT_KEY_OBSERVED,tracking,0,2395,"(1452948046641, 5, 18110031447199154478, 3, 4, 13, 2392)",1,135735066638878,1,59528000000,1,134613087549345,0,0,0,12000000,PAIRED_ROS_CLOCK
C_SHARED_SIM_CLOCK_11008_MONOTONE_SAMPLES,EXACT_KEY_OBSERVED,tracking,0,2396,"(1452948046641, 5, 18110031447199154478, 3, 4, 13, 2393)",1,135735066638878,1,59544000000,1,134613087549345,0,0,0,12000000,PAIRED_ROS_CLOCK
C_SHARED_SIM_CLOCK_11008_MONOTONE_SAMPLES,EXACT_KEY_OBSERVED,tracking,0,2397,"(1452948046641, 5, 18110031447199154478, 3, 4, 13, 2394)",1,135735066638878,1,59560000000,1,134613087549345,0,0,0,12000000,PAIRED_ROS_CLOCK
C_SHARED_SIM_CLOCK_11008_MONOTONE_SAMPLES,EXACT_KEY_OBSERVED,tracking,0,2398,"(1452948046641, 5, 18110031447199154478, 3, 4, 13, 2395)",1,135735066638878,1,59576000000,1,134613087549345,0,0,0,12000000,PAIRED_ROS_CLOCK
C_SHARED_SIM_CLOCK_11008_MONOTONE_SAMPLES,EXACT_KEY_OBSERVED,tracking,0,2399,"(1452948046641, 5, 18110031447199154478, 3, 4, 13, 2396)",1,135735066638878,1,59592000000,1,134613087549345,0,0,0,12000000,PAIRED_ROS_CLOCK
C_SHARED_SIM_CLOCK_11008_MONOTONE_SAMPLES,EXACT_KEY_OBSERVED,tracking,0,2400,"(1452948046641, 5, 18110031447199154478, 3, 4, 13, 2397)",1,135735066638878,1,59608000000,1,134613087549345,0,0,0,12000000,PAIRED_ROS_CLOCK
C_SHARED_SIM_CLOCK_11008_MONOTONE_SAMPLES,EXACT_KEY_OBSERVED,tracking,0,2401,"(1452948046641, 5, 18110031447199154478, 3, 4, 13, 2398)",1,135735066638878,1,59624000000,1,134613087549345,0,0,0,12000000,PAIRED_ROS_CLOCK
C_SHARED_SIM_CLOCK_11008_MONOTONE_SAMPLES,EXACT_KEY_OBSERVED,tracking,0,2402,"(1452948046641, 5, 18110031447199154478, 3, 4, 13, 2399)",1,135735066638878,1,59640000000,1,134613087549345,0,0,0,12000000,PAIRED_ROS_CLOCK
C_SHARED_SIM_CLOCK_11008_MONOTONE_SAMPLES,EXACT_KEY_OBSERVED,tracking,0,2403,"(1452948046641, 5, 18110031447199154478, 3, 4, 13, 2400)",1,135735066638878,1,59656000000,1,134613087549345,0,0,0,12000000,PAIRED_ROS_CLOCK
C_SHARED_SIM_CLOCK_11008_MONOTONE_SAMPLES,EXACT_KEY_OBSERVED,tracking,0,2404,"(1452948046641, 5, 18110031447199154478, 3, 4, 13, 2401)",1,135735066638878,1,59672000000,1,134613087549345,0,0,0,12000000,PAIRED_ROS_CLOCK
C_SHARED_SIM_CLOCK_11008_MONOTONE_SAMPLES,EXACT_KEY_OBSERVED,tracking,0,2405,"(1452948046641, 5, 18110031447199154478, 3, 4, 13, 2402)",1,135735066638878,1,59688000000,1,134613087549345,0,0,0,12000000,PAIRED_ROS_CLOCK
C_SHARED_SIM_CLOCK_11008_MONOTONE_SAMPLES,EXACT_KEY_OBSERVED,tracking,0,2406,"(1452948046641, 5, 18110031447199154478, 3, 4, 13, 2403)",1,135735066638878,1,59704000000,1,134613087549345,0,0,0,12000000,PAIRED_ROS_CLOCK
C_SHARED_SIM_CLOCK_11008_MONOTONE_SAMPLES,EXACT_KEY_OBSERVED,tracking,0,2407,"(1452948046641, 5, 18110031447199154478, 3, 4, 13, 2404)",1,135735066638878,1,59720000000,1,134613087549345,0,0,0,12000000,PAIRED_ROS_CLOCK
C_SHARED_SIM_CLOCK_11008_MONOTONE_SAMPLES,EXACT_KEY_OBSERVED,tracking,0,2408,"(1452948046641, 5, 18110031447199154478, 3, 4, 13, 2405)",1,135735066638878,1,59736000000,1,134613087549345,0,0,0,12000000,PAIRED_ROS_CLOCK
C_SHARED_SIM_CLOCK_11008_MONOTONE_SAMPLES,EXACT_KEY_OBSERVED,tracking,0,2409,"(1452948046641, 5, 18110031447199154478, 3, 4, 13, 2406)",1,135735066638878,1,59752000000,1,134613087549345,0,0,0,12000000,PAIRED_ROS_CLOCK
C_SHARED_SIM_CLOCK_11008_MONOTONE_SAMPLES,EXACT_KEY_OBSERVED,tracking,0,2410,"(1452948046641, 5, 18110031447199154478, 3, 4, 13, 2407)",1,135735066638878,1,59768000000,1,134613087549345,0,0,0,12000000,PAIRED_ROS_CLOCK
C_SHARED_SIM_CLOCK_11008_MONOTONE_SAMPLES,EXACT_KEY_OBSERVED,tracking,0,2411,"(1452948046641, 5, 18110031447199154478, 3, 4, 13, 2408)",1,135735066638878,1,59784000000,1,134613087549345,0,0,0,12000000,PAIRED_ROS_CLOCK
C_SHARED_SIM_CLOCK_11008_MONOTONE_SAMPLES,EXACT_KEY_OBSERVED,tracking,0,2412,"(1452948046641, 5, 18110031447199154478, 3, 4, 13, 2409)",1,135735066638878,1,59800000000,1,134613087549345,0,0,0,12000000,PAIRED_ROS_CLOCK
C_SHARED_SIM_CLOCK_11008_MONOTONE_SAMPLES,EXACT_KEY_OBSERVED,tracking,0,2413,"(1452948046641, 5, 18110031447199154478, 3, 4, 13, 2410)",1,135735066638878,1,59816000000,1,134613087549345,0,0,0,12000000,PAIRED_ROS_CLOCK
C_SHARED_SIM_CLOCK_11008_MONOTONE_SAMPLES,EXACT_KEY_OBSERVED,tracking,0,2414,"(1452948046641, 5, 18110031447199154478, 3, 4, 13, 2411)",1,135735066638878,1,59832000000,1,134613087549345,0,0,0,12000000,PAIRED_ROS_CLOCK
C_SHARED_SIM_CLOCK_11008_MONOTONE_SAMPLES,EXACT_KEY_OBSERVED,tracking,0,2415,"(1452948046641, 5, 18110031447199154478, 3, 4, 13, 2412)",1,135735066638878,1,59848000000,1,134613087549345,0,0,0,12000000,PAIRED_ROS_CLOCK
C_SHARED_SIM_CLOCK_11008_MONOTONE_SAMPLES,EXACT_KEY_OBSERVED,tracking,0,2416,"(1452948046641, 5, 18110031447199154478, 3, 4, 13, 2413)",1,135735066638878,1,59864000000,1,134613087549345,0,0,0,12000000,PAIRED_ROS_CLOCK
C_SHARED_SIM_CLOCK_11008_MONOTONE_SAMPLES,EXACT_KEY_OBSERVED,tracking,0,2417,"(1452948046641, 5, 18110031447199154478, 3, 4, 13, 2414)",1,135735066638878,1,59880000000,1,134613087549345,0,0,0,12000000,PAIRED_ROS_CLOCK
C_SHARED_SIM_CLOCK_11008_MONOTONE_SAMPLES,EXACT_KEY_OBSERVED,tracking,0,2418,"(1452948046641, 5, 18110031447199154478, 3, 4, 13, 2415)",1,135735066638878,1,59896000000,1,134613087549345,0,0,0,12000000,PAIRED_ROS_CLOCK
C_SHARED_SIM_CLOCK_11008_MONOTONE_SAMPLES,EXACT_KEY_OBSERVED,tracking,0,2419,"(1452948046641, 5, 18110031447199154478, 3, 4, 13, 2416)",1,135735066638878,1,59912000000,1,134613087549345,0,0,0,12000000,PAIRED_ROS_CLOCK
C_SHARED_SIM_CLOCK_11008_MONOTONE_SAMPLES,EXACT_KEY_OBSERVED,tracking,0,2420,"(1452948046641, 5, 18110031447199154478, 3, 4, 13, 2417)",1,135735066638878,1,59928000000,1,134613087549345,0,0,0,12000000,PAIRED_ROS_CLOCK
C_SHARED_SIM_CLOCK_11008_MONOTONE_SAMPLES,EXACT_KEY_OBSERVED,tracking,0,2421,"(1452948046641, 5, 18110031447199154478, 3, 4, 13, 2418)",1,135735066638878,1,59944000000,1,134613087549345,0,0,0,12000000,PAIRED_ROS_CLOCK
C_SHARED_SIM_CLOCK_11008_MONOTONE_SAMPLES,EXACT_KEY_OBSERVED,tracking,0,2422,"(1452948046641, 5, 18110031447199154478, 3, 4, 13, 2419)",1,135735066638878,1,59960000000,1,134613087549345,0,0,0,12000000,PAIRED_ROS_CLOCK
C_SHARED_SIM_CLOCK_11008_MONOTONE_SAMPLES,EXACT_KEY_OBSERVED,tracking,0,2423,"(1452948046641, 5, 18110031447199154478, 3, 4, 13, 2420)",1,135735066638878,1,59976000000,1,134613087549345,0,0,0,12000000,PAIRED_ROS_CLOCK
C_SHARED_SIM_CLOCK_11008_MONOTONE_SAMPLES,EXACT_KEY_OBSERVED,tracking,0,2424,"(1452948046641, 5, 18110031447199154478, 3, 4, 13, 2421)",1,135735066638878,1,59992000000,1,134613087549345,0,0,0,12000000,PAIRED_ROS_CLOCK
C_SHARED_SIM_CLOCK_11008_MONOTONE_SAMPLES,EXACT_KEY_OBSERVED,tracking,0,2425,"(1452948046641, 5, 18110031447199154478, 3, 4, 13, 2422)",1,135735066638878,1,60008000000,1,134613087549345,0,0,0,12000000,PAIRED_ROS_CLOCK
C_SHARED_SIM_CLOCK_11008_MONOTONE_SAMPLES,EXACT_KEY_OBSERVED,tracking,0,2426,"(1452948046641, 5, 18110031447199154478, 3, 4, 13, 2423)",1,135735066638878,1,60024000000,1,134613087549345,0,0,0,12000000,PAIRED_ROS_CLOCK
C_SHARED_SIM_CLOCK_11008_MONOTONE_SAMPLES,EXACT_KEY_OBSERVED,tracking,0,2427,"(1452948046641, 5, 18110031447199154478, 3, 4, 13, 2424)",1,135735066638878,1,60040000000,1,134613087549345,0,0,0,12000000,PAIRED_ROS_CLOCK
C_SHARED_SIM_CLOCK_11008_MONOTONE_SAMPLES,EXACT_KEY_OBSERVED,tracking,0,2428,"(1452948046641, 6, 18110031447199154478, 4, 5, 14, 2425)",1,135735066638878,1,60056000000,1,134613087549345,0,0,0,12000000,PAIRED_ROS_CLOCK
C_SHARED_SIM_CLOCK_11008_MONOTONE_SAMPLES,EXACT_KEY_OBSERVED,tracking,0,2429,"(1452948046641, 6, 18110031447199154478, 4, 5, 14, 2426)",1,135735066638878,1,60072000000,1,134613087549345,0,0,0,12000000,PAIRED_ROS_CLOCK
C_SHARED_SIM_CLOCK_11008_MONOTONE_SAMPLES,EXACT_KEY_OBSERVED,tracking,0,2430,"(1452948046641, 6, 18110031447199154478, 4, 5, 14, 2427)",1,135735066638878,1,60088000000,1,134613087549345,0,0,0,12000000,PAIRED_ROS_CLOCK
C_SHARED_SIM_CLOCK_11008_MONOTONE_SAMPLES,EXACT_KEY_OBSERVED,tracking,0,2431,"(1452948046641, 6, 18110031447199154478, 4, 5, 14, 2428)",1,135735066638878,1,60104000000,1,134613087549345,0,0,0,12000000,PAIRED_ROS_CLOCK
C_SHARED_SIM_CLOCK_11008_MONOTONE_SAMPLES,EXACT_KEY_OBSERVED,tracking,0,2432,"(1452948046641, 6, 18110031447199154478, 4, 5, 14, 2429)",1,135735066638878,1,60120000000,1,134613087549345,0,0,0,12000000,PAIRED_ROS_CLOCK
C_SHARED_SIM_CLOCK_11008_MONOTONE_SAMPLES,EXACT_KEY_OBSERVED,tracking,0,2433,"(1452948046641, 6, 18110031447199154478, 4, 5, 14, 2430)",1,135735066638878,1,60136000000,1,134613087549345,0,0,0,12000000,PAIRED_ROS_CLOCK
C_SHARED_SIM_CLOCK_11008_MONOTONE_SAMPLES,EXACT_KEY_OBSERVED,tracking,0,2434,"(1452948046641, 6, 18110031447199154478, 4, 5, 14, 2431)",1,135735066638878,1,60152000000,1,134613087549345,0,0,0,12000000,PAIRED_ROS_CLOCK
C_SHARED_SIM_CLOCK_11008_MONOTONE_SAMPLES,EXACT_KEY_OBSERVED,tracking,0,2435,"(1452948046641, 6, 18110031447199154478, 4, 5, 14, 2432)",1,135735066638878,1,60168000000,1,134613087549345,0,0,0,12000000,PAIRED_ROS_CLOCK
C_SHARED_SIM_CLOCK_11008_MONOTONE_SAMPLES,EXACT_KEY_OBSERVED,tracking,0,2436,"(1452948046641, 6, 18110031447199154478, 4, 5, 14, 2433)",1,135735066638878,1,60184000000,1,134613087549345,0,0,0,12000000,PAIRED_ROS_CLOCK
C_SHARED_SIM_CLOCK_11008_MONOTONE_SAMPLES,EXACT_KEY_OBSERVED,tracking,0,2437,"(1452948046641, 6, 18110031447199154478, 4, 5, 14, 2434)",1,135735066638878,1,60200000000,1,134613087549345,0,0,0,12000000,PAIRED_ROS_CLOCK
C_SHARED_SIM_CLOCK_11008_MONOTONE_SAMPLES,EXACT_KEY_OBSERVED,tracking,0,2438,"(1452948046641, 6, 18110031447199154478, 4, 5, 14, 2435)",1,135735066638878,1,60216000000,1,134613087549345,0,0,0,12000000,PAIRED_ROS_CLOCK
C_SHARED_SIM_CLOCK_11008_MONOTONE_SAMPLES,EXACT_KEY_OBSERVED,tracking,0,2439,"(1452948046641, 6, 18110031447199154478, 4, 5, 14, 2436)",1,135735066638878,1,60232000000,1,134613087549345,0,0,0,12000000,PAIRED_ROS_CLOCK
C_SHARED_SIM_CLOCK_11008_MONOTONE_SAMPLES,EXACT_KEY_OBSERVED,tracking,0,2440,"(1452948046641, 6, 18110031447199154478, 4, 5, 14, 2437)",1,135735066638878,1,60248000000,1,134613087549345,0,0,0,12000000,PAIRED_ROS_CLOCK
C_SHARED_SIM_CLOCK_11008_MONOTONE_SAMPLES,EXACT_KEY_OBSERVED,tracking,0,2441,"(1452948046641, 6, 18110031447199154478, 4, 5, 14, 2438)",1,135735066638878,1,60264000000,1,134613087549345,0,0,0,12000000,PAIRED_ROS_CLOCK
C_SHARED_SIM_CLOCK_11008_MONOTONE_SAMPLES,EXACT_KEY_OBSERVED,tracking,0,2442,"(1452948046641, 6, 18110031447199154478, 4, 5, 14, 2439)",1,135735066638878,1,60280000000,1,134613087549345,0,0,0,12000000,PAIRED_ROS_CLOCK
C_SHARED_SIM_CLOCK_11008_MONOTONE_SAMPLES,EXACT_KEY_OBSERVED,tracking,0,2443,"(1452948046641, 6, 18110031447199154478, 4, 5, 14, 2440)",1,135735066638878,1,60296000000,1,134613087549345,0,0,0,12000000,PAIRED_ROS_CLOCK
C_SHARED_SIM_CLOCK_11008_MONOTONE_SAMPLES,EXACT_KEY_OBSERVED,tracking,0,2444,"(1452948046641, 6, 18110031447199154478, 4, 5, 14, 2441)",1,135735066638878,1,60312000000,1,134613087549345,0,0,0,12000000,PAIRED_ROS_CLOCK
C_SHARED_SIM_CLOCK_11008_MONOTONE_SAMPLES,EXACT_KEY_OBSERVED,tracking,0,2445,"(1452948046641, 6, 18110031447199154478, 4, 5, 14, 2442)",1,135735066638878,1,60328000000,1,134613087549345,0,0,0,12000000,PAIRED_ROS_CLOCK
C_SHARED_SIM_CLOCK_11008_MONOTONE_SAMPLES,EXACT_KEY_OBSERVED,tracking,0,2446,"(1452948046641, 6, 18110031447199154478, 4, 5, 14, 2443)",1,135735066638878,1,60344000000,1,134613087549345,0,0,0,12000000,PAIRED_ROS_CLOCK
C_SHARED_SIM_CLOCK_11008_MONOTONE_SAMPLES,EXACT_KEY_OBSERVED,tracking,0,2447,"(1452948046641, 6, 18110031447199154478, 4, 5, 14, 2444)",1,135735066638878,1,60360000000,1,134613087549345,0,0,0,12000000,PAIRED_ROS_CLOCK
C_SHARED_SIM_CLOCK_11008_MONOTONE_SAMPLES,EXACT_KEY_OBSERVED,tracking,0,2448,"(1452948046641, 6, 18110031447199154478, 4, 5, 14, 2445)",1,135735066638878,1,60376000000,1,134613087549345,0,0,0,12000000,PAIRED_ROS_CLOCK
C_SHARED_SIM_CLOCK_11008_MONOTONE_SAMPLES,EXACT_KEY_OBSERVED,tracking,0,2449,"(1452948046641, 6, 18110031447199154478, 4, 5, 14, 2446)",1,135735066638878,1,60392000000,1,134613087549345,0,0,0,12000000,PAIRED_ROS_CLOCK
C_SHARED_SIM_CLOCK_11008_MONOTONE_SAMPLES,EXACT_KEY_OBSERVED,tracking,0,2450,"(1452948046641, 6, 18110031447199154478, 4, 5, 14, 2447)",1,135735066638878,1,60408000000,1,134613087549345,0,0,0,12000000,PAIRED_ROS_CLOCK
C_SHARED_SIM_CLOCK_11008_MONOTONE_SAMPLES,EXACT_KEY_OBSERVED,tracking,0,2451,"(1452948046641, 6, 18110031447199154478, 4, 5, 14, 2448)",1,135735066638878,1,60424000000,1,134613087549345,0,0,0,12000000,PAIRED_ROS_CLOCK
C_SHARED_SIM_CLOCK_11008_MONOTONE_SAMPLES,EXACT_KEY_OBSERVED,tracking,0,2452,"(1452948046641, 6, 18110031447199154478, 4, 5, 14, 2449)",1,135735066638878,1,60440000000,1,134613087549345,0,0,0,12000000,PAIRED_ROS_CLOCK
C_SHARED_SIM_CLOCK_11008_MONOTONE_SAMPLES,EXACT_KEY_OBSERVED,tracking,0,2453,"(1452948046641, 6, 18110031447199154478, 4, 5, 15, 2450)",1,135735066638878,1,60456000000,1,134613087549345,0,0,0,12000000,PAIRED_ROS_CLOCK
C_SHARED_SIM_CLOCK_11008_MONOTONE_SAMPLES,EXACT_KEY_OBSERVED,tracking,0,2454,"(1452948046641, 6, 18110031447199154478, 4, 5, 15, 2451)",1,135735066638878,1,60472000000,1,134613087549345,0,0,0,12000000,PAIRED_ROS_CLOCK
C_SHARED_SIM_CLOCK_11008_MONOTONE_SAMPLES,EXACT_KEY_OBSERVED,tracking,0,2455,"(1452948046641, 6, 18110031447199154478, 4, 5, 15, 2452)",1,135735066638878,1,60488000000,1,134613087549345,0,0,0,12000000,PAIRED_ROS_CLOCK
C_SHARED_SIM_CLOCK_11008_MONOTONE_SAMPLES,EXACT_KEY_OBSERVED,tracking,0,2456,"(1452948046641, 6, 18110031447199154478, 4, 5, 15, 2453)",1,135735066638878,1,60504000000,1,134613087549345,0,0,0,12000000,PAIRED_ROS_CLOCK
C_SHARED_SIM_CLOCK_11008_MONOTONE_SAMPLES,EXACT_KEY_OBSERVED,tracking,0,2457,"(1452948046641, 6, 18110031447199154478, 4, 5, 15, 2454)",1,135735066638878,1,60520000000,1,134613087549345,0,0,0,12000000,PAIRED_ROS_CLOCK
C_SHARED_SIM_CLOCK_11008_MONOTONE_SAMPLES,EXACT_KEY_OBSERVED,tracking,0,2458,"(1452948046641, 6, 18110031447199154478, 4, 5, 15, 2455)",1,135735066638878,1,60536000000,1,134613087549345,0,0,0,12000000,PAIRED_ROS_CLOCK
C_SHARED_SIM_CLOCK_11008_MONOTONE_SAMPLES,EXACT_KEY_OBSERVED,tracking,0,2459,"(1452948046641, 6, 18110031447199154478, 4, 5, 15, 2456)",1,135735066638878,1,60552000000,1,134613087549345,0,0,0,12000000,PAIRED_ROS_CLOCK
C_SHARED_SIM_CLOCK_11008_MONOTONE_SAMPLES,EXACT_KEY_OBSERVED,tracking,0,2460,"(1452948046641, 6, 18110031447199154478, 4, 5, 15, 2457)",1,135735066638878,1,60568000000,1,134613087549345,0,0,0,12000000,PAIRED_ROS_CLOCK
C_SHARED_SIM_CLOCK_11008_MONOTONE_SAMPLES,EXACT_KEY_OBSERVED,tracking,0,2461,"(1452948046641, 6, 18110031447199154478, 4, 5, 15, 2458)",1,135735066638878,1,60584000000,1,134613087549345,0,0,0,12000000,PAIRED_ROS_CLOCK
C_SHARED_SIM_CLOCK_11008_MONOTONE_SAMPLES,EXACT_KEY_OBSERVED,tracking,0,2462,"(1452948046641, 6, 18110031447199154478, 4, 5, 15, 2459)",1,135735066638878,1,60600000000,1,134613087549345,0,0,0,12000000,PAIRED_ROS_CLOCK
C_SHARED_SIM_CLOCK_11008_MONOTONE_SAMPLES,EXACT_KEY_OBSERVED,tracking,0,2463,"(1452948046641, 6, 18110031447199154478, 4, 5, 15, 2460)",1,135735066638878,1,60616000000,1,134613087549345,0,0,0,12000000,PAIRED_ROS_CLOCK
C_SHARED_SIM_CLOCK_11008_MONOTONE_SAMPLES,EXACT_KEY_OBSERVED,tracking,0,2464,"(1452948046641, 6, 18110031447199154478, 4, 5, 15, 2461)",1,135735066638878,1,60632000000,1,134613087549345,0,0,0,12000000,PAIRED_ROS_CLOCK
C_SHARED_SIM_CLOCK_11008_MONOTONE_SAMPLES,EXACT_KEY_OBSERVED,tracking,0,2465,"(1452948046641, 6, 18110031447199154478, 4, 5, 15, 2462)",1,135735066638878,1,60648000000,1,134613087549345,0,0,0,12000000,PAIRED_ROS_CLOCK
C_SHARED_SIM_CLOCK_11008_MONOTONE_SAMPLES,EXACT_KEY_OBSERVED,tracking,0,2466,"(1452948046641, 6, 18110031447199154478, 4, 5, 15, 2463)",1,135735066638878,1,60664000000,1,134613087549345,0,0,0,12000000,PAIRED_ROS_CLOCK
C_SHARED_SIM_CLOCK_11008_MONOTONE_SAMPLES,EXACT_KEY_OBSERVED,tracking,0,2467,"(1452948046641, 6, 18110031447199154478, 4, 5, 15, 2464)",1,135735066638878,1,60680000000,1,134613087549345,0,0,0,12000000,PAIRED_ROS_CLOCK
C_SHARED_SIM_CLOCK_11008_MONOTONE_SAMPLES,EXACT_KEY_OBSERVED,tracking,0,2468,"(1452948046641, 6, 18110031447199154478, 4, 5, 15, 2465)",1,135735066638878,1,60696000000,1,134613087549345,0,0,0,12000000,PAIRED_ROS_CLOCK
C_SHARED_SIM_CLOCK_11008_MONOTONE_SAMPLES,EXACT_KEY_OBSERVED,tracking,0,2469,"(1452948046641, 6, 18110031447199154478, 4, 5, 15, 2466)",1,135735066638878,1,60712000000,1,134613087549345,0,0,0,12000000,PAIRED_ROS_CLOCK
C_SHARED_SIM_CLOCK_11008_MONOTONE_SAMPLES,EXACT_KEY_OBSERVED,tracking,0,2470,"(1452948046641, 6, 18110031447199154478, 4, 5, 15, 2467)",1,135735066638878,1,60728000000,1,134613087549345,0,0,0,12000000,PAIRED_ROS_CLOCK
C_SHARED_SIM_CLOCK_11008_MONOTONE_SAMPLES,EXACT_KEY_OBSERVED,tracking,0,2471,"(1452948046641, 6, 18110031447199154478, 4, 5, 15, 2468)",1,135735066638878,1,60744000000,1,134613087549345,0,0,0,12000000,PAIRED_ROS_CLOCK
C_SHARED_SIM_CLOCK_11008_MONOTONE_SAMPLES,EXACT_KEY_OBSERVED,tracking,0,2472,"(1452948046641, 6, 18110031447199154478, 4, 5, 15, 2469)",1,135735066638878,1,60760000000,1,134613087549345,0,0,0,12000000,PAIRED_ROS_CLOCK
C_SHARED_SIM_CLOCK_11008_MONOTONE_SAMPLES,EXACT_KEY_OBSERVED,tracking,0,2473,"(1452948046641, 6, 18110031447199154478, 4, 5, 15, 2470)",1,135735066638878,1,60776000000,1,134613087549345,0,0,0,12000000,PAIRED_ROS_CLOCK
C_SHARED_SIM_CLOCK_11008_MONOTONE_SAMPLES,EXACT_KEY_OBSERVED,tracking,0,2474,"(1452948046641, 6, 18110031447199154478, 4, 5, 15, 2471)",1,135735066638878,1,60792000000,1,134613087549345,0,0,0,12000000,PAIRED_ROS_CLOCK
C_SHARED_SIM_CLOCK_11008_MONOTONE_SAMPLES,EXACT_KEY_OBSERVED,tracking,0,2475,"(1452948046641, 6, 18110031447199154478, 4, 5, 15, 2472)",1,135735066638878,1,60808000000,1,134613087549345,0,0,0,12000000,PAIRED_ROS_CLOCK
C_SHARED_SIM_CLOCK_11008_MONOTONE_SAMPLES,EXACT_KEY_OBSERVED,tracking,0,2476,"(1452948046641, 6, 18110031447199154478, 4, 5, 15, 2473)",1,135735066638878,1,60824000000,1,134613087549345,0,0,0,12000000,PAIRED_ROS_CLOCK
C_SHARED_SIM_CLOCK_11008_MONOTONE_SAMPLES,EXACT_KEY_OBSERVED,tracking,0,2477,"(1452948046641, 6, 18110031447199154478, 4, 5, 15, 2474)",1,135735066638878,1,60840000000,1,134613087549345,0,0,0,12000000,PAIRED_ROS_CLOCK
C_SHARED_SIM_CLOCK_11008_MONOTONE_SAMPLES,EXACT_KEY_OBSERVED,tracking,0,2478,"(1452948046641, 6, 18110031447199154478, 4, 5, 15, 2475)",1,135735066638878,1,60856000000,1,134613087549345,0,0,0,12000000,PAIRED_ROS_CLOCK
C_SHARED_SIM_CLOCK_11008_MONOTONE_SAMPLES,EXACT_KEY_OBSERVED,tracking,0,2479,"(1452948046641, 6, 18110031447199154478, 4, 5, 15, 2476)",1,135735066638878,1,60872000000,1,134613087549345,0,0,0,12000000,PAIRED_ROS_CLOCK
C_SHARED_SIM_CLOCK_11008_MONOTONE_SAMPLES,EXACT_KEY_OBSERVED,tracking,0,2480,"(1452948046641, 6, 18110031447199154478, 4, 5, 15, 2477)",1,135735066638878,1,60888000000,1,134613087549345,0,0,0,12000000,PAIRED_ROS_CLOCK
C_SHARED_SIM_CLOCK_11008_MONOTONE_SAMPLES,EXACT_KEY_OBSERVED,tracking,0,2481,"(1452948046641, 6, 18110031447199154478, 4, 5, 15, 2478)",1,135735066638878,1,60904000000,1,134613087549345,0,0,0,12000000,PAIRED_ROS_CLOCK
C_SHARED_SIM_CLOCK_11008_MONOTONE_SAMPLES,EXACT_KEY_OBSERVED,tracking,0,2482,"(1452948046641, 6, 18110031447199154478, 4, 5, 15, 2479)",1,135735066638878,1,60920000000,1,134613087549345,0,0,0,12000000,PAIRED_ROS_CLOCK
C_SHARED_SIM_CLOCK_11008_MONOTONE_SAMPLES,EXACT_KEY_OBSERVED,tracking,0,2483,"(1452948046641, 6, 18110031447199154478, 4, 5, 15, 2480)",1,135735066638878,1,60936000000,1,134613087549345,0,0,0,12000000,PAIRED_ROS_CLOCK
C_SHARED_SIM_CLOCK_11008_MONOTONE_SAMPLES,EXACT_KEY_OBSERVED,tracking,0,2484,"(1452948046641, 6, 18110031447199154478, 4, 5, 15, 2481)",1,135735066638878,1,60952000000,1,134613087549345,0,0,0,12000000,PAIRED_ROS_CLOCK
C_SHARED_SIM_CLOCK_11008_MONOTONE_SAMPLES,EXACT_KEY_OBSERVED,tracking,0,2485,"(1452948046641, 6, 18110031447199154478, 4, 5, 15, 2482)",1,135735066638878,1,60968000000,1,134613087549345,0,0,0,12000000,PAIRED_ROS_CLOCK
C_SHARED_SIM_CLOCK_11008_MONOTONE_SAMPLES,EXACT_KEY_OBSERVED,tracking,0,2486,"(1452948046641, 6, 18110031447199154478, 4, 5, 15, 2483)",1,135735066638878,1,60984000000,1,134613087549345,0,0,0,12000000,PAIRED_ROS_CLOCK
C_SHARED_SIM_CLOCK_11008_MONOTONE_SAMPLES,EXACT_KEY_OBSERVED,tracking,0,2487,"(1452948046641, 6, 18110031447199154478, 4, 5, 15, 2484)",1,135735066638878,1,61000000000,1,134613087549345,0,0,0,12000000,PAIRED_ROS_CLOCK
C_SHARED_SIM_CLOCK_11008_MONOTONE_SAMPLES,EXACT_KEY_OBSERVED,tracking,0,2488,"(1452948046641, 6, 18110031447199154478, 4, 5, 15, 2485)",1,135735066638878,1,61016000000,1,134613087549345,0,0,0,12000000,PAIRED_ROS_CLOCK
C_SHARED_SIM_CLOCK_11008_MONOTONE_SAMPLES,EXACT_KEY_OBSERVED,tracking,0,2489,"(1452948046641, 6, 18110031447199154478, 4, 5, 15, 2486)",1,135735066638878,1,61032000000,1,134613087549345,0,0,0,12000000,PAIRED_ROS_CLOCK
C_SHARED_SIM_CLOCK_11008_MONOTONE_SAMPLES,EXACT_KEY_OBSERVED,tracking,0,2490,"(1452948046641, 6, 18110031447199154478, 4, 5, 15, 2487)",1,135735066638878,1,61048000000,1,134613087549345,0,0,0,12000000,PAIRED_ROS_CLOCK
C_SHARED_SIM_CLOCK_11008_MONOTONE_SAMPLES,EXACT_KEY_OBSERVED,tracking,0,2491,"(1452948046641, 6, 18110031447199154478, 4, 5, 15, 2488)",1,135735066638878,1,61064000000,1,134613087549345,0,0,0,12000000,PAIRED_ROS_CLOCK
C_SHARED_SIM_CLOCK_11008_MONOTONE_SAMPLES,EXACT_KEY_OBSERVED,tracking,0,2492,"(1452948046641, 6, 18110031447199154478, 4, 5, 15, 2489)",1,135735066638878,1,61080000000,1,134613087549345,0,0,0,12000000,PAIRED_ROS_CLOCK
C_SHARED_SIM_CLOCK_11008_MONOTONE_SAMPLES,EXACT_KEY_OBSERVED,tracking,0,2493,"(1452948046641, 6, 18110031447199154478, 4, 5, 15, 2490)",1,135735066638878,1,61096000000,1,134613087549345,0,0,0,12000000,PAIRED_ROS_CLOCK
C_SHARED_SIM_CLOCK_11008_MONOTONE_SAMPLES,EXACT_KEY_OBSERVED,tracking,0,2494,"(1452948046641, 6, 18110031447199154478, 4, 5, 15, 2491)",1,135735066638878,1,61112000000,1,134613087549345,0,0,0,12000000,PAIRED_ROS_CLOCK
C_SHARED_SIM_CLOCK_11008_MONOTONE_SAMPLES,EXACT_KEY_OBSERVED,tracking,0,2495,"(1452948046641, 6, 18110031447199154478, 4, 5, 15, 2492)",1,135735066638878,1,61128000000,1,134613087549345,0,0,0,12000000,PAIRED_ROS_CLOCK
C_SHARED_SIM_CLOCK_11008_MONOTONE_SAMPLES,EXACT_KEY_OBSERVED,tracking,0,2496,"(1452948046641, 6, 18110031447199154478, 4, 5, 15, 2493)",1,135735066638878,1,61144000000,1,134613087549345,0,0,0,12000000,PAIRED_ROS_CLOCK
C_SHARED_SIM_CLOCK_11008_MONOTONE_SAMPLES,EXACT_KEY_OBSERVED,tracking,0,2497,"(1452948046641, 6, 18110031447199154478, 4, 5, 15, 2494)",1,135735066638878,1,61160000000,1,134613087549345,0,0,0,12000000,PAIRED_ROS_CLOCK
C_SHARED_SIM_CLOCK_11008_MONOTONE_SAMPLES,EXACT_KEY_OBSERVED,tracking,0,2498,"(1452948046641, 6, 18110031447199154478, 4, 5, 15, 2495)",1,135735066638878,1,61176000000,1,134613087549345,0,0,0,12000000,PAIRED_ROS_CLOCK
C_SHARED_SIM_CLOCK_11008_MONOTONE_SAMPLES,EXACT_KEY_OBSERVED,tracking,0,2499,"(1452948046641, 6, 18110031447199154478, 4, 5, 15, 2496)",1,135735066638878,1,61192000000,1,134613087549345,0,0,0,12000000,PAIRED_ROS_CLOCK
C_SHARED_SIM_CLOCK_11008_MONOTONE_SAMPLES,EXACT_KEY_OBSERVED,tracking,0,2500,"(1452948046641, 6, 18110031447199154478, 4, 5, 15, 2497)",1,135735066638878,1,61208000000,1,134613087549345,0,0,0,12000000,PAIRED_ROS_CLOCK
C_SHARED_SIM_CLOCK_11008_MONOTONE_SAMPLES,EXACT_KEY_OBSERVED,tracking,0,2501,"(1452948046641, 6, 18110031447199154478, 4, 5, 15, 2498)",1,135735066638878,1,61224000000,1,134613087549345,0,0,0,12000000,PAIRED_ROS_CLOCK
C_SHARED_SIM_CLOCK_11008_MONOTONE_SAMPLES,EXACT_KEY_OBSERVED,tracking,0,2502,"(1452948046641, 6, 18110031447199154478, 4, 5, 15, 2499)",1,135735066638878,1,61240000000,1,134613087549345,0,0,0,12000000,PAIRED_ROS_CLOCK
C_SHARED_SIM_CLOCK_11008_MONOTONE_SAMPLES,EXACT_KEY_OBSERVED,tracking,0,2503,"(1452948046641, 6, 18110031447199154478, 4, 5, 15, 2500)",1,135735066638878,1,61256000000,1,134613087549345,0,0,0,12000000,PAIRED_ROS_CLOCK
C_SHARED_SIM_CLOCK_11008_MONOTONE_SAMPLES,EXACT_KEY_OBSERVED,tracking,0,2504,"(1452948046641, 6, 18110031447199154478, 4, 5, 15, 2501)",1,135735066638878,1,61272000000,1,134613087549345,0,0,0,12000000,PAIRED_ROS_CLOCK
C_SHARED_SIM_CLOCK_11008_MONOTONE_SAMPLES,EXACT_KEY_OBSERVED,tracking,0,2505,"(1452948046641, 6, 18110031447199154478, 4, 5, 15, 2502)",1,135735066638878,1,61288000000,1,134613087549345,0,0,0,12000000,PAIRED_ROS_CLOCK
C_SHARED_SIM_CLOCK_11008_MONOTONE_SAMPLES,EXACT_KEY_OBSERVED,tracking,0,2506,"(1452948046641, 6, 18110031447199154478, 4, 5, 15, 2503)",1,135735066638878,1,61304000000,1,134613087549345,0,0,0,12000000,PAIRED_ROS_CLOCK
C_SHARED_SIM_CLOCK_11008_MONOTONE_SAMPLES,EXACT_KEY_OBSERVED,tracking,0,2507,"(1452948046641, 6, 18110031447199154478, 4, 5, 15, 2504)",1,135735066638878,1,61320000000,1,134613087549345,0,0,0,12000000,PAIRED_ROS_CLOCK
C_SHARED_SIM_CLOCK_11008_MONOTONE_SAMPLES,EXACT_KEY_OBSERVED,tracking,0,2508,"(1452948046641, 6, 18110031447199154478, 4, 5, 15, 2505)",1,135735066638878,1,61336000000,1,134613087549345,0,0,0,12000000,PAIRED_ROS_CLOCK
C_SHARED_SIM_CLOCK_11008_MONOTONE_SAMPLES,EXACT_KEY_OBSERVED,tracking,0,2509,"(1452948046641, 6, 18110031447199154478, 4, 5, 15, 2506)",1,135735066638878,1,61352000000,1,134613087549345,0,0,0,12000000,PAIRED_ROS_CLOCK
C_SHARED_SIM_CLOCK_11008_MONOTONE_SAMPLES,EXACT_KEY_OBSERVED,tracking,0,2510,"(1452948046641, 6, 18110031447199154478, 4, 5, 15, 2507)",1,135735066638878,1,61368000000,1,134613087549345,0,0,0,12000000,PAIRED_ROS_CLOCK
C_SHARED_SIM_CLOCK_11008_MONOTONE_SAMPLES,EXACT_KEY_OBSERVED,tracking,0,2511,"(1452948046641, 6, 18110031447199154478, 4, 5, 15, 2508)",1,135735066638878,1,61384000000,1,134613087549345,0,0,0,12000000,PAIRED_ROS_CLOCK
C_SHARED_SIM_CLOCK_11008_MONOTONE_SAMPLES,EXACT_KEY_OBSERVED,tracking,0,2512,"(1452948046641, 6, 18110031447199154478, 4, 5, 15, 2509)",1,135735066638878,1,61400000000,1,134613087549345,0,0,0,12000000,PAIRED_ROS_CLOCK
C_SHARED_SIM_CLOCK_11008_MONOTONE_SAMPLES,EXACT_KEY_OBSERVED,tracking,0,2513,"(1452948046641, 6, 18110031447199154478, 4, 5, 15, 2510)",1,135735066638878,1,61416000000,1,134613087549345,0,0,0,12000000,PAIRED_ROS_CLOCK
C_SHARED_SIM_CLOCK_11008_MONOTONE_SAMPLES,EXACT_KEY_OBSERVED,tracking,0,2514,"(1452948046641, 6, 18110031447199154478, 4, 5, 15, 2511)",1,135735066638878,1,61432000000,1,134613087549345,0,0,0,12000000,PAIRED_ROS_CLOCK
C_SHARED_SIM_CLOCK_11008_MONOTONE_SAMPLES,EXACT_KEY_OBSERVED,tracking,0,2515,"(1452948046641, 6, 18110031447199154478, 4, 5, 15, 2512)",1,135735066638878,1,61448000000,1,134613087549345,0,0,0,12000000,PAIRED_ROS_CLOCK
C_SHARED_SIM_CLOCK_11008_MONOTONE_SAMPLES,EXACT_KEY_OBSERVED,tracking,0,2516,"(1452948046641, 6, 18110031447199154478, 4, 5, 15, 2513)",1,135735066638878,1,61464000000,1,134613087549345,0,0,0,12000000,PAIRED_ROS_CLOCK
C_SHARED_SIM_CLOCK_11008_MONOTONE_SAMPLES,EXACT_KEY_OBSERVED,tracking,0,2517,"(1452948046641, 6, 18110031447199154478, 4, 5, 15, 2514)",1,135735066638878,1,61480000000,1,134613087549345,0,0,0,12000000,PAIRED_ROS_CLOCK
C_SHARED_SIM_CLOCK_11008_MONOTONE_SAMPLES,EXACT_KEY_OBSERVED,tracking,0,2518,"(1452948046641, 6, 18110031447199154478, 4, 5, 15, 2515)",1,135735066638878,1,61496000000,1,134613087549345,0,0,0,12000000,PAIRED_ROS_CLOCK
C_SHARED_SIM_CLOCK_11008_MONOTONE_SAMPLES,EXACT_KEY_OBSERVED,tracking,0,2519,"(1452948046641, 6, 18110031447199154478, 4, 5, 15, 2516)",1,135735066638878,1,61512000000,1,134613087549345,0,0,0,12000000,PAIRED_ROS_CLOCK
C_SHARED_SIM_CLOCK_11008_MONOTONE_SAMPLES,EXACT_KEY_OBSERVED,tracking,0,2520,"(1452948046641, 6, 18110031447199154478, 4, 5, 15, 2517)",1,135735066638878,1,61528000000,1,134613087549345,0,0,0,12000000,PAIRED_ROS_CLOCK
C_SHARED_SIM_CLOCK_11008_MONOTONE_SAMPLES,EXACT_KEY_OBSERVED,tracking,0,2521,"(1452948046641, 6, 18110031447199154478, 4, 5, 15, 2518)",1,135735066638878,1,61544000000,1,134613087549345,0,0,0,12000000,PAIRED_ROS_CLOCK
C_SHARED_SIM_CLOCK_11008_MONOTONE_SAMPLES,EXACT_KEY_OBSERVED,tracking,0,2522,"(1452948046641, 6, 18110031447199154478, 4, 5, 15, 2519)",1,135735066638878,1,61560000000,1,134613087549345,0,0,0,12000000,PAIRED_ROS_CLOCK
C_SHARED_SIM_CLOCK_11008_MONOTONE_SAMPLES,EXACT_KEY_OBSERVED,tracking,0,2523,"(1452948046641, 6, 18110031447199154478, 4, 5, 15, 2520)",1,135735066638878,1,61576000000,1,134613087549345,0,0,0,12000000,PAIRED_ROS_CLOCK
C_SHARED_SIM_CLOCK_11008_MONOTONE_SAMPLES,EXACT_KEY_OBSERVED,tracking,0,2524,"(1452948046641, 6, 18110031447199154478, 4, 5, 15, 2521)",1,135735066638878,1,61592000000,1,134613087549345,0,0,0,12000000,PAIRED_ROS_CLOCK
C_SHARED_SIM_CLOCK_11008_MONOTONE_SAMPLES,EXACT_KEY_OBSERVED,tracking,0,2525,"(1452948046641, 6, 18110031447199154478, 4, 5, 15, 2522)",1,135735066638878,1,61608000000,1,134613087549345,0,0,0,12000000,PAIRED_ROS_CLOCK
C_SHARED_SIM_CLOCK_11008_MONOTONE_SAMPLES,EXACT_KEY_OBSERVED,tracking,0,2526,"(1452948046641, 6, 18110031447199154478, 4, 5, 15, 2523)",1,135735066638878,1,61624000000,1,134613087549345,0,0,0,12000000,PAIRED_ROS_CLOCK
C_SHARED_SIM_CLOCK_11008_MONOTONE_SAMPLES,EXACT_KEY_OBSERVED,tracking,0,2527,"(1452948046641, 6, 18110031447199154478, 4, 5, 15, 2524)",1,135735066638878,1,61640000000,1,134613087549345,0,0,0,12000000,PAIRED_ROS_CLOCK
C_SHARED_SIM_CLOCK_11008_MONOTONE_SAMPLES,EXACT_KEY_OBSERVED,tracking,0,2528,"(1452948046641, 6, 18110031447199154478, 4, 5, 15, 2525)",1,135735066638878,1,61656000000,1,134613087549345,0,0,0,12000000,PAIRED_ROS_CLOCK
C_SHARED_SIM_CLOCK_11008_MONOTONE_SAMPLES,EXACT_KEY_OBSERVED,tracking,0,2529,"(1452948046641, 6, 18110031447199154478, 4, 5, 15, 2526)",1,135735066638878,1,61672000000,1,134613087549345,0,0,0,12000000,PAIRED_ROS_CLOCK
C_SHARED_SIM_CLOCK_11008_MONOTONE_SAMPLES,EXACT_KEY_OBSERVED,tracking,0,2530,"(1452948046641, 6, 18110031447199154478, 4, 5, 15, 2527)",1,135735066638878,1,61688000000,1,134613087549345,0,0,0,12000000,PAIRED_ROS_CLOCK
C_SHARED_SIM_CLOCK_11008_MONOTONE_SAMPLES,EXACT_KEY_OBSERVED,tracking,0,2531,"(1452948046641, 6, 18110031447199154478, 4, 5, 15, 2528)",1,135735066638878,1,61704000000,1,134613087549345,0,0,0,12000000,PAIRED_ROS_CLOCK
C_SHARED_SIM_CLOCK_11008_MONOTONE_SAMPLES,EXACT_KEY_OBSERVED,tracking,0,2532,"(1452948046641, 6, 18110031447199154478, 4, 5, 15, 2529)",1,135735066638878,1,61720000000,1,134613087549345,0,0,0,12000000,PAIRED_ROS_CLOCK
C_SHARED_SIM_CLOCK_11008_MONOTONE_SAMPLES,EXACT_KEY_OBSERVED,tracking,0,2533,"(1452948046641, 6, 18110031447199154478, 4, 5, 15, 2530)",1,135735066638878,1,61736000000,1,134613087549345,0,0,0,12000000,PAIRED_ROS_CLOCK
C_SHARED_SIM_CLOCK_11008_MONOTONE_SAMPLES,EXACT_KEY_OBSERVED,tracking,0,2534,"(1452948046641, 6, 18110031447199154478, 4, 5, 15, 2531)",1,135735066638878,1,61752000000,1,134613087549345,0,0,0,12000000,PAIRED_ROS_CLOCK
C_SHARED_SIM_CLOCK_11008_MONOTONE_SAMPLES,EXACT_KEY_OBSERVED,tracking,0,2535,"(1452948046641, 6, 18110031447199154478, 4, 5, 15, 2532)",1,135735066638878,1,61768000000,1,134613087549345,0,0,0,12000000,PAIRED_ROS_CLOCK
C_SHARED_SIM_CLOCK_11008_MONOTONE_SAMPLES,EXACT_KEY_OBSERVED,tracking,0,2536,"(1452948046641, 6, 18110031447199154478, 4, 5, 15, 2533)",1,135735066638878,1,61784000000,1,134613087549345,0,0,0,12000000,PAIRED_ROS_CLOCK
C_SHARED_SIM_CLOCK_11008_MONOTONE_SAMPLES,EXACT_KEY_OBSERVED,tracking,0,2537,"(1452948046641, 6, 18110031447199154478, 4, 5, 15, 2534)",1,135735066638878,1,61800000000,1,134613087549345,0,0,0,12000000,PAIRED_ROS_CLOCK
C_SHARED_SIM_CLOCK_11008_MONOTONE_SAMPLES,EXACT_KEY_OBSERVED,tracking,0,2538,"(1452948046641, 6, 18110031447199154478, 4, 5, 15, 2535)",1,135735066638878,1,61816000000,1,134613087549345,0,0,0,12000000,PAIRED_ROS_CLOCK
C_SHARED_SIM_CLOCK_11008_MONOTONE_SAMPLES,EXACT_KEY_OBSERVED,tracking,0,2539,"(1452948046641, 6, 18110031447199154478, 4, 5, 15, 2536)",1,135735066638878,1,61832000000,1,134613087549345,0,0,0,12000000,PAIRED_ROS_CLOCK
C_SHARED_SIM_CLOCK_11008_MONOTONE_SAMPLES,EXACT_KEY_OBSERVED,tracking,0,2540,"(1452948046641, 6, 18110031447199154478, 4, 5, 15, 2537)",1,135735066638878,1,61848000000,1,134613087549345,0,0,0,12000000,PAIRED_ROS_CLOCK
C_SHARED_SIM_CLOCK_11008_MONOTONE_SAMPLES,EXACT_KEY_OBSERVED,tracking,0,2541,"(1452948046641, 6, 18110031447199154478, 4, 5, 15, 2538)",1,135735066638878,1,61864000000,1,134613087549345,0,0,0,12000000,PAIRED_ROS_CLOCK
C_SHARED_SIM_CLOCK_11008_MONOTONE_SAMPLES,EXACT_KEY_OBSERVED,tracking,0,2542,"(1452948046641, 6, 18110031447199154478, 4, 5, 15, 2539)",1,135735066638878,1,61880000000,1,134613087549345,0,0,0,12000000,PAIRED_ROS_CLOCK
C_SHARED_SIM_CLOCK_11008_MONOTONE_SAMPLES,EXACT_KEY_OBSERVED,tracking,0,2543,"(1452948046641, 6, 18110031447199154478, 4, 5, 15, 2540)",1,135735066638878,1,61896000000,1,134613087549345,0,0,0,12000000,PAIRED_ROS_CLOCK
C_SHARED_SIM_CLOCK_11008_MONOTONE_SAMPLES,EXACT_KEY_OBSERVED,tracking,0,2544,"(1452948046641, 6, 18110031447199154478, 4, 5, 15, 2541)",1,135735066638878,1,61912000000,1,134613087549345,0,0,0,12000000,PAIRED_ROS_CLOCK
C_SHARED_SIM_CLOCK_11008_MONOTONE_SAMPLES,EXACT_KEY_OBSERVED,tracking,0,2545,"(1452948046641, 6, 18110031447199154478, 4, 5, 15, 2542)",1,135735066638878,1,61928000000,1,134613087549345,0,0,0,12000000,PAIRED_ROS_CLOCK
C_SHARED_SIM_CLOCK_11008_MONOTONE_SAMPLES,EXACT_KEY_OBSERVED,tracking,0,2546,"(1452948046641, 6, 18110031447199154478, 4, 5, 15, 2543)",1,135735066638878,1,61944000000,1,134613087549345,0,0,0,12000000,PAIRED_ROS_CLOCK
C_SHARED_SIM_CLOCK_11008_MONOTONE_SAMPLES,EXACT_KEY_OBSERVED,tracking,0,2547,"(1452948046641, 6, 18110031447199154478, 4, 5, 15, 2544)",1,135735066638878,1,61960000000,1,134613087549345,0,0,0,12000000,PAIRED_ROS_CLOCK
C_SHARED_SIM_CLOCK_11008_MONOTONE_SAMPLES,EXACT_KEY_OBSERVED,tracking,0,2548,"(1452948046641, 6, 18110031447199154478, 4, 5, 15, 2545)",1,135735066638878,1,61976000000,1,134613087549345,0,0,0,12000000,PAIRED_ROS_CLOCK
C_SHARED_SIM_CLOCK_11008_MONOTONE_SAMPLES,EXACT_KEY_OBSERVED,tracking,0,2549,"(1452948046641, 6, 18110031447199154478, 4, 5, 15, 2546)",1,135735066638878,1,61992000000,1,134613087549345,0,0,0,12000000,PAIRED_ROS_CLOCK
C_SHARED_SIM_CLOCK_11008_MONOTONE_SAMPLES,EXACT_KEY_OBSERVED,tracking,0,2550,"(1452948046641, 6, 18110031447199154478, 4, 5, 15, 2547)",1,135735066638878,1,62008000000,1,134613087549345,0,0,0,12000000,PAIRED_ROS_CLOCK
C_SHARED_SIM_CLOCK_11008_MONOTONE_SAMPLES,EXACT_KEY_OBSERVED,tracking,0,2551,"(1452948046641, 6, 18110031447199154478, 4, 5, 15, 2548)",1,135735066638878,1,62024000000,1,134613087549345,0,0,0,12000000,PAIRED_ROS_CLOCK
C_SHARED_SIM_CLOCK_11008_MONOTONE_SAMPLES,EXACT_KEY_OBSERVED,tracking,0,2552,"(1452948046641, 6, 18110031447199154478, 4, 5, 15, 2549)",1,135735066638878,1,62040000000,1,134613087549345,0,0,0,12000000,PAIRED_ROS_CLOCK
C_SHARED_SIM_CLOCK_11008_MONOTONE_SAMPLES,EXACT_KEY_OBSERVED,tracking,0,2553,"(1452948046641, 6, 18110031447199154478, 4, 5, 15, 2550)",1,135735066638878,1,62056000000,1,134613087549345,0,0,0,12000000,PAIRED_ROS_CLOCK
C_SHARED_SIM_CLOCK_11008_MONOTONE_SAMPLES,EXACT_KEY_OBSERVED,tracking,0,2554,"(1452948046641, 6, 18110031447199154478, 4, 5, 15, 2551)",1,135735066638878,1,62072000000,1,134613087549345,0,0,0,12000000,PAIRED_ROS_CLOCK
C_SHARED_SIM_CLOCK_11008_MONOTONE_SAMPLES,EXACT_KEY_OBSERVED,tracking,0,2555,"(1452948046641, 6, 18110031447199154478, 4, 5, 15, 2552)",1,135735066638878,1,62088000000,1,134613087549345,0,0,0,12000000,PAIRED_ROS_CLOCK
C_SHARED_SIM_CLOCK_11008_MONOTONE_SAMPLES,EXACT_KEY_OBSERVED,tracking,0,2556,"(1452948046641, 6, 18110031447199154478, 4, 5, 15, 2553)",1,135735066638878,1,62104000000,1,134613087549345,0,0,0,12000000,PAIRED_ROS_CLOCK
C_SHARED_SIM_CLOCK_11008_MONOTONE_SAMPLES,EXACT_KEY_OBSERVED,tracking,0,2557,"(1452948046641, 6, 18110031447199154478, 4, 5, 15, 2554)",1,135735066638878,1,62120000000,1,134613087549345,0,0,0,12000000,PAIRED_ROS_CLOCK
C_SHARED_SIM_CLOCK_11008_MONOTONE_SAMPLES,EXACT_KEY_OBSERVED,tracking,0,2558,"(1452948046641, 6, 18110031447199154478, 4, 5, 15, 2555)",1,135735066638878,1,62136000000,1,134613087549345,0,0,0,12000000,PAIRED_ROS_CLOCK
C_SHARED_SIM_CLOCK_11008_MONOTONE_SAMPLES,EXACT_KEY_OBSERVED,tracking,0,2559,"(1452948046641, 6, 18110031447199154478, 4, 5, 15, 2556)",1,135735066638878,1,62152000000,1,134613087549345,0,0,0,12000000,PAIRED_ROS_CLOCK
C_SHARED_SIM_CLOCK_11008_MONOTONE_SAMPLES,EXACT_KEY_OBSERVED,tracking,0,2560,"(1452948046641, 6, 18110031447199154478, 4, 5, 15, 2557)",1,135735066638878,1,62168000000,1,134613087549345,0,0,0,12000000,PAIRED_ROS_CLOCK
C_SHARED_SIM_CLOCK_11008_MONOTONE_SAMPLES,EXACT_KEY_OBSERVED,tracking,0,2561,"(1452948046641, 6, 18110031447199154478, 4, 5, 15, 2558)",1,135735066638878,1,62184000000,1,134613087549345,0,0,0,12000000,PAIRED_ROS_CLOCK
C_SHARED_SIM_CLOCK_11008_MONOTONE_SAMPLES,EXACT_KEY_OBSERVED,tracking,0,2562,"(1452948046641, 6, 18110031447199154478, 4, 5, 15, 2559)",1,135735066638878,1,62200000000,1,134613087549345,0,0,0,12000000,PAIRED_ROS_CLOCK
C_SHARED_SIM_CLOCK_11008_MONOTONE_SAMPLES,EXACT_KEY_OBSERVED,tracking,0,2563,"(1452948046641, 6, 18110031447199154478, 4, 5, 15, 2560)",1,135735066638878,1,62216000000,1,134613087549345,0,0,0,12000000,PAIRED_ROS_CLOCK
C_SHARED_SIM_CLOCK_11008_MONOTONE_SAMPLES,EXACT_KEY_OBSERVED,tracking,0,2564,"(1452948046641, 6, 18110031447199154478, 4, 5, 15, 2561)",1,135735066638878,1,62232000000,1,134613087549345,0,0,0,12000000,PAIRED_ROS_CLOCK
C_SHARED_SIM_CLOCK_11008_MONOTONE_SAMPLES,EXACT_KEY_OBSERVED,tracking,0,2565,"(1452948046641, 6, 18110031447199154478, 4, 5, 15, 2562)",1,135735066638878,1,62248000000,1,134613087549345,0,0,0,12000000,PAIRED_ROS_CLOCK
C_SHARED_SIM_CLOCK_11008_MONOTONE_SAMPLES,EXACT_KEY_OBSERVED,tracking,0,2566,"(1452948046641, 6, 18110031447199154478, 4, 5, 15, 2563)",1,135735066638878,1,62264000000,1,134613087549345,0,0,0,12000000,PAIRED_ROS_CLOCK
C_SHARED_SIM_CLOCK_11008_MONOTONE_SAMPLES,EXACT_KEY_OBSERVED,tracking,0,2567,"(1452948046641, 6, 18110031447199154478, 4, 5, 15, 2564)",1,135735066638878,1,62280000000,1,134613087549345,0,0,0,12000000,PAIRED_ROS_CLOCK
C_SHARED_SIM_CLOCK_11008_MONOTONE_SAMPLES,EXACT_KEY_OBSERVED,tracking,0,2568,"(1452948046641, 6, 18110031447199154478, 4, 5, 15, 2565)",1,135735066638878,1,62296000000,1,134613087549345,0,0,0,12000000,PAIRED_ROS_CLOCK
C_SHARED_SIM_CLOCK_11008_MONOTONE_SAMPLES,EXACT_KEY_OBSERVED,tracking,0,2569,"(1452948046641, 6, 18110031447199154478, 4, 5, 15, 2566)",1,135735066638878,1,62312000000,1,134613087549345,0,0,0,12000000,PAIRED_ROS_CLOCK
C_SHARED_SIM_CLOCK_11008_MONOTONE_SAMPLES,EXACT_KEY_OBSERVED,tracking,0,2570,"(1452948046641, 6, 18110031447199154478, 4, 5, 15, 2567)",1,135735066638878,1,62328000000,1,134613087549345,0,0,0,12000000,PAIRED_ROS_CLOCK
C_SHARED_SIM_CLOCK_11008_MONOTONE_SAMPLES,EXACT_KEY_OBSERVED,tracking,0,2571,"(1452948046641, 6, 18110031447199154478, 4, 5, 15, 2568)",1,135735066638878,1,62344000000,1,134613087549345,0,0,0,12000000,PAIRED_ROS_CLOCK
C_SHARED_SIM_CLOCK_11008_MONOTONE_SAMPLES,EXACT_KEY_OBSERVED,tracking,0,2572,"(1452948046641, 6, 18110031447199154478, 4, 5, 15, 2569)",1,135735066638878,1,62360000000,1,134613087549345,0,0,0,12000000,PAIRED_ROS_CLOCK
C_SHARED_SIM_CLOCK_11008_MONOTONE_SAMPLES,EXACT_KEY_OBSERVED,tracking,0,2573,"(1452948046641, 6, 18110031447199154478, 4, 5, 15, 2570)",1,135735066638878,1,62376000000,1,134613087549345,0,0,0,12000000,PAIRED_ROS_CLOCK
C_SHARED_SIM_CLOCK_11008_MONOTONE_SAMPLES,EXACT_KEY_OBSERVED,tracking,0,2574,"(1452948046641, 6, 18110031447199154478, 4, 5, 15, 2571)",1,135735066638878,1,62392000000,1,134613087549345,0,0,0,12000000,PAIRED_ROS_CLOCK
C_SHARED_SIM_CLOCK_11008_MONOTONE_SAMPLES,EXACT_KEY_OBSERVED,tracking,0,2575,"(1452948046641, 6, 18110031447199154478, 4, 5, 15, 2572)",1,135735066638878,1,62408000000,1,134613087549345,0,0,0,12000000,PAIRED_ROS_CLOCK
C_SHARED_SIM_CLOCK_11008_MONOTONE_SAMPLES,EXACT_KEY_OBSERVED,tracking,0,2576,"(1452948046641, 6, 18110031447199154478, 4, 5, 15, 2573)",1,135735066638878,1,62424000000,1,134613087549345,0,0,0,12000000,PAIRED_ROS_CLOCK
C_SHARED_SIM_CLOCK_11008_MONOTONE_SAMPLES,EXACT_KEY_OBSERVED,tracking,0,2577,"(1452948046641, 6, 18110031447199154478, 4, 5, 15, 2574)",1,135735066638878,1,62440000000,1,134613087549345,0,0,0,12000000,PAIRED_ROS_CLOCK
C_SHARED_SIM_CLOCK_11008_MONOTONE_SAMPLES,EXACT_KEY_OBSERVED,tracking,0,2578,"(1452948046641, 6, 18110031447199154478, 4, 5, 15, 2575)",1,135735066638878,1,62456000000,1,134613087549345,0,0,0,12000000,PAIRED_ROS_CLOCK
C_SHARED_SIM_CLOCK_11008_MONOTONE_SAMPLES,EXACT_KEY_OBSERVED,tracking,0,2579,"(1452948046641, 6, 18110031447199154478, 4, 5, 15, 2576)",1,135735066638878,1,62472000000,1,134613087549345,0,0,0,12000000,PAIRED_ROS_CLOCK
C_SHARED_SIM_CLOCK_11008_MONOTONE_SAMPLES,EXACT_KEY_OBSERVED,tracking,0,2580,"(1452948046641, 6, 18110031447199154478, 4, 5, 15, 2577)",1,135735066638878,1,62488000000,1,134613087549345,0,0,0,12000000,PAIRED_ROS_CLOCK
C_SHARED_SIM_CLOCK_11008_MONOTONE_SAMPLES,EXACT_KEY_OBSERVED,tracking,0,2581,"(1452948046641, 6, 18110031447199154478, 4, 5, 15, 2578)",1,135735066638878,1,62504000000,1,134613087549345,0,0,0,12000000,PAIRED_ROS_CLOCK
C_SHARED_SIM_CLOCK_11008_MONOTONE_SAMPLES,EXACT_KEY_OBSERVED,tracking,0,2582,"(1452948046641, 6, 18110031447199154478, 4, 5, 15, 2579)",1,135735066638878,1,62520000000,1,134613087549345,0,0,0,12000000,PAIRED_ROS_CLOCK
C_SHARED_SIM_CLOCK_11008_MONOTONE_SAMPLES,EXACT_KEY_OBSERVED,tracking,0,2583,"(1452948046641, 6, 18110031447199154478, 4, 5, 15, 2580)",1,135735066638878,1,62536000000,1,134613087549345,0,0,0,12000000,PAIRED_ROS_CLOCK
C_SHARED_SIM_CLOCK_11008_MONOTONE_SAMPLES,EXACT_KEY_OBSERVED,tracking,0,2584,"(1452948046641, 6, 18110031447199154478, 4, 5, 15, 2581)",1,135735066638878,1,62552000000,1,134613087549345,0,0,0,12000000,PAIRED_ROS_CLOCK
C_SHARED_SIM_CLOCK_11008_MONOTONE_SAMPLES,EXACT_KEY_OBSERVED,tracking,0,2585,"(1452948046641, 6, 18110031447199154478, 4, 5, 15, 2582)",1,135735066638878,1,62568000000,1,134613087549345,0,0,0,12000000,PAIRED_ROS_CLOCK
C_SHARED_SIM_CLOCK_11008_MONOTONE_SAMPLES,EXACT_KEY_OBSERVED,tracking,0,2586,"(1452948046641, 6, 18110031447199154478, 4, 5, 15, 2583)",1,135735066638878,1,62584000000,1,134613087549345,0,0,0,12000000,PAIRED_ROS_CLOCK
C_SHARED_SIM_CLOCK_11008_MONOTONE_SAMPLES,EXACT_KEY_OBSERVED,tracking,0,2587,"(1452948046641, 6, 18110031447199154478, 4, 5, 15, 2584)",1,135735066638878,1,62600000000,1,134613087549345,0,0,0,12000000,PAIRED_ROS_CLOCK
C_SHARED_SIM_CLOCK_11008_MONOTONE_SAMPLES,EXACT_KEY_OBSERVED,tracking,0,2588,"(1452948046641, 6, 18110031447199154478, 4, 5, 15, 2585)",1,135735066638878,1,62616000000,1,134613087549345,0,0,0,12000000,PAIRED_ROS_CLOCK
C_SHARED_SIM_CLOCK_11008_MONOTONE_SAMPLES,EXACT_KEY_OBSERVED,tracking,0,2589,"(1452948046641, 6, 18110031447199154478, 4, 5, 15, 2586)",1,135735066638878,1,62632000000,1,134613087549345,0,0,0,12000000,PAIRED_ROS_CLOCK
C_SHARED_SIM_CLOCK_11008_MONOTONE_SAMPLES,EXACT_KEY_OBSERVED,tracking,0,2590,"(1452948046641, 6, 18110031447199154478, 4, 5, 15, 2587)",1,135735066638878,1,62648000000,1,134613087549345,0,0,0,12000000,PAIRED_ROS_CLOCK
C_SHARED_SIM_CLOCK_11008_MONOTONE_SAMPLES,EXACT_KEY_OBSERVED,tracking,0,2591,"(1452948046641, 6, 18110031447199154478, 4, 5, 15, 2588)",1,135735066638878,1,62664000000,1,134613087549345,0,0,0,12000000,PAIRED_ROS_CLOCK
C_SHARED_SIM_CLOCK_11008_MONOTONE_SAMPLES,EXACT_KEY_OBSERVED,tracking,0,2592,"(1452948046641, 6, 18110031447199154478, 4, 5, 15, 2589)",1,135735066638878,1,62680000000,1,134613087549345,0,0,0,12000000,PAIRED_ROS_CLOCK
C_SHARED_SIM_CLOCK_11008_MONOTONE_SAMPLES,EXACT_KEY_OBSERVED,tracking,0,2593,"(1452948046641, 6, 18110031447199154478, 4, 5, 15, 2590)",1,135735066638878,1,62696000000,1,134613087549345,0,0,0,12000000,PAIRED_ROS_CLOCK
C_SHARED_SIM_CLOCK_11008_MONOTONE_SAMPLES,EXACT_KEY_OBSERVED,tracking,0,2594,"(1452948046641, 6, 18110031447199154478, 4, 5, 15, 2591)",1,135735066638878,1,62712000000,1,134613087549345,0,0,0,12000000,PAIRED_ROS_CLOCK
C_SHARED_SIM_CLOCK_11008_MONOTONE_SAMPLES,EXACT_KEY_OBSERVED,tracking,0,2595,"(1452948046641, 6, 18110031447199154478, 4, 5, 15, 2592)",1,135735066638878,1,62728000000,1,134613087549345,0,0,0,12000000,PAIRED_ROS_CLOCK
C_SHARED_SIM_CLOCK_11008_MONOTONE_SAMPLES,EXACT_KEY_OBSERVED,tracking,0,2596,"(1452948046641, 6, 18110031447199154478, 4, 5, 15, 2593)",1,135735066638878,1,62744000000,1,134613087549345,0,0,0,12000000,PAIRED_ROS_CLOCK
C_SHARED_SIM_CLOCK_11008_MONOTONE_SAMPLES,EXACT_KEY_OBSERVED,tracking,0,2597,"(1452948046641, 6, 18110031447199154478, 4, 5, 15, 2594)",1,135735066638878,1,62760000000,1,134613087549345,0,0,0,12000000,PAIRED_ROS_CLOCK
C_SHARED_SIM_CLOCK_11008_MONOTONE_SAMPLES,EXACT_KEY_OBSERVED,tracking,0,2598,"(1452948046641, 6, 18110031447199154478, 4, 5, 15, 2595)",1,135735066638878,1,62776000000,1,134613087549345,0,0,0,12000000,PAIRED_ROS_CLOCK
C_SHARED_SIM_CLOCK_11008_MONOTONE_SAMPLES,EXACT_KEY_OBSERVED,tracking,0,2599,"(1452948046641, 6, 18110031447199154478, 4, 5, 15, 2596)",1,135735066638878,1,62792000000,1,134613087549345,0,0,0,12000000,PAIRED_ROS_CLOCK
C_SHARED_SIM_CLOCK_11008_MONOTONE_SAMPLES,EXACT_KEY_OBSERVED,tracking,0,2600,"(1452948046641, 6, 18110031447199154478, 4, 5, 15, 2597)",1,135735066638878,1,62808000000,1,134613087549345,0,0,0,12000000,PAIRED_ROS_CLOCK
C_SHARED_SIM_CLOCK_11008_MONOTONE_SAMPLES,EXACT_KEY_OBSERVED,tracking,0,2601,"(1452948046641, 6, 18110031447199154478, 4, 5, 15, 2598)",1,135735066638878,1,62824000000,1,134613087549345,0,0,0,12000000,PAIRED_ROS_CLOCK
C_SHARED_SIM_CLOCK_11008_MONOTONE_SAMPLES,EXACT_KEY_OBSERVED,tracking,0,2602,"(1452948046641, 6, 18110031447199154478, 4, 5, 15, 2599)",1,135735066638878,1,62840000000,1,134613087549345,0,0,0,12000000,PAIRED_ROS_CLOCK
C_SHARED_SIM_CLOCK_11008_MONOTONE_SAMPLES,EXACT_KEY_OBSERVED,tracking,0,2603,"(1452948046641, 6, 18110031447199154478, 4, 5, 15, 2600)",1,135735066638878,1,62856000000,1,134613087549345,0,0,0,12000000,PAIRED_ROS_CLOCK
C_SHARED_SIM_CLOCK_11008_MONOTONE_SAMPLES,EXACT_KEY_OBSERVED,tracking,0,2604,"(1452948046641, 6, 18110031447199154478, 4, 5, 15, 2601)",1,135735066638878,1,62872000000,1,134613087549345,0,0,0,12000000,PAIRED_ROS_CLOCK
C_SHARED_SIM_CLOCK_11008_MONOTONE_SAMPLES,EXACT_KEY_OBSERVED,tracking,0,2605,"(1452948046641, 6, 18110031447199154478, 4, 5, 15, 2602)",1,135735066638878,1,62888000000,1,134613087549345,0,0,0,12000000,PAIRED_ROS_CLOCK
C_SHARED_SIM_CLOCK_11008_MONOTONE_SAMPLES,EXACT_KEY_OBSERVED,tracking,0,2606,"(1452948046641, 6, 18110031447199154478, 4, 5, 15, 2603)",1,135735066638878,1,62904000000,1,134613087549345,0,0,0,12000000,PAIRED_ROS_CLOCK
C_SHARED_SIM_CLOCK_11008_MONOTONE_SAMPLES,EXACT_KEY_OBSERVED,tracking,0,2607,"(1452948046641, 6, 18110031447199154478, 4, 5, 15, 2604)",1,135735066638878,1,62920000000,1,134613087549345,0,0,0,12000000,PAIRED_ROS_CLOCK
C_SHARED_SIM_CLOCK_11008_MONOTONE_SAMPLES,EXACT_KEY_OBSERVED,tracking,0,2608,"(1452948046641, 6, 18110031447199154478, 4, 5, 15, 2605)",1,135735066638878,1,62936000000,1,134613087549345,0,0,0,12000000,PAIRED_ROS_CLOCK
C_SHARED_SIM_CLOCK_11008_MONOTONE_SAMPLES,EXACT_KEY_OBSERVED,tracking,0,2609,"(1452948046641, 6, 18110031447199154478, 4, 5, 15, 2606)",1,135735066638878,1,62952000000,1,134613087549345,0,0,0,12000000,PAIRED_ROS_CLOCK
C_SHARED_SIM_CLOCK_11008_MONOTONE_SAMPLES,EXACT_KEY_OBSERVED,tracking,0,2610,"(1452948046641, 6, 18110031447199154478, 4, 5, 15, 2607)",1,135735066638878,1,62968000000,1,134613087549345,0,0,0,12000000,PAIRED_ROS_CLOCK
C_SHARED_SIM_CLOCK_11008_MONOTONE_SAMPLES,EXACT_KEY_OBSERVED,tracking,0,2611,"(1452948046641, 6, 18110031447199154478, 4, 5, 15, 2608)",1,135735066638878,1,62984000000,1,134613087549345,0,0,0,12000000,PAIRED_ROS_CLOCK
C_SHARED_SIM_CLOCK_11008_MONOTONE_SAMPLES,EXACT_KEY_OBSERVED,tracking,0,2612,"(1452948046641, 6, 18110031447199154478, 4, 5, 15, 2609)",1,135735066638878,1,63000000000,1,134613087549345,0,0,0,12000000,PAIRED_ROS_CLOCK
C_SHARED_SIM_CLOCK_11008_MONOTONE_SAMPLES,EXACT_KEY_OBSERVED,tracking,0,2613,"(1452948046641, 6, 18110031447199154478, 4, 5, 15, 2610)",1,135735066638878,1,63016000000,1,134613087549345,0,0,0,12000000,PAIRED_ROS_CLOCK
C_SHARED_SIM_CLOCK_11008_MONOTONE_SAMPLES,EXACT_KEY_OBSERVED,tracking,0,2614,"(1452948046641, 6, 18110031447199154478, 4, 5, 15, 2611)",1,135735066638878,1,63032000000,1,134613087549345,0,0,0,12000000,PAIRED_ROS_CLOCK
C_SHARED_SIM_CLOCK_11008_MONOTONE_SAMPLES,EXACT_KEY_OBSERVED,tracking,0,2615,"(1452948046641, 6, 18110031447199154478, 4, 5, 15, 2612)",1,135735066638878,1,63048000000,1,134613087549345,0,0,0,12000000,PAIRED_ROS_CLOCK
C_SHARED_SIM_CLOCK_11008_MONOTONE_SAMPLES,EXACT_KEY_OBSERVED,tracking,0,2616,"(1452948046641, 6, 18110031447199154478, 4, 5, 15, 2613)",1,135735066638878,1,63064000000,1,134613087549345,0,0,0,12000000,PAIRED_ROS_CLOCK
C_SHARED_SIM_CLOCK_11008_MONOTONE_SAMPLES,EXACT_KEY_OBSERVED,tracking,0,2617,"(1452948046641, 6, 18110031447199154478, 4, 5, 15, 2614)",1,135735066638878,1,63080000000,1,134613087549345,0,0,0,12000000,PAIRED_ROS_CLOCK
C_SHARED_SIM_CLOCK_11008_MONOTONE_SAMPLES,EXACT_KEY_OBSERVED,tracking,0,2618,"(1452948046641, 6, 18110031447199154478, 4, 5, 15, 2615)",1,135735066638878,1,63096000000,1,134613087549345,0,0,0,12000000,PAIRED_ROS_CLOCK
C_SHARED_SIM_CLOCK_11008_MONOTONE_SAMPLES,EXACT_KEY_OBSERVED,tracking,0,2619,"(1452948046641, 6, 18110031447199154478, 4, 5, 15, 2616)",1,135735066638878,1,63112000000,1,134613087549345,0,0,0,12000000,PAIRED_ROS_CLOCK
C_SHARED_SIM_CLOCK_11008_MONOTONE_SAMPLES,EXACT_KEY_OBSERVED,tracking,0,2620,"(1452948046641, 6, 18110031447199154478, 4, 5, 15, 2617)",1,135735066638878,1,63128000000,1,134613087549345,0,0,0,12000000,PAIRED_ROS_CLOCK
C_SHARED_SIM_CLOCK_11008_MONOTONE_SAMPLES,EXACT_KEY_OBSERVED,tracking,0,2621,"(1452948046641, 6, 18110031447199154478, 4, 5, 15, 2618)",1,135735066638878,1,63144000000,1,134613087549345,0,0,0,12000000,PAIRED_ROS_CLOCK
C_SHARED_SIM_CLOCK_11008_MONOTONE_SAMPLES,EXACT_KEY_OBSERVED,tracking,0,2622,"(1452948046641, 6, 18110031447199154478, 4, 5, 15, 2619)",1,135735066638878,1,63160000000,1,134613087549345,0,0,0,12000000,PAIRED_ROS_CLOCK
C_SHARED_SIM_CLOCK_11008_MONOTONE_SAMPLES,EXACT_KEY_OBSERVED,tracking,0,2623,"(1452948046641, 6, 18110031447199154478, 4, 5, 15, 2620)",1,135735066638878,1,63176000000,1,134613087549345,0,0,0,12000000,PAIRED_ROS_CLOCK
C_SHARED_SIM_CLOCK_11008_MONOTONE_SAMPLES,EXACT_KEY_OBSERVED,tracking,0,2624,"(1452948046641, 6, 18110031447199154478, 4, 5, 15, 2621)",1,135735066638878,1,63192000000,1,134613087549345,0,0,0,12000000,PAIRED_ROS_CLOCK
C_SHARED_SIM_CLOCK_11008_MONOTONE_SAMPLES,EXACT_KEY_OBSERVED,tracking,0,2625,"(1452948046641, 6, 18110031447199154478, 4, 5, 15, 2622)",1,135735066638878,1,63208000000,1,134613087549345,0,0,0,12000000,PAIRED_ROS_CLOCK
C_SHARED_SIM_CLOCK_11008_MONOTONE_SAMPLES,EXACT_KEY_OBSERVED,tracking,0,2626,"(1452948046641, 6, 18110031447199154478, 4, 5, 15, 2623)",1,135735066638878,1,63224000000,1,134613087549345,0,0,0,12000000,PAIRED_ROS_CLOCK
C_SHARED_SIM_CLOCK_11008_MONOTONE_SAMPLES,EXACT_KEY_OBSERVED,tracking,0,2627,"(1452948046641, 6, 18110031447199154478, 4, 5, 15, 2624)",1,135735066638878,1,63240000000,1,134613087549345,0,0,0,12000000,PAIRED_ROS_CLOCK
C_SHARED_SIM_CLOCK_11008_MONOTONE_SAMPLES,EXACT_KEY_OBSERVED,tracking,0,2628,"(1452948046641, 6, 18110031447199154478, 4, 5, 15, 2625)",1,135735066638878,1,63256000000,1,134613087549345,0,0,0,12000000,PAIRED_ROS_CLOCK
C_SHARED_SIM_CLOCK_11008_MONOTONE_SAMPLES,EXACT_KEY_OBSERVED,tracking,0,2629,"(1452948046641, 6, 18110031447199154478, 4, 5, 15, 2626)",1,135735066638878,1,63272000000,1,134613087549345,0,0,0,12000000,PAIRED_ROS_CLOCK
C_SHARED_SIM_CLOCK_11008_MONOTONE_SAMPLES,EXACT_KEY_OBSERVED,tracking,0,2630,"(1452948046641, 6, 18110031447199154478, 4, 5, 15, 2627)",1,135735066638878,1,63288000000,1,134613087549345,0,0,0,12000000,PAIRED_ROS_CLOCK
C_SHARED_SIM_CLOCK_11008_MONOTONE_SAMPLES,EXACT_KEY_OBSERVED,tracking,0,2631,"(1452948046641, 6, 18110031447199154478, 4, 5, 15, 2628)",1,135735066638878,1,63304000000,1,134613087549345,0,0,0,12000000,PAIRED_ROS_CLOCK
C_SHARED_SIM_CLOCK_11008_MONOTONE_SAMPLES,EXACT_KEY_OBSERVED,tracking,0,2632,"(1452948046641, 6, 18110031447199154478, 4, 5, 15, 2629)",1,135735066638878,1,63320000000,1,134613087549345,0,0,0,12000000,PAIRED_ROS_CLOCK
C_SHARED_SIM_CLOCK_11008_MONOTONE_SAMPLES,EXACT_KEY_OBSERVED,tracking,0,2633,"(1452948046641, 6, 18110031447199154478, 4, 5, 15, 2630)",1,135735066638878,1,63336000000,1,134613087549345,0,0,0,12000000,PAIRED_ROS_CLOCK
C_SHARED_SIM_CLOCK_11008_MONOTONE_SAMPLES,EXACT_KEY_OBSERVED,tracking,0,2634,"(1452948046641, 6, 18110031447199154478, 4, 5, 15, 2631)",1,135735066638878,1,63352000000,1,134613087549345,0,0,0,12000000,PAIRED_ROS_CLOCK
C_SHARED_SIM_CLOCK_11008_MONOTONE_SAMPLES,EXACT_KEY_OBSERVED,tracking,0,2635,"(1452948046641, 6, 18110031447199154478, 4, 5, 15, 2632)",1,135735066638878,1,63368000000,1,134613087549345,0,0,0,12000000,PAIRED_ROS_CLOCK
C_SHARED_SIM_CLOCK_11008_MONOTONE_SAMPLES,EXACT_KEY_OBSERVED,tracking,0,2636,"(1452948046641, 6, 18110031447199154478, 4, 5, 15, 2633)",1,135735066638878,1,63384000000,1,134613087549345,0,0,0,12000000,PAIRED_ROS_CLOCK
C_SHARED_SIM_CLOCK_11008_MONOTONE_SAMPLES,EXACT_KEY_OBSERVED,tracking,0,2637,"(1452948046641, 6, 18110031447199154478, 4, 5, 15, 2634)",1,135735066638878,1,63400000000,1,134613087549345,0,0,0,12000000,PAIRED_ROS_CLOCK
C_SHARED_SIM_CLOCK_11008_MONOTONE_SAMPLES,EXACT_KEY_OBSERVED,tracking,0,2638,"(1452948046641, 6, 18110031447199154478, 4, 5, 15, 2635)",1,135735066638878,1,63416000000,1,134613087549345,0,0,0,12000000,PAIRED_ROS_CLOCK
C_SHARED_SIM_CLOCK_11008_MONOTONE_SAMPLES,EXACT_KEY_OBSERVED,tracking,0,2639,"(1452948046641, 6, 18110031447199154478, 4, 5, 15, 2636)",1,135735066638878,1,63432000000,1,134613087549345,0,0,0,12000000,PAIRED_ROS_CLOCK
C_SHARED_SIM_CLOCK_11008_MONOTONE_SAMPLES,EXACT_KEY_OBSERVED,tracking,0,2640,"(1452948046641, 6, 18110031447199154478, 4, 5, 15, 2637)",1,135735066638878,1,63448000000,1,134613087549345,0,0,0,12000000,PAIRED_ROS_CLOCK
C_SHARED_SIM_CLOCK_11008_MONOTONE_SAMPLES,EXACT_KEY_OBSERVED,tracking,0,2641,"(1452948046641, 6, 18110031447199154478, 4, 5, 15, 2638)",1,135735066638878,1,63464000000,1,134613087549345,0,0,0,12000000,PAIRED_ROS_CLOCK
C_SHARED_SIM_CLOCK_11008_MONOTONE_SAMPLES,EXACT_KEY_OBSERVED,tracking,0,2642,"(1452948046641, 6, 18110031447199154478, 4, 5, 15, 2639)",1,135735066638878,1,63480000000,1,134613087549345,0,0,0,12000000,PAIRED_ROS_CLOCK
C_SHARED_SIM_CLOCK_11008_MONOTONE_SAMPLES,EXACT_KEY_OBSERVED,tracking,0,2643,"(1452948046641, 6, 18110031447199154478, 4, 5, 15, 2640)",1,135735066638878,1,63496000000,1,134613087549345,0,0,0,12000000,PAIRED_ROS_CLOCK
C_SHARED_SIM_CLOCK_11008_MONOTONE_SAMPLES,EXACT_KEY_OBSERVED,tracking,0,2644,"(1452948046641, 6, 18110031447199154478, 4, 5, 15, 2641)",1,135735066638878,1,63512000000,1,134613087549345,0,0,0,12000000,PAIRED_ROS_CLOCK
C_SHARED_SIM_CLOCK_11008_MONOTONE_SAMPLES,EXACT_KEY_OBSERVED,tracking,0,2645,"(1452948046641, 6, 18110031447199154478, 4, 5, 15, 2642)",1,135735066638878,1,63528000000,1,134613087549345,0,0,0,12000000,PAIRED_ROS_CLOCK
C_SHARED_SIM_CLOCK_11008_MONOTONE_SAMPLES,EXACT_KEY_OBSERVED,tracking,0,2646,"(1452948046641, 6, 18110031447199154478, 4, 5, 15, 2643)",1,135735066638878,1,63544000000,1,134613087549345,0,0,0,12000000,PAIRED_ROS_CLOCK
C_SHARED_SIM_CLOCK_11008_MONOTONE_SAMPLES,EXACT_KEY_OBSERVED,tracking,0,2647,"(1452948046641, 6, 18110031447199154478, 4, 5, 15, 2644)",1,135735066638878,1,63560000000,1,134613087549345,0,0,0,12000000,PAIRED_ROS_CLOCK
C_SHARED_SIM_CLOCK_11008_MONOTONE_SAMPLES,EXACT_KEY_OBSERVED,tracking,0,2648,"(1452948046641, 6, 18110031447199154478, 4, 5, 15, 2645)",1,135735066638878,1,63576000000,1,134613087549345,0,0,0,12000000,PAIRED_ROS_CLOCK
C_SHARED_SIM_CLOCK_11008_MONOTONE_SAMPLES,EXACT_KEY_OBSERVED,tracking,0,2649,"(1452948046641, 6, 18110031447199154478, 4, 5, 15, 2646)",1,135735066638878,1,63592000000,1,134613087549345,0,0,0,12000000,PAIRED_ROS_CLOCK
C_SHARED_SIM_CLOCK_11008_MONOTONE_SAMPLES,EXACT_KEY_OBSERVED,tracking,0,2650,"(1452948046641, 6, 18110031447199154478, 4, 5, 15, 2647)",1,135735066638878,1,63608000000,1,134613087549345,0,0,0,12000000,PAIRED_ROS_CLOCK
C_SHARED_SIM_CLOCK_11008_MONOTONE_SAMPLES,EXACT_KEY_OBSERVED,tracking,0,2651,"(1452948046641, 6, 18110031447199154478, 4, 5, 15, 2648)",1,135735066638878,1,63624000000,1,134613087549345,0,0,0,12000000,PAIRED_ROS_CLOCK
C_SHARED_SIM_CLOCK_11008_MONOTONE_SAMPLES,EXACT_KEY_OBSERVED,tracking,0,2652,"(1452948046641, 6, 18110031447199154478, 4, 5, 15, 2649)",1,135735066638878,1,63640000000,1,134613087549345,0,0,0,12000000,PAIRED_ROS_CLOCK
C_SHARED_SIM_CLOCK_11008_MONOTONE_SAMPLES,EXACT_KEY_OBSERVED,tracking,0,2653,"(1452948046641, 6, 18110031447199154478, 4, 5, 15, 2650)",1,135735066638878,1,63656000000,1,134613087549345,0,0,0,12000000,PAIRED_ROS_CLOCK
C_SHARED_SIM_CLOCK_11008_MONOTONE_SAMPLES,EXACT_KEY_OBSERVED,tracking,0,2654,"(1452948046641, 6, 18110031447199154478, 4, 5, 15, 2651)",1,135735066638878,1,63672000000,1,134613087549345,0,0,0,12000000,PAIRED_ROS_CLOCK
C_SHARED_SIM_CLOCK_11008_MONOTONE_SAMPLES,EXACT_KEY_OBSERVED,tracking,0,2655,"(1452948046641, 6, 18110031447199154478, 4, 5, 15, 2652)",1,135735066638878,1,63688000000,1,134613087549345,0,0,0,12000000,PAIRED_ROS_CLOCK
C_SHARED_SIM_CLOCK_11008_MONOTONE_SAMPLES,EXACT_KEY_OBSERVED,tracking,0,2656,"(1452948046641, 6, 18110031447199154478, 4, 5, 15, 2653)",1,135735066638878,1,63704000000,1,134613087549345,0,0,0,12000000,PAIRED_ROS_CLOCK
C_SHARED_SIM_CLOCK_11008_MONOTONE_SAMPLES,EXACT_KEY_OBSERVED,tracking,0,2657,"(1452948046641, 6, 18110031447199154478, 4, 5, 15, 2654)",1,135735066638878,1,63720000000,1,134613087549345,0,0,0,12000000,PAIRED_ROS_CLOCK
C_SHARED_SIM_CLOCK_11008_MONOTONE_SAMPLES,EXACT_KEY_OBSERVED,tracking,0,2658,"(1452948046641, 6, 18110031447199154478, 4, 5, 15, 2655)",1,135735066638878,1,63736000000,1,134613087549345,0,0,0,12000000,PAIRED_ROS_CLOCK
C_SHARED_SIM_CLOCK_11008_MONOTONE_SAMPLES,EXACT_KEY_OBSERVED,tracking,0,2659,"(1452948046641, 6, 18110031447199154478, 4, 5, 15, 2656)",1,135735066638878,1,63752000000,1,134613087549345,0,0,0,12000000,PAIRED_ROS_CLOCK
C_SHARED_SIM_CLOCK_11008_MONOTONE_SAMPLES,EXACT_KEY_OBSERVED,tracking,0,2660,"(1452948046641, 6, 18110031447199154478, 4, 5, 15, 2657)",1,135735066638878,1,63768000000,1,134613087549345,0,0,0,12000000,PAIRED_ROS_CLOCK
C_SHARED_SIM_CLOCK_11008_MONOTONE_SAMPLES,EXACT_KEY_OBSERVED,tracking,0,2661,"(1452948046641, 6, 18110031447199154478, 4, 5, 15, 2658)",1,135735066638878,1,63784000000,1,134613087549345,0,0,0,12000000,PAIRED_ROS_CLOCK
C_SHARED_SIM_CLOCK_11008_MONOTONE_SAMPLES,EXACT_KEY_OBSERVED,tracking,0,2662,"(1452948046641, 6, 18110031447199154478, 4, 5, 15, 2659)",1,135735066638878,1,63800000000,1,134613087549345,0,0,0,12000000,PAIRED_ROS_CLOCK
C_SHARED_SIM_CLOCK_11008_MONOTONE_SAMPLES,EXACT_KEY_OBSERVED,tracking,0,2663,"(1452948046641, 6, 18110031447199154478, 4, 5, 15, 2660)",1,135735066638878,1,63816000000,1,134613087549345,0,0,0,12000000,PAIRED_ROS_CLOCK
C_SHARED_SIM_CLOCK_11008_MONOTONE_SAMPLES,EXACT_KEY_OBSERVED,tracking,0,2664,"(1452948046641, 6, 18110031447199154478, 4, 5, 15, 2661)",1,135735066638878,1,63832000000,1,134613087549345,0,0,0,12000000,PAIRED_ROS_CLOCK
C_SHARED_SIM_CLOCK_11008_MONOTONE_SAMPLES,EXACT_KEY_OBSERVED,tracking,0,2665,"(1452948046641, 6, 18110031447199154478, 4, 5, 15, 2662)",1,135735066638878,1,63848000000,1,134613087549345,0,0,0,12000000,PAIRED_ROS_CLOCK
C_SHARED_SIM_CLOCK_11008_MONOTONE_SAMPLES,EXACT_KEY_OBSERVED,tracking,0,2666,"(1452948046641, 6, 18110031447199154478, 4, 5, 15, 2663)",1,135735066638878,1,63864000000,1,134613087549345,0,0,0,12000000,PAIRED_ROS_CLOCK
C_SHARED_SIM_CLOCK_11008_MONOTONE_SAMPLES,EXACT_KEY_OBSERVED,tracking,0,2667,"(1452948046641, 6, 18110031447199154478, 4, 5, 15, 2664)",1,135735066638878,1,63880000000,1,134613087549345,0,0,0,12000000,PAIRED_ROS_CLOCK
C_SHARED_SIM_CLOCK_11008_MONOTONE_SAMPLES,EXACT_KEY_OBSERVED,tracking,0,2668,"(1452948046641, 6, 18110031447199154478, 4, 5, 15, 2665)",1,135735066638878,1,63896000000,1,134613087549345,0,0,0,12000000,PAIRED_ROS_CLOCK
C_SHARED_SIM_CLOCK_11008_MONOTONE_SAMPLES,EXACT_KEY_OBSERVED,tracking,0,2669,"(1452948046641, 6, 18110031447199154478, 4, 5, 15, 2666)",1,135735066638878,1,63912000000,1,134613087549345,0,0,0,12000000,PAIRED_ROS_CLOCK
C_SHARED_SIM_CLOCK_11008_MONOTONE_SAMPLES,EXACT_KEY_OBSERVED,tracking,0,2670,"(1452948046641, 6, 18110031447199154478, 4, 5, 15, 2667)",1,135735066638878,1,63928000000,1,134613087549345,0,0,0,12000000,PAIRED_ROS_CLOCK
C_SHARED_SIM_CLOCK_11008_MONOTONE_SAMPLES,EXACT_KEY_OBSERVED,tracking,0,2671,"(1452948046641, 6, 18110031447199154478, 4, 5, 15, 2668)",1,135735066638878,1,63944000000,1,134613087549345,0,0,0,12000000,PAIRED_ROS_CLOCK
C_SHARED_SIM_CLOCK_11008_MONOTONE_SAMPLES,EXACT_KEY_OBSERVED,tracking,0,2672,"(1452948046641, 6, 18110031447199154478, 4, 5, 15, 2669)",1,135735066638878,1,63960000000,1,134613087549345,0,0,0,12000000,PAIRED_ROS_CLOCK
C_SHARED_SIM_CLOCK_11008_MONOTONE_SAMPLES,EXACT_KEY_OBSERVED,tracking,0,2673,"(1452948046641, 6, 18110031447199154478, 4, 5, 15, 2670)",1,135735066638878,1,63976000000,1,134613087549345,0,0,0,12000000,PAIRED_ROS_CLOCK
C_SHARED_SIM_CLOCK_11008_MONOTONE_SAMPLES,EXACT_KEY_OBSERVED,tracking,0,2674,"(1452948046641, 6, 18110031447199154478, 4, 5, 15, 2671)",1,135735066638878,1,63992000000,1,134613087549345,0,0,0,12000000,PAIRED_ROS_CLOCK
C_SHARED_SIM_CLOCK_11008_MONOTONE_SAMPLES,EXACT_KEY_OBSERVED,tracking,0,2675,"(1452948046641, 6, 18110031447199154478, 4, 5, 15, 2672)",1,135735066638878,1,64008000000,1,134613087549345,0,0,0,12000000,PAIRED_ROS_CLOCK
C_SHARED_SIM_CLOCK_11008_MONOTONE_SAMPLES,EXACT_KEY_OBSERVED,tracking,0,2676,"(1452948046641, 6, 18110031447199154478, 4, 5, 15, 2673)",1,135735066638878,1,64024000000,1,134613087549345,0,0,0,12000000,PAIRED_ROS_CLOCK
C_SHARED_SIM_CLOCK_11008_MONOTONE_SAMPLES,EXACT_KEY_OBSERVED,tracking,0,2677,"(1452948046641, 6, 18110031447199154478, 4, 5, 15, 2674)",1,135735066638878,1,64040000000,1,134613087549345,0,0,0,12000000,PAIRED_ROS_CLOCK
C_SHARED_SIM_CLOCK_11008_MONOTONE_SAMPLES,EXACT_KEY_OBSERVED,tracking,0,2678,"(1452948046641, 6, 18110031447199154478, 4, 5, 15, 2675)",1,135735066638878,1,64056000000,1,134613087549345,0,0,0,12000000,PAIRED_ROS_CLOCK
C_SHARED_SIM_CLOCK_11008_MONOTONE_SAMPLES,EXACT_KEY_OBSERVED,tracking,0,2679,"(1452948046641, 6, 18110031447199154478, 4, 5, 15, 2676)",1,135735066638878,1,64072000000,1,134613087549345,0,0,0,12000000,PAIRED_ROS_CLOCK
C_SHARED_SIM_CLOCK_11008_MONOTONE_SAMPLES,EXACT_KEY_OBSERVED,tracking,0,2680,"(1452948046641, 6, 18110031447199154478, 4, 5, 15, 2677)",1,135735066638878,1,64088000000,1,134613087549345,0,0,0,12000000,PAIRED_ROS_CLOCK
C_SHARED_SIM_CLOCK_11008_MONOTONE_SAMPLES,EXACT_KEY_OBSERVED,tracking,0,2681,"(1452948046641, 6, 18110031447199154478, 4, 5, 15, 2678)",1,135735066638878,1,64104000000,1,134613087549345,0,0,0,12000000,PAIRED_ROS_CLOCK
C_SHARED_SIM_CLOCK_11008_MONOTONE_SAMPLES,EXACT_KEY_OBSERVED,tracking,0,2682,"(1452948046641, 6, 18110031447199154478, 4, 5, 15, 2679)",1,135735066638878,1,64120000000,1,134613087549345,0,0,0,12000000,PAIRED_ROS_CLOCK
C_SHARED_SIM_CLOCK_11008_MONOTONE_SAMPLES,EXACT_KEY_OBSERVED,tracking,0,2683,"(1452948046641, 6, 18110031447199154478, 4, 5, 15, 2680)",1,135735066638878,1,64136000000,1,134613087549345,0,0,0,12000000,PAIRED_ROS_CLOCK
C_SHARED_SIM_CLOCK_11008_MONOTONE_SAMPLES,EXACT_KEY_OBSERVED,tracking,0,2684,"(1452948046641, 6, 18110031447199154478, 4, 5, 15, 2681)",1,135735066638878,1,64152000000,1,134613087549345,0,0,0,12000000,PAIRED_ROS_CLOCK
C_SHARED_SIM_CLOCK_11008_MONOTONE_SAMPLES,EXACT_KEY_OBSERVED,tracking,0,2685,"(1452948046641, 6, 18110031447199154478, 4, 5, 15, 2682)",1,135735066638878,1,64168000000,1,134613087549345,0,0,0,12000000,PAIRED_ROS_CLOCK
C_SHARED_SIM_CLOCK_11008_MONOTONE_SAMPLES,EXACT_KEY_OBSERVED,tracking,0,2686,"(1452948046641, 6, 18110031447199154478, 4, 5, 15, 2683)",1,135735066638878,1,64184000000,1,134613087549345,0,0,0,12000000,PAIRED_ROS_CLOCK
C_SHARED_SIM_CLOCK_11008_MONOTONE_SAMPLES,EXACT_KEY_OBSERVED,tracking,0,2687,"(1452948046641, 6, 18110031447199154478, 4, 5, 15, 2684)",1,135735066638878,1,64200000000,1,134613087549345,0,0,0,12000000,PAIRED_ROS_CLOCK
C_SHARED_SIM_CLOCK_11008_MONOTONE_SAMPLES,EXACT_KEY_OBSERVED,tracking,0,2688,"(1452948046641, 6, 18110031447199154478, 4, 5, 15, 2685)",1,135735066638878,1,64216000000,1,134613087549345,0,0,0,12000000,PAIRED_ROS_CLOCK
C_SHARED_SIM_CLOCK_11008_MONOTONE_SAMPLES,EXACT_KEY_OBSERVED,tracking,0,2689,"(1452948046641, 6, 18110031447199154478, 4, 5, 15, 2686)",1,135735066638878,1,64232000000,1,134613087549345,0,0,0,12000000,PAIRED_ROS_CLOCK
C_SHARED_SIM_CLOCK_11008_MONOTONE_SAMPLES,EXACT_KEY_OBSERVED,tracking,0,2690,"(1452948046641, 6, 18110031447199154478, 4, 5, 15, 2687)",1,135735066638878,1,64248000000,1,134613087549345,0,0,0,12000000,PAIRED_ROS_CLOCK
C_SHARED_SIM_CLOCK_11008_MONOTONE_SAMPLES,EXACT_KEY_OBSERVED,tracking,0,2691,"(1452948046641, 6, 18110031447199154478, 4, 5, 15, 2688)",1,135735066638878,1,64264000000,1,134613087549345,0,0,0,12000000,PAIRED_ROS_CLOCK
C_SHARED_SIM_CLOCK_11008_MONOTONE_SAMPLES,EXACT_KEY_OBSERVED,tracking,0,2692,"(1452948046641, 6, 18110031447199154478, 4, 5, 15, 2689)",1,135735066638878,1,64280000000,1,134613087549345,0,0,0,12000000,PAIRED_ROS_CLOCK
C_SHARED_SIM_CLOCK_11008_MONOTONE_SAMPLES,EXACT_KEY_OBSERVED,tracking,0,2693,"(1452948046641, 6, 18110031447199154478, 4, 5, 15, 2690)",1,135735066638878,1,64296000000,1,134613087549345,0,0,0,12000000,PAIRED_ROS_CLOCK
C_SHARED_SIM_CLOCK_11008_MONOTONE_SAMPLES,EXACT_KEY_OBSERVED,tracking,0,2694,"(1452948046641, 6, 18110031447199154478, 4, 5, 15, 2691)",1,135735066638878,1,64312000000,1,134613087549345,0,0,0,12000000,PAIRED_ROS_CLOCK
C_SHARED_SIM_CLOCK_11008_MONOTONE_SAMPLES,EXACT_KEY_OBSERVED,tracking,0,2695,"(1452948046641, 6, 18110031447199154478, 4, 5, 15, 2692)",1,135735066638878,1,64328000000,1,134613087549345,0,0,0,12000000,PAIRED_ROS_CLOCK
C_SHARED_SIM_CLOCK_11008_MONOTONE_SAMPLES,EXACT_KEY_OBSERVED,tracking,0,2696,"(1452948046641, 6, 18110031447199154478, 4, 5, 15, 2693)",1,135735066638878,1,64344000000,1,134613087549345,0,0,0,12000000,PAIRED_ROS_CLOCK
C_SHARED_SIM_CLOCK_11008_MONOTONE_SAMPLES,EXACT_KEY_OBSERVED,tracking,0,2697,"(1452948046641, 6, 18110031447199154478, 4, 5, 15, 2694)",1,135735066638878,1,64360000000,1,134613087549345,0,0,0,12000000,PAIRED_ROS_CLOCK
C_SHARED_SIM_CLOCK_11008_MONOTONE_SAMPLES,EXACT_KEY_OBSERVED,tracking,0,2698,"(1452948046641, 6, 18110031447199154478, 4, 5, 15, 2695)",1,135735066638878,1,64376000000,1,134613087549345,0,0,0,12000000,PAIRED_ROS_CLOCK
C_SHARED_SIM_CLOCK_11008_MONOTONE_SAMPLES,EXACT_KEY_OBSERVED,tracking,0,2699,"(1452948046641, 6, 18110031447199154478, 4, 5, 15, 2696)",1,135735066638878,1,64392000000,1,134613087549345,0,0,0,12000000,PAIRED_ROS_CLOCK
C_SHARED_SIM_CLOCK_11008_MONOTONE_SAMPLES,EXACT_KEY_OBSERVED,tracking,0,2700,"(1452948046641, 6, 18110031447199154478, 4, 5, 15, 2697)",1,135735066638878,1,64408000000,1,134613087549345,0,0,0,12000000,PAIRED_ROS_CLOCK
C_SHARED_SIM_CLOCK_11008_MONOTONE_SAMPLES,EXACT_KEY_OBSERVED,tracking,0,2701,"(1452948046641, 6, 18110031447199154478, 4, 5, 15, 2698)",1,135735066638878,1,64424000000,1,134613087549345,0,0,0,12000000,PAIRED_ROS_CLOCK
C_SHARED_SIM_CLOCK_11008_MONOTONE_SAMPLES,EXACT_KEY_OBSERVED,tracking,0,2702,"(1452948046641, 6, 18110031447199154478, 4, 5, 15, 2699)",1,135735066638878,1,64440000000,1,134613087549345,0,0,0,12000000,PAIRED_ROS_CLOCK
C_SHARED_SIM_CLOCK_11008_MONOTONE_SAMPLES,EXACT_KEY_OBSERVED,tracking,0,2703,"(1452948046641, 6, 18110031447199154478, 4, 5, 15, 2700)",1,135735066638878,1,64456000000,1,134613087549345,0,0,0,12000000,PAIRED_ROS_CLOCK
C_SHARED_SIM_CLOCK_11008_MONOTONE_SAMPLES,EXACT_KEY_OBSERVED,tracking,0,2704,"(1452948046641, 6, 18110031447199154478, 4, 5, 15, 2701)",1,135735066638878,1,64472000000,1,134613087549345,0,0,0,12000000,PAIRED_ROS_CLOCK
C_SHARED_SIM_CLOCK_11008_MONOTONE_SAMPLES,EXACT_KEY_OBSERVED,tracking,0,2705,"(1452948046641, 6, 18110031447199154478, 4, 5, 15, 2702)",1,135735066638878,1,64488000000,1,134613087549345,0,0,0,12000000,PAIRED_ROS_CLOCK
C_SHARED_SIM_CLOCK_11008_MONOTONE_SAMPLES,EXACT_KEY_OBSERVED,tracking,0,2706,"(1452948046641, 6, 18110031447199154478, 4, 5, 15, 2703)",1,135735066638878,1,64504000000,1,134613087549345,0,0,0,12000000,PAIRED_ROS_CLOCK
C_SHARED_SIM_CLOCK_11008_MONOTONE_SAMPLES,EXACT_KEY_OBSERVED,tracking,0,2707,"(1452948046641, 6, 18110031447199154478, 4, 5, 15, 2704)",1,135735066638878,1,64520000000,1,134613087549345,0,0,0,12000000,PAIRED_ROS_CLOCK
C_SHARED_SIM_CLOCK_11008_MONOTONE_SAMPLES,EXACT_KEY_OBSERVED,tracking,0,2708,"(1452948046641, 6, 18110031447199154478, 4, 5, 15, 2705)",1,135735066638878,1,64536000000,1,134613087549345,0,0,0,12000000,PAIRED_ROS_CLOCK
C_SHARED_SIM_CLOCK_11008_MONOTONE_SAMPLES,EXACT_KEY_OBSERVED,tracking,0,2709,"(1452948046641, 6, 18110031447199154478, 4, 5, 15, 2706)",1,135735066638878,1,64552000000,1,134613087549345,0,0,0,12000000,PAIRED_ROS_CLOCK
C_SHARED_SIM_CLOCK_11008_MONOTONE_SAMPLES,EXACT_KEY_OBSERVED,tracking,0,2710,"(1452948046641, 6, 18110031447199154478, 4, 5, 15, 2707)",1,135735066638878,1,64568000000,1,134613087549345,0,0,0,12000000,PAIRED_ROS_CLOCK
C_SHARED_SIM_CLOCK_11008_MONOTONE_SAMPLES,EXACT_KEY_OBSERVED,tracking,0,2711,"(1452948046641, 6, 18110031447199154478, 4, 5, 15, 2708)",1,135735066638878,1,64584000000,1,134613087549345,0,0,0,12000000,PAIRED_ROS_CLOCK
C_SHARED_SIM_CLOCK_11008_MONOTONE_SAMPLES,EXACT_KEY_OBSERVED,tracking,0,2712,"(1452948046641, 6, 18110031447199154478, 4, 5, 15, 2709)",1,135735066638878,1,64600000000,1,134613087549345,0,0,0,12000000,PAIRED_ROS_CLOCK
C_SHARED_SIM_CLOCK_11008_MONOTONE_SAMPLES,EXACT_KEY_OBSERVED,tracking,0,2713,"(1452948046641, 6, 18110031447199154478, 4, 5, 15, 2710)",1,135735066638878,1,64616000000,1,134613087549345,0,0,0,12000000,PAIRED_ROS_CLOCK
C_SHARED_SIM_CLOCK_11008_MONOTONE_SAMPLES,EXACT_KEY_OBSERVED,tracking,0,2714,"(1452948046641, 6, 18110031447199154478, 4, 5, 15, 2711)",1,135735066638878,1,64632000000,1,134613087549345,0,0,0,12000000,PAIRED_ROS_CLOCK
C_SHARED_SIM_CLOCK_11008_MONOTONE_SAMPLES,EXACT_KEY_OBSERVED,tracking,0,2715,"(1452948046641, 6, 18110031447199154478, 4, 5, 15, 2712)",1,135735066638878,1,64648000000,1,134613087549345,0,0,0,12000000,PAIRED_ROS_CLOCK
C_SHARED_SIM_CLOCK_11008_MONOTONE_SAMPLES,EXACT_KEY_OBSERVED,tracking,0,2716,"(1452948046641, 6, 18110031447199154478, 4, 5, 15, 2713)",1,135735066638878,1,64664000000,1,134613087549345,0,0,0,12000000,PAIRED_ROS_CLOCK
C_SHARED_SIM_CLOCK_11008_MONOTONE_SAMPLES,EXACT_KEY_OBSERVED,tracking,0,2717,"(1452948046641, 6, 18110031447199154478, 4, 5, 15, 2714)",1,135735066638878,1,64680000000,1,134613087549345,0,0,0,12000000,PAIRED_ROS_CLOCK
C_SHARED_SIM_CLOCK_11008_MONOTONE_SAMPLES,EXACT_KEY_OBSERVED,tracking,0,2718,"(1452948046641, 6, 18110031447199154478, 4, 5, 15, 2715)",1,135735066638878,1,64696000000,1,134613087549345,0,0,0,12000000,PAIRED_ROS_CLOCK
C_SHARED_SIM_CLOCK_11008_MONOTONE_SAMPLES,EXACT_KEY_OBSERVED,tracking,0,2719,"(1452948046641, 6, 18110031447199154478, 4, 5, 15, 2716)",1,135735066638878,1,64712000000,1,134613087549345,0,0,0,12000000,PAIRED_ROS_CLOCK
C_SHARED_SIM_CLOCK_11008_MONOTONE_SAMPLES,EXACT_KEY_OBSERVED,tracking,0,2720,"(1452948046641, 6, 18110031447199154478, 4, 5, 15, 2717)",1,135735066638878,1,64728000000,1,134613087549345,0,0,0,12000000,PAIRED_ROS_CLOCK
C_SHARED_SIM_CLOCK_11008_MONOTONE_SAMPLES,EXACT_KEY_OBSERVED,tracking,0,2721,"(1452948046641, 6, 18110031447199154478, 4, 5, 15, 2718)",1,135735066638878,1,64744000000,1,134613087549345,0,0,0,12000000,PAIRED_ROS_CLOCK
C_SHARED_SIM_CLOCK_11008_MONOTONE_SAMPLES,EXACT_KEY_OBSERVED,tracking,0,2722,"(1452948046641, 6, 18110031447199154478, 4, 5, 15, 2719)",1,135735066638878,1,64760000000,1,134613087549345,0,0,0,12000000,PAIRED_ROS_CLOCK
C_SHARED_SIM_CLOCK_11008_MONOTONE_SAMPLES,EXACT_KEY_OBSERVED,tracking,0,2723,"(1452948046641, 6, 18110031447199154478, 4, 5, 15, 2720)",1,135735066638878,1,64776000000,1,134613087549345,0,0,0,12000000,PAIRED_ROS_CLOCK
C_SHARED_SIM_CLOCK_11008_MONOTONE_SAMPLES,EXACT_KEY_OBSERVED,tracking,0,2724,"(1452948046641, 6, 18110031447199154478, 4, 5, 15, 2721)",1,135735066638878,1,64792000000,1,134613087549345,0,0,0,12000000,PAIRED_ROS_CLOCK
C_SHARED_SIM_CLOCK_11008_MONOTONE_SAMPLES,EXACT_KEY_OBSERVED,tracking,0,2725,"(1452948046641, 6, 18110031447199154478, 4, 5, 15, 2722)",1,135735066638878,1,64808000000,1,134613087549345,0,0,0,12000000,PAIRED_ROS_CLOCK
C_SHARED_SIM_CLOCK_11008_MONOTONE_SAMPLES,EXACT_KEY_OBSERVED,tracking,0,2726,"(1452948046641, 6, 18110031447199154478, 4, 5, 15, 2723)",1,135735066638878,1,64824000000,1,134613087549345,0,0,0,12000000,PAIRED_ROS_CLOCK
C_SHARED_SIM_CLOCK_11008_MONOTONE_SAMPLES,EXACT_KEY_OBSERVED,tracking,0,2727,"(1452948046641, 6, 18110031447199154478, 4, 5, 15, 2724)",1,135735066638878,1,64840000000,1,134613087549345,0,0,0,12000000,PAIRED_ROS_CLOCK
C_SHARED_SIM_CLOCK_11008_MONOTONE_SAMPLES,EXACT_KEY_OBSERVED,tracking,0,2728,"(1452948046641, 6, 18110031447199154478, 4, 5, 15, 2725)",1,135735066638878,1,64856000000,1,134613087549345,0,0,0,12000000,PAIRED_ROS_CLOCK
C_SHARED_SIM_CLOCK_11008_MONOTONE_SAMPLES,EXACT_KEY_OBSERVED,tracking,0,2729,"(1452948046641, 6, 18110031447199154478, 4, 5, 15, 2726)",1,135735066638878,1,64872000000,1,134613087549345,0,0,0,12000000,PAIRED_ROS_CLOCK
C_SHARED_SIM_CLOCK_11008_MONOTONE_SAMPLES,EXACT_KEY_OBSERVED,tracking,0,2730,"(1452948046641, 6, 18110031447199154478, 4, 5, 15, 2727)",1,135735066638878,1,64888000000,1,134613087549345,0,0,0,12000000,PAIRED_ROS_CLOCK
C_SHARED_SIM_CLOCK_11008_MONOTONE_SAMPLES,EXACT_KEY_OBSERVED,tracking,0,2731,"(1452948046641, 6, 18110031447199154478, 4, 5, 15, 2728)",1,135735066638878,1,64904000000,1,134613087549345,0,0,0,12000000,PAIRED_ROS_CLOCK
C_SHARED_SIM_CLOCK_11008_MONOTONE_SAMPLES,EXACT_KEY_OBSERVED,tracking,0,2732,"(1452948046641, 6, 18110031447199154478, 4, 5, 15, 2729)",1,135735066638878,1,64920000000,1,134613087549345,0,0,0,12000000,PAIRED_ROS_CLOCK
C_SHARED_SIM_CLOCK_11008_MONOTONE_SAMPLES,EXACT_KEY_OBSERVED,tracking,0,2733,"(1452948046641, 6, 18110031447199154478, 4, 5, 15, 2730)",1,135735066638878,1,64936000000,1,134613087549345,0,0,0,12000000,PAIRED_ROS_CLOCK
C_SHARED_SIM_CLOCK_11008_MONOTONE_SAMPLES,EXACT_KEY_OBSERVED,tracking,0,2734,"(1452948046641, 6, 18110031447199154478, 4, 5, 15, 2731)",1,135735066638878,1,64952000000,1,134613087549345,0,0,0,12000000,PAIRED_ROS_CLOCK
C_SHARED_SIM_CLOCK_11008_MONOTONE_SAMPLES,EXACT_KEY_OBSERVED,tracking,0,2735,"(1452948046641, 6, 18110031447199154478, 4, 5, 15, 2732)",1,135735066638878,1,64968000000,1,134613087549345,0,0,0,12000000,PAIRED_ROS_CLOCK
C_SHARED_SIM_CLOCK_11008_MONOTONE_SAMPLES,EXACT_KEY_OBSERVED,tracking,0,2736,"(1452948046641, 6, 18110031447199154478, 4, 5, 15, 2733)",1,135735066638878,1,64984000000,1,134613087549345,0,0,0,12000000,PAIRED_ROS_CLOCK
C_SHARED_SIM_CLOCK_11008_MONOTONE_SAMPLES,EXACT_KEY_OBSERVED,tracking,0,2737,"(1452948046641, 6, 18110031447199154478, 4, 5, 15, 2734)",1,135735066638878,1,65000000000,1,134613087549345,0,0,0,12000000,PAIRED_ROS_CLOCK
C_SHARED_SIM_CLOCK_11008_MONOTONE_SAMPLES,EXACT_KEY_OBSERVED,tracking,0,2738,"(1452948046641, 6, 18110031447199154478, 4, 5, 15, 2735)",1,135735066638878,1,65016000000,1,134613087549345,0,0,0,12000000,PAIRED_ROS_CLOCK
C_SHARED_SIM_CLOCK_11008_MONOTONE_SAMPLES,EXACT_KEY_OBSERVED,tracking,0,2739,"(1452948046641, 6, 18110031447199154478, 4, 5, 15, 2736)",1,135735066638878,1,65032000000,1,134613087549345,0,0,0,12000000,PAIRED_ROS_CLOCK
C_SHARED_SIM_CLOCK_11008_MONOTONE_SAMPLES,EXACT_KEY_OBSERVED,tracking,0,2740,"(1452948046641, 6, 18110031447199154478, 4, 5, 15, 2737)",1,135735066638878,1,65048000000,1,134613087549345,0,0,0,12000000,PAIRED_ROS_CLOCK
C_SHARED_SIM_CLOCK_11008_MONOTONE_SAMPLES,EXACT_KEY_OBSERVED,tracking,0,2741,"(1452948046641, 6, 18110031447199154478, 4, 5, 15, 2738)",1,135735066638878,1,65064000000,1,134613087549345,0,0,0,12000000,PAIRED_ROS_CLOCK
C_SHARED_SIM_CLOCK_11008_MONOTONE_SAMPLES,EXACT_KEY_OBSERVED,tracking,0,2742,"(1452948046641, 6, 18110031447199154478, 4, 5, 15, 2739)",1,135735066638878,1,65080000000,1,134613087549345,0,0,0,12000000,PAIRED_ROS_CLOCK
C_SHARED_SIM_CLOCK_11008_MONOTONE_SAMPLES,EXACT_KEY_OBSERVED,tracking,0,2743,"(1452948046641, 6, 18110031447199154478, 4, 5, 15, 2740)",1,135735066638878,1,65096000000,1,134613087549345,0,0,0,12000000,PAIRED_ROS_CLOCK
C_SHARED_SIM_CLOCK_11008_MONOTONE_SAMPLES,EXACT_KEY_OBSERVED,tracking,0,2744,"(1452948046641, 6, 18110031447199154478, 4, 5, 15, 2741)",1,135735066638878,1,65112000000,1,134613087549345,0,0,0,12000000,PAIRED_ROS_CLOCK
C_SHARED_SIM_CLOCK_11008_MONOTONE_SAMPLES,EXACT_KEY_OBSERVED,tracking,0,2745,"(1452948046641, 6, 18110031447199154478, 4, 5, 15, 2742)",1,135735066638878,1,65128000000,1,134613087549345,0,0,0,12000000,PAIRED_ROS_CLOCK
C_SHARED_SIM_CLOCK_11008_MONOTONE_SAMPLES,EXACT_KEY_OBSERVED,tracking,0,2746,"(1452948046641, 6, 18110031447199154478, 4, 5, 15, 2743)",1,135735066638878,1,65144000000,1,134613087549345,0,0,0,12000000,PAIRED_ROS_CLOCK
C_SHARED_SIM_CLOCK_11008_MONOTONE_SAMPLES,EXACT_KEY_OBSERVED,tracking,0,2747,"(1452948046641, 6, 18110031447199154478, 4, 5, 15, 2744)",1,135735066638878,1,65160000000,1,134613087549345,0,0,0,12000000,PAIRED_ROS_CLOCK
C_SHARED_SIM_CLOCK_11008_MONOTONE_SAMPLES,EXACT_KEY_OBSERVED,tracking,0,2748,"(1452948046641, 6, 18110031447199154478, 4, 5, 15, 2745)",1,135735066638878,1,65176000000,1,134613087549345,0,0,0,12000000,PAIRED_ROS_CLOCK
C_SHARED_SIM_CLOCK_11008_MONOTONE_SAMPLES,EXACT_KEY_OBSERVED,tracking,0,2749,"(1452948046641, 6, 18110031447199154478, 4, 5, 15, 2746)",1,135735066638878,1,65192000000,1,134613087549345,0,0,0,12000000,PAIRED_ROS_CLOCK
C_SHARED_SIM_CLOCK_11008_MONOTONE_SAMPLES,EXACT_KEY_OBSERVED,tracking,0,2750,"(1452948046641, 6, 18110031447199154478, 4, 5, 15, 2747)",1,135735066638878,1,65208000000,1,134613087549345,0,0,0,12000000,PAIRED_ROS_CLOCK
C_SHARED_SIM_CLOCK_11008_MONOTONE_SAMPLES,EXACT_KEY_OBSERVED,tracking,0,2751,"(1452948046641, 6, 18110031447199154478, 4, 5, 15, 2748)",1,135735066638878,1,65224000000,1,134613087549345,0,0,0,12000000,PAIRED_ROS_CLOCK
C_SHARED_SIM_CLOCK_11008_MONOTONE_SAMPLES,EXACT_KEY_OBSERVED,tracking,0,2752,"(1452948046641, 6, 18110031447199154478, 4, 5, 15, 2749)",1,135735066638878,1,65240000000,1,134613087549345,0,0,0,12000000,PAIRED_ROS_CLOCK
C_SHARED_SIM_CLOCK_11008_MONOTONE_SAMPLES,EXACT_KEY_OBSERVED,tracking,0,2753,"(1452948046641, 6, 18110031447199154478, 4, 5, 15, 2750)",1,135735066638878,1,65256000000,1,134613087549345,0,0,0,12000000,PAIRED_ROS_CLOCK
C_SHARED_SIM_CLOCK_11008_MONOTONE_SAMPLES,EXACT_KEY_OBSERVED,tracking,0,2754,"(1452948046641, 6, 18110031447199154478, 4, 5, 15, 2751)",1,135735066638878,1,65272000000,1,134613087549345,0,0,0,12000000,PAIRED_ROS_CLOCK
C_SHARED_SIM_CLOCK_11008_MONOTONE_SAMPLES,EXACT_KEY_OBSERVED,tracking,0,2755,"(1452948046641, 6, 18110031447199154478, 4, 5, 15, 2752)",1,135735066638878,1,65288000000,1,134613087549345,0,0,0,12000000,PAIRED_ROS_CLOCK
C_SHARED_SIM_CLOCK_11008_MONOTONE_SAMPLES,EXACT_KEY_OBSERVED,tracking,0,2756,"(1452948046641, 6, 18110031447199154478, 4, 5, 15, 2753)",1,135735066638878,1,65304000000,1,134613087549345,0,0,0,12000000,PAIRED_ROS_CLOCK
C_SHARED_SIM_CLOCK_11008_MONOTONE_SAMPLES,EXACT_KEY_OBSERVED,tracking,0,2757,"(1452948046641, 6, 18110031447199154478, 4, 5, 15, 2754)",1,135735066638878,1,65320000000,1,134613087549345,0,0,0,12000000,PAIRED_ROS_CLOCK
C_SHARED_SIM_CLOCK_11008_MONOTONE_SAMPLES,EXACT_KEY_OBSERVED,tracking,0,2758,"(1452948046641, 6, 18110031447199154478, 4, 5, 15, 2755)",1,135735066638878,1,65336000000,1,134613087549345,0,0,0,12000000,PAIRED_ROS_CLOCK
C_SHARED_SIM_CLOCK_11008_MONOTONE_SAMPLES,EXACT_KEY_OBSERVED,tracking,0,2759,"(1452948046641, 6, 18110031447199154478, 4, 5, 15, 2756)",1,135735066638878,1,65352000000,1,134613087549345,0,0,0,12000000,PAIRED_ROS_CLOCK
C_SHARED_SIM_CLOCK_11008_MONOTONE_SAMPLES,EXACT_KEY_OBSERVED,tracking,0,2760,"(1452948046641, 6, 18110031447199154478, 4, 5, 15, 2757)",1,135735066638878,1,65368000000,1,134613087549345,0,0,0,12000000,PAIRED_ROS_CLOCK
C_SHARED_SIM_CLOCK_11008_MONOTONE_SAMPLES,EXACT_KEY_OBSERVED,tracking,0,2761,"(1452948046641, 6, 18110031447199154478, 4, 5, 15, 2758)",1,135735066638878,1,65384000000,1,134613087549345,0,0,0,12000000,PAIRED_ROS_CLOCK
C_SHARED_SIM_CLOCK_11008_MONOTONE_SAMPLES,EXACT_KEY_OBSERVED,tracking,0,2762,"(1452948046641, 6, 18110031447199154478, 4, 5, 15, 2759)",1,135735066638878,1,65400000000,1,134613087549345,0,0,0,12000000,PAIRED_ROS_CLOCK
C_SHARED_SIM_CLOCK_11008_MONOTONE_SAMPLES,EXACT_KEY_OBSERVED,tracking,0,2763,"(1452948046641, 6, 18110031447199154478, 4, 5, 15, 2760)",1,135735066638878,1,65416000000,1,134613087549345,0,0,0,12000000,PAIRED_ROS_CLOCK
C_SHARED_SIM_CLOCK_11008_MONOTONE_SAMPLES,EXACT_KEY_OBSERVED,tracking,0,2764,"(1452948046641, 6, 18110031447199154478, 4, 5, 15, 2761)",1,135735066638878,1,65432000000,1,134613087549345,0,0,0,12000000,PAIRED_ROS_CLOCK
C_SHARED_SIM_CLOCK_11008_MONOTONE_SAMPLES,EXACT_KEY_OBSERVED,tracking,0,2765,"(1452948046641, 6, 18110031447199154478, 4, 5, 15, 2762)",1,135735066638878,1,65448000000,1,134613087549345,0,0,0,12000000,PAIRED_ROS_CLOCK
C_SHARED_SIM_CLOCK_11008_MONOTONE_SAMPLES,EXACT_KEY_OBSERVED,tracking,0,2766,"(1452948046641, 6, 18110031447199154478, 4, 5, 15, 2763)",1,135735066638878,1,65464000000,1,134613087549345,0,0,0,12000000,PAIRED_ROS_CLOCK
C_SHARED_SIM_CLOCK_11008_MONOTONE_SAMPLES,EXACT_KEY_OBSERVED,tracking,0,2767,"(1452948046641, 6, 18110031447199154478, 4, 5, 15, 2764)",1,135735066638878,1,65480000000,1,134613087549345,0,0,0,12000000,PAIRED_ROS_CLOCK
C_SHARED_SIM_CLOCK_11008_MONOTONE_SAMPLES,EXACT_KEY_OBSERVED,tracking,0,2768,"(1452948046641, 6, 18110031447199154478, 4, 5, 15, 2765)",1,135735066638878,1,65496000000,1,134613087549345,0,0,0,12000000,PAIRED_ROS_CLOCK
C_SHARED_SIM_CLOCK_11008_MONOTONE_SAMPLES,EXACT_KEY_OBSERVED,tracking,0,2769,"(1452948046641, 6, 18110031447199154478, 4, 5, 15, 2766)",1,135735066638878,1,65512000000,1,134613087549345,0,0,0,12000000,PAIRED_ROS_CLOCK
C_SHARED_SIM_CLOCK_11008_MONOTONE_SAMPLES,EXACT_KEY_OBSERVED,tracking,0,2770,"(1452948046641, 6, 18110031447199154478, 4, 5, 15, 2767)",1,135735066638878,1,65528000000,1,134613087549345,0,0,0,12000000,PAIRED_ROS_CLOCK
C_SHARED_SIM_CLOCK_11008_MONOTONE_SAMPLES,EXACT_KEY_OBSERVED,tracking,0,2771,"(1452948046641, 6, 18110031447199154478, 4, 5, 15, 2768)",1,135735066638878,1,65544000000,1,134613087549345,0,0,0,12000000,PAIRED_ROS_CLOCK
C_SHARED_SIM_CLOCK_11008_MONOTONE_SAMPLES,EXACT_KEY_OBSERVED,tracking,0,2772,"(1452948046641, 6, 18110031447199154478, 4, 5, 15, 2769)",1,135735066638878,1,65560000000,1,134613087549345,0,0,0,12000000,PAIRED_ROS_CLOCK
C_SHARED_SIM_CLOCK_11008_MONOTONE_SAMPLES,EXACT_KEY_OBSERVED,tracking,0,2773,"(1452948046641, 6, 18110031447199154478, 4, 5, 15, 2770)",1,135735066638878,1,65576000000,1,134613087549345,0,0,0,12000000,PAIRED_ROS_CLOCK
C_SHARED_SIM_CLOCK_11008_MONOTONE_SAMPLES,EXACT_KEY_OBSERVED,tracking,0,2774,"(1452948046641, 6, 18110031447199154478, 4, 5, 15, 2771)",1,135735066638878,1,65592000000,1,134613087549345,0,0,0,12000000,PAIRED_ROS_CLOCK
C_SHARED_SIM_CLOCK_11008_MONOTONE_SAMPLES,EXACT_KEY_OBSERVED,tracking,0,2775,"(1452948046641, 6, 18110031447199154478, 4, 5, 15, 2772)",1,135735066638878,1,65608000000,1,134613087549345,0,0,0,12000000,PAIRED_ROS_CLOCK
C_SHARED_SIM_CLOCK_11008_MONOTONE_SAMPLES,EXACT_KEY_OBSERVED,tracking,0,2776,"(1452948046641, 6, 18110031447199154478, 4, 5, 15, 2773)",1,135735066638878,1,65624000000,1,134613087549345,0,0,0,12000000,PAIRED_ROS_CLOCK
C_SHARED_SIM_CLOCK_11008_MONOTONE_SAMPLES,EXACT_KEY_OBSERVED,tracking,0,2777,"(1452948046641, 6, 18110031447199154478, 4, 5, 15, 2774)",1,135735066638878,1,65640000000,1,134613087549345,0,0,0,12000000,PAIRED_ROS_CLOCK
C_SHARED_SIM_CLOCK_11008_MONOTONE_SAMPLES,EXACT_KEY_OBSERVED,tracking,0,2778,"(1452948046641, 6, 18110031447199154478, 4, 5, 15, 2775)",1,135735066638878,1,65656000000,1,134613087549345,0,0,0,12000000,PAIRED_ROS_CLOCK
C_SHARED_SIM_CLOCK_11008_MONOTONE_SAMPLES,EXACT_KEY_OBSERVED,tracking,0,2779,"(1452948046641, 6, 18110031447199154478, 4, 5, 15, 2776)",1,135735066638878,1,65672000000,1,134613087549345,0,0,0,12000000,PAIRED_ROS_CLOCK
C_SHARED_SIM_CLOCK_11008_MONOTONE_SAMPLES,EXACT_KEY_OBSERVED,tracking,0,2780,"(1452948046641, 6, 18110031447199154478, 4, 5, 15, 2777)",1,135735066638878,1,65688000000,1,134613087549345,0,0,0,12000000,PAIRED_ROS_CLOCK
C_SHARED_SIM_CLOCK_11008_MONOTONE_SAMPLES,EXACT_KEY_OBSERVED,tracking,0,2781,"(1452948046641, 6, 18110031447199154478, 4, 5, 15, 2778)",1,135735066638878,1,65704000000,1,134613087549345,0,0,0,12000000,PAIRED_ROS_CLOCK
C_SHARED_SIM_CLOCK_11008_MONOTONE_SAMPLES,EXACT_KEY_OBSERVED,tracking,0,2782,"(1452948046641, 6, 18110031447199154478, 4, 5, 15, 2779)",1,135735066638878,1,65720000000,1,134613087549345,0,0,0,12000000,PAIRED_ROS_CLOCK
C_SHARED_SIM_CLOCK_11008_MONOTONE_SAMPLES,EXACT_KEY_OBSERVED,tracking,0,2783,"(1452948046641, 6, 18110031447199154478, 4, 5, 15, 2780)",1,135735066638878,1,65736000000,1,134613087549345,0,0,0,12000000,PAIRED_ROS_CLOCK
C_SHARED_SIM_CLOCK_11008_MONOTONE_SAMPLES,EXACT_KEY_OBSERVED,tracking,0,2784,"(1452948046641, 6, 18110031447199154478, 4, 5, 15, 2781)",1,135735066638878,1,65752000000,1,134613087549345,0,0,0,12000000,PAIRED_ROS_CLOCK
C_SHARED_SIM_CLOCK_11008_MONOTONE_SAMPLES,EXACT_KEY_OBSERVED,tracking,0,2785,"(1452948046641, 6, 18110031447199154478, 4, 5, 15, 2782)",1,135735066638878,1,65768000000,1,134613087549345,0,0,0,12000000,PAIRED_ROS_CLOCK
C_SHARED_SIM_CLOCK_11008_MONOTONE_SAMPLES,EXACT_KEY_OBSERVED,tracking,0,2786,"(1452948046641, 6, 18110031447199154478, 4, 5, 15, 2783)",1,135735066638878,1,65784000000,1,134613087549345,0,0,0,12000000,PAIRED_ROS_CLOCK
C_SHARED_SIM_CLOCK_11008_MONOTONE_SAMPLES,EXACT_KEY_OBSERVED,tracking,0,2787,"(1452948046641, 6, 18110031447199154478, 4, 5, 15, 2784)",1,135735066638878,1,65800000000,1,134613087549345,0,0,0,12000000,PAIRED_ROS_CLOCK
C_SHARED_SIM_CLOCK_11008_MONOTONE_SAMPLES,EXACT_KEY_OBSERVED,tracking,0,2788,"(1452948046641, 6, 18110031447199154478, 4, 5, 15, 2785)",1,135735066638878,1,65816000000,1,134613087549345,0,0,0,12000000,PAIRED_ROS_CLOCK
C_SHARED_SIM_CLOCK_11008_MONOTONE_SAMPLES,EXACT_KEY_OBSERVED,tracking,0,2789,"(1452948046641, 6, 18110031447199154478, 4, 5, 15, 2786)",1,135735066638878,1,65832000000,1,134613087549345,0,0,0,12000000,PAIRED_ROS_CLOCK
C_SHARED_SIM_CLOCK_11008_MONOTONE_SAMPLES,EXACT_KEY_OBSERVED,tracking,0,2790,"(1452948046641, 6, 18110031447199154478, 4, 5, 15, 2787)",1,135735066638878,1,65848000000,1,134613087549345,0,0,0,12000000,PAIRED_ROS_CLOCK
C_SHARED_SIM_CLOCK_11008_MONOTONE_SAMPLES,EXACT_KEY_OBSERVED,tracking,0,2791,"(1452948046641, 6, 18110031447199154478, 4, 5, 15, 2788)",1,135735066638878,1,65864000000,1,134613087549345,0,0,0,12000000,PAIRED_ROS_CLOCK
C_SHARED_SIM_CLOCK_11008_MONOTONE_SAMPLES,EXACT_KEY_OBSERVED,tracking,0,2792,"(1452948046641, 6, 18110031447199154478, 4, 5, 15, 2789)",1,135735066638878,1,65880000000,1,134613087549345,0,0,0,12000000,PAIRED_ROS_CLOCK
C_SHARED_SIM_CLOCK_11008_MONOTONE_SAMPLES,EXACT_KEY_OBSERVED,tracking,0,2793,"(1452948046641, 6, 18110031447199154478, 4, 5, 15, 2790)",1,135735066638878,1,65896000000,1,134613087549345,0,0,0,12000000,PAIRED_ROS_CLOCK
C_SHARED_SIM_CLOCK_11008_MONOTONE_SAMPLES,EXACT_KEY_OBSERVED,tracking,0,2794,"(1452948046641, 6, 18110031447199154478, 4, 5, 15, 2791)",1,135735066638878,1,65912000000,1,134613087549345,0,0,0,12000000,PAIRED_ROS_CLOCK
C_SHARED_SIM_CLOCK_11008_MONOTONE_SAMPLES,EXACT_KEY_OBSERVED,tracking,0,2795,"(1452948046641, 6, 18110031447199154478, 4, 5, 15, 2792)",1,135735066638878,1,65928000000,1,134613087549345,0,0,0,12000000,PAIRED_ROS_CLOCK
C_SHARED_SIM_CLOCK_11008_MONOTONE_SAMPLES,EXACT_KEY_OBSERVED,tracking,0,2796,"(1452948046641, 6, 18110031447199154478, 4, 5, 15, 2793)",1,135735066638878,1,65944000000,1,134613087549345,0,0,0,12000000,PAIRED_ROS_CLOCK
C_SHARED_SIM_CLOCK_11008_MONOTONE_SAMPLES,EXACT_KEY_OBSERVED,tracking,0,2797,"(1452948046641, 6, 18110031447199154478, 4, 5, 15, 2794)",1,135735066638878,1,65960000000,1,134613087549345,0,0,0,12000000,PAIRED_ROS_CLOCK
C_SHARED_SIM_CLOCK_11008_MONOTONE_SAMPLES,EXACT_KEY_OBSERVED,tracking,0,2798,"(1452948046641, 6, 18110031447199154478, 4, 5, 15, 2795)",1,135735066638878,1,65976000000,1,134613087549345,0,0,0,12000000,PAIRED_ROS_CLOCK
C_SHARED_SIM_CLOCK_11008_MONOTONE_SAMPLES,EXACT_KEY_OBSERVED,tracking,0,2799,"(1452948046641, 6, 18110031447199154478, 4, 5, 15, 2796)",1,135735066638878,1,65992000000,1,134613087549345,0,0,0,12000000,PAIRED_ROS_CLOCK
C_SHARED_SIM_CLOCK_11008_MONOTONE_SAMPLES,EXACT_KEY_OBSERVED,tracking,0,2800,"(1452948046641, 6, 18110031447199154478, 4, 5, 15, 2797)",1,135735066638878,1,66008000000,1,134613087549345,0,0,0,12000000,PAIRED_ROS_CLOCK
C_SHARED_SIM_CLOCK_11008_MONOTONE_SAMPLES,EXACT_KEY_OBSERVED,tracking,0,2801,"(1452948046641, 6, 18110031447199154478, 4, 5, 15, 2798)",1,135735066638878,1,66024000000,1,134613087549345,0,0,0,12000000,PAIRED_ROS_CLOCK
C_SHARED_SIM_CLOCK_11008_MONOTONE_SAMPLES,EXACT_KEY_OBSERVED,tracking,0,2802,"(1452948046641, 6, 18110031447199154478, 4, 5, 15, 2799)",1,135735066638878,1,66040000000,1,134613087549345,0,0,0,12000000,PAIRED_ROS_CLOCK
C_SHARED_SIM_CLOCK_11008_MONOTONE_SAMPLES,EXACT_KEY_OBSERVED,tracking,0,2803,"(1452948046641, 6, 18110031447199154478, 4, 5, 15, 2800)",1,135735066638878,1,66056000000,1,134613087549345,0,0,0,12000000,PAIRED_ROS_CLOCK
C_SHARED_SIM_CLOCK_11008_MONOTONE_SAMPLES,EXACT_KEY_OBSERVED,tracking,0,2804,"(1452948046641, 6, 18110031447199154478, 4, 5, 15, 2801)",1,135735066638878,1,66072000000,1,134613087549345,0,0,0,12000000,PAIRED_ROS_CLOCK
C_SHARED_SIM_CLOCK_11008_MONOTONE_SAMPLES,EXACT_KEY_OBSERVED,tracking,0,2805,"(1452948046641, 6, 18110031447199154478, 4, 5, 15, 2802)",1,135735066638878,1,66088000000,1,134613087549345,0,0,0,12000000,PAIRED_ROS_CLOCK
C_SHARED_SIM_CLOCK_11008_MONOTONE_SAMPLES,EXACT_KEY_OBSERVED,tracking,0,2806,"(1452948046641, 6, 18110031447199154478, 4, 5, 15, 2803)",1,135735066638878,1,66104000000,1,134613087549345,0,0,0,12000000,PAIRED_ROS_CLOCK
C_SHARED_SIM_CLOCK_11008_MONOTONE_SAMPLES,EXACT_KEY_OBSERVED,tracking,0,2807,"(1452948046641, 6, 18110031447199154478, 4, 5, 15, 2804)",1,135735066638878,1,66120000000,1,134613087549345,0,0,0,12000000,PAIRED_ROS_CLOCK
C_SHARED_SIM_CLOCK_11008_MONOTONE_SAMPLES,EXACT_KEY_OBSERVED,tracking,0,2808,"(1452948046641, 6, 18110031447199154478, 4, 5, 15, 2805)",1,135735066638878,1,66136000000,1,134613087549345,0,0,0,12000000,PAIRED_ROS_CLOCK
C_SHARED_SIM_CLOCK_11008_MONOTONE_SAMPLES,EXACT_KEY_OBSERVED,tracking,0,2809,"(1452948046641, 6, 18110031447199154478, 4, 5, 15, 2806)",1,135735066638878,1,66152000000,1,134613087549345,0,0,0,12000000,PAIRED_ROS_CLOCK
C_SHARED_SIM_CLOCK_11008_MONOTONE_SAMPLES,EXACT_KEY_OBSERVED,tracking,0,2810,"(1452948046641, 6, 18110031447199154478, 4, 5, 15, 2807)",1,135735066638878,1,66168000000,1,134613087549345,0,0,0,12000000,PAIRED_ROS_CLOCK
C_SHARED_SIM_CLOCK_11008_MONOTONE_SAMPLES,EXACT_KEY_OBSERVED,tracking,0,2811,"(1452948046641, 6, 18110031447199154478, 4, 5, 15, 2808)",1,135735066638878,1,66184000000,1,134613087549345,0,0,0,12000000,PAIRED_ROS_CLOCK
C_SHARED_SIM_CLOCK_11008_MONOTONE_SAMPLES,EXACT_KEY_OBSERVED,tracking,0,2812,"(1452948046641, 6, 18110031447199154478, 4, 5, 15, 2809)",1,135735066638878,1,66200000000,1,134613087549345,0,0,0,12000000,PAIRED_ROS_CLOCK
C_SHARED_SIM_CLOCK_11008_MONOTONE_SAMPLES,EXACT_KEY_OBSERVED,tracking,0,2813,"(1452948046641, 6, 18110031447199154478, 4, 5, 15, 2810)",1,135735066638878,1,66216000000,1,134613087549345,0,0,0,12000000,PAIRED_ROS_CLOCK
C_SHARED_SIM_CLOCK_11008_MONOTONE_SAMPLES,EXACT_KEY_OBSERVED,tracking,0,2814,"(1452948046641, 6, 18110031447199154478, 4, 5, 15, 2811)",1,135735066638878,1,66232000000,1,134613087549345,0,0,0,12000000,PAIRED_ROS_CLOCK
C_SHARED_SIM_CLOCK_11008_MONOTONE_SAMPLES,EXACT_KEY_OBSERVED,tracking,0,2815,"(1452948046641, 6, 18110031447199154478, 4, 5, 15, 2812)",1,135735066638878,1,66248000000,1,134613087549345,0,0,0,12000000,PAIRED_ROS_CLOCK
C_SHARED_SIM_CLOCK_11008_MONOTONE_SAMPLES,EXACT_KEY_OBSERVED,tracking,0,2816,"(1452948046641, 6, 18110031447199154478, 4, 5, 15, 2813)",1,135735066638878,1,66264000000,1,134613087549345,0,0,0,12000000,PAIRED_ROS_CLOCK
C_SHARED_SIM_CLOCK_11008_MONOTONE_SAMPLES,EXACT_KEY_OBSERVED,tracking,0,2817,"(1452948046641, 6, 18110031447199154478, 4, 5, 15, 2814)",1,135735066638878,1,66280000000,1,134613087549345,0,0,0,12000000,PAIRED_ROS_CLOCK
C_SHARED_SIM_CLOCK_11008_MONOTONE_SAMPLES,EXACT_KEY_OBSERVED,tracking,0,2818,"(1452948046641, 6, 18110031447199154478, 4, 5, 15, 2815)",1,135735066638878,1,66296000000,1,134613087549345,0,0,0,12000000,PAIRED_ROS_CLOCK
C_SHARED_SIM_CLOCK_11008_MONOTONE_SAMPLES,EXACT_KEY_OBSERVED,tracking,0,2819,"(1452948046641, 6, 18110031447199154478, 4, 5, 15, 2816)",1,135735066638878,1,66312000000,1,134613087549345,0,0,0,12000000,PAIRED_ROS_CLOCK
C_SHARED_SIM_CLOCK_11008_MONOTONE_SAMPLES,EXACT_KEY_OBSERVED,tracking,0,2820,"(1452948046641, 6, 18110031447199154478, 4, 5, 15, 2817)",1,135735066638878,1,66328000000,1,134613087549345,0,0,0,12000000,PAIRED_ROS_CLOCK
C_SHARED_SIM_CLOCK_11008_MONOTONE_SAMPLES,EXACT_KEY_OBSERVED,tracking,0,2821,"(1452948046641, 6, 18110031447199154478, 4, 5, 15, 2818)",1,135735066638878,1,66344000000,1,134613087549345,0,0,0,12000000,PAIRED_ROS_CLOCK
C_SHARED_SIM_CLOCK_11008_MONOTONE_SAMPLES,EXACT_KEY_OBSERVED,tracking,0,2822,"(1452948046641, 6, 18110031447199154478, 4, 5, 15, 2819)",1,135735066638878,1,66360000000,1,134613087549345,0,0,0,12000000,PAIRED_ROS_CLOCK
C_SHARED_SIM_CLOCK_11008_MONOTONE_SAMPLES,EXACT_KEY_OBSERVED,tracking,0,2823,"(1452948046641, 6, 18110031447199154478, 4, 5, 15, 2820)",1,135735066638878,1,66376000000,1,134613087549345,0,0,0,12000000,PAIRED_ROS_CLOCK
C_SHARED_SIM_CLOCK_11008_MONOTONE_SAMPLES,EXACT_KEY_OBSERVED,tracking,0,2824,"(1452948046641, 6, 18110031447199154478, 4, 5, 15, 2821)",1,135735066638878,1,66392000000,1,134613087549345,0,0,0,12000000,PAIRED_ROS_CLOCK
C_SHARED_SIM_CLOCK_11008_MONOTONE_SAMPLES,EXACT_KEY_OBSERVED,tracking,0,2825,"(1452948046641, 6, 18110031447199154478, 4, 5, 15, 2822)",1,135735066638878,1,66408000000,1,134613087549345,0,0,0,12000000,PAIRED_ROS_CLOCK
C_SHARED_SIM_CLOCK_11008_MONOTONE_SAMPLES,EXACT_KEY_OBSERVED,tracking,0,2826,"(1452948046641, 6, 18110031447199154478, 4, 5, 15, 2823)",1,135735066638878,1,66424000000,1,134613087549345,0,0,0,12000000,PAIRED_ROS_CLOCK
C_SHARED_SIM_CLOCK_11008_MONOTONE_SAMPLES,EXACT_KEY_OBSERVED,tracking,0,2827,"(1452948046641, 6, 18110031447199154478, 4, 5, 15, 2824)",1,135735066638878,1,66440000000,1,134613087549345,0,0,0,12000000,PAIRED_ROS_CLOCK
C_SHARED_SIM_CLOCK_11008_MONOTONE_SAMPLES,EXACT_KEY_OBSERVED,tracking,0,2828,"(1452948046641, 6, 18110031447199154478, 4, 5, 15, 2825)",1,135735066638878,1,66456000000,1,134613087549345,0,0,0,12000000,PAIRED_ROS_CLOCK
C_SHARED_SIM_CLOCK_11008_MONOTONE_SAMPLES,EXACT_KEY_OBSERVED,tracking,0,2829,"(1452948046641, 6, 18110031447199154478, 4, 5, 15, 2826)",1,135735066638878,1,66472000000,1,134613087549345,0,0,0,12000000,PAIRED_ROS_CLOCK
C_SHARED_SIM_CLOCK_11008_MONOTONE_SAMPLES,EXACT_KEY_OBSERVED,tracking,0,2830,"(1452948046641, 6, 18110031447199154478, 4, 5, 15, 2827)",1,135735066638878,1,66488000000,1,134613087549345,0,0,0,12000000,PAIRED_ROS_CLOCK
C_SHARED_SIM_CLOCK_11008_MONOTONE_SAMPLES,EXACT_KEY_OBSERVED,tracking,0,2831,"(1452948046641, 6, 18110031447199154478, 4, 5, 15, 2828)",1,135735066638878,1,66504000000,1,134613087549345,0,0,0,12000000,PAIRED_ROS_CLOCK
C_SHARED_SIM_CLOCK_11008_MONOTONE_SAMPLES,EXACT_KEY_OBSERVED,tracking,0,2832,"(1452948046641, 6, 18110031447199154478, 4, 5, 15, 2829)",1,135735066638878,1,66520000000,1,134613087549345,0,0,0,12000000,PAIRED_ROS_CLOCK
C_SHARED_SIM_CLOCK_11008_MONOTONE_SAMPLES,EXACT_KEY_OBSERVED,tracking,0,2833,"(1452948046641, 6, 18110031447199154478, 4, 5, 15, 2830)",1,135735066638878,1,66536000000,1,134613087549345,0,0,0,12000000,PAIRED_ROS_CLOCK
C_SHARED_SIM_CLOCK_11008_MONOTONE_SAMPLES,EXACT_KEY_OBSERVED,tracking,0,2834,"(1452948046641, 6, 18110031447199154478, 4, 5, 15, 2831)",1,135735066638878,1,66552000000,1,134613087549345,0,0,0,12000000,PAIRED_ROS_CLOCK
C_SHARED_SIM_CLOCK_11008_MONOTONE_SAMPLES,EXACT_KEY_OBSERVED,tracking,0,2835,"(1452948046641, 6, 18110031447199154478, 4, 5, 15, 2832)",1,135735066638878,1,66568000000,1,134613087549345,0,0,0,12000000,PAIRED_ROS_CLOCK
C_SHARED_SIM_CLOCK_11008_MONOTONE_SAMPLES,EXACT_KEY_OBSERVED,tracking,0,2836,"(1452948046641, 6, 18110031447199154478, 4, 5, 15, 2833)",1,135735066638878,1,66584000000,1,134613087549345,0,0,0,12000000,PAIRED_ROS_CLOCK
C_SHARED_SIM_CLOCK_11008_MONOTONE_SAMPLES,EXACT_KEY_OBSERVED,tracking,0,2837,"(1452948046641, 6, 18110031447199154478, 4, 5, 15, 2834)",1,135735066638878,1,66600000000,1,134613087549345,0,0,0,12000000,PAIRED_ROS_CLOCK
C_SHARED_SIM_CLOCK_11008_MONOTONE_SAMPLES,EXACT_KEY_OBSERVED,tracking,0,2838,"(1452948046641, 6, 18110031447199154478, 4, 5, 15, 2835)",1,135735066638878,1,66616000000,1,134613087549345,0,0,0,12000000,PAIRED_ROS_CLOCK
C_SHARED_SIM_CLOCK_11008_MONOTONE_SAMPLES,EXACT_KEY_OBSERVED,tracking,0,2839,"(1452948046641, 6, 18110031447199154478, 4, 5, 15, 2836)",1,135735066638878,1,66632000000,1,134613087549345,0,0,0,12000000,PAIRED_ROS_CLOCK
C_SHARED_SIM_CLOCK_11008_MONOTONE_SAMPLES,EXACT_KEY_OBSERVED,tracking,0,2840,"(1452948046641, 6, 18110031447199154478, 4, 5, 15, 2837)",1,135735066638878,1,66648000000,1,134613087549345,0,0,0,12000000,PAIRED_ROS_CLOCK
C_SHARED_SIM_CLOCK_11008_MONOTONE_SAMPLES,EXACT_KEY_OBSERVED,tracking,0,2841,"(1452948046641, 6, 18110031447199154478, 4, 5, 15, 2838)",1,135735066638878,1,66664000000,1,134613087549345,0,0,0,12000000,PAIRED_ROS_CLOCK
C_SHARED_SIM_CLOCK_11008_MONOTONE_SAMPLES,EXACT_KEY_OBSERVED,tracking,0,2842,"(1452948046641, 6, 18110031447199154478, 4, 5, 15, 2839)",1,135735066638878,1,66680000000,1,134613087549345,0,0,0,12000000,PAIRED_ROS_CLOCK
C_SHARED_SIM_CLOCK_11008_MONOTONE_SAMPLES,EXACT_KEY_OBSERVED,tracking,0,2843,"(1452948046641, 6, 18110031447199154478, 4, 5, 15, 2840)",1,135735066638878,1,66696000000,1,134613087549345,0,0,0,12000000,PAIRED_ROS_CLOCK
C_SHARED_SIM_CLOCK_11008_MONOTONE_SAMPLES,EXACT_KEY_OBSERVED,tracking,0,2844,"(1452948046641, 6, 18110031447199154478, 4, 5, 15, 2841)",1,135735066638878,1,66712000000,1,134613087549345,0,0,0,12000000,PAIRED_ROS_CLOCK
C_SHARED_SIM_CLOCK_11008_MONOTONE_SAMPLES,EXACT_KEY_OBSERVED,tracking,0,2845,"(1452948046641, 6, 18110031447199154478, 4, 5, 15, 2842)",1,135735066638878,1,66728000000,1,134613087549345,0,0,0,12000000,PAIRED_ROS_CLOCK
C_SHARED_SIM_CLOCK_11008_MONOTONE_SAMPLES,EXACT_KEY_OBSERVED,tracking,0,2846,"(1452948046641, 6, 18110031447199154478, 4, 5, 15, 2843)",1,135735066638878,1,66744000000,1,134613087549345,0,0,0,12000000,PAIRED_ROS_CLOCK
C_SHARED_SIM_CLOCK_11008_MONOTONE_SAMPLES,EXACT_KEY_OBSERVED,tracking,0,2847,"(1452948046641, 6, 18110031447199154478, 4, 5, 15, 2844)",1,135735066638878,1,66760000000,1,134613087549345,0,0,0,12000000,PAIRED_ROS_CLOCK
C_SHARED_SIM_CLOCK_11008_MONOTONE_SAMPLES,EXACT_KEY_OBSERVED,tracking,0,2848,"(1452948046641, 6, 18110031447199154478, 4, 5, 15, 2845)",1,135735066638878,1,66776000000,1,134613087549345,0,0,0,12000000,PAIRED_ROS_CLOCK
C_SHARED_SIM_CLOCK_11008_MONOTONE_SAMPLES,EXACT_KEY_OBSERVED,tracking,0,2849,"(1452948046641, 6, 18110031447199154478, 4, 5, 15, 2846)",1,135735066638878,1,66792000000,1,134613087549345,0,0,0,12000000,PAIRED_ROS_CLOCK
C_SHARED_SIM_CLOCK_11008_MONOTONE_SAMPLES,EXACT_KEY_OBSERVED,tracking,0,2851,"(1452948046641, 6, 18110031447199154478, 4, 5, 15, 2848)",1,135735066638878,1,66824000000,1,134613087549345,0,0,0,12000000,PAIRED_ROS_CLOCK
C_SHARED_SIM_CLOCK_11008_MONOTONE_SAMPLES,EXACT_KEY_OBSERVED,tracking,0,2852,"(1452948046641, 6, 18110031447199154478, 4, 5, 15, 2849)",1,135735066638878,1,66840000000,1,134613087549345,0,0,0,12000000,PAIRED_ROS_CLOCK
C_SHARED_SIM_CLOCK_11008_MONOTONE_SAMPLES,EXACT_KEY_OBSERVED,tracking,0,2853,"(1452948046641, 6, 18110031447199154478, 4, 5, 15, 2850)",1,135735066638878,1,66856000000,1,134613087549345,0,0,0,12000000,PAIRED_ROS_CLOCK
C_SHARED_SIM_CLOCK_11008_MONOTONE_SAMPLES,EXACT_KEY_OBSERVED,tracking,0,2854,"(1452948046641, 6, 18110031447199154478, 4, 5, 15, 2851)",1,135735066638878,1,66872000000,1,134613087549345,0,0,0,12000000,PAIRED_ROS_CLOCK
C_SHARED_SIM_CLOCK_11008_MONOTONE_SAMPLES,EXACT_KEY_OBSERVED,tracking,0,2855,"(1452948046641, 6, 18110031447199154478, 4, 5, 15, 2852)",1,135735066638878,1,66888000000,1,134613087549345,0,0,0,12000000,PAIRED_ROS_CLOCK
C_SHARED_SIM_CLOCK_11008_MONOTONE_SAMPLES,EXACT_KEY_OBSERVED,tracking,0,2856,"(1452948046641, 6, 18110031447199154478, 4, 5, 15, 2853)",1,135735066638878,1,66904000000,1,134613087549345,0,0,0,12000000,PAIRED_ROS_CLOCK
C_SHARED_SIM_CLOCK_11008_MONOTONE_SAMPLES,EXACT_KEY_OBSERVED,tracking,0,2857,"(1452948046641, 6, 18110031447199154478, 4, 5, 15, 2854)",1,135735066638878,1,66920000000,1,134613087549345,0,0,0,12000000,PAIRED_ROS_CLOCK
C_SHARED_SIM_CLOCK_11008_MONOTONE_SAMPLES,EXACT_KEY_OBSERVED,tracking,0,2858,"(1452948046641, 6, 18110031447199154478, 4, 5, 15, 2855)",1,135735066638878,1,66936000000,1,134613087549345,0,0,0,12000000,PAIRED_ROS_CLOCK
C_SHARED_SIM_CLOCK_11008_MONOTONE_SAMPLES,EXACT_KEY_OBSERVED,tracking,0,2859,"(1452948046641, 6, 18110031447199154478, 4, 5, 15, 2856)",1,135735066638878,1,66952000000,1,134613087549345,0,0,0,12000000,PAIRED_ROS_CLOCK
C_SHARED_SIM_CLOCK_11008_MONOTONE_SAMPLES,EXACT_KEY_OBSERVED,tracking,0,2860,"(1452948046641, 6, 18110031447199154478, 4, 5, 15, 2857)",1,135735066638878,1,66968000000,1,134613087549345,0,0,0,12000000,PAIRED_ROS_CLOCK
C_SHARED_SIM_CLOCK_11008_MONOTONE_SAMPLES,EXACT_KEY_OBSERVED,tracking,0,2861,"(1452948046641, 6, 18110031447199154478, 4, 5, 15, 2858)",1,135735066638878,1,66984000000,1,134613087549345,0,0,0,12000000,PAIRED_ROS_CLOCK
C_SHARED_SIM_CLOCK_11008_MONOTONE_SAMPLES,EXACT_KEY_OBSERVED,tracking,0,2862,"(1452948046641, 6, 18110031447199154478, 4, 5, 15, 2859)",1,135735066638878,1,67000000000,1,134613087549345,0,0,0,12000000,PAIRED_ROS_CLOCK
C_SHARED_SIM_CLOCK_11008_MONOTONE_SAMPLES,EXACT_KEY_OBSERVED,tracking,0,2863,"(1452948046641, 6, 18110031447199154478, 4, 5, 15, 2860)",1,135735066638878,1,67016000000,1,134613087549345,0,0,0,12000000,PAIRED_ROS_CLOCK
C_SHARED_SIM_CLOCK_11008_MONOTONE_SAMPLES,EXACT_KEY_OBSERVED,tracking,0,2864,"(1452948046641, 6, 18110031447199154478, 4, 5, 15, 2861)",1,135735066638878,1,67032000000,1,134613087549345,0,0,0,12000000,PAIRED_ROS_CLOCK
C_SHARED_SIM_CLOCK_11008_MONOTONE_SAMPLES,EXACT_KEY_OBSERVED,tracking,0,2865,"(1452948046641, 6, 18110031447199154478, 4, 5, 15, 2862)",1,135735066638878,1,67048000000,1,134613087549345,0,0,0,12000000,PAIRED_ROS_CLOCK
C_SHARED_SIM_CLOCK_11008_MONOTONE_SAMPLES,EXACT_KEY_OBSERVED,tracking,0,2866,"(1452948046641, 6, 18110031447199154478, 4, 5, 15, 2863)",1,135735066638878,1,67064000000,1,134613087549345,0,0,0,12000000,PAIRED_ROS_CLOCK
C_SHARED_SIM_CLOCK_11008_MONOTONE_SAMPLES,EXACT_KEY_OBSERVED,tracking,0,2867,"(1452948046641, 6, 18110031447199154478, 4, 5, 15, 2864)",1,135735066638878,1,67080000000,1,134613087549345,0,0,0,12000000,PAIRED_ROS_CLOCK
C_SHARED_SIM_CLOCK_11008_MONOTONE_SAMPLES,EXACT_KEY_OBSERVED,tracking,0,2868,"(1452948046641, 6, 18110031447199154478, 4, 5, 15, 2865)",1,135735066638878,1,67096000000,1,134613087549345,0,0,0,12000000,PAIRED_ROS_CLOCK
C_SHARED_SIM_CLOCK_11008_MONOTONE_SAMPLES,EXACT_KEY_OBSERVED,tracking,0,2869,"(1452948046641, 6, 18110031447199154478, 4, 5, 15, 2866)",1,135735066638878,1,67112000000,1,134613087549345,0,0,0,12000000,PAIRED_ROS_CLOCK
C_SHARED_SIM_CLOCK_11008_MONOTONE_SAMPLES,EXACT_KEY_OBSERVED,tracking,0,2870,"(1452948046641, 6, 18110031447199154478, 4, 5, 15, 2867)",1,135735066638878,1,67128000000,1,134613087549345,0,0,0,12000000,PAIRED_ROS_CLOCK
C_SHARED_SIM_CLOCK_11008_MONOTONE_SAMPLES,EXACT_KEY_OBSERVED,tracking,0,2871,"(1452948046641, 6, 18110031447199154478, 4, 5, 15, 2868)",1,135735066638878,1,67144000000,1,134613087549345,0,0,0,12000000,PAIRED_ROS_CLOCK
C_SHARED_SIM_CLOCK_11008_MONOTONE_SAMPLES,EXACT_KEY_OBSERVED,tracking,0,2872,"(1452948046641, 6, 18110031447199154478, 4, 5, 15, 2869)",1,135735066638878,1,67160000000,1,134613087549345,0,0,0,12000000,PAIRED_ROS_CLOCK
C_SHARED_SIM_CLOCK_11008_MONOTONE_SAMPLES,EXACT_KEY_OBSERVED,tracking,0,2873,"(1452948046641, 6, 18110031447199154478, 4, 5, 15, 2870)",1,135735066638878,1,67176000000,1,134613087549345,0,0,0,12000000,PAIRED_ROS_CLOCK
C_SHARED_SIM_CLOCK_11008_MONOTONE_SAMPLES,EXACT_KEY_OBSERVED,tracking,0,2874,"(1452948046641, 6, 18110031447199154478, 4, 5, 15, 2871)",1,135735066638878,1,67192000000,1,134613087549345,0,0,0,12000000,PAIRED_ROS_CLOCK
C_SHARED_SIM_CLOCK_11008_MONOTONE_SAMPLES,EXACT_KEY_OBSERVED,tracking,0,2875,"(1452948046641, 6, 18110031447199154478, 4, 5, 15, 2872)",1,135735066638878,1,67208000000,1,134613087549345,0,0,0,12000000,PAIRED_ROS_CLOCK
C_SHARED_SIM_CLOCK_11008_MONOTONE_SAMPLES,EXACT_KEY_OBSERVED,tracking,0,2876,"(1452948046641, 6, 18110031447199154478, 4, 5, 15, 2873)",1,135735066638878,1,67224000000,1,134613087549345,0,0,0,12000000,PAIRED_ROS_CLOCK
C_SHARED_SIM_CLOCK_11008_MONOTONE_SAMPLES,EXACT_KEY_OBSERVED,tracking,0,2877,"(1452948046641, 6, 18110031447199154478, 4, 5, 15, 2874)",1,135735066638878,1,67240000000,1,134613087549345,0,0,0,12000000,PAIRED_ROS_CLOCK
C_SHARED_SIM_CLOCK_11008_MONOTONE_SAMPLES,EXACT_KEY_OBSERVED,tracking,0,2878,"(1452948046641, 6, 18110031447199154478, 4, 5, 15, 2875)",1,135735066638878,1,67256000000,1,134613087549345,0,0,0,12000000,PAIRED_ROS_CLOCK
C_SHARED_SIM_CLOCK_11008_MONOTONE_SAMPLES,EXACT_KEY_OBSERVED,tracking,0,2879,"(1452948046641, 6, 18110031447199154478, 4, 5, 15, 2876)",1,135735066638878,1,67272000000,1,134613087549345,0,0,0,12000000,PAIRED_ROS_CLOCK
C_SHARED_SIM_CLOCK_11008_MONOTONE_SAMPLES,EXACT_KEY_OBSERVED,tracking,0,2880,"(1452948046641, 6, 18110031447199154478, 4, 5, 15, 2877)",1,135735066638878,1,67288000000,1,134613087549345,0,0,0,12000000,PAIRED_ROS_CLOCK
C_SHARED_SIM_CLOCK_11008_MONOTONE_SAMPLES,EXACT_KEY_OBSERVED,tracking,0,2881,"(1452948046641, 6, 18110031447199154478, 4, 5, 15, 2878)",1,135735066638878,1,67304000000,1,134613087549345,0,0,0,12000000,PAIRED_ROS_CLOCK
C_SHARED_SIM_CLOCK_11008_MONOTONE_SAMPLES,EXACT_KEY_OBSERVED,tracking,0,2882,"(1452948046641, 6, 18110031447199154478, 4, 5, 15, 2879)",1,135735066638878,1,67320000000,1,134613087549345,0,0,0,12000000,PAIRED_ROS_CLOCK
C_SHARED_SIM_CLOCK_11008_MONOTONE_SAMPLES,EXACT_KEY_OBSERVED,tracking,0,2883,"(1452948046641, 6, 18110031447199154478, 4, 5, 15, 2880)",1,135735066638878,1,67336000000,1,134613087549345,0,0,0,12000000,PAIRED_ROS_CLOCK
C_SHARED_SIM_CLOCK_11008_MONOTONE_SAMPLES,EXACT_KEY_OBSERVED,tracking,0,2884,"(1452948046641, 6, 18110031447199154478, 4, 5, 15, 2881)",1,135735066638878,1,67352000000,1,134613087549345,0,0,0,12000000,PAIRED_ROS_CLOCK
C_SHARED_SIM_CLOCK_11008_MONOTONE_SAMPLES,EXACT_KEY_OBSERVED,tracking,0,2885,"(1452948046641, 6, 18110031447199154478, 4, 5, 15, 2882)",1,135735066638878,1,67368000000,1,134613087549345,0,0,0,12000000,PAIRED_ROS_CLOCK
C_SHARED_SIM_CLOCK_11008_MONOTONE_SAMPLES,EXACT_KEY_OBSERVED,tracking,0,2886,"(1452948046641, 6, 18110031447199154478, 4, 5, 15, 2883)",1,135735066638878,1,67384000000,1,134613087549345,0,0,0,12000000,PAIRED_ROS_CLOCK
C_SHARED_SIM_CLOCK_11008_MONOTONE_SAMPLES,EXACT_KEY_OBSERVED,tracking,0,2887,"(1452948046641, 6, 18110031447199154478, 4, 5, 15, 2884)",1,135735066638878,1,67400000000,1,134613087549345,0,0,0,12000000,PAIRED_ROS_CLOCK
C_SHARED_SIM_CLOCK_11008_MONOTONE_SAMPLES,EXACT_KEY_OBSERVED,tracking,0,2888,"(1452948046641, 6, 18110031447199154478, 4, 5, 15, 2885)",1,135735066638878,1,67416000000,1,134613087549345,0,0,0,12000000,PAIRED_ROS_CLOCK
C_SHARED_SIM_CLOCK_11008_MONOTONE_SAMPLES,EXACT_KEY_OBSERVED,tracking,0,2889,"(1452948046641, 6, 18110031447199154478, 4, 5, 15, 2886)",1,135735066638878,1,67432000000,1,134613087549345,0,0,0,12000000,PAIRED_ROS_CLOCK
C_SHARED_SIM_CLOCK_11008_MONOTONE_SAMPLES,EXACT_KEY_OBSERVED,tracking,0,2890,"(1452948046641, 6, 18110031447199154478, 4, 5, 15, 2887)",1,135735066638878,1,67448000000,1,134613087549345,0,0,0,12000000,PAIRED_ROS_CLOCK
C_SHARED_SIM_CLOCK_11008_MONOTONE_SAMPLES,EXACT_KEY_OBSERVED,tracking,0,2891,"(1452948046641, 6, 18110031447199154478, 4, 5, 15, 2888)",1,135735066638878,1,67464000000,1,134613087549345,0,0,0,12000000,PAIRED_ROS_CLOCK
C_SHARED_SIM_CLOCK_11008_MONOTONE_SAMPLES,EXACT_KEY_OBSERVED,tracking,0,2892,"(1452948046641, 6, 18110031447199154478, 4, 5, 15, 2889)",1,135735066638878,1,67480000000,1,134613087549345,0,0,0,12000000,PAIRED_ROS_CLOCK
C_SHARED_SIM_CLOCK_11008_MONOTONE_SAMPLES,EXACT_KEY_OBSERVED,tracking,0,2893,"(1452948046641, 6, 18110031447199154478, 4, 5, 15, 2890)",1,135735066638878,1,67496000000,1,134613087549345,0,0,0,12000000,PAIRED_ROS_CLOCK
C_SHARED_SIM_CLOCK_11008_MONOTONE_SAMPLES,EXACT_KEY_OBSERVED,tracking,0,2894,"(1452948046641, 6, 18110031447199154478, 4, 5, 15, 2891)",1,135735066638878,1,67512000000,1,134613087549345,0,0,0,12000000,PAIRED_ROS_CLOCK
C_SHARED_SIM_CLOCK_11008_MONOTONE_SAMPLES,EXACT_KEY_OBSERVED,tracking,0,2895,"(1452948046641, 6, 18110031447199154478, 4, 5, 15, 2892)",1,135735066638878,1,67528000000,1,134613087549345,0,0,0,12000000,PAIRED_ROS_CLOCK
C_SHARED_SIM_CLOCK_11008_MONOTONE_SAMPLES,EXACT_KEY_OBSERVED,tracking,0,2896,"(1452948046641, 6, 18110031447199154478, 4, 5, 15, 2893)",1,135735066638878,1,67544000000,1,134613087549345,0,0,0,12000000,PAIRED_ROS_CLOCK
C_SHARED_SIM_CLOCK_11008_MONOTONE_SAMPLES,EXACT_KEY_OBSERVED,tracking,0,2897,"(1452948046641, 6, 18110031447199154478, 4, 5, 15, 2894)",1,135735066638878,1,67560000000,1,134613087549345,0,0,0,12000000,PAIRED_ROS_CLOCK
C_SHARED_SIM_CLOCK_11008_MONOTONE_SAMPLES,EXACT_KEY_OBSERVED,tracking,0,2898,"(1452948046641, 6, 18110031447199154478, 4, 5, 15, 2895)",1,135735066638878,1,67576000000,1,134613087549345,0,0,0,12000000,PAIRED_ROS_CLOCK
C_SHARED_SIM_CLOCK_11008_MONOTONE_SAMPLES,EXACT_KEY_OBSERVED,tracking,0,2899,"(1452948046641, 6, 18110031447199154478, 4, 5, 15, 2896)",1,135735066638878,1,67592000000,1,134613087549345,0,0,0,12000000,PAIRED_ROS_CLOCK
C_SHARED_SIM_CLOCK_11008_MONOTONE_SAMPLES,EXACT_KEY_OBSERVED,tracking,0,2900,"(1452948046641, 6, 18110031447199154478, 4, 5, 15, 2897)",1,135735066638878,1,67608000000,1,134613087549345,0,0,0,12000000,PAIRED_ROS_CLOCK
C_SHARED_SIM_CLOCK_11008_MONOTONE_SAMPLES,EXACT_KEY_OBSERVED,tracking,0,2901,"(1452948046641, 6, 18110031447199154478, 4, 5, 15, 2898)",1,135735066638878,1,67624000000,1,134613087549345,0,0,0,12000000,PAIRED_ROS_CLOCK
C_SHARED_SIM_CLOCK_11008_MONOTONE_SAMPLES,EXACT_KEY_OBSERVED,tracking,0,2902,"(1452948046641, 6, 18110031447199154478, 4, 5, 15, 2899)",1,135735066638878,1,67640000000,1,134613087549345,0,0,0,12000000,PAIRED_ROS_CLOCK
C_SHARED_SIM_CLOCK_11008_MONOTONE_SAMPLES,EXACT_KEY_OBSERVED,tracking,0,2903,"(1452948046641, 6, 18110031447199154478, 4, 5, 15, 2900)",1,135735066638878,1,67656000000,1,134613087549345,0,0,0,12000000,PAIRED_ROS_CLOCK
C_SHARED_SIM_CLOCK_11008_MONOTONE_SAMPLES,EXACT_KEY_OBSERVED,tracking,0,2904,"(1452948046641, 6, 18110031447199154478, 4, 5, 15, 2901)",1,135735066638878,1,67672000000,1,134613087549345,0,0,0,12000000,PAIRED_ROS_CLOCK
C_SHARED_SIM_CLOCK_11008_MONOTONE_SAMPLES,EXACT_KEY_OBSERVED,tracking,0,2905,"(1452948046641, 6, 18110031447199154478, 4, 5, 15, 2902)",1,135735066638878,1,67688000000,1,134613087549345,0,0,0,12000000,PAIRED_ROS_CLOCK
C_SHARED_SIM_CLOCK_11008_MONOTONE_SAMPLES,EXACT_KEY_OBSERVED,tracking,0,2906,"(1452948046641, 6, 18110031447199154478, 4, 5, 15, 2903)",1,135735066638878,1,67704000000,1,134613087549345,0,0,0,12000000,PAIRED_ROS_CLOCK
C_SHARED_SIM_CLOCK_11008_MONOTONE_SAMPLES,EXACT_KEY_OBSERVED,tracking,0,2907,"(1452948046641, 6, 18110031447199154478, 4, 5, 15, 2904)",1,135735066638878,1,67720000000,1,134613087549345,0,0,0,12000000,PAIRED_ROS_CLOCK
C_SHARED_SIM_CLOCK_11008_MONOTONE_SAMPLES,EXACT_KEY_OBSERVED,tracking,0,2908,"(1452948046641, 6, 18110031447199154478, 4, 5, 15, 2905)",1,135735066638878,1,67736000000,1,134613087549345,0,0,0,12000000,PAIRED_ROS_CLOCK
C_SHARED_SIM_CLOCK_11008_MONOTONE_SAMPLES,EXACT_KEY_OBSERVED,tracking,0,2909,"(1452948046641, 6, 18110031447199154478, 4, 5, 15, 2906)",1,135735066638878,1,67752000000,1,134613087549345,0,0,0,12000000,PAIRED_ROS_CLOCK
C_SHARED_SIM_CLOCK_11008_MONOTONE_SAMPLES,EXACT_KEY_OBSERVED,tracking,0,2910,"(1452948046641, 6, 18110031447199154478, 4, 5, 15, 2907)",1,135735066638878,1,67768000000,1,134613087549345,0,0,0,12000000,PAIRED_ROS_CLOCK
C_SHARED_SIM_CLOCK_11008_MONOTONE_SAMPLES,EXACT_KEY_OBSERVED,tracking,0,2911,"(1452948046641, 6, 18110031447199154478, 4, 5, 15, 2908)",1,135735066638878,1,67784000000,1,134613087549345,0,0,0,12000000,PAIRED_ROS_CLOCK
C_SHARED_SIM_CLOCK_11008_MONOTONE_SAMPLES,EXACT_KEY_OBSERVED,tracking,0,2912,"(1452948046641, 6, 18110031447199154478, 4, 5, 15, 2909)",1,135735066638878,1,67800000000,1,134613087549345,0,0,0,12000000,PAIRED_ROS_CLOCK
C_SHARED_SIM_CLOCK_11008_MONOTONE_SAMPLES,EXACT_KEY_OBSERVED,tracking,0,2913,"(1452948046641, 6, 18110031447199154478, 4, 5, 15, 2910)",1,135735066638878,1,67816000000,1,134613087549345,0,0,0,12000000,PAIRED_ROS_CLOCK
C_SHARED_SIM_CLOCK_11008_MONOTONE_SAMPLES,EXACT_KEY_OBSERVED,tracking,0,2914,"(1452948046641, 6, 18110031447199154478, 4, 5, 15, 2911)",1,135735066638878,1,67832000000,1,134613087549345,0,0,0,12000000,PAIRED_ROS_CLOCK
C_SHARED_SIM_CLOCK_11008_MONOTONE_SAMPLES,EXACT_KEY_OBSERVED,tracking,0,2915,"(1452948046641, 6, 18110031447199154478, 4, 5, 15, 2912)",1,135735066638878,1,67848000000,1,134613087549345,0,0,0,12000000,PAIRED_ROS_CLOCK
C_SHARED_SIM_CLOCK_11008_MONOTONE_SAMPLES,EXACT_KEY_OBSERVED,tracking,0,2916,"(1452948046641, 6, 18110031447199154478, 4, 5, 15, 2913)",1,135735066638878,1,67864000000,1,134613087549345,0,0,0,12000000,PAIRED_ROS_CLOCK
C_SHARED_SIM_CLOCK_11008_MONOTONE_SAMPLES,EXACT_KEY_OBSERVED,tracking,0,2917,"(1452948046641, 6, 18110031447199154478, 4, 5, 15, 2914)",1,135735066638878,1,67880000000,1,134613087549345,0,0,0,12000000,PAIRED_ROS_CLOCK
C_SHARED_SIM_CLOCK_11008_MONOTONE_SAMPLES,EXACT_KEY_OBSERVED,tracking,0,2918,"(1452948046641, 6, 18110031447199154478, 4, 5, 15, 2915)",1,135735066638878,1,67896000000,1,134613087549345,0,0,0,12000000,PAIRED_ROS_CLOCK
C_SHARED_SIM_CLOCK_11008_MONOTONE_SAMPLES,EXACT_KEY_OBSERVED,tracking,0,2919,"(1452948046641, 6, 18110031447199154478, 4, 5, 15, 2916)",1,135735066638878,1,67912000000,1,134613087549345,0,0,0,12000000,PAIRED_ROS_CLOCK
C_SHARED_SIM_CLOCK_11008_MONOTONE_SAMPLES,EXACT_KEY_OBSERVED,tracking,0,2920,"(1452948046641, 6, 18110031447199154478, 4, 5, 15, 2917)",1,135735066638878,1,67928000000,1,134613087549345,0,0,0,12000000,PAIRED_ROS_CLOCK
C_SHARED_SIM_CLOCK_11008_MONOTONE_SAMPLES,EXACT_KEY_OBSERVED,tracking,0,2921,"(1452948046641, 6, 18110031447199154478, 4, 5, 15, 2918)",1,135735066638878,1,67944000000,1,134613087549345,0,0,0,12000000,PAIRED_ROS_CLOCK
C_SHARED_SIM_CLOCK_11008_MONOTONE_SAMPLES,EXACT_KEY_OBSERVED,tracking,0,2922,"(1452948046641, 6, 18110031447199154478, 4, 5, 15, 2919)",1,135735066638878,1,67960000000,1,134613087549345,0,0,0,12000000,PAIRED_ROS_CLOCK
C_SHARED_SIM_CLOCK_11008_MONOTONE_SAMPLES,EXACT_KEY_OBSERVED,tracking,0,2923,"(1452948046641, 6, 18110031447199154478, 4, 5, 15, 2920)",1,135735066638878,1,67976000000,1,134613087549345,0,0,0,12000000,PAIRED_ROS_CLOCK
C_SHARED_SIM_CLOCK_11008_MONOTONE_SAMPLES,EXACT_KEY_OBSERVED,tracking,0,2924,"(1452948046641, 6, 18110031447199154478, 4, 5, 15, 2921)",1,135735066638878,1,67992000000,1,134613087549345,0,0,0,12000000,PAIRED_ROS_CLOCK
C_SHARED_SIM_CLOCK_11008_MONOTONE_SAMPLES,EXACT_KEY_OBSERVED,tracking,0,2925,"(1452948046641, 6, 18110031447199154478, 4, 5, 15, 2922)",1,135735066638878,1,68008000000,1,134613087549345,0,0,0,12000000,PAIRED_ROS_CLOCK
C_SHARED_SIM_CLOCK_11008_MONOTONE_SAMPLES,EXACT_KEY_OBSERVED,tracking,0,2926,"(1452948046641, 6, 18110031447199154478, 4, 5, 15, 2923)",1,135735066638878,1,68024000000,1,134613087549345,0,0,0,12000000,PAIRED_ROS_CLOCK
C_SHARED_SIM_CLOCK_11008_MONOTONE_SAMPLES,EXACT_KEY_OBSERVED,tracking,0,2927,"(1452948046641, 6, 18110031447199154478, 4, 5, 15, 2924)",1,135735066638878,1,68040000000,1,134613087549345,0,0,0,12000000,PAIRED_ROS_CLOCK
C_SHARED_SIM_CLOCK_11008_MONOTONE_SAMPLES,EXACT_KEY_OBSERVED,tracking,0,2928,"(1452948046641, 6, 18110031447199154478, 4, 5, 15, 2925)",1,135735066638878,1,68056000000,1,134613087549345,0,0,0,12000000,PAIRED_ROS_CLOCK
C_SHARED_SIM_CLOCK_11008_MONOTONE_SAMPLES,EXACT_KEY_OBSERVED,tracking,0,2929,"(1452948046641, 6, 18110031447199154478, 4, 5, 15, 2926)",1,135735066638878,1,68072000000,1,134613087549345,0,0,0,12000000,PAIRED_ROS_CLOCK
C_SHARED_SIM_CLOCK_11008_MONOTONE_SAMPLES,EXACT_KEY_OBSERVED,tracking,0,2930,"(1452948046641, 6, 18110031447199154478, 4, 5, 15, 2927)",1,135735066638878,1,68088000000,1,134613087549345,0,0,0,12000000,PAIRED_ROS_CLOCK
C_SHARED_SIM_CLOCK_11008_MONOTONE_SAMPLES,EXACT_KEY_OBSERVED,tracking,0,2931,"(1452948046641, 6, 18110031447199154478, 4, 5, 15, 2928)",1,135735066638878,1,68104000000,1,134613087549345,0,0,0,12000000,PAIRED_ROS_CLOCK
C_SHARED_SIM_CLOCK_11008_MONOTONE_SAMPLES,EXACT_KEY_OBSERVED,tracking,0,2932,"(1452948046641, 6, 18110031447199154478, 4, 5, 15, 2929)",1,135735066638878,1,68120000000,1,134613087549345,0,0,0,12000000,PAIRED_ROS_CLOCK
C_SHARED_SIM_CLOCK_11008_MONOTONE_SAMPLES,EXACT_KEY_OBSERVED,tracking,0,2933,"(1452948046641, 6, 18110031447199154478, 4, 5, 15, 2930)",1,135735066638878,1,68136000000,1,134613087549345,0,0,0,12000000,PAIRED_ROS_CLOCK
C_SHARED_SIM_CLOCK_11008_MONOTONE_SAMPLES,EXACT_KEY_OBSERVED,tracking,0,2934,"(1452948046641, 6, 18110031447199154478, 4, 5, 15, 2931)",1,135735066638878,1,68152000000,1,134613087549345,0,0,0,12000000,PAIRED_ROS_CLOCK
C_SHARED_SIM_CLOCK_11008_MONOTONE_SAMPLES,EXACT_KEY_OBSERVED,tracking,0,2935,"(1452948046641, 6, 18110031447199154478, 4, 5, 15, 2932)",1,135735066638878,1,68168000000,1,134613087549345,0,0,0,12000000,PAIRED_ROS_CLOCK
C_SHARED_SIM_CLOCK_11008_MONOTONE_SAMPLES,EXACT_KEY_OBSERVED,tracking,0,2936,"(1452948046641, 6, 18110031447199154478, 4, 5, 15, 2933)",1,135735066638878,1,68184000000,1,134613087549345,0,0,0,12000000,PAIRED_ROS_CLOCK
C_SHARED_SIM_CLOCK_11008_MONOTONE_SAMPLES,EXACT_KEY_OBSERVED,tracking,0,2937,"(1452948046641, 6, 18110031447199154478, 4, 5, 15, 2934)",1,135735066638878,1,68200000000,1,134613087549345,0,0,0,12000000,PAIRED_ROS_CLOCK
C_SHARED_SIM_CLOCK_11008_MONOTONE_SAMPLES,EXACT_KEY_OBSERVED,tracking,0,2938,"(1452948046641, 6, 18110031447199154478, 4, 5, 15, 2935)",1,135735066638878,1,68216000000,1,134613087549345,0,0,0,12000000,PAIRED_ROS_CLOCK
C_SHARED_SIM_CLOCK_11008_MONOTONE_SAMPLES,EXACT_KEY_OBSERVED,tracking,0,2939,"(1452948046641, 6, 18110031447199154478, 4, 5, 15, 2936)",1,135735066638878,1,68232000000,1,134613087549345,0,0,0,12000000,PAIRED_ROS_CLOCK
C_SHARED_SIM_CLOCK_11008_MONOTONE_SAMPLES,EXACT_KEY_OBSERVED,tracking,0,2940,"(1452948046641, 6, 18110031447199154478, 4, 5, 15, 2937)",1,135735066638878,1,68248000000,1,134613087549345,0,0,0,12000000,PAIRED_ROS_CLOCK
C_SHARED_SIM_CLOCK_11008_MONOTONE_SAMPLES,EXACT_KEY_OBSERVED,tracking,0,2941,"(1452948046641, 6, 18110031447199154478, 4, 5, 15, 2938)",1,135735066638878,1,68264000000,1,134613087549345,0,0,0,12000000,PAIRED_ROS_CLOCK
C_SHARED_SIM_CLOCK_11008_MONOTONE_SAMPLES,EXACT_KEY_OBSERVED,tracking,0,2942,"(1452948046641, 6, 18110031447199154478, 4, 5, 15, 2939)",1,135735066638878,1,68280000000,1,134613087549345,0,0,0,12000000,PAIRED_ROS_CLOCK
C_SHARED_SIM_CLOCK_11008_MONOTONE_SAMPLES,EXACT_KEY_OBSERVED,tracking,0,2943,"(1452948046641, 6, 18110031447199154478, 4, 5, 15, 2940)",1,135735066638878,1,68296000000,1,134613087549345,0,0,0,12000000,PAIRED_ROS_CLOCK
C_SHARED_SIM_CLOCK_11008_MONOTONE_SAMPLES,EXACT_KEY_OBSERVED,tracking,0,2944,"(1452948046641, 6, 18110031447199154478, 4, 5, 15, 2941)",1,135735066638878,1,68312000000,1,134613087549345,0,0,0,12000000,PAIRED_ROS_CLOCK
C_SHARED_SIM_CLOCK_11008_MONOTONE_SAMPLES,EXACT_KEY_OBSERVED,tracking,0,2945,"(1452948046641, 6, 18110031447199154478, 4, 5, 15, 2942)",1,135735066638878,1,68328000000,1,134613087549345,0,0,0,12000000,PAIRED_ROS_CLOCK
C_SHARED_SIM_CLOCK_11008_MONOTONE_SAMPLES,EXACT_KEY_OBSERVED,tracking,0,2946,"(1452948046641, 6, 18110031447199154478, 4, 5, 15, 2943)",1,135735066638878,1,68344000000,1,134613087549345,0,0,0,12000000,PAIRED_ROS_CLOCK
C_SHARED_SIM_CLOCK_11008_MONOTONE_SAMPLES,EXACT_KEY_OBSERVED,tracking,0,2947,"(1452948046641, 6, 18110031447199154478, 4, 5, 15, 2944)",1,135735066638878,1,68360000000,1,134613087549345,0,0,0,12000000,PAIRED_ROS_CLOCK
C_SHARED_SIM_CLOCK_11008_MONOTONE_SAMPLES,EXACT_KEY_OBSERVED,tracking,0,2948,"(1452948046641, 6, 18110031447199154478, 4, 5, 15, 2945)",1,135735066638878,1,68376000000,1,134613087549345,0,0,0,12000000,PAIRED_ROS_CLOCK
C_SHARED_SIM_CLOCK_11008_MONOTONE_SAMPLES,EXACT_KEY_OBSERVED,tracking,0,2949,"(1452948046641, 6, 18110031447199154478, 4, 5, 15, 2946)",1,135735066638878,1,68392000000,1,134613087549345,0,0,0,12000000,PAIRED_ROS_CLOCK
C_SHARED_SIM_CLOCK_11008_MONOTONE_SAMPLES,EXACT_KEY_OBSERVED,tracking,0,2950,"(1452948046641, 6, 18110031447199154478, 4, 5, 15, 2947)",1,135735066638878,1,68408000000,1,134613087549345,0,0,0,12000000,PAIRED_ROS_CLOCK
C_SHARED_SIM_CLOCK_11008_MONOTONE_SAMPLES,EXACT_KEY_OBSERVED,tracking,0,2951,"(1452948046641, 6, 18110031447199154478, 4, 5, 15, 2948)",1,135735066638878,1,68424000000,1,134613087549345,0,0,0,12000000,PAIRED_ROS_CLOCK
C_SHARED_SIM_CLOCK_11008_MONOTONE_SAMPLES,EXACT_KEY_OBSERVED,tracking,0,2952,"(1452948046641, 6, 18110031447199154478, 4, 5, 15, 2949)",1,135735066638878,1,68440000000,1,134613087549345,0,0,0,12000000,PAIRED_ROS_CLOCK
C_SHARED_SIM_CLOCK_11008_MONOTONE_SAMPLES,EXACT_KEY_OBSERVED,tracking,0,2953,"(1452948046641, 6, 18110031447199154478, 4, 5, 15, 2950)",1,135735066638878,1,68456000000,1,134613087549345,0,0,0,12000000,PAIRED_ROS_CLOCK
C_SHARED_SIM_CLOCK_11008_MONOTONE_SAMPLES,EXACT_KEY_OBSERVED,tracking,0,2954,"(1452948046641, 6, 18110031447199154478, 4, 5, 15, 2951)",1,135735066638878,1,68472000000,1,134613087549345,0,0,0,12000000,PAIRED_ROS_CLOCK
C_SHARED_SIM_CLOCK_11008_MONOTONE_SAMPLES,EXACT_KEY_OBSERVED,tracking,0,2955,"(1452948046641, 6, 18110031447199154478, 4, 5, 15, 2952)",1,135735066638878,1,68488000000,1,134613087549345,0,0,0,12000000,PAIRED_ROS_CLOCK
C_SHARED_SIM_CLOCK_11008_MONOTONE_SAMPLES,EXACT_KEY_OBSERVED,tracking,0,2956,"(1452948046641, 6, 18110031447199154478, 4, 5, 15, 2953)",1,135735066638878,1,68504000000,1,134613087549345,0,0,0,12000000,PAIRED_ROS_CLOCK
C_SHARED_SIM_CLOCK_11008_MONOTONE_SAMPLES,EXACT_KEY_OBSERVED,tracking,0,2957,"(1452948046641, 6, 18110031447199154478, 4, 5, 15, 2954)",1,135735066638878,1,68520000000,1,134613087549345,0,0,0,12000000,PAIRED_ROS_CLOCK
C_SHARED_SIM_CLOCK_11008_MONOTONE_SAMPLES,EXACT_KEY_OBSERVED,tracking,0,2958,"(1452948046641, 6, 18110031447199154478, 4, 5, 15, 2955)",1,135735066638878,1,68536000000,1,134613087549345,0,0,0,12000000,PAIRED_ROS_CLOCK
C_SHARED_SIM_CLOCK_11008_MONOTONE_SAMPLES,EXACT_KEY_OBSERVED,tracking,0,2959,"(1452948046641, 6, 18110031447199154478, 4, 5, 15, 2956)",1,135735066638878,1,68552000000,1,134613087549345,0,0,0,12000000,PAIRED_ROS_CLOCK
C_SHARED_SIM_CLOCK_11008_MONOTONE_SAMPLES,EXACT_KEY_OBSERVED,tracking,0,2960,"(1452948046641, 6, 18110031447199154478, 4, 5, 15, 2957)",1,135735066638878,1,68568000000,1,134613087549345,0,0,0,12000000,PAIRED_ROS_CLOCK
C_SHARED_SIM_CLOCK_11008_MONOTONE_SAMPLES,EXACT_KEY_OBSERVED,tracking,0,2961,"(1452948046641, 6, 18110031447199154478, 4, 5, 15, 2958)",1,135735066638878,1,68584000000,1,134613087549345,0,0,0,12000000,PAIRED_ROS_CLOCK
C_SHARED_SIM_CLOCK_11008_MONOTONE_SAMPLES,EXACT_KEY_OBSERVED,tracking,0,2962,"(1452948046641, 6, 18110031447199154478, 4, 5, 15, 2959)",1,135735066638878,1,68600000000,1,134613087549345,0,0,0,12000000,PAIRED_ROS_CLOCK
C_SHARED_SIM_CLOCK_11008_MONOTONE_SAMPLES,EXACT_KEY_OBSERVED,tracking,0,2963,"(1452948046641, 6, 18110031447199154478, 4, 5, 15, 2960)",1,135735066638878,1,68616000000,1,134613087549345,0,0,0,12000000,PAIRED_ROS_CLOCK
C_SHARED_SIM_CLOCK_11008_MONOTONE_SAMPLES,EXACT_KEY_OBSERVED,tracking,0,2964,"(1452948046641, 6, 18110031447199154478, 4, 5, 15, 2961)",1,135735066638878,1,68632000000,1,134613087549345,0,0,0,12000000,PAIRED_ROS_CLOCK
C_SHARED_SIM_CLOCK_11008_MONOTONE_SAMPLES,EXACT_KEY_OBSERVED,tracking,0,2965,"(1452948046641, 6, 18110031447199154478, 4, 5, 15, 2962)",1,135735066638878,1,68648000000,1,134613087549345,0,0,0,12000000,PAIRED_ROS_CLOCK
C_SHARED_SIM_CLOCK_11008_MONOTONE_SAMPLES,EXACT_KEY_OBSERVED,tracking,0,2966,"(1452948046641, 6, 18110031447199154478, 4, 5, 15, 2963)",1,135735066638878,1,68664000000,1,134613087549345,0,0,0,12000000,PAIRED_ROS_CLOCK
C_SHARED_SIM_CLOCK_11008_MONOTONE_SAMPLES,EXACT_KEY_OBSERVED,tracking,0,2967,"(1452948046641, 6, 18110031447199154478, 4, 5, 15, 2964)",1,135735066638878,1,68680000000,1,134613087549345,0,0,0,12000000,PAIRED_ROS_CLOCK
C_SHARED_SIM_CLOCK_11008_MONOTONE_SAMPLES,EXACT_KEY_OBSERVED,tracking,0,2968,"(1452948046641, 6, 18110031447199154478, 4, 5, 15, 2965)",1,135735066638878,1,68696000000,1,134613087549345,0,0,0,12000000,PAIRED_ROS_CLOCK
C_SHARED_SIM_CLOCK_11008_MONOTONE_SAMPLES,EXACT_KEY_OBSERVED,tracking,0,2969,"(1452948046641, 6, 18110031447199154478, 4, 5, 15, 2966)",1,135735066638878,1,68712000000,1,134613087549345,0,0,0,12000000,PAIRED_ROS_CLOCK
C_SHARED_SIM_CLOCK_11008_MONOTONE_SAMPLES,EXACT_KEY_OBSERVED,tracking,0,2970,"(1452948046641, 6, 18110031447199154478, 4, 5, 15, 2967)",1,135735066638878,1,68728000000,1,134613087549345,0,0,0,12000000,PAIRED_ROS_CLOCK
C_SHARED_SIM_CLOCK_11008_MONOTONE_SAMPLES,EXACT_KEY_OBSERVED,tracking,0,2971,"(1452948046641, 6, 18110031447199154478, 4, 5, 15, 2968)",1,135735066638878,1,68744000000,1,134613087549345,0,0,0,12000000,PAIRED_ROS_CLOCK
C_SHARED_SIM_CLOCK_11008_MONOTONE_SAMPLES,EXACT_KEY_OBSERVED,tracking,0,2972,"(1452948046641, 6, 18110031447199154478, 4, 5, 15, 2969)",1,135735066638878,1,68760000000,1,134613087549345,0,0,0,12000000,PAIRED_ROS_CLOCK
C_SHARED_SIM_CLOCK_11008_MONOTONE_SAMPLES,EXACT_KEY_OBSERVED,tracking,0,2973,"(1452948046641, 6, 18110031447199154478, 4, 5, 15, 2970)",1,135735066638878,1,68776000000,1,134613087549345,0,0,0,12000000,PAIRED_ROS_CLOCK
C_SHARED_SIM_CLOCK_11008_MONOTONE_SAMPLES,EXACT_KEY_OBSERVED,tracking,0,2974,"(1452948046641, 6, 18110031447199154478, 4, 5, 15, 2971)",1,135735066638878,1,68792000000,1,134613087549345,0,0,0,12000000,PAIRED_ROS_CLOCK
C_SHARED_SIM_CLOCK_11008_MONOTONE_SAMPLES,EXACT_KEY_OBSERVED,tracking,0,2975,"(1452948046641, 6, 18110031447199154478, 4, 5, 15, 2972)",1,135735066638878,1,68808000000,1,134613087549345,0,0,0,12000000,PAIRED_ROS_CLOCK
C_SHARED_SIM_CLOCK_11008_MONOTONE_SAMPLES,EXACT_KEY_OBSERVED,tracking,0,2976,"(1452948046641, 6, 18110031447199154478, 4, 5, 15, 2973)",1,135735066638878,1,68824000000,1,134613087549345,0,0,0,12000000,PAIRED_ROS_CLOCK
C_SHARED_SIM_CLOCK_11008_MONOTONE_SAMPLES,EXACT_KEY_OBSERVED,tracking,0,2977,"(1452948046641, 6, 18110031447199154478, 4, 5, 15, 2974)",1,135735066638878,1,68840000000,1,134613087549345,0,0,0,12000000,PAIRED_ROS_CLOCK
C_SHARED_SIM_CLOCK_11008_MONOTONE_SAMPLES,EXACT_KEY_OBSERVED,tracking,0,2978,"(1452948046641, 6, 18110031447199154478, 4, 5, 15, 2975)",1,135735066638878,1,68856000000,1,134613087549345,0,0,0,12000000,PAIRED_ROS_CLOCK
C_SHARED_SIM_CLOCK_11008_MONOTONE_SAMPLES,EXACT_KEY_OBSERVED,tracking,0,2979,"(1452948046641, 6, 18110031447199154478, 4, 5, 15, 2976)",1,135735066638878,1,68872000000,1,134613087549345,0,0,0,12000000,PAIRED_ROS_CLOCK
C_SHARED_SIM_CLOCK_11008_MONOTONE_SAMPLES,EXACT_KEY_OBSERVED,tracking,0,2980,"(1452948046641, 6, 18110031447199154478, 4, 5, 15, 2977)",1,135735066638878,1,68888000000,1,134613087549345,0,0,0,12000000,PAIRED_ROS_CLOCK
C_SHARED_SIM_CLOCK_11008_MONOTONE_SAMPLES,EXACT_KEY_OBSERVED,tracking,0,2981,"(1452948046641, 6, 18110031447199154478, 4, 5, 15, 2978)",1,135735066638878,1,68904000000,1,134613087549345,0,0,0,12000000,PAIRED_ROS_CLOCK
C_SHARED_SIM_CLOCK_11008_MONOTONE_SAMPLES,EXACT_KEY_OBSERVED,tracking,0,2982,"(1452948046641, 6, 18110031447199154478, 4, 5, 15, 2979)",1,135735066638878,1,68920000000,1,134613087549345,0,0,0,12000000,PAIRED_ROS_CLOCK
C_SHARED_SIM_CLOCK_11008_MONOTONE_SAMPLES,EXACT_KEY_OBSERVED,tracking,0,2983,"(1452948046641, 6, 18110031447199154478, 4, 5, 15, 2980)",1,135735066638878,1,68936000000,1,134613087549345,0,0,0,12000000,PAIRED_ROS_CLOCK
C_SHARED_SIM_CLOCK_11008_MONOTONE_SAMPLES,EXACT_KEY_OBSERVED,tracking,0,2984,"(1452948046641, 6, 18110031447199154478, 4, 5, 15, 2981)",1,135735066638878,1,68952000000,1,134613087549345,0,0,0,12000000,PAIRED_ROS_CLOCK
C_SHARED_SIM_CLOCK_11008_MONOTONE_SAMPLES,EXACT_KEY_OBSERVED,tracking,0,2985,"(1452948046641, 6, 18110031447199154478, 4, 5, 15, 2982)",1,135735066638878,1,68968000000,1,134613087549345,0,0,0,12000000,PAIRED_ROS_CLOCK
C_SHARED_SIM_CLOCK_11008_MONOTONE_SAMPLES,EXACT_KEY_OBSERVED,tracking,0,2986,"(1452948046641, 6, 18110031447199154478, 4, 5, 15, 2983)",1,135735066638878,1,68984000000,1,134613087549345,0,0,0,12000000,PAIRED_ROS_CLOCK
C_SHARED_SIM_CLOCK_11008_MONOTONE_SAMPLES,EXACT_KEY_OBSERVED,tracking,0,2987,"(1452948046641, 6, 18110031447199154478, 4, 5, 15, 2984)",1,135735066638878,1,69000000000,1,134613087549345,0,0,0,12000000,PAIRED_ROS_CLOCK
C_SHARED_SIM_CLOCK_11008_MONOTONE_SAMPLES,EXACT_KEY_OBSERVED,tracking,0,2988,"(1452948046641, 6, 18110031447199154478, 4, 5, 15, 2985)",1,135735066638878,1,69016000000,1,134613087549345,0,0,0,12000000,PAIRED_ROS_CLOCK
C_SHARED_SIM_CLOCK_11008_MONOTONE_SAMPLES,EXACT_KEY_OBSERVED,tracking,0,2989,"(1452948046641, 6, 18110031447199154478, 4, 5, 15, 2986)",1,135735066638878,1,69032000000,1,134613087549345,0,0,0,12000000,PAIRED_ROS_CLOCK
C_SHARED_SIM_CLOCK_11008_MONOTONE_SAMPLES,EXACT_KEY_OBSERVED,tracking,0,2990,"(1452948046641, 6, 18110031447199154478, 4, 5, 15, 2987)",1,135735066638878,1,69048000000,1,134613087549345,0,0,0,12000000,PAIRED_ROS_CLOCK
C_SHARED_SIM_CLOCK_11008_MONOTONE_SAMPLES,EXACT_KEY_OBSERVED,tracking,0,2991,"(1452948046641, 6, 18110031447199154478, 4, 5, 15, 2988)",1,135735066638878,1,69064000000,1,134613087549345,0,0,0,12000000,PAIRED_ROS_CLOCK
C_SHARED_SIM_CLOCK_11008_MONOTONE_SAMPLES,EXACT_KEY_OBSERVED,tracking,0,2992,"(1452948046641, 6, 18110031447199154478, 4, 5, 15, 2989)",1,135735066638878,1,69080000000,1,134613087549345,0,0,0,12000000,PAIRED_ROS_CLOCK
C_SHARED_SIM_CLOCK_11008_MONOTONE_SAMPLES,EXACT_KEY_OBSERVED,tracking,0,2993,"(1452948046641, 6, 18110031447199154478, 4, 5, 15, 2990)",1,135735066638878,1,69096000000,1,134613087549345,0,0,0,12000000,PAIRED_ROS_CLOCK
C_SHARED_SIM_CLOCK_11008_MONOTONE_SAMPLES,EXACT_KEY_OBSERVED,tracking,0,2994,"(1452948046641, 6, 18110031447199154478, 4, 5, 15, 2991)",1,135735066638878,1,69112000000,1,134613087549345,0,0,0,12000000,PAIRED_ROS_CLOCK
C_SHARED_SIM_CLOCK_11008_MONOTONE_SAMPLES,EXACT_KEY_OBSERVED,tracking,0,2995,"(1452948046641, 6, 18110031447199154478, 4, 5, 15, 2992)",1,135735066638878,1,69128000000,1,134613087549345,0,0,0,12000000,PAIRED_ROS_CLOCK
C_SHARED_SIM_CLOCK_11008_MONOTONE_SAMPLES,EXACT_KEY_OBSERVED,tracking,0,2996,"(1452948046641, 6, 18110031447199154478, 4, 5, 15, 2993)",1,135735066638878,1,69144000000,1,134613087549345,0,0,0,12000000,PAIRED_ROS_CLOCK
C_SHARED_SIM_CLOCK_11008_MONOTONE_SAMPLES,EXACT_KEY_OBSERVED,tracking,0,2997,"(1452948046641, 6, 18110031447199154478, 4, 5, 15, 2994)",1,135735066638878,1,69160000000,1,134613087549345,0,0,0,12000000,PAIRED_ROS_CLOCK
C_SHARED_SIM_CLOCK_11008_MONOTONE_SAMPLES,EXACT_KEY_OBSERVED,tracking,0,2998,"(1452948046641, 6, 18110031447199154478, 4, 5, 15, 2995)",1,135735066638878,1,69176000000,1,134613087549345,0,0,0,12000000,PAIRED_ROS_CLOCK
C_SHARED_SIM_CLOCK_11008_MONOTONE_SAMPLES,EXACT_KEY_OBSERVED,tracking,0,2999,"(1452948046641, 6, 18110031447199154478, 4, 5, 15, 2996)",1,135735066638878,1,69192000000,1,134613087549345,0,0,0,12000000,PAIRED_ROS_CLOCK
C_SHARED_SIM_CLOCK_11008_MONOTONE_SAMPLES,EXACT_KEY_OBSERVED,tracking,0,3000,"(1452948046641, 6, 18110031447199154478, 4, 5, 15, 2997)",1,135735066638878,1,69208000000,1,134613087549345,0,0,0,12000000,PAIRED_ROS_CLOCK
C_SHARED_SIM_CLOCK_11008_MONOTONE_SAMPLES,EXACT_KEY_OBSERVED,tracking,0,3001,"(1452948046641, 6, 18110031447199154478, 4, 5, 15, 2998)",1,135735066638878,1,69224000000,1,134613087549345,0,0,0,12000000,PAIRED_ROS_CLOCK
C_SHARED_SIM_CLOCK_11008_MONOTONE_SAMPLES,EXACT_KEY_OBSERVED,tracking,0,3002,"(1452948046641, 6, 18110031447199154478, 4, 5, 15, 2999)",1,135735066638878,1,69240000000,1,134613087549345,0,0,0,12000000,PAIRED_ROS_CLOCK
C_SHARED_SIM_CLOCK_11008_MONOTONE_SAMPLES,EXACT_KEY_OBSERVED,tracking,0,3003,"(1452948046641, 6, 18110031447199154478, 4, 5, 15, 3000)",1,135735066638878,1,69256000000,1,134613087549345,0,0,0,12000000,PAIRED_ROS_CLOCK
C_SHARED_SIM_CLOCK_11008_MONOTONE_SAMPLES,EXACT_KEY_OBSERVED,tracking,0,3004,"(1452948046641, 6, 18110031447199154478, 4, 5, 15, 3001)",1,135735066638878,1,69272000000,1,134613087549345,0,0,0,12000000,PAIRED_ROS_CLOCK
C_SHARED_SIM_CLOCK_11008_MONOTONE_SAMPLES,EXACT_KEY_OBSERVED,tracking,0,3005,"(1452948046641, 6, 18110031447199154478, 4, 5, 15, 3002)",1,135735066638878,1,69288000000,1,134613087549345,0,0,0,12000000,PAIRED_ROS_CLOCK
C_SHARED_SIM_CLOCK_11008_MONOTONE_SAMPLES,EXACT_KEY_OBSERVED,tracking,0,3006,"(1452948046641, 6, 18110031447199154478, 4, 5, 15, 3003)",1,135735066638878,1,69304000000,1,134613087549345,0,0,0,12000000,PAIRED_ROS_CLOCK
C_SHARED_SIM_CLOCK_11008_MONOTONE_SAMPLES,EXACT_KEY_OBSERVED,tracking,0,3007,"(1452948046641, 6, 18110031447199154478, 4, 5, 15, 3004)",1,135735066638878,1,69320000000,1,134613087549345,0,0,0,12000000,PAIRED_ROS_CLOCK
C_SHARED_SIM_CLOCK_11008_MONOTONE_SAMPLES,EXACT_KEY_OBSERVED,tracking,0,3008,"(1452948046641, 6, 18110031447199154478, 4, 5, 15, 3005)",1,135735066638878,1,69336000000,1,134613087549345,0,0,0,12000000,PAIRED_ROS_CLOCK
C_SHARED_SIM_CLOCK_11008_MONOTONE_SAMPLES,EXACT_KEY_OBSERVED,tracking,0,3009,"(1452948046641, 6, 18110031447199154478, 4, 5, 15, 3006)",1,135735066638878,1,69352000000,1,134613087549345,0,0,0,12000000,PAIRED_ROS_CLOCK
C_SHARED_SIM_CLOCK_11008_MONOTONE_SAMPLES,EXACT_KEY_OBSERVED,tracking,0,3010,"(1452948046641, 6, 18110031447199154478, 4, 5, 15, 3007)",1,135735066638878,1,69368000000,1,134613087549345,0,0,0,12000000,PAIRED_ROS_CLOCK
C_SHARED_SIM_CLOCK_11008_MONOTONE_SAMPLES,EXACT_KEY_OBSERVED,tracking,0,3011,"(1452948046641, 6, 18110031447199154478, 4, 5, 15, 3008)",1,135735066638878,1,69384000000,1,134613087549345,0,0,0,12000000,PAIRED_ROS_CLOCK
C_SHARED_SIM_CLOCK_11008_MONOTONE_SAMPLES,EXACT_KEY_OBSERVED,tracking,0,3012,"(1452948046641, 6, 18110031447199154478, 4, 5, 15, 3009)",1,135735066638878,1,69400000000,1,134613087549345,0,0,0,12000000,PAIRED_ROS_CLOCK
C_SHARED_SIM_CLOCK_11008_MONOTONE_SAMPLES,EXACT_KEY_OBSERVED,tracking,0,3013,"(1452948046641, 6, 18110031447199154478, 4, 5, 15, 3010)",1,135735066638878,1,69416000000,1,134613087549345,0,0,0,12000000,PAIRED_ROS_CLOCK
C_SHARED_SIM_CLOCK_11008_MONOTONE_SAMPLES,EXACT_KEY_OBSERVED,tracking,0,3014,"(1452948046641, 6, 18110031447199154478, 4, 5, 15, 3011)",1,135735066638878,1,69432000000,1,134613087549345,0,0,0,12000000,PAIRED_ROS_CLOCK
C_SHARED_SIM_CLOCK_11008_MONOTONE_SAMPLES,EXACT_KEY_OBSERVED,tracking,0,3015,"(1452948046641, 6, 18110031447199154478, 4, 5, 15, 3012)",1,135735066638878,1,69448000000,1,134613087549345,0,0,0,12000000,PAIRED_ROS_CLOCK
C_SHARED_SIM_CLOCK_11008_MONOTONE_SAMPLES,EXACT_KEY_OBSERVED,tracking,0,3016,"(1452948046641, 6, 18110031447199154478, 4, 5, 15, 3013)",1,135735066638878,1,69464000000,1,134613087549345,0,0,0,12000000,PAIRED_ROS_CLOCK
C_SHARED_SIM_CLOCK_11008_MONOTONE_SAMPLES,EXACT_KEY_OBSERVED,tracking,0,3017,"(1452948046641, 6, 18110031447199154478, 4, 5, 15, 3014)",1,135735066638878,1,69480000000,1,134613087549345,0,0,0,12000000,PAIRED_ROS_CLOCK
C_SHARED_SIM_CLOCK_11008_MONOTONE_SAMPLES,EXACT_KEY_OBSERVED,tracking,0,3018,"(1452948046641, 6, 18110031447199154478, 4, 5, 15, 3015)",1,135735066638878,1,69496000000,1,134613087549345,0,0,0,12000000,PAIRED_ROS_CLOCK
C_SHARED_SIM_CLOCK_11008_MONOTONE_SAMPLES,EXACT_KEY_OBSERVED,tracking,0,3019,"(1452948046641, 6, 18110031447199154478, 4, 5, 15, 3016)",1,135735066638878,1,69512000000,1,134613087549345,0,0,0,12000000,PAIRED_ROS_CLOCK
C_SHARED_SIM_CLOCK_11008_MONOTONE_SAMPLES,EXACT_KEY_OBSERVED,tracking,0,3020,"(1452948046641, 6, 18110031447199154478, 4, 5, 15, 3017)",1,135735066638878,1,69528000000,1,134613087549345,0,0,0,12000000,PAIRED_ROS_CLOCK
C_SHARED_SIM_CLOCK_11008_MONOTONE_SAMPLES,EXACT_KEY_OBSERVED,tracking,0,3021,"(1452948046641, 6, 18110031447199154478, 4, 5, 15, 3018)",1,135735066638878,1,69544000000,1,134613087549345,0,0,0,12000000,PAIRED_ROS_CLOCK
C_SHARED_SIM_CLOCK_11008_MONOTONE_SAMPLES,EXACT_KEY_OBSERVED,tracking,0,3022,"(1452948046641, 6, 18110031447199154478, 4, 5, 15, 3019)",1,135735066638878,1,69560000000,1,134613087549345,0,0,0,12000000,PAIRED_ROS_CLOCK
C_SHARED_SIM_CLOCK_11008_MONOTONE_SAMPLES,EXACT_KEY_OBSERVED,tracking,0,3023,"(1452948046641, 6, 18110031447199154478, 4, 5, 15, 3020)",1,135735066638878,1,69576000000,1,134613087549345,0,0,0,12000000,PAIRED_ROS_CLOCK
C_SHARED_SIM_CLOCK_11008_MONOTONE_SAMPLES,EXACT_KEY_OBSERVED,tracking,0,3024,"(1452948046641, 6, 18110031447199154478, 4, 5, 15, 3021)",1,135735066638878,1,69592000000,1,134613087549345,0,0,0,12000000,PAIRED_ROS_CLOCK
C_SHARED_SIM_CLOCK_11008_MONOTONE_SAMPLES,EXACT_KEY_OBSERVED,tracking,0,3025,"(1452948046641, 6, 18110031447199154478, 4, 5, 15, 3022)",1,135735066638878,1,69608000000,1,134613087549345,0,0,0,12000000,PAIRED_ROS_CLOCK
C_SHARED_SIM_CLOCK_11008_MONOTONE_SAMPLES,EXACT_KEY_OBSERVED,tracking,0,3026,"(1452948046641, 6, 18110031447199154478, 4, 5, 15, 3023)",1,135735066638878,1,69624000000,1,134613087549345,0,0,0,12000000,PAIRED_ROS_CLOCK
C_SHARED_SIM_CLOCK_11008_MONOTONE_SAMPLES,EXACT_KEY_OBSERVED,tracking,0,3027,"(1452948046641, 6, 18110031447199154478, 4, 5, 15, 3024)",1,135735066638878,1,69640000000,1,134613087549345,0,0,0,12000000,PAIRED_ROS_CLOCK
C_SHARED_SIM_CLOCK_11008_MONOTONE_SAMPLES,EXACT_KEY_OBSERVED,tracking,0,3028,"(1452948046641, 6, 18110031447199154478, 4, 5, 15, 3025)",1,135735066638878,1,69656000000,1,134613087549345,0,0,0,12000000,PAIRED_ROS_CLOCK
C_SHARED_SIM_CLOCK_11008_MONOTONE_SAMPLES,EXACT_KEY_OBSERVED,tracking,0,3029,"(1452948046641, 6, 18110031447199154478, 4, 5, 15, 3026)",1,135735066638878,1,69672000000,1,134613087549345,0,0,0,12000000,PAIRED_ROS_CLOCK
C_SHARED_SIM_CLOCK_11008_MONOTONE_SAMPLES,EXACT_KEY_OBSERVED,tracking,0,3030,"(1452948046641, 6, 18110031447199154478, 4, 5, 15, 3027)",1,135735066638878,1,69688000000,1,134613087549345,0,0,0,12000000,PAIRED_ROS_CLOCK
C_SHARED_SIM_CLOCK_11008_MONOTONE_SAMPLES,EXACT_KEY_OBSERVED,tracking,0,3031,"(1452948046641, 6, 18110031447199154478, 4, 5, 15, 3028)",1,135735066638878,1,69704000000,1,134613087549345,0,0,0,12000000,PAIRED_ROS_CLOCK
C_SHARED_SIM_CLOCK_11008_MONOTONE_SAMPLES,EXACT_KEY_OBSERVED,tracking,0,3032,"(1452948046641, 6, 18110031447199154478, 4, 5, 15, 3029)",1,135735066638878,1,69720000000,1,134613087549345,0,0,0,12000000,PAIRED_ROS_CLOCK
C_SHARED_SIM_CLOCK_11008_MONOTONE_SAMPLES,EXACT_KEY_OBSERVED,tracking,0,3033,"(1452948046641, 6, 18110031447199154478, 4, 5, 15, 3030)",1,135735066638878,1,69736000000,1,134613087549345,0,0,0,12000000,PAIRED_ROS_CLOCK
C_SHARED_SIM_CLOCK_11008_MONOTONE_SAMPLES,EXACT_KEY_OBSERVED,tracking,0,3034,"(1452948046641, 6, 18110031447199154478, 4, 5, 15, 3031)",1,135735066638878,1,69752000000,1,134613087549345,0,0,0,12000000,PAIRED_ROS_CLOCK
C_SHARED_SIM_CLOCK_11008_MONOTONE_SAMPLES,EXACT_KEY_OBSERVED,tracking,0,3035,"(1452948046641, 6, 18110031447199154478, 4, 5, 15, 3032)",1,135735066638878,1,69768000000,1,134613087549345,0,0,0,12000000,PAIRED_ROS_CLOCK
C_SHARED_SIM_CLOCK_11008_MONOTONE_SAMPLES,EXACT_KEY_OBSERVED,tracking,0,3036,"(1452948046641, 6, 18110031447199154478, 4, 5, 15, 3033)",1,135735066638878,1,69784000000,1,134613087549345,0,0,0,12000000,PAIRED_ROS_CLOCK
C_SHARED_SIM_CLOCK_11008_MONOTONE_SAMPLES,EXACT_KEY_OBSERVED,tracking,0,3037,"(1452948046641, 6, 18110031447199154478, 4, 5, 15, 3034)",1,135735066638878,1,69800000000,1,134613087549345,0,0,0,12000000,PAIRED_ROS_CLOCK
C_SHARED_SIM_CLOCK_11008_MONOTONE_SAMPLES,EXACT_KEY_OBSERVED,tracking,0,3038,"(1452948046641, 6, 18110031447199154478, 4, 5, 15, 3035)",1,135735066638878,1,69816000000,1,134613087549345,0,0,0,12000000,PAIRED_ROS_CLOCK
C_SHARED_SIM_CLOCK_11008_MONOTONE_SAMPLES,EXACT_KEY_OBSERVED,tracking,0,3039,"(1452948046641, 6, 18110031447199154478, 4, 5, 15, 3036)",1,135735066638878,1,69832000000,1,134613087549345,0,0,0,12000000,PAIRED_ROS_CLOCK
C_SHARED_SIM_CLOCK_11008_MONOTONE_SAMPLES,EXACT_KEY_OBSERVED,tracking,0,3040,"(1452948046641, 6, 18110031447199154478, 4, 5, 15, 3037)",1,135735066638878,1,69848000000,1,134613087549345,0,0,0,12000000,PAIRED_ROS_CLOCK
C_SHARED_SIM_CLOCK_11008_MONOTONE_SAMPLES,EXACT_KEY_OBSERVED,tracking,0,3041,"(1452948046641, 6, 18110031447199154478, 4, 5, 15, 3038)",1,135735066638878,1,69864000000,1,134613087549345,0,0,0,12000000,PAIRED_ROS_CLOCK
C_SHARED_SIM_CLOCK_11008_MONOTONE_SAMPLES,EXACT_KEY_OBSERVED,tracking,0,3042,"(1452948046641, 6, 18110031447199154478, 4, 5, 15, 3039)",1,135735066638878,1,69880000000,1,134613087549345,0,0,0,12000000,PAIRED_ROS_CLOCK
C_SHARED_SIM_CLOCK_11008_MONOTONE_SAMPLES,EXACT_KEY_OBSERVED,tracking,0,3043,"(1452948046641, 6, 18110031447199154478, 4, 5, 15, 3040)",1,135735066638878,1,69896000000,1,134613087549345,0,0,0,12000000,PAIRED_ROS_CLOCK
C_SHARED_SIM_CLOCK_11008_MONOTONE_SAMPLES,EXACT_KEY_OBSERVED,tracking,0,3044,"(1452948046641, 6, 18110031447199154478, 4, 5, 15, 3041)",1,135735066638878,1,69912000000,1,134613087549345,0,0,0,12000000,PAIRED_ROS_CLOCK
C_SHARED_SIM_CLOCK_11008_MONOTONE_SAMPLES,EXACT_KEY_OBSERVED,tracking,0,3045,"(1452948046641, 6, 18110031447199154478, 4, 5, 15, 3042)",1,135735066638878,1,69928000000,1,134613087549345,0,0,0,12000000,PAIRED_ROS_CLOCK
C_SHARED_SIM_CLOCK_11008_MONOTONE_SAMPLES,EXACT_KEY_OBSERVED,tracking,0,3046,"(1452948046641, 6, 18110031447199154478, 4, 5, 15, 3043)",1,135735066638878,1,69944000000,1,134613087549345,0,0,0,12000000,PAIRED_ROS_CLOCK
C_SHARED_SIM_CLOCK_11008_MONOTONE_SAMPLES,EXACT_KEY_OBSERVED,tracking,0,3047,"(1452948046641, 6, 18110031447199154478, 4, 5, 15, 3044)",1,135735066638878,1,69960000000,1,134613087549345,0,0,0,12000000,PAIRED_ROS_CLOCK
C_SHARED_SIM_CLOCK_11008_MONOTONE_SAMPLES,EXACT_KEY_OBSERVED,position_hold,0,3048,"(1452948046641, 6, 18110031447199154478, 4, 5, 15, 3045)",1,135735066638878,1,69976000000,1,134613087549345,0,0,0,12000000,PAIRED_ROS_CLOCK
C_SHARED_SIM_CLOCK_11008_MONOTONE_SAMPLES,EXACT_KEY_OBSERVED,position_hold,0,3049,"(1452948046641, 6, 18110031447199154478, 4, 5, 15, 3046)",1,135735066638878,1,69992000000,1,134613087549345,0,0,0,12000000,PAIRED_ROS_CLOCK
C_SHARED_SIM_CLOCK_11008_MONOTONE_SAMPLES,EXACT_KEY_OBSERVED,position_hold,0,3050,"(1452948046641, 6, 18110031447199154478, 4, 5, 15, 3047)",1,135735066638878,1,70008000000,1,134613087549345,0,0,0,12000000,PAIRED_ROS_CLOCK
C_SHARED_SIM_CLOCK_11008_MONOTONE_SAMPLES,EXACT_KEY_OBSERVED,position_hold,0,3051,"(1452948046641, 6, 18110031447199154478, 4, 5, 15, 3048)",1,135735066638878,1,70024000000,1,134613087549345,0,0,0,12000000,PAIRED_ROS_CLOCK
C_SHARED_SIM_CLOCK_11008_MONOTONE_SAMPLES,EXACT_KEY_OBSERVED,position_hold,0,3052,"(1452948046641, 6, 18110031447199154478, 4, 5, 15, 3049)",1,135735066638878,1,70040000000,1,134613087549345,0,0,0,12000000,PAIRED_ROS_CLOCK
C_SHARED_SIM_CLOCK_11008_MONOTONE_SAMPLES,EXACT_KEY_OBSERVED,position_hold,0,3053,"(1452948046641, 6, 18110031447199154478, 4, 5, 15, 3050)",1,135735066638878,1,70056000000,1,134613087549345,0,0,0,12000000,PAIRED_ROS_CLOCK
C_SHARED_SIM_CLOCK_11008_MONOTONE_SAMPLES,EXACT_KEY_OBSERVED,position_hold,0,3054,"(1452948046641, 6, 18110031447199154478, 4, 5, 15, 3051)",1,135735066638878,1,70072000000,1,134613087549345,0,0,0,12000000,PAIRED_ROS_CLOCK
C_SHARED_SIM_CLOCK_11008_MONOTONE_SAMPLES,EXACT_KEY_OBSERVED,position_hold,0,3055,"(1452948046641, 6, 18110031447199154478, 4, 5, 15, 3052)",1,135735066638878,1,70088000000,1,134613087549345,0,0,0,12000000,PAIRED_ROS_CLOCK
C_SHARED_SIM_CLOCK_11008_MONOTONE_SAMPLES,EXACT_KEY_OBSERVED,position_hold,0,3056,"(1452948046641, 6, 18110031447199154478, 4, 5, 15, 3053)",1,135735066638878,1,70104000000,1,134613087549345,0,0,0,12000000,PAIRED_ROS_CLOCK
C_SHARED_SIM_CLOCK_11008_MONOTONE_SAMPLES,EXACT_KEY_OBSERVED,position_hold,0,3057,"(1452948046641, 6, 18110031447199154478, 4, 5, 15, 3054)",1,135735066638878,1,70120000000,1,134613087549345,0,0,0,12000000,PAIRED_ROS_CLOCK
C_SHARED_SIM_CLOCK_11008_MONOTONE_SAMPLES,EXACT_KEY_OBSERVED,position_hold,0,3058,"(1452948046641, 6, 18110031447199154478, 4, 5, 15, 3055)",1,135735066638878,1,70136000000,1,134613087549345,0,0,0,12000000,PAIRED_ROS_CLOCK
C_SHARED_SIM_CLOCK_11008_MONOTONE_SAMPLES,EXACT_KEY_OBSERVED,position_hold,0,3059,"(1452948046641, 6, 18110031447199154478, 4, 5, 15, 3056)",1,135735066638878,1,70152000000,1,134613087549345,0,0,0,12000000,PAIRED_ROS_CLOCK
C_SHARED_SIM_CLOCK_11008_MONOTONE_SAMPLES,EXACT_KEY_OBSERVED,position_hold,0,3060,"(1452948046641, 6, 18110031447199154478, 4, 5, 15, 3057)",1,135735066638878,1,70168000000,1,134613087549345,0,0,0,12000000,PAIRED_ROS_CLOCK
C_SHARED_SIM_CLOCK_11008_MONOTONE_SAMPLES,EXACT_KEY_OBSERVED,position_hold,0,3061,"(1452948046641, 6, 18110031447199154478, 4, 5, 15, 3058)",1,135735066638878,1,70184000000,1,134613087549345,0,0,0,12000000,PAIRED_ROS_CLOCK
C_SHARED_SIM_CLOCK_11008_MONOTONE_SAMPLES,EXACT_KEY_OBSERVED,position_hold,0,3062,"(1452948046641, 6, 18110031447199154478, 4, 5, 15, 3059)",1,135735066638878,1,70200000000,1,134613087549345,0,0,0,12000000,PAIRED_ROS_CLOCK
C_SHARED_SIM_CLOCK_11008_MONOTONE_SAMPLES,EXACT_KEY_OBSERVED,position_hold,0,3063,"(1452948046641, 6, 18110031447199154478, 4, 5, 15, 3060)",1,135735066638878,1,70216000000,1,134613087549345,0,0,0,12000000,PAIRED_ROS_CLOCK
C_SHARED_SIM_CLOCK_11008_MONOTONE_SAMPLES,EXACT_KEY_OBSERVED,position_hold,0,3064,"(1452948046641, 6, 18110031447199154478, 4, 5, 15, 3061)",1,135735066638878,1,70232000000,1,134613087549345,0,0,0,12000000,PAIRED_ROS_CLOCK
C_SHARED_SIM_CLOCK_11008_MONOTONE_SAMPLES,EXACT_KEY_OBSERVED,position_hold,0,3065,"(1452948046641, 6, 18110031447199154478, 4, 5, 15, 3062)",1,135735066638878,1,70248000000,1,134613087549345,0,0,0,12000000,PAIRED_ROS_CLOCK
C_SHARED_SIM_CLOCK_11008_MONOTONE_SAMPLES,EXACT_KEY_OBSERVED,position_hold,0,3066,"(1452948046641, 6, 18110031447199154478, 4, 5, 15, 3063)",1,135735066638878,1,70264000000,1,134613087549345,0,0,0,12000000,PAIRED_ROS_CLOCK
C_SHARED_SIM_CLOCK_11008_MONOTONE_SAMPLES,EXACT_KEY_OBSERVED,position_hold,0,3067,"(1452948046641, 6, 18110031447199154478, 4, 5, 15, 3064)",1,135735066638878,1,70280000000,1,134613087549345,0,0,0,12000000,PAIRED_ROS_CLOCK
C_SHARED_SIM_CLOCK_11008_MONOTONE_SAMPLES,EXACT_KEY_OBSERVED,position_hold,0,3068,"(1452948046641, 6, 18110031447199154478, 4, 5, 15, 3065)",1,135735066638878,1,70296000000,1,134613087549345,0,0,0,12000000,PAIRED_ROS_CLOCK
C_SHARED_SIM_CLOCK_11008_MONOTONE_SAMPLES,EXACT_KEY_OBSERVED,position_hold,0,3069,"(1452948046641, 6, 18110031447199154478, 4, 5, 15, 3066)",1,135735066638878,1,70312000000,1,134613087549345,0,0,0,12000000,PAIRED_ROS_CLOCK
C_SHARED_SIM_CLOCK_11008_MONOTONE_SAMPLES,EXACT_KEY_OBSERVED,position_hold,0,3070,"(1452948046641, 6, 18110031447199154478, 4, 5, 15, 3067)",1,135735066638878,1,70328000000,1,134613087549345,0,0,0,12000000,PAIRED_ROS_CLOCK
C_SHARED_SIM_CLOCK_11008_MONOTONE_SAMPLES,EXACT_KEY_OBSERVED,position_hold,0,3071,"(1452948046641, 6, 18110031447199154478, 4, 5, 15, 3068)",1,135735066638878,1,70344000000,1,134613087549345,0,0,0,12000000,PAIRED_ROS_CLOCK
C_SHARED_SIM_CLOCK_11008_MONOTONE_SAMPLES,EXACT_KEY_OBSERVED,position_hold,0,3072,"(1452948046641, 6, 18110031447199154478, 4, 5, 15, 3069)",1,135735066638878,1,70360000000,1,134613087549345,0,0,0,12000000,PAIRED_ROS_CLOCK
C_SHARED_SIM_CLOCK_11008_MONOTONE_SAMPLES,EXACT_KEY_OBSERVED,position_hold,0,3073,"(1452948046641, 6, 18110031447199154478, 4, 5, 15, 3070)",1,135735066638878,1,70376000000,1,134613087549345,0,0,0,12000000,PAIRED_ROS_CLOCK
C_SHARED_SIM_CLOCK_11008_MONOTONE_SAMPLES,EXACT_KEY_OBSERVED,position_hold,0,3074,"(1452948046641, 6, 18110031447199154478, 4, 5, 15, 3071)",1,135735066638878,1,70392000000,1,134613087549345,0,0,0,12000000,PAIRED_ROS_CLOCK
C_SHARED_SIM_CLOCK_11008_MONOTONE_SAMPLES,EXACT_KEY_OBSERVED,position_hold,0,3075,"(1452948046641, 6, 18110031447199154478, 4, 5, 15, 3072)",1,135735066638878,1,70408000000,1,134613087549345,0,0,0,12000000,PAIRED_ROS_CLOCK
C_SHARED_SIM_CLOCK_11008_MONOTONE_SAMPLES,EXACT_KEY_OBSERVED,position_hold,0,3076,"(1452948046641, 6, 18110031447199154478, 4, 5, 15, 3073)",1,135735066638878,1,70424000000,1,134613087549345,0,0,0,12000000,PAIRED_ROS_CLOCK
C_SHARED_SIM_CLOCK_11008_MONOTONE_SAMPLES,EXACT_KEY_OBSERVED,position_hold,0,3077,"(1452948046641, 6, 18110031447199154478, 4, 5, 15, 3074)",1,135735066638878,1,70440000000,1,134613087549345,0,0,0,12000000,PAIRED_ROS_CLOCK
C_SHARED_SIM_CLOCK_11008_MONOTONE_SAMPLES,EXACT_KEY_OBSERVED,position_hold,0,3078,"(1452948046641, 6, 18110031447199154478, 4, 5, 15, 3075)",1,135735066638878,1,70456000000,1,134613087549345,0,0,0,12000000,PAIRED_ROS_CLOCK
C_SHARED_SIM_CLOCK_11008_MONOTONE_SAMPLES,EXACT_KEY_OBSERVED,position_hold,0,3079,"(1452948046641, 6, 18110031447199154478, 4, 5, 15, 3076)",1,135735066638878,1,70472000000,1,134613087549345,0,0,0,12000000,PAIRED_ROS_CLOCK
C_SHARED_SIM_CLOCK_11008_MONOTONE_SAMPLES,EXACT_KEY_OBSERVED,position_hold,0,3080,"(1452948046641, 6, 18110031447199154478, 4, 5, 15, 3077)",1,135735066638878,1,70488000000,1,134613087549345,0,0,0,12000000,PAIRED_ROS_CLOCK
C_SHARED_SIM_CLOCK_11008_MONOTONE_SAMPLES,NOT_OBSERVED,,,,"(1452948046641, 6, 18110031447199154478, 4, 5, 15, 3078)",1,135735066638878,1,70504000000,2,134613087549345,2,0,0,,PAIRED_ROS_CLOCK
C_SHARED_SIM_CLOCK_11008_MONOTONE_SAMPLES,NOT_OBSERVED,,,,"(1452948046641, 6, 18110031447199154478, 4, 5, 15, 3079)",1,135735066638878,1,70532000000,2,134613087549345,2,12000000,12000000,,PAIRED_ROS_CLOCK
C_SHARED_SIM_CLOCK_11008_MONOTONE_SAMPLES,NOT_OBSERVED,,,,"(1452948046641, 6, 18110031447199154478, 4, 5, 15, 3080)",1,135735066638878,1,70536000000,2,134613087549345,2,0,0,,PAIRED_ROS_CLOCK
C_SHARED_SIM_CLOCK_11008_MONOTONE_SAMPLES,NOT_OBSERVED,,,,"(1452948046641, 6, 18110031447199154478, 4, 5, 15, 3081)",1,135735066638878,1,70552000000,2,134613087549345,2,0,0,,PAIRED_ROS_CLOCK
C_SHARED_SIM_CLOCK_11008_MONOTONE_SAMPLES,NOT_OBSERVED,,,,"(1452948046641, 6, 18110031447199154478, 4, 5, 15, 3082)",1,135735066638878,1,70568000000,2,134613087549345,2,0,0,,PAIRED_ROS_CLOCK
C_SHARED_SIM_CLOCK_11008_MONOTONE_SAMPLES,NOT_OBSERVED,,,,"(1452948046641, 6, 18110031447199154478, 4, 5, 15, 3083)",1,135735066638878,1,70584000000,2,134613087549345,2,0,0,,PAIRED_ROS_CLOCK
C_SHARED_SIM_CLOCK_11008_MONOTONE_SAMPLES,NOT_OBSERVED,,,,"(1452948046641, 6, 18110031447199154478, 4, 5, 15, 3084)",1,135735066638878,1,70600000000,2,134613087549345,2,0,0,,PAIRED_ROS_CLOCK
C_SHARED_SIM_CLOCK_11008_MONOTONE_SAMPLES,NOT_OBSERVED,,,,"(1452948046641, 6, 18110031447199154478, 4, 5, 15, 3085)",1,135735066638878,1,70616000000,2,134613087549345,2,0,0,,PAIRED_ROS_CLOCK
C_SHARED_SIM_CLOCK_11008_MONOTONE_SAMPLES,NOT_OBSERVED,,,,"(1452948046641, 6, 18110031447199154478, 4, 5, 15, 3086)",1,135735066638878,1,70632000000,2,134613087549345,2,0,0,,PAIRED_ROS_CLOCK
C_SHARED_SIM_CLOCK_11008_MONOTONE_SAMPLES,NOT_OBSERVED,,,,"(1452948046641, 6, 18110031447199154478, 4, 5, 15, 3087)",1,135735066638878,1,70648000000,2,134613087549345,2,0,0,,PAIRED_ROS_CLOCK
C_SHARED_SIM_CLOCK_11008_MONOTONE_SAMPLES,NOT_OBSERVED,,,,"(1452948046641, 6, 18110031447199154478, 4, 5, 15, 3088)",1,135735066638878,1,70664000000,2,134613087549345,2,0,0,,PAIRED_ROS_CLOCK
C_SHARED_SIM_CLOCK_11008_MONOTONE_SAMPLES,NOT_OBSERVED,,,,"(1452948046641, 6, 18110031447199154478, 4, 5, 15, 3089)",1,135735066638878,1,70680000000,2,134613087549345,2,0,0,,PAIRED_ROS_CLOCK
C_SHARED_SIM_CLOCK_11008_MONOTONE_SAMPLES,NOT_OBSERVED,,,,"(1452948046641, 6, 18110031447199154478, 4, 5, 15, 3090)",1,135735066638878,1,70696000000,2,134613087549345,2,0,0,,PAIRED_ROS_CLOCK
C_SHARED_SIM_CLOCK_11008_MONOTONE_SAMPLES,NOT_OBSERVED,,,,"(1452948046641, 6, 18110031447199154478, 4, 5, 15, 3091)",1,135735066638878,1,70712000000,2,134613087549345,2,0,0,,PAIRED_ROS_CLOCK
C_SHARED_SIM_CLOCK_11008_MONOTONE_SAMPLES,NOT_OBSERVED,,,,"(1452948046641, 6, 18110031447199154478, 4, 5, 15, 3092)",1,135735066638878,1,70728000000,2,134613087549345,2,0,0,,PAIRED_ROS_CLOCK
C_SHARED_SIM_CLOCK_11008_MONOTONE_SAMPLES,NOT_OBSERVED,,,,"(1452948046641, 6, 18110031447199154478, 4, 5, 15, 3093)",1,135735066638878,1,70744000000,2,134613087549345,2,0,0,,PAIRED_ROS_CLOCK
C_SHARED_SIM_CLOCK_11008_MONOTONE_SAMPLES,NOT_OBSERVED,,,,"(1452948046641, 6, 18110031447199154478, 4, 5, 15, 3094)",1,135735066638878,1,70760000000,2,134613087549345,2,0,0,,PAIRED_ROS_CLOCK
C_SHARED_SIM_CLOCK_11008_MONOTONE_SAMPLES,NOT_OBSERVED,,,,"(1452948046641, 6, 18110031447199154478, 4, 5, 15, 3095)",1,135735066638878,1,70776000000,2,134613087549345,2,0,0,,PAIRED_ROS_CLOCK
C_SHARED_SIM_CLOCK_11008_MONOTONE_SAMPLES,NOT_OBSERVED,,,,"(1452948046641, 6, 18110031447199154478, 4, 5, 15, 3096)",1,135735066638878,1,70792000000,2,134613087549345,2,0,0,,PAIRED_ROS_CLOCK
C_SHARED_SIM_CLOCK_11008_MONOTONE_SAMPLES,NOT_OBSERVED,,,,"(1452948046641, 6, 18110031447199154478, 4, 5, 15, 3097)",1,135735066638878,1,70808000000,2,134613087549345,2,0,0,,PAIRED_ROS_CLOCK
C_SHARED_SIM_CLOCK_11008_MONOTONE_SAMPLES,NOT_OBSERVED,,,,"(1452948046641, 6, 18110031447199154478, 4, 5, 15, 3098)",1,135735066638878,1,70824000000,2,134613087549345,2,0,0,,PAIRED_ROS_CLOCK
C_SHARED_SIM_CLOCK_11008_MONOTONE_SAMPLES,NOT_OBSERVED,,,,"(1452948046641, 6, 18110031447199154478, 4, 5, 15, 3099)",1,135735066638878,1,70840000000,2,134613087549345,2,0,0,,PAIRED_ROS_CLOCK
C_SHARED_SIM_CLOCK_11008_MONOTONE_SAMPLES,NOT_OBSERVED,,,,"(1452948046641, 6, 18110031447199154478, 4, 5, 15, 3100)",1,135735066638878,1,70856000000,2,134613087549345,2,0,0,,PAIRED_ROS_CLOCK
C_SHARED_SIM_CLOCK_11008_MONOTONE_SAMPLES,NOT_OBSERVED,,,,"(1452948046641, 6, 18110031447199154478, 4, 5, 15, 3101)",1,135735066638878,1,70872000000,2,134613087549345,2,0,0,,PAIRED_ROS_CLOCK
C_SHARED_SIM_CLOCK_11008_MONOTONE_SAMPLES,NOT_OBSERVED,,,,"(1452948046641, 6, 18110031447199154478, 4, 5, 15, 3102)",1,135735066638878,1,70888000000,2,134613087549345,2,0,0,,PAIRED_ROS_CLOCK
C_SHARED_SIM_CLOCK_11008_MONOTONE_SAMPLES,NOT_OBSERVED,,,,"(1452948046641, 6, 18110031447199154478, 4, 5, 15, 3103)",1,135735066638878,1,70904000000,2,134613087549345,2,0,0,,PAIRED_ROS_CLOCK
C_SHARED_SIM_CLOCK_11008_MONOTONE_SAMPLES,NOT_OBSERVED,,,,"(1452948046641, 6, 18110031447199154478, 4, 5, 15, 3104)",1,135735066638878,1,70920000000,2,134613087549345,2,0,0,,PAIRED_ROS_CLOCK
C_SHARED_SIM_CLOCK_11008_MONOTONE_SAMPLES,NOT_OBSERVED,,,,"(1452948046641, 6, 18110031447199154478, 4, 5, 15, 3105)",1,135735066638878,1,70936000000,2,134613087549345,2,0,0,,PAIRED_ROS_CLOCK
C_SHARED_SIM_CLOCK_11008_MONOTONE_SAMPLES,NOT_OBSERVED,,,,"(1452948046641, 6, 18110031447199154478, 4, 5, 15, 3106)",1,135735066638878,1,70952000000,2,134613087549345,2,0,0,,PAIRED_ROS_CLOCK
C_SHARED_SIM_CLOCK_11008_MONOTONE_SAMPLES,NOT_OBSERVED,,,,"(1452948046641, 6, 18110031447199154478, 4, 5, 15, 3107)",1,135735066638878,1,70968000000,2,134613087549345,2,0,0,,PAIRED_ROS_CLOCK
C_SHARED_SIM_CLOCK_11008_MONOTONE_SAMPLES,NOT_OBSERVED,,,,"(1452948046641, 6, 18110031447199154478, 4, 5, 15, 3108)",1,135735066638878,1,70984000000,2,134613087549345,2,0,0,,PAIRED_ROS_CLOCK
C_SHARED_SIM_CLOCK_11008_MONOTONE_SAMPLES,NOT_OBSERVED,,,,"(1452948046641, 6, 18110031447199154478, 4, 5, 15, 3109)",1,135735066638878,1,71000000000,2,134613087549345,2,0,0,,PAIRED_ROS_CLOCK
C_SHARED_SIM_CLOCK_11008_MONOTONE_SAMPLES,NOT_OBSERVED,,,,"(1452948046641, 6, 18110031447199154478, 4, 5, 15, 3110)",1,135735066638878,1,71016000000,2,134613087549345,2,0,0,,PAIRED_ROS_CLOCK
C_SHARED_SIM_CLOCK_11008_MONOTONE_SAMPLES,NOT_OBSERVED,,,,"(1452948046641, 6, 18110031447199154478, 4, 5, 15, 3111)",1,135735066638878,1,71032000000,2,134613087549345,2,0,0,,PAIRED_ROS_CLOCK
C_SHARED_SIM_CLOCK_11008_MONOTONE_SAMPLES,NOT_OBSERVED,,,,"(1452948046641, 6, 18110031447199154478, 4, 5, 15, 3112)",1,135735066638878,1,71048000000,2,134613087549345,2,0,0,,PAIRED_ROS_CLOCK
C_SHARED_SIM_CLOCK_11008_MONOTONE_SAMPLES,NOT_OBSERVED,,,,"(1452948046641, 6, 18110031447199154478, 4, 5, 15, 3113)",1,135735066638878,1,71064000000,2,134613087549345,2,0,0,,PAIRED_ROS_CLOCK
C_SHARED_SIM_CLOCK_11008_MONOTONE_SAMPLES,NOT_OBSERVED,,,,"(1452948046641, 6, 18110031447199154478, 4, 5, 15, 3114)",1,135735066638878,1,71080000000,2,134613087549345,2,0,0,,PAIRED_ROS_CLOCK
C_SHARED_SIM_CLOCK_11008_MONOTONE_SAMPLES,NOT_OBSERVED,,,,"(1452948046641, 6, 18110031447199154478, 4, 5, 15, 3115)",1,135735066638878,1,71096000000,2,134613087549345,2,0,0,,PAIRED_ROS_CLOCK
C_SHARED_SIM_CLOCK_11008_MONOTONE_SAMPLES,NOT_OBSERVED,,,,"(1452948046641, 6, 18110031447199154478, 4, 5, 15, 3116)",1,135735066638878,1,71112000000,2,134613087549345,2,0,0,,PAIRED_ROS_CLOCK
C_SHARED_SIM_CLOCK_11008_MONOTONE_SAMPLES,NOT_OBSERVED,,,,"(1452948046641, 6, 18110031447199154478, 4, 5, 15, 3117)",1,135735066638878,1,71128000000,2,134613087549345,2,0,0,,PAIRED_ROS_CLOCK
C_SHARED_SIM_CLOCK_11008_MONOTONE_SAMPLES,NOT_OBSERVED,,,,"(1452948046641, 6, 18110031447199154478, 4, 5, 15, 3118)",1,135735066638878,1,71144000000,2,134613087549345,2,0,0,,PAIRED_ROS_CLOCK
C_SHARED_SIM_CLOCK_11008_MONOTONE_SAMPLES,NOT_OBSERVED,,,,"(1452948046641, 6, 18110031447199154478, 4, 5, 15, 3119)",1,135735066638878,1,71160000000,2,134613087549345,2,0,0,,PAIRED_ROS_CLOCK
C_SHARED_SIM_CLOCK_11008_MONOTONE_SAMPLES,NOT_OBSERVED,,,,"(1452948046641, 6, 18110031447199154478, 4, 5, 15, 3120)",1,135735066638878,1,71176000000,2,134613087549345,2,0,0,,PAIRED_ROS_CLOCK
C_SHARED_SIM_CLOCK_11008_MONOTONE_SAMPLES,NOT_OBSERVED,,,,"(1452948046641, 6, 18110031447199154478, 4, 5, 15, 3121)",1,135735066638878,1,71192000000,2,134613087549345,2,0,0,,PAIRED_ROS_CLOCK
C_SHARED_SIM_CLOCK_11008_MONOTONE_SAMPLES,NOT_OBSERVED,,,,"(1452948046641, 6, 18110031447199154478, 4, 5, 15, 3122)",1,135735066638878,1,71208000000,2,134613087549345,2,0,0,,PAIRED_ROS_CLOCK
C_SHARED_SIM_CLOCK_11008_MONOTONE_SAMPLES,NOT_OBSERVED,,,,"(1452948046641, 6, 18110031447199154478, 4, 5, 15, 3123)",1,135735066638878,1,71224000000,2,134613087549345,2,0,0,,PAIRED_ROS_CLOCK
C_SHARED_SIM_CLOCK_11008_MONOTONE_SAMPLES,NOT_OBSERVED,,,,"(1452948046641, 6, 18110031447199154478, 4, 5, 15, 3124)",1,135735066638878,1,71240000000,2,134613087549345,2,0,0,,PAIRED_ROS_CLOCK
C_SHARED_SIM_CLOCK_11008_MONOTONE_SAMPLES,NOT_OBSERVED,,,,"(1452948046641, 6, 18110031447199154478, 4, 5, 15, 3125)",1,135735066638878,1,71256000000,2,134613087549345,2,0,0,,PAIRED_ROS_CLOCK
C_SHARED_SIM_CLOCK_11008_MONOTONE_SAMPLES,NOT_OBSERVED,,,,"(1452948046641, 6, 18110031447199154478, 4, 5, 15, 3126)",1,135735066638878,1,71272000000,2,134613087549345,2,0,0,,PAIRED_ROS_CLOCK
C_SHARED_SIM_CLOCK_11008_MONOTONE_SAMPLES,NOT_OBSERVED,,,,"(1452948046641, 6, 18110031447199154478, 4, 5, 15, 3127)",1,135735066638878,1,71288000000,2,134613087549345,2,0,0,,PAIRED_ROS_CLOCK
C_SHARED_SIM_CLOCK_11008_MONOTONE_SAMPLES,NOT_OBSERVED,,,,"(1452948046641, 6, 18110031447199154478, 4, 5, 15, 3128)",1,135735066638878,1,71304000000,2,134613087549345,2,0,0,,PAIRED_ROS_CLOCK
C_SHARED_SIM_CLOCK_11008_MONOTONE_SAMPLES,NOT_OBSERVED,,,,"(1452948046641, 6, 18110031447199154478, 4, 5, 15, 3129)",1,135735066638878,1,71320000000,2,134613087549345,2,0,0,,PAIRED_ROS_CLOCK
C_SHARED_SIM_CLOCK_11008_MONOTONE_SAMPLES,NOT_OBSERVED,,,,"(1452948046641, 6, 18110031447199154478, 4, 5, 15, 3130)",1,135735066638878,1,71336000000,2,134613087549345,2,0,0,,PAIRED_ROS_CLOCK
C_SHARED_SIM_CLOCK_11008_MONOTONE_SAMPLES,NOT_OBSERVED,,,,"(1452948046641, 6, 18110031447199154478, 4, 5, 15, 3131)",1,135735066638878,1,71352000000,2,134613087549345,2,0,0,,PAIRED_ROS_CLOCK
C_SHARED_SIM_CLOCK_11008_MONOTONE_SAMPLES,NOT_OBSERVED,,,,"(1452948046641, 6, 18110031447199154478, 4, 5, 15, 3132)",1,135735066638878,1,71368000000,2,134613087549345,2,0,0,,PAIRED_ROS_CLOCK
C_SHARED_SIM_CLOCK_11008_MONOTONE_SAMPLES,NOT_OBSERVED,,,,"(1452948046641, 6, 18110031447199154478, 4, 5, 15, 3133)",1,135735066638878,1,71384000000,2,134613087549345,2,0,0,,PAIRED_ROS_CLOCK
C_SHARED_SIM_CLOCK_11008_MONOTONE_SAMPLES,NOT_OBSERVED,,,,"(1452948046641, 6, 18110031447199154478, 4, 5, 15, 3134)",1,135735066638878,1,71400000000,2,134613087549345,2,0,0,,PAIRED_ROS_CLOCK
C_SHARED_SIM_CLOCK_11008_MONOTONE_SAMPLES,NOT_OBSERVED,,,,"(1452948046641, 6, 18110031447199154478, 4, 5, 15, 3135)",1,135735066638878,1,71416000000,2,134613087549345,2,0,0,,PAIRED_ROS_CLOCK
C_SHARED_SIM_CLOCK_11008_MONOTONE_SAMPLES,NOT_OBSERVED,,,,"(1452948046641, 6, 18110031447199154478, 4, 5, 15, 3136)",1,135735066638878,1,71432000000,2,134613087549345,2,0,0,,PAIRED_ROS_CLOCK
C_SHARED_SIM_CLOCK_11008_MONOTONE_SAMPLES,NOT_OBSERVED,,,,"(1452948046641, 6, 18110031447199154478, 4, 5, 15, 3137)",1,135735066638878,1,71448000000,2,134613087549345,2,0,0,,PAIRED_ROS_CLOCK
C_SHARED_SIM_CLOCK_11008_MONOTONE_SAMPLES,NOT_OBSERVED,,,,"(1452948046641, 6, 18110031447199154478, 4, 5, 15, 3138)",1,135735066638878,1,71464000000,2,134613087549345,2,0,0,,PAIRED_ROS_CLOCK
C_SHARED_SIM_CLOCK_11008_MONOTONE_SAMPLES,NOT_OBSERVED,,,,"(1452948046641, 6, 18110031447199154478, 4, 5, 15, 3139)",1,135735066638878,1,71480000000,2,134613087549345,2,0,0,,PAIRED_ROS_CLOCK
C_SHARED_SIM_CLOCK_11008_MONOTONE_SAMPLES,NOT_OBSERVED,,,,"(1452948046641, 6, 18110031447199154478, 4, 5, 15, 3140)",1,135735066638878,1,71496000000,2,134613087549345,2,0,0,,PAIRED_ROS_CLOCK
C_SHARED_SIM_CLOCK_11008_MONOTONE_SAMPLES,NOT_OBSERVED,,,,"(1452948046641, 6, 18110031447199154478, 4, 5, 15, 3141)",1,135735066638878,1,71512000000,2,134613087549345,2,0,0,,PAIRED_ROS_CLOCK
C_SHARED_SIM_CLOCK_11008_MONOTONE_SAMPLES,NOT_OBSERVED,,,,"(1452948046641, 6, 18110031447199154478, 4, 5, 15, 3142)",1,135735066638878,1,71528000000,2,134613087549345,2,0,0,,PAIRED_ROS_CLOCK
C_SHARED_SIM_CLOCK_11008_MONOTONE_SAMPLES,NOT_OBSERVED,,,,"(1452948046641, 6, 18110031447199154478, 4, 5, 15, 3143)",1,135735066638878,1,71544000000,2,134613087549345,2,0,0,,PAIRED_ROS_CLOCK
C_SHARED_SIM_CLOCK_11008_MONOTONE_SAMPLES,NOT_OBSERVED,,,,"(1452948046641, 6, 18110031447199154478, 4, 5, 15, 3144)",1,135735066638878,1,71560000000,2,134613087549345,2,0,0,,PAIRED_ROS_CLOCK
C_SHARED_SIM_CLOCK_11008_MONOTONE_SAMPLES,NOT_OBSERVED,,,,"(1452948046641, 6, 18110031447199154478, 4, 5, 15, 3145)",1,135735066638878,1,71576000000,2,134613087549345,2,0,0,,PAIRED_ROS_CLOCK
C_SHARED_SIM_CLOCK_11008_MONOTONE_SAMPLES,NOT_OBSERVED,,,,"(1452948046641, 6, 18110031447199154478, 4, 5, 15, 3146)",1,135735066638878,1,71592000000,2,134613087549345,2,0,0,,PAIRED_ROS_CLOCK
C_SHARED_SIM_CLOCK_11008_MONOTONE_SAMPLES,NOT_OBSERVED,,,,"(1452948046641, 6, 18110031447199154478, 4, 5, 15, 3147)",1,135735066638878,1,71608000000,2,134613087549345,2,0,0,,PAIRED_ROS_CLOCK
C_SHARED_SIM_CLOCK_11008_MONOTONE_SAMPLES,NOT_OBSERVED,,,,"(1452948046641, 6, 18110031447199154478, 4, 5, 15, 3148)",1,135735066638878,1,71624000000,2,134613087549345,2,0,0,,PAIRED_ROS_CLOCK
C_SHARED_SIM_CLOCK_11008_MONOTONE_SAMPLES,NOT_OBSERVED,,,,"(1452948046641, 6, 18110031447199154478, 4, 5, 15, 3149)",1,135735066638878,1,71640000000,2,134613087549345,2,0,0,,PAIRED_ROS_CLOCK
C_SHARED_SIM_CLOCK_11008_MONOTONE_SAMPLES,NOT_OBSERVED,,,,"(1452948046641, 6, 18110031447199154478, 4, 5, 15, 3150)",1,135735066638878,1,71656000000,2,134613087549345,2,0,0,,PAIRED_ROS_CLOCK
C_SHARED_SIM_CLOCK_11008_MONOTONE_SAMPLES,NOT_OBSERVED,,,,"(1452948046641, 6, 18110031447199154478, 4, 5, 15, 3151)",1,135735066638878,1,71672000000,2,134613087549345,2,0,0,,PAIRED_ROS_CLOCK
C_SHARED_SIM_CLOCK_11008_MONOTONE_SAMPLES,NOT_OBSERVED,,,,"(1452948046641, 6, 18110031447199154478, 4, 5, 15, 3152)",1,135735066638878,1,71688000000,2,134613087549345,2,0,0,,PAIRED_ROS_CLOCK
C_SHARED_SIM_CLOCK_11008_MONOTONE_SAMPLES,NOT_OBSERVED,,,,"(1452948046641, 6, 18110031447199154478, 4, 5, 15, 3153)",1,135735066638878,1,71704000000,2,134613087549345,2,0,0,,PAIRED_ROS_CLOCK
C_SHARED_SIM_CLOCK_11008_MONOTONE_SAMPLES,NOT_OBSERVED,,,,"(1452948046641, 6, 18110031447199154478, 4, 5, 15, 3154)",1,135735066638878,1,71720000000,2,134613087549345,2,0,0,,PAIRED_ROS_CLOCK
C_SHARED_SIM_CLOCK_11008_MONOTONE_SAMPLES,NOT_OBSERVED,,,,"(1452948046641, 6, 18110031447199154478, 4, 5, 15, 3155)",1,135735066638878,1,71736000000,2,134613087549345,2,0,0,,PAIRED_ROS_CLOCK
C_SHARED_SIM_CLOCK_11008_MONOTONE_SAMPLES,NOT_OBSERVED,,,,"(1452948046641, 6, 18110031447199154478, 4, 5, 15, 3156)",1,135735066638878,1,71752000000,2,134613087549345,2,0,0,,PAIRED_ROS_CLOCK
C_SHARED_SIM_CLOCK_11008_MONOTONE_SAMPLES,NOT_OBSERVED,,,,"(1452948046641, 6, 18110031447199154478, 4, 5, 15, 3157)",1,135735066638878,1,71768000000,2,134613087549345,2,0,0,,PAIRED_ROS_CLOCK
C_SHARED_SIM_CLOCK_11008_MONOTONE_SAMPLES,NOT_OBSERVED,,,,"(1452948046641, 6, 18110031447199154478, 4, 5, 15, 3158)",1,135735066638878,1,71784000000,2,134613087549345,2,0,0,,PAIRED_ROS_CLOCK
C_SHARED_SIM_CLOCK_11008_MONOTONE_SAMPLES,NOT_OBSERVED,,,,"(1452948046641, 6, 18110031447199154478, 4, 5, 15, 3159)",1,135735066638878,1,71800000000,2,134613087549345,2,0,0,,PAIRED_ROS_CLOCK
C_SHARED_SIM_CLOCK_11008_MONOTONE_SAMPLES,NOT_OBSERVED,,,,"(1452948046641, 6, 18110031447199154478, 4, 5, 15, 3160)",1,135735066638878,1,71816000000,2,134613087549345,2,0,0,,PAIRED_ROS_CLOCK
C_SHARED_SIM_CLOCK_11008_MONOTONE_SAMPLES,NOT_OBSERVED,,,,"(1452948046641, 6, 18110031447199154478, 4, 5, 15, 3161)",1,135735066638878,1,71832000000,2,134613087549345,2,0,0,,PAIRED_ROS_CLOCK
C_SHARED_SIM_CLOCK_11008_MONOTONE_SAMPLES,NOT_OBSERVED,,,,"(1452948046641, 6, 18110031447199154478, 4, 5, 15, 3162)",1,135735066638878,1,71848000000,2,134613087549345,2,0,0,,PAIRED_ROS_CLOCK
C_SHARED_SIM_CLOCK_11008_MONOTONE_SAMPLES,NOT_OBSERVED,,,,"(1452948046641, 6, 18110031447199154478, 4, 5, 15, 3163)",1,135735066638878,1,71864000000,2,134613087549345,2,0,0,,PAIRED_ROS_CLOCK
C_SHARED_SIM_CLOCK_11008_MONOTONE_SAMPLES,NOT_OBSERVED,,,,"(1452948046641, 6, 18110031447199154478, 4, 5, 15, 3164)",1,135735066638878,1,71880000000,2,134613087549345,2,0,0,,PAIRED_ROS_CLOCK
C_SHARED_SIM_CLOCK_11008_MONOTONE_SAMPLES,NOT_OBSERVED,,,,"(1452948046641, 6, 18110031447199154478, 4, 5, 15, 3165)",1,135735066638878,1,71896000000,2,134613087549345,2,0,0,,PAIRED_ROS_CLOCK
C_SHARED_SIM_CLOCK_11008_MONOTONE_SAMPLES,NOT_OBSERVED,,,,"(1452948046641, 6, 18110031447199154478, 4, 5, 15, 3166)",1,135735066638878,1,71912000000,2,134613087549345,2,0,0,,PAIRED_ROS_CLOCK
C_SHARED_SIM_CLOCK_11008_MONOTONE_SAMPLES,NOT_OBSERVED,,,,"(1452948046641, 6, 18110031447199154478, 4, 5, 15, 3167)",1,135735066638878,1,71928000000,2,134613087549345,2,0,0,,PAIRED_ROS_CLOCK
C_SHARED_SIM_CLOCK_11008_MONOTONE_SAMPLES,NOT_OBSERVED,,,,"(1452948046641, 6, 18110031447199154478, 4, 5, 15, 3168)",1,135735066638878,1,71944000000,2,134613087549345,2,0,0,,PAIRED_ROS_CLOCK
C_SHARED_SIM_CLOCK_11008_MONOTONE_SAMPLES,NOT_OBSERVED,,,,"(1452948046641, 6, 18110031447199154478, 4, 5, 15, 3169)",1,135735066638878,1,71960000000,2,134613087549345,2,0,0,,PAIRED_ROS_CLOCK
C_SHARED_SIM_CLOCK_11008_MONOTONE_SAMPLES,NOT_OBSERVED,,,,"(1452948046641, 6, 18110031447199154478, 4, 5, 15, 3170)",1,135735066638878,1,71976000000,2,134613087549345,2,0,0,,PAIRED_ROS_CLOCK
C_SHARED_SIM_CLOCK_11008_MONOTONE_SAMPLES,NOT_OBSERVED,,,,"(1452948046641, 6, 18110031447199154478, 4, 5, 15, 3171)",1,135735066638878,1,71992000000,2,134613087549345,2,0,0,,PAIRED_ROS_CLOCK
C_SHARED_SIM_CLOCK_11008_MONOTONE_SAMPLES,NOT_OBSERVED,,,,"(1452948046641, 6, 18110031447199154478, 4, 5, 15, 3172)",1,135735066638878,1,72008000000,2,134613087549345,2,0,0,,PAIRED_ROS_CLOCK
C_SHARED_SIM_CLOCK_11008_MONOTONE_SAMPLES,NOT_OBSERVED,,,,"(1452948046641, 6, 18110031447199154478, 4, 5, 15, 3173)",1,135735066638878,1,72024000000,2,134613087549345,2,0,0,,PAIRED_ROS_CLOCK
C_SHARED_SIM_CLOCK_11008_MONOTONE_SAMPLES,NOT_OBSERVED,,,,"(1452948046641, 6, 18110031447199154478, 4, 5, 15, 3174)",1,135735066638878,1,72040000000,2,134613087549345,2,0,0,,PAIRED_ROS_CLOCK
C_SHARED_SIM_CLOCK_11008_MONOTONE_SAMPLES,NOT_OBSERVED,,,,"(1452948046641, 6, 18110031447199154478, 4, 5, 15, 3175)",1,135735066638878,1,72056000000,2,134613087549345,2,0,0,,PAIRED_ROS_CLOCK
C_SHARED_SIM_CLOCK_11008_MONOTONE_SAMPLES,NOT_OBSERVED,,,,"(1452948046641, 6, 18110031447199154478, 4, 5, 15, 3176)",1,135735066638878,1,72072000000,2,134613087549345,2,0,0,,PAIRED_ROS_CLOCK
C_SHARED_SIM_CLOCK_11008_MONOTONE_SAMPLES,NOT_OBSERVED,,,,"(1452948046641, 6, 18110031447199154478, 4, 5, 15, 3177)",1,135735066638878,1,72088000000,2,134613087549345,2,0,0,,PAIRED_ROS_CLOCK
C_SHARED_SIM_CLOCK_11008_MONOTONE_SAMPLES,NOT_OBSERVED,,,,"(1452948046641, 6, 18110031447199154478, 4, 5, 15, 3178)",1,135735066638878,1,72104000000,2,134613087549345,2,0,0,,PAIRED_ROS_CLOCK
C_SHARED_SIM_CLOCK_11008_MONOTONE_SAMPLES,NOT_OBSERVED,,,,"(1452948046641, 6, 18110031447199154478, 4, 5, 15, 3179)",1,135735066638878,1,72120000000,2,134613087549345,2,0,0,,PAIRED_ROS_CLOCK
C_SHARED_SIM_CLOCK_11008_MONOTONE_SAMPLES,NOT_OBSERVED,,,,"(1452948046641, 6, 18110031447199154478, 4, 5, 15, 3180)",1,135735066638878,1,72136000000,2,134613087549345,2,0,0,,PAIRED_ROS_CLOCK
C_SHARED_SIM_CLOCK_11008_MONOTONE_SAMPLES,NOT_OBSERVED,,,,"(1452948046641, 6, 18110031447199154478, 4, 5, 15, 3181)",1,135735066638878,1,72152000000,2,134613087549345,2,0,0,,PAIRED_ROS_CLOCK
C_SHARED_SIM_CLOCK_11008_MONOTONE_SAMPLES,NOT_OBSERVED,,,,"(1452948046641, 6, 18110031447199154478, 4, 5, 15, 3183)",1,135735066638878,1,72184000000,2,134613087549345,2,0,0,,PAIRED_ROS_CLOCK
C_SHARED_SIM_CLOCK_11008_MONOTONE_SAMPLES,NOT_OBSERVED,,,,"(1452948046641, 6, 18110031447199154478, 4, 5, 15, 3184)",1,135735066638878,1,72200000000,2,134613087549345,2,0,0,,PAIRED_ROS_CLOCK
C_SHARED_SIM_CLOCK_11008_MONOTONE_SAMPLES,NOT_OBSERVED,,,,"(1452948046641, 6, 18110031447199154478, 4, 5, 15, 3185)",1,135735066638878,1,72216000000,2,134613087549345,2,0,0,,PAIRED_ROS_CLOCK
C_SHARED_SIM_CLOCK_11008_MONOTONE_SAMPLES,NOT_OBSERVED,,,,"(1452948046641, 6, 18110031447199154478, 4, 5, 15, 3186)",1,135735066638878,1,72232000000,2,134613087549345,2,0,0,,PAIRED_ROS_CLOCK
C_SHARED_SIM_CLOCK_11008_MONOTONE_SAMPLES,NOT_OBSERVED,,,,"(1452948046641, 6, 18110031447199154478, 4, 5, 15, 3187)",1,135735066638878,1,72248000000,2,134613087549345,2,0,0,,PAIRED_ROS_CLOCK
C_SHARED_SIM_CLOCK_11008_MONOTONE_SAMPLES,NOT_OBSERVED,,,,"(1452948046641, 6, 18110031447199154478, 4, 5, 15, 3188)",1,135735066638878,1,72264000000,2,134613087549345,2,0,0,,PAIRED_ROS_CLOCK
C_SHARED_SIM_CLOCK_11008_MONOTONE_SAMPLES,NOT_OBSERVED,,,,"(1452948046641, 6, 18110031447199154478, 4, 5, 15, 3189)",1,135735066638878,1,72280000000,2,134613087549345,2,0,0,,PAIRED_ROS_CLOCK
C_SHARED_SIM_CLOCK_11008_MONOTONE_SAMPLES,NOT_OBSERVED,,,,"(1452948046641, 6, 18110031447199154478, 4, 5, 15, 3190)",1,135735066638878,1,72296000000,2,134613087549345,2,0,0,,PAIRED_ROS_CLOCK
C_SHARED_SIM_CLOCK_11008_MONOTONE_SAMPLES,NOT_OBSERVED,,,,"(1452948046641, 6, 18110031447199154478, 4, 5, 15, 3191)",1,135735066638878,1,72312000000,2,134613087549345,2,0,0,,PAIRED_ROS_CLOCK
C_SHARED_SIM_CLOCK_11008_MONOTONE_SAMPLES,NOT_OBSERVED,,,,"(1452948046641, 6, 18110031447199154478, 4, 5, 15, 3192)",1,135735066638878,1,72328000000,2,134613087549345,2,0,0,,PAIRED_ROS_CLOCK
C_SHARED_SIM_CLOCK_11008_MONOTONE_SAMPLES,NOT_OBSERVED,,,,"(1452948046641, 6, 18110031447199154478, 4, 5, 15, 3193)",1,135735066638878,1,72344000000,2,134613087549345,2,0,0,,PAIRED_ROS_CLOCK
C_SHARED_SIM_CLOCK_11008_MONOTONE_SAMPLES,NOT_OBSERVED,,,,"(1452948046641, 6, 18110031447199154478, 4, 5, 15, 3194)",1,135735066638878,1,72360000000,2,134613087549345,2,0,0,,PAIRED_ROS_CLOCK
C_SHARED_SIM_CLOCK_11008_MONOTONE_SAMPLES,NOT_OBSERVED,,,,"(1452948046641, 6, 18110031447199154478, 4, 5, 15, 3195)",1,135735066638878,1,72376000000,2,134613087549345,2,0,0,,PAIRED_ROS_CLOCK
C_SHARED_SIM_CLOCK_11008_MONOTONE_SAMPLES,NOT_OBSERVED,,,,"(1452948046641, 6, 18110031447199154478, 4, 5, 15, 3196)",1,135735066638878,1,72392000000,2,134613087549345,2,0,0,,PAIRED_ROS_CLOCK
C_SHARED_SIM_CLOCK_11008_MONOTONE_SAMPLES,NOT_OBSERVED,,,,"(1452948046641, 6, 18110031447199154478, 4, 5, 15, 3197)",1,135735066638878,1,72408000000,2,134613087549345,2,0,0,,PAIRED_ROS_CLOCK
C_SHARED_SIM_CLOCK_11008_MONOTONE_SAMPLES,NOT_OBSERVED,,,,"(1452948046641, 6, 18110031447199154478, 4, 5, 15, 3198)",1,135735066638878,1,72424000000,2,134613087549345,2,0,0,,PAIRED_ROS_CLOCK
C_SHARED_SIM_CLOCK_11008_MONOTONE_SAMPLES,NOT_OBSERVED,,,,"(1452948046641, 6, 18110031447199154478, 4, 5, 15, 3199)",1,135735066638878,1,72440000000,2,134613087549345,2,0,0,,PAIRED_ROS_CLOCK
C_SHARED_SIM_CLOCK_11008_MONOTONE_SAMPLES,NOT_OBSERVED,,,,"(1452948046641, 6, 18110031447199154478, 4, 5, 15, 3200)",1,135735066638878,1,72456000000,2,134613087549345,2,0,0,,PAIRED_ROS_CLOCK
C_SHARED_SIM_CLOCK_11008_MONOTONE_SAMPLES,NOT_OBSERVED,,,,"(1452948046641, 6, 18110031447199154478, 4, 5, 15, 3201)",1,135735066638878,1,72472000000,2,134613087549345,2,0,0,,PAIRED_ROS_CLOCK
C_SHARED_SIM_CLOCK_11008_MONOTONE_SAMPLES,NOT_OBSERVED,,,,"(1452948046641, 6, 18110031447199154478, 4, 5, 15, 3202)",1,135735066638878,1,72488000000,2,134613087549345,2,0,0,,PAIRED_ROS_CLOCK
C_SHARED_SIM_CLOCK_11008_MONOTONE_SAMPLES,NOT_OBSERVED,,,,"(1452948046641, 6, 18110031447199154478, 4, 5, 15, 3203)",1,135735066638878,1,72504000000,2,134613087549345,2,0,0,,PAIRED_ROS_CLOCK
C_SHARED_SIM_CLOCK_11008_MONOTONE_SAMPLES,NOT_OBSERVED,,,,"(1452948046641, 6, 18110031447199154478, 4, 5, 15, 3204)",1,135735066638878,1,72520000000,2,134613087549345,2,0,0,,PAIRED_ROS_CLOCK
C_SHARED_SIM_CLOCK_11008_MONOTONE_SAMPLES,NOT_OBSERVED,,,,"(1452948046641, 6, 18110031447199154478, 4, 5, 15, 3205)",1,135735066638878,1,72536000000,2,134613087549345,2,0,0,,PAIRED_ROS_CLOCK
C_SHARED_SIM_CLOCK_11008_MONOTONE_SAMPLES,NOT_OBSERVED,,,,"(1452948046641, 6, 18110031447199154478, 4, 5, 15, 3206)",1,135735066638878,1,72552000000,2,134613087549345,2,0,0,,PAIRED_ROS_CLOCK
C_SHARED_SIM_CLOCK_11008_MONOTONE_SAMPLES,NOT_OBSERVED,,,,"(1452948046641, 6, 18110031447199154478, 4, 5, 15, 3207)",1,135735066638878,1,72568000000,2,134613087549345,2,0,0,,PAIRED_ROS_CLOCK
C_SHARED_SIM_CLOCK_11008_MONOTONE_SAMPLES,NOT_OBSERVED,,,,"(1452948046641, 6, 18110031447199154478, 4, 5, 15, 3208)",1,135735066638878,1,72584000000,2,134613087549345,2,0,0,,PAIRED_ROS_CLOCK
C_SHARED_SIM_CLOCK_11008_MONOTONE_SAMPLES,NOT_OBSERVED,,,,"(1452948046641, 6, 18110031447199154478, 4, 5, 15, 3209)",1,135735066638878,1,72600000000,2,134613087549345,2,0,0,,PAIRED_ROS_CLOCK
C_SHARED_SIM_CLOCK_11008_MONOTONE_SAMPLES,NOT_OBSERVED,,,,"(1452948046641, 6, 18110031447199154478, 4, 5, 15, 3210)",1,135735066638878,1,72616000000,2,134613087549345,2,0,0,,PAIRED_ROS_CLOCK
C_SHARED_SIM_CLOCK_11008_MONOTONE_SAMPLES,NOT_OBSERVED,,,,"(1452948046641, 6, 18110031447199154478, 4, 5, 15, 3211)",1,135735066638878,1,72632000000,2,134613087549345,2,0,0,,PAIRED_ROS_CLOCK
C_SHARED_SIM_CLOCK_11008_MONOTONE_SAMPLES,NOT_OBSERVED,,,,"(1452948046641, 6, 18110031447199154478, 4, 5, 15, 3212)",1,135735066638878,1,72648000000,2,134613087549345,2,0,0,,PAIRED_ROS_CLOCK
C_SHARED_SIM_CLOCK_11008_MONOTONE_SAMPLES,NOT_OBSERVED,,,,"(1452948046641, 6, 18110031447199154478, 4, 5, 15, 3213)",1,135735066638878,1,72664000000,2,134613087549345,2,0,0,,PAIRED_ROS_CLOCK
C_SHARED_SIM_CLOCK_11008_MONOTONE_SAMPLES,NOT_OBSERVED,,,,"(1452948046641, 6, 18110031447199154478, 4, 5, 15, 3214)",1,135735066638878,1,72680000000,2,134613087549345,2,0,0,,PAIRED_ROS_CLOCK
C_SHARED_SIM_CLOCK_11008_MONOTONE_SAMPLES,NOT_OBSERVED,,,,"(1452948046641, 6, 18110031447199154478, 4, 5, 15, 3215)",1,135735066638878,1,72696000000,2,134613087549345,2,0,0,,PAIRED_ROS_CLOCK
C_SHARED_SIM_CLOCK_11008_MONOTONE_SAMPLES,NOT_OBSERVED,,,,"(1452948046641, 6, 18110031447199154478, 4, 5, 15, 3216)",1,135735066638878,1,72712000000,2,134613087549345,2,0,0,,PAIRED_ROS_CLOCK
C_SHARED_SIM_CLOCK_11008_MONOTONE_SAMPLES,NOT_OBSERVED,,,,"(1452948046641, 6, 18110031447199154478, 4, 5, 15, 3217)",1,135735066638878,1,72728000000,2,134613087549345,2,0,0,,PAIRED_ROS_CLOCK
C_SHARED_SIM_CLOCK_11008_MONOTONE_SAMPLES,NOT_OBSERVED,,,,"(1452948046641, 6, 18110031447199154478, 4, 5, 15, 3218)",1,135735066638878,1,72744000000,2,134613087549345,2,0,0,,PAIRED_ROS_CLOCK
C_SHARED_SIM_CLOCK_11008_MONOTONE_SAMPLES,NOT_OBSERVED,,,,"(1452948046641, 6, 18110031447199154478, 4, 5, 15, 3219)",1,135735066638878,1,72760000000,2,134613087549345,2,0,0,,PAIRED_ROS_CLOCK
C_SHARED_SIM_CLOCK_11008_MONOTONE_SAMPLES,NOT_OBSERVED,,,,"(1452948046641, 6, 18110031447199154478, 4, 5, 15, 3220)",1,135735066638878,1,72776000000,2,134613087549345,2,0,0,,PAIRED_ROS_CLOCK
C_SHARED_SIM_CLOCK_11008_MONOTONE_SAMPLES,NOT_OBSERVED,,,,"(1452948046641, 6, 18110031447199154478, 4, 5, 15, 3221)",1,135735066638878,1,72792000000,2,134613087549345,2,0,0,,PAIRED_ROS_CLOCK
C_SHARED_SIM_CLOCK_11008_MONOTONE_SAMPLES,NOT_OBSERVED,,,,"(1452948046641, 6, 18110031447199154478, 4, 5, 15, 3222)",1,135735066638878,1,72808000000,2,134613087549345,2,0,0,,PAIRED_ROS_CLOCK
C_SHARED_SIM_CLOCK_11008_MONOTONE_SAMPLES,NOT_OBSERVED,,,,"(1452948046641, 6, 18110031447199154478, 4, 5, 15, 3223)",1,135735066638878,1,72824000000,2,134613087549345,2,0,0,,PAIRED_ROS_CLOCK
C_SHARED_SIM_CLOCK_11008_MONOTONE_SAMPLES,NOT_OBSERVED,,,,"(1452948046641, 6, 18110031447199154478, 4, 5, 15, 3224)",1,135735066638878,1,72840000000,2,134613087549345,2,0,0,,PAIRED_ROS_CLOCK
C_SHARED_SIM_CLOCK_11008_MONOTONE_SAMPLES,NOT_OBSERVED,,,,"(1452948046641, 6, 18110031447199154478, 4, 5, 15, 3225)",1,135735066638878,1,72856000000,2,134613087549345,2,0,0,,PAIRED_ROS_CLOCK
C_SHARED_SIM_CLOCK_11008_MONOTONE_SAMPLES,NOT_OBSERVED,,,,"(1452948046641, 6, 18110031447199154478, 4, 5, 15, 3226)",1,135735066638878,1,72872000000,2,134613087549345,2,0,0,,PAIRED_ROS_CLOCK
C_SHARED_SIM_CLOCK_11008_MONOTONE_SAMPLES,NOT_OBSERVED,,,,"(1452948046641, 6, 18110031447199154478, 4, 5, 15, 3227)",1,135735066638878,1,72888000000,2,134613087549345,2,0,0,,PAIRED_ROS_CLOCK
C_SHARED_SIM_CLOCK_11008_MONOTONE_SAMPLES,NOT_OBSERVED,,,,"(1452948046641, 6, 18110031447199154478, 4, 5, 15, 3228)",1,135735066638878,1,72904000000,2,134613087549345,2,0,0,,PAIRED_ROS_CLOCK
C_SHARED_SIM_CLOCK_11008_MONOTONE_SAMPLES,NOT_OBSERVED,,,,"(1452948046641, 6, 18110031447199154478, 4, 5, 15, 3229)",1,135735066638878,1,72920000000,2,134613087549345,2,0,0,,PAIRED_ROS_CLOCK
C_SHARED_SIM_CLOCK_11008_MONOTONE_SAMPLES,NOT_OBSERVED,,,,"(1452948046641, 6, 18110031447199154478, 4, 5, 15, 3230)",1,135735066638878,1,72936000000,2,134613087549345,2,0,0,,PAIRED_ROS_CLOCK
C_SHARED_SIM_CLOCK_11008_MONOTONE_SAMPLES,NOT_OBSERVED,,,,"(1452948046641, 6, 18110031447199154478, 4, 5, 15, 3231)",1,135735066638878,1,72952000000,2,134613087549345,2,0,0,,PAIRED_ROS_CLOCK
C_SHARED_SIM_CLOCK_11008_MONOTONE_SAMPLES,NOT_OBSERVED,,,,"(1452948046641, 6, 18110031447199154478, 4, 5, 15, 3232)",1,135735066638878,1,72968000000,2,134613087549345,2,0,0,,PAIRED_ROS_CLOCK
C_SHARED_SIM_CLOCK_11008_MONOTONE_SAMPLES,NOT_OBSERVED,,,,"(1452948046641, 6, 18110031447199154478, 4, 5, 15, 3233)",1,135735066638878,1,72984000000,2,134613087549345,2,0,0,,PAIRED_ROS_CLOCK
C_SHARED_SIM_CLOCK_11008_MONOTONE_SAMPLES,NOT_OBSERVED,,,,"(1452948046641, 6, 18110031447199154478, 4, 5, 15, 3234)",1,135735066638878,1,73000000000,2,134613087549345,2,0,0,,PAIRED_ROS_CLOCK
C_SHARED_SIM_CLOCK_11008_MONOTONE_SAMPLES,NOT_OBSERVED,,,,"(1452948046641, 6, 18110031447199154478, 4, 5, 15, 3235)",1,135735066638878,1,73016000000,2,134613087549345,2,0,0,,PAIRED_ROS_CLOCK
C_SHARED_SIM_CLOCK_11008_MONOTONE_SAMPLES,NOT_OBSERVED,,,,"(1452948046641, 6, 18110031447199154478, 4, 5, 15, 3236)",1,135735066638878,1,73032000000,2,134613087549345,2,0,0,,PAIRED_ROS_CLOCK
C_SHARED_SIM_CLOCK_11008_MONOTONE_SAMPLES,NOT_OBSERVED,,,,"(1452948046641, 6, 18110031447199154478, 4, 5, 15, 3237)",1,135735066638878,1,73048000000,2,134613087549345,2,0,0,,PAIRED_ROS_CLOCK
C_SHARED_SIM_CLOCK_11008_MONOTONE_SAMPLES,NOT_OBSERVED,,,,"(1452948046641, 6, 18110031447199154478, 4, 5, 15, 3238)",1,135735066638878,1,73064000000,2,134613087549345,2,0,0,,PAIRED_ROS_CLOCK
C_SHARED_SIM_CLOCK_11008_MONOTONE_SAMPLES,NOT_OBSERVED,,,,"(1452948046641, 6, 18110031447199154478, 4, 5, 15, 3239)",1,135735066638878,1,73080000000,2,134613087549345,2,0,0,,PAIRED_ROS_CLOCK
C_SHARED_SIM_CLOCK_11008_MONOTONE_SAMPLES,NOT_OBSERVED,,,,"(1452948046641, 6, 18110031447199154478, 4, 5, 15, 3240)",1,135735066638878,1,73096000000,2,134613087549345,2,0,0,,PAIRED_ROS_CLOCK
C_SHARED_SIM_CLOCK_11008_MONOTONE_SAMPLES,NOT_OBSERVED,,,,"(1452948046641, 6, 18110031447199154478, 4, 5, 15, 3241)",1,135735066638878,1,73112000000,2,134613087549345,2,0,0,,PAIRED_ROS_CLOCK
C_SHARED_SIM_CLOCK_11008_MONOTONE_SAMPLES,NOT_OBSERVED,,,,"(1452948046641, 6, 18110031447199154478, 4, 5, 15, 3242)",1,135735066638878,1,73128000000,2,134613087549345,2,0,0,,PAIRED_ROS_CLOCK
C_SHARED_SIM_CLOCK_11008_MONOTONE_SAMPLES,NOT_OBSERVED,,,,"(1452948046641, 6, 18110031447199154478, 4, 5, 15, 3243)",1,135735066638878,1,73144000000,2,134613087549345,2,0,0,,PAIRED_ROS_CLOCK
C_SHARED_SIM_CLOCK_11008_MONOTONE_SAMPLES,NOT_OBSERVED,,,,"(1452948046641, 6, 18110031447199154478, 4, 5, 15, 3244)",1,135735066638878,1,73160000000,2,134613087549345,2,0,0,,PAIRED_ROS_CLOCK
C_SHARED_SIM_CLOCK_11008_MONOTONE_SAMPLES,NOT_OBSERVED,,,,"(1452948046641, 6, 18110031447199154478, 4, 5, 15, 3245)",1,135735066638878,1,73176000000,2,134613087549345,2,0,0,,PAIRED_ROS_CLOCK
C_SHARED_SIM_CLOCK_11008_MONOTONE_SAMPLES,NOT_OBSERVED,,,,"(1452948046641, 6, 18110031447199154478, 4, 5, 15, 3246)",1,135735066638878,1,73192000000,2,134613087549345,2,0,0,,PAIRED_ROS_CLOCK
C_SHARED_SIM_CLOCK_11008_MONOTONE_SAMPLES,NOT_OBSERVED,,,,"(1452948046641, 6, 18110031447199154478, 4, 5, 15, 3247)",1,135735066638878,1,73208000000,2,134613087549345,2,0,0,,PAIRED_ROS_CLOCK
C_SHARED_SIM_CLOCK_11008_MONOTONE_SAMPLES,NOT_OBSERVED,,,,"(1452948046641, 6, 18110031447199154478, 4, 5, 15, 3248)",1,135735066638878,1,73224000000,2,134613087549345,2,0,0,,PAIRED_ROS_CLOCK
C_SHARED_SIM_CLOCK_11008_MONOTONE_SAMPLES,NOT_OBSERVED,,,,"(1452948046641, 6, 18110031447199154478, 4, 5, 15, 3249)",1,135735066638878,1,73240000000,2,134613087549345,2,0,0,,PAIRED_ROS_CLOCK
C_SHARED_SIM_CLOCK_11008_MONOTONE_SAMPLES,NOT_OBSERVED,,,,"(1452948046641, 6, 18110031447199154478, 4, 5, 15, 3250)",1,135735066638878,1,73256000000,2,134613087549345,2,0,0,,PAIRED_ROS_CLOCK
C_SHARED_SIM_CLOCK_11008_MONOTONE_SAMPLES,NOT_OBSERVED,,,,"(1452948046641, 6, 18110031447199154478, 4, 5, 15, 3251)",1,135735066638878,1,73272000000,2,134613087549345,2,0,0,,PAIRED_ROS_CLOCK
C_SHARED_SIM_CLOCK_11008_MONOTONE_SAMPLES,NOT_OBSERVED,,,,"(1452948046641, 6, 18110031447199154478, 4, 5, 15, 3252)",1,135735066638878,1,73288000000,2,134613087549345,2,0,0,,PAIRED_ROS_CLOCK
C_SHARED_SIM_CLOCK_11008_MONOTONE_SAMPLES,NOT_OBSERVED,,,,"(1452948046641, 6, 18110031447199154478, 4, 5, 15, 3253)",1,135735066638878,1,73304000000,2,134613087549345,2,0,0,,PAIRED_ROS_CLOCK
C_SHARED_SIM_CLOCK_11008_MONOTONE_SAMPLES,NOT_OBSERVED,,,,"(1452948046641, 6, 18110031447199154478, 4, 5, 15, 3254)",1,135735066638878,1,73320000000,2,134613087549345,2,0,0,,PAIRED_ROS_CLOCK
C_SHARED_SIM_CLOCK_11008_MONOTONE_SAMPLES,NOT_OBSERVED,,,,"(1452948046641, 6, 18110031447199154478, 4, 5, 15, 3255)",1,135735066638878,1,73336000000,2,134613087549345,2,0,0,,PAIRED_ROS_CLOCK
C_SHARED_SIM_CLOCK_11008_MONOTONE_SAMPLES,NOT_OBSERVED,,,,"(1452948046641, 6, 18110031447199154478, 4, 5, 15, 3256)",1,135735066638878,1,73352000000,2,134613087549345,2,0,0,,PAIRED_ROS_CLOCK
C_SHARED_SIM_CLOCK_11008_MONOTONE_SAMPLES,NOT_OBSERVED,,,,"(1452948046641, 6, 18110031447199154478, 4, 5, 15, 3257)",1,135735066638878,1,73368000000,2,134613087549345,2,0,0,,PAIRED_ROS_CLOCK
C_SHARED_SIM_CLOCK_11008_MONOTONE_SAMPLES,NOT_OBSERVED,,,,"(1452948046641, 6, 18110031447199154478, 4, 5, 15, 3258)",1,135735066638878,1,73384000000,2,134613087549345,2,0,0,,PAIRED_ROS_CLOCK
C_SHARED_SIM_CLOCK_11008_MONOTONE_SAMPLES,NOT_OBSERVED,,,,"(1452948046641, 6, 18110031447199154478, 4, 5, 15, 3259)",1,135735066638878,1,73400000000,2,134613087549345,2,0,0,,PAIRED_ROS_CLOCK
C_SHARED_SIM_CLOCK_11008_MONOTONE_SAMPLES,NOT_OBSERVED,,,,"(1452948046641, 6, 18110031447199154478, 4, 5, 15, 3260)",1,135735066638878,1,73416000000,2,134613087549345,2,0,0,,PAIRED_ROS_CLOCK
C_SHARED_SIM_CLOCK_11008_MONOTONE_SAMPLES,NOT_OBSERVED,,,,"(1452948046641, 6, 18110031447199154478, 4, 5, 15, 3261)",1,135735066638878,1,73432000000,2,134613087549345,2,0,0,,PAIRED_ROS_CLOCK
C_SHARED_SIM_CLOCK_11008_MONOTONE_SAMPLES,NOT_OBSERVED,,,,"(1452948046641, 6, 18110031447199154478, 4, 5, 15, 3262)",1,135735066638878,1,73448000000,2,134613087549345,2,0,0,,PAIRED_ROS_CLOCK
C_SHARED_SIM_CLOCK_11008_MONOTONE_SAMPLES,NOT_OBSERVED,,,,"(1452948046641, 6, 18110031447199154478, 4, 5, 15, 3263)",1,135735066638878,1,73464000000,2,134613087549345,2,0,0,,PAIRED_ROS_CLOCK
C_SHARED_SIM_CLOCK_11008_MONOTONE_SAMPLES,NOT_OBSERVED,,,,"(1452948046641, 6, 18110031447199154478, 4, 5, 15, 3264)",1,135735066638878,1,73480000000,2,134613087549345,2,0,0,,PAIRED_ROS_CLOCK
C_SHARED_SIM_CLOCK_11008_MONOTONE_SAMPLES,NOT_OBSERVED,,,,"(1452948046641, 6, 18110031447199154478, 4, 5, 15, 3265)",1,135735066638878,1,73496000000,2,134613087549345,2,0,0,,PAIRED_ROS_CLOCK
C_SHARED_SIM_CLOCK_11008_MONOTONE_SAMPLES,NOT_OBSERVED,,,,"(1452948046641, 6, 18110031447199154478, 4, 5, 15, 3266)",1,135735066638878,1,73512000000,2,134613087549345,2,0,0,,PAIRED_ROS_CLOCK
C_SHARED_SIM_CLOCK_11008_MONOTONE_SAMPLES,NOT_OBSERVED,,,,"(1452948046641, 6, 18110031447199154478, 4, 5, 15, 3267)",1,135735066638878,1,73528000000,2,134613087549345,2,0,0,,PAIRED_ROS_CLOCK
C_SHARED_SIM_CLOCK_11008_MONOTONE_SAMPLES,NOT_OBSERVED,,,,"(1452948046641, 6, 18110031447199154478, 4, 5, 15, 3268)",1,135735066638878,1,73544000000,2,134613087549345,2,0,0,,PAIRED_ROS_CLOCK
C_SHARED_SIM_CLOCK_11008_MONOTONE_SAMPLES,NOT_OBSERVED,,,,"(1452948046641, 6, 18110031447199154478, 4, 5, 15, 3269)",1,135735066638878,1,73560000000,2,134613087549345,2,0,0,,PAIRED_ROS_CLOCK
C_SHARED_SIM_CLOCK_11008_MONOTONE_SAMPLES,NOT_OBSERVED,,,,"(1452948046641, 6, 18110031447199154478, 4, 5, 15, 3270)",1,135735066638878,1,73576000000,2,134613087549345,2,0,0,,PAIRED_ROS_CLOCK
C_SHARED_SIM_CLOCK_11008_MONOTONE_SAMPLES,NOT_OBSERVED,,,,"(1452948046641, 6, 18110031447199154478, 4, 5, 15, 3271)",1,135735066638878,1,73592000000,2,134613087549345,2,0,0,,PAIRED_ROS_CLOCK
C_SHARED_SIM_CLOCK_11008_MONOTONE_SAMPLES,NOT_OBSERVED,,,,"(1452948046641, 6, 18110031447199154478, 4, 5, 15, 3272)",1,135735066638878,1,73608000000,2,134613087549345,2,0,0,,PAIRED_ROS_CLOCK
C_SHARED_SIM_CLOCK_11008_MONOTONE_SAMPLES,NOT_OBSERVED,,,,"(1452948046641, 6, 18110031447199154478, 4, 5, 15, 3273)",1,135735066638878,1,73624000000,2,134613087549345,2,0,0,,PAIRED_ROS_CLOCK
C_SHARED_SIM_CLOCK_11008_MONOTONE_SAMPLES,NOT_OBSERVED,,,,"(1452948046641, 6, 18110031447199154478, 4, 5, 15, 3274)",1,135735066638878,1,73640000000,2,134613087549345,2,0,0,,PAIRED_ROS_CLOCK
C_SHARED_SIM_CLOCK_11008_MONOTONE_SAMPLES,NOT_OBSERVED,,,,"(1452948046641, 6, 18110031447199154478, 4, 5, 15, 3275)",1,135735066638878,1,73656000000,2,134613087549345,2,0,0,,PAIRED_ROS_CLOCK
C_SHARED_SIM_CLOCK_11008_MONOTONE_SAMPLES,NOT_OBSERVED,,,,"(1452948046641, 6, 18110031447199154478, 4, 5, 15, 3276)",1,135735066638878,1,73672000000,2,134613087549345,2,0,0,,PAIRED_ROS_CLOCK
C_SHARED_SIM_CLOCK_11008_MONOTONE_SAMPLES,NOT_OBSERVED,,,,"(1452948046641, 6, 18110031447199154478, 4, 5, 15, 3277)",1,135735066638878,1,73688000000,2,134613087549345,2,0,0,,PAIRED_ROS_CLOCK
C_SHARED_SIM_CLOCK_11008_MONOTONE_SAMPLES,NOT_OBSERVED,,,,"(1452948046641, 6, 18110031447199154478, 4, 5, 15, 3278)",1,135735066638878,1,73704000000,2,134613087549345,2,0,0,,PAIRED_ROS_CLOCK
C_SHARED_SIM_CLOCK_11008_MONOTONE_SAMPLES,NOT_OBSERVED,,,,"(1452948046641, 6, 18110031447199154478, 4, 5, 15, 3279)",1,135735066638878,1,73720000000,2,134613087549345,2,0,0,,PAIRED_ROS_CLOCK
C_SHARED_SIM_CLOCK_11008_MONOTONE_SAMPLES,NOT_OBSERVED,,,,"(1452948046641, 6, 18110031447199154478, 4, 5, 15, 3280)",1,135735066638878,1,73736000000,2,134613087549345,2,0,0,,PAIRED_ROS_CLOCK
C_SHARED_SIM_CLOCK_11008_MONOTONE_SAMPLES,NOT_OBSERVED,,,,"(1452948046641, 6, 18110031447199154478, 4, 5, 15, 3281)",1,135735066638878,1,73752000000,2,134613087549345,2,0,0,,PAIRED_ROS_CLOCK
C_SHARED_SIM_CLOCK_11008_MONOTONE_SAMPLES,NOT_OBSERVED,,,,"(1452948046641, 6, 18110031447199154478, 4, 5, 15, 3282)",1,135735066638878,1,73768000000,2,134613087549345,2,0,0,,PAIRED_ROS_CLOCK
C_SHARED_SIM_CLOCK_11008_MONOTONE_SAMPLES,NOT_OBSERVED,,,,"(1452948046641, 6, 18110031447199154478, 4, 5, 15, 3283)",1,135735066638878,1,73784000000,2,134613087549345,2,0,0,,PAIRED_ROS_CLOCK
C_SHARED_SIM_CLOCK_11008_MONOTONE_SAMPLES,NOT_OBSERVED,,,,"(1452948046641, 6, 18110031447199154478, 4, 5, 15, 3284)",1,135735066638878,1,73800000000,2,134613087549345,2,0,0,,PAIRED_ROS_CLOCK
C_SHARED_SIM_CLOCK_11008_MONOTONE_SAMPLES,NOT_OBSERVED,,,,"(1452948046641, 6, 18110031447199154478, 4, 5, 15, 3285)",1,135735066638878,1,73816000000,2,134613087549345,2,0,0,,PAIRED_ROS_CLOCK
C_SHARED_SIM_CLOCK_11008_MONOTONE_SAMPLES,NOT_OBSERVED,,,,"(1452948046641, 6, 18110031447199154478, 4, 5, 15, 3286)",1,135735066638878,1,73832000000,2,134613087549345,2,0,0,,PAIRED_ROS_CLOCK
C_SHARED_SIM_CLOCK_11008_MONOTONE_SAMPLES,NOT_OBSERVED,,,,"(1452948046641, 6, 18110031447199154478, 4, 5, 15, 3287)",1,135735066638878,1,73848000000,2,134613087549345,2,0,0,,PAIRED_ROS_CLOCK
C_SHARED_SIM_CLOCK_11008_MONOTONE_SAMPLES,NOT_OBSERVED,,,,"(1452948046641, 6, 18110031447199154478, 4, 5, 15, 3288)",1,135735066638878,1,73864000000,2,134613087549345,2,0,0,,PAIRED_ROS_CLOCK
C_SHARED_SIM_CLOCK_11008_MONOTONE_SAMPLES,NOT_OBSERVED,,,,"(1452948046641, 6, 18110031447199154478, 4, 5, 15, 3289)",1,135735066638878,1,73880000000,2,134613087549345,2,0,0,,PAIRED_ROS_CLOCK
C_SHARED_SIM_CLOCK_11008_MONOTONE_SAMPLES,NOT_OBSERVED,,,,"(1452948046641, 6, 18110031447199154478, 4, 5, 15, 3290)",1,135735066638878,1,73896000000,2,134613087549345,2,0,0,,PAIRED_ROS_CLOCK
C_SHARED_SIM_CLOCK_11008_MONOTONE_SAMPLES,NOT_OBSERVED,,,,"(1452948046641, 6, 18110031447199154478, 4, 5, 15, 3291)",1,135735066638878,1,73912000000,2,134613087549345,2,0,0,,PAIRED_ROS_CLOCK
C_SHARED_SIM_CLOCK_11008_MONOTONE_SAMPLES,NOT_OBSERVED,,,,"(1452948046641, 6, 18110031447199154478, 4, 5, 15, 3292)",1,135735066638878,1,73928000000,2,134613087549345,2,0,0,,PAIRED_ROS_CLOCK
C_SHARED_SIM_CLOCK_11008_MONOTONE_SAMPLES,NOT_OBSERVED,,,,"(1452948046641, 6, 18110031447199154478, 4, 5, 15, 3293)",1,135735066638878,1,73944000000,2,134613087549345,2,0,0,,PAIRED_ROS_CLOCK
C_SHARED_SIM_CLOCK_11008_MONOTONE_SAMPLES,NOT_OBSERVED,,,,"(1452948046641, 6, 18110031447199154478, 4, 5, 15, 3294)",1,135735066638878,1,73960000000,2,134613087549345,2,0,0,,PAIRED_ROS_CLOCK
C_SHARED_SIM_CLOCK_11008_MONOTONE_SAMPLES,NOT_OBSERVED,,,,"(1452948046641, 6, 18110031447199154478, 4, 5, 15, 3295)",1,135735066638878,1,73976000000,2,134613087549345,2,0,0,,PAIRED_ROS_CLOCK
C_SHARED_SIM_CLOCK_11008_MONOTONE_SAMPLES,NOT_OBSERVED,,,,"(1452948046641, 6, 18110031447199154478, 4, 5, 15, 3296)",1,135735066638878,1,73992000000,2,134613087549345,2,0,0,,PAIRED_ROS_CLOCK
C_SHARED_SIM_CLOCK_11008_MONOTONE_SAMPLES,NOT_OBSERVED,,,,"(1452948046641, 6, 18110031447199154478, 4, 5, 15, 3297)",1,135735066638878,1,74008000000,2,134613087549345,2,0,0,,PAIRED_ROS_CLOCK
C_SHARED_SIM_CLOCK_11008_MONOTONE_SAMPLES,NOT_OBSERVED,,,,"(1452948046641, 6, 18110031447199154478, 4, 5, 15, 3298)",1,135735066638878,1,74024000000,2,134613087549345,2,0,0,,PAIRED_ROS_CLOCK
C_SHARED_SIM_CLOCK_11008_MONOTONE_SAMPLES,NOT_OBSERVED,,,,"(1452948046641, 6, 18110031447199154478, 4, 5, 15, 3299)",1,135735066638878,1,74040000000,2,134613087549345,2,0,0,,PAIRED_ROS_CLOCK
C_SHARED_SIM_CLOCK_11008_MONOTONE_SAMPLES,NOT_OBSERVED,,,,"(1452948046641, 6, 18110031447199154478, 4, 5, 15, 3300)",1,135735066638878,1,74056000000,2,134613087549345,2,0,0,,PAIRED_ROS_CLOCK
C_SHARED_SIM_CLOCK_11008_MONOTONE_SAMPLES,NOT_OBSERVED,,,,"(1452948046641, 6, 18110031447199154478, 4, 5, 15, 3301)",1,135735066638878,1,74072000000,2,134613087549345,2,0,0,,PAIRED_ROS_CLOCK
C_SHARED_SIM_CLOCK_11008_MONOTONE_SAMPLES,NOT_OBSERVED,,,,"(1452948046641, 6, 18110031447199154478, 4, 5, 15, 3302)",1,135735066638878,1,74088000000,2,134613087549345,2,0,0,,PAIRED_ROS_CLOCK
C_SHARED_SIM_CLOCK_11008_MONOTONE_SAMPLES,NOT_OBSERVED,,,,"(1452948046641, 6, 18110031447199154478, 4, 5, 15, 3303)",1,135735066638878,1,74104000000,2,134613087549345,2,0,0,,PAIRED_ROS_CLOCK
C_SHARED_SIM_CLOCK_11008_MONOTONE_SAMPLES,NOT_OBSERVED,,,,"(1452948046641, 6, 18110031447199154478, 4, 5, 15, 3304)",1,135735066638878,1,74120000000,2,134613087549345,2,0,0,,PAIRED_ROS_CLOCK
C_SHARED_SIM_CLOCK_11008_MONOTONE_SAMPLES,NOT_OBSERVED,,,,"(1452948046641, 6, 18110031447199154478, 4, 5, 15, 3305)",1,135735066638878,1,74136000000,2,134613087549345,2,0,0,,PAIRED_ROS_CLOCK
C_SHARED_SIM_CLOCK_11008_MONOTONE_SAMPLES,NOT_OBSERVED,,,,"(1452948046641, 6, 18110031447199154478, 4, 5, 15, 3306)",1,135735066638878,1,74152000000,2,134613087549345,2,0,0,,PAIRED_ROS_CLOCK
C_SHARED_SIM_CLOCK_11008_MONOTONE_SAMPLES,NOT_OBSERVED,,,,"(1452948046641, 6, 18110031447199154478, 4, 5, 15, 3307)",1,135735066638878,1,74168000000,2,134613087549345,2,0,0,,PAIRED_ROS_CLOCK
C_SHARED_SIM_CLOCK_11008_MONOTONE_SAMPLES,NOT_OBSERVED,,,,"(1452948046641, 6, 18110031447199154478, 4, 5, 15, 3308)",1,135735066638878,1,74184000000,2,134613087549345,2,0,0,,PAIRED_ROS_CLOCK
C_SHARED_SIM_CLOCK_11008_MONOTONE_SAMPLES,NOT_OBSERVED,,,,"(1452948046641, 6, 18110031447199154478, 4, 5, 15, 3309)",1,135735066638878,1,74200000000,2,134613087549345,2,0,0,,PAIRED_ROS_CLOCK
C_SHARED_SIM_CLOCK_11008_MONOTONE_SAMPLES,NOT_OBSERVED,,,,"(1452948046641, 6, 18110031447199154478, 4, 5, 15, 3310)",1,135735066638878,1,74216000000,2,134613087549345,2,0,0,,PAIRED_ROS_CLOCK
C_SHARED_SIM_CLOCK_11008_MONOTONE_SAMPLES,NOT_OBSERVED,,,,"(1452948046641, 6, 18110031447199154478, 4, 5, 15, 3311)",1,135735066638878,1,74232000000,2,134613087549345,2,0,0,,PAIRED_ROS_CLOCK
C_SHARED_SIM_CLOCK_11008_MONOTONE_SAMPLES,NOT_OBSERVED,,,,"(1452948046641, 6, 18110031447199154478, 4, 5, 15, 3312)",1,135735066638878,1,74248000000,2,134613087549345,2,0,0,,PAIRED_ROS_CLOCK
C_SHARED_SIM_CLOCK_11008_MONOTONE_SAMPLES,NOT_OBSERVED,,,,"(1452948046641, 6, 18110031447199154478, 4, 5, 15, 3313)",1,135735066638878,1,74264000000,2,134613087549345,2,0,0,,PAIRED_ROS_CLOCK
C_SHARED_SIM_CLOCK_11008_MONOTONE_SAMPLES,NOT_OBSERVED,,,,"(1452948046641, 6, 18110031447199154478, 4, 5, 15, 3314)",1,135735066638878,1,74280000000,2,134613087549345,2,0,0,,PAIRED_ROS_CLOCK
C_SHARED_SIM_CLOCK_11008_MONOTONE_SAMPLES,NOT_OBSERVED,,,,"(1452948046641, 6, 18110031447199154478, 4, 5, 15, 3315)",1,135735066638878,1,74296000000,2,134613087549345,2,0,0,,PAIRED_ROS_CLOCK
C_SHARED_SIM_CLOCK_11008_MONOTONE_SAMPLES,NOT_OBSERVED,,,,"(1452948046641, 6, 18110031447199154478, 4, 5, 15, 3316)",1,135735066638878,1,74312000000,2,134613087549345,2,0,0,,PAIRED_ROS_CLOCK
C_SHARED_SIM_CLOCK_11008_MONOTONE_SAMPLES,NOT_OBSERVED,,,,"(1452948046641, 6, 18110031447199154478, 4, 5, 15, 3317)",1,135735066638878,1,74328000000,2,134613087549345,2,0,0,,PAIRED_ROS_CLOCK
C_SHARED_SIM_CLOCK_11008_MONOTONE_SAMPLES,NOT_OBSERVED,,,,"(1452948046641, 6, 18110031447199154478, 4, 5, 15, 3318)",1,135735066638878,1,74344000000,2,134613087549345,2,0,0,,PAIRED_ROS_CLOCK
C_SHARED_SIM_CLOCK_11008_MONOTONE_SAMPLES,NOT_OBSERVED,,,,"(1452948046641, 6, 18110031447199154478, 4, 5, 15, 3319)",1,135735066638878,1,74360000000,2,134613087549345,2,0,0,,PAIRED_ROS_CLOCK
C_SHARED_SIM_CLOCK_11008_MONOTONE_SAMPLES,NOT_OBSERVED,,,,"(1452948046641, 6, 18110031447199154478, 4, 5, 15, 3320)",1,135735066638878,1,74376000000,2,134613087549345,2,0,0,,PAIRED_ROS_CLOCK
C_SHARED_SIM_CLOCK_11008_MONOTONE_SAMPLES,NOT_OBSERVED,,,,"(1452948046641, 6, 18110031447199154478, 4, 5, 15, 3321)",1,135735066638878,1,74392000000,2,134613087549345,2,0,0,,PAIRED_ROS_CLOCK
C_SHARED_SIM_CLOCK_11008_MONOTONE_SAMPLES,NOT_OBSERVED,,,,"(1452948046641, 6, 18110031447199154478, 4, 5, 15, 3322)",1,135735066638878,1,74408000000,2,134613087549345,2,0,0,,PAIRED_ROS_CLOCK
C_SHARED_SIM_CLOCK_11008_MONOTONE_SAMPLES,NOT_OBSERVED,,,,"(1452948046641, 6, 18110031447199154478, 4, 5, 15, 3323)",1,135735066638878,1,74424000000,2,134613087549345,2,0,0,,PAIRED_ROS_CLOCK
C_SHARED_SIM_CLOCK_11008_MONOTONE_SAMPLES,NOT_OBSERVED,,,,"(1452948046641, 6, 18110031447199154478, 4, 5, 15, 3324)",1,135735066638878,1,74440000000,2,134613087549345,2,0,0,,PAIRED_ROS_CLOCK
C_SHARED_SIM_CLOCK_11008_MONOTONE_SAMPLES,NOT_OBSERVED,,,,"(1452948046641, 6, 18110031447199154478, 4, 5, 15, 3325)",1,135735066638878,1,74456000000,2,134613087549345,2,0,0,,PAIRED_ROS_CLOCK
C_SHARED_SIM_CLOCK_11008_MONOTONE_SAMPLES,NOT_OBSERVED,,,,"(1452948046641, 6, 18110031447199154478, 4, 5, 15, 3326)",1,135735066638878,1,74472000000,2,134613087549345,2,0,0,,PAIRED_ROS_CLOCK
C_SHARED_SIM_CLOCK_11008_MONOTONE_SAMPLES,NOT_OBSERVED,,,,"(1452948046641, 6, 18110031447199154478, 4, 5, 15, 3327)",1,135735066638878,1,74488000000,2,134613087549345,2,0,0,,PAIRED_ROS_CLOCK
C_SHARED_SIM_CLOCK_11008_MONOTONE_SAMPLES,NOT_OBSERVED,,,,"(1452948046641, 6, 18110031447199154478, 4, 5, 15, 3328)",1,135735066638878,1,74504000000,2,134613087549345,2,0,0,,PAIRED_ROS_CLOCK
C_SHARED_SIM_CLOCK_11008_MONOTONE_SAMPLES,NOT_OBSERVED,,,,"(1452948046641, 6, 18110031447199154478, 4, 5, 15, 3329)",1,135735066638878,1,74520000000,2,134613087549345,2,0,0,,PAIRED_ROS_CLOCK
C_SHARED_SIM_CLOCK_11008_MONOTONE_SAMPLES,NOT_OBSERVED,,,,"(1452948046641, 6, 18110031447199154478, 4, 5, 15, 3330)",1,135735066638878,1,74536000000,2,134613087549345,2,0,0,,PAIRED_ROS_CLOCK
C_SHARED_SIM_CLOCK_11008_MONOTONE_SAMPLES,NOT_OBSERVED,,,,"(1452948046641, 6, 18110031447199154478, 4, 5, 15, 3331)",1,135735066638878,1,74552000000,2,134613087549345,2,0,0,,PAIRED_ROS_CLOCK
C_SHARED_SIM_CLOCK_11008_MONOTONE_SAMPLES,NOT_OBSERVED,,,,"(1452948046641, 6, 18110031447199154478, 4, 5, 15, 3332)",1,135735066638878,1,74568000000,2,134613087549345,2,0,0,,PAIRED_ROS_CLOCK
C_SHARED_SIM_CLOCK_11008_MONOTONE_SAMPLES,NOT_OBSERVED,,,,"(1452948046641, 6, 18110031447199154478, 4, 5, 15, 3333)",1,135735066638878,1,74584000000,2,134613087549345,2,0,0,,PAIRED_ROS_CLOCK
C_SHARED_SIM_CLOCK_11008_MONOTONE_SAMPLES,NOT_OBSERVED,,,,"(1452948046641, 6, 18110031447199154478, 4, 5, 15, 3334)",1,135735066638878,1,74600000000,2,134613087549345,2,0,0,,PAIRED_ROS_CLOCK
C_SHARED_SIM_CLOCK_11008_MONOTONE_SAMPLES,NOT_OBSERVED,,,,"(1452948046641, 6, 18110031447199154478, 4, 5, 15, 3335)",1,135735066638878,1,74616000000,2,134613087549345,2,0,0,,PAIRED_ROS_CLOCK
C_SHARED_SIM_CLOCK_11008_MONOTONE_SAMPLES,NOT_OBSERVED,,,,"(1452948046641, 6, 18110031447199154478, 4, 5, 15, 3336)",1,135735066638878,1,74632000000,2,134613087549345,2,0,0,,PAIRED_ROS_CLOCK
C_SHARED_SIM_CLOCK_11008_MONOTONE_SAMPLES,NOT_OBSERVED,,,,"(1452948046641, 6, 18110031447199154478, 4, 5, 15, 3337)",1,135735066638878,1,74648000000,2,134613087549345,2,0,0,,PAIRED_ROS_CLOCK
C_SHARED_SIM_CLOCK_11008_MONOTONE_SAMPLES,NOT_OBSERVED,,,,"(1452948046641, 6, 18110031447199154478, 4, 5, 15, 3338)",1,135735066638878,1,74664000000,2,134613087549345,2,0,0,,PAIRED_ROS_CLOCK
C_SHARED_SIM_CLOCK_11008_MONOTONE_SAMPLES,NOT_OBSERVED,,,,"(1452948046641, 6, 18110031447199154478, 4, 5, 15, 3339)",1,135735066638878,1,74680000000,2,134613087549345,2,0,0,,PAIRED_ROS_CLOCK
C_SHARED_SIM_CLOCK_11008_MONOTONE_SAMPLES,NOT_OBSERVED,,,,"(1452948046641, 6, 18110031447199154478, 4, 5, 15, 3340)",1,135735066638878,1,74696000000,2,134613087549345,2,0,0,,PAIRED_ROS_CLOCK
C_SHARED_SIM_CLOCK_11008_MONOTONE_SAMPLES,NOT_OBSERVED,,,,"(1452948046641, 6, 18110031447199154478, 4, 5, 15, 3341)",1,135735066638878,1,74712000000,2,134613087549345,2,0,0,,PAIRED_ROS_CLOCK
C_SHARED_SIM_CLOCK_11008_MONOTONE_SAMPLES,NOT_OBSERVED,,,,"(1452948046641, 6, 18110031447199154478, 4, 5, 15, 3342)",1,135735066638878,1,74728000000,2,134613087549345,2,0,0,,PAIRED_ROS_CLOCK
C_SHARED_SIM_CLOCK_11008_MONOTONE_SAMPLES,NOT_OBSERVED,,,,"(1452948046641, 6, 18110031447199154478, 4, 5, 15, 3343)",1,135735066638878,1,74744000000,2,134613087549345,2,0,0,,PAIRED_ROS_CLOCK
C_SHARED_SIM_CLOCK_11008_MONOTONE_SAMPLES,NOT_OBSERVED,,,,"(1452948046641, 6, 18110031447199154478, 4, 5, 15, 3344)",1,135735066638878,1,74760000000,2,134613087549345,2,0,0,,PAIRED_ROS_CLOCK
C_SHARED_SIM_CLOCK_11008_MONOTONE_SAMPLES,NOT_OBSERVED,,,,"(1452948046641, 6, 18110031447199154478, 4, 5, 15, 3345)",1,135735066638878,1,74776000000,2,134613087549345,2,0,0,,PAIRED_ROS_CLOCK
C_SHARED_SIM_CLOCK_11008_MONOTONE_SAMPLES,NOT_OBSERVED,,,,"(1452948046641, 6, 18110031447199154478, 4, 5, 15, 3346)",1,135735066638878,1,74792000000,2,134613087549345,2,0,0,,PAIRED_ROS_CLOCK
C_SHARED_SIM_CLOCK_11008_MONOTONE_SAMPLES,NOT_OBSERVED,,,,"(1452948046641, 6, 18110031447199154478, 4, 5, 15, 3347)",1,135735066638878,1,74808000000,2,134613087549345,2,0,0,,PAIRED_ROS_CLOCK
C_SHARED_SIM_CLOCK_11008_MONOTONE_SAMPLES,NOT_OBSERVED,,,,"(1452948046641, 6, 18110031447199154478, 4, 5, 15, 3348)",1,135735066638878,1,74824000000,2,134613087549345,2,0,0,,PAIRED_ROS_CLOCK
C_SHARED_SIM_CLOCK_11008_MONOTONE_SAMPLES,NOT_OBSERVED,,,,"(1452948046641, 6, 18110031447199154478, 4, 5, 15, 3349)",1,135735066638878,1,74840000000,2,134613087549345,2,0,0,,PAIRED_ROS_CLOCK
C_SHARED_SIM_CLOCK_11008_MONOTONE_SAMPLES,NOT_OBSERVED,,,,"(1452948046641, 6, 18110031447199154478, 4, 5, 15, 3350)",1,135735066638878,1,74856000000,2,134613087549345,2,0,0,,PAIRED_ROS_CLOCK
C_SHARED_SIM_CLOCK_11008_MONOTONE_SAMPLES,NOT_OBSERVED,,,,"(1452948046641, 6, 18110031447199154478, 4, 5, 15, 3351)",1,135735066638878,1,74872000000,2,134613087549345,2,0,0,,PAIRED_ROS_CLOCK
C_SHARED_SIM_CLOCK_11008_MONOTONE_SAMPLES,NOT_OBSERVED,,,,"(1452948046641, 6, 18110031447199154478, 4, 5, 15, 3352)",1,135735066638878,1,74888000000,2,134613087549345,2,0,0,,PAIRED_ROS_CLOCK
C_SHARED_SIM_CLOCK_11008_MONOTONE_SAMPLES,NOT_OBSERVED,,,,"(1452948046641, 6, 18110031447199154478, 4, 5, 15, 3353)",1,135735066638878,1,74904000000,2,134613087549345,2,0,0,,PAIRED_ROS_CLOCK
C_SHARED_SIM_CLOCK_11008_MONOTONE_SAMPLES,NOT_OBSERVED,,,,"(1452948046641, 6, 18110031447199154478, 4, 5, 15, 3354)",1,135735066638878,1,74920000000,2,134613087549345,2,0,0,,PAIRED_ROS_CLOCK
C_SHARED_SIM_CLOCK_11008_MONOTONE_SAMPLES,NOT_OBSERVED,,,,"(1452948046641, 6, 18110031447199154478, 4, 5, 15, 3355)",1,135735066638878,1,74936000000,2,134613087549345,2,0,0,,PAIRED_ROS_CLOCK
C_SHARED_SIM_CLOCK_11008_MONOTONE_SAMPLES,NOT_OBSERVED,,,,"(1452948046641, 6, 18110031447199154478, 4, 5, 15, 3356)",1,135735066638878,1,74952000000,2,134613087549345,2,0,0,,PAIRED_ROS_CLOCK
C_SHARED_SIM_CLOCK_11008_MONOTONE_SAMPLES,NOT_OBSERVED,,,,"(1452948046641, 6, 18110031447199154478, 4, 5, 15, 3357)",1,135735066638878,1,74968000000,2,134613087549345,2,0,0,,PAIRED_ROS_CLOCK
C_SHARED_SIM_CLOCK_11008_MONOTONE_SAMPLES,NOT_OBSERVED,,,,"(1452948046641, 6, 18110031447199154478, 4, 5, 15, 3358)",1,135735066638878,1,74984000000,2,134613087549345,2,0,0,,PAIRED_ROS_CLOCK
C_SHARED_SIM_CLOCK_11008_MONOTONE_SAMPLES,NOT_OBSERVED,,,,"(1452948046641, 6, 18110031447199154478, 4, 5, 15, 3359)",1,135735066638878,1,75000000000,2,134613087549345,2,0,0,,PAIRED_ROS_CLOCK
C_SHARED_SIM_CLOCK_11008_MONOTONE_SAMPLES,NOT_OBSERVED,,,,"(1452948046641, 6, 18110031447199154478, 4, 5, 15, 3360)",1,135735066638878,1,75016000000,2,134613087549345,2,0,0,,PAIRED_ROS_CLOCK
C_SHARED_SIM_CLOCK_11008_MONOTONE_SAMPLES,NOT_OBSERVED,,,,"(1452948046641, 6, 18110031447199154478, 4, 5, 15, 3361)",1,135735066638878,1,75032000000,2,134613087549345,2,0,0,,PAIRED_ROS_CLOCK
C_SHARED_SIM_CLOCK_11008_MONOTONE_SAMPLES,NOT_OBSERVED,,,,"(1452948046641, 6, 18110031447199154478, 4, 5, 15, 3362)",1,135735066638878,1,75048000000,2,134613087549345,2,0,0,,PAIRED_ROS_CLOCK
C_SHARED_SIM_CLOCK_11008_MONOTONE_SAMPLES,NOT_OBSERVED,,,,"(1452948046641, 6, 18110031447199154478, 4, 5, 15, 3363)",1,135735066638878,1,75064000000,2,134613087549345,2,0,0,,PAIRED_ROS_CLOCK
C_SHARED_SIM_CLOCK_11008_MONOTONE_SAMPLES,NOT_OBSERVED,,,,"(1452948046641, 6, 18110031447199154478, 4, 5, 15, 3364)",1,135735066638878,1,75080000000,2,134613087549345,2,0,0,,PAIRED_ROS_CLOCK
C_SHARED_SIM_CLOCK_11008_MONOTONE_SAMPLES,NOT_OBSERVED,,,,"(1452948046641, 6, 18110031447199154478, 4, 5, 15, 3365)",1,135735066638878,1,75096000000,2,134613087549345,2,0,0,,PAIRED_ROS_CLOCK
C_SHARED_SIM_CLOCK_11008_MONOTONE_SAMPLES,NOT_OBSERVED,,,,"(1452948046641, 6, 18110031447199154478, 4, 5, 15, 3366)",1,135735066638878,1,75112000000,2,134613087549345,2,0,0,,PAIRED_ROS_CLOCK
C_SHARED_SIM_CLOCK_11008_MONOTONE_SAMPLES,NOT_OBSERVED,,,,"(1452948046641, 6, 18110031447199154478, 4, 5, 15, 3367)",1,135735066638878,1,75128000000,2,134613087549345,2,0,0,,PAIRED_ROS_CLOCK
C_SHARED_SIM_CLOCK_11008_MONOTONE_SAMPLES,NOT_OBSERVED,,,,"(1452948046641, 6, 18110031447199154478, 4, 5, 15, 3368)",1,135735066638878,1,75144000000,2,134613087549345,2,0,0,,PAIRED_ROS_CLOCK
C_SHARED_SIM_CLOCK_11008_MONOTONE_SAMPLES,NOT_OBSERVED,,,,"(1452948046641, 6, 18110031447199154478, 4, 5, 15, 3369)",1,135735066638878,1,75160000000,2,134613087549345,2,0,0,,PAIRED_ROS_CLOCK
C_SHARED_SIM_CLOCK_11008_MONOTONE_SAMPLES,NOT_OBSERVED,,,,"(1452948046641, 6, 18110031447199154478, 4, 5, 15, 3370)",1,135735066638878,1,75176000000,2,134613087549345,2,0,0,,PAIRED_ROS_CLOCK
C_SHARED_SIM_CLOCK_11008_MONOTONE_SAMPLES,NOT_OBSERVED,,,,"(1452948046641, 6, 18110031447199154478, 4, 5, 15, 3371)",1,135735066638878,1,75192000000,2,134613087549345,2,0,0,,PAIRED_ROS_CLOCK
C_SHARED_SIM_CLOCK_11008_MONOTONE_SAMPLES,NOT_OBSERVED,,,,"(1452948046641, 6, 18110031447199154478, 4, 5, 15, 3372)",1,135735066638878,1,75208000000,2,134613087549345,2,0,0,,PAIRED_ROS_CLOCK
C_SHARED_SIM_CLOCK_11008_MONOTONE_SAMPLES,NOT_OBSERVED,,,,"(1452948046641, 6, 18110031447199154478, 4, 5, 15, 3373)",1,135735066638878,1,75224000000,2,134613087549345,2,0,0,,PAIRED_ROS_CLOCK
C_SHARED_SIM_CLOCK_11008_MONOTONE_SAMPLES,NOT_OBSERVED,,,,"(1452948046641, 6, 18110031447199154478, 4, 5, 15, 3374)",1,135735066638878,1,75240000000,2,134613087549345,2,0,0,,PAIRED_ROS_CLOCK
C_SHARED_SIM_CLOCK_11008_MONOTONE_SAMPLES,NOT_OBSERVED,,,,"(1452948046641, 6, 18110031447199154478, 4, 5, 15, 3375)",1,135735066638878,1,75256000000,2,134613087549345,2,0,0,,PAIRED_ROS_CLOCK
C_SHARED_SIM_CLOCK_11008_MONOTONE_SAMPLES,NOT_OBSERVED,,,,"(1452948046641, 6, 18110031447199154478, 4, 5, 15, 3376)",1,135735066638878,1,75272000000,2,134613087549345,2,0,0,,PAIRED_ROS_CLOCK
C_SHARED_SIM_CLOCK_11008_MONOTONE_SAMPLES,NOT_OBSERVED,,,,"(1452948046641, 6, 18110031447199154478, 4, 5, 15, 3377)",1,135735066638878,1,75288000000,2,134613087549345,2,0,0,,PAIRED_ROS_CLOCK
C_SHARED_SIM_CLOCK_11008_MONOTONE_SAMPLES,NOT_OBSERVED,,,,"(1452948046641, 6, 18110031447199154478, 4, 5, 15, 3378)",1,135735066638878,1,75304000000,2,134613087549345,2,0,0,,PAIRED_ROS_CLOCK
C_SHARED_SIM_CLOCK_11008_MONOTONE_SAMPLES,NOT_OBSERVED,,,,"(1452948046641, 6, 18110031447199154478, 4, 5, 15, 3379)",1,135735066638878,1,75320000000,2,134613087549345,2,0,0,,PAIRED_ROS_CLOCK
C_SHARED_SIM_CLOCK_11008_MONOTONE_SAMPLES,NOT_OBSERVED,,,,"(1452948046641, 6, 18110031447199154478, 4, 5, 15, 3380)",1,135735066638878,1,75336000000,2,134613087549345,2,0,0,,PAIRED_ROS_CLOCK
C_SHARED_SIM_CLOCK_11008_MONOTONE_SAMPLES,NOT_OBSERVED,,,,"(1452948046641, 6, 18110031447199154478, 4, 5, 15, 3381)",1,135735066638878,1,75352000000,2,134613087549345,2,0,0,,PAIRED_ROS_CLOCK
C_SHARED_SIM_CLOCK_11008_MONOTONE_SAMPLES,NOT_OBSERVED,,,,"(1452948046641, 6, 18110031447199154478, 4, 5, 15, 3382)",1,135735066638878,1,75368000000,2,134613087549345,2,0,0,,PAIRED_ROS_CLOCK
C_SHARED_SIM_CLOCK_11008_MONOTONE_SAMPLES,NOT_OBSERVED,,,,"(1452948046641, 6, 18110031447199154478, 4, 5, 15, 3383)",1,135735066638878,1,75384000000,2,134613087549345,2,0,0,,PAIRED_ROS_CLOCK
C_SHARED_SIM_CLOCK_11008_MONOTONE_SAMPLES,NOT_OBSERVED,,,,"(1452948046641, 6, 18110031447199154478, 4, 5, 15, 3384)",1,135735066638878,1,75400000000,2,134613087549345,2,0,0,,PAIRED_ROS_CLOCK
C_SHARED_SIM_CLOCK_11008_MONOTONE_SAMPLES,NOT_OBSERVED,,,,"(1452948046641, 6, 18110031447199154478, 4, 5, 15, 3385)",1,135735066638878,1,75416000000,2,134613087549345,2,0,0,,PAIRED_ROS_CLOCK
C_SHARED_SIM_CLOCK_11008_MONOTONE_SAMPLES,NOT_OBSERVED,,,,"(1452948046641, 6, 18110031447199154478, 4, 5, 15, 3386)",1,135735066638878,1,75432000000,2,134613087549345,2,0,0,,PAIRED_ROS_CLOCK
C_SHARED_SIM_CLOCK_11008_MONOTONE_SAMPLES,NOT_OBSERVED,,,,"(1452948046641, 6, 18110031447199154478, 4, 5, 15, 3387)",1,135735066638878,1,75448000000,2,134613087549345,2,0,0,,PAIRED_ROS_CLOCK
C_SHARED_SIM_CLOCK_11008_MONOTONE_SAMPLES,NOT_OBSERVED,,,,"(1452948046641, 6, 18110031447199154478, 4, 5, 15, 3388)",1,135735066638878,1,75464000000,2,134613087549345,2,0,0,,PAIRED_ROS_CLOCK
C_SHARED_SIM_CLOCK_11008_MONOTONE_SAMPLES,NOT_OBSERVED,,,,"(1452948046641, 6, 18110031447199154478, 4, 5, 15, 3389)",1,135735066638878,1,75480000000,2,134613087549345,2,0,0,,PAIRED_ROS_CLOCK
C_SHARED_SIM_CLOCK_11008_MONOTONE_SAMPLES,NOT_OBSERVED,,,,"(1452948046641, 6, 18110031447199154478, 4, 5, 15, 3390)",1,135735066638878,1,75496000000,2,134613087549345,2,0,0,,PAIRED_ROS_CLOCK
C_SHARED_SIM_CLOCK_11008_MONOTONE_SAMPLES,NOT_OBSERVED,,,,"(1452948046641, 6, 18110031447199154478, 4, 5, 15, 3391)",1,135735066638878,1,75512000000,2,134613087549345,2,0,0,,PAIRED_ROS_CLOCK
C_SHARED_SIM_CLOCK_11008_MONOTONE_SAMPLES,NOT_OBSERVED,,,,"(1452948046641, 6, 18110031447199154478, 4, 5, 15, 3392)",1,135735066638878,1,75528000000,2,134613087549345,2,0,0,,PAIRED_ROS_CLOCK
C_SHARED_SIM_CLOCK_11008_MONOTONE_SAMPLES,NOT_OBSERVED,,,,"(1452948046641, 6, 18110031447199154478, 4, 5, 15, 3393)",1,135735066638878,1,75544000000,2,134613087549345,2,0,0,,PAIRED_ROS_CLOCK
C_SHARED_SIM_CLOCK_11008_MONOTONE_SAMPLES,NOT_OBSERVED,,,,"(1452948046641, 6, 18110031447199154478, 4, 5, 15, 3394)",1,135735066638878,1,75560000000,2,134613087549345,2,0,0,,PAIRED_ROS_CLOCK
C_SHARED_SIM_CLOCK_11008_MONOTONE_SAMPLES,NOT_OBSERVED,,,,"(1452948046641, 6, 18110031447199154478, 4, 5, 15, 3395)",1,135735066638878,1,75576000000,2,134613087549345,2,0,0,,PAIRED_ROS_CLOCK
C_SHARED_SIM_CLOCK_11008_MONOTONE_SAMPLES,NOT_OBSERVED,,,,"(1452948046641, 6, 18110031447199154478, 4, 5, 15, 3396)",1,135735066638878,1,75592000000,2,134613087549345,2,0,0,,PAIRED_ROS_CLOCK
C_SHARED_SIM_CLOCK_11008_MONOTONE_SAMPLES,NOT_OBSERVED,,,,"(1452948046641, 6, 18110031447199154478, 4, 5, 15, 3397)",1,135735066638878,1,75608000000,2,134613087549345,2,0,0,,PAIRED_ROS_CLOCK
C_SHARED_SIM_CLOCK_11008_MONOTONE_SAMPLES,NOT_OBSERVED,,,,"(1452948046641, 6, 18110031447199154478, 4, 5, 15, 3398)",1,135735066638878,1,75624000000,2,134613087549345,2,0,0,,PAIRED_ROS_CLOCK
C_SHARED_SIM_CLOCK_11008_MONOTONE_SAMPLES,NOT_OBSERVED,,,,"(1452948046641, 6, 18110031447199154478, 4, 5, 15, 3399)",1,135735066638878,1,75640000000,2,134613087549345,2,0,0,,PAIRED_ROS_CLOCK
C_SHARED_SIM_CLOCK_11008_MONOTONE_SAMPLES,NOT_OBSERVED,,,,"(1452948046641, 6, 18110031447199154478, 4, 5, 15, 3400)",1,135735066638878,1,75656000000,2,134613087549345,2,0,0,,PAIRED_ROS_CLOCK
C_SHARED_SIM_CLOCK_11008_MONOTONE_SAMPLES,NOT_OBSERVED,,,,"(1452948046641, 6, 18110031447199154478, 4, 5, 15, 3401)",1,135735066638878,1,75672000000,2,134613087549345,2,0,0,,PAIRED_ROS_CLOCK
C_SHARED_SIM_CLOCK_11008_MONOTONE_SAMPLES,NOT_OBSERVED,,,,"(1452948046641, 6, 18110031447199154478, 4, 5, 15, 3402)",1,135735066638878,1,75688000000,2,134613087549345,2,0,0,,PAIRED_ROS_CLOCK
C_SHARED_SIM_CLOCK_11008_MONOTONE_SAMPLES,NOT_OBSERVED,,,,"(1452948046641, 6, 18110031447199154478, 4, 5, 15, 3403)",1,135735066638878,1,75704000000,2,134613087549345,2,0,0,,PAIRED_ROS_CLOCK
C_SHARED_SIM_CLOCK_11008_MONOTONE_SAMPLES,NOT_OBSERVED,,,,"(1452948046641, 6, 18110031447199154478, 4, 5, 15, 3404)",1,135735066638878,1,75720000000,2,134613087549345,2,0,0,,PAIRED_ROS_CLOCK
C_SHARED_SIM_CLOCK_11008_MONOTONE_SAMPLES,NOT_OBSERVED,,,,"(1452948046641, 6, 18110031447199154478, 4, 5, 15, 3405)",1,135735066638878,1,75736000000,2,134613087549345,2,0,0,,PAIRED_ROS_CLOCK
C_SHARED_SIM_CLOCK_11008_MONOTONE_SAMPLES,NOT_OBSERVED,,,,"(1452948046641, 6, 18110031447199154478, 4, 5, 15, 3406)",1,135735066638878,1,75752000000,2,134613087549345,2,0,0,,PAIRED_ROS_CLOCK
C_SHARED_SIM_CLOCK_11008_MONOTONE_SAMPLES,NOT_OBSERVED,,,,"(1452948046641, 6, 18110031447199154478, 4, 5, 15, 3407)",1,135735066638878,1,75768000000,2,134613087549345,2,0,0,,PAIRED_ROS_CLOCK
C_SHARED_SIM_CLOCK_11008_MONOTONE_SAMPLES,NOT_OBSERVED,,,,"(1452948046641, 6, 18110031447199154478, 4, 5, 15, 3408)",1,135735066638878,1,75784000000,2,134613087549345,2,0,0,,PAIRED_ROS_CLOCK
C_SHARED_SIM_CLOCK_11008_MONOTONE_SAMPLES,NOT_OBSERVED,,,,"(1452948046641, 6, 18110031447199154478, 4, 5, 15, 3409)",1,135735066638878,1,75800000000,2,134613087549345,2,0,0,,PAIRED_ROS_CLOCK
C_SHARED_SIM_CLOCK_11008_MONOTONE_SAMPLES,NOT_OBSERVED,,,,"(1452948046641, 6, 18110031447199154478, 4, 5, 15, 3410)",1,135735066638878,1,75816000000,2,134613087549345,2,0,0,,PAIRED_ROS_CLOCK
C_SHARED_SIM_CLOCK_11008_MONOTONE_SAMPLES,NOT_OBSERVED,,,,"(1452948046641, 6, 18110031447199154478, 4, 5, 15, 3411)",1,135735066638878,1,75832000000,2,134613087549345,2,0,0,,PAIRED_ROS_CLOCK
C_SHARED_SIM_CLOCK_11008_MONOTONE_SAMPLES,NOT_OBSERVED,,,,"(1452948046641, 6, 18110031447199154478, 4, 5, 15, 3412)",1,135735066638878,1,75848000000,2,134613087549345,2,0,0,,PAIRED_ROS_CLOCK
C_SHARED_SIM_CLOCK_11008_MONOTONE_SAMPLES,NOT_OBSERVED,,,,"(1452948046641, 6, 18110031447199154478, 4, 5, 15, 3413)",1,135735066638878,1,75864000000,2,134613087549345,2,0,0,,PAIRED_ROS_CLOCK
C_SHARED_SIM_CLOCK_11008_MONOTONE_SAMPLES,NOT_OBSERVED,,,,"(1452948046641, 6, 18110031447199154478, 4, 5, 15, 3414)",1,135735066638878,1,75880000000,2,134613087549345,2,0,0,,PAIRED_ROS_CLOCK
C_SHARED_SIM_CLOCK_11008_MONOTONE_SAMPLES,NOT_OBSERVED,,,,"(1452948046641, 6, 18110031447199154478, 4, 5, 15, 3415)",1,135735066638878,1,75896000000,2,134613087549345,2,0,0,,PAIRED_ROS_CLOCK
C_SHARED_SIM_CLOCK_11008_MONOTONE_SAMPLES,NOT_OBSERVED,,,,"(1452948046641, 6, 18110031447199154478, 4, 5, 15, 3416)",1,135735066638878,1,75912000000,2,134613087549345,2,0,0,,PAIRED_ROS_CLOCK
C_SHARED_SIM_CLOCK_11008_MONOTONE_SAMPLES,NOT_OBSERVED,,,,"(1452948046641, 6, 18110031447199154478, 4, 5, 15, 3417)",1,135735066638878,1,75928000000,2,134613087549345,2,0,0,,PAIRED_ROS_CLOCK
C_SHARED_SIM_CLOCK_11008_MONOTONE_SAMPLES,NOT_OBSERVED,,,,"(1452948046641, 6, 18110031447199154478, 4, 5, 15, 3418)",1,135735066638878,1,75944000000,2,134613087549345,2,0,0,,PAIRED_ROS_CLOCK
,NOT_OBSERVED,,,,"(1452948046641, 6, 18110031447199154478, 4, 5, 15, 3419)",1,,0,,,,,,,,AMBIGUOUS_OR_UNPAIRED
,NOT_OBSERVED,,,,"(1452948046641, 6, 18110031447199154478, 4, 5, 15, 3420)",1,,0,,,,,,,,AMBIGUOUS_OR_UNPAIRED
,NOT_OBSERVED,,,,"(1452948046641, 6, 18110031447199154478, 4, 5, 15, 3421)",1,,0,,,,,,,,AMBIGUOUS_OR_UNPAIRED
,NOT_OBSERVED,,,,"(1452948046641, 6, 18110031447199154478, 4, 5, 15, 3422)",1,,0,,,,,,,,AMBIGUOUS_OR_UNPAIRED
,NOT_OBSERVED,,,,"(1452948046641, 6, 18110031447199154478, 4, 5, 15, 3423)",1,,0,,,,,,,,AMBIGUOUS_OR_UNPAIRED
,NOT_OBSERVED,,,,"(1452948046641, 6, 18110031447199154478, 4, 5, 15, 3424)",1,,0,,,,,,,,AMBIGUOUS_OR_UNPAIRED
,NOT_OBSERVED,,,,"(1452948046641, 6, 18110031447199154478, 4, 5, 15, 3425)",1,,0,,,,,,,,AMBIGUOUS_OR_UNPAIRED
,NOT_OBSERVED,,,,"(1452948046641, 6, 18110031447199154478, 4, 5, 15, 3426)",1,,0,,,,,,,,AMBIGUOUS_OR_UNPAIRED
,NOT_OBSERVED,,,,"(1452948046641, 6, 18110031447199154478, 4, 5, 15, 3427)",1,,0,,,,,,,,AMBIGUOUS_OR_UNPAIRED
,NOT_OBSERVED,,,,"(1452948046641, 6, 18110031447199154478, 4, 5, 15, 3428)",1,,0,,,,,,,,AMBIGUOUS_OR_UNPAIRED
,NOT_OBSERVED,,,,"(1452948046641, 6, 18110031447199154478, 4, 5, 15, 3429)",1,,0,,,,,,,,AMBIGUOUS_OR_UNPAIRED
,NOT_OBSERVED,,,,"(1452948046641, 6, 18110031447199154478, 4, 5, 15, 3430)",1,,0,,,,,,,,AMBIGUOUS_OR_UNPAIRED
,NOT_OBSERVED,,,,"(1452948046641, 6, 18110031447199154478, 4, 5, 15, 3431)",1,,0,,,,,,,,AMBIGUOUS_OR_UNPAIRED
,NOT_OBSERVED,,,,"(1452948046641, 6, 18110031447199154478, 4, 5, 15, 3432)",1,,0,,,,,,,,AMBIGUOUS_OR_UNPAIRED
,NOT_OBSERVED,,,,"(1452948046641, 6, 18110031447199154478, 4, 5, 15, 3433)",1,,0,,,,,,,,AMBIGUOUS_OR_UNPAIRED
,NOT_OBSERVED,,,,"(1452948046641, 6, 18110031447199154478, 4, 5, 15, 3434)",1,,0,,,,,,,,AMBIGUOUS_OR_UNPAIRED
,NOT_OBSERVED,,,,"(1452948046641, 6, 18110031447199154478, 4, 5, 15, 3435)",1,,0,,,,,,,,AMBIGUOUS_OR_UNPAIRED
,NOT_OBSERVED,,,,"(1452948046641, 6, 18110031447199154478, 4, 5, 15, 3436)",1,,0,,,,,,,,AMBIGUOUS_OR_UNPAIRED
,NOT_OBSERVED,,,,"(1452948046641, 6, 18110031447199154478, 4, 5, 15, 3437)",1,,0,,,,,,,,AMBIGUOUS_OR_UNPAIRED
,NOT_OBSERVED,,,,"(1452948046641, 6, 18110031447199154478, 4, 5, 15, 3438)",1,,0,,,,,,,,AMBIGUOUS_OR_UNPAIRED
,NOT_OBSERVED,,,,"(1452948046641, 6, 18110031447199154478, 4, 5, 15, 3439)",1,,0,,,,,,,,AMBIGUOUS_OR_UNPAIRED
