timestamp_ns,bundle_generation,trajectory_time_s,analytic_role,NavigationCommand_role,recovery_state,safety_suffix_active,planner_position,planner_velocity,planner_acceleration,planner_jerk,LIO_position,LIO_velocity,PX4_input_trajectory_position,PX4_input_trajectory_velocity,PX4_input_trajectory_acceleration,PX4_effective_position_setpoint,PX4_effective_velocity_setpoint,PX4_effective_acceleration_setpoint,PX4_position,PX4_velocity,aligned_lio_tracking_error_m,px4_tracking_error_m,frame_position_residual_m,frame_velocity_residual_mps,delta_v_px4_controller_mps,delta_a_px4_controller_mps2,command_gap_ms,setpoint_gap_ms,external_mode_output_state,external_mode_reason,lio_source_age_ms,ground_truth_source_age_ms,px4_state_source_age_ms,px4_setpoint_source_age_ms,planner_speed_mps,planner_acceleration_mps2,planner_lateral_acceleration_mps2,planner_jerk_mps3,lio_gt_position_error_m,lio_gt_velocity_error_mps,px4_gt_position_error_m,px4_gt_velocity_error_mps,relative_time_from_T_cross_s
11820000000,NOT_RECORDED,NOT_RECORDED,NOT_RECORDED,NOT_RECORDED,NOT_RECORDED,NOT_RECORDED,NOT_RECORDED,NOT_RECORDED,NOT_RECORDED,NOT_RECORDED,"[-0.09270189103422724,-0.09394174263291231,-0.008290762749960457]","[0.00011515379558808448,0.0029986477106655703,-0.00011137846904771257]",NOT_RECORDED,"[0.0,0.0,-0.0]","[0.0,0.0,-0.0]",NOT_RECORDED,NOT_RECORDED,"[0.0,0.0,-100.0]","[-0.0482768714427948,-0.06065661087632179,0.05260944366455078]","[0.002384120598435402,0.0002383149549132213,0.0001753972319420427]",NOT_RECORDED,NOT_RECORDED,0.10156077694806763,0.00240241321062639,NOT_RECORDED,NOT_RECORDED,NOT_RECORDED,NOT_RECORDED,NOT_RECORDED,NOT_RECORDED,12.0,20.0,8.0,8.0,,,,,0.1320639107916547,0.0030029241836392775,0.10156077694806763,0.00240241321062639,-18.508
11836000000,NOT_RECORDED,NOT_RECORDED,NOT_RECORDED,NOT_RECORDED,NOT_RECORDED,NOT_RECORDED,NOT_RECORDED,NOT_RECORDED,NOT_RECORDED,NOT_RECORDED,"[-0.09266975474685017,-0.09409381465247452,-0.008318605514956534]","[0.0002056873107884167,0.0024723639260249898,-0.00019751217161728899]",NOT_RECORDED,"[0.0,0.0,-0.0]","[0.0,0.0,-0.0]",NOT_RECORDED,NOT_RECORDED,"[0.0,0.0,-100.0]","[-0.0482768714427948,-0.06065661087632179,0.05260944366455078]","[0.002384120598435402,0.0002383149549132213,0.0001753972319420427]",NOT_RECORDED,NOT_RECORDED,0.10156077694806763,0.00240241321062639,NOT_RECORDED,NOT_RECORDED,16.0,16.0,NOT_RECORDED,NOT_RECORDED,12.0,16.0,16.0,16.0,,,,,0.13214860126220704,0.0024887550523235605,0.10156077694806763,0.00240241321062639,-18.492
11852000000,NOT_RECORDED,NOT_RECORDED,NOT_RECORDED,NOT_RECORDED,NOT_RECORDED,NOT_RECORDED,NOT_RECORDED,NOT_RECORDED,NOT_RECORDED,NOT_RECORDED,"[-0.09266294940191319,-0.09405460673101854,-0.008322152137702937]","[0.00037480136234729395,0.0024919590974770067,-8.971232393021788e-05]",NOT_RECORDED,"[0.0,0.0,-0.0]","[0.0,0.0,-0.0]",NOT_RECORDED,NOT_RECORDED,"[0.0,0.0,-100.0]","[-0.048209384083747864,-0.0605829618871212,0.05260753631591797]","[0.0023496185895055532,0.0003235302574466914,0.00021338931401260197]",NOT_RECORDED,NOT_RECORDED,0.10148349796873256,0.002381368166195298,NOT_RECORDED,NOT_RECORDED,16.0,16.0,NOT_RECORDED,NOT_RECORDED,16.0,12.0,24.0,24.0,,,,,0.13211578805849863,0.0025215837296787835,0.10148349796873256,0.002381368166195298,-18.476
11868000000,NOT_RECORDED,NOT_RECORDED,NOT_RECORDED,NOT_RECORDED,NOT_RECORDED,NOT_RECORDED,NOT_RECORDED,NOT_RECORDED,NOT_RECORDED,NOT_RECORDED,"[-0.09265518218711778,-0.0940153683540535,-0.008323648515062093]","[0.0006910562060550051,0.002860799713102208,-3.423545109974782e-05]",NOT_RECORDED,"[0.0,0.0,-0.0]","[0.0,0.0,-0.0]",NOT_RECORDED,NOT_RECORDED,"[0.0,0.0,-100.0]","[-0.04816669598221779,-0.060530487447977066,0.05260753631591797]","[0.0023431016597896814,0.0002884378482121974,0.0002692603738978505]",NOT_RECORDED,NOT_RECORDED,0.1014319027118793,0.0023760940489261054,NOT_RECORDED,NOT_RECORDED,16.0,16.0,NOT_RECORDED,NOT_RECORDED,20.0,12.0,16.0,16.0,,,,,0.13208235494588208,0.002943281458597668,0.1014319027118793,0.0023760940489261054,-18.46
11884000000,NOT_RECORDED,NOT_RECORDED,NOT_RECORDED,NOT_RECORDED,NOT_RECORDED,NOT_RECORDED,NOT_RECORDED,NOT_RECORDED,NOT_RECORDED,NOT_RECORDED,"[-0.09264463592228521,-0.09397129054318457,-0.008323622521205758]","[0.0008530951592117083,0.002673186710993667,5.096128496774144e-05]",NOT_RECORDED,"[0.0,0.0,-0.0]","[0.0,0.0,-0.0]",NOT_RECORDED,NOT_RECORDED,"[0.0,0.0,-100.0]","[-0.0481109619140625,-0.06045211851596832,0.052608489990234375]","[0.0021729134023189545,0.0002213044645031914,0.00025647139409556985]",NOT_RECORDED,NOT_RECORDED,0.10135930546111602,0.0021991602706432525,NOT_RECORDED,NOT_RECORDED,16.0,16.0,NOT_RECORDED,NOT_RECORDED,16.0,16.0,16.0,16.0,,,,,0.13204358549303222,0.0028064738721515206,0.10135930546111602,0.0021991602706432525,-18.444
11900000000,NOT_RECORDED,NOT_RECORDED,NOT_RECORDED,NOT_RECORDED,NOT_RECORDED,NOT_RECORDED,NOT_RECORDED,NOT_RECORDED,NOT_RECORDED,NOT_RECORDED,"[-0.09263385254552925,-0.09392680882116507,-0.008323074427952992]","[0.0007133433863992521,0.002904943563076127,1.264737303322481e-05]",NOT_RECORDED,"[0.0,0.0,-0.0]","[0.0,0.0,-0.0]",NOT_RECORDED,NOT_RECORDED,"[0.0,0.0,-100.0]","[-0.04807925224304199,-0.06039692461490631,0.05260944366455078]","[0.002125751692801714,0.00021659235062543303,0.00028964594821445644]",NOT_RECORDED,NOT_RECORDED,0.10131196204880362,0.0021562994414310492,NOT_RECORDED,NOT_RECORDED,16.0,16.0,NOT_RECORDED,NOT_RECORDED,12.0,20.0,8.0,8.0,,,,,0.13200438492148694,0.0029912732820024353,0.10131196204880362,0.0021562994414310492,-18.428
11916000000,NOT_RECORDED,NOT_RECORDED,NOT_RECORDED,NOT_RECORDED,NOT_RECORDED,NOT_RECORDED,NOT_RECORDED,NOT_RECORDED,NOT_RECORDED,NOT_RECORDED,"[-0.09250386634620648,-0.09377018916245766,-0.008307053532955178]","[0.0009371311458256103,0.003381163900469199,-3.7239575209522334e-05]",NOT_RECORDED,"[0.0,0.0,-0.0]","[0.0,0.0,-0.0]",NOT_RECORDED,NOT_RECORDED,"[0.0,0.0,-100.0]","[-0.04807925224304199,-0.06039692461490631,0.05260944366455078]","[0.002125751692801714,0.00021659235062543303,0.00028964594821445644]",NOT_RECORDED,NOT_RECORDED,0.10131196204880362,0.0021562994414310492,NOT_RECORDED,NOT_RECORDED,16.0,16.0,NOT_RECORDED,NOT_RECORDED,12.0,16.0,16.0,16.0,,,,,0.13180229660852655,0.0035088275666202654,0.10131196204880362,0.0021562994414310492,-18.412
11932000000,NOT_RECORDED,NOT_RECORDED,NOT_RECORDED,NOT_RECORDED,NOT_RECORDED,NOT_RECORDED,NOT_RECORDED,NOT_RECORDED,NOT_RECORDED,NOT_RECORDED,"[-0.09231054625966266,-0.09355430093120196,-0.008283584523530757]","[0.001524350633995518,0.003758811530898671,-2.3069322275779236e-05]",NOT_RECORDED,"[0.0,0.0,-0.0]","[0.0,0.0,-0.0]",NOT_RECORDED,NOT_RECORDED,"[0.0,0.0,-100.0]","[-0.0480353869497776,-0.06030924245715141,0.052611351013183594]","[0.002119281329214573,0.00031334091909229755,0.0003750188334379345]",NOT_RECORDED,NOT_RECORDED,0.10124013071507877,0.002174896551417617,NOT_RECORDED,NOT_RECORDED,16.0,16.0,NOT_RECORDED,NOT_RECORDED,16.0,12.0,24.0,24.0,,,,,0.13151386530900075,0.004056210198425324,0.10124013071507877,0.002174896551417617,-18.396
11948000000,NOT_RECORDED,NOT_RECORDED,NOT_RECORDED,NOT_RECORDED,NOT_RECORDED,NOT_RECORDED,NOT_RECORDED,NOT_RECORDED,NOT_RECORDED,NOT_RECORDED,"[-0.09228459586723273,-0.09349661688121447,-0.00828366747666523]","[0.0018094559857104718,0.003526720438696509,9.448099511012012e-05]",NOT_RECORDED,"[0.0,0.0,-0.0]","[0.0,0.0,-0.0]",NOT_RECORDED,NOT_RECORDED,"[0.0,0.0,-100.0]","[-0.048010628670454025,-0.060248102992773056,0.05261421203613281]","[0.0019270427292212844,0.000341533130267635,0.00045196193968877196]",NOT_RECORDED,NOT_RECORDED,0.10119382770608065,0.002008583618932073,NOT_RECORDED,NOT_RECORDED,16.0,16.0,NOT_RECORDED,NOT_RECORDED,20.0,12.0,16.0,16.0,,,,,0.13145461503889766,0.003964948256330736,0.10119382770608065,0.002008583618932073,-18.38
11964000000,NOT_RECORDED,NOT_RECORDED,NOT_RECORDED,NOT_RECORDED,NOT_RECORDED,NOT_RECORDED,NOT_RECORDED,NOT_RECORDED,NOT_RECORDED,NOT_RECORDED,"[-0.09225517250408884,-0.09343677815634853,-0.008282865903194542]","[0.0018640398348755594,0.004078760667942487,-2.8254893266626226e-05]",NOT_RECORDED,"[0.0,0.0,-0.0]","[0.0,0.0,-0.0]",NOT_RECORDED,NOT_RECORDED,"[0.0,0.0,-100.0]","[-0.047979846596717834,-0.060152582824230194,0.05262184143066406]","[0.0018419650150462985,0.0002517351822461933,0.0005500629195012152]",NOT_RECORDED,NOT_RECORDED,0.10112732840691147,0.0019387560274684475,NOT_RECORDED,NOT_RECORDED,16.0,16.0,NOT_RECORDED,NOT_RECORDED,16.0,16.0,16.0,16.0,,,,,0.13139142948225768,0.00448461051055173,0.10112732840691147,0.0019387560274684475,-18.364
11980000000,NOT_RECORDED,NOT_RECORDED,NOT_RECORDED,NOT_RECORDED,NOT_RECORDED,NOT_RECORDED,NOT_RECORDED,NOT_RECORDED,NOT_RECORDED,NOT_RECORDED,"[-0.0922244735847455,-0.09337126713968306,-0.008283128959404435]","[0.0020181941561480824,0.004285044254167566,-2.7972053040710505e-05]",NOT_RECORDED,"[0.0,0.0,-0.0]","[0.0,0.0,-0.0]",NOT_RECORDED,NOT_RECORDED,"[0.0,0.0,-100.0]","[-0.047962360084056854,-0.060090214014053345,0.0526275634765625]","[0.0017764187650755048,0.0002771719009615481,0.0005403708200901747]",NOT_RECORDED,NOT_RECORDED,0.1010856591252419,0.0018773621160553837,NOT_RECORDED,NOT_RECORDED,16.0,16.0,NOT_RECORDED,NOT_RECORDED,12.0,20.0,8.0,8.0,,,,,0.1313232802991373,0.004736612117097626,0.1010856591252419,0.0018773621160553837,-18.348
11996000000,NOT_RECORDED,NOT_RECORDED,NOT_RECORDED,NOT_RECORDED,NOT_RECORDED,NOT_RECORDED,NOT_RECORDED,NOT_RECORDED,NOT_RECORDED,NOT_RECORDED,"[-0.09219135429097694,-0.09330299668008524,-0.008283288032098884]","[0.0020787538811623874,0.004399725780650872,-1.2198633668330777e-05]",NOT_RECORDED,"[0.0,0.0,-0.0]","[0.0,0.0,-0.0]",NOT_RECORDED,NOT_RECORDED,"[0.0,0.0,-100.0]","[-0.047962360084056854,-0.060090214014053345,0.0526275634765625]","[0.0017764187650755048,0.0002771719009615481,0.0005403708200901747]",NOT_RECORDED,NOT_RECORDED,0.1010856591252419,0.0018773621160553837,NOT_RECORDED,NOT_RECORDED,16.0,16.0,NOT_RECORDED,NOT_RECORDED,12.0,16.0,16.0,16.0,,,,,0.13125147765973835,0.0048661024907039295,0.1010856591252419,0.0018773621160553837,-18.332
23880000000,1,0.016,MAIN,MAIN,TRACK_MAIN,False,"[-0.2164196260561486,-0.2231716102882111,2.899768450501073]","[0.006758495066181557,0.01664702924426396,0.04215510290356902]","[0.00017042791401952235,3.427374313940867e-06,-7.210188212698527e-06]","[0.02118694573271799,0.00042650536052011066,-0.0008965473141249737]","[-0.2148422991373045,-0.22321761762205744,2.8957196879145335]","[0.00921867437728768,0.01629341965347931,0.06159427666272751]","[-0.2164196260561486,-0.2231716102882111,2.899768450501073]","[0.0,0.0,-0.0]","[0.0,0.0,-0.0]",NOT_RECORDED,"[0.0013462554197758436,0.0018877873662859201,0.033333078026771545]","[-0.012323347851634026,-0.027622420340776443,-0.197434663772583]","[-0.04991918429732323,-0.05988136678934097,2.951888084411621]","[0.008503004908561707,0.010829076170921326,0.054798565804958344]",0.004345406237147258,0.23896141313353056,0.1088102793660871,0.014506598321686652,0.07717708813694513,0.19976908017692804,11884.0,11884.0,NOT_RECORDED,NOT_RECORDED,12.0,20.0,12.0,12.0,0.045824158901495105,0.00017061479298641165,0.00016946803644390693,0.021210195034231865,0.13030401433759722,0.018853801790213537,0.1088102793660871,0.014506598321686652,-6.448
23896000000,1,0.016,MAIN,MAIN,TRACK_MAIN,False,"[-0.2164196260561486,-0.2231716102882111,2.899768450501073]","[0.006758495066181557,0.01664702924426396,0.04215510290356902]","[0.00017042791401952235,3.427374313940867e-06,-7.210188212698527e-06]","[0.02118694573271799,0.00042650536052011066,-0.0008965473141249737]","[-0.21468677514869966,-0.22294417249234205,2.8966950160601312]","[0.009654703219104135,0.017293952901342474,0.05985802479270352]","[-0.2164196260561486,-0.2231716102882111,2.899768450501073]","[0.0,0.0,-0.0]","[0.0,0.0,-0.0]",NOT_RECORDED,"[-0.00015736185014247894,-0.00022945180535316467,-0.0006320476531982422]","[-0.0169168240390718,-0.0347286993637681,-0.3252888470888138]","[-0.04991918429732323,-0.05988136678934097,2.951888084411621]","[0.008503004908561707,0.010829076170921326,0.054798565804958344]",0.0035356045425361166,0.23896141313353056,0.10863394893017894,0.014062813841748917,0.04533633287837143,0.3276000135418524,16.0,16.0,NOT_RECORDED,NOT_RECORDED,12.0,16.0,12.0,12.0,0.045824158901495105,0.00017061479298641165,0.00016946803644390693,0.021210195034231865,0.12999210038690637,0.019514428427325693,0.10863394893017894,0.014062813841748917,-6.432
23912000000,1,0.016,MAIN,MAIN,TRACK_MAIN,False,"[-0.2164196260561486,-0.2231716102882111,2.899768450501073]","[0.006758495066181557,0.01664702924426396,0.04215510290356902]","[0.00017042791401952235,3.427374313940867e-06,-7.210188212698527e-06]","[0.02118694573271799,0.00042650536052011066,-0.0008965473141249737]","[-0.21498221501664017,-0.2229394644691646,2.8975632189479397]","[0.009201211203902054,0.01761831285409455,0.05651484848415374]","[-0.2164196260561486,-0.2231716102882111,2.899768450501073]","[0.0,0.0,-0.0]","[0.0,0.0,-0.0]","[-0.05048800384004911,-0.0603611059486866,2.9506746927897134]","[-0.001161627471446991,-0.0011808490380644798,-0.0024323463439941406]","[-0.0200896505266428,-0.03782271593809128,-0.3201642682154973]","[-0.04975491389632225,-0.05963641777634621,2.952880859375]","[0.008607735857367516,0.011094491928815842,0.05202585086226463]",0.002642553382759823,0.2394615072315417,0.10894126136784733,0.014195441991923916,0.04425018449130932,0.32304331960670296,16.0,16.0,NOT_RECORDED,NOT_RECORDED,16.0,12.0,20.0,20.0,0.045824158901495105,0.00017061479298641165,0.00016946803644390693,0.021210195034231865,0.13019392011079384,0.01906420800485421,0.10894126136784733,0.014195441991923916,-6.416
23928000000,1,0.016,MAIN,MAIN,TRACK_MAIN,False,"[-0.2164196260561486,-0.2231716102882111,2.899768450501073]","[0.006758495066181557,0.01664702924426396,0.04215510290356902]","[0.00017042791401952235,3.427374313940867e-06,-7.210188212698527e-06]","[0.02118694573271799,0.00042650536052011066,-0.0008965473141249737]","[-0.21664823521301338,-0.22376115905034835,2.8981454595806273]","[0.005461094812379914,0.01555634901030765,0.05048016488869844]","[-0.2164196260561486,-0.2231716102882111,2.899768450501073]","[0.0,0.0,-0.0]","[0.0,0.0,-0.0]","[-0.05174183721343676,-0.06081237271428108,2.9519627888997397]","[-0.0032903477549552917,-0.0022330163046717644,-0.002048969268798828]","[-0.02656431682407856,-0.0411098375916481,-0.298980916539828]","[-0.04950694367289543,-0.059261150658130646,2.954237937927246]","[0.00871400535106659,0.01140639465302229,0.043996021151542664]",0.0017418178485101435,0.2401945198729293,0.10947826301101259,0.01571271120024874,0.04568203403386529,0.30299142772750615,16.0,16.0,NOT_RECORDED,NOT_RECORDED,20.0,12.0,20.0,20.0,0.045824158901495105,0.00017061479298641165,0.00016946803644390693,0.021210195034231865,0.13196911679365872,0.01486651609239759,0.10947826301101259,0.01571271120024874,-6.4
23944000000,1,0.016,MAIN,MAIN,TRACK_MAIN,False,"[-0.2164196260561486,-0.2231716102882111,2.899768450501073]","[0.006758495066181557,0.01664702924426396,0.04215510290356902]","[0.00017042791401952235,3.427374313940867e-06,-7.210188212698527e-06]","[0.02118694573271799,0.00042650536052011066,-0.0008965473141249737]","[-0.21655184787934267,-0.22350260183916928,2.8989042666298817]","[0.00630913544115434,0.01623735176355938,0.0439248642549432]","[-0.2164196260561486,-0.2231716102882111,2.899768450501073]","[0.0,0.0,-0.0]","[0.0,0.0,-0.0]","[-0.052055295556783676,-0.0609251894056797,2.952284812927246]","[-0.004006728529930115,-0.002781369723379612,-0.0025396347045898438]","[-0.02823459217324853,-0.043070461601018906,-0.2778835594654083]","[-0.049343209713697433,-0.059007540345191956,2.955019950866699]","[0.008665267378091812,0.01160413771867752,0.037468258291482925]",0.0009348003961067742,0.24065971630238694,0.10977398622553051,0.016275612199365956,0.04568338922433975,0.2826489698065467,16.0,16.0,NOT_RECORDED,NOT_RECORDED,16.0,16.0,12.0,12.0,0.045824158901495105,0.00017061479298641165,0.00016946803644390693,0.021210195034231865,0.13172155547769895,0.015717556212080864,0.10977398622553051,0.016275612199365956,-6.384
23960000000,1,0.016,MAIN,MAIN,TRACK_MAIN,False,"[-0.2164196260561486,-0.2231716102882111,2.899768450501073]","[0.006758495066181557,0.01664702924426396,0.04215510290356902]","[0.00017042791401952235,3.427374313940867e-06,-7.210188212698527e-06]","[0.02118694573271799,0.00042650536052011066,-0.0008965473141249737]","[-0.21644738194214144,-0.2232341587897688,2.8995639980665926]","[0.006804579276417363,0.0167883970332572,0.03736210553815973]","[-0.2164196260561486,-0.2231716102882111,2.899768450501073]","[0.0,0.0,-0.0]","[0.0,0.0,-0.0]","[-0.05199505388736725,-0.06076359003782272,2.9527591466903687]","[-0.0041623804718256,-0.0029251445084810257,-0.002747178077697754]","[-0.028564815409481525,-0.04372903145849705,-0.2545238062739372]","[-0.049097057431936264,-0.05861944705247879,2.9559926986694336]","[0.00868056621402502,0.0118265300989151,0.02773405611515045]",0.00021560032982173636,0.24132016591793723,0.11027592607557565,0.01833581694241771,0.04560470312616424,0.25986409018986895,16.0,16.0,NOT_RECORDED,NOT_RECORDED,12.0,20.0,12.0,12.0,0.045824158901495105,0.00017061479298641165,0.00016946803644390693,0.021210195034231865,0.13146418575025345,0.016217088934773288,0.11027592607557565,0.01833581694241771,-6.368
23976000000,1,0.016,MAIN,MAIN,TRACK_MAIN,False,"[-0.2164196260561486,-0.2231716102882111,2.899768450501073]","[0.006758495066181557,0.01664702924426396,0.04215510290356902]","[0.00017042791401952235,3.427374313940867e-06,-7.210188212698527e-06]","[0.02118694573271799,0.00042650536052011066,-0.0008965473141249737]","[-0.21633376758336695,-0.22295986691198805,2.900126871755985]","[0.007392961561753862,0.017245274456167112,0.031049825372397977]","[-0.0518266857,-0.0603356399,2.95390797]","[0.00675849523,0.0166470297,0.0421551019]","[0.000170427913,3.42737439e-06,-7.21018841e-06]","[-0.05190778058022261,-0.06053540296852589,2.953402101993561]","[-0.002584994537755847,0.0011920323595404625,0.007817763835191727]","[-0.023749670246616006,-0.031518135918304324,-0.1884705377742648]","[-0.049097057431936264,-0.05861944705247879,2.9559926986694336]","[0.00868056621402502,0.0118265300989151,0.02773405611515045]",0.0004250561500502303,0.24132016591793723,0.11016650935536561,0.014585997774821339,0.05383440959002468,0.1925934479709834,16.0,16.0,NOT_RECORDED,NOT_RECORDED,12.0,16.0,12.0,12.0,0.045824158901495105,0.00017061479298641165,0.00016946803644390693,0.021210195034231865,0.1311906550595969,0.016710804377909234,0.11016650935536561,0.014585997774821339,-6.352
23992000000,1,0.032,MAIN,MAIN,TRACK_MAIN,False,"[-0.21631145032396648,-0.2229052570190166,2.9004429304629458]","[0.006764815549598777,0.016647156505980372,0.04215483543303039]","[0.0006742789316431096,1.3587192569107636e-05,-2.853929560144088e-05]","[0.041679514909172,0.0008415771452707409,-0.0017649285988964086]","[-0.21621261394035435,-0.2226825795906026,2.9005975752097553]","[0.007874170143809712,0.017452675159784065,0.02549216631788604]","[-0.0517185107,-0.0600692853,2.95458245]","[0.00676481565,0.0166471563,0.0421548337]","[0.000674278941,1.35871924e-05,-2.85392962e-05]","[-0.05179059753815333,-0.06024685502052307,2.9541327555974326]","[0.0024321330711245537,0.013728486374020576,0.03966779510180155]","[-0.007939639501273632,0.006383978296071291,-0.04070083393404881]","[-0.04894096776843071,-0.05836400389671326,2.956514358520508]","[0.008642112836241722,0.011937119998037815,0.02178739383816719]",0.0002885634515429282,0.24131039649038158,0.11046737984743553,0.014459069331288578,0.08333968124635477,0.04188957299085244,16.0,16.0,NOT_RECORDED,NOT_RECORDED,16.0,12.0,20.0,20.0,0.04582489170244238,0.0006750193929459433,0.0006704719076859944,0.04172535425990456,0.13090797955631492,0.017055627746077478,0.11046737984743553,0.014459069331288578,-6.336
24008000000,1,0.048,MAIN,MAIN,TRACK_MAIN,False,"[-0.21620309509886843,-0.22263890013175808,2.901117402827111]","[0.006781791383186124,0.016647498970295656,0.04215411673351202]","[0.0015005209745432774,3.029755533030891e-05,-6.353971779742613e-05]","[0.061487441635759,0.001245344979609436,-0.002605525017551955]","[-0.21608820910581672,-0.22240396658532222,2.9009832655860737]","[0.0074024454722917835,0.017064191762331943,0.02143947686103018]","[-0.0516101569,-0.0598029308,2.9552567]","[0.00678179134,0.0166474991,0.0421541184]","[0.00150052097,3.0297555e-05,-6.35397155e-05]","[-0.0516462450226148,-0.0598917156457901,2.955031911532084]","[0.002440991811454296,0.013884129002690315,0.04014413555463155]","[-0.006237502209842205,0.008114224765449762,-0.02515027889360984]","[-0.048717767000198364,-0.05798662453889847,2.9571475982666016]","[0.008465931750833988,0.011840632185339928,0.01661851443350315]",0.0002939138684606443,0.24145618606118516,0.11095095820716096,0.014662262274057156,0.08381688597769882,0.02680975644609803,16.0,16.0,NOT_RECORDED,NOT_RECORDED,20.0,12.0,20.0,20.0,0.04582686410735095,0.0015021712394534376,0.0014919877423745158,0.06155522011695025,0.13061286537704064,0.01688141979873481,0.11095095820716096,0.014662262274057156,-6.32
24024000000,1,0.060000000000000005,MAIN,MAIN,TRACK_MAIN,False,"[-0.21612158681051705,-0.222439127582621,2.901623246858235]","[0.0068045728966289664,0.016647959335008754,0.042153151868450645]","[0.0023252227430255747,4.702086566268587e-05,-9.849600367443088e-05]","[0.07589991456407577,0.0015408302881682397,-0.0032179666244731625]","[-0.21683771558172843,-0.2233258350829084,2.902083704602558]","[0.004883574991630681,0.012904712510660082,0.021836436601487232]","[-0.0515286475,-0.0596031584,2.95576262]","[0.00680457288,0.0166479591,0.0421531536]","[0.00232522283,4.70208652e-05,-9.84960061e-05]","[-0.051610156893730164,-0.05980293080210686,2.955256700515747]","[0.0022819763980805874,0.013643394224345684,0.03997783362865448]","[-0.005672763334587216,0.008614432532340288,-0.019840409979224205]","[-0.048574451357126236,-0.0577380508184433,2.9575281143188477]","[0.008306377567350864,0.011714919470250607,0.015924440696835518]",0.001229272932399273,0.24150329499140402,0.11126992510044173,0.01474293250323928,0.08365793280748836,0.021675563726609545,16.0,16.0,NOT_RECORDED,NOT_RECORDED,16.0,16.0,12.0,12.0,0.045829520778318276,0.0023277828999352323,0.0023118690895966424,0.07598372521801731,0.13150694253610684,0.013643370412801486,0.11126992510044173,0.01474293250323928,-6.304
24040000000,1,0.076,MAIN,MAIN,TRACK_MAIN,False,"[-0.2160123609873064,-0.22217275309656576,2.9022976823471445]","[0.006852293734854693,0.016648925409301494,0.0421511299155184]","[0.003689569766194314,7.476320480101343e-05,-0.00015636245289620888]","[0.09453297339143239,0.0019251263736811287,-0.004010850396442232]","[-0.21697256188033026,-0.22341992601263416,2.902620274808146]","[0.004564267176723014,0.01119954530815101,0.0218540966095596]","[-0.051419422,-0.0593367815,2.95643711]","[0.00685229385,0.0166489258,0.0421511307]","[0.00368956965,7.47632075e-05,-0.000156362454]","[-0.05151478946208954,-0.05956985615193844,2.955846905708313]","[0.002257885178551078,0.013630760833621025,0.04019008204340935]","[-0.0038524767151102424,0.009737132117152214,-0.0178586533293128]","[-0.04837625101208687,-0.05737839266657829,2.9580907821655273]","[0.008047107607126236,0.011476440355181694,0.016078118234872818]",0.0016067021918929395,0.2416028074847156,0.11176934438865353,0.015879598864297368,0.0838637278088519,0.019404561768061337,16.0,16.0,NOT_RECORDED,NOT_RECORDED,12.0,20.0,12.0,12.0,0.04583512190305731,0.003693638289421827,0.0036679400433326957,0.09463760399905816,0.13154288485870938,0.01435346822771012,0.11176934438865353,0.015879598864297368,-6.288
24056000000,1,0.096,MAIN,MAIN,TRACK_MAIN,False,"[-0.21587444359704752,-0.22183975691220834,2.903140668003172]","[0.006946499846475,0.016650836980965596,0.042147136236520964]","[0.005805596714270361,0.00011794390095390864,-0.00024618385593524014]","[0.11689987881269509,0.0023901123233051953,-0.004964385265961864]","[-0.21690208125970176,-0.2232429091728087,2.902969388239205]","[0.004567043606632322,0.010815904796105431,0.021905690530862137]","[-0.0512815043,-0.0590037853,2.95728016]","[0.00694649993,0.0166508369,0.0421471372]","[0.00580559671,0.000117943899,-0.000246183859]","[-0.0513849426060915,-0.05925353243947029,2.9566478729248047]","[0.0023153217043727636,0.013747972901910543,0.04061233252286911]","[-0.0013254426303319633,0.011055629234761,-0.01608058577403426]","[-0.04837625101208687,-0.05737839266657829,2.9580907821655273]","[0.008047107607126236,0.011476440355181694,0.016078118234872818]",0.001747630449974472,0.2410864987825288,0.11178885939580012,0.017304163146622233,0.08426681851895029,0.01721074120120924,16.0,16.0,NOT_RECORDED,NOT_RECORDED,12.0,16.0,12.0,12.0,0.04584632291933157,0.005812010879501361,0.005770167073237702,0.11702965190245468,0.13128152883547192,0.015578227223906779,0.11178885939580012,0.017304163146622233,-6.272
24072000000,1,0.112,MAIN,MAIN,TRACK_MAIN,False,"[-0.21576247371700683,-0.22157332673008182,2.903814987155928]","[0.0070550918232329465,0.0166530454852644,0.04214253029069111]","[0.007814174872579908,0.00015907869522377064,-0.0003315146274218916]","[0.13406547098032712,0.002749948995672712,-0.005697611928213154]","[-0.2168319662024195,-0.22307343403800403,2.9033204846759966]","[0.0042160946622238835,0.010621672770190669,0.022149641597993305]","[-0.0511695333,-0.0587373562,2.95795441]","[0.00705509167,0.016653046,0.042142529]","[0.00781417452,0.0001590787,-0.000331514631]","[-0.05124384661515554,-0.058914968743920326,2.957504908243815]","[0.0024543559023489556,0.013904790704449018,0.04108407845099767]","[0.002125459024682641,0.01185108224550883,-0.015063845862944921]","[-0.04824962094426155,-0.057141803205013275,2.958470344543457]","[0.007887235842645168,0.01136968657374382,0.016474908217787743]",0.0019075295054845065,0.2410093148905186,0.11215287048865535,0.018297397618984596,0.08470649067974348,0.016036844994138908,16.0,16.0,NOT_RECORDED,NOT_RECORDED,16.0,12.0,20.0,20.0,0.04585947125589599,0.007822821544604478,0.00776427739665473,0.13421466205426383,0.1310105535410474,0.016444589405486442,0.11215287048865535,0.018297397618984596,-6.256
24088000000,1,0.128,MAIN,MAIN,TRACK_MAIN,False,"[-0.21564849765811978,-0.2213068557028109,2.904489221195103]","[0.007197990975526744,0.016655957748996652,0.042136466308962575]","[0.01009229552194784,0.0002058853914037454,-0.00042836924871383875]","[0.15059426186248465,0.0030991211339918504,-0.006404928097298903]","[-0.21676426841555718,-0.2229121297590551,2.903676031642682]","[0.004037279526164711,0.009485398180440653,0.02248956263053516]","[-0.051055558,-0.0584708862,2.95862865]","[0.00719799101,0.0166559573,0.042136468]","[0.0100922957,0.000205885386,-0.00042836924]","[-0.05109321574370066,-0.05855970270931721,2.9584039052327475]","[0.002677080143863956,0.01409249814848105,0.04159258554379145]","[0.00689127785153687,0.012412739296754202,-0.014241537700096766]","[-0.048078738152980804,-0.056793197989463806,2.95904541015625]","[0.0074836076237261295,0.011312765069305897,0.017237205058336258]",0.002117339468996315,0.24108244570851445,0.11268227803003325,0.019119940490260015,0.08516746663144543,0.016287575066436504,16.0,16.0,NOT_RECORDED,NOT_RECORDED,20.0,12.0,20.0,20.0,0.0458771598469921,0.010103480484959902,0.010024006442532773,0.15076226106569682,0.13072950703579542,0.016604678876144138,0.11268227803003325,0.019119940490260015,-6.24
24104000000,1,0.14400000000000002,MAIN,MAIN,TRACK_MAIN,False,"[-0.2155319324372546,-0.22104033185149996,2.905163345334697]","[0.007379428874405891,0.01665966316292078,0.04212876321053292]","[0.012629845134403014,0.0002581943668528219,-0.0005363361034029276]","[0.1664956538185276,0.0034377548794504893,-0.0070867023591616]","[-0.21670491413652826,-0.22275580654241922,2.9040371657040054]","[0.003747775044361607,0.009885447560508426,0.02286238874245273]","[-0.0509389937,-0.0582043603,2.95930266]","[0.00737942895,0.016659664,0.0421287641]","[0.0126298452,0.00025819437,-0.000536336098]","[-0.051055558025836945,-0.05847088620066643,2.9586286544799805]","[0.0026217345148324966,0.01388684893026948,0.04142431169748306]","[0.008023909758776426,0.012029070174321532,-0.016283076256513596]","[-0.04798004776239395,-0.0565686859190464,2.959439277648926]","[0.007302010431885719,0.011229223571717739,0.01783127151429653]",0.0023636878056544717,0.24097807618621023,0.11305365324988648,0.02007067036143861,0.08497367994324362,0.018535368845370537,16.0,16.0,NOT_RECORDED,NOT_RECORDED,16.0,16.0,12.0,12.0,0.04590025094554001,0.012643864475147282,0.012538102758026984,0.16668185938906946,0.13044162426818773,0.017807766079105142,0.11305365324988648,0.02007067036143861,-6.224
24120000000,1,0.156,MAIN,MAIN,TRACK_MAIN,False,"[-0.21544242115425663,-0.22084039629555732,2.9056688498001235]","[0.007543253256528869,0.016663014979910684,0.042121804975242164]","[0.014697258298689888,0.00030093606645917987,-0.0006243593519915204]","[0.17801559216482205,0.0036848899225465637,-0.00758149172423247]","[-0.21734727934409845,-0.22364115297351564,2.904542239427466]","[0.0018008481632683505,0.00738657922341214,0.02342848215470491]","[-0.0508494824,-0.058004424,2.95980835]","[0.00754325325,0.0166630149,0.0421218053]","[0.0146972584,0.000300936081,-0.000624359353]","[-0.050952520221471786,-0.05823765508830547,2.9592185020446777]","[0.0028102577198296785,0.013904625549912453,0.04160890728235245]","[0.011395553592592478,0.012038278859108686,-0.01676433440297842]","[-0.04784450680017471,-0.0562334768474102,2.960038185119629]","[0.007006172556430101,0.011216145940124989,0.01855805516242981]",0.003569590119931838,0.24112346100935883,0.11358098130951454,0.020907546560252274,0.08510698042067913,0.020797292617440143,16.0,16.0,NOT_RECORDED,NOT_RECORDED,12.0,20.0,12.0,12.0,0.045921707201335586,0.014713591968480164,0.014583705664406059,0.17821506245067542,0.13128969964362025,0.015884418268404598,0.11358098130951454,0.020907546560252274,-6.208
24136000000,1,0.17600000000000002,MAIN,MAIN,TRACK_MAIN,False,"[-0.21528837304267298,-0.22050707076095147,2.906511150650711]","[0.007874046512444532,0.01666979754731702,0.0421077479404039]","[0.01844352622913361,0.0003786507237703488,-0.0007839894168272231]","[0.19645357393384608,0.004083908853063052,-0.008375089023908482]","[-0.21778119979277896,-0.22420952588908197,2.905009961217283]","[0.00041209985389933034,0.005890528486582812,0.023990985669031517]","[-0.0506954342,-0.0576710999,2.96065068]","[0.00787404645,0.0166697968,0.0421077497]","[0.0184435267,0.00037865073,-0.000783989439]","[-0.05081097036600113,-0.057921092957258224,2.9600189328193665]","[0.003145934664644301,0.014050514902919531,0.04199699591845274]","[0.016108860028907657,0.012406713794916868,-0.016420351807028055]","[-0.04784450680017471,-0.0562334768474102,2.960038185119629]","[0.007006172556430101,0.011216145940124989,0.01855805516242981]",0.004709132499399482,0.24060009438598198,0.11366721216657828,0.02158251424478596,0.08540873239084955,0.024080530436354355,16.0,16.0,NOT_RECORDED,NOT_RECORDED,12.0,16.0,12.0,12.0,0.04596678360905041,0.01846406443719931,0.018283135177383468,0.19667441912729688,0.1317822713680972,0.014740500210993455,0.11366721216657828,0.02158251424478596,-6.192
24152000000,1,0.188,MAIN,MAIN,TRACK_MAIN,False,"[-0.2151924992006954,-0.22030700473455514,2.907016384733477]","[0.008109770184900698,0.016674640994152674,0.042097725992264884]","[0.02086497637357745,0.000429053960257693,-0.000887250821247561]","[0.20706556854598168,0.00431568210087358,-0.008832865677982625]","[-0.21777340329385647,-0.22411209339423657,2.9053949573185864]","[0.00018390936372643686,0.006280754910216443,0.024462909076822643]","[-0.0505995601,-0.0574710332,2.96115589]","[0.00810976978,0.0166746415,0.042097725]","[0.0208649766,0.000429053965,-0.000887250819]","[-0.05065168005724748,-0.05758215797444185,2.960875153541565]","[0.003631206384549538,0.01423661100367705,0.04242766400178274]","[0.021866906123856705,0.013178102982540926,-0.016039937113722164]","[-0.0477636493742466,-0.056012753397226334,2.960446357727051]","[0.0068560317158699036,0.011181033216416836,0.019091956317424774]",0.0048753248617800825,0.24058217471540763,0.11405540979605945,0.022086115278287084,0.08574503436630872,0.028376032479963384,16.0,16.0,NOT_RECORDED,NOT_RECORDED,16.0,12.0,20.0,20.0,0.046000332155926825,0.02088823928411781,0.020668479021862994,0.20729880439923362,0.1315361170307978,0.015489761420114148,0.11405540979605945,0.022086115278287084,-6.176
24168000000,1,0.20800000000000002,MAIN,MAIN,TRACK_MAIN,False,"[-0.21502584897323532,-0.21997342022349897,2.9078581497779856]","[0.008569627971860679,0.016684110385243447,0.04207816492431555]","[0.02517729391755228,0.000519130889877048,-0.001071298644826435]","[0.22401334437770648,0.00468940843211453,-0.009565678685676503]","[-0.21776750971539308,-0.22400983486247883,2.905787771817419]","[0.00010543421667906043,0.006422442297274017,0.024867129159118647]","[-0.0504329093,-0.0571374483,2.96199751]","[0.008569628,0.0166841112,0.0420781635]","[0.0251772944,0.000519130903,-0.00107129861]","[-0.05047666343549887,-0.057226390267411865,2.9617730379104614]","[0.00425055514400204,0.014453946923216185,0.04289002219835917]","[0.029034430471559368,0.01404927826176087,-0.01543270486096541]","[-0.04765675216913223,-0.05568689480423927,2.9610700607299805]","[0.006524906028062105,0.011118270456790924,0.01982273906469345]",0.005300548241687834,0.2404869735900831,0.11458830252016089,0.022455965635998557,0.08607445223974504,0.034775525508435094,16.0,16.0,NOT_RECORDED,NOT_RECORDED,20.0,12.0,20.0,20.0,0.046069187385073165,0.025205422168217032,0.024902983607499055,0.2242665182755681,0.13127783264290424,0.016108532145259043,0.11458830252016089,0.022455965635998557,-6.16
24184000000,1,0.224,MAIN,MAIN,TRACK_MAIN,False,"[-0.2148853570738727,-0.21970640475765324,2.90853125666368]","[0.009001695086232601,0.016693029108969852,0.04205977561491868]","[0.02886550430253287,0.0005964770733379244,-0.0012288570676853875]","[0.23691684190252868,0.004977222006765767,-0.010125198833006143]","[-0.21776605898963716,-0.22390190617955827,2.90618772742029]","[8.2011998321823e-05,0.0067220681569255475,0.02528353564824336]","[-0.0502924174,-0.0568704344,2.96267056]","[0.00900169555,0.0166930296,0.0420597754]","[0.028865505,0.000596477068,-0.00122885709]","[-0.05043290928006172,-0.05713744834065437,2.9619975090026855]","[0.004337389953434467,0.014271110761910677,0.04268517717719078]","[0.03124385606497526,0.013819439336657524,-0.017542356625199318]","[-0.04759630560874939,-0.055476076900959015,2.9614973068237305]","[0.006287204101681709,0.011052795685827732,0.020376088097691536]",0.005602928254343542,0.24033857326191926,0.11497600835313439,0.022879769428238616,0.08580288797145316,0.038961575603642336,16.0,16.0,NOT_RECORDED,NOT_RECORDED,16.0,16.0,12.0,12.0,0.046137971997431,0.02889780637403749,0.028508515222330943,0.2371853333732512,0.1310095257772719,0.016881173137034335,0.11497600835313439,0.022879769428238616,-6.144
24200000000,1,0.24000000000000002,MAIN,MAIN,TRACK_MAIN,False,"[-0.21473747129907264,-0.21943923649711342,2.9092040487749875]","[0.009494400706411681,0.01670322179259748,0.042038794753272456]","[0.03275558142354496,0.000678349760915043,-0.001395180344324086]","[0.24924819354276742,0.005255241841089933,-0.010661344568234593]","[-0.21776406433541884,-0.22378705544247365,2.9065947818284386]","[3.1983043881972405e-05,0.007386529496449024,0.025751793574676645]","[-0.0501445308,-0.0566032641,2.96334338]","[0.00949440058,0.0167032219,0.0420387946]","[0.0327555798,0.000678349752,-0.00139518036]","[-0.050288720056414604,-0.05687035620212555,2.9626704454421997]","[0.004943201784044504,0.01437717117369175,0.04290260002017021]","[0.0375499427318573,0.013816664926707745,-0.017781768925487995]","[-0.04752938449382782,-0.05517597496509552,2.962155342102051]","[0.005941267125308514,0.011156461201608181,0.021008925512433052]",0.005905257741000437,0.24030148323973177,0.11548466430443384,0.02330700153852754,0.08589051207261221,0.04567222689541159,16.0,16.0,NOT_RECORDED,NOT_RECORDED,12.0,20.0,12.0,12.0,0.0462212237758195,0.032792297891209236,0.03229229555957531,0.24953144855737888,0.1307290067571274,0.01787394803848763,0.11548466430443384,0.02330700153852754,-6.128
24216000000,1,0.256,MAIN,MAIN,TRACK_MAIN,False,"[-0.21458119598284345,-0.21917189448579352,2.909876483541067]","[0.010050901850744665,0.016714759611808214,0.04201508507851852]","[0.03683844314272599,0.0007645932301480166,-0.0015698973182433165]","[0.2610164146195729,0.005523590011410289,-0.011174469803793318]","[-0.21807243244492497,-0.22416026242203127,2.9067092120933085]","[-0.0009009045207306833,0.0065911719153427875,0.025579237918221868]","[-0.0499882549,-0.0563359223,2.96401596]","[0.0100509021,0.0167147592,0.0420150869]","[0.0368384421,0.000764593249,-0.00156989729]","[-0.05010546185076237,-0.05653642863035202,2.9635115265846252]","[0.005754692712798715,0.014590917620807886,0.043277472257614136]","[0.04542716592550278,0.014052677201107144,-0.017304183915257454]","[-0.04752938449382782,-0.05517597496509552,2.962155342102051]","[0.005941267125308514,0.011156461201608181,0.021008925512433052]",0.006863246689813649,0.23986256146727072,0.1156057681554683,0.023708513911706662,0.08611361766039483,0.053573943962740615,16.0,16.0,NOT_RECORDED,NOT_RECORDED,12.0,16.0,12.0,12.0,0.046321390210668195,0.03687980576924547,0.036238970866244724,0.2613138869690374,0.13105512605899566,0.016916840741725486,0.1156057681554683,0.023708513911706662,-6.112
24232000000,1,0.272,MAIN,MAIN,TRACK_MAIN,False,"[-0.21441548610326855,-0.21890435664864594,2.910548516242171]","[0.010674211374974523,0.01672771126632557,0.04198851522309116]","[0.041105151125022416,0.0008550537071520708,-0.0017526424787730438]","[0.27223046516292265,0.005782388013355158,-0.011664926355897923]","[-0.21854405763969828,-0.22478757572252545,2.9066741354747094]","[-0.0021680100127131965,0.004905160219386476,0.025040390109717568]","[-0.0498225465,-0.0560683869,2.96468782]","[0.0106742112,0.016727712,0.0419885144]","[0.0411051512,0.000855053717,-0.00175264245]","[-0.049931264171997704,-0.056246706595023475,2.9642398754755654]","[0.006598345624903838,0.014745339440802733,0.04353014069298903]","[0.0529313770433267,0.014627708898236355,-0.017385927960276604]","[-0.047490138560533524,-0.054977286607027054,2.962601661682129]","[0.0057325055822730064,0.011181800626218319,0.021417170763015747]",0.008165059456853615,0.23967829667052895,0.11599154217323826,0.024014347678489503,0.0862126362067586,0.06147587557357004,16.0,16.0,NOT_RECORDED,NOT_RECORDED,16.0,12.0,20.0,20.0,0.04644125884735414,0.041151382984189556,0.04033198539578926,0.2725416164200373,0.13169618865548968,0.014988673804440515,0.11599154217323826,0.024014347678489503,-6.096
24248000000,1,0.28800000000000003,MAIN,MAIN,TRACK_MAIN,False,"[-0.21423924957073906,-0.2186365998310277,2.911220100103217]","[0.011367200266008116,0.016742143011017552,0.04195895962265232]","[0.045546909953530924,0.0009495793573269251,-0.0019430559275329543]","[0.2828992499116212,0.006031756761857914,-0.012133063944548153]","[-0.21857382187063717,-0.22470611278173838,2.907075509440815]","[-0.0018158001923694815,0.005291478420641026,0.025376958031037473]","[-0.0496463105,-0.0558006279,2.96535945]","[0.0113671999,0.0167421438,0.0419589579]","[0.0455469117,0.000949579349,-0.00194305589]","[-0.049703301241000496,-0.055889843652645745,2.9651355346043906]","[0.007776817617317041,0.015019474861522516,0.0439331599821647]","[0.06242440516750018,0.015852926454196375,-0.01727103255689144]","[-0.04744913429021835,-0.05469787120819092,2.963284492492676]","[0.005527366418391466,0.01114452350884676,0.022210601717233658]",0.008532592586122748,0.23959455388769807,0.11648982181453503,0.024317390477959097,0.0864359437927542,0.0709229727291319,16.0,16.0,NOT_RECORDED,NOT_RECORDED,20.0,12.0,20.0,20.0,0.04658397672058781,0.04559822555328702,0.04455340435652879,0.2832235493931862,0.13144431781281674,0.015855511176553205,0.11648982181453503,0.024317390477959097,-6.08
24264000000,1,0.304,MAIN,MAIN,TRACK_MAIN,False,"[-0.21405134947959953,-0.21836859983757032,2.9118911863859194]","[0.012132599921529322,0.016758118686850912,0.04192629842656338]","[0.050155066244839716,0.0010480202760656723,-0.002140783344893002]","[0.29303161831330055,0.0062718165911569874,-0.012579230193527885]","[-0.21860720338715306,-0.22460879523591257,2.9074835960936762]","[-0.002286659161267526,0.006241781948211092,0.025691641342500026]","[-0.0494584106,-0.0555326305,2.9660306]","[0.0121325999,0.0167581178,0.0419262983]","[0.050155066,0.00104802032,-0.00214078324]","[-0.04964631050825119,-0.055800627917051315,2.9653594493865967]","[0.008049692958593369,0.01488683046773076,0.043684154748916626]","[0.06502139195799828,0.01590615464374423,-0.01945020817220211]","[-0.04742980748414993,-0.05451904609799385,2.9637508392333984]","[0.005372152663767338,0.01108538918197155,0.022692006081342697]",0.008895093907359186,0.2393717571290748,0.11686253804966713,0.024623144180744024,0.08609629584062987,0.07570832942883908,16.0,16.0,NOT_RECORDED,NOT_RECORDED,16.0,16.0,12.0,12.0,0.046753064311676154,0.05021167164965807,0.048883749096761124,0.29336854304258103,0.13117773798335514,0.016632497834715897,0.11686253804966713,0.024623144180744024,-6.064
24280000000,1,0.32,MAIN,MAIN,TRACK_MAIN,False,"[-0.21385060632343275,-0.21810033147055552,2.912561724479501]","[0.012973004415457646,0.016775699751696696,0.04189041740889331]","[0.05492110776436976,0.0011502284794636622,-0.0023454759564339608]","[0.30263636452441967,0.006502687254795866,-0.013003770630405158]","[-0.2186400719240337,-0.22450343165187547,2.90789478652361]","[-0.0022048170385919183,0.006477781937865823,0.025952384781829402]","[-0.0492576659,-0.0552643612,2.96670103]","[0.012973004,0.0167756993,0.0418904163]","[0.0549211092,0.00115022843,-0.00234547607]","[-0.04945198819041252,-0.05553249455988407,2.966030240058899]","[0.009126906748861074,0.015050385147333145,0.043848367407917976]","[0.07313591986894608,0.016745728440582752,-0.019963756203651428]","[-0.047416575253009796,-0.054267894476652145,2.9644622802734375]","[0.005199085921049118,0.011050952598452568,0.023350587114691734]",0.009258454652667239,0.2392384204124232,0.11733844909121699,0.024947321715204546,0.08610434813044497,0.0844807740903776,16.0,16.0,NOT_RECORDED,NOT_RECORDED,12.0,20.0,12.0,12.0,0.04695242290248579,0.05498320071697077,0.05330185797437655,0.3029853991939204,0.13089971898691283,0.017196790125879716,0.11733844909121699,0.024947321715204546,-6.048
24296000000,1,0.336,MAIN,MAIN,TRACK_MAIN,False,"[-0.21363580017421072,-0.21783176856779954,2.9132316619899754]","[0.01389087274925226,0.016794945310987144,0.04185120787996374]","[0.059836662541715886,0.0012560578950273793,-0.00255679049940796]","[0.3117222274102647,0.006724487925623092,-0.01340702868653213]","[-0.21867228516096127,-0.2243902184592887,2.9083103765086507]","[-0.001897836143151837,0.006959555342163693,0.0262697121619542]","[-0.0490428619,-0.0549957976,2.96737099]","[0.0138908727,0.016794946,0.0418512076]","[0.0598366633,0.00125605788,-0.0025567906]","[-0.04920396488159895,-0.05519722029566765,2.96686851978302]","[0.01052302960306406,0.015329238958656788,0.04416597541421652]","[0.08324973657727242,0.017840606160461903,-0.019763240590691566]","[-0.047416575253009796,-0.054267894476652145,2.9644622802734375]","[0.005199085921049118,0.011050952598452568,0.023350587114691734]",0.009622811272680953,0.23876044038076177,0.1174824700838952,0.02528088146671651,0.08625753095158853,0.09478826870076126,16.0,16.0,NOT_RECORDED,NOT_RECORDED,12.0,16.0,12.0,12.0,0.04718633419483768,0.05990443258411441,0.057784788658008124,0.3120828643448405,0.13061094812712049,0.01803765896600399,0.1174824700838952,0.02528088146671651,-6.032
24312000000,1,0.35200000000000004,MAIN,MAIN,TRACK_MAIN,False,"[-0.21340567282553824,-0.21756288404004753,2.913900944828026]","[0.01488853108906152,0.01681591214822396,0.04180856659843049]","[0.06489349798598826,0.001365364352383326,-0.002774389189199042]","[0.32029789054494895,0.00693733719579226,-0.013789345697045098]","[-0.21867113184697465,-0.22466127703688904,2.90920063657677]","[-0.001567038725703587,0.006814651625846399,0.02751180531141767]","[-0.0488127321,-0.0547269136,2.96804047]","[0.0148885315,0.016815912,0.0418085679]","[0.064893499,0.0013653643,-0.00277438923]","[-0.04896338346103827,-0.05490611121058464,2.9675939877827964]","[0.01192662570004662,0.015560832805931568,0.044362212220827736]","[0.0924196590979894,0.018519841444989044,-0.01971525978296995]","[-0.04742095619440079,-0.054115138947963715,2.9649457931518555]","[0.005171687342226505,0.011042645201086998,0.023663602769374847]",0.010010251720154583,0.23847781463106493,0.11783546575266628,0.025571563581729562,0.08631199356919268,0.10462879586181639,16.0,16.0,NOT_RECORDED,NOT_RECORDED,16.0,12.0,20.0,20.0,0.04745945111758179,0.06496712657987395,0.06230777927022555,0.32066962966527535,0.1304315642466507,0.01870989779223752,0.11783546575266628,0.025571563581729562,-6.016
24328000000,1,0.36800000000000005,MAIN,MAIN,TRACK_MAIN,False,"[-0.2131589299002146,-0.2172936499078817,2.9145695172954778]","[0.015968174988717942,0.016838654755337877,0.04176239568390177]","[0.07008352000115332,0.001478005573986903,-0.002997939685783699]","[0.3283719822114132,0.007141353076762025,-0.014151060900864511]","[-0.21857133180046937,-0.2261006537124883,2.9115048120058793]","[-0.001287506968950599,0.0033380927658388593,0.03130450407437768]","[-0.0485659912,-0.0544576794,2.96870899]","[0.0159681756,0.0168386549,0.0417623967]","[0.0700835213,0.00147800555,-0.00299793971]","[-0.0486454696704944,-0.05454736575484276,2.9684859911600747]","[0.013801071948061388,0.015908331610262394,0.04470545550187429]","[0.10421296457449596,0.01918544030437867,-0.01926050242036581]","[-0.04743366315960884,-0.05389538034796715,2.9656801223754883]","[0.005252317991107702,0.011149524711072445,0.02419291064143181]",0.010781921389823316,0.2382774695246368,0.11828510435711215,0.026010793132350017,0.08652120999631548,0.11679265628732102,16.0,16.0,NOT_RECORDED,NOT_RECORDED,20.0,12.0,20.0,20.0,0.047776778875292095,0.07016318064760456,0.06684428637247201,0.3287543309978435,0.1306279568471205,0.01862496327573413,0.11828510435711215,0.026010793132350017,-6.0
24344000000,1,0.384,MAIN,MAIN,TRACK_MAIN,False,"[-0.21289424292234133,-0.2170240373381443,2.915237322170379]","[0.017131871598578628,0.016863225362899626,0.04171260253009302]","[0.07539877210137524,0.0015938411658312885,-0.003227115060191425]","[0.3359530754014252,0.007336652999296091,-0.014492511440694956]","[-0.2185916027667418,-0.22604010126007953,2.9120078934967837]","[-0.0009407185184145552,0.004055941484042868,0.031594093556438115]","[-0.0483013019,-0.0541880652,2.9693768]","[0.0171318725,0.016863225,0.0417126007]","[0.075398773,0.00159384112,-0.00322711514]","[-0.04856599122285843,-0.05445767939090729,2.9687089920043945]","[0.014285848010331392,0.015839110128581524,0.04441933333873749]","[0.10680815018713474,0.018947351723909378,-0.021095454692840576]","[-0.04744803160429001,-0.053756628185510635,2.9661760330200195]","[0.005319303832948208,0.011160304769873619,0.024541445076465607]",0.011143541959307628,0.23795681959955267,0.11862729011895388,0.02631049226266447,0.08618018613781343,0.12185401546463215,16.0,16.0,NOT_RECORDED,NOT_RECORDED,16.0,16.0,12.0,12.0,0.04814364551987779,0.0754846304599071,0.07136611682766512,0.3363455488582634,0.13033911502707432,0.019470337970822902,0.11862729011895388,0.02631049226266447,-5.984
24360000000,1,0.4,MAIN,MAIN,TRACK_MAIN,False,"[-0.21261025135420147,-0.216754016679879,2.9159043007906926]","[0.018381561860211185,0.016889673970182165,0.041659099718518396]","[0.08083143452635722,0.0017127326081563224,-0.003461593760965263]","[0.3430496878155795,0.007523353813463224,-0.014814032363025144]","[-0.2186048408778776,-0.22597312726978624,2.9125151320272034]","[-0.0007248223755673753,0.0045933599732830895,0.031806522936882874]","[-0.0480173118,-0.053918045,2.97004366]","[0.0183815621,0.0168896746,0.0416590981]","[0.0808314309,0.0017127326,-0.00346159376]","[-0.04829165153205395,-0.05418786220252514,2.9693763256073]","[0.015927177853882313,0.016068258322775364,0.04453386180102825]","[0.11607100069522858,0.019703904166817665,-0.021622121334075928]","[-0.04747168347239494,-0.05355788767337799,2.966930389404297]","[0.005610757507383823,0.011208608746528625,0.025133389979600906]",0.011507109477784536,0.2377128201085586,0.11905872931167717,0.026717018823839114,0.08622937079406444,0.13207415042581314,16.0,16.0,NOT_RECORDED,NOT_RECORDED,12.0,20.0,12.0,12.0,0.04856566166127338,0.08092364853330433,0.07584366761323066,0.3434518084358006,0.1300417447595388,0.019991590122232804,0.11905872931167717,0.026717018823839114,-5.968
24376000000,1,0.41600000000000004,MAIN,MAIN,TRACK_MAIN,False,"[-0.21230556459813682,-0.2164835574997918,2.916570393136617]","[0.01971906268692501,0.016918048375074334,0.04160180493271883]","[0.08637382335668235,0.0018345432461573832,-0.0037010595806223436]","[0.3496702818632984,0.00770157178863724,-0.015115956618127946]","[-0.21861130885116245,-0.22589759402832718,2.913025305650825]","[-0.0004785377229194604,0.0049940131996928806,0.032057646253576065]","[-0.0477126241,-0.0536475852,2.9707098]","[0.0197190624,0.0169180483,0.0416018032]","[0.0863738209,0.00183454319,-0.00370105961]","[-0.04794113989919424,-0.05385043006390333,2.9702101945877075]","[0.018017977476119995,0.016410726588219404,0.04479726403951645]","[0.12795690447092056,0.020798994693905115,-0.021716981194913387]","[-0.04747168347239494,-0.05355788767337799,2.966930389404297]","[0.005610757507383823,0.011208608746528625,0.025133389979600906]",0.01187241085993427,0.2371731677054585,0.11920341735692641,0.02666916529502268,0.08646938215945801,0.14440562645523558,16.0,16.0,NOT_RECORDED,NOT_RECORDED,12.0,16.0,12.0,12.0,0.04904866937779477,0.08647254334291726,0.0802462823841804,0.35008157959375014,0.12973544461619435,0.020353864333811582,0.11920341735692641,0.02666916529502268,-5.952
24392000000,1,0.43200000000000005,MAIN,MAIN,TRACK_MAIN,False,"[-0.2119787639636504,-0.21621262861723514,2.9172355379115356]","[0.0211460691301482,0.01694839420384581,0.04154064087302681]","[0.09201838962915533,0.0019591382806942725,-0.003945201622114443]","[0.3558232646628312,0.007871422613497015,-0.015398615060060362]","[-0.2186107565609006,-0.22581154705764672,2.913538549375564]","[-3.2482278944629404e-05,0.005523163823801931,0.03235345989778668]","[-0.047385823,-0.053376656,2.97137499]","[0.0211460683,0.0169483945,0.0415406413]","[0.0920183882,0.00195913832,-0.00394520164]","[-0.04765815722445647,-0.053602430348594986,2.970820665359497]","[0.019709010298053425,0.016624321850637596,0.04484419524669647]","[0.1370853235324224,0.021573324377338093,-0.022655213562150795]","[-0.04748828336596489,-0.05343194678425789,2.967439651489258]","[0.0058203330263495445,0.011241575703024864,0.025587301701307297]",0.012238884151374226,0.23680186149055366,0.11953225095418839,0.026853754914894352,0.08654713808734987,0.15469057905054343,16.0,16.0,NOT_RECORDED,NOT_RECORDED,16.0,12.0,20.0,20.0,0.04959868092890925,0.0921237584371429,0.08454272595052707,0.356243276869955,0.12941789340044704,0.020951469222513574,0.11953225095418839,0.026853754914894352,-5.936
24408000000,1,0.448,MAIN,MAIN,TRACK_MAIN,False,"[-0.21162840459995996,-0.21594119813871643,2.917899672621605]","[0.022664156531649722,0.016980754940763395,0.04147553517186768]","[0.09775771845214327,0.0020863847590000934,-0.0041937142652885145]","[0.3615169880412543,0.008033021396026473,-0.015662336446663528]","[-0.21860242103841485,-0.22571321511491485,2.9140563551635696]","[0.0007908277019198819,0.00666767220053627,0.032590102614188536]","[-0.0470354632,-0.0531052276,2.97203898]","[0.0226641558,0.0169807542,0.0414755344]","[0.0977577195,0.00208638469,-0.00419371435]","[-0.04744028983016809,-0.05342181089023749,2.971264123916626]","[0.02101484624048074,0.01674324677636226,0.04473316669464111]","[0.14353492359320322,0.022226139282186825,-0.023795257943371933]","[-0.047515980899333954,-0.0532597117125988,2.968210220336914]","[0.006233183201402426,0.01123697031289339,0.02606658637523651]",0.012605566633443635,0.23649377338551494,0.11993929068828353,0.027159964554684144,0.08650590351214944,0.1627761995979008,16.0,16.0,NOT_RECORDED,NOT_RECORDED,20.0,12.0,20.0,20.0,0.05022180848438469,0.09786987155233211,0.08870176815907722,0.36194525947736617,0.12908792794384474,0.02210930369539558,0.11993929068828353,0.027159964554684144,-5.92
24424000000,1,0.46,MAIN,MAIN,TRACK_MAIN,False,"[-0.21134929175739278,-0.21573727653777466,2.9183970725719015]","[0.023863375261961025,0.01700637274320349,0.04142407839659027]","[0.10212001761008907,0.0021834806846157445,-0.004382786063413598]","[0.36549088454366646,0.008148873997299346,-0.01584789663025285]","[-0.21858374559604468,-0.22560389464517364,2.914580303908969]","[0.0016006695189628595,0.006713966720665959,0.032925073148539624]","[-0.0467563532,-0.0529013053,2.97253656]","[0.0238633752,0.017006373,0.041424077]","[0.102120019,0.00218348065,-0.00438278588]","[-0.04712305311113596,-0.05317308474332094,2.9718729853630066]","[0.022891988046467304,0.016978845931589603,0.04476690758019686]","[0.1523350514471531,0.02266981964930892,-0.024334339890629053]","[-0.04753194749355316,-0.05314970389008522,2.9687271118164062]","[0.00669868104159832,0.011326240375638008,0.026352517306804657]",0.012816208419309577,0.23622860519310193,0.12025328916314502,0.027498997038739984,0.08666558299145903,0.1722861035647529,16.0,16.0,NOT_RECORDED,NOT_RECORDED,16.0,16.0,12.0,12.0,0.05074082837105445,0.10223734346246797,0.09171245566581189,0.36592505606959846,0.12874526510045087,0.022698437215745007,0.12025328916314502,0.027498997038739984,-5.904
24440000000,1,0.47600000000000003,MAIN,MAIN,TRACK_MAIN,False,"[-0.21095415602195325,-0.21546488949981954,2.919059285970381]","[0.025544292571490695,0.01704235786582296,0.04135191522287747]","[0.10800773891580456,0.0023150527922807425,-0.004638227613153703]","[0.3704008342135696,0.008296306937715575,-0.01607926293856082]","[-0.21933824987016542,-0.22622285741453707,2.9146698098551425]","[0.0002300198751810777,0.005754366025162215,0.03223717657883761]","[-0.0463612154,-0.0526289195,2.97319865]","[0.0255442932,0.0170423575,0.0413519144]","[0.108007737,0.00231505278,-0.00463822763]","[-0.04669833928346634,-0.05286707356572151,2.972618818283081]","[0.025364594534039497,0.017314095050096512,0.04491537809371948]","[0.16364537179470062,0.023172661662101746,-0.02432062942534685]","[-0.04754522442817688,-0.052987828850746155,2.9695072174072266]","[0.007589433342218399,0.011521514505147934,0.02671445906162262]",0.014328098404044089,0.2358946119521148,0.12065772551983464,0.02817720037191336,0.08705769162213493,0.18456185294648675,16.0,16.0,NOT_RECORDED,NOT_RECORDED,12.0,20.0,12.0,12.0,0.051506637797518275,0.10813206874247376,0.09555835262996763,0.3708424859580688,0.1295395803128338,0.020658802870099812,0.12065772551983464,0.02817720037191336,-5.888
24456000000,1,0.49600000000000005,MAIN,MAIN,TRACK_MAIN,False,"[-0.21042117284596915,-0.2151235682112579,2.91988537509955]","[0.02777890705896866,0.01709032993079767,0.041255916761589004]","[0.11547212380347405,0.0024827308293482193,-0.004962498052471393]","[0.3759252905530379,0.008469447859048088,-0.016343134409671074]","[-0.21984553924847933,-0.22660733628945967,2.914896423753529]","[-0.00035531772216874637,0.005520886365319866,0.0318201301390297]","[-0.0458282344,-0.0522875972,2.97402477]","[0.0277789067,0.0170903299,0.0412559174]","[0.115472123,0.0024827309,-0.00496249786]","[-0.04622797016054392,-0.052543588913977146,2.973405182361603]","[0.02807985758408904,0.01768155861645937,0.045095703564584255]","[0.17594405636191368,0.023776655085384846,-0.024124042596668005]","[-0.04754522442817688,-0.052987828850746155,2.9695072174072266]","[0.007589433342218399,0.011521514505147934,0.02671445906162262]",0.01567115971763591,0.2351146524251159,0.12077588146480348,0.027694748202701958,0.08763177789231187,0.19835049101496766,16.0,16.0,NOT_RECORDED,NOT_RECORDED,12.0,16.0,12.0,12.0,0.05259085207879312,0.1156053706147626,0.10005678783809159,0.37637568155601614,0.12998527294535162,0.019440271753865146,0.12077588146480348,0.027694748202701958,-5.872
24472000000,1,0.512,MAIN,MAIN,TRACK_MAIN,False,"[-0.2099616725755934,-0.21484979933847193,2.920544823377541]","[0.029674752053217127,0.01713114333115603,0.04117441652627196]","[0.12151900438038925,0.002619290157337682,-0.005225541264865755]","[0.37986438869433053,0.00859917793819669,-0.016534353229051467]","[-0.2198418974852552,-0.22650916011201316,2.9154057695480353]","[0.0006517193764829889,0.006410945907863781,0.032020130054006446]","[-0.045368731,-0.0520138294,2.97468424]","[0.0296747517,0.0171311442,0.0411744155]","[0.121519007,0.00261929026,-0.00522554107]","[-0.04566988224784533,-0.05219622887670994,2.9742443561553955]","[0.031238777252535026,0.01809691886107127,0.04531223513185978]","[0.18992421527703604,0.02478407385448615,-0.023827210689584415]","[-0.047547969967126846,-0.05288342386484146,2.9700279235839844]","[0.008297497406601906,0.011664874851703644,0.026919594034552574]",0.01612356698053037,0.23464844935583398,0.12106699860058279,0.027727310854857953,0.08839124657634273,0.21280235937149267,16.0,16.0,NOT_RECORDED,NOT_RECORDED,16.0,12.0,20.0,20.0,0.053566776620695256,0.1216595059501731,0.10337857170483415,0.38032129114215163,0.1296929165057109,0.02010320377571809,0.12106699860058279,0.027727310854857953,-5.856
24488000000,1,0.528,MAIN,MAIN,TRACK_MAIN,False,"[-0.20947106216731196,-0.2145753598844412,2.9212029338546692]","[0.03166783340666439,0.01717415795711598,0.041088683866119836]","[0.1276255531600378,0.0027578635356719614,-0.005491504957723773]","[0.3833851571823033,0.008721222804510449,-0.01670824733907041]","[-0.21982028670132833,-0.2263947536998865,2.915917544375033]","[0.0018994529630187679,0.007487364734948862,0.03223585153960175]","[-0.0448781215,-0.0517393872,2.97534227]","[0.0316678323,0.0171741582,0.0410886854]","[0.127625555,0.00275786361,-0.00549150491]","[-0.04503647362192472,-0.051830755546689034,2.9751226902008057]","[0.03475984589507183,0.018548314770062763,0.045550109818577766]","[0.20523356894652048,0.02647802544136842,-0.023818116014202435]","[-0.04752630740404129,-0.05273072421550751,2.9708213806152344]","[0.00954982079565525,0.011743925511837006,0.027409981936216354]",0.01657527859710125,0.23426860640955885,0.12145824559080137,0.02820144945075441,0.0893737028473527,0.22822420451551076,16.0,16.0,NOT_RECORDED,NOT_RECORDED,20.0,12.0,20.0,20.0,0.054645066712907905,0.12777340982140112,0.10643166656825534,0.38384815227385016,0.12938526856810734,0.021046060987600902,0.12145824559080137,0.02820144945075441,-5.84
24504000000,1,0.544,MAIN,MAIN,TRACK_MAIN,False,"[-0.20894777848605578,-0.21430021437698502,2.92185963845009]","[0.0337590526071384,0.017219405054544605,0.040998674257495295]","[0.13378514110232836,0.0028983288947104745,-0.005760114467934986]","[0.38649561609699606,0.008835694081803635,-0.016865132920273897]","[-0.2197830423940402,-0.22626662517998813,2.9164339453060912]","[0.0027556810783576,0.00822836441041257,0.03246880417496124]","[-0.0443548374,-0.0514642447,2.97599912]","[0.0337590538,0.0172194056,0.0409986749]","[0.133785143,0.00289832894,-0.00576011464]","[-0.044878121465444565,-0.05173938721418381,2.975342273712158]","[0.03560934588313103,0.018555602058768272,0.04520617425441742]","[0.20640092715620995,0.025917737744748592,-0.025931183248758316]","[-0.04749896004796028,-0.05263689160346985,2.9713592529296875]","[0.010459222830832005,0.011926981620490551,0.02775479108095169]",0.017030445606464207,0.23377545367052469,0.12174910268266756,0.028503539891769073,0.08944613317085016,0.23249305915931373,16.0,16.0,NOT_RECORDED,NOT_RECORDED,16.0,16.0,12.0,12.0,0.05583075168969357,0.133940446500807,0.10919960452614831,0.386964292229299,0.1290645720295782,0.02158328954286233,0.12174910268266756,0.028503539891769073,-5.824
24520000000,1,0.56,MAIN,MAIN,TRACK_MAIN,False,"[-0.20839024481600218,-0.21402432685953757,2.9225148684055213]","[0.035949206102036814,0.01726691393045781,0.04090434753098907]","[0.13999126704612094,0.003040565946148106,-0.006031100174507943]","[0.3892037302272752,0.008942702813195553,-0.017005324056992028]","[-0.22111361810837618,-0.22681110680224276,2.917227157971487]","[0.000201659032121688,0.00702336960361964,0.03319389204031246]","[-0.0437973067,-0.0511883572,2.97665429]","[0.0359492078,0.0172669142,0.0409043469]","[0.139991269,0.00304056588,-0.00603110017]","[-0.044337714090943336,-0.05146387219429016,2.975998282432556]","[0.03849462792277336,0.018877163529396057,0.045226896181702614]","[0.21649161726236343,0.026720949448645115,-0.02635211031883955]","[-0.04742461070418358,-0.052499689161777496,2.9721765518188477]","[0.012289858423173428,0.012062590569257736,0.028035996481776237]",0.01879749586712174,0.233380433515447,0.12215430507346006,0.029588823780844802,0.09033638039260096,0.24380358586060027,16.0,16.0,NOT_RECORDED,NOT_RECORDED,12.0,20.0,12.0,12.0,0.057128428851006316,0.140154108251475,0.11167036413676072,0.3896776829672365,0.1301115417930736,0.01887900645029256,0.12215430507346006,0.029588823780844802,-5.808
24536000000,1,0.5760000000000001,MAIN,MAIN,TRACK_MAIN,False,"[-0.20779687252489082,-0.21374766092194206,2.923168554354265]","[0.03823898733731294,0.017316711981447373,0.040805667791014424]","[0.1462375568245682,0.003184456173724091,-0.006304197465030747]","[0.3915174090708348,0.009042359461110584,-0.01712913273733908]","[-0.22200658348077137,-0.22713806229125214,2.9179393249367163]","[-0.0005432192810911388,0.006685026219350863,0.033767280803158106]","[-0.0432039313,-0.050911691,2.97730803]","[0.0382389873,0.0173167121,0.0408056676]","[0.146237552,0.00318445615,-0.00630419748]","[-0.04364896286278963,-0.05111919064074755,2.9768177270889282]","[0.04215747490525246,0.01931760786101222,0.04538328479975462]","[0.22997106611728668,0.028182092122733593,-0.02617268916219473]","[-0.04742461070418358,-0.052499689161777496,2.9721765518188477]","[0.012289858423173428,0.012062590569257736,0.028035996481776237]",0.020212955612236717,0.2326412572476018,0.12221931414299901,0.028818439138764505,0.09167124768768393,0.25772855363862457,16.0,16.0,NOT_RECORDED,NOT_RECORDED,12.0,16.0,12.0,12.0,0.05854221716250772,0.14640801444189894,0.11383656334596697,0.3919962411280199,0.13074080228632495,0.017809853783624048,0.12221931414299901,0.028818439138764505,-5.792
24552000000,1,0.5920000000000001,MAIN,MAIN,TRACK_MAIN,False,"[-0.20716606269582932,-0.21347017973079088,2.9238206263889546]","[0.04062898878230713,0.017368824721959292,0.04070260333593816]","[0.1525177623804562,0.0033298828239308933,-0.0065791467021316]","[0.3934445068341961,0.009134773907278152,-0.01723686885321344]","[-0.2219953401394145,-0.22701994751930496,2.9184793003283227]","[0.0015931438691171188,0.007774870850492907,0.033994049800162796]","[-0.0425731242,-0.0506342091,2.97796011]","[0.0406289883,0.0173688252,0.0407026038]","[0.152517766,0.00332988286,-0.00657914672]","[-0.04309879677991072,-0.0508654440442721,2.977416714032491]","[0.0449772464732329,0.019615545868873596,0.045339146008094154]","[0.23879911502202353,0.02929292432963848,-0.026819882293542225]","[-0.04735087603330612,-0.05241301283240318,2.972726821899414]","[0.01365458033978939,0.012112248688936234,0.028242815285921097]",0.02078541413365302,0.2321036855731066,0.12249405018386327,0.028905368385217168,0.09277376981051062,0.2678537197099629,16.0,16.0,NOT_RECORDED,NOT_RECORDED,16.0,12.0,20.0,20.0,0.06007572488133379,0.1526959106606676,0.11569546301854793,0.39392782803478577,0.13048733625978545,0.018970757174671816,0.12249405018386327,0.028905368385217168,-5.776
24568000000,1,0.608,MAIN,MAIN,TRACK_MAIN,False,"[-0.20649620772681496,-0.21319184605931496,2.92447101412802]","[0.04311970394042365,0.01742327581242354,0.04059512657874831]","[0.15882576088154612,0.0034767308967230894,-0.006855693189939355]","[0.39499282243270706,0.009220055452732736,-0.017328840200297634]","[-0.2219521217042478,-0.22689181050637697,2.9190226498338974]","[0.003535550048944629,0.00860333077803832,0.03412819203715304]","[-0.0419032685,-0.050355874,2.97861052]","[0.0431197025,0.0174232759,0.0405951254]","[0.158825755,0.00347673078,-0.00685569318]","[-0.04267825869222482,-0.05068045606215795,2.9778514305750527]","[0.04704862212141355,0.01980295032262802,0.04514820749560992]","[0.24408612648646036,0.029776183888316154,-0.02815146992603938]","[-0.047198109328746796,-0.05228819325566292,2.973562240600586]","[0.015790406614542007,0.012245719321072102,0.028636133298277855]",0.021360219479444467,0.23168042246892498,0.12289216955229579,0.029505388780981266,0.09366563660909787,0.2752674627296496,16.0,16.0,NOT_RECORDED,NOT_RECORDED,20.0,12.0,20.0,20.0,0.06173203147386426,0.1590116678311528,0.11724878825527658,0.39548024969471607,0.13022285366087005,0.019651851968555498,0.12289216955229579,0.029505388780981266,-5.76
24584000000,1,0.624,MAIN,MAIN,TRACK_MAIN,False,"[-0.20578569289819823,-0.21291262231682379,2.925119646780887]","[0.04571152934565308,0.01748008708723513,0.040483213968258415]","[0.16515555383591546,0.0036248871362262506,-0.007133587140544059]","[0.39617009949054305,0.009298312817813877,-0.017405352478058373]","[-0.22187850430552344,-0.22674215359476785,2.919567243568314]","[0.004901196903848762,0.009142636056543899,0.03424389099915266]","[-0.0411927514,-0.0500766523,2.97925901]","[0.0457115285,0.0174800865,0.040483214]","[0.16515556,0.00362488721,-0.00713358726]","[-0.04153784457594156,-0.05021604150533676,2.9789342880249023]","[0.052780806086957455,0.02046679751947522,0.045488107949495316]","[0.26625244319438934,0.0319855441339314,-0.027794161811470985]","[-0.047064345329999924,-0.05220490321516991,2.9741249084472656]","[0.01736903004348278,0.012309092096984386,0.02894984930753708]",0.021933164290506724,0.23112973158750288,0.12317222532507464,0.029524025036063887,0.09630423375511087,0.2965256014781272,16.0,16.0,NOT_RECORDED,NOT_RECORDED,16.0,16.0,12.0,12.0,0.0635136833516654,0.16534928132619772,0.11850238880723343,0.3966612568004218,0.1299401112884108,0.019727590107190034,0.12317222532507464,0.029524025036063887,-5.744
24600000000,1,0.64,MAIN,MAIN,TRACK_MAIN,False,"[-0.20503289790831603,-0.21263247057769913,2.9257664532119305]","[0.04840476654493996,0.0175392785825865,0.04036684591084851]","[0.1715012662072988,0.0037742400214458146,-0.0074125836404574956]","[0.3969840263407069,0.009369654142166168,-0.017466709289746443]","[-0.22177748163941932,-0.22658552323700631,2.9201130233746575]","[0.006860570694252827,0.009800496440028391,0.034350829958634185]","[-0.0404399596,-0.0497964993,2.97990584]","[0.0484047681,0.0175392777,0.0403668471]","[0.171501264,0.00377423991,-0.00741258357]","[-0.040816355496644974,-0.049936575815081596,2.97958242893219]","[0.05624530650675297,0.02082756068557501,0.04545721225440502]","[0.27675552666187286,0.03274466097354889,-0.028652265667915344]","[-0.04681790992617607,-0.052092086523771286,2.9749755859375]","[0.020016232505440712,0.012527748942375183,0.029346611350774765]",0.022517327367303105,0.23070920241285142,0.12359564941471318,0.03064861994955103,0.09810416831424122,0.3083388585752586,16.0,16.0,NOT_RECORDED,NOT_RECORDED,12.0,20.0,12.0,12.0,0.06542270222375338,0.1717028700828062,0.11946577067988973,0.3974785447314551,0.1296501197031559,0.020332941343920448,0.12359564941471318,0.03064861994955103,-5.728
24616000000,1,0.652,MAIN,MAIN,TRACK_MAIN,False,"[-0.2044395782558046,-0.21242172478735355,2.926250316623637]","[0.050491374819053546,0.017585245277563583,0.040276636384238104]","[0.17626753255242847,0.0038869738706969748,-0.007622409963639352]","[0.3973606167350892,0.009418686208965493,-0.017502962578040824]","[-0.2223329537987313,-0.2269906746539583,2.9204234756174317]","[0.00736422568962449,0.00932147907207225,0.03392445197902847]","[-0.0398466401,-0.0495857522,2.98038983]","[0.050491374,0.0175852459,0.0402766354]","[0.176267534,0.00388697395,-0.00762241008]","[-0.04029162973165512,-0.049743812531232834,2.9800268411636353]","[0.058640869334340096,0.021045011933892965,0.045252975076436996]","[0.2816152051091194,0.032924117520451546,-0.029961922205984592]","[-0.04681790992617607,-0.052092086523771286,2.9749755859375]","[0.020016232505440712,0.012527748942375183,0.029346611350774765]",0.0237987240130106,0.23005289631398912,0.12356279004866326,0.029263801696949185,0.09933764135749336,0.3147902271108315,16.0,16.0,NOT_RECORDED,NOT_RECORDED,12.0,16.0,20.0,12.0,0.06693898132641667,0.17647507680022892,0.12000533347555938,0.3978574180293761,0.1302798433929148,0.019034506750017974,0.12356279004866326,0.029263801696949185,-5.712
24632000000,1,0.668,MAIN,MAIN,TRACK_MAIN,False,"[-0.20360888269841732,-0.21213985688993783,2.9268937551818093]","[0.05336252957448816,0.017648645061092014,0.040152435773868296]","[0.18262733526923894,0.004038157723534652,-0.007902761143313236]","[0.3975570144676334,0.00947818292644058,-0.017538521564399757]","[-0.22321445650285124,-0.22768363204448494,2.9206114796504536]","[0.007148842107962919,0.008280764248349741,0.03320725602702303]","[-0.0390159413,-0.0493038855,2.98103309]","[0.0533625297,0.0176486447,0.0401524343]","[0.182627335,0.00403815787,-0.00790276099]","[-0.03952413983643055,-0.049479808658361435,2.98063063621521]","[0.062142420560121536,0.02138680312782526,0.045170710111657776]","[0.2905978461106618,0.0337496834496657,-0.030488523965080578]","[-0.04650707170367241,-0.05198026821017265,2.975832939147949]","[0.023020470514893532,0.012726225890219212,0.029615964740514755]",0.025796403937527634,0.22962385893275944,0.12398479101914005,0.030453624080121214,0.10140109646228004,0.32519978627316387,16.0,16.0,NOT_RECORDED,NOT_RECORDED,16.0,12.0,20.0,20.0,0.0690742523206379,0.1828428394524418,0.12049268067671196,0.398056548046468,0.1313820381826563,0.01670828245027732,0.12398479101914005,0.030453624080121214,-5.696
24648000000,1,0.6880000000000001,MAIN,MAIN,TRACK_MAIN,False,"[-0.20250457658940912,-0.21178606369687808,2.927695199950039]","[0.05709458080429821,0.017731308361083328,0.03999087085598133]","[0.19057700271790887,0.004228389169541948,-0.008253811713165632]","[0.3973217596075991,0.009543254556871692,-0.017562851517644966]","[-0.22307716109776698,-0.22754768858544236,2.921139307816853]","[0.009737226115798787,0.009084145416628957,0.03320879697256199]","[-0.0379116386,-0.048950091,2.98183465]","[0.0570945814,0.0177313089,0.0399908721]","[0.190577,0.00422838936,-0.00825381186]","[-0.03823413886129856,-0.0490560345351696,2.9815938472747803]","[0.06811851635575294,0.02200572658330202,0.04537120771904787]","[0.31087101499239606,0.035653689255317055,-0.029937118912736576]","[-0.04625694453716278,-0.051902856677770615,2.9764041900634766]","[0.025155017152428627,0.012824603356420994,0.029649779200553894]",0.026732747224019197,0.22879800726081484,0.12425566975100943,0.030624143163008315,0.10515123812247708,0.34567250426933854,16.0,16.0,NOT_RECORDED,NOT_RECORDED,20.0,12.0,12.0,20.0,0.07192676974002196,0.1908025121629884,0.12075246424318295,0.397824217612059,0.1311567173277239,0.017493756429910506,0.12425566975100943,0.030624143163008315,-5.68
24664000000,1,0.7040000000000001,MAIN,MAIN,TRACK_MAIN,False,"[-0.20156639828118736,-0.2115018150064586,2.928333985404917]","[0.060194649498559905,0.017800186102276332,0.03985656151700509]","[0.1969300805447883,0.004381447800089838,-0.008534865589985773]","[0.39675806313364387,0.009588001500855614,-0.017566580573233365]","[-0.2228801927182049,-0.22739286518916593,2.921664993145583]","[0.01309548126673965,0.009849552325112932,0.0332618069746302]","[-0.0369734578,-0.0486658439,2.98247337]","[0.0601946488,0.0178001858,0.0398565605]","[0.196930081,0.00438144803,-0.00853486545]","[-0.037911638617515564,-0.04895009100437164,2.981834650039673]","[0.06929617375135422,0.02207594271749258,0.04499289393424988]","[0.3085373714566231,0.035136111080646515,-0.031395869329571724]","[-0.04597572982311249,-0.05182773247361183,2.976975440979004]","[0.027517089620232582,0.013044406659901142,0.029758380725979805]",0.02740946491575166,0.2281890881359203,0.1245195822392399,0.03084766471346679,0.10632169412208155,0.34681778795433554,16.0,16.0,NOT_RECORDED,NOT_RECORDED,16.0,16.0,12.0,12.0,0.07435581987638197,0.1971636316333234,0.12070281553467752,0.39726247644017026,0.13090440780896345,0.018633024776190693,0.1245195822392399,0.03084766471346679,-5.664
24680000000,1,0.7200000000000001,MAIN,MAIN,TRACK_MAIN,False,"[-0.20057780612068316,-0.21121644465122302,2.928970585935278]","[0.06339628130796737,0.01787151823566104,0.03971775542500291]","[0.20327152347916028,0.004535171169390268,-0.008815869391118792]","[0.39586862874943735,0.009626364391909482,-0.017556640735765287]","[-0.2226414957023153,-0.22722257950619573,2.922191014074795]","[0.016129823889233053,0.011023035609875354,0.03343575550971315]","[-0.0359848663,-0.0483804755,2.98310995]","[0.0633962825,0.0178715177,0.0397177562]","[0.203271523,0.0045351712,-0.00881586969]","[-0.036948252469301224,-0.048665283247828484,2.98247230052948]","[0.07342252135276794,0.02245908323675394,0.044921066612005234]","[0.3184155076742172,0.0359835010021925,-0.03188654035329819]","[-0.04549022763967514,-0.05171306058764458,2.9778356552124023]","[0.03131992369890213,0.013257334940135479,0.029959609732031822]",0.028088526938265246,0.2277746287941095,0.12498503967490217,0.03212400353520383,0.1092039300073533,0.35799837187847694,16.0,16.0,NOT_RECORDED,NOT_RECORDED,12.0,20.0,12.0,12.0,0.07691540641332428,0.20351314352688807,0.12044478207289849,0.39637466335941607,0.13064172600489743,0.019686155996445742,0.12498503967490217,0.03212400353520383,-5.648
24696000000,1,0.7360000000000001,MAIN,MAIN,TRACK_MAIN,False,"[-0.19953717680843253,-0.21092991328014998,2.929604929608764]","[0.06669924869425875,0.017945314584370216,0.03957445511836463]","[0.20959617864087032,0.004689457970614415,-0.009096606745278386]","[0.3946608130409447,0.009658447885508218,-0.01753332303119638]","[-0.2223577125068065,-0.22703781089395078,2.9227186136480396]","[0.019054893430089214,0.012088285417065166,0.03359614872408709]","[-0.0349442363,-0.0480939411,2.98374438]","[0.0666992515,0.0179453138,0.0395744555]","[0.209596172,0.00468945783,-0.00909660663]","[-0.03572470881044865,-0.0483088418841362,2.9832685589790344]","[0.07873217016458511,0.02296764124184847,0.04497059155255556]","[0.3334728479385376,0.037332192063331604,-0.032025255262851715]","[-0.04549022763967514,-0.05171306058764458,2.9778356552124023]","[0.03131992369890213,0.013257334940135479,0.029959609732031822]",0.02876912516237465,0.22673039412871432,0.1248114327927794,0.029766133954413278,0.11293963085777146,0.3734493354196812,16.0,16.0,NOT_RECORDED,NOT_RECORDED,12.0,16.0,12.0,12.0,0.07960503495273427,0.2098458895742112,0.11999753839273904,0.3951681419120383,0.13037889248810822,0.020448763054168227,0.1248114327927794,0.029766133954413278,-5.632
24712000000,1,0.752,MAIN,MAIN,TRACK_MAIN,False,"[-0.19844289134013968,-0.21064218139794386,2.9302369445611287]","[0.0701032426123736,0.018021583363998485,0.039426666560258804]","[0.2158990104128094,0.004844208566775497,-0.00937686592082381]","[0.39314191730295983,0.009684356056431805,-0.017496916389266454]","[-0.2224011195528006,-0.2270393551689971,2.922772522253131]","[0.021211074706944562,0.012436379946449342,0.032819511466955574]","[-0.0338499509,-0.0478062108,2.98437643]","[0.070103243,0.0180215836,0.0394266658]","[0.215899006,0.00484420871,-0.00937686581]","[-0.034761855378746986,-0.04804598602155844,2.9838497241338096]","[0.08265068257848422,0.02331403363496065,0.04484243815143903]","[0.3424254556496938,0.037882055466373764,-0.03282716435690721]","[-0.045121874660253525,-0.051636651158332825,2.978412628173828]","[0.03390727937221527,0.013443274423480034,0.030131198465824127]",0.02997635079792385,0.2260773966899051,0.12503614394325868,0.02968935159848721,0.11604926777416115,0.3839691586600977,16.0,16.0,NOT_RECORDED,NOT_RECORDED,16.0,12.0,20.0,20.0,0.0824239293395352,0.21615682887284848,0.11938007296615788,0.39365022034289276,0.13060733195211288,0.01980281594674766,0.12503614394325868,0.02968935159848721,-5.616
24728000000,1,0.768,MAIN,MAIN,TRACK_MAIN,False,"[-0.1972933362958137,-0.21035320939054236,2.9308665590504432]","[0.07360787437958445,0.01810033120924548,0.039274399064666635]","[0.2221750995562565,0.004999324981437654,-0.009656439792220441]","[0.39131918753910166,0.009704192398765273,-0.017447707643499424]","[-0.22351962722583357,-0.2276278246070475,2.9214009576221476]","[0.021064497908261752,0.011365785451412893,0.02939338729044948]","[-0.0327003971,-0.04751724,2.98500586]","[0.0736078769,0.0181003306,0.0392743982]","[0.222175106,0.00499932515,-0.00965643954]","[-0.03403233177959919,-0.04785416585703691,2.9842710892359414]","[0.08539058392246564,0.02353265229612589,0.04458735014001528]","[0.34569318095843,0.03804021390775839,-0.033871867383519806]","[-0.04449816048145294,-0.05151669308543205,2.9792795181274414]","[0.03804277256131172,0.01373765617609024,0.03028261289000511]",0.03279982129865507,0.22565287339335185,0.12549648918937875,0.030937083617454546,0.11860986028398186,0.3897084463273059,16.0,16.0,NOT_RECORDED,NOT_RECORDED,20.0,12.0,20.0,20.0,0.08537106993856736,0.22244103700208578,0.11861085207557379,0.3918281516026993,0.1323408298890658,0.015833085046700696,0.12549648918937875,0.030937083617454546,-5.6
24744000000,1,0.784,MAIN,MAIN,TRACK_MAIN,False,"[-0.19608690509911286,-0.21006295755019813,2.9314937015101163]","[0.0772126775304736,0.018181563200410318,0.03911766522295264]","[0.22841964232621864,0.00515471088942482,-0.009935125806500297]","[0.3891998144618176,0.009718059825898715,-0.017385981531203368]","[-0.2231466082434706,-0.22743272752602894,2.921859422026871]","[0.024430433083201773,0.012771594020309467,0.02937920482141828]","[-0.0314939655,-0.0472269878,2.98563313]","[0.0772126764,0.0181815624,0.0391176641]","[0.228419647,0.00515471073,-0.00993512571]","[-0.032671958208084106,-0.0475165992975235,2.9850047826766968]","[0.09085892140865326,0.02399982325732708,0.04456350766122341]","[0.3596027195453644,0.0384531170129776,-0.03389591537415981]","[-0.043780367821455,-0.051380839198827744,2.980147361755371]","[0.04251454398036003,0.014212386682629585,0.03030601516366005]",0.03356718314716497,0.2252653427344064,0.12599886166231836,0.0324412085628567,0.12294773259924621,0.40452667619172905,16.0,16.0,NOT_RECORDED,NOT_RECORDED,16.0,16.0,12.0,12.0,0.08844522906483095,0.22869370513764078,0.11770755976970433,0.38970913335165286,0.13212463985711975,0.016907925296876205,0.12599886166231836,0.0324412085628567,-5.584
24760000000,1,0.8,MAIN,MAIN,TRACK_MAIN,False,"[-0.19482199924712204,-0.20977138610013868,2.9321183006007527]","[0.0809171096577556,0.018265282889737444,0.03895648083097191]","[0.23462794958677277,0.0053102716075296204,-0.010212725949722615]","[0.3867909334923828,0.009726060670527283,-0.017312020693470504]","[-0.22271248508928843,-0.22722180010574392,2.922316223656731]","[0.028883368228403518,0.013991102168456011,0.029393267908103874]","[-0.03022906,-0.0469354168,2.98625779]","[0.0809171125,0.0182652827,0.038956482]","[0.234627947,0.0053102714,-0.010212726]","[-0.031177739147096872,-0.04715409502387047,2.9857892990112305]","[0.0968418549746275,0.024507487192749977,0.044575062580406666]","[0.37537282705307007,0.03896732721477747,-0.03373898193240166]","[-0.043780367821455,-0.051380839198827744,2.980147361755371]","[0.04251454398036003,0.014212386682629585,0.03030601516366005]",0.03432895078349516,0.22407126207262168,0.12568782995103336,0.02956693195020255,0.12780391986141668,0.4209051279274652,16.0,16.0,NOT_RECORDED,NOT_RECORDED,12.0,20.0,12.0,12.0,0.09164500309968494,0.23491013916636946,0.1166869083075512,0.38730030796342885,0.13189433541760687,0.018422705709665633,0.12568782995103336,0.02956693195020255,-5.568
24776000000,1,0.8160000000000001,MAIN,MAIN,TRACK_MAIN,False,"[-0.19349702951079034,-0.20947845521880526,2.932740285260844]","[0.08472055423894503,0.0183514923276138,0.03879086481671393]","[0.24079544592640684,0.005465914085222236,-0.010489046713434359]","[0.38409962476089826,0.009728296684651172,-0.017226105675177183]","[-0.2222159440028643,-0.2269919893658395,2.922771529257031]","[0.033028001264566724,0.015126302117835999,0.02951342079972937]","[-0.0289040897,-0.046642486,2.98687959]","[0.084720552,0.0183514915,0.038790863]","[0.240795448,0.00546591403,-0.0104890466]","[-0.02989781741052866,-0.046862184070050716,2.9864132404327393]","[0.10167143493890762,0.024886834900826216,0.044459978118538857]","[0.38595154881477356,0.03955543879419565,-0.03403942659497261]","[-0.04324469715356827,-0.05128718167543411,2.980724334716797]","[0.045592617243528366,0.01447258424013853,0.030338192358613014]",0.035083842779632175,0.22338914791513512,0.12587687844408824,0.02910728900606971,0.1321097636664762,0.4327235187059972,16.0,16.0,NOT_RECORDED,NOT_RECORDED,12.0,16.0,12.0,12.0,0.09496884107133807,0.24108575880097263,0.11556451109825938,0.38460876252963844,0.1316671325047413,0.019345810854217438,0.12587687844408824,0.02910728900606971,-5.552
24792000000,1,0.8320000000000001,MAIN,MAIN,TRACK_MAIN,False,"[-0.19211041710625534,-0.20918412506367395,2.933359584756308]","[0.08862232244886986,0.018440192088617316,0.03862083916848314]","[0.246917668773361,0.005621546895359296,-0.010763899061130809]","[0.38113291310629294,0.00972486903957564,-0.0171285149249839]","[-0.2216583632164422,-0.22674415275968704,2.9232259940703855]","[0.0366246121042538,0.01613993323754902,0.029712085134821552]","[-0.0275174771,-0.0463481545,2.987499]","[0.0886223242,0.0184401926,0.0386208408]","[0.246917665,0.00562154688,-0.0107638994]","[-0.028431350675721962,-0.04654413585861524,2.9870855808258057]","[0.10715109358231227,0.025307180049518745,0.04437515636285146]","[0.39825273056825,0.04025629162788391,-0.03424305096268654]","[-0.04266640916466713,-0.051187191158533096,2.9813003540039062]","[0.04885202646255493,0.014724459499120712,0.03034212626516819]",0.035834694811105475,0.2226990345491475,0.12605911834292347,0.02875367260428004,0.13699184857177257,0.4459751077655419,16.0,16.0,NOT_RECORDED,NOT_RECORDED,16.0,12.0,20.0,20.0,0.09841506967215137,0.24721609669470582,0.11435480893514305,0.3816415288647992,0.13142625155134915,0.019778273976425096,0.12605911834292347,0.02875367260428004,-5.536
24808000000,1,0.8480000000000001,MAIN,MAIN,TRACK_MAIN,False,"[-0.19066059483728062,-0.20888835579466142,2.9339761287288812]","[0.09262165495803021,0.018531381297416778,0.03844642886361608]","[0.25299026751096915,0.005777080224892751,-0.011037098394716076]","[0.3778977680763224,0.009715878325910999,-0.01701952479533528]","[-0.2210438129549328,-0.2264830581743822,2.9236807618367195]","[0.040589062651889794,0.0168554820438108,0.029856259941210894]","[-0.0260676555,-0.0460523851,2.98811555]","[0.0926216543,0.0185313821,0.0384464301]","[0.252990276,0.00577708008,-0.0110370982]","[-0.02654039456198613,-0.046150735268990196,2.9879095554351807]","[0.11429933955272038,0.02586170316984256,0.044395397106806435]","[0.4169028053681056,0.041072845458984375,-0.03433920815587044]","[-0.04171082004904747,-0.0510316863656044,2.982161521911621]","[0.05393194779753685,0.015200469642877579,0.030475124716758728]",0.03658835982194336,0.22232092930913003,0.12656112509963088,0.03022170281945392,0.14314734060143933,0.46474978734784206,16.0,16.0,NOT_RECORDED,NOT_RECORDED,20.0,12.0,20.0,20.0,0.10198191482963899,0.25329679755609075,0.11307104004223163,0.37840558351188336,0.1311764506324756,0.020285684845598475,0.12656112509963088,0.03022170281945392,-5.52
24824000000,1,0.8640000000000001,MAIN,MAIN,TRACK_MAIN,False,"[-0.18914600820903188,-0.20859110759711702,2.9345898472433793]","[0.09671772371680257,0.018625057654523047,0.03826766179773515]","[0.25900900259299947,0.005932425865578756,-0.01130846452096366]","[0.37440110392757064,0.009701424553572627,-0.01689940954246012]","[-0.2203524697302722,-0.2261982807713116,2.924135808385545]","[0.044720307251512,0.018069120813146978,0.030129542995230074]","[-0.024553068,-0.0457551368,2.98872924]","[0.0967177227,0.0186250582,0.0382676609]","[0.259009004,0.00593242608,-0.0113084642]","[-0.02606765553355217,-0.04605238512158394,2.9881155490875244]","[0.11529613845050335,0.025874031241983175,0.04396987333893776]","[0.40983763337135315,0.039873710833489895,-0.0360447634011507]","[-0.0410083644092083,-0.050919417291879654,2.9827356338500977]","[0.057619448751211166,0.015564561821520329,0.03059738501906395]",0.03732482707667703,0.22163740704640486,0.12675718067695863,0.030480399331484012,0.14535177608507316,0.4619545658822432,16.0,16.0,NOT_RECORDED,NOT_RECORDED,16.0,16.0,12.0,12.0,0.10566752004783636,0.2593236172636285,0.11172524483724117,0.3749078477485314,0.13089754263146994,0.021343217301365375,0.12675718067695863,0.030480399331484012,-5.504
24840000000,1,0.88,MAIN,MAIN,TRACK_MAIN,False,"[-0.18756511651342025,-0.2082923407044045,2.9352006708338227]","[0.10090963372548933,0.018721217461891555,0.038084568714539004]","[0.26496974465899625,0.006087497204686558,-0.011577821617976986]","[0.3706497796254471,0.009681607151780932,-0.016768441326371297]","[-0.21959238591130775,-0.2258967245639466,2.924591176117268]","[0.04955968926078959,0.0193395447331829,0.03035620719913975]","[-0.0229721759,-0.0454563685,2.98934007]","[0.100909635,0.0187212173,0.0380845703]","[0.264969736,0.00608749734,-0.0115778213]","[-0.02451991569250822,-0.04575437679886818,2.9887278079986572]","[0.12062789499759674,0.026234005577862263,0.043828997761011124]","[0.4195684343576431,0.039668647572398186,-0.03639870882034302]","[-0.03984779864549637,-0.050732944160699844,2.983592987060547]","[0.06327369809150696,0.016168661415576935,0.030553631484508514]",0.03805550806781555,0.22133048978190262,0.12733814273594976,0.03248661427566616,0.15056976037157407,0.47331682540367287,16.0,16.0,NOT_RECORDED,NOT_RECORDED,12.0,20.0,12.0,12.0,0.10946996179793016,0.2652924219805165,0.11032829712856641,0.3711551875940169,0.130602739425327,0.022855631665598782,0.12733814273594976,0.03248661427566616,-5.488
24856000000,1,0.896,MAIN,MAIN,TRACK_MAIN,False,"[-0.1859163938862372,-0.20799201542007495,2.9358085305484547]","[0.1051964247902144,0.01881985564837621,0.03789718313612957]","[0.27086847364962124,0.0062422092157073655,-0.01184499820164998]","[0.3666505988441898,0.009656524969061393,-0.016626890210865868]","[-0.21875587450491138,-0.22557705351794138,2.925046529226477]","[0.054767425309868605,0.020621444636970625,0.03049866151024262]","[-0.0213234536,-0.045156043,2.98994803]","[0.105196424,0.0188198555,0.0378971845]","[0.27086848,0.00624220911,-0.0118449982]","[-0.02255999529734254,-0.04538128711283207,2.9894920587539673]","[0.12759541347622871,0.02672320371493697,0.04379469808191061]","[0.43552204966545105,0.03993680141866207,-0.03625108674168587]","[-0.03984779864549637,-0.050732944160699844,2.983592987060547]","[0.06327369809150696,0.016168661415576935,0.030553631484508514]",0.038774807861057706,0.21988588925422345,0.12673840898340644,0.028605622293519498,0.15704690975511817,0.48982022420763843,16.0,16.0,NOT_RECORDED,NOT_RECORDED,12.0,16.0,12.0,12.0,0.11338726226927916,0.2711991872693672,0.10888995451106916,0.3671544138170823,0.13031231845556254,0.024194540952323616,0.12673840898340644,0.028605622293519498,-5.472
24872000000,1,0.912,MAIN,MAIN,TRACK_MAIN,False,"[-0.18419833033630856,-0.20769009213963374,2.936413357993636]","[0.10957707326466314,0.01892096579503462,0.03770554129387581]","[0.27670127792199417,0.006396478449063237,-0.012109827092127566]","[0.36241030996686296,0.009626276273244553,-0.01647502416352505]","[-0.2178397694954867,-0.2252390106738839,2.9255008545906565]","[0.06003624267650523,0.021857671865933764,0.030610034931848735]","[-0.0196053907,-0.0448541194,2.99055266]","[0.109577075,0.0189209655,0.0377055407]","[0.276701272,0.00639647851,-0.0121098273]","[-0.02073896024376154,-0.0450551292548577,2.9901491006215415]","[0.13371863464514414,0.027115128623942535,0.043680611376961075]","[0.4470856189727783,0.03990160549680392,-0.03638807932535807]","[-0.03900079056620598,-0.05059918761253357,2.984161376953125]","[0.06727676093578339,0.016559896990656853,0.030523672699928284]",0.03948156153120686,0.2191797234120637,0.12688212318388706,0.028147440652495036,0.16310175637898397,0.5026261536799367,16.0,16.0,NOT_RECORDED,NOT_RECORDED,16.0,12.0,20.0,20.0,0.11741739980143656,0.277039997206929,0.10741892185867809,0.36291228194476316,0.13000920227172252,0.025247760231232326,0.12688212318388706,0.028147440652495036,-5.456
24888000000,1,0.928,MAIN,MAIN,TRACK_MAIN,False,"[-0.18240943274689397,-0.20738653137190396,2.937015085376645]","[0.11405049377766893,0.01902454016028464,0.037509682059813906]","[0.2824643533650347,0.006550223022815963,-0.012372145380266264]","[0.35793560608535885,0.009590958751466004,-0.016313109055714148]","[-0.21684542584496885,-0.22488341814729582,2.925952461770187]","[0.06509137928606577,0.0229792382698675,0.030834176513275528]","[-0.0178164933,-0.0445505604,2.99115443]","[0.114050493,0.0190245397,0.0375096835]","[0.282464355,0.0065502231,-0.0123721454]","[-0.018400986678898335,-0.04465147418280443,2.9909533659617105]","[0.14174342652161917,0.027637353477378685,0.04366768958667914]","[0.4655768871307373,0.039695308854182564,-0.036228795846303306]","[-0.03761591762304306,-0.050379473716020584,2.984999656677246]","[0.07349763810634613,0.017321789637207985,0.030501889064908028]",0.04017910288370938,0.21890385391440964,0.1274608391116038,0.02973447116969351,0.1706368118365924,0.5215403520561636,16.0,16.0,NOT_RECORDED,NOT_RECORDED,20.0,12.0,20.0,20.0,0.1215583173109463,0.28281104349881087,0.10592292292799792,0.3584354922723601,0.12969275447997872,0.026006484109269236,0.1274608391116038,0.02973447116969351,-5.44
24904000000,1,0.9440000000000001,MAIN,MAIN,TRACK_MAIN,False,"[-0.18054822584955835,-0.20708129375998832,2.937613645547386]","[0.1186155409466446,0.019130569704912313,0.037309646878584256]","[0.2881540025148034,0.006703362613375939,-0.012631794394094703]","[0.3532331250003961,0.009550669510166374,-0.016141408662582634]","[-0.21574971126911505,-0.22450408104180403,2.9264043773069277]","[0.07033197891882266,0.024159830014747547,0.03118436102528288]","[-0.0159552861,-0.0442453213,2.9917531]","[0.118615538,0.019130569,0.0373096466]","[0.288154006,0.0067033628,-0.0126317944]","[-0.017816493287682533,-0.04455056041479111,2.991154432296753]","[0.1426221802830696,0.027588138822466135,0.04325104132294655]","[0.45627351850271225,0.037996319122612476,-0.037520015612244606]","[-0.036613743752241135,-0.05021967738866806,2.985550880432129]","[0.07785181701183319,0.01780407503247261,0.030521994456648827]",0.040845388808251164,0.21822163118179,0.12762192608749637,0.029553271511613258,0.17328066915893536,0.5169210729631959,16.0,16.0,NOT_RECORDED,NOT_RECORDED,16.0,16.0,12.0,12.0,0.12580792900888355,0.2885086245942093,0.10440877612070261,0.3537306898747271,0.12934125458271037,0.026980619616968196,0.12762192608749637,0.029553271511613258,-5.424
24920000000,1,0.9600000000000001,MAIN,MAIN,TRACK_MAIN,False,"[-0.17861325317074134,-0.20677434010183218,2.938208972039007]","[0.12327101107685916,0.019239044116931073,0.03710547969990502]","[0.2937666336698428,0.006855818446211053,-0.012888619665274173]","[0.3483094492215214,0.009505505075091373,-0.015960184663064134]","[-0.215178428433244,-0.2250676212766343,2.9258987742723366]","[0.07436027486199524,0.023446057018683165,0.029519637091690424]","[-0.0140203135,-0.0439383686,2.99234843]","[0.123271011,0.0192390438,0.0371054783]","[0.293766648,0.00685581844,-0.0128886197]","[-0.015918403398245573,-0.04424446448683739,2.9917514324188232]","[0.1484784185886383,0.02789841592311859,0.04310091398656368]","[0.46492965519428253,0.03740596957504749,-0.03781861811876297]","[-0.03497995063662529,-0.049958083778619766,2.98636531829834]","[0.0846787616610527,0.018591750413179398,0.03048217110335827]",0.04269891271651356,0.2180387523563945,0.12829072225208313,0.03174809090534536,0.1795322071617967,0.5273743015846621,16.0,16.0,NOT_RECORDED,NOT_RECORDED,12.0,20.0,12.0,12.0,0.13016412568063604,0.29412914480063873,0.1028824713672658,0.3488044646190918,0.13025851426379415,0.025534256846928845,0.12829072225208313,0.03174809090534536,-5.408
24936000000,1,0.9760000000000001,MAIN,MAIN,TRACK_MAIN,False,"[-0.1766030779512519,-0.2064656313703899,2.938800999107444]","[0.12801564384656064,0.019349951836292362,0.03689722691158231]","[0.2992987600065188,0.0070075132865555665,-0.013142470895559182]","[0.34317110596710776,0.009455561391291755,-0.015769696639876384]","[-0.21434069810157205,-0.2253233327738549,2.925687322687196]","[0.07921969298924401,0.023255291972845805,0.028507965879620963]","[-0.0120101385,-0.0436296612,2.99294043]","[0.128015637,0.0193499513,0.0368972272]","[0.299298763,0.0070075132,-0.0131424712]","[-0.013517769752070308,-0.04386119171977043,2.992496430873871]","[0.15620771422982216,0.02834032056853175,0.04305006004869938]","[0.4802364557981491,0.03740933258086443,-0.03777724597603083]","[-0.03497995063662529,-0.049958083778619766,2.98636531829834]","[0.0846787616610527,0.018591750413179398,0.03048217110335827]",0.04417815507790092,0.2163656329079518,0.1274024566023392,0.02710516110861783,0.1872345745054931,0.5432536440690122,16.0,16.0,NOT_RECORDED,NOT_RECORDED,12.0,16.0,12.0,12.0,0.1346247787715214,0.2996691133986644,0.10134924587581295,0.3436633511796481,0.1308000311945555,0.02490082122702463,0.1274024566023392,0.02710516110861783,-5.392
24952000000,1,0.9880000000000001,MAIN,MAIN,TRACK_MAIN,False,"[-0.17504524216592385,-0.20623292468705817,2.9392428150414096]","[0.13163184220361163,0.019434721838964865,0.03673838538355688]","[0.30339298460306724,0.00712073941734946,-0.013330819523964293]","[0.33918036834300025,0.009415024635919577,-0.01562090607998921]","[-0.2130313272825913,-0.22494890311644472,2.926089017047847]","[0.08525550791856301,0.024340848483720114,0.02879514264109581]","[-0.0104523022,-0.0433969535,2.99338222]","[0.131631836,0.0194347221,0.0367383845]","[0.303392977,0.0071207392,-0.0133308191]","[-0.0117504990970095,-0.043590876584251724,2.9930140574773154]","[0.16121230026086172,0.028551022832592327,0.0428493774185578]","[0.4845135162274043,0.03714874883492788,-0.038290545965234436]","[-0.03379933908581734,-0.049766648560762405,2.986903190612793]","[0.0894521102309227,0.019011907279491425,0.0304937195032835]",0.0443424504590739,0.21611018509397098,0.1275094730907119,0.026635940035842038,0.192511685497851,0.5490488337162232,16.0,16.0,NOT_RECORDED,NOT_RECORDED,16.0,12.0,20.0,20.0,0.1380375284314566,0.3037691866950749,0.10019755021814465,0.3396703956263309,0.13051331229049612,0.02583281571547017,0.1275094730907119,0.026635940035842038,-5.376
24968000000,1,1.008,MAIN,MAIN,TRACK_MAIN,False,"[-0.1723514767545899,-0.2058427935727525,2.9399748958422633]","[0.1377670828939628,0.019579014863761325,0.03646866184948825]","[0.3101080700114087,0.007308318693794971,-0.013640670689693154]","[0.33227624944929385,0.009341717154246969,-0.015361956372284824]","[-0.21163080922906977,-0.224550413548293,2.9264901763261855]","[0.09111484301227979,0.02579198107310391,0.029004796713034776]","[-0.00775853684,-0.0430068225,2.9941144]","[0.137767076,0.0195790157,0.0364686623]","[0.310108066,0.00730831875,-0.013640671]","[-0.010711941557625929,-0.043435738111535706,2.9933085838953652]","[0.16326373318831125,0.028533384824792545,0.04250903738041719]","[0.4775185336669286,0.03557152549425761,-0.039099279170235]","[-0.031882137060165405,-0.0494597889482975,2.987696647644043]","[0.09687001258134842,0.019770370796322823,0.030409159138798714]",0.04554864065169522,0.21555659378592573,0.12819383725377786,0.028528922233278558,0.1970146594787335,0.5470369849029643,16.0,16.0,NOT_RECORDED,NOT_RECORDED,20.0,12.0,20.0,20.0,0.14385086113485634,0.31049395244544703,0.09827965210096605,0.3327623225833467,0.1302094146690575,0.026742232214080747,0.12819383725377786,0.028528922233278558,-5.36
24984000000,1,1.024,MAIN,MAIN,TRACK_MAIN,False,"[-0.1701072837318082,-0.20552858750350605,2.940556637975472]","[0.14277110036099191,0.019697141031776024,0.036248453946373486]","[0.3153787964595425,0.007457282406370172,-0.013884739205662106]","[0.3265325141667763,0.00927800558762859,-0.015145212812237227]","[-0.21011188310381154,-0.22412816588211978,2.9268875375941312]","[0.09724147175907842,0.026720758713918442,0.029233631941580684]","[-0.00551434373,-0.0426926166,2.99469614]","[0.142771095,0.0196971409,0.036248453]","[0.315378785,0.00745728239,-0.013884739]","[-0.008431978174485266,-0.04310435522347689,2.9939313530921936]","[0.16985657811164856,0.028825276996940374,0.04237955342978239]","[0.4867883026599884,0.034806834533810616,-0.03901729919016361]","[-0.030502647161483765,-0.04923684149980545,2.988218307495117]","[0.10199417173862457,0.020326999947428703,0.030295653268694878]",0.046186108214612054,0.21491439961579473,0.12833049306434002,0.028161403569917712,0.20423973842080942,0.5579224663541184,16.0,16.0,NOT_RECORDED,NOT_RECORDED,16.0,16.0,12.0,12.0,0.14861196074548125,0.3157723583532402,0.09675063184423832,0.32701520097219944,0.1298713628509837,0.02744511069456595,0.12833049306434002,0.028161403569917712,-5.344
25000000000,1,1.04,MAIN,MAIN,TRACK_MAIN,False,"[-0.16778235573022196,-0.20521247239246587,2.941134825690846]","[0.14785870611732774,0.019817642275327896,0.036024369044705185]","[0.320556101879835,0.007605191399233143,-0.014125273517897642]","[0.32059966737048473,0.009209892745539157,-0.014920222597232767]","[-0.20849219889577103,-0.22368804590949162,2.927281833981475]","[0.10385241770444184,0.02810886873118793,0.029389935760848737]","[-0.0031894159,-0.0423764996,2.99527431]","[0.147858709,0.0198176429,0.0360243693]","[0.320556104,0.00760519132,-0.0141252736]","[-0.005473976372741163,-0.042691661044955254,2.9946943521499634]","[0.1786814108490944,0.02924396190792322,0.04233727604150772]","[0.5033453851938248,0.03466104529798031,-0.03866935148835182]","[-0.028270000591874123,-0.04887399077415466,2.9889888763427734]","[0.10998935252428055,0.021104902029037476,0.03017166443169117]",0.04680324269371224,0.2149312174505248,0.12913385171212238,0.030346324368014436,0.21318466626363938,0.5747013098566869,16.0,16.0,NOT_RECORDED,NOT_RECORDED,12.0,20.0,12.0,12.0,0.15346886031085352,0.32095728180019467,0.09522951137883456,0.32107877831585313,0.12952064257322024,0.02867879554076265,0.12913385171212238,0.030346324368014436,-5.328
25016000000,1,1.056,MAIN,MAIN,TRACK_MAIN,False,"[-0.16537536742312425,-0.20489441037641615,2.941709397414371]","[0.15302838148754003,0.01994050115951426,0.03579646473666422]","[0.3256370105678875,0.007751975997083219,-0.014362143675528516]","[0.3144839598229292,0.009137471669554711,-0.014687234828909898]","[-0.20731410439443226,-0.2241106698555406,2.9286333195680294]","[0.10922258748671977,0.02727975003406685,0.031057167146946087]","[-0.000782427669,-0.0420584381,2.99584889]","[0.153028384,0.0199405011,0.0357964635]","[0.325637013,0.00775197614,-0.0143621434]","[-0.0025876688450807706,-0.04229698423296213,2.9954179525375366]","[0.18707475066184998,0.029615885578095913,0.0422701071947813]","[0.5181634426116943,0.034482100047171116,-0.03838111273944378]","[-0.028270000591874123,-0.04887399077415466,2.9889888763427734]","[0.10998935252428055,0.021104902029037476,0.03017166443169117]",0.047948994764866394,0.21301549726378746,0.12789911924905972,0.02451983716922867,0.22194344134584182,0.5899770319845173,16.0,16.0,NOT_RECORDED,NOT_RECORDED,12.0,16.0,20.0,12.0,0.15841936754965258,0.3260457436532585,0.09371877446834367,0.31495931362850854,0.12993096002702986,0.02730522238493504,0.12789911924905972,0.02451983716922867,-5.312
25032000000,1,1.072,MAIN,MAIN,TRACK_MAIN,False,"[-0.16288501815924764,-0.20457436387995453,2.942280292509977]","[0.15827856098266668,0.02006569914651215,0.03556480066184985]","[0.3306186463891721,0.007897568008639388,-0.014595223696539976]","[0.3081915869954461,0.009060834820556354,-0.01444649651269122]","[-0.2063217191965953,-0.22497595954166935,2.930478110850559]","[0.11375221634466276,0.02518665261711367,0.0335716545219312]","[0.00170792162,-0.0417383946,2.99641967]","[0.158278555,0.0200656988,0.0355647989]","[0.33061865,0.00789756794,-0.0145952236]","[-0.0003673694542764376,-0.04200509749352932,2.995944023132324]","[0.1927137697736422,0.029767492786049843,0.042083097621798515]","[0.522732675075531,0.033610658099253975,-0.03836040198802948]","[-0.025836093351244926,-0.048475831747055054,2.989744186401367]","[0.11819422990083694,0.02191402204334736,0.029978351667523384]",0.0494192633946918,0.21307740553237592,0.1286964707102437,0.026403999452790684,0.22880482304395114,0.596718720058493,16.0,16.0,NOT_RECORDED,NOT_RECORDED,16.0,12.0,20.0,20.0,0.16346128041557484,0.33103486444090985,0.09222052350558715,0.30866301087741016,0.13074188749344345,0.02479071606416274,0.1286964707102437,0.026403999452790684,-5.296
25048000000,1,1.088,MAIN,MAIN,TRACK_MAIN,False,"[-0.1603100326990731,-0.20425229563294944,2.94284745131178]","[0.16360763388625438,0.020193216619248347,0.035329438444046284]","[0.3354982318943726,0.008041900717349176,-0.01482439153423428]","[0.30172868906819894,0.008980074078730202,-0.014198252557783446]","[-0.20446093470637627,-0.224563142385551,2.9309281867427766]","[0.11996686811742212,0.026412637560290855,0.034022595753813875]","[0.00428290712,-0.0414163247,2.99698687]","[0.163607627,0.0201932173,0.0353294387]","[0.335498244,0.00804190058,-0.0148243913]","[0.0012928634047663463,-0.04179173521697521,2.9963245391845703]","[0.19612781455119452,0.029749849811196327,0.04181135259568691]","[0.5178038477897644,0.03200430298844973,-0.038697704672813416]","[-0.024093929678201675,-0.048191554844379425,2.990241050720215]","[0.12398770451545715,0.022447723895311356,0.029872357845306396]",0.05003899990739276,0.21249925835766367,0.12882129246927568,0.026138592144071843,0.23414010922777884,0.5956764409880667,16.0,16.0,NOT_RECORDED,NOT_RECORDED,20.0,12.0,12.0,20.0,0.1685923873846687,0.33592186346791747,0.09073652461656034,0.3021960190223689,0.1304610381802878,0.02533923000233085,0.12882129246927568,0.026138592144071843,-5.28
25064000000,1,1.104,MAIN,MAIN,TRACK_MAIN,False,"[-0.15764916192587627,-0.20392816868761943,2.943410815155334]","[0.1690139458262446,0.02032303290492066,0.03509044162852597]","[0.3402730874347264,0.008184908872097527,-0.015049529043691307]","[0.2951013509301784,0.008895280743567463,-0.013942745777177433]","[-0.20247623828470332,-0.22412548379420802,2.931379391874226]","[0.12622365169273894,0.027715518419466557,0.03446388045765108]","[0.00694377767,-0.0410921983,2.99755025]","[0.169013947,0.0203230325,0.0350904427]","[0.340273082,0.00818490889,-0.0150495293]","[0.0036391607427503914,-0.04149684216827154,2.996845066547394]","[0.20180674269795418,0.029867556411772966,0.04162393789738417]","[0.5214825868606567,0.030473610386252403,-0.03884962759912014]","[-0.022255489602684975,-0.04789302125573158,2.990732192993164]","[0.12974785268306732,0.023065630346536636,0.02979712374508381]",0.05061771882023257,0.2119380252331359,0.1289541187734743,0.026023502180104005,0.2412118376725553,0.6019595844363315,16.0,16.0,NOT_RECORDED,NOT_RECORDED,16.0,16.0,12.0,12.0,0.17381046759012017,0.34070405793010805,0.08926824823722447,0.2955644320619959,0.1301434979193362,0.026078470691084373,0.1289541187734743,0.026023502180104005,-5.264
25080000000,1,1.12,MAIN,MAIN,TRACK_MAIN,False,"[-0.15490118353173607,-0.20360194643523777,2.943970326407876]","[0.17449580033270556,0.02045512629837062,0.03484787561988945]","[0.3449406302773653,0.008326528677915685,-0.015270521948229034]","[0.2883156021792027,0.008806545533864398,-0.013680216887648197]","[-0.20038911488446942,-0.22366963313382066,2.931830209634809]","[0.13303908577556295,0.029477280350423744,0.0348253031045657]","[0.00969175622,-0.0407659747,2.99810982]","[0.174495801,0.0204551257,0.0348478742]","[0.344940633,0.00832652859,-0.0152705219]","[0.006987331667914987,-0.04109114967286587,2.9975483417510986]","[0.21070890873670578,0.030170155689120293,0.04154479317367077]","[0.5356730818748474,0.02984368707984686,-0.038417618721723557]","[-0.019312776625156403,-0.047417256981134415,2.991452217102051]","[0.138743057847023,0.02390429377555847,0.029551681131124496]",0.05117857347999426,0.212208395807594,0.12994297062966276,0.028971950844084517,0.2507234198859022,0.616654593131115,16.0,16.0,NOT_RECORDED,NOT_RECORDED,12.0,20.0,12.0,12.0,0.17911329085484703,0.3453788620291368,0.0878169054578076,0.2887742890880166,0.1298122877616171,0.027501314047842524,0.12994297062966276,0.028971950844084517,-5.248
25096000000,1,1.1360000000000001,MAIN,MAIN,TRACK_MAIN,False,"[-0.15206490267873357,-0.20327359262246433,2.944525928497578]","[0.18005146038140885,0.020589474085307497,0.034601807620441884]","[0.34949837372065684,0.00846669778669008,-0.015487259805864106]","[0.2813774171219172,0.008713958587722307,-0.013410904509754918]","[-0.19819342819774932,-0.22319427287274027,2.932279331961886]","[0.14041879009277247,0.030894898852356127,0.035155995156149325]","[0.0125280367,-0.0404376201,2.99866533]","[0.180051461,0.0205894746,0.0346018076]","[0.349498361,0.00846669823,-0.0154872602]","[0.010400826344266534,-0.04068388603627682,2.9982486963272095]","[0.21967193484306335,0.03046323638409376,0.041465296410024166]","[0.5495131611824036,0.028972372878342867,-0.037951635196805]","[-0.019312776625156403,-0.047417256981134415,2.991452217102051]","[0.138743057847023,0.02390429377555847,0.029551681131124496]",0.05171705226422179,0.21003904611637808,0.1283390643448612,0.022780380206924883,0.26037793158333533,0.631129074174279,16.0,16.0,NOT_RECORDED,NOT_RECORDED,12.0,16.0,12.0,12.0,0.18449861766200218,0.34994378608726484,0.08638348045467978,0.2818315743493615,0.12950001094131888,0.02862371529804876,0.1283390643448612,0.022780380206924883,-5.232
25112000000,1,1.1520000000000001,MAIN,MAIN,TRACK_MAIN,False,"[-0.14913915263556618,-0.2029430713673066,2.9450775659418227]","[0.18567914992325213,0.020726052565383627,0.034352306569106136]","[0.3539439262095452,0.008605355287871196,-0.015699635975772407]","[0.27429271477379347,0.00861760946254755,-0.013135045167840824]","[-0.19633975750580562,-0.22298931369308736,2.9321045623378263]","[0.14669087231153624,0.03116922858035256,0.034277007251570554]","[0.0154537875,-0.0401071012,2.99921703]","[0.185679153,0.020726053,0.0343523063]","[0.353943914,0.0086053554,-0.0156996362]","[0.013015661854296923,-0.040382533644636474,2.998757282892863]","[0.2255163217584292,0.03052896788964669,0.04128036958475908]","[0.5517865717411041,0.026639534160494804,-0.03793510111669699]","[-0.017224278301000595,-0.04708250239491463,2.991922378540039]","[0.14494319260120392,0.024647438898682594,0.029442820698022842]",0.052896576014045536,0.2094957935101896,0.1284139579135265,0.02231647397386122,0.2678263150689574,0.6364359229216957,16.0,16.0,NOT_RECORDED,NOT_RECORDED,16.0,12.0,20.0,20.0,0.18996419909494117,0.3543964356621413,0.08496875933845928,0.27474221732814896,0.12982631596329214,0.027762176266203142,0.1284139579135265,0.02231647397386122,-5.216
25128000000,1,1.1640000000000001,MAIN,MAIN,TRACK_MAIN,False,"[-0.14688544026505562,-0.20269373667440227,2.945488659479088]","[0.18994609683345856,0.02082993551675822,0.034162970258312116]","[0.3572030797779,0.00870832058552922,-0.015855993720263025]","[0.2688865655160567,0.008542932235562038,-0.012923995318249802]","[-0.19573539767908876,-0.22363589449075183,2.930062815790008]","[0.14850592803931348,0.029505003345397057,0.02978130920757499]","[0.0177074987,-0.0398577675,2.99962807]","[0.1899461,0.0208299346,0.0341629684]","[0.357203066,0.00870832056,-0.0158559941]","[0.014966162387281656,-0.04016218769053618,2.999125083287557]","[0.22886188079913458,0.030417647523184616,0.04102280052999655]","[0.5454414188861847,0.024721285328269005,-0.03800627154608568]","[-0.013892286457121372,-0.046549610793590546,2.9926109313964844]","[0.15437859296798706,0.025570016354322433,0.0292021743953228]",0.05534301190645184,0.2104487479590237,0.12944188580534513,0.02489877691746926,0.2727260833260038,0.6336621387391631,16.0,16.0,NOT_RECORDED,NOT_RECORDED,20.0,12.0,20.0,20.0,0.19411469406711138,0.35766085554208216,0.08392036789664961,0.26933250167996475,0.1321125612575364,0.022038169539440332,0.12944188580534513,0.02489877691746926,-5.2
25144000000,1,1.1840000000000002,MAIN,MAIN,TRACK_MAIN,False,"[-0.1430147222360192,-0.2022753849518018,2.946168730572369]","[0.19714332724303268,0.021005802010689977,0.033843289386785665]","[0.3624893625288221,0.008877898957329121,-0.016110895493671566]","[0.2597071578110597,0.008413980001250801,-0.012564621208244118]","[-0.19328227121989558,-0.2231528690428,2.9304148827874257]","[0.1555707903245206,0.03081738320950489,0.03037657593367865]","[0.0215782169,-0.0394394137,3.00030804]","[0.197143331,0.0210058019,0.0338432901]","[0.362489372,0.00887789857,-0.0161108952]","[0.020047109574079514,-0.03960633557289839,3.000035285949707]","[0.2425343617796898,0.030928639695048332,0.041057297959923744]","[0.5733432918787003,0.025335058569908142,-0.03719330858439207]","[-0.011534935794770718,-0.04617437720298767,2.993061065673828]","[0.16091367602348328,0.026079030707478523,0.029070809483528137]",0.05666462338044308,0.2094119145466637,0.12957414071902518,0.024799517696930604,0.28690124282561663,0.6596480445330627,16.0,16.0,NOT_RECORDED,NOT_RECORDED,16.0,16.0,12.0,12.0,0.20112708278867744,0.36295580445841663,0.08219773347378562,0.2601470210935862,0.13186704901351787,0.02281009557385936,0.12957414071902518,0.024799517696930604,-5.184
25160000000,1,1.1960000000000002,MAIN,MAIN,TRACK_MAIN,False,"[-0.14062282868136697,-0.2020226737014406,2.946573686457697]","[0.20151176441334273,0.021112940696316206,0.03364905924963652]","[0.3655722887494012,0.008978388635752097,-0.016260353946743245]","[0.25410197785947913,0.008333974969999849,-0.012344580593012609]","[-0.19071307129897447,-0.22264909702275548,2.930766327819022]","[0.16362092461749272,0.03234420200383965,0.03076091160975101]","[0.0239701103,-0.0391867012,3.00071311]","[0.20151177,0.0211129412,0.0336490609]","[0.365572304,0.00897838827,-0.0162603538]","[0.022774163633584976,-0.0393130574375391,3.000510573387146]","[0.2479763999581337,0.030909870751202106,0.04086523503065109]","[0.5723813772201538,0.023667655885219574,-0.03724656254053116]","[-0.007781873922795057,-0.04558573663234711,2.9937219619750977]","[0.1710241734981537,0.02700677141547203,0.028925534337759018]",0.056430083569427344,0.2105758638234525,0.13076858228473373,0.028060595568569182,0.29346961566989516,0.661199437107899,16.0,16.0,NOT_RECORDED,NOT_RECORDED,12.0,20.0,12.0,12.0,0.20538988935731536,0.36604386195433397,0.08117920354109796,0.25453812869768094,0.13160743725960922,0.024380782272590804,0.13076858228473373,0.028060595568569182,-5.168
25176000000,1,1.216,MAIN,MAIN,TRACK_MAIN,False,"[-0.13651914327930356,-0.20159860814316288,2.947243399236187]","[0.20887340062806825,0.021294166177868105,0.03332140802917289]","[0.3705596761092569,0.009143700800112056,-0.016503522124018653]","[0.24460517759132308,0.008196361995326152,-0.011970795279287148]","[-0.18802448581007464,-0.22212907119812553,2.931116738691783]","[0.17165706611423456,0.03345157917580134,0.031207936587177538]","[0.028073797,-0.0387626365,3.00138283]","[0.208873406,0.0212941654,0.0333214067]","[0.370559663,0.00914370082,-0.0165035222]","[0.024996032007038593,-0.03908068500459194,3.000880539417267]","[0.251527588814497,0.030762959737330675,0.040616052225232124]","[0.5649849474430084,0.02124873222783208,-0.037556957453489304]","[-0.007781873922795057,-0.04558573663234711,2.9937219619750977]","[0.1710241734981537,0.02700677141547203,0.028925534337759018]",0.05774399884644011,0.2075417003705409,0.12875675261721775,0.021163165575186944,0.3003289964058436,0.6587109855141413,16.0,16.0,NOT_RECORDED,NOT_RECORDED,12.0,16.0,12.0,12.0,0.21258376051850902,0.3710396839490586,0.07950705658163376,0.24503504482840763,0.13136951806057523,0.025214890338356263,0.12875675261721775,0.021163165575186944,-5.152
25192000000,1,1.232,MAIN,MAIN,TRACK_MAIN,False,"[-0.13312957156033825,-0.20125672551449147,2.9477744211935613]","[0.2148333363045909,0.021441509702977507,0.033055832375395666]","[0.3744116687043747,0.00927393626944788,-0.016692620935742142]","[0.23687473883004795,0.008082525011760482,-0.011665675614863256]","[-0.1852174040343538,-0.22159403619028245,2.9314663677244353]","[0.17937577727646048,0.03424385316956254,0.03178794028001182]","[0.0314633697,-0.0384207554,3.00191379]","[0.214833334,0.0214415099,0.0330558307]","[0.374411672,0.00927393604,-0.0166926216]","[0.02921962831169367,-0.038648280004660286,3.0015591382980347]","[0.26135963201522827,0.030979658477008343,0.04052199237048626]","[0.5788919627666473,0.02000118636836608,-0.037439920008182526]","[-0.005138011183589697,-0.04517809674143791,2.9941606521606445]","[0.17773222923278809,0.02768225036561489,0.028867866843938828]",0.05824689781710802,0.2071088127306106,0.12883257694347283,0.02059120797071748,0.31108933854907395,0.6730540974462991,16.0,16.0,NOT_RECORDED,NOT_RECORDED,16.0,12.0,20.0,20.0,0.21841654877809646,0.3748983157465883,0.0781923487915223,0.2372995092576476,0.13112196602885254,0.025542258195497766,0.12883257694347283,0.02059120797071748,-5.136
25208000000,1,1.248,MAIN,MAIN,TRACK_MAIN,False,"[-0.1296441531122368,-0.20091246879754776,2.9483011699450175]","[0.22085390952147424,0.021590922285433915,0.03278727041899136]","[0.37813906955198073,0.009402324336435959,-0.01687679616092831]","[0.2290321357561408,0.007965450999006508,-0.011355384111945265]","[-0.1822969166403781,-0.22104198847446357,2.931816131747442]","[0.18716944783159453,0.035563581426068476,0.03236788116497552]","[0.0349487849,-0.0380764976,3.00244069]","[0.22085391,0.021590922,0.0327872708]","[0.378139079,0.00940232445,-0.0168767963]","[0.03380295354872942,-0.03819085409243902,3.002264380455017]","[0.2720336318016052,0.03122886922210455,0.040435632690787315]","[0.5937815606594086,0.019655912804106872,-0.037209101021289825]","[-0.0009500235319137573,-0.04454332962632179,2.994813919067383]","[0.18833205103874207,0.028499851003289223,0.028732988983392715]",0.05873046529654976,0.20779057366614903,0.1300720095349399,0.023592162644163518,0.32255356175085553,0.6877023700637848,16.0,16.0,NOT_RECORDED,NOT_RECORDED,20.0,12.0,20.0,20.0,0.22431589862865994,0.37863225677855655,0.07689814513380303,0.2294517647937507,0.13086686601963538,0.026308255216375198,0.1300720095349399,0.023592162644163518,-5.12
25224000000,1,1.264,MAIN,MAIN,TRACK_MAIN,False,"[-0.12606193375772096,-0.20056580512607697,2.948823598343423]","[0.22693311269034697,0.021742373956113902,0.03251580158985189]","[0.3817401283526123,0.009528813893323874,-0.017055966827762854]","[0.22108290034686334,0.007845225449605964,-0.011040142621365342]","[-0.18004336363136347,-0.22151135706052658,2.9293634057103812]","[0.19331547267884625,0.03472801668214264,0.02786825345393325]","[0.0385310054,-0.0377298333,3.00296307]","[0.226933107,0.0217423737,0.0325158015]","[0.381740123,0.00952881388,-0.017055966]","[0.03494878485798836,-0.0380764976143837,3.0024406909942627]","[0.27139096707105637,0.030803331173956394,0.04008860141038895]","[0.571327343583107,0.017033020965754986,-0.037885282188653946]","[0.0019932242576032877,-0.04410969465970993,2.9952478408813477]","[0.19545167684555054,0.029046522453427315,0.028659962117671967]",0.06108526839064223,0.20744119236982267,0.13020428766641523,0.023456420207708422,0.3256727046851771,0.6720471731832333,16.0,16.0,NOT_RECORDED,NOT_RECORDED,16.0,16.0,12.0,12.0,0.23027949499164668,0.38223975446480213,0.07562441651244141,0.22149736146788823,0.13252842548141205,0.024815615972216522,0.13020428766641523,0.023456420207708422,-5.104
25240000000,1,1.28,MAIN,MAIN,TRACK_MAIN,False,"[-0.1223819916611977,-0.20021670211981366,2.94934166052274]","[0.23306891092378026,0.021895833939088283,0.03224150658511077]","[0.38521318287611367,0.009653355195594316,-0.017230055497275076]","[0.2130325092883055,0.007721933275405661,-0.01072017089773997]","[-0.17708218178981866,-0.22121500371377323,2.928938437338805]","[0.20105131141314816,0.035034613115604935,0.027221175579572064]","[0.0422109477,-0.0373807326,3.00348115]","[0.233068913,0.0218958333,0.0322415084]","[0.385213196,0.00965335499,-0.0172300562]","[0.03857986629009247,-0.03772861510515213,3.0029609203338623]","[0.2783552408218384,0.03080686368048191,0.03990274295210838]","[0.5734975934028625,0.015522174537181854,-0.03839341551065445]","[0.006641394458711147,-0.04343218356370926,2.9958972930908203]","[0.20640724897384644,0.029907038435339928,0.028729664161801338]",0.062042976929154704,0.20831669723891705,0.1316245592559772,0.02687557564852797,0.33449388017569287,0.6765247498304557,16.0,16.0,NOT_RECORDED,NOT_RECORDED,12.0,20.0,12.0,12.0,0.23630501376391252,0.3857191443790646,0.07437107321403806,0.21344179612076578,0.1327822460737877,0.025118062162736734,0.1316245592559772,0.02687557564852797,-5.088
25256000000,1,1.296,MAIN,MAIN,TRACK_MAIN,False,"[-0.1186034377543092,-0.19986512789721683,2.949855311917848]","[0.2392592434373196,0.022051270673359522,0.03196446731288584]","[0.38855665807697737,0.009775899852673964,-0.017398988229798414]","[0.20488638397538433,0.0075956588075574575,-0.010395686599469642]","[-0.17379539518719322,-0.22064976935460273,2.9291888519299145]","[0.2098557068620092,0.036222426720885055,0.027739973202960216]","[0.0459895022,-0.0370291583,3.0039947]","[0.239259243,0.0220512711,0.031964466]","[0.388556659,0.00977590028,-0.0173989888]","[0.04315558634698391,-0.03729283902794123,3.003609538078308]","[0.2881664112210274,0.03096839366480708,0.03977601230144501]","[0.5849740356206894,0.014426194131374359,-0.038770657032728195]","[0.006641394458711147,-0.04343218356370926,2.9958972930908203]","[0.20640724897384644,0.029907038435339928,0.028729664161801338]",0.06249204792786213,0.20561468356917081,0.1291775907602488,0.01980539609742478,0.34546930767139733,0.6884631642230908,16.0,16.0,NOT_RECORDED,NOT_RECORDED,12.0,16.0,12.0,12.0,0.24239012207411606,0.38906884936383596,0.07313797408592004,0.20529051286190467,0.1325797588061729,0.02625867711148657,0.1291775907602488,0.01980539609742478,-5.072
25272000000,1,1.312,MAIN,MAIN,TRACK_MAIN,False,"[-0.11472541613916282,-0.19951105108785785,2.9503645092834687]","[0.24550202493736184,0.022208651834450525,0.031684766836558804]","[0.39176906520968546,0.009896400818642372,-0.017562694551430988]","[0.19664989051184445,0.0074664857965182786,-0.010066905288739063]","[-0.17037679377230078,-0.22006411477680324,2.9294377295495257]","[0.21881242024542602,0.03780270068219266,0.028150649403652257]","[0.049867522,-0.0366750807,3.00450397]","[0.245502025,0.0222086515,0.0316847675]","[0.391769052,0.00989640038,-0.0175626948]","[0.04729889084895452,-0.03691071023543676,3.004163702329]","[0.2961701651414235,0.031004514234761398,0.03959727411468824]","[0.5903263886769613,0.013021324140330156,-0.03900714342792829]","[0.009898370131850243,-0.04296467453241348,2.996331214904785]","[0.2137412428855896,0.030494187027215958,0.028719985857605934]",0.06290814231481438,0.20530658572690474,0.12925750631334187,0.019311255470313,0.3551692867256883,0.6953768537558311,16.0,16.0,NOT_RECORDED,NOT_RECORDED,16.0,12.0,20.0,20.0,0.2485324785900949,0.3922873786452234,0.07192493456175812,0.1970489036522722,0.1323641773992664,0.027562581646417676,0.12925750631334187,0.019311255470313,-5.056
25288000000,1,1.328,MAIN,MAIN,TRACK_MAIN,False,"[-0.1107471044694694,-0.19915444084446465,2.950869210712215]","[0.25179514699487743,0.022367944355844754,0.03140248931959128]","[0.39484900094404984,0.01001481238294083,-0.017721107420496113]","[0.18832833971025692,0.007334497412050083,-0.009734040431517044]","[-0.1668319333713188,-0.21945812064755182,2.9296836050320674]","[0.22661023117588336,0.039058865373517285,0.02859188467968904]","[0.053845834,-0.0363184698,3.0050087]","[0.251795143,0.0223679449,0.031402491]","[0.394849002,0.0100148125,-0.0177211072]","[0.052536445359388985,-0.036436917881170906,3.0048396984736123]","[0.30726707975069684,0.03120438971867164,0.03947455311814944]","[0.6047679583231608,0.012569745692114035,-0.03858824695150057]","[0.015015048906207085,-0.04224274680018425,2.996967315673828]","[0.22505703568458557,0.031259819865226746,0.028460832312703133]",0.06329753024037132,0.20630665096061473,0.13071914168196827,0.022362661566924198,0.3672211250583842,0.7092527595938942,16.0,16.0,NOT_RECORDED,NOT_RECORDED,20.0,12.0,20.0,20.0,0.25472973387562187,0.39537332694782096,0.0707317336715511,0.18872230905071005,0.1321363729635462,0.02778181486567382,0.13071914168196827,0.022362661566924198,-5.04
25304000000,1,1.344,MAIN,MAIN,TRACK_MAIN,False,"[-0.10666771430981446,-0.1987952668546236,2.9513693756517503]","[0.258136479404979,0.022529114450277693,0.031117719970877488]","[0.3977951464805544,0.010131090161081277,-0.017874163194002916]","[0.17992698709201987,0.007199776243219921,-0.009397303397556542]","[-0.16312130055418636,-0.21882847366186253,2.9299262057162596]","[0.2352973196538951,0.04032090192034821,0.029032618276258654]","[0.0579252243,-0.0359592959,3.0055089]","[0.258136481,0.022529114,0.0311177205]","[0.397795141,0.0101310899,-0.0178741626]","[0.053845833986997604,-0.036318469792604446,3.0050086975097656]","[0.30602816492319107,0.03070070594549179,0.039133451879024506]","[0.5789864808320999,0.00949428346939385,-0.038761500269174576]","[0.01858230121433735,-0.04175060987472534,2.9973812103271484]","[0.23270080983638763,0.03181109577417374,0.028246017172932625]",0.0636250446892941,0.20607687789980308,0.13084848982721864,0.022270415856064454,0.3701809960201133,0.691072799411613,16.0,16.0,NOT_RECORDED,NOT_RECORDED,16.0,16.0,12.0,12.0,0.2609795307944606,0.39832537360959513,0.06955812015757973,0.18031601918052106,0.13186537496241899,0.028773199813542573,0.13084848982721864,0.022270415856064454,-5.024
25320000000,1,1.36,MAIN,MAIN,TRACK_MAIN,False,"[-0.10248649147328964,-0.19843349935214222,2.951864964921082]","[0.26452387153233475,0.022692127630879626,0.030830544990633618]","[0.4006062666656962,0.010245191085355156,-0.018021801594106837]","[0.17145103288735888,0.007062404298399842,-0.009056903460394658]","[-0.15979525810870188,-0.21943163169044497,2.9308564030952957]","[0.24308545091771575,0.038460412977519065,0.030672275345594288]","[0.0621064492,-0.0355975293,3.00600433]","[0.264523864,0.0226921272,0.0308305454]","[0.400606275,0.0102451909,-0.0180218015]","[0.057976141571998596,-0.035957999527454376,3.0055065155029297]","[0.3130545914173126,0.030652139335870743,0.038938555866479874]","[0.5796760618686676,0.008135478710755706,-0.038552477955818176]","[0.02417653426527977,-0.04099486023187637,2.997987747192383]","[0.24429365992546082,0.03252829611301422,0.02800125442445278]",0.06454901986054402,0.2072625345346732,0.13248300070316246,0.025758002783845345,0.37930736208398624,0.6938915514009422,16.0,16.0,NOT_RECORDED,NOT_RECORDED,12.0,20.0,12.0,12.0,0.2672795049593043,0.4011422816967811,0.06840381780413597,0.17183527499587267,0.1325794579690954,0.027024146945247206,0.13248300070316246,0.025758002783845345,-5.008
25336000000,1,1.372,MAIN,MAIN,TRACK_MAIN,False,"[-0.09928331244598451,-0.19816045414035,2.952233631301371]","[0.26934333776724007,0.02281557591232047,0.030613637444932246]","[0.40262530009513203,0.010329313047931686,-0.01812894086185317]","[0.16504820702399112,0.006957684773711222,-0.008799324436217469]","[-0.15617764014682117,-0.21964166239278346,2.9315697767028315]","[0.25111454378098225,0.037464926320970905,0.0319785269027504]","[0.0653096288,-0.0353244841,3.00637293]","[0.269343346,0.0228155758,0.0306136366]","[0.402625293,0.0103293126,-0.0181289408]","[0.06290724407881498,-0.035529267974197865,3.0060964822769165]","[0.32236526906490326,0.030726737342774868,0.038786111399531364]","[0.5875588953495026,0.007152374484576285,-0.03827987238764763]","[0.02417653426527977,-0.04099486023187637,2.997987747192383]","[0.24429365992546082,0.03252829611301422,0.02800125442445278]",0.06422929019835251,0.20502877061412692,0.1295726680525326,0.018583179930495915,0.3892097452603288,0.7019791875741297,16.0,16.0,NOT_RECORDED,NOT_RECORDED,12.0,16.0,12.0,12.0,0.27203598824680936,0.4031655807252274,0.06755058625092174,0.16542898213365873,0.13302274827211832,0.025710610122585745,0.1295726680525326,0.018583179930495915,-4.992
25352000000,1,1.3920000000000001,MAIN,MAIN,TRACK_MAIN,False,"[-0.09381570414064991,-0.19770206754141323,2.9528422666736276]","[0.2774281382186562,0.023023541930901927,0.03024932757212273]","[0.4058189032899923,0.01046669662961984,-0.01830060178722265]","[0.15429584418380687,0.006780033210803633,-0.008365941489535894]","[-0.15209629832634503,-0.2190408590506638,2.9318364418111194]","[0.259756717166698,0.038522254830279885,0.032534104564877174]","[0.0707772374,-0.0348660983,3.00698161]","[0.27742815,0.023023542,0.0302493274]","[0.405818909,0.0104666967,-0.0183006022]","[0.0662208969394366,-0.0352480864773194,3.0064743757247925]","[0.3263962467511495,0.030493702739477158,0.03854729359348615]","[0.5779191752274832,0.004956126290683945,-0.03828126440445582]","[0.028068603947758675,-0.04047581925988197,2.9983835220336914]","[0.25215405225753784,0.033076465129852295,0.027870159596204758]",0.06552264005568849,0.20408303125602176,0.1296326386131396,0.018248269525388564,0.3971707297110125,0.6970615389133077,16.0,16.0,NOT_RECORDED,NOT_RECORDED,16.0,12.0,20.0,20.0,0.28002049420904784,0.4063661477431445,0.06615194415285627,0.1546711523191689,0.13281802136328089,0.026003913475074886,0.1296326386131396,0.018248269525388564,-4.976
25368000000,1,1.4080000000000001,MAIN,MAIN,TRACK_MAIN,False,"[-0.08932480525350486,-0.19733234652944504,2.9533239077862117]","[0.28394062126529257,0.023191870766760946,0.029955462011414836]","[0.40821835969027687,0.010574021614471026,-0.018431659548421936]","[0.1456267336895017,0.0066351951812969115,-0.008015787521833892]","[-0.14788310185091913,-0.21841974056817334,2.9321010494310116]","[0.2686162901072326,0.04002049648865733,0.033036800551220505]","[0.0752681345,-0.0344963744,3.00746322]","[0.283940613,0.0231918711,0.0299554616]","[0.408218354,0.0105740214,-0.0184316598]","[0.06986596932013829,-0.03494249594708284,3.0068801641464233]","[0.3311617175738017,0.030298199504613876,0.038324287782112755]","[0.5706087450186411,0.0035129975682745376,-0.03793792178233465]","[0.03416060656309128,-0.03968328610062599,2.99896240234375]","[0.26402735710144043,0.033729489892721176,0.027523446828126907]",0.06575836071938092,0.20538925329987992,0.1313009002356055,0.021231425052950375,0.404774046711052,0.6932552569206317,16.0,16.0,NOT_RECORDED,NOT_RECORDED,20.0,12.0,20.0,20.0,0.2864567488793025,0.40877104251039176,0.06505373442521488,0.14599802817080146,0.13260059761227827,0.02681012299376899,0.1313009002356055,0.021231425052950375,-4.96
25384000000,1,1.4240000000000002,MAIN,MAIN,TRACK_MAIN,False,"[-0.08472940543483716,-0.19695991861778264,2.9538008305139654]","[0.29049038359626944,0.023361898162911277,0.029659544469830237]","[0.41047866889214074,0.010679010456594171,-0.0185570918055142]","[0.1369032696179484,0.006488028602339195,-0.007662786782920313]","[-0.14348333205517044,-0.2177834602354622,2.932362874173673]","[0.2781976347541905,0.04068506652323647,0.03355184584946128]","[0.0798635334,-0.034123946,3.00794029]","[0.290490389,0.023361899,0.029659545]","[0.410478681,0.0106790103,-0.0185570922]","[0.07414541020989418,-0.03458880539983511,3.00734281539917]","[0.3375357612967491,0.03018583357334137,0.038131821900606155]","[0.5685481429100037,0.002416872070170939,-0.03754941839724779]","[0.03838633373379707,-0.039144907146692276,2.9993324279785156]","[0.27195730805397034,0.034124210476875305,0.027316061779856682]",0.06591835670630014,0.20527101462294525,0.13141341788054547,0.02108468139647396,0.41359321125164666,0.6934553622671231,16.0,16.0,NOT_RECORDED,NOT_RECORDED,16.0,16.0,12.0,12.0,0.2929336611348034,0.41103667054908133,0.06397356553197157,0.13727096578850878,0.13233444505800512,0.027857509112680753,0.13141341788054547,0.02108468139647396,-4.944
25400000000,1,1.4360000000000002,MAIN,MAIN,TRACK_MAIN,False,"[-0.08121392741222111,-0.19667880509054916,2.954155406749267]","[0.29542582701214287,0.023490510749418065,0.029436314034790398]","[0.41208208307776395,0.01075619691589166,-0.018647447700189466]","[0.1303279660660466,0.0063761731659162674,-0.007396287700028235]","[-0.13894543171132925,-0.2171321944213367,2.9326221318134413]","[0.28761904556649537,0.041756188762556316,0.033983644167525015]","[0.0833790153,-0.0338428356,3.00829482]","[0.295425832,0.0234905109,0.0294363145]","[0.412082076,0.0107561965,-0.0186474472]","[0.07932357490062714,-0.03416960500180721,3.0078790187835693]","[0.3461448401212692,0.03018740378320217,0.03797687962651253]","[0.5726228356361389,0.0016193329356610775,-0.03695656917989254]","[0.04497866705060005,-0.03832258656620979,2.999863624572754]","[0.2841326892375946,0.03470230475068092,0.026959450915455818]",0.06492264360927213,0.20758252339536126,0.13325977181962775,0.024512855441697155,0.4230860150123022,0.6980441215669735,16.0,16.0,NOT_RECORDED,NOT_RECORDED,12.0,20.0,12.0,12.0,0.2978165877600371,0.41264399459041434,0.06317507233240327,0.13069330279282076,0.13205550758913473,0.029055714593700297,0.13325977181962775,0.024512855441697155,-4.928
25416000000,1,1.4520000000000002,MAIN,MAIN,TRACK_MAIN,False,"[-0.07643428020362328,-0.19630157579822147,2.95462399591221]","[0.3020354470297099,0.02366341962834716,0.02913702337463593]","[0.41409693418821847,0.010857010142658571,-0.018762931462433366]","[0.12152119780526852,0.006225121622254246,-0.007038782194841122]","[-0.13477619042018243,-0.21735757543559783,2.9319978785661402]","[0.2957029296979761,0.04042512093682926,0.03266923024041885]","[0.0881586596,-0.0334656052,3.00876331]","[0.302035451,0.0236634202,0.0291370228]","[0.414096922,0.0108570103,-0.0187629312]","[0.08457392640411854,-0.033748527988791466,3.008411943912506]","[0.35475829988718033,0.030186438001692295,0.037825170904397964]","[0.5765220820903778,0.0007798704318702221,-0.036368343979120255]","[0.04497866705060005,-0.03832258656620979,2.999863624572754]","[0.2841326892375946,0.03470230475068092,0.026959450915455818]",0.06602328978931868,0.204316149144087,0.12987806654093473,0.018020359434112836,0.4336007828703603,0.7027427881846957,16.0,16.0,NOT_RECORDED,NOT_RECORDED,12.0,16.0,12.0,12.0,0.30435889147859313,0.41466395209902623,0.06212564778021027,0.1218839534558404,0.13297644512142717,0.027752597417390265,0.12987806654093473,0.018020359434112836,-4.912
25432000000,1,1.4720000000000002,MAIN,MAIN,TRACK_MAIN,False,"[-0.070310593530439,-0.19582612776706576,2.955202974558057]","[0.31034095324791144,0.02388179212429494,0.028760386938580913]","[0.4164168021796604,0.010979600190690452,-0.018899211786109794]","[0.1104557172275451,0.0060333457142588325,-0.0065886813824088016]","[-0.1307369259925522,-0.21803759172955575,2.9309139893821383]","[0.30295063043846787,0.03771620347311037,0.03051523305553861]","[0.094282344,-0.0329901576,3.00934243]","[0.310340941,0.023881793,0.0287603866]","[0.416416794,0.0109796003,-0.0188992117]","[0.09001574541131656,-0.033322444185614586,3.008936127026876]","[0.3634589960177739,0.030182264124353726,0.03767660011847814]","[0.5809511741002401,-0.00020517921075224876,-0.03585704664389292]","[0.049546219408512115,-0.03776688501238823,3.000202178955078]","[0.2922211289405823,0.03507352992892265,0.02677680365741253]",0.06880876097601828,0.20340429745811592,0.12992128237907064,0.017926403984670474,0.4452139280669053,0.7081240839569403,16.0,16.0,NOT_RECORDED,NOT_RECORDED,16.0,12.0,20.0,20.0,0.3125843999862234,0.41699002981368516,0.06083785659173291,0.11081641327492092,0.13451040480921148,0.02546277939126776,0.12992128237907064,0.017926403984670474,-4.896
25448000000,1,1.488,MAIN,MAIN,TRACK_MAIN,False,"[-0.06529176303927427,-0.19544260961195925,2.9556607172138447]","[0.3170173813640454,0.024058231373704476,0.028457171641010297]","[0.4181129996119589,0.01107489079399604,-0.019001733946125046]","[0.10156352367888427,0.00587765017952121,-0.006226260521068302]","[-0.12584348444929616,-0.21743658789602968,2.9310991579463495]","[0.31154242721381215,0.038486859495297385,0.03099787585266877]","[0.0993011743,-0.032606639,3.0098002]","[0.317017376,0.0240582321,0.0284571722]","[0.418112993,0.0110748904,-0.0190017335]","[0.09744408850868543,-0.03274980001151562,3.009627381960551]","[0.37747850517431897,0.030449961001674335,0.03759037206570307]","[0.6017048756281534,-0.0007009240798652172,-0.034967040022214256]","[0.05665717273950577,-0.03691240772604942,3.0006885528564453]","[0.30443185567855835,0.03570925071835518,0.026418954133987427]",0.06894574852830121,0.20501432591460872,0.13180448273133508,0.020787378630116787,0.45977065410499546,0.726058888952531,16.0,16.0,NOT_RECORDED,NOT_RECORDED,20.0,12.0,20.0,20.0,0.3191999830851393,0.41869105500782816,0.059826386989498555,0.10192380700199696,0.1343538531404964,0.025588739033471707,0.13180448273133508,0.020787378630116787,-4.88
25464000000,1,1.504,MAIN,MAIN,TRACK_MAIN,False,"[-0.06016589866079272,-0.19505625633828794,2.9561135955497764]","[0.3237198090961644,0.024236175260198833,0.028152362460717832]","[0.41966667341325564,0.011167674656101492,-0.019098442129710864]","[0.09264104251305447,0.005720015812869941,-0.0058619658886466305]","[-0.12077293352946619,-0.2168170414275781,2.9312809309419587]","[0.3198450185760741,0.039879674523356945,0.0313878373533704]","[0.10442704,-0.0322202854,3.01025295]","[0.3237198,0.0242361762,0.0281523634]","[0.419666678,0.0111676743,-0.019098442]","[0.09930117428302765,-0.032606638967990875,3.0098001956939697]","[0.3754553496837616,0.02986231306567788,0.03733564168214798]","[0.5722105503082275,-0.003687055315822363,-0.03459130320698023]","[0.061570972204208374,-0.03633056581020355,3.0009994506835938]","[0.3126201927661896,0.036107223480939865,0.02616695500910282]",0.06901743022453989,0.20500841580948137,0.1319175425416888,0.021086819920479533,0.46259681704773153,0.7048972100264971,16.0,16.0,NOT_RECORDED,NOT_RECORDED,16.0,16.0,12.0,12.0,0.3258442304301548,0.4202494309606553,0.05883121532558472,0.09300238697412397,0.1341507632483231,0.02606437974164882,0.1319175425416888,0.021086819920479533,-4.864
25480000000,1,1.52,MAIN,MAIN,TRACK_MAIN,False,"[-0.054932602664043775,-0.1946670441940318,2.9565615848091653]","[0.3304459523882326,0.02441558343100579,0.027846052653112106]","[0.4210773762339462,0.011257921366081823,-0.019189307865815974]","[0.08369292104855242,0.005560518815727646,-0.005495985796522249]","[-0.11557078416225439,-0.21618452286780956,2.93146017684262]","[0.32928359756791725,0.04071355955803147,0.03180107399015344]","[0.109660335,-0.0318310745,3.01070094]","[0.330445945,0.0244155843,0.0278460532]","[0.421077371,0.0112579213,-0.0191893075]","[0.10448075458407402,-0.03221885673701763,3.0102505683898926]","[0.3823697715997696,0.029743706807494164,0.0371771864593029]","[0.5700856745243073,-0.004797014407813549,-0.03412751667201519]","[0.06920639425516129,-0.035449545830488205,3.001450538635254]","[0.32499465346336365,0.036595311015844345,0.02592451125383377]",0.06906570513496083,0.206822920675761,0.1340078346906685,0.02443556526945609,0.4719968887074657,0.7046276591811866,16.0,16.0,NOT_RECORDED,NOT_RECORDED,12.0,20.0,12.0,12.0,0.33251473773714507,0.42166470934371336,0.057851991741418224,0.08405730344839087,0.13393645739488919,0.027332114565193945,0.1340078346906685,0.02443556526945609,-4.848
25496000000,1,1.536,MAIN,MAIN,TRACK_MAIN,False,"[-0.04959151391707107,-0.19427495007665602,2.957004661730926]","[0.33719352061911834,0.02459641505650733,0.027538335905124132]","[0.42234473463919175,0.011345601727589274,-0.019274305679601367]","[0.07472375131270353,0.005399234808822,-0.005128506459857806]","[-0.11023061111088327,-0.21553864612272372,2.931636288491129]","[0.33878925549473615,0.04154445941890695,0.03224467668006109]","[0.115001425,-0.0314389803,3.01114416]","[0.337193519,0.0245964155,0.0275383368]","[0.422344744,0.0113456016,-0.0192743056]","[0.11099560745060444,-0.03173305094242096,3.010811746120453]","[0.392842672765255,0.02981211058795452,0.03705761395394802]","[0.5789406299591064,-0.0051688700914382935,-0.03351458627730608]","[0.06920639425516129,-0.035449545830488205,3.001450538635254]","[0.32499465346336365,0.036595311015844345,0.02592451125383377]",0.06908544882139663,0.20325818063205092,0.1301726500152606,0.01928791802002068,0.4840054486133804,0.7125437989463891,16.0,16.0,NOT_RECORDED,NOT_RECORDED,12.0,16.0,12.0,12.0,0.33920910059367687,0.4229365158217496,0.05688836885615534,0.07509389006618555,0.13374621273585494,0.028412717873985967,0.1301726500152606,0.01928791802002068,-4.832
25512000000,1,1.552,MAIN,MAIN,TRACK_MAIN,False,"[-0.04414230798253047,-0.1938799515405852,2.957442804556098]","[0.3439602177781534,0.02477862884959851,0.027229306287536188]","[0.4234684482242614,0.011430687749562133,-0.019353413058900912]","[0.06573807004165932,0.005236238832185782,-0.0047597119976000935]","[-0.1050498466865847,-0.21540946913633235,2.93194863157704]","[0.3470662497876954,0.04115698767848147,0.03287565544991972]","[0.120450631,-0.0310439803,3.01158214]","[0.343960226,0.0247786287,0.0272293054]","[0.423468441,0.0114306882,-0.019353414]","[0.11590962608655293,-0.031373146921396255,3.011217157046]","[0.3984392086664836,0.029622769293685753,0.03689232530693213]","[0.572534849246343,-0.006246780510991812,-0.03282062398890654]","[0.07447037845849991,-0.034853748977184296,3.001741409301758]","[0.333246111869812,0.0368831492960453,0.02565765380859375]",0.06944927108888597,0.20327486039573658,0.13022914800791693,0.01958074093272158,0.49248537447030116,0.7086714245670291,16.0,16.0,NOT_RECORDED,NOT_RECORDED,16.0,12.0,20.0,20.0,0.3459249152382079,0.4240645491678364,0.05594000265140774,0.06611782594890651,0.1340618879602398,0.02765325433487363,0.13022914800791693,0.01958074093272158,-4.816
25528000000,1,1.568,MAIN,MAIN,TRACK_MAIN,False,"[-0.03858469719461288,-0.19348202680436927,2.957875993033611]","[0.3507437436265359,0.024962183084897803,0.0269190582078475]","[0.42444828872987317,0.011513152636933685,-0.019426610420681945]","[0.05674035868039942,0.005071605345156771,-0.004389784432480011]","[-0.10062978074859986,-0.21685749389065967,2.9326765446366645]","[0.3525920040037297,0.036564426662165264,0.03400093943633888]","[0.126008242,-0.0306460559,3.01201534]","[0.350743741,0.0249621831,0.0269190576]","[0.424448282,0.0115131531,-0.0194266103]","[0.11954242984453838,-0.03110981360077858,3.01150914033254]","[0.40023573239644367,0.029239572274188202,0.036697271590431534]","[0.5538847545782725,-0.007966883014887571,-0.03244744179149469]","[0.08263421058654785,-0.03395407646894455,3.0021629333496094]","[0.3457600474357605,0.03729373589158058,0.025376465171575546]",0.0709296627246587,0.20519386838897524,0.13235300630507701,0.022219019185496815,0.49823910567803525,0.6955866248285519,16.0,16.0,NOT_RECORDED,NOT_RECORDED,20.0,12.0,20.0,20.0,0.3526597793515991,0.42504858037852106,0.05500655321645069,0.057135450390462875,0.13591886971562953,0.02265863668299928,0.13235300630507701,0.022219019185496815,-4.8
25544000000,1,1.58,MAIN,MAIN,TRACK_MAIN,False,"[-0.03434519613926101,-0.19318165020868394,2.9581976217719084]","[0.3558410463332594,0.02510070308918977,0.02668562948925752]","[0.42508865530199047,0.011573265733494162,-0.019477619846562055]","[0.04998684509971807,0.004947100078143616,-0.004111703475743522]","[-0.09489784844966377,-0.21628090957869422,2.932862754038966]","[0.3618680573223337,0.03695322984226408,0.034579925452786944]","[0.130247742,-0.0303456783,3.01233697]","[0.355841041,0.0251007024,0.026685629]","[0.425088644,0.0115732653,-0.0194776207]","[0.12461883947253227,-0.030745537020266056,3.0119070410728455]","[0.40570300817489624,0.029041108675301075,0.036535450257360935]","[0.5467531234025955,-0.009034930728375912,-0.03200679179280996]","[0.08825359493494034,-0.033342525362968445,3.002436637878418]","[0.35406896471977234,0.03753169998526573,0.0252077616751194]",0.06958487629013374,0.20624281793646032,0.1324808675365984,0.022631238941132358,0.5056216162449217,0.6910364770722577,16.0,16.0,NOT_RECORDED,NOT_RECORDED,16.0,16.0,12.0,12.0,0.3577219847484335,0.4256920048827318,0.054316053445984155,0.050399053440305985,0.13576873456676108,0.02344493419335409,0.1324808675365984,0.022631238941132358,-4.784
25560000000,1,1.6,MAIN,MAIN,TRACK_MAIN,False,"[-0.027143294585560834,-0.19267731496718377,2.9587274335101585]","[0.36435206616482135,0.02533314390343218,0.026295285696698645]","[0.4259757928848903,0.011670117751834071,-0.0195552112039881]","[0.03872649501128436,0.004737720773796911,-0.003647247603497116]","[-0.0890200715421996,-0.21569934057840376,2.93304750492748]","[0.37169387136043347,0.03723224123320709,0.035140611355675935]","[0.137449652,-0.0298413448,3.01286674]","[0.364352077,0.0253331438,0.0262952857]","[0.4259758,0.0116701182,-0.0195552111]","[0.13172894716262817,-0.030243700370192528,3.012441039085388]","[0.41623230278491974,0.029102714732289314,0.03641273267567158]","[0.5540822446346283,-0.009260762482881546,-0.031366556882858276]","[0.0969584584236145,-0.032418277114629745,3.0028343200683594]","[0.3668040633201599,0.0378645621240139,0.024915358051657677]",0.07083931056833317,0.20743582563104834,0.13482610108120582,0.025871818466535763,0.5187741084695509,0.6973053857407173,16.0,16.0,NOT_RECORDED,NOT_RECORDED,12.0,20.0,12.0,12.0,0.3661770587413654,0.42658407618837013,0.05318306918733551,0.03918532670618831,0.1356074316158585,0.024668030463778082,0.13482610108120582,0.025871818466535763,-4.768
25576000000,1,1.612,MAIN,MAIN,TRACK_MAIN,False,"[-0.0227403888677225,-0.19237247563650628,2.959041567932996]","[0.3694664018359251,0.025473523396252258,0.026060367258088274]","[0.42639997370275756,0.011726210984120602,-0.019597303605109393]","[0.03197056019280983,0.004611020918608898,-0.003368102510863717]","[-0.08299283132978849,-0.21510874767339688,2.933230164816744]","[0.38154895124304805,0.03775561849238008,0.035652837190333304]","[0.141852558,-0.0295365043,3.01318097]","[0.369466394,0.0254735239,0.026060367]","[0.426399976,0.0117262108,-0.0195973031]","[0.13855037838220596,-0.029765134677290916,3.012945294380188]","[0.42577531933784485,0.029116620309650898,0.036285064183175564]","[0.558142676949501,-0.009635483613237739,-0.030622736550867558]","[0.0969584584236145,-0.032418277114629745,3.0028343200683594]","[0.3668040633201599,0.0378645621240139,0.024915358051657677]",0.06937956053197333,0.20452619589490256,0.1305282770409182,0.021410974674984307,0.5291185636893156,0.7008708345680628,16.0,16.0,NOT_RECORDED,NOT_RECORDED,12.0,16.0,12.0,12.0,0.3712592964781234,0.4270111191835024,0.05251376441744757,0.03247648914950032,0.13547036122126482,0.02542560454224297,0.1305282770409182,0.021410974674984307,-4.752
25592000000,1,1.6320000000000001,MAIN,MAIN,TRACK_MAIN,False,"[-0.015265741961104752,-0.19186065384910164,2.9595588514818396]","[0.37800004500254736,0.02570895566414922,0.025667778608707142]","[0.4269268303219361,0.01181630627859336,-0.019660008673427445]","[0.020716906041733568,0.004398165155545926,-0.002902310230439251]","[-0.07681921532953635,-0.21450686805115446,2.9334106583825372]","[0.39109938963568047,0.038514743736663214,0.03613225745832919]","[0.149327204,-0.0290246829,3.01369834]","[0.378000051,0.0257089548,0.0256677791]","[0.426926821,0.011816306,-0.0196600091]","[0.14385945598284403,-0.02939964085817337,3.0133183002471924]","[0.430810809135437,0.02890726427237193,0.03613025198380152]","[0.548848936955134,-0.01068888713295261,-0.029772018392880756]","[0.1029404029250145,-0.03180139139294624,3.003084182739258]","[0.3752785623073578,0.038069359958171844,0.02462628483772278]",0.07060742952240849,0.20368140476713784,0.13059469914919256,0.021869045030230197,0.5383235809705086,0.6945178816091109,16.0,16.0,NOT_RECORDED,NOT_RECORDED,16.0,12.0,20.0,20.0,0.3797417797424648,0.4275425820708903,0.05141530079792117,0.021376563272686923,0.13531653034412547,0.026056625498549767,0.13059469914919256,0.021869045030230197,-4.736
25608000000,1,1.6440000000000001,MAIN,MAIN,TRACK_MAIN,False,"[-0.010698997208634937,-0.19155129434965784,2.9598654484887894]","[0.38312449665317816,0.02585106492333125,0.025431656250132856]","[0.4271349536158049,0.011868312895114436,-0.019693158378175646]","[0.013971351560518708,0.0042694873396177235,-0.002622622701592317]","[-0.07050901727207397,-0.21389321530302974,2.9335894674618808]","[0.40019786674431745,0.03913822354243107,0.036640341117476403]","[0.153893948,-0.0287153237,3.01400495]","[0.383124501,0.0258510653,0.0254316553]","[0.427134961,0.011868313,-0.0196931586]","[0.1518870492776235,-0.0288521870970726,3.0138676166534424]","[0.44271552562713623,0.029052903254826862,0.03602264573176702]","[0.5607746740182241,-0.010563740351547798,-0.029001588622728985]","[0.11218248307704926,-0.030874155461788177,3.0034408569335938]","[0.38785606622695923,0.03833015635609627,0.02432638593018055]",0.06904221252829432,0.2069198332193516,0.1329553768478307,0.02401294059614831,0.5503810526186418,0.703739666615164,16.0,16.0,NOT_RECORDED,NOT_RECORDED,20.0,12.0,20.0,20.0,0.38483688315057113,0.42775337045809475,0.05076623421596863,0.014842686293446747,0.1351505195334127,0.026484004556095446,0.1329553768478307,0.02401294059614831,-4.72
25624000000,1,1.6640000000000001,MAIN,MAIN,TRACK_MAIN,False,"[-0.0029510654006827267,-0.19103189376776922,2.960370139640704]","[0.39166924121008734,0.026089270711142865,0.02503729964192172]","[0.42730208196772923,0.011951545964802312,-0.019740948192517354]","[0.0027454528493577324,0.004053513260088229,-0.002156353031382773]","[-0.06465380824810678,-0.2143173135981353,2.9330275499780254]","[0.4073879459855661,0.03700729969478643,0.035767674005670755]","[0.161641881,-0.0281959232,3.01450944]","[0.391669244,0.0260892715,0.0250372998]","[0.427302092,0.0119515462,-0.0197409485]","[0.15389394760131836,-0.02871532365679741,3.014004945755005]","[0.43856145441532135,0.02839721506461501,0.035826943814754486]","[0.5239238739013672,-0.012685348279774189,-0.02837243489921093]","[0.11852048337459564,-0.03025895729660988,3.0036659240722656]","[0.3962577283382416,0.0384502038359642,0.02407008223235607]",0.07139367241593171,0.20610142942970705,0.1330785773554015,0.02454357033398434,0.552995771630384,0.676771380143338,16.0,16.0,NOT_RECORDED,NOT_RECORDED,16.0,16.0,12.0,12.0,0.3933348585234777,0.4279247757964528,0.04970072785645083,0.005349611153505576,0.13628220611601388,0.024796647646677862,0.1330785773554015,0.02454357033398434,-4.704
25640000000,1,1.6800000000000002,MAIN,MAIN,TRACK_MAIN,False,"[0.0033703374690376205,-0.19061293290095888,2.960768208185192]","[0.39850604338987294,0.02628100688144992,0.02472118437141117]","[0.4272742940966291,0.01201501116053834,-0.019772466110675548]","[-0.006215633142516996,0.0038794532833928666,-0.0017834143005595327]","[-0.05821730797914438,-0.2139885544278272,2.933002717186074]","[0.4159987816604377,0.036944635572457224,0.0358124625875668]","[0.167963281,-0.0277769621,3.0149076]","[0.398506045,0.0262810066,0.0247211847]","[0.427274287,0.0120150112,-0.0197724663]","[0.1609286144375801,-0.028246142901480198,3.014456272125244]","[0.44709497690200806,0.02838955819606781,0.035706549882888794]","[0.525395005941391,-0.012540910392999649,-0.0276801660656929]","[0.12829715013504028,-0.029331358149647713,3.003986358642578]","[0.4087497293949127,0.038549233227968216,0.023827679455280304]",0.07148692358774755,0.20853360258266904,0.135648596406038,0.027102471863666173,0.5636684495727854,0.6776785266200398,16.0,16.0,NOT_RECORDED,NOT_RECORDED,12.0,20.0,12.0,12.0,0.40013609546962825,0.42790026093128103,0.048862630359338924,0.007540876587494564,0.13645219937090391,0.025054548837559653,0.135648596406038,0.027102471863666173,-4.688
25656000000,1,1.6960000000000002,MAIN,MAIN,TRACK_MAIN,False,"[0.00980111950287265,-0.19019089625088842,2.961161215105617]","[0.4053412548333607,0.02647373616912634,0.024404612541554963]","[0.4271032981489312,0.012075682802023676,-0.019798018771122396]","[-0.015154888146997558,0.0037043305659891206,-0.0014107231849502574]","[-0.05148836833941055,-0.21340178559475964,2.9331544925250124]","[0.42531327221469395,0.03747958730416669,0.0362270516146033]","[0.174394056,-0.0273549259,3.01530051]","[0.405341268,0.0264737364,0.0244046133]","[0.427103311,0.0120756831,-0.019798018]","[0.16957097500562668,-0.027671453077346087,3.0150058269500732]","[0.4596145302057266,0.028587146662175655,0.03561096452176571]","[0.5388593673706055,-0.01173111004754901,-0.02693490218371153]","[0.12829715013504028,-0.029331358149647713,3.003986358642578]","[0.4087497293949127,0.038549233227968216,0.023827679455280304]",0.07127077391055724,0.20433084249002997,0.1309019680827865,0.02395096703102235,0.5771970850348821,0.6872122336263935,16.0,16.0,NOT_RECORDED,NOT_RECORDED,12.0,16.0,12.0,12.0,0.40693731297331215,0.4277324057773641,0.048036933987774394,0.015664700431054675,0.13632573619094515,0.02576477883061702,0.1309019680827865,0.02395096703102235,-4.672
25672000000,1,1.7120000000000002,MAIN,MAIN,TRACK_MAIN,False,"[0.01634123693399373,-0.18976576828596864,2.961549153860386]","[0.41217258717625777,0.026667413744233436,0.024087679557798055]","[0.4267894753647514,0.012133544440045904,-0.01981761144375064]","[-0.024068328339658662,0.003528214340960311,-0.0010384428413431814]","[-0.0446160255934462,-0.2128056385469893,2.9333039537797854]","[0.4345608845150096,0.03808003965272181,0.0367037644408844]","[0.180934176,-0.0269297976,3.01568866]","[0.412172586,0.0266674142,0.0240876786]","[0.426789463,0.0121335443,-0.0198176112]","[0.1754840761423111,-0.027284071159859497,3.015365203221639]","[0.46463970343271893,0.02842021733522415,0.035479661698142685]","[0.5296370089054108,-0.012208569174011549,-0.026285541864732902]","[0.13499332964420319,-0.028712958097457886,3.0041885375976562]","[0.41710078716278076,0.038599226623773575,0.02361406572163105]",0.07102404384486324,0.20453470077134295,0.130973283542319,0.024495439086223546,0.585349362379328,0.6801871945189047,16.0,16.0,NOT_RECORDED,NOT_RECORDED,16.0,12.0,20.0,20.0,0.4137361585380895,0.4274215915301119,0.04722335368184636,0.02434771219306059,0.1361834389413929,0.02637506116453144,0.130973283542319,0.024495439086223546,-4.656
25688000000,1,1.7280000000000002,MAIN,MAIN,TRACK_MAIN,False,"[0.0229906094332526,-0.18933753419394747,2.9619320194336067]","[0.41899775866168365,0.0268619945224822,0.02377048072047242]","[0.4263332702830654,0.012188580728476376,-0.019831251992191774]","[-0.03295202518725038,0.003351173260694804,-0.000666734330310571]","[-0.03760950039610936,-0.2122025283779751,2.9334537330812975]","[0.4429176538489727,0.039152406015013345,0.03717490302317956]","[0.187583551,-0.0265015624,3.01607132]","[0.418997765,0.0268619936,0.0237704813]","[0.426333278,0.0121885808,-0.0198312514]","[0.17984415590763092,-0.02700065231571595,3.0156239668528237]","[0.46542902787526447,0.028057947754859924,0.035331948970754944]","[0.5081577599048615,-0.013491176689664522,-0.026070226294298966]","[0.1452983319759369,-0.027796441689133644,3.004481315612793]","[0.42946815490722656,0.03870848938822746,0.02349115163087845]",0.07075446320855291,0.20703899672904902,0.1335534119331696,0.026223859735548923,0.5904812238260672,0.6644831950897254,16.0,16.0,NOT_RECORDED,NOT_RECORDED,20.0,12.0,20.0,20.0,0.420530289357286,0.42696826276200633,0.04642161131413578,0.03312870146612441,0.13602715164186222,0.026697388260161128,0.1335534119331696,0.026223859735548923,-4.64
25704000000,1,1.7440000000000002,MAIN,MAIN,TRACK_MAIN,False,"[0.02974912022296431,-0.18890617988583913,2.9623098083330768]","[0.4258144951458741,0.027057433182808264,0.02345311118356566]","[0.42573518985705305,0.01224077741497913,-0.01983895084027686]","[-0.04180210544769486,0.003173275396885962,-0.00029575661620886984]","[-0.030433629986191035,-0.21158822733994948,2.9336049624086207]","[0.4518044372452339,0.03906132826042265,0.03775532172752987]","[0.194342062,-0.0260702092,3.01644921]","[0.425814509,0.0270574335,0.0234531108]","[0.425735176,0.0122407777,-0.0198389515]","[0.19099009037017822,-0.02628510631620884,3.0162590742111206]","[0.4830201715230942,0.02854441711679101,0.035248604603111744]","[0.5357345044612885,-0.01157921995036304,-0.02544972626492381]","[0.1523396521806717,-0.02718976140022278,3.004669189453125]","[0.43779265880584717,0.038664091378450394,0.02335580810904503]",0.07043015603415106,0.20730401757409858,0.13368191845789357,0.026833751291251533,0.6075947869166635,0.6836231707278386,16.0,16.0,NOT_RECORDED,NOT_RECORDED,16.0,16.0,12.0,12.0,0.42731737314432516,0.4263729265382442,0.045631435711745515,0.041923420287241754,0.13582858449613666,0.027287984940923316,0.13368191845789357,0.026833751291251533,-4.624
25720000000,1,1.76,MAIN,MAIN,TRACK_MAIN,False,"[0.03661661620666834,-0.18847169199957284,2.9626825185876147]","[0.4326205310897324,0.027253684184798316,0.02313566591402608]","[0.4249958025694385,0.012290121331719726,-0.019840720938496842]","[-0.050614751170087346,0.002994588240532301,7.433343282131806e-05]","[-0.02415210746680312,-0.21188793455319033,2.9337454179338374]","[0.4586405966513448,0.0372414006698759,0.03812981817341164]","[0.20120956,-0.0256357212,3.01682186]","[0.432620525,0.0272536837,0.0231356658]","[0.42499581,0.0122901211,-0.019840721]","[0.19777581095695496,-0.02585296519100666,3.016635537147522]","[0.4892495572566986,0.02849074825644493,0.03512435965240002]","[0.5295456051826477,-0.011371609754860401,-0.024985935539007187]","[0.1631692349910736,-0.026296421885490417,3.004941940307617]","[0.45022767782211304,0.038622815161943436,0.02318088710308075]",0.07126369332612095,0.21000533869850935,0.13647012820804735,0.029213095830664795,0.6165673512985812,0.6782176518223442,16.0,16.0,NOT_RECORDED,NOT_RECORDED,12.0,20.0,12.0,12.0,0.43409508896011745,0.42563615153244305,0.044852562654821695,0.050703314686511645,0.1369413432839063,0.025584017087535715,0.13647012820804735,0.029213095830664795,-4.608
25736000000,1,1.776,MAIN,MAIN,TRACK_MAIN,False,"[0.04359290811464141,-0.1880340579033638,2.9630501497437445]","[0.43941361053622413,0.027450701785967743,0.02281823965160438]","[0.4241157375478285,0.012336600386074122,-0.019836577730463226]","[-0.059386199694694775,0.0028151787019373075,0.0004433810448552823]","[-0.017426636864126932,-0.21190610169439025,2.9338920537215443]","[0.4657206085204015,0.03620661689810795,0.038573419334026485]","[0.208185852,-0.0251980871,3.0171895]","[0.439413607,0.0274507012,0.0228182394]","[0.424115747,0.0123366006,-0.0198365785]","[0.20295363292098045,-0.02552631264552474,3.0169137716293335]","[0.4912228137254715,0.028236642945557833,0.03498427104204893]","[0.5108481049537659,-0.011910107219591737,-0.024526908062398434]","[0.1631692349910736,-0.026296421885490417,3.004941940307617]","[0.45022767782211304,0.038622815161943436,0.02318088710308075]",0.07171787718425905,0.20545676667016063,0.13129437191212853,0.02676542271902717,0.6224887153454055,0.6637773545121735,16.0,16.0,NOT_RECORDED,NOT_RECORDED,12.0,16.0,12.0,12.0,0.44086112803673294,0.42475856714241905,0.044084734855319885,0.059454541727717865,0.13767944932935633,0.023992806454014876,0.13129437191212853,0.02676542271902717,-4.592
25752000000,1,1.792,MAIN,MAIN,TRACK_MAIN,False,"[0.05067777066493531,-0.1875932656988093,2.963412702861747]","[0.44619148807361697,0.02764844005888969,0.022500926869232194]","[0.42309568368005834,0.012380203551337577,-0.019826539119368575]","[-0.06811274365295622,0.0026351131107095836,0.0008112335441840968]","[-0.009916262779200324,-0.2113365026225477,2.9340491443833243]","[0.47391967329028073,0.03657930846017436,0.03911939899958752]","[0.215270713,-0.024757294,3.01755214]","[0.44619149,0.0276484396,0.0225009266]","[0.423095673,0.0123802032,-0.0198265389]","[0.2093666618069013,-0.0251246215775609,3.0172499418258667]","[0.49591125547885895,0.028135588703056175,0.03485543901721636]","[0.5006679395834605,-0.01208414634068807,-0.023838037624955177]","[0.1705627739429474,-0.025705866515636444,3.005117416381836]","[0.4584408402442932,0.03860132023692131,0.022989444434642792]",0.07139745622332458,0.20571637551506106,0.13137180588934272,0.027388059398201308,0.6303416153255827,0.6555249750227087,16.0,16.0,NOT_RECORDED,NOT_RECORDED,16.0,12.0,20.0,20.0,0.44761319459664417,0.4237408626060512,0.04332770191931294,0.06816852476695363,0.1375635615928385,0.024011368950945716,0.13137180588934272,0.027388059398201308,-4.576
25768000000,1,1.808,MAIN,MAIN,TRACK_MAIN,False,"[0.05787094273971271,-0.18714930422371182,2.963770180511072]","[0.4529519297845685,0.02784685290817546,0.022183821733936997]","[0.42193638872952965,0.012420920857433553,-0.01981062543444703]","[-0.07679073096748784,0.0024544572157627655,0.0011777403513147586]","[-0.0022773703879176675,-0.2107622333789668,2.9342082850777427]","[0.48269371538364014,0.03709014473145135,0.039559277777319435]","[0.222463876,-0.0243133325,3.01790953]","[0.452951938,0.0278468523,0.0221838225]","[0.421936393,0.0124209207,-0.0198106263]","[0.2140899027387301,-0.02483075950294733,3.0174916982650757]","[0.4961633235216141,0.027828462111453216,0.034715899576743446]","[0.4782642622788747,-0.012757445375124613,-0.02329208143055439]","[0.18191415071487427,-0.02482612058520317,3.0053720474243164]","[0.4704592525959015,0.03851733356714249,0.022755946964025497]",0.07105839610490562,0.20848560794927182,0.1341765807276608,0.029026299288463852,0.6350494923228229,0.6386130217075034,16.0,16.0,NOT_RECORDED,NOT_RECORDED,20.0,12.0,20.0,20.0,0.4543490066668764,0.4225837861172236,0.0425812202957369,0.07683897315217207,0.13743472769940612,0.024879593379844283,0.1341765807276608,0.029026299288463852,-4.56
25784000000,1,1.824,MAIN,MAIN,TRACK_MAIN,False,"[0.06517212757665727,-0.18670216305463128,2.9641225867651393]","[0.45969271418105795,0.028045894087306192,0.02186701806829374]","[0.4206386584505545,0.012458743381622549,-0.019788859397435]","[-0.08541656485207344,0.002273276185315508,0.001542752982970184]","[0.0055271811279760785,-0.21017997746576292,2.934368667464562]","[0.4907690354074404,0.037581657360777454,0.040053938779233626]","[0.229765072,-0.0238661915,3.01826191]","[0.459692717,0.0280458946,0.0218670182]","[0.420638651,0.0124587435,-0.0197888594]","[0.2206655852496624,-0.02442432288080454,3.017820179462433]","[0.5006872341036797,0.02775434870272875,0.0345903504639864]","[0.4679865092039108,-0.012126301415264606,-0.02251553488895297]","[0.18964903056621552,-0.024252256378531456,3.005533218383789]","[0.4784514307975769,0.03834446892142296,0.022542566061019897]",0.07066840255824988,0.2088044826338768,0.13431182345791423,0.02964689557102056,0.642765915653711,0.6297465503666119,16.0,16.0,NOT_RECORDED,NOT_RECORDED,16.0,16.0,12.0,12.0,0.4610662968874469,0.4212881439418664,0.04184505321412535,0.08546073614537646,0.13726665679070896,0.02530598069107278,0.13431182345791423,0.02964689557102056,-4.544
25800000000,1,1.84,MAIN,MAIN,TRACK_MAIN,False,"[0.0725809929752258,-0.1862518325091697,2.9644699271955175]","[0.46641163312516243,0.028245517215315947,0.02155060931241324]","[0.4192033557036935,0.012493663239211012,-0.019761266089031525]","[-0.09398670381167379,0.0020916346068915763,0.0019061250520890447]","[0.013471494214920762,-0.20959254003341415,2.934530522522024]","[0.500349060277357,0.03798975486779677,0.04050188386708675]","[0.23717393,-0.0234158617,3.01860929]","[0.46641162,0.028245518,0.0215506088]","[0.419203341,0.0124936635,-0.0197612662]","[0.2298189029097557,-0.02386459708213806,3.0182594060897827]","[0.5110436379909515,0.027985572814941406,0.03447848558425903]","[0.4738960564136505,-0.010842527728527784,-0.021729080006480217]","[0.20150627195835114,-0.023396121338009834,3.005763053894043]","[0.4905466139316559,0.038159627467393875,0.022282447665929794]",0.07025019162699865,0.21177542948718442,0.13732779538895756,0.03171470370704628,0.6545614526219575,0.6321021112947061,16.0,16.0,NOT_RECORDED,NOT_RECORDED,12.0,20.0,12.0,12.0,0.4677628133135191,0.4198547995340933,0.0411189706135745,0.09402929725051785,0.13708274685892988,0.026885040368378185,0.13732779538895756,0.03171470370704628,-4.528
25816000000,1,1.856,MAIN,MAIN,TRACK_MAIN,False,"[0.08009717151752326,-0.18579830364798977,2.964812208865511]","[0.4731064927356811,0.028445675793326162,0.021234688486466955]","[0.4176313995710975,0.012525673574260198,-0.019727872915358848]","[-0.10249766164241769,0.001909596487319789,0.00226771226782585]","[0.020825554705340872,-0.20999544441029172,2.935019433856169]","[0.5078925905414193,0.03586449223899758,0.04122175418185968]","[0.244690105,-0.0229623318,3.01895165]","[0.473106503,0.028445676,0.0212346893]","[0.417631388,0.012525674,-0.0197278727]","[0.23905297368764877,-0.023302479181438684,3.0186948776245117]","[0.5213769674301147,0.028225517831742764,0.03436697646975517]","[0.479654423892498,-0.009645556332543492,-0.020867684856057167]","[0.20150627195835114,-0.023396121338009834,3.005763053894043]","[0.4905466139316559,0.038159627467393875,0.022282447665929794]",0.07061328220213328,0.20686133084132918,0.13172791874216372,0.02959689169838743,0.666327160824242,0.6343680837896346,16.0,16.0,NOT_RECORDED,NOT_RECORDED,12.0,16.0,12.0,12.0,0.4744363202107459,0.4182846726524499,0.040402749064916546,0.10254052720674678,0.13798261943024465,0.025057780440396592,0.13172791874216372,0.02959689169838743,-4.512
25832000000,1,1.872,MAIN,MAIN,TRACK_MAIN,False,"[0.08772026080356811,-0.18534156827657025,2.9651494403231364]","[0.47977511428060143,0.028646323220931278,0.020919348153748647]","[0.41592376447185353,0.012554768550295069,-0.019688709574423157]","[-0.11094600743161331,0.0017272252527339516,0.0026273724355511396]","[0.02792953123291405,-0.21091563247514378,2.935676880774631]","[0.5135049902975349,0.03229918469487742,0.042107854665407334]","[0.252313197,-0.0225055981,3.01928878]","[0.479775101,0.0286463238,0.020919349]","[0.415923774,0.0125547685,-0.0196887087]","[0.2459606205423673,-0.022886209500332672,3.019007841746012]","[0.5256942212581635,0.028193518208960693,0.03424620069563389]","[0.46829654276371,-0.009056701945761839,-0.01985391601920128]","[0.20958200097084045,-0.0228347796946764,3.005908966064453]","[0.498492032289505,0.03801384195685387,0.021996386349201202]",0.07139745001443712,0.20717161724148703,0.1318026434057202,0.030072932022711617,0.6738143576933447,0.6243977745304373,16.0,16.0,NOT_RECORDED,NOT_RECORDED,16.0,12.0,20.0,20.0,0.4810845988433012,0.41657873847628774,0.03969617168784668,0.11099055346291581,0.1394279906245293,0.02121895441992387,0.1318026434057202,0.030072932022711617,-4.496
25848000000,1,1.8880000000000001,MAIN,MAIN,TRACK_MAIN,False,"[0.0954498237007254,-0.18488161894670024,2.965481631593529]","[0.48641533505541595,0.028847412812435975,0.02060468038427246]","[0.4140814792773182,0.012580943341013178,-0.01964380802257481]","[-0.11932836555773518,0.001544583748573019,0.00298496545685115]","[0.03619377523257111,-0.21041146465709554,2.9358602382866392]","[0.5209381871934907,0.03193040768994306,0.042630154060458704]","[0.260042757,-0.0220456477,3.01962113]","[0.486415327,0.0288474131,0.0206046812]","[0.414081484,0.0125809433,-0.0196438078]","[0.251042681435744,-0.022581720414261024,3.0192325909932456]","[0.5253965556621552,0.02795019590606292,0.03412148542702198]","[0.443386510014534,-0.00885753178348144,-0.019258353859186172]","[0.2219485193490982,-0.022000959143042564,3.006117820739746]","[0.5103482604026794,0.0376909002661705,0.021776238456368446]",0.07099633260597547,0.2101983092394933,0.13481153423600634,0.031298917699424264,0.6780459337717701,0.6049662978654723,16.0,16.0,NOT_RECORDED,NOT_RECORDED,20.0,12.0,20.0,20.0,0.4877054482541503,0.4147380267222547,0.038999028064543646,0.1193756867390317,0.1393474445774689,0.020672141938991917,0.13481153423600634,0.031298917699424264,-4.48
25864000000,1,1.9040000000000001,MAIN,MAIN,TRACK_MAIN,False,"[0.10328538860707807,-0.18441844895771486,2.965808794170755]","[0.4930250092472764,0.02904889781294349,0.020290776718907843]","[0.4121056264264674,0.012604194120993544,-0.01959320244096924]","[-0.12764141569043363,0.001361734239580933,0.0033403533295280237]","[0.044609087746432005,-0.2099048499922551,2.9360468643679134]","[0.5287000047902768,0.03233927847952242,0.0429605276499285]","[0.267878324,-0.0215824787,3.01994824]","[0.493025005,0.0290488973,0.0202907771]","[0.41210562,0.0126041938,-0.0195932016]","[0.2581103667616844,-0.022160635329782963,3.0195380449295044]","[0.529536783695221,0.027942278888076544,0.03400343656539917]","[0.4319602996110916,-0.00812385487370193,-0.018829957582056522]","[0.2303585261106491,-0.021453984081745148,3.006251335144043]","[0.5180858969688416,0.0374850258231163,0.021702023223042488]",0.0705566253867894,0.21057207366526245,0.13495749426817188,0.03181230335029232,0.685374300356704,0.594919069615176,16.0,16.0,NOT_RECORDED,NOT_RECORDED,16.0,16.0,12.0,12.0,0.4942966860371212,0.41276362076094303,0.03831111415115447,0.1276923775327385,0.13923170450179084,0.02122562884170597,0.13495749426817188,0.03181230335029232,-4.464
25880000000,1,1.9200000000000002,MAIN,MAIN,TRACK_MAIN,False,"[0.11122644972851331,-0.18395205235747486,2.966130941009069]","[0.49960200878500394,0.02925073141429544,0.019977728134050857]","[0.409997341041228,0.012624518056405494,-0.019536929202027122]","[-0.1358818927905343,0.0011787384098067028,0.003693400147599793]","[0.05315427604633978,-0.20939328721547668,2.936234927718804]","[0.5378659621547829,0.03268675267016768,0.043306974237209354]","[0.275819391,-0.0211160816,3.02027035]","[0.49960202,0.0292507317,0.0199777279]","[0.409997344,0.012624518,-0.0195369292]","[0.2679310739040375,-0.021580864675343037,3.019945740699768]","[0.5397219061851501,0.028256932273507118,0.033886903896927834]","[0.4377327859401703,-0.006513694301247597,-0.018603743985295296]","[0.2432193011045456,-0.0206515584141016,3.006448745727539]","[0.5297063589096069,0.0371762253344059,0.021673649549484253]",0.07009568744169824,0.2138099378275989,0.1381979574785554,0.033576175311526006,0.6968847824478578,0.5963666598128854,16.0,16.0,NOT_RECORDED,NOT_RECORDED,12.0,20.0,12.0,12.0,0.5008561491003983,0.41065665673367396,0.03763223218835342,0.13593718923542336,0.13909957964731906,0.023127275329850393,0.1381979574785554,0.033576175311526006,-4.448
25896000000,1,1.9360000000000002,MAIN,MAIN,TRACK_MAIN,False,"[0.11927246736929431,-0.1834824239430924,2.9664480865135987]","[0.5061442241749359,0.02945286677086295,0.019665625006832284]","[0.4077578100418294,0.012641913295717646,-0.019475026835895325]","[-0.14404658711002982,0.0009956573626044322,0.004043972101300308]","[0.061831389828099784,-0.2088797021060192,2.936424378276283]","[0.5464688444190691,0.03289017066284571,0.043690217043386916]","[0.283865422,-0.0206464529,3.02058744]","[0.506144226,0.0294528659,0.0196656249]","[0.407757819,0.0126419133,-0.0194750261]","[0.27851879596710205,-0.020958999482293923,3.0203752517700195]","[0.5514394442240397,0.028660858049988747,0.033768263955911]","[0.44805775582790375,-0.004635030714174111,-0.01834807513902585]","[0.2432193011045456,-0.0206515584141016,3.006448745727539]","[0.5297063589096069,0.0371762253344059,0.021673649549484253]",0.06961265821313008,0.20851081770369637,0.13219737940934131,0.031905858519853725,0.7094473429768937,0.6009038176595529,16.0,16.0,NOT_RECORDED,NOT_RECORDED,12.0,16.0,20.0,20.0,0.5073816944210535,0.40841832266947076,0.03696219061206449,0.14410678090217413,0.1389896389169001,0.02374936114862614,0.13219737940934131,0.031905858519853725,-4.432
25912000000,1,1.9520000000000002,MAIN,MAIN,TRACK_MAIN,False,"[0.1274228682358932,-0.18300955926140475,2.9667602465304803]","[0.5126495653226204,0.02965525701518908,0.01935455708086243]","[0.4053882712621365,0.012656378960406646,-0.019407535996907106]","[-0.15213234419209176,0.0008125516206332235,0.004391937477079347]","[0.07059047012541049,-0.20883152886662887,2.9353556265867815]","[0.5538771581644186,0.031900205511985844,0.04216990054778293]","[0.292015821,-0.0201735888,3.02089977]","[0.512649536,0.0296552572,0.0193545576]","[0.405388266,0.0126563786,-0.0194075368]","[0.28931641578674316,-0.02033067091057698,3.0207948684692383]","[0.563188632329305,0.029088499024510384,0.033644008139769234]","[0.4593360871076584,-0.0026491728300849595,-0.017857579824825127]","[0.2563648819923401,-0.019867023453116417,3.006641387939453]","[0.540944516658783,0.036836110055446625,0.021514657884836197]",0.0698780777003037,0.21173576774274314,0.13536627528729828,0.03298820073893735,0.7220097058411916,0.6061402530017569,16.0,16.0,NOT_RECORDED,NOT_RECORDED,16.0,12.0,20.0,20.0,0.513871199790283,0.40604985760219675,0.0363008039653147,0.15219789586035623,0.13958481344422688,0.023698530265243566,0.13536627528729828,0.03298820073893735,-4.416
25928000000,1,1.9680000000000002,MAIN,MAIN,TRACK_MAIN,False,"[0.13567704575385794,-0.1825334546092001,2.9670674383364584]","[0.5191159623403607,0.029857855273482666,0.019044613432512306]","[0.40289001256499485,0.012667915135666181,-0.019334499430042815]","[-0.16013606487105903,0.0006294811258572876,0.00473716665760248]","[0.07932954930986355,-0.21018071012353923,2.9305095438061874]","[0.5607951314213371,0.027700862925479828,0.03484459048795525]","[0.300269991,-0.0196974836,3.02120686]","[0.519115984,0.0298578553,0.0190446135]","[0.402890027,0.0126679149,-0.0193344988]","[0.2982064485549927,-0.019816509913653135,3.021130084991455]","[0.5702280551195145,0.029303859919309616,0.03351423889398575]","[0.45647982507944107,-0.0009428777266293764,-0.017684181220829487]","[0.2652836740016937,-0.019352253526449203,3.006770133972168]","[0.5484331250190735,0.03654751181602478,0.021506570279598236]",0.07263532711750893,0.21213742365109386,0.13551226601832947,0.03332846907442665,0.7312169866172757,0.6011824992515664,16.0,16.0,NOT_RECORDED,NOT_RECORDED,20.0,12.0,12.0,12.0,0.5203225645490352,0.4035525506879079,0.035647892812097653,0.16020735397233715,0.14242748939814423,0.02648737615865564,0.13551226601832947,0.03332846907442665,-4.4
25944000000,1,1.9840000000000002,MAIN,MAIN,TRACK_MAIN,False,"[0.14403436039748585,-0.1820541070331953,2.967369680627937]","[0.5255413663405991,0.030060614680963393,0.01873588243773168]","[0.40026437095757283,0.012676522861115792,-0.01925596193739048]","[-0.16805470527244604,0.0004465052395458517,0.005079532121751114]","[0.08836975404737296,-0.20974236451539946,2.9305603316023725]","[0.5679335341475216,0.028368836094025095,0.03519661292528467]","[0.308627307,-0.0192181356,3.02150917]","[0.525541365,0.0300606154,0.0187358819]","[0.400264382,0.0126765231,-0.0192559622]","[0.3002699911594391,-0.019697483628988266,3.021206855773926]","[0.5614216327667236,0.028767445124685764,0.03338620811700821]","[0.4087269529700279,-0.0025105495005846024,-0.017693256959319115]","[0.2743270695209503,-0.018843306228518486,3.00689697265625]","[0.5557538866996765,0.03643234446644783,0.021510111168026924]",0.07225037147447531,0.2125473179438573,0.13567412944877694,0.03380919251286535,0.7292774318907495,0.566081994517231,16.0,16.0,NOT_RECORDED,NOT_RECORDED,16.0,16.0,12.0,12.0,0.5267337103137235,0.4009277403224228,0.035003283654043094,0.16813204625446496,0.14238149824335314,0.026845270678706856,0.13567412944877694,0.03380919251286535,-4.384
25960000000,1,2.0,MAIN,MAIN,TRACK_MAIN,False,"[0.1524941400320785,-0.1815715143297703,2.9676669935095163]","[0.5319237502151493,0.030263488397058367,0.018428451739403627]","[0.39751273170669804,0.012682204121509756,-0.019171970344606278]","[-0.17588527681294175,0.0002636827422732137,0.005418908444622665]","[0.09752192182496744,-0.20929678206668997,2.930614451271365]","[0.5756251473966209,0.028884712269633128,0.035597442196668626]","[0.317087084,-0.0187355429,3.02180648]","[0.531923771,0.0302634891,0.0184284523]","[0.397512734,0.0126822041,-0.01917197]","[0.308678537607193,-0.019216513261198997,3.021506667137146]","[0.5666978359222412,0.028932292014360428,0.03325038403272629]","[0.4011729955673218,-0.0018718987703323364,-0.01745832059532404]","[0.2881260812282562,-0.018085213378071785,3.0070886611938477]","[0.5666695833206177,0.03617038205265999,0.021396221593022346]",0.07185767970094847,0.21605060044935448,0.1391492937724525,0.03550555712582954,0.7371790273023828,0.5583681189984,16.0,16.0,NOT_RECORDED,NOT_RECORDED,12.0,20.0,12.0,12.0,0.5331025816917593,0.3981768132591291,0.03436680885062144,0.17596893105569777,0.1423231685908621,0.027733731023541267,0.1391492937724525,0.03550555712582954,-4.368
25976000000,1,2.012,MAIN,MAIN,TRACK_MAIN,False,"[0.15890579487670356,-0.18120743928423366,2.9678867561273874]","[0.5366810994243288,0.030415690543343105,0.018198784327237847]","[0.39536717638238605,0.012684546296111113,-0.019105426688617325]","[-0.1816986436409822,0.0001267015635731351,0.005671404794087207]","[0.10679350173497018,-0.20884411867766092,2.9306721948705383]","[0.5837077103859492,0.029397351591728273,0.03600295153124499]","[0.323498726,-0.0183714684,3.02202606]","[0.536681116,0.0304156914,0.0181987844]","[0.395367175,0.0126845464,-0.019105427]","[0.3186899945139885,-0.01864452427253127,3.0218613743782043]","[0.575453594326973,0.029278498142957687,0.03311156202107668]","[0.4036204442381859,-0.0003322996199131012,-0.01731147849932313]","[0.2881260812282562,-0.018085213378071785,3.0070886611938477]","[0.5666695833206177,0.03617038205265999,0.021396221593022346]",0.06974525585245789,0.2117629154271303,0.13277160685512052,0.03398200372614008,0.7464291446549629,0.5574362228916756,16.0,16.0,NOT_RECORDED,NOT_RECORDED,12.0,16.0,12.0,12.0,0.5378502695560579,0.39603171489701816,0.03389469333504224,0.18178717772878605,0.14228144969448614,0.028450795255902005,0.13277160685512052,0.03398200372614008,-4.352
25992000000,1,2.032,MAIN,MAIN,TRACK_MAIN,False,"[0.16971824483017312,-0.18059658847120744,2.9682469184299105]","[0.5445514626276058,0.030669391603974604,0.017817837946188277]","[0.39163723733226863,0.012684799856074938,-0.018987822077870933]","[-0.1912705354338694,-0.00010126986633321282,0.006088202448002841]","[0.11618500174892726,-0.2083846370237378,2.9307340622311577]","[0.5916677140113369,0.02983887835374106,0.036381747375443814]","[0.334311187,-0.0177606177,3.02238631]","[0.544551492,0.0306693912,0.0178178381]","[0.391637236,0.0126847997,-0.0189878214]","[0.32676127056280774,-0.018187604223688442,3.022133231163025]","[0.579405297835668,0.02942192368209362,0.03296739545961221]","[0.3928057750066121,0.0012164775592585404,-0.017558907469113667]","[0.29747381806373596,-0.0175943486392498,3.0072174072265625]","[0.57379549741745,0.035909805446863174,0.021493643522262573]",0.0710295581947533,0.21073660260980115,0.13288740146239347,0.03408160533862673,0.7543531511263245,0.5461281798732878,16.0,16.0,NOT_RECORDED,NOT_RECORDED,16.0,12.0,20.0,20.0,0.5457053988923871,0.39230239254929516,0.03311762058610256,0.19136743241678503,0.14222646154141233,0.02895201222291011,0.13288740146239347,0.03408160533862673,-4.336
26008000000,1,2.048,MAIN,MAIN,TRACK_MAIN,False,"[0.1784810659311995,-0.1801042546513778,2.9685295776084764]","[0.5507928526609205,0.030872327669374082,0.017514826185437968]","[0.3885163860787568,0.012681722941808408,-0.01888776887121798]","[-0.19881952180353746,-0.0002832853199931009,0.006417879759785392]","[0.1256899887176076,-0.20791870655552125,2.93080076095838]","[0.59864040084713,0.029924681003108206,0.036715169392987274]","[0.343073994,-0.0172682833,3.02266908]","[0.550792873,0.0308723282,0.0175148267]","[0.388516396,0.0126817226,-0.0188877694]","[0.33981144924958545,-0.01745214747885863,3.0225619077682495]","[0.5941526393095652,0.030109575018286705,0.032807220394412674]","[0.41297392050425213,0.00448399983967344,-0.017387489477793377]","[0.31170961260795593,-0.016874389722943306,3.0074167251586914]","[0.5842505693435669,0.03545674309134483,0.02141525037586689]",0.07059748702266906,0.21425695951064888,0.13631665383152047,0.03491214965443036,0.7687184747813282,0.555905218070619,16.0,16.0,NOT_RECORDED,NOT_RECORDED,20.0,12.0,20.0,20.0,0.5519353551770223,0.3891819062615874,0.0325046004777124,0.19892328089334063,0.1421568123528473,0.028796387431079436,0.13631665383152047,0.03491214965443036,-4.32
26024000000,1,2.064,MAIN,MAIN,TRACK_MAIN,False,"[0.1873433446671927,-0.17960867437254024,2.9688074016301536]","[0.556983347018745,0.03107519122189663,0.01721345732787985]","[0.38527554315255835,0.012675736767028455,-0.018782468431950358]","[-0.20626903789079276,-0.0004649180692665065,0.0067440871928387165]","[0.13414473852879888,-0.2089751051168319,2.931921710091365]","[0.6019598896591714,0.02637339359840259,0.038099469582902286]","[0.351936281,-0.0167727042,3.02294683]","[0.556983352,0.0310751908,0.0172134582]","[0.385275543,0.012675737,-0.0187824685]","[0.3430739939212799,-0.017268283292651176,3.0226690769195557]","[0.587007462978363,0.029754345770925283,0.03266704082489014]","[0.3713236153125763,0.004157700575888157,-0.01712801866233349]","[0.321338027715683,-0.016405818983912468,3.0075502395629883]","[0.5910670757293701,0.03521774336695671,0.021320804953575134]",0.07108469026465476,0.21468757435714952,0.13648003713453719,0.03516431417596907,0.7678015203378068,0.524565223588894,16.0,16.0,NOT_RECORDED,NOT_RECORDED,16.0,16.0,12.0,12.0,0.5581150593550221,0.3859413162314746,0.031899101304795625,0.2063797830536437,0.14348324957953223,0.024765887508598285,0.13648003713453719,0.03516431417596907,-4.304
26040000000,1,2.076,MAIN,MAIN,TRACK_MAIN,False,"[0.1940548248663332,-0.17923485956851987,2.969012612740148]","[0.5615916693323828,0.031227263324899442,0.016988559108629515]","[0.3827671352974399,0.012669341853109374,-0.018700083489696984]","[-0.2117892639904101,-0.0006008578460673783,0.0069863964350060405]","[0.14354838198432612,-0.2089427035895428,2.9322784036691036]","[0.6082322965976977,0.025732096495069634,0.03857156682504666]","[0.358647764,-0.0163988881,3.02315211]","[0.561591685,0.0312272627,0.0169885587]","[0.382767141,0.0126693416,-0.0187000837]","[0.3508608788251877,-0.016833585686981678,3.0229105949401855]","[0.5894851684570312,0.029891825281083584,0.03251143544912338]","[0.3565707355737686,0.005145442672073841,-0.01672434527426958]","[0.3359932005405426,-0.015717392787337303,3.00775146484375]","[0.6012593507766724,0.03487010672688484,0.02112135849893093]",0.06915821632348595,0.21996627717419068,0.14014135010788772,0.03651975909049365,0.7725327580548994,0.5119777353533176,16.0,16.0,NOT_RECORDED,NOT_RECORDED,12.0,20.0,12.0,12.0,0.5627156974697635,0.3834330257154712,0.03144982848688003,0.21190531637242577,0.14378842789001975,0.02439885740555711,0.14014135010788772,0.03651975909049365,-4.288
26056000000,1,2.096,MAIN,MAIN,TRACK_MAIN,False,"[0.20536292625464758,-0.17860778131019311,2.9693486533544804]","[0.5692040467924038,0.0314805149134083,0.016615981431273217]","[0.37844037841485195,0.01265506380956138,-0.018556353439523686]","[-0.22085886599943194,-0.0008268125269502912,0.007385634743679821]","[0.1533405579201591,-0.20854405488529512,2.9323820576612185]","[0.6154346830205323,0.025951445856957613,0.038773004076841935]","[0.369955868,-0.01577181,3.02348804]","[0.569204032,0.0314805135,0.0166159812]","[0.37844038,0.0126550635,-0.0185563527]","[0.36147478967905045,-0.016242118552327156,3.023236095905304]","[0.5980025678873062,0.030333997681736946,0.03234619088470936]","[0.35910365730524063,0.0070691334549337626,-0.01636170456185937]","[0.3359932005405426,-0.015717392787337303,3.00775146484375]","[0.6012593507766724,0.03487010672688484,0.02112135849893093]",0.07049139294865459,0.21230243324892784,0.1333947554571082,0.03507232272397958,0.7834063190019547,0.509080052931562,16.0,16.0,NOT_RECORDED,NOT_RECORDED,12.0,16.0,12.0,12.0,0.5703160181364247,0.3791063292900462,0.0307101137367071,0.22098386798605188,0.14376656207551808,0.024949982633125384,0.1333947554571082,0.03507232272397958,-4.272
26072000000,1,2.112,MAIN,MAIN,TRACK_MAIN,False,"[0.2145184793755022,-0.1781024738186235,2.9696121389400454]","[0.5752305173244194,0.03168288240976319,0.016320038623627634]","[0.3748494111643352,0.01264039282786973,-0.018435657200629924]","[-0.22799391963943594,-0.0010069642232463927,0.007700751262468358]","[0.1632392804088407,-0.20813985546496908,2.932488678915527]","[0.6223821235558352,0.02621063668532044,0.03898441523635115]","[0.379111409,-0.0152665032,3.0237515]","[0.575230539,0.0316828825,0.0163200386]","[0.374849409,0.0126403924,-0.018435657]","[0.371481791138649,-0.015687592172374327,3.023531953493754]","[0.6048183639844259,0.030717384070158005,0.03218041049937407]","[0.3576313902934392,0.008916706778109074,-0.016217307498057682]","[0.3458988070487976,-0.01526542380452156,3.0078868865966797]","[0.6077973246574402,0.034622080624103546,0.0210652407258749]",0.07007104842245962,0.21270085017464468,0.133521178099687,0.035196326478230115,0.7920423764492192,0.504109472668501,16.0,16.0,NOT_RECORDED,NOT_RECORDED,16.0,12.0,20.0,20.0,0.576333494393469,0.3755152913497809,0.030126363011094885,0.2281261557548956,0.14373431785962149,0.025193632217947293,0.133521178099687,0.035196326478230115,-4.256
26088000000,1,2.128,MAIN,MAIN,TRACK_MAIN,False,"[0.22376999152883967,-0.1775939304478813,2.9698709051042615]","[0.5811986237594577,0.031884992136135756,0.01602606712473869]","[0.37114515959379385,0.012622844169073348,-0.018309950290573217]","[-0.2350189862342671,-0.0011865131909273244,0.008011950704529286]","[0.17324093875948687,-0.2077289453386842,2.93259906515804]","[0.6287277061021046,0.02691740281881768,0.039125525142278836]","[0.388362944,-0.0147579592,3.02401042]","[0.581198633,0.0318849906,0.0160260666]","[0.371145159,0.0126228444,-0.0183099508]","[0.3775854855775833,-0.015350721000383297,3.0237075885136924]","[0.6029332677523295,0.030703183263540268,0.032033502434690796]","[0.3310820708672206,0.009648335166275501,-0.016013792405525844]","[0.3609571158885956,-0.01461100298911333,3.0080747604370117]","[0.6175693273544312,0.03423851355910301,0.020963367074728012]",0.06964549051599611,0.2164330757888333,0.13713101972138497,0.0359616217371469,0.7946389653907365,0.4829848366698793,16.0,16.0,NOT_RECORDED,NOT_RECORDED,20.0,12.0,20.0,20.0,0.5822931631153639,0.3718108658504518,0.02954960849264958,0.23515850624254842,0.14369030362831983,0.025176784284550096,0.13713101972138497,0.0359616217371469,-4.24
26104000000,1,2.144,MAIN,MAIN,TRACK_MAIN,False,"[0.23311651446422763,-0.17708215569020835,2.9701249840267447]","[0.5871065677336095,0.03208679812913276,0.015734146599390316]","[0.36732940349737686,0.012602427906038932,-0.018179296237847975]","[-0.24193157482116734,-0.0013654058756732944,0.008319126510902598]","[0.18337011330314706,-0.20730664063193477,2.932714833786411]","[0.6352642471144977,0.027668967005698222,0.039272881796683534]","[0.397709459,-0.0142461844,3.02426434]","[0.587106586,0.0320867971,0.0157341473]","[0.367329389,0.012602428,-0.0181792956]","[0.3860500603914261,-0.014885095180943608,3.023945689201355]","[0.605908140540123,0.030945461709052324,0.031883941031992435]","[0.31922639161348343,0.011091619962826371,-0.01570477895438671]","[0.37112414836883545,-0.014186235144734383,3.008190155029297]","[0.6238164305686951,0.033985815942287445,0.020867161452770233]",0.06919352035758954,0.21686434743811434,0.13729184922922846,0.03606464623356079,0.8005333166898675,0.4712448875997558,16.0,16.0,NOT_RECORDED,NOT_RECORDED,16.0,16.0,12.0,12.0,0.5881932062335727,0.3679948351194199,0.028979732563410483,0.2420784151769005,0.14361271899835135,0.025532963208466312,0.13729184922922846,0.03606464623356079,-4.224
26120000000,1,2.16,MAIN,MAIN,TRACK_MAIN,False,"[0.2425570713869166,-0.1765671547719348,2.970374409153541]","[0.5929525796761581,0.03228825459335701,0.015444355682360382]","[0.3634039620823025,0.012579154963856686,-0.01804376025912196]","[-0.24872924972855115,-0.0015435893038594946,0.008622174218844324]","[0.19264319506742783,-0.20745969283964288,2.9305982050423127]","[0.6400867051265066,0.026665869848794262,0.03573826744131591]","[0.40715,-0.0137311835,3.02451372]","[0.592952609,0.0322882533,0.015444356]","[0.363403976,0.0125791552,-0.0180437602]","[0.3977564722299576,-0.014244571328163147,3.0242620706558228]","[0.6154429912567139,0.03153820428997278,0.031726064160466194]","[0.3256692886352539,0.013446965720504522,-0.015316871926188469]","[0.3865656554698944,-0.013571683317422867,3.008352279663086]","[0.6331242918968201,0.03365321457386017,0.020703725516796112]",0.07090761856810662,0.22079020506513072,0.14111727655158507,0.037115932392177704,0.8108517720837256,0.47075286816412326,16.0,16.0,NOT_RECORDED,NOT_RECORDED,12.0,20.0,12.0,12.0,0.5940318352173891,0.3640690210399794,0.028416622994746604,0.24888343501873936,0.14534533339848693,0.02667059009955675,0.14111727655158507,0.037115932392177704,-4.208
26136000000,1,2.172,MAIN,MAIN,TRACK_MAIN,False,"[0.24969859543130005,-0.17617879047180646,2.970558444770394]","[0.5972953978026763,0.03243909011648733,0.015228456758553596]","[0.36038901615109353,0.012559832609300079,-0.017938944677142576]","[-0.25375065978049527,-0.001676729885927073,0.00884668927652733]","[0.20230632152306355,-0.2074296959790407,2.9291833615905896]","[0.6453521641290002,0.02614910841594604,0.0333149550170599]","[0.414291531,-0.0133428192,3.02469778]","[0.597295403,0.0324390903,0.0152284568]","[0.360389024,0.012559833,-0.0179389454]","[0.40893538296222687,-0.013634092407301068,3.024559736251831]","[0.6236860752105713,0.03208220563828945,0.03157232794910669]","[0.3284924179315567,0.015601775143295527,-0.014943119138479233]","[0.3865656554698944,-0.013571683317422867,3.008352279663086]","[0.6331242918968201,0.03365321457386017,0.020703725516796112]",0.07024631114408161,0.21587505038012486,0.1340052011463046,0.03561470245034192,0.8192858252336316,0.4687993922254475,16.0,16.0,NOT_RECORDED,NOT_RECORDED,12.0,16.0,12.0,12.0,0.598369444991211,0.3610537329728864,0.02799866676840586,0.2539103634617981,0.1465510133047801,0.027600886511393953,0.1340052011463046,0.03561470245034192,-4.192
26152000000,1,2.192,MAIN,MAIN,TRACK_MAIN,False,"[0.26171624009766015,-0.1755274990123541,2.970859438035826]","[0.6044518768765652,0.03268993667509758,0.014871471902419237]","[0.3552314918824962,0.012524086947780674,-0.01775831162997099]","[-0.2619703922742952,-0.001897619399527756,0.009215477969535594]","[0.21267262669660514,-0.2070213225004561,2.9292148833575604]","[0.6513636694756167,0.026784262306846388,0.033245256246528236]","[0.426309168,-0.0126915276,3.0249989]","[0.604451895,0.0326899365,0.0148714716]","[0.355231494,0.012524087,-0.0177583117]","[0.41791389385859173,-0.0131468305674692,3.0247872273127236]","[0.6268720924854279,0.03240353241562843,0.03143102489411831]","[0.31759458780288696,0.016969908960163593,-0.014575520530343056]","[0.3969838321208954,-0.013171300292015076,3.0084543228149414]","[0.6391515135765076,0.033438343554735184,0.020633069798350334]",0.07163383186513853,0.21463977282003813,0.13411348779075447,0.035620102032799666,0.82609664319225,0.4566556532829511,16.0,16.0,NOT_RECORDED,NOT_RECORDED,16.0,12.0,20.0,20.0,0.6055178478756582,0.3558955228868252,0.027310280975503587,0.2621392996518084,0.14656644555456727,0.02768237305166785,0.13411348779075447,0.035620102032799666,-4.176
26168000000,1,2.208,MAIN,MAIN,TRACK_MAIN,False,"[0.271432759814999,-0.1750028582679037,2.971095114863208]","[0.6101017724999562,0.03289007166310766,0.014588530921034733]","[0.35098829061564984,0.012492317901565042,-0.017608537551894878]","[-0.2684092650253501,-0.0020733630232348498,0.009505535567876242]","[0.2231222411704203,-0.20660232328731234,2.929247747531023]","[0.6565702278827628,0.02766149365304075,0.03322052163406244]","[0.436025709,-0.0121668875,3.02523446]","[0.610101759,0.0328900702,0.0145885311]","[0.350988299,0.0124923177,-0.0176085383]","[0.4324033459027608,-0.012362876130888859,3.0251450141270957]","[0.6413327753543854,0.03329041972756386,0.03126746229827404]","[0.33831387758255005,0.01980736944824457,-0.013967813923954964]","[0.41279491782188416,-0.012581601738929749,3.008596420288086]","[0.6479892730712891,0.03318307176232338,0.02039933204650879]",0.0712996111760494,0.21856411461487524,0.1378846694628412,0.03639736295106603,0.839652685624478,0.4656581978992394,16.0,16.0,NOT_RECORDED,NOT_RECORDED,20.0,12.0,20.0,20.0,0.6111618074258459,0.35165167246945683,0.02676685105929132,0.26858553124118006,0.1465715474135927,0.027578279656151755,0.1378846694628412,0.03639736295106603,-4.16
26184000000,1,2.22,MAIN,MAIN,TRACK_MAIN,False,"[0.27877917459669393,-0.1746072785676445,2.971268912172656]","[0.6142941921508922,0.03303982704360548,0.01437791803424942]","[0.3477388221817024,0.012466649761154521,-0.017493181086623014]","[-0.27315709572389757,-0.002204572794578476,0.00972011441919568]","[0.23368156402886994,-0.20617508506055762,2.929285944798378]","[0.6621501486992714,0.027712148932864625,0.03319794089555956]","[0.443372101,-0.0117713073,3.02540827]","[0.614294171,0.0330398269,0.0143779181]","[0.347738832,0.0124666495,-0.0174931809]","[0.4360257089138031,-0.012166887521743774,3.0252344608306885]","[0.6329622715711594,0.03308696951717138,0.031158622354269028]","[0.29592932760715485,0.019210100639611483,-0.01303036604076624]","[0.42881038784980774,-0.012018143199384212,3.00872802734375]","[0.6564359664916992,0.032935332506895065,0.02009444870054722]",0.069230704425499,0.22438310364062858,0.14184054464766715,0.03751025779884961,0.8365299466247904,0.4349872383633157,16.0,16.0,NOT_RECORDED,NOT_RECORDED,16.0,16.0,12.0,12.0,0.6153500704545245,0.34840166072094764,0.02636346465548834,0.2733388733968211,0.14654687659630314,0.027839945523722674,0.14184054464766715,0.03751025779884961,-4.144
26200000000,1,2.24,MAIN,MAIN,TRACK_MAIN,False,"[0.29113423938970856,-0.17394399170889757,2.971552984975291]","[0.6211938168391207,0.03328870459993845,0.014030022014319424]","[0.3421977949280722,0.012420380928853694,-0.01729524800504146]","[-0.28091254094935936,-0.0024220541681696465,0.01007198182114473]","[0.24432245183240517,-0.20573919225229023,2.9293265934269175]","[0.6679819342782143,0.02819430292593071,0.03321334344285186]","[0.45572719,-0.0111080203,3.02569246]","[0.621193826,0.0332887061,0.0140300216]","[0.342197806,0.0124203805,-0.0172952488]","[0.44587644934654236,-0.01163745392113924,3.0254634618759155]","[0.6371785998344421,0.03352326340973377,0.031020868569612503]","[0.2888069152832031,0.020763885229825974,-0.01257135346531868]","[0.42881038784980774,-0.012018143199384212,3.00872802734375]","[0.6564359664916992,0.032935332506895065,0.02009444870054722]",0.07060698531378619,0.2157699841160254,0.13448608764268993,0.03621929312032005,0.8438419684258108,0.4249721032723179,16.0,16.0,NOT_RECORDED,NOT_RECORDED,12.0,20.0,12.0,12.0,0.6222433104910162,0.34285962480235066,0.02569902060923373,0.28110348063804635,0.14651214967022871,0.028496389426283956,0.13448608764268993,0.03621929312032005,-4.128
26216000000,1,2.2520000000000002,MAIN,MAIN,TRACK_MAIN,False,"[0.2986131222005105,-0.17354363369317644,2.9717201028973426]","[0.6252798548655611,0.03343757166608988,0.013823209219324832]","[0.33879942827830445,0.012390537294756355,-0.017173135962094584]","[-0.2854697933216527,-0.0025517879712315533,0.010279580500774453]","[0.25451622776455574,-0.20588189226749704,2.930697396481695]","[0.673035011622102,0.02730251488837722,0.0356032993337112]","[0.463206053,-0.0107076624,3.02585959]","[0.625279844,0.0334375724,0.0138232093]","[0.338799417,0.0123905372,-0.0171731357]","[0.45759690552949905,-0.011007930850610137,3.02573424577713]","[0.6451387852430344,0.034154124557971954,0.030874148476868868]","[0.2923144996166229,0.02309665782377124,-0.012283464428037405]","[0.4395963251590729,-0.011649737134575844,3.008816719055176]","[0.6619985699653625,0.032833509147167206,0.020059267058968544]",0.0683605259501401,0.2178578807152582,0.13459733341812208,0.03626926179611569,0.851825015779772,0.4229578646404218,16.0,16.0,NOT_RECORDED,NOT_RECORDED,12.0,16.0,12.0,12.0,0.6263258331034601,0.3394605936112928,0.02530501901363546,0.2856662113310377,0.1467097365240147,0.02647495253202153,0.13459733341812208,0.03626926179611569,-4.112
26232000000,1,2.2720000000000002,MAIN,MAIN,TRACK_MAIN,False,"[0.3111860960590753,-0.1728724076265809,2.971993146274734]","[0.6319982505512067,0.03368485769971158,0.013481825209053114]","[0.3330153646943575,0.01233734973447011,-0.016964131701359932]","[-0.29290240578696025,-0.002766686278939121,0.010619586753176542]","[0.26452325684131284,-0.20632529103171893,2.9327566461559322]","[0.6774574945721816,0.02566793185230403,0.039186565077510595]","[0.475779027,-0.0100364368,3.02613258]","[0.631998241,0.0336848572,0.0134818256]","[0.333015352,0.0123373494,-0.016964132]","[0.4653015484412511,-0.010595791507512331,3.0259050925572715]","[0.6445307830969492,0.03439034769932429,0.030746284561852615]","[0.27242737511793774,0.02444327436387539,-0.011976908271511396]","[0.4504694938659668,-0.011291049420833588,3.0089035034179688]","[0.6673562526702881,0.03263947740197182,0.0199784804135561]",0.06954149059053337,0.21649659278771097,0.13470596927235978,0.03623220447912153,0.855700926620592,0.40459997532081904,16.0,16.0,NOT_RECORDED,NOT_RECORDED,16.0,12.0,20.0,20.0,0.6330388755432033,0.3336753288533146,0.02465602341361511,0.29310791441304246,0.14703497768177906,0.02307892516102602,0.13470596927235978,0.03623220447912153,-4.096
26248000000,1,2.2880000000000003,MAIN,MAIN,TRACK_MAIN,False,"[0.32134049308363377,-0.17233187264053004,2.9722066913645957]","[0.6372887561041036,0.03388189386551206,0.013211769832763974]","[0.32828236982157694,0.012291715863110654,-0.016792079627489166]","[-0.29869972202190276,-0.002937358287545622,0.010886100560781098]","[0.275392945911129,-0.20592635299105083,2.932893223771019]","[0.6825761838084373,0.026358288625772677,0.03926408363522412]","[0.485933423,-0.00949590188,3.02634621]","[0.637288749,0.0338818952,0.01321177]","[0.328282356,0.0122917155,-0.0167920794]","[0.47368353108565014,-0.010148307774215937,3.0260870854059854]","[0.6451151867707571,0.03470112135012945,0.030614221779008705]","[0.25557640691598255,0.02570842020213604,-0.01183928611377875]","[0.46693697571754456,-0.0107657415792346,3.009033203125]","[0.675269603729248,0.03242332860827446,0.0199413038790226]",0.0691759707949392,0.22058590714259507,0.13862725440237064,0.03679744007278334,0.8594409307537855,0.3893047533658041,16.0,16.0,NOT_RECORDED,NOT_RECORDED,20.0,12.0,20.0,20.0,0.6383255378337478,0.32894129347460466,0.02414365622143074,0.2989124607558053,0.14700659347732292,0.023143244835626135,0.13862725440237064,0.03679744007278334,-4.08
26264000000,1,2.3040000000000003,MAIN,MAIN,TRACK_MAIN,False,"[0.3315789284388909,-0.17178819103327853,2.9724159377721984]","[0.6425027973942822,0.03407817809233581,0.012944501192105615]","[0.32345769011479836,0.012243360455440753,-0.01661580301143249]","[-0.30436269163584606,-0.003106870408241192,0.011147640434970858]","[0.2863646581673101,-0.2055117137623669,2.9330360182106117]","[0.6874257395597192,0.027216513281523032,0.03929468893046365]","[0.496171862,-0.00895221997,3.0265553]","[0.642502785,0.0340781771,0.0129445009]","[0.323457688,0.0122433603,-0.0166158024]","[0.4910736531019211,-0.009223274188116193,3.0264496207237244]","[0.6636162251234055,0.03590361587703228,0.030430876649916172]","[0.28897545486688614,0.029754290357232094,-0.011898444965481758]","[0.4780173599720001,-0.01041913591325283,3.0091190338134766]","[0.6803228259086609,0.03225930780172348,0.019967321306467056]",0.06879232723296935,0.2209780609907289,0.13877915629647644,0.03673022771732407,0.8753068850866128,0.4045434481538254,16.0,16.0,NOT_RECORDED,NOT_RECORDED,16.0,16.0,12.0,12.0,0.6435361116461791,0.3241155073108312,0.023637291616609706,0.3045826170201085,0.14694561109159165,0.023359845088351986,0.13877915629647644,0.03673022771732407,-4.064
26280000000,1,2.3200000000000003,MAIN,MAIN,TRACK_MAIN,False,"[0.34190016705302256,-0.17124137518340668,2.9726209306226425]","[0.6476389247416879,0.03427366698608619,0.012680086239504427]","[0.3185434902557578,0.012192302447774639,-0.016435382106924128]","[-0.30988943186892803,-0.0032751754743503697,0.01140412287516046]","[0.29741818432601486,-0.2050853331165403,2.933183005482381]","[0.6931030690355139,0.028215195172457408,0.039347254296165785]","[0.506493092,-0.00840540417,3.02676034]","[0.647638917,0.0342736654,0.0126800863]","[0.318543494,0.0121923024,-0.0164353829]","[0.501332476735115,-0.008678812067955732,3.026657819747925]","[0.6674689054489136,0.03640649653971195,0.030289091169834137]","[0.28172600269317627,0.031568340957164764,-0.011850405484437943]","[0.49478352069854736,-0.009912588633596897,3.0092430114746094]","[0.6878520846366882,0.03207722306251526,0.0199455413967371]",0.06840621474160381,0.22525868240195468,0.14293179814858084,0.037639239530793164,0.8811286180262878,0.39471918836381825,16.0,16.0,NOT_RECORDED,NOT_RECORDED,12.0,20.0,12.0,12.0,0.6486691342096401,0.31920013973727934,0.023136873266203745,0.3101164954932042,0.14686888897581246,0.024481924111268778,0.14293179814858084,0.037639239530793164,-4.048
26296000000,1,2.3320000000000003,MAIN,MAIN,TRACK_MAIN,False,"[0.3496946797394524,-0.17082921428609277,2.972771911608063]","[0.6514390368083154,0.03441973578873262,0.01248368730435909]","[0.3148004117173656,0.012152247175401667,-0.01629739576183397]","[-0.3139439850971044,-0.003400584098148359,0.011593116715611168]","[0.30855232334266836,-0.20464659075060873,2.9333343299333383]","[0.6983990196201372,0.02894554014018098,0.03937915286567145]","[0.514287591,-0.00799324363,3.02691126]","[0.651439011,0.034419734,0.0124836871]","[0.314800411,0.0121522471,-0.0162973963]","[0.5084417164325714,-0.008302364032715559,3.0267980694770813]","[0.6648497432470322,0.036600965075194836,0.030167448334395885]","[0.25659164786338806,0.03247136436402798,-0.011590039823204279]","[0.49478352069854736,-0.009912588633596897,3.0092430114746094]","[0.6878520846366882,0.03207722306251526,0.0199455413967371]",0.06626938425225772,0.2197158922511402,0.13516721434716936,0.03620329411077319,0.8816387968593765,0.3744836720761731,16.0,16.0,NOT_RECORDED,NOT_RECORDED,12.0,16.0,12.0,12.0,0.65246714809117,0.31545614820043183,0.022765431291203186,0.3141763678350765,0.1467943154153993,0.02518994361498478,0.13516721434716936,0.03620329411077319,-4.032
26312000000,1,2.3520000000000003,MAIN,MAIN,TRACK_MAIN,False,"[0.3627859997497225,-0.17013839372433193,2.973018341436131]","[0.6576718137234999,0.03466208675487397,0.012160078714047978]","[0.30845533633231914,0.012082158118525851,-0.016062435010148212]","[-0.3205269696089601,-0.00360797867958286,0.011901591932276558]","[0.3196904758202821,-0.2043882560159413,2.934177769595919]","[0.7027437013835852,0.02897837961691816,0.040372012479004064]","[0.527378917,-0.00730242254,3.02715778]","[0.657671809,0.0346620865,0.0121600786]","[0.308455348,0.0120821577,-0.0160624348]","[0.5177885095278422,-0.00780863780528307,3.026976466178894]","[0.666431725025177,0.037018382300933204,0.030039831375082333]","[0.24360148111979166,0.034114823987086616,-0.010920172557234764]","[0.506054162979126,-0.009580440819263458,3.009317398071289]","[0.692701518535614,0.03192203491926193,0.019776277244091034]",0.06737111599655929,0.21822521474109172,0.1352798088106162,0.0363759481397912,0.8866365603720201,0.3599888536440323,16.0,16.0,NOT_RECORDED,NOT_RECORDED,16.0,12.0,20.0,20.0,0.6586968516236374,0.3091094868734061,0.02215368076286472,0.3207681462479995,0.14661645650289823,0.024594259948579524,0.1352798088106162,0.0363759481397912,-4.016
26328000000,1,2.3640000000000003,MAIN,MAIN,TRACK_MAIN,False,"[0.3707001777083698,-0.1697215798158905,2.973163109326143]","[0.6613501070857274,0.03480680991083213,0.011968190773462938]","[0.3045858696626924,0.012038121006680877,-0.01591852617331996]","[-0.32437081268406587,-0.0037314122741967867,0.01208271508847341]","[0.33068064400945396,-0.20469648791823858,2.9370887361879787]","[0.7062064870815343,0.027864170625512597,0.04433171568286948]","[0.535293102,-0.00688560866,3.0273025]","[0.661350131,0.0348068103,0.0119681908]","[0.304585874,0.012038121,-0.0159185268]","[0.5317921837170919,-0.0070702144876122475,3.027237296104431]","[0.6770020127296448,0.03788979227344195,0.029888969535628956]","[0.2558124860127767,0.03670265401403109,-0.010414360091090202]","[0.5230967998504639,-0.009086164645850658,3.0094194412231445]","[0.6997005343437195,0.03179953992366791,0.019604401662945747]",0.06423525256086295,0.22437243290965314,0.1393622568958149,0.03724625513901341,0.8960298346252042,0.3631539331459963,16.0,16.0,NOT_RECORDED,NOT_RECORDED,20.0,12.0,20.0,20.0,0.6623735469875452,0.3052390339243669,0.021790995798477274,0.3246172200650954,0.146196754374925,0.021753149763357342,0.1393622568958149,0.03724625513901341,-4.0
26344000000,1,2.3840000000000003,MAIN,MAIN,TRACK_MAIN,False,"[0.38398766243129034,-0.16902304103690485,2.973399305645896]","[0.667376531401827,0.035046812412601325,0.011652256611283588]","[0.29803580321786094,0.011961449199062998,-0.01567390614811826]","[-0.3305983789865996,-0.003935402183738708,0.01237788165176263]","[0.34203801436612946,-0.20426023801191756,2.9373353221087855]","[0.7118353077483577,0.028683015462312996,0.04417155041510414]","[0.548580587,-0.00618707016,3.02753878]","[0.667376518,0.0350468121,0.0116522564]","[0.2980358,0.0119614489,-0.0156739056]","[0.5352931022644043,-0.006885608658194542,3.0273025035858154]","[0.6667672991752625,0.03773858956992626,0.029804762452840805]","[0.21143927797675133,0.036304972134530544,-0.009995412081480026]","[0.5345432758331299,-0.008758115582168102,3.009481430053711]","[0.70413738489151,0.031728848814964294,0.01954614371061325]",0.06558996822694511,0.22283123380620937,0.13951019014243313,0.037281974558344866,0.8928792727013258,0.3300808173944738,16.0,16.0,NOT_RECORDED,NOT_RECORDED,16.0,16.0,12.0,12.0,0.6683977025771056,0.29868727391805183,0.02119375368269862,0.3308534230336754,0.146066992685404,0.023326162739273872,0.13951019014243313,0.037281974558344866,-3.984
26360000000,1,2.4000000000000004,MAIN,MAIN,TRACK_MAIN,False,"[0.39470360899809614,-0.1684607636870248,2.973583743981193]","[0.6721025804853759,0.03523768495859867,0.011403068354207667]","[0.2927074807244925,0.011897188161683874,-0.01547401260687218]","[-0.3354176661085937,-0.004096984801108185,0.012607897780724256]","[0.3534739276501673,-0.20381184093672292,2.9375842897297324]","[0.7167831085929885,0.02956074788793696,0.04416795837354891]","[0.559296548,-0.00562479254,3.02772307]","[0.672102571,0.0352376848,0.011403068]","[0.292707473,0.0118971886,-0.0154740131]","[0.5472948253154755,-0.00625520059838891,3.027512788772583]","[0.6728819310665131,0.03840643912553787,0.029674550518393517]","[0.21229719370603561,0.03811214305460453,-0.009610697161406279]","[0.5518389344215393,-0.008264539763331413,3.009566307067871]","[0.7105703353881836,0.03170711547136307,0.01943422108888626]",0.06515785442422804,0.22726435158561112,0.14381507929115173,0.03803910878460683,0.899915748801587,0.32497413873965303,16.0,16.0,NOT_RECORDED,NOT_RECORDED,12.0,20.0,12.0,12.0,0.6731222794591138,0.2933575590033284,0.02072244229014301,0.33567954228496816,0.1459243168897243,0.02411164463997784,0.14381507929115173,0.03803910878460683,-3.968
26376000000,1,2.4160000000000004,MAIN,MAIN,TRACK_MAIN,False,"[0.4054944870598943,-0.1678954407118787,2.973764221046837]","[0.6767427657689098,0.03542750870801525,0.01115710760132051]","[0.28730321852461893,0.011830353567451008,-0.015270482829731688]","[-0.34009058840521966,-0.004257089558432712,0.012832399492705905]","[0.36498710845181287,-0.20335224712491942,2.9378378996280547]","[0.7216194007032899,0.030465647822550464,0.04418020284520692]","[0.570087433,-0.00505946949,3.02790356]","[0.676742792,0.035427507,0.0111571075]","[0.287303209,0.0118303532,-0.0152704827]","[0.561994269490242,-0.0054834617767483,3.0277681946754456]","[0.6841437071561813,0.03933576121926308,0.029528445564210415]","[0.22749818488955498,0.040595388039946556,-0.00929898046888411]","[0.5518389344215393,-0.008264539763331413,3.009566307067871]","[0.7105703353881836,0.03170711547136307,0.01943422108888626]",0.06472042500938902,0.2195005949301453,0.13572666954807894,0.03635626945235365,0.910371193422979,0.328604664629727,16.0,16.0,NOT_RECORDED,NOT_RECORDED,12.0,16.0,12.0,12.0,0.677761285736975,0.28795187842066416,0.020256874530857946,0.34035922436457844,0.1457894546284932,0.024574687887174703,0.13572666954807894,0.03635626945235365,-3.952
26392000000,1,2.432,MAIN,MAIN,TRACK_MAIN,False,"[0.41635891317577844,-0.1673270892206108,2.973940788944557]","[0.6812958910162283,0.035616242674952656,0.010914431823592053]","[0.28182537049493894,0.011760969407713828,-0.015063405600779869]","[-0.344615650154831,-0.0044156733539015385,0.013051317960633094]","[0.3765725900478312,-0.20288055358330642,2.9380970183635964]","[0.7262029917664568,0.03131122813356305,0.04415816913743431]","[0.580951869,-0.00449111825,3.02808022]","[0.681295872,0.0356162414,0.0109144319]","[0.281825364,0.0117609696,-0.015063406]","[0.5732641220092773,-0.004893370904028416,3.027954657872518]","[0.688410609960556,0.0399336169163386,0.029398906975984573]","[0.2240284283955892,0.04206490827103456,-0.009223372054596743]","[0.5634440779685974,-0.007941881194710732,3.0096263885498047]","[0.7146572470664978,0.031717099249362946,0.01943632960319519]",0.06427889409200688,0.2197979805611876,0.13581755024658754,0.03614632802890054,0.9160301402702657,0.3211423375387794,16.0,16.0,NOT_RECORDED,NOT_RECORDED,16.0,12.0,20.0,20.0,0.6823135149474246,0.28247259343927933,0.01979704141101542,0.3448909703128146,0.14563911188932738,0.025014969362749974,0.13581755024658754,0.03614632802890054,-3.936
26408000000,1,2.444,MAIN,MAIN,TRACK_MAIN,False,"[0.42455465580621743,-0.1668988487989369,2.9740706813316398]","[0.6846529035283334,0.03575705354409832,0.010734614522053189]","[0.27767012304786187,0.011707272954413477,-0.014905823685535016]","[-0.3479115443952854,-0.004533587468343826,0.013211802586072886]","[0.3882217144015067,-0.2023940038932176,2.9383611184788117]","[0.7296819860690166,0.03195623463562783,0.04414236457794017]","[0.589147568,-0.00406287797,3.02821016]","[0.684652925,0.0357570536,0.0107346149]","[0.277670115,0.0117072733,-0.0149058234]","[0.5859708786010742,-0.004228976555168629,3.0281590620676675]","[0.6952216327190399,0.04066359003384908,0.029257435351610184]","[0.2277363340059916,0.04400865795711676,-0.009214939239124456]","[0.580966591835022,-0.007455563638359308,3.0097227096557617]","[0.7205485105514526,0.03174937143921852,0.01946219801902771]",0.062089947217124165,0.22618117083148215,0.14003207810200996,0.036659459798798935,0.9226132077607483,0.3191364076554845,16.0,16.0,NOT_RECORDED,NOT_RECORDED,20.0,12.0,20.0,20.0,0.6856700351749885,0.2783162608493944,0.019455928958634735,0.3481918262487204,0.14546995821128222,0.024919717443022567,0.14003207810200996,0.036659459798798935,-3.92
26424000000,1,2.464,MAIN,MAIN,TRACK_MAIN,False,"[0.43830278222741087,-0.16618137238334058,2.9742824101607557]","[0.6901363660817801,0.035990279275451176,0.01043915791407911]","[0.2706584490143953,0.011614651772750412,-0.014638969312553474]","[-0.3532164855822879,-0.004728108555503626,0.013472140337105747]","[0.398612733804152,-0.2025516600331131,2.93894846827604]","[0.7301268151960812,0.030735759638315173,0.04483180765773737]","[0.602895737,-0.00334540126,3.02842188]","[0.690136373,0.0359902792,0.0104391575]","[0.270658463,0.0116146514,-0.0146389697]","[0.5891475677490234,-0.004062877967953682,3.028210163116455]","[0.6837045401334763,0.040480319410562515,0.02916913852095604]","[0.18145781755447388,0.042699940502643585,-0.008882380090653896]","[0.5927175879478455,-0.007130441255867481,3.009793281555176]","[0.7243210077285767,0.0318821519613266,0.01937563344836235]",0.0643939843205892,0.22450423805662734,0.14017261397112904,0.036853447823982324,0.9182350242948798,0.28524557217143287,16.0,16.0,NOT_RECORDED,NOT_RECORDED,16.0,16.0,12.0,12.0,0.6911530076682332,0.27130277473924613,0.01889458296353376,0.3535049352737213,0.1464658395811122,0.02179268174186616,0.14017261397112904,0.036853447823982324,-3.904
26440000000,1,2.48,MAIN,MAIN,TRACK_MAIN,False,"[0.449379366534125,-0.1656040444935569,2.974447572131024]","[0.6944215141440618,0.036175501927377736,0.010206667510110035]","[0.26497419722438253,0.011537769667975657,-0.0144217931096048]","[-0.35728954427270265,-0.004881876661489976,0.013673917072581462]","[0.4100100383339426,-0.20223131011828255,2.9393142382839543]","[0.733362049327176,0.031188045559982665,0.04500044357310277]","[0.613972306,-0.00276807346,3.0285871]","[0.69442153,0.0361755006,0.0102066677]","[0.264974207,0.0115377698,-0.0144217927]","[0.6015599370002747,-0.003415475715883076,3.028398633003235]","[0.6894991397857666,0.04116728715598583,0.029019725508987904]","[0.18196583539247513,0.04384688101708889,-0.00881306454539299]","[0.6104530692100525,-0.006635190453380346,3.0099058151245117]","[0.7299531102180481,0.03211754932999611,0.019397888332605362]",0.06423279331686842,0.22907012298587798,0.1446294662277739,0.0378358997414311,0.9247224290410592,0.28014795050095004,16.0,16.0,NOT_RECORDED,NOT_RECORDED,12.0,20.0,12.0,12.0,0.6954380506612298,0.26561708047509575,0.018451980692218917,0.357584433629935,0.14659883927449674,0.022104972840045145,0.1446294662277739,0.0378358997414311,-3.888
26456000000,1,2.492,MAIN,MAIN,TRACK_MAIN,False,"[0.45773139973209004,-0.16516910916523728,2.9745690177208215]","[0.6975754082423837,0.03631360092123064,0.010034594074712707]","[0.26066891061578534,0.01147850086529324,-0.014256817779404157]","[-0.3602438090090496,-0.0049960974865896745,0.013821421932244247]","[0.4217892224940399,-0.20173823199197136,2.939608556124389]","[0.7377451978382079,0.03254508545023761,0.04491492418039194]","[0.622324347,-0.00233313814,3.02870846]","[0.69757539,0.0363136008,0.0100345938]","[0.260668904,0.0114785004,-0.0142568182]","[0.6160603165626526,-0.002659339632373303,3.0286174416542053]","[0.6991607248783112,0.04204692505300045,0.02885524882003665]","[0.19312651455402374,0.04562142491340637,-0.008843890391290188]","[0.6104530692100525,-0.006635190453380346,3.0099058151245117]","[0.7299531102180481,0.03211754932999611,0.019397888332605362]",0.06205944508262869,0.22294752961408457,0.13625848081333058,0.03637039691515821,0.9330575126384896,0.28244479938912614,16.0,16.0,NOT_RECORDED,NOT_RECORDED,12.0,16.0,12.0,12.0,0.6985920274914673,0.26131072269795963,0.018123821465588757,0.360543471198236,0.14645267345958338,0.023269450237771824,0.13625848081333058,0.03637039691515821,-3.872
26472000000,1,2.512,MAIN,MAIN,TRACK_MAIN,False,"[0.4717345597528629,-0.1644405481711123,2.9747668767477387]","[0.7027164182747553,0.036542159126199035,0.009752238056047491]","[0.2534163232882931,0.011376692252231028,-0.0139779891559988]","[-0.3649745708221308,-0.005184309988678373,0.014059899426956811]","[0.4336322473865997,-0.2012256240615752,2.939906423526134]","[0.7419213910478111,0.03410049816603911,0.044742651387618265]","[0.636327505,-0.00160457718,3.02890635]","[0.70271641,0.0365421586,0.00975223817]","[0.25341633,0.011376692,-0.0139779896]","[0.6265374819437662,-0.002114023450606813,3.028767148653666]","[0.7009017467498779,0.042528627440333366,0.028708262989918392]","[0.1835420752565066,0.04621059074997902,-0.008916730682055155]","[0.6223466992378235,-0.006296852603554726,3.00998592376709]","[0.733512282371521,0.032282035797834396,0.019391857087612152]",0.06340488320893826,0.22120991451775582,0.13636934981795706,0.036208301975386326,0.9373904154486784,0.2703688275267902,16.0,16.0,NOT_RECORDED,NOT_RECORDED,16.0,12.0,20.0,20.0,0.7037334723129255,0.25405638393160657,0.017584155834041264,0.3652820761942111,0.1462904107356764,0.024242221217959374,0.13636934981795706,0.036208301975386326,-3.856
26488000000,1,2.528,MAIN,MAIN,TRACK_MAIN,False,"[0.4830102099546336,-0.16385442097309036,2.974921133003972]","[0.7067242070272117,0.03672351625186473,0.009530397814992155]","[0.24754764516053607,0.01129255222649963,-0.013751550064119777]","[-0.36858415544075007,-0.005332895393903175,0.014243990450082004]","[0.4455274407127724,-0.20069460529864014,2.9402077163249323]","[0.7448233802173468,0.035209528371698044,0.04455177715445288]","[0.647603154,-0.00101845001,3.0290606]","[0.706724226,0.0367235169,0.00953039806]","[0.247547641,0.0112925526,-0.0137515496]","[0.6433900197347006,-0.0012375647008108595,3.0290019114812217]","[0.714341402053833,0.04360645078122616,0.02851279949148496]","[0.20619435360034308,0.0482146330177784,-0.009328198929627737]","[0.640285074710846,-0.005786709953099489,3.010127067565918]","[0.7385903000831604,0.03263962268829346,0.019520102068781853]",0.06298554174341707,0.22574375335668592,0.14074637252045066,0.036621758077229,0.9488616562327404,0.27973744247470395,16.0,16.0,NOT_RECORDED,NOT_RECORDED,20.0,12.0,20.0,20.0,0.7077418667329595,0.24818634831408615,0.01715901298961655,0.3688978323048203,0.14611429121084107,0.02423908352398279,0.14074637252045066,0.036621758077229,-3.84
26504000000,1,2.54,MAIN,MAIN,TRACK_MAIN,False,"[0.49150861752775266,-0.1634129272581421,2.9750345117781465]","[0.7096681776749219,0.03685864025783495,0.00936640802097708]","[0.24310892072590473,0.011227894923249389,-0.013579814012013674]","[-0.3711885139770299,-0.005443151100930478,0.014378119939818475]","[0.45748503274803926,-0.20014260524379437,2.9405134702312483]","[0.7477691873980841,0.03599727100234947,0.04441475932564675]","[0.656101584,-0.000576956256,3.02917385]","[0.709668159,0.0368586406,0.00936640799]","[0.243108913,0.0112278946,-0.0135798138]","[0.6476031541824341,-0.0010184500133618712,3.0290606021881104]","[0.7041783332824707,0.043483479879796505,0.028383824974298477]","[0.16500945761799812,0.04689648561179638,-0.009623367805033922]","[0.652305543422699,-0.00543788680806756,3.0102338790893555]","[0.741804301738739,0.03288381174206734,0.019566552713513374]",0.060814273617915755,0.22814635706400607,0.140903827670616,0.0365921155166647,0.9436857021095924,0.2503726749561183,16.0,16.0,NOT_RECORDED,NOT_RECORDED,16.0,16.0,12.0,12.0,0.7106864367393797,0.24374663958611337,0.01684403558060956,0.37150675785964793,0.14591274123665648,0.024527604178616113,0.140903827670616,0.0365921155166647,-3.824
26520000000,1,2.56,MAIN,MAIN,TRACK_MAIN,False,"[0.5057501065415302,-0.16267351619231146,2.975219143219534]","[0.7144558380401163,0.03708209738054495,0.009097701921703104]","[0.2356433043178633,0.01111721248562681,-0.013290075971664764]","[-0.3753319239486168,-0.0056246085028831445,0.014594101420390068]","[0.46840156818807116,-0.2002778857110491,2.942471866319457]","[0.7482474277602825,0.035352252941683135,0.0468941761468965]","[0.670343041,0.000162454817,3.02935863]","[0.714455843,0.0370820984,0.00909770187]","[0.235643297,0.0111172125,-0.0132900756]","[0.6589730978012085,-0.00042799759830813855,3.029209613800049]","[0.7069991230964661,0.044013164937496185,0.02820061706006527]","[0.15916351228952408,0.04690968245267868,-0.009952746331691742]","[0.6704285740852356,-0.0048985849134624004,3.0104122161865234]","[0.7464593052864075,0.03344099223613739,0.01963217929005623]",0.06230077100977076,0.23076065305300342,0.14552682439572034,0.037376941141475904,0.9485111300664418,0.24099443084146432,16.0,16.0,NOT_RECORDED,NOT_RECORDED,12.0,20.0,12.0,12.0,0.7154753627037072,0.2362794646231964,0.016326546547690793,0.37565765951468316,0.1462693236322059,0.02162582687393596,0.14552682439572034,0.037376941141475904,-3.808
26536000000,1,2.576,MAIN,MAIN,TRACK_MAIN,False,"[0.5172113055231434,-0.16207878349526866,2.9753630153120945]","[0.7181779529155905,0.03725924670663199,0.008886935895701392]","[0.22961269205487755,0.011026071803270743,-0.013055234828609256]","[-0.378468056344508,-0.005767659874830803,0.014760019349093774]","[0.47969578063319407,-0.20018431861341543,2.943920666575776]","[0.7499556207029642,0.035438832709622586,0.0485675119626022]","[0.68180424,0.000757187547,3.02950239]","[0.718177974,0.0372592472,0.00888693612]","[0.229612693,0.0110260714,-0.0130552351]","[0.6736923356850942,0.00033622745831962675,3.0294002294540405]","[0.7158694366614023,0.04484588963290056,0.027991117909550667]","[0.16971035301685333,0.04775795713067055,-0.01035361597314477]","[0.6704285740852356,-0.0048985849134624004,3.0104122161865234]","[0.7464593052864075,0.03344099223613739,0.01963217929005623]",0.06203279542681441,0.22228268644629165,0.1368823810492021,0.03598568618068893,0.9566858670469826,0.24248674193547928,16.0,16.0,NOT_RECORDED,NOT_RECORDED,12.0,16.0,20.0,20.0,0.7191987215984106,0.23024769655423058,0.015919370125859218,0.3787996749534073,0.14647511505661984,0.0201267876995364,0.1368823810492021,0.03598568618068893,-3.792
26552000000,1,2.588,MAIN,MAIN,TRACK_MAIN,False,"[0.5258458639094076,-0.16163088032636294,2.975468722825564]","[0.7209060010447773,0.03739114174550393,0.008731338709606982]","[0.2250575015395918,0.01095622261382818,-0.012877388717886313]","[-0.38071535163100845,-0.005873690394128543,0.014880420313125635]","[0.4917306154798467,-0.1996254024989861,2.944310620010179]","[0.7534182361739956,0.036768536836063716,0.04853969021466427]","[0.690438807,0.00120509067,3.02960825]","[0.720906019,0.0373911411,0.00873133913]","[0.225057498,0.0109562222,-0.0128773889]","[0.6870895127455393,0.0010313180246157572,3.0295666456222534]","[0.7220368882020315,0.04553481253484885,0.027779141440987587]","[0.17281754314899445,0.04867272451519966,-0.010895982850342989]","[0.6886569857597351,-0.004338843747973442,3.010613441467285]","[0.750984251499176,0.03395688533782959,0.019746750593185425]",0.059818569538151935,0.22909255207785642,0.14139559827284381,0.036405125160521246,0.9623923605116347,0.24057400077118365,16.0,16.0,NOT_RECORDED,NOT_RECORDED,16.0,12.0,20.0,20.0,0.7219278330270047,0.2256917033331059,0.015618022933085772,0.3810513169050381,0.14630137424887574,0.020895630030506606,0.14139559827284381,0.036405125160521246,-3.776
26568000000,1,2.608,MAIN,MAIN,TRACK_MAIN,False,"[0.5403084866034137,-0.16088087413691657,2.975640794027851]","[0.725330767497046,0.03760907979006945,0.008476780042573443]","[0.2174073277570766,0.010837000920844308,-0.012577834912514754]","[-0.3842601033706132,-0.006047965779334724,0.015073340769021087]","[0.5038132299205803,-0.19904426255093569,2.944705462656394]","[0.7559866946700876,0.03820005986087479,0.048443073442483456]","[0.704901397,0.00195509684,3.02978015]","[0.72533077,0.037609078,0.0084767798]","[0.217407331,0.0108370008,-0.0125778345]","[0.7012857496738434,0.001767595298588276,3.029737174510956]","[0.7294342368841171,0.04627991560846567,0.027554002590477467]","[0.17995180189609528,0.049591210670769215,-0.01146227028220892]","[0.7008645534515381,-0.003952767699956894,3.0107603073120117]","[0.7537868022918701,0.03432972729206085,0.019816560670733452]",0.06119920508182297,0.22724009638473902,0.14156926788360027,0.036227853042590845,0.970067175372902,0.2394577034062537,16.0,16.0,NOT_RECORDED,NOT_RECORDED,20.0,12.0,12.0,12.0,0.7263546110271483,0.21804033728307656,0.015123595940734395,0.38460318580895997,0.14610986754878888,0.021164943067811307,0.14156926788360027,0.036227853042590845,-3.76
26584000000,1,2.624,MAIN,MAIN,TRACK_MAIN,False,"[0.5519413442384864,-0.1602777458764174,2.975774822861193]","[0.7287599844756738,0.03778169179066239,0.008277470423822576]","[0.21123771668394065,0.010739133333865968,-0.012335474592027995]","[-0.3869142982545084,-0.006185147464253103,0.01522065481906057]","[0.5159467273991704,-0.19843667119723826,2.9451064438576546]","[0.7590707926827034,0.0395451783268153,0.04826575314455931]","[0.716534257,0.00255822507,3.02991414]","[0.728760004,0.037781693,0.00827747025]","[0.211237714,0.0107391337,-0.0123354746]","[0.704901397228241,0.0019550968427211046,3.029780149459839]","[0.7176118940114975,0.04602630529552698,0.027377888560295105]","[0.13639450073242188,0.047479042783379555,-0.012397718615829945]","[0.713108241558075,-0.0035575954243540764,3.010918617248535]","[0.7563256621360779,0.03473319858312607,0.02000444009900093]",0.06076401479291689,0.22753254851400923,0.14174952936777654,0.03600366789265081,0.9641398680496349,0.20788916633628027,16.0,16.0,NOT_RECORDED,NOT_RECORDED,16.0,16.0,12.0,12.0,0.7297856450521387,0.21186992676644295,0.014735226696122986,0.38726295791884646,0.1458930903732219,0.022181365907631347,0.14174952936777654,0.03600366789265081,-3.744
26600000000,1,2.64,MAIN,MAIN,TRACK_MAIN,False,"[0.5636282778507251,-0.15967186844426492,2.975905693862252]","[0.7320901548558415,0.037952720436778525,0.008082057158575363]","[0.20502693568106423,0.010639087020449635,-0.012090807490626167]","[-0.38940621970670763,-0.006320300707015485,0.015361681628721119]","[0.5281295364637066,-0.19780834192698304,2.945509388765919]","[0.7620314354550134,0.04077319932301757,0.048074930566800754]","[0.728221238,0.00316410256,3.03004503]","[0.732090175,0.0379527211,0.00808205735]","[0.20502694,0.0106390873,-0.0120908078]","[0.7165613174438477,0.0025595996994525194,3.02991259098053]","[0.7200624644756317,0.04649636708199978,0.027144646272063255]","[0.13069447129964828,0.04757222533226013,-0.013190837111324072]","[0.731545090675354,-0.002943827537819743,3.011176109313965]","[0.7602295875549316,0.035318922251462936,0.02011505514383316]",0.06031986914168374,0.2323870414667957,0.1465296290932368,0.036638346942768026,0.9677569247395874,0.19961072781599482,16.0,16.0,NOT_RECORDED,NOT_RECORDED,12.0,20.0,12.0,12.0,0.7331178100914727,0.2056585085844282,0.014353380868002382,0.38976035125414943,0.1456600874359407,0.02324661453423821,0.1465296290932368,0.036638346942768026,-3.728
26616000000,1,2.656,MAIN,MAIN,TRACK_MAIN,False,"[0.5753676975357086,-0.15906326745161686,2.9760334696636517]","[0.7353206407210511,0.03812213112993378,0.00789057634885284]","[0.19877758697023284,0.010536894716220631,-0.011843934522790547]","[-0.39173514608198245,-0.006453390535540244,0.015496381717949967]","[0.5400136717099757,-0.19752653252549462,2.946771073621789]","[0.7641822751388098,0.0411829944706239,0.04920323787347338]","[0.739960611,0.00377270347,3.03017282]","[0.735320628,0.0381221324,0.0078905765]","[0.198777586,0.0105368951,-0.0118439347]","[0.7311560809612274,0.003316252783406526,3.0300769805908203]","[0.7276879996061325,0.04722625017166138,0.02688904432579875]","[0.1388276144862175,0.04835123382508755,-0.013803812209516764]","[0.731545090675354,-0.002943827537819743,3.011176109313965]","[0.7602295875549316,0.035318922251462936,0.02011505514383316]",0.059880027758350156,0.22360604367611542,0.13762421863483287,0.03525324666593976,0.9747741273172688,0.19935998448057826,16.0,16.0,NOT_RECORDED,NOT_RECORDED,12.0,16.0,20.0,12.0,0.7363504619048067,0.19940871098562707,0.013978213037550579,0.3920946426204071,0.14558806110612485,0.02273318843549586,0.13762421863483287,0.03525324666593976,-3.712
26632000000,1,2.672,MAIN,MAIN,TRACK_MAIN,False,"[0.5871580035159187,-0.158451969058993,2.976158213462707]","[0.7384508458803676,0.03828988979986577,0.007703062477080309]","[0.19249228387723638,0.010432589711712235,-0.011594957217913843]","[-0.39390041102628337,-0.006584382558440818,0.01562471770291099]","[0.551758977604585,-0.19741674858860372,2.948477823117726]","[0.7656713322909567,0.04123938028622423,0.050996835228025936]","[0.751750946,0.00438400218,3.03029752]","[0.738450825,0.0382898897,0.00770306261]","[0.192492276,0.0104325898,-0.0115949577]","[0.7419256667296091,0.0038745865846673646,3.0301936070124307]","[0.7282656927903494,0.04757731221616268,0.0266442842160662]","[0.12871981039643288,0.047716585298379265,-0.014204316617300114]","[0.7500647306442261,-0.0023010787554085255,3.011455535888672]","[0.7638596296310425,0.03602566197514534,0.020080052316188812]",0.059477298937602736,0.2284022838254937,0.14229887707133448,0.03567687710803202,0.97701207180612,0.1887259176868303,16.0,16.0,NOT_RECORDED,NOT_RECORDED,16.0,12.0,20.0,20.0,0.7394829981911971,0.19312317653055713,0.013609895875886546,0.3942651642025282,0.14559857231753978,0.02156467612833647,0.14229887707133448,0.03567687710803202,-3.696
26648000000,1,2.688,MAIN,MAIN,TRACK_MAIN,False,"[0.598997586809734,-0.15783799996775263,2.976279988995429]","[0.7414802160389984,0.03845596291333786,0.007519548396517164]","[0.18617364994718888,0.010326205843074117,-0.01134397768676014]","[-0.3959014034767201,-0.006713242965025415,0.015746654295983112]","[0.5640331284849632,-0.1967627435226474,2.948945510398049]","[0.7674809958733905,0.04257311818185611,0.05081541079309035]","[0.763590515,0.004997971,3.03041935]","[0.741480231,0.0384559631,0.00751954829]","[0.186173648,0.0103262058,-0.0113439774]","[0.7497858901818594,0.00428211906303962,3.0302767356236777]","[0.7235735754172007,0.047641975805163383,0.02640848948309819]","[0.10499634221196175,0.046316477159659065,-0.014800522631655136]","[0.7624511122703552,-0.0018614988075569272,3.011651039123535]","[0.7660176157951355,0.036487095057964325,0.020111434161663055]",0.059032387101908626,0.22868501281642284,0.14249003333103047,0.03548837618173208,0.9756786142619601,0.17089762548708617,16.0,16.0,NOT_RECORDED,NOT_RECORDED,20.0,12.0,12.0,20.0,0.742514858752954,0.18680456175246274,0.01324862131835041,0.3962713035629269,0.14535925325739582,0.021732571062942713,0.14249003333103047,0.03548837618173208,-3.68
26664000000,1,2.704,MAIN,MAIN,TRACK_MAIN,False,"[0.6108848299030356,-0.15722138741143282,2.976398860510388]","[0.7444082389547373,0.03862031748279496,0.0073400653222230085]","[0.17982431805989196,0.010217777482781637,-0.01109109858792589]","[-0.39773756766159285,-0.00683993852529749,0.015862158305761792]","[0.5763448921129674,-0.19608348795116412,2.9494171918881285]","[0.769323655849131,0.04414330271556462,0.050627081181906015]","[0.775477767,0.00561458338,3.03053832]","[0.74440825,0.0386203192,0.0073400652]","[0.179824322,0.0102177775,-0.0110910982]","[0.7606306225061417,0.00484447879716754,3.03038889169693]","[0.7240206003189087,0.0479581244289875,0.026150214951485395]","[0.0947229452431202,0.045270439237356186,-0.01570056821219623]","[0.7748702764511108,-0.0014034664491191506,3.011855125427246]","[0.7682055830955505,0.03703693300485611,0.02022593654692173]",0.05857713378566239,0.22897073589095157,0.1426977849354561,0.03545305608245358,0.9777207723105642,0.16113243960891727,16.0,16.0,NOT_RECORDED,NOT_RECORDED,16.0,16.0,12.0,12.0,0.7454455256456367,0.18045553693439256,0.012894601777958115,0.39811250363999756,0.14509856724887302,0.022407250410963905,0.1426977849354561,0.03545305608245358,-3.664
26680000000,1,2.72,MAIN,MAIN,TRACK_MAIN,False,"[0.6228181074232129,-0.15660215914694922,2.9765148927424327]","[0.7472344445802243,0.03878292107487007,0.007164642822561195]","[0.17344692954515906,0.010107339530344444,-0.010836423094300343]","[-0.39940840310036085,-0.0069644365899551065,0.015971198637057926]","[0.5886923747848828,-0.19538248973765157,2.949890755747597]","[0.7721047938863697,0.045331756393320946,0.05037390997094826]","[0.787411034,0.00623381184,3.03065419]","[0.747234464,0.0387829207,0.00716464268]","[0.173446923,0.0101073394,-0.0108364234]","[0.7755007743835449,0.005615891423076391,3.0305367708206177]","[0.7312970161437988,0.048618219792842865,0.025856847874820232]","[0.10323318094015121,0.04513099044561386,-0.016657976433634758]","[0.7935450673103333,-0.0006964547210372984,3.0121889114379883]","[0.7712252140045166,0.03789958730340004,0.02034464292228222]",0.05811475147969525,0.23393785310361612,0.14762491220813861,0.035998274316319544,0.9842412408821262,0.16091409065300774,16.0,16.0,NOT_RECORDED,NOT_RECORDED,12.0,20.0,12.0,12.0,0.7482745233141315,0.17407878603237018,0.012548071380434652,0.3997882627467948,0.14482426194409564,0.02379772724547785,0.14762491220813861,0.035998274316319544,-3.648
26696000000,1,2.732,MAIN,MAIN,TRACK_MAIN,False,"[0.6317972938230733,-0.15613603837800724,2.976600092839206]","[0.749287022305128,0.038903705496346294,0.007035757554179817]","[0.16864706921386485,0.01002321355765885,-0.010644299927014135]","[-0.40055276280175645,-0.007056348718847281,0.01604871957301819]","[0.6010814475701944,-0.1946595224977808,2.950365179739959]","[0.7749481829140148,0.046630199994523724,0.050008922062285334]","[0.796390235,0.00669993274,3.03073955]","[0.749287009,0.0389037058,0.00703575741]","[0.168647066,0.0100232139,-0.0106442999]","[0.7896558344364166,0.006350342067889869,3.030675530433655]","[0.7372336685657501,0.049199516884982586,0.02555991243571043]","[0.10851222462952137,0.04470257833600044,-0.017529999371618032]","[0.7935450673103333,-0.0006964547210372984,3.0121889114379883]","[0.7712252140045166,0.03789958730340004,0.02034464292228222]",0.05581928613912914,0.2271351368784565,0.13848404704548725,0.034578592596249305,0.9893683491339345,0.16079836212429333,16.0,16.0,NOT_RECORDED,NOT_RECORDED,12.0,16.0,12.0,12.0,0.7503292890328839,0.16927964994465458,0.012293242079554428,0.4009362408729043,0.14455305488449066,0.024697563895138372,0.13848404704548725,0.034578592596249305,-3.632
26712000000,1,2.7520000000000002,MAIN,MAIN,TRACK_MAIN,False,"[0.6468162290201542,-0.1553559690843098,2.976738700569969]","[0.7525797354999014,0.03910274841434884,0.006826089539878129]","[0.1606185848947863,0.009880577026499865,-0.010322097984458746]","[-0.4022523622733005,-0.007206712538694687,0.01616977436452595]","[0.6128694436243357,-0.19407529535285817,2.9509575606750107]","[0.7756178773444102,0.04776097015899886,0.04955598195611349]","[0.811409175,0.00748000201,3.03087807]","[0.752579749,0.039102748,0.0068260897]","[0.160618588,0.00988057721,-0.0103220977]","[0.8009036481380463,0.006934428277115027,3.030780633290609]","[0.7378824750582377,0.049482774610320725,0.025266219551364582]","[0.10017506529887517,0.04340846339861552,-0.018246591091156006]","[0.8060252666473389,-0.00020633198437280953,3.012425422668457]","[0.7730610370635986,0.03853501379489899,0.020331738516688347]",0.05758678355042465,0.22514988271938133,0.1386562798479494,0.03417393766901473,0.9918005641677567,0.15069000361343282,16.0,16.0,NOT_RECORDED,NOT_RECORDED,16.0,12.0,20.0,20.0,0.7536258214240432,0.16125291105211415,0.011878530437654057,0.40264172816918226,0.14475364324903797,0.023704401707310814,0.1386562798479494,0.03417393766901473,-3.616
26728000000,1,2.7680000000000002,MAIN,MAIN,TRACK_MAIN,False,"[0.6588777891541191,-0.15472906533581143,2.9768466078282385]","[0.7550980927559976,0.03925991014044069,0.006663009591140037]","[0.1541729457069343,0.009764324825663688,-0.010062656983629674]","[-0.40342476150226725,-0.007324428027647805,0.016259258051399356]","[0.6227651581886884,-0.19395145292982566,2.951903114408838]","[0.7705182130733342,0.04767701938699953,0.04910979375075704]","[0.823470712,0.00810690597,3.03098607]","[0.755098104,0.0392599106,0.00666300952]","[0.154172942,0.00976432487,-0.0100626573]","[0.8189572989940643,0.007872410429020723,3.0309449831644693]","[0.7500746448834738,0.05036145386596521,0.024931571756800015]","[0.12297085175911586,0.044483607014020286,-0.01913360506296158]","[0.8247876763343811,0.0005594305112026632,3.012801170349121]","[0.7756345868110657,0.03935625031590462,0.020387044176459312]",0.05886166551996415,0.23007246287346828,0.14349877054442892,0.034294132831697834,1.0014537108086323,0.16031185383718966,16.0,16.0,NOT_RECORDED,NOT_RECORDED,20.0,12.0,20.0,20.0,0.7561473837320289,0.1548092254771161,0.011556107574700214,0.403818707976086,0.14641446801604852,0.017927983837752744,0.14349877054442892,0.034294132831697834,-3.6
26744000000,1,2.7840000000000003,MAIN,MAIN,TRACK_MAIN,False,"[0.6709788171904574,-0.15409966195994293,2.9769519390757435]","[0.7575131768311343,0.03941519686250018,0.006504091872362793]","[0.14770988201790902,0.00964620771524301,-0.009801836751704325]","[-0.4044303829747138,-0.0074398212307287895,0.016342174641192836]","[0.6351187042260025,-0.19319614405350846,2.952387391869072]","[0.7718067192792131,0.048778635051298556,0.04890280555832028]","[0.835571766,0.00873630866,3.03109145]","[0.757513165,0.0394151956,0.0065040919]","[0.147709876,0.00964620803,-0.00980183668]","[0.8234707117080688,0.008106905966997147,3.0309860706329346]","[0.739023745059967,0.04998953454196453,0.024649783968925476]","[0.08344436809420586,0.04211396537721157,-0.01983223995193839]","[0.8373200297355652,0.0010852878913283348,3.0130653381347656]","[0.7772382497787476,0.03985963761806488,0.020327361300587654]",0.05846280521309888,0.23033876192016509,0.1437106282671625,0.03424022955300631,0.9954960517696867,0.13219245284276113,16.0,16.0,NOT_RECORDED,NOT_RECORDED,16.0,16.0,12.0,12.0,0.7585658007237019,0.14834869252115868,0.011242351319297444,0.40482879379439174,0.14619960258915715,0.018271500344527496,0.1437106282671625,0.03424022955300631,-3.584
26760000000,1,2.8000000000000003,MAIN,MAIN,TRACK_MAIN,False,"[0.6831176586418337,-0.15346778919388676,2.9770547610802196]","[0.7598247302909928,0.039568579040501914,0.006349357609753616]","[0.14123206413774003,0.009526263090552692,-0.009539742529943898]","[-0.405269002665972,-0.007552862402110644,0.016418503519796873]","[0.64748910229103,-0.19242541637156463,2.952874646853467]","[0.7732690841710754,0.050042409938375866,0.04854671938067044]","[0.847710609,0.00936818216,3.03119421]","[0.759824753,0.0395685807,0.00634935778]","[0.141232058,0.00952626299,-0.00953974295]","[0.835590660572052,0.008737544063478708,3.0310901403427124]","[0.7407399415969849,0.05027657561004162,0.024325469508767128]","[0.0790880098938942,0.04122887924313545,-0.020397284999489784]","[0.856156587600708,0.0019066939130425453,3.0134763717651367]","[0.7792710065841675,0.04072512686252594,0.02020856738090515]",0.058066932646525744,0.2353937863684245,0.1487624768117821,0.03469102452484633,0.998018440961493,0.12544201538836472,16.0,16.0,NOT_RECORDED,NOT_RECORDED,12.0,20.0,12.0,12.0,0.7608808103449061,0.1418740720378983,0.010937621402742626,0.4056717607994996,0.1459768753698972,0.019110894001002663,0.1487624768117821,0.03469102452484633,-3.568
26776000000,1,2.8120000000000003,MAIN,MAIN,TRACK_MAIN,False,"[0.6922456073570513,-0.1529922825357035,2.977130271242493]","[0.7614903226656944,0.039682348386149924,0.006236064123858562]","[0.13636562644500216,0.009435128077466175,-0.009342399294488574]","[-0.4057882689329415,-0.0076360821933619295,0.016471415774798617]","[0.6598849189890714,-0.1916345280295056,2.9533622887586652]","[0.7749445652222541,0.05143010480024852,0.04819556162493646]","[0.856838524,0.00984368846,3.03126979]","[0.761490345,0.0396823473,0.00623606425]","[0.136365622,0.00943512842,-0.00934239943]","[0.8499925881624222,0.00948705873452127,3.031213104724884]","[0.7462787330150604,0.05075530521571636,0.02398505061864853]","[0.08508103340864182,0.04060353245586157,-0.021115077659487724]","[0.856156587600708,0.0019066939130425453,3.0134763717651367]","[0.7792710065841675,0.04072512686252594,0.02020856738090515]",0.0557257057362608,0.22843279399531868,0.139434425153955,0.03370479286192851,1.002664466098479,0.1257789312284064,16.0,16.0,NOT_RECORDED,NOT_RECORDED,12.0,16.0,12.0,12.0,0.7625490730324835,0.13701053296062213,0.010715229408580862,0.40619421031383907,0.14575099569374048,0.020024426268995497,0.139434425153955,0.03370479286192851,-3.552
26792000000,1,2.8320000000000003,MAIN,MAIN,TRACK_MAIN,False,"[0.7075021456397046,-0.15219675876941588,2.9772531460346716]","[0.764136429427184,0.0398695146222353,0.00605251592108105]","[0.1282428618697098,0.009281043226769509,-0.009012154613702361]","[-0.40644461706208146,-0.0077717725699432555,0.016551326168077224]","[0.6723087289873847,-0.1908214583287919,2.953849375541826]","[0.7766709047159943,0.052850998816632425,0.047846098190474376]","[0.872095108,0.0106392121,3.03139257]","[0.764136434,0.0398695134,0.00605251594]","[0.128242865,0.00928104296,-0.0090121543]","[0.861421674489975,0.010082791559398174,3.031306187311808]","[0.7465725243091583,0.0509329034636418,0.023644445774455864]","[0.0764354591568311,0.03862997516989708,-0.022274381170670193]","[0.8687337040901184,0.0024727308191359043,3.0137672424316406]","[0.7806273102760315,0.041386719793081284,0.02028615027666092]",0.05725539681984258,0.22638804227613146,0.13963965685397897,0.033417950068822005,1.0044751479660063,0.11627137378980264,16.0,16.0,NOT_RECORDED,NOT_RECORDED,16.0,12.0,20.0,20.0,0.7651997738649126,0.12889370936819183,0.010356817138237334,0.40685571593077446,0.1455097324702248,0.020908331616236214,0.13963965685397897,0.033417950068822005,-3.536
26808000000,1,2.8480000000000003,MAIN,MAIN,TRACK_MAIN,False,"[0.7197444660646133,-0.15155766388564126,2.977348844042634]","[0.766136274149891,0.040017011986171226,0.005910442496959628]","[0.12173683027359372,0.009155845097580259,-0.008746872832865994]","[-0.4067814401734573,-0.007877584978214638,0.016607789190613453]","[0.684757115015185,-0.18998690772683333,2.9543366137206224]","[0.7780843297454542,0.05416188959494229,0.047337834468867385]","[0.884337425,0.0112783071,3.03148818]","[0.766136289,0.0400170125,0.00591044268]","[0.121736832,0.00915584527,-0.00874687266]","[0.8797542750835419,0.011039203964173794,3.0314517815907798]","[0.7582723200321198,0.05170939055581888,0.023267782914141815]","[0.09856230268875758,0.038172584027051926,-0.023171098281939823]","[0.8876301050186157,0.003353973850607872,3.0142250061035156]","[0.7825340628623962,0.0424712598323822,0.020262805745005608]",0.05683734916456823,0.2313937220441837,0.14461794578156884,0.03361401272855854,1.013483018296932,0.12647234792570763,16.0,16.0,NOT_RECORDED,NOT_RECORDED,20.0,12.0,20.0,20.0,0.767203418362489,0.12239359921526526,0.010081599639089852,0.4071965312677416,0.14525385115795383,0.021555393775838216,0.14461794578156884,0.03361401272855854,-3.52
26824000000,1,2.8640000000000003,MAIN,MAIN,TRACK_MAIN,False,"[0.7320179510316653,-0.1509162251412195,2.977442302869289]","[0.7680319863939972,0.04016249274094443,0.005772620525019159]","[0.11522674830048718,0.009028973655346183,-0.00848074082240459]","[-0.40695091831668595,-0.007980932178428077,0.016657603007680294]","[0.696594735149939,-0.1902768566545019,2.9535312074310913]","[0.7782012608028528,0.05247501900002125,0.044208770843333835]","[0.896610916,0.0119197462,3.03158164]","[0.768032014,0.0401624925,0.00577262044]","[0.115226746,0.00902897399,-0.00848074071]","[0.8843374252319336,0.011278307065367699,3.0314881801605225]","[0.74700628221035,0.051213220693171024,0.022934721782803535]","[0.05995035730302334,0.03414572589099407,-0.024021970108151436]","[0.9002442955970764,0.003967566881328821,3.0145435333251953]","[0.7835991978645325,0.04320971295237541,0.02018480747938156]",0.05810166969702673,0.23165835477803662,0.14486204030692934,0.03341998992159631,1.0071153841912572,0.10111155089997349,16.0,16.0,NOT_RECORDED,NOT_RECORDED,16.0,16.0,12.0,12.0,0.7691030367221295,0.11589067630344367,0.00981712066649363,0.40736988221417664,0.14661716188431095,0.0194961830345518,0.14486204030692934,0.03341998992159631,-3.504
26840000000,1,2.8760000000000003,MAIN,MAIN,TRACK_MAIN,False,"[0.7412425139891279,-0.15043362744622693,2.9775109685020955]","[0.7693854059273353,0.040270263968215175,0.005672051796828427]","[0.11034313928795503,0.008932745803197091,-0.008280647894635888]","[-0.4069682362505751,-0.008056808616614706,0.016690593654927033]","[0.7089017286261677,-0.18972229993245604,2.9536531308007326]","[0.7787705859697618,0.053227562933754295,0.04296779953041148]","[0.90583545,0.0124023436,3.0316503]","[0.769385397,0.0402702652,0.00567205157]","[0.110343136,0.00893274602,-0.00828064792]","[0.8950864374637604,0.011840325314551592,3.031569242477417]","[0.745816171169281,0.051239173859357834,0.022569955326616764]","[0.04840892180800438,0.032020000740885735,-0.02484310418367386]","[0.9191881418228149,0.004919038619846106,3.0150375366210938]","[0.785098671913147,0.04424479976296425,0.020081404596567154]",0.05620251420895518,0.23918056073550725,0.15003335137147314,0.03362697088137039,1.0071378499331505,0.09375534894378701,16.0,16.0,NOT_RECORDED,NOT_RECORDED,12.0,20.0,12.0,12.0,0.7704594533040828,0.11101338417083104,0.009626103903523083,0.4073900261402365,0.14680088456191537,0.019452725712990872,0.15003335137147314,0.03362697088137039,-3.488
26856000000,1,2.8960000000000004,MAIN,MAIN,TRACK_MAIN,False,"[0.7566517481451447,-0.1496264464016134,2.9776227756791704]","[0.7715108827220327,0.04044729923571286,0.005509780241418599]","[0.10220514063712605,0.008770369891943708,-0.007946352142552342]","[-0.406788104714626,-0.008180124165966494,0.016737244589499517]","[0.7213807002337645,-0.18887229635347844,2.9540817871286933]","[0.7799741340645218,0.05477193869157097,0.042408463627194276]","[0.921244681,0.0132095246,3.03176212]","[0.771510899,0.0404472984,0.00550978025]","[0.102205142,0.00877036992,-0.00794635247]","[0.9096877574920654,0.012604138813912868,3.031678259372711]","[0.750923827290535,0.051593649201095104,0.022187091875821352]","[0.05371310003101826,0.03093643393367529,-0.02567637898027897]","[0.9191881418228149,0.004919038619846106,3.0150375366210938]","[0.785098671913147,0.04424479976296425,0.020081404596567154]",0.057779422817685486,0.2273812889105039,0.14053403640586593,0.03268311691985341,1.0118422983658832,0.09071695318789302,16.0,16.0,NOT_RECORDED,NOT_RECORDED,12.0,16.0,12.0,12.0,0.772590049024903,0.10288806866235595,0.009322368764493707,0.4072144544648887,0.14659132338278635,0.020153815297996213,0.14053403640586593,0.03268311691985341,-3.472
26872000000,1,2.9120000000000004,MAIN,MAIN,TRACK_MAIN,False,"[0.7690087268741368,-0.1489781726072734,2.9777099264613485]","[0.7730941084804673,0.04058657398366735,0.0053847823177054326]","[0.09569896456605198,0.008638718153664434,-0.0076783088179917525]","[-0.4064560837052409,-0.00827591701067171,0.016767058376838853]","[0.7338831552150705,-0.18800023951024347,2.954507174130442]","[0.7816959077839434,0.056194199449868816,0.041848897990864796]","[0.933601677,0.0138577987,3.03184938]","[0.773094118,0.0405865721,0.00538478233]","[0.0956989676,0.00863871817,-0.00767830899]","[0.9253677626450857,0.013425984419882298,3.031790852546692]","[0.7575787603855133,0.052004129315416016,0.02179426420480013]","[0.06357875963052113,0.02989361807703972,-0.026540840044617653]","[0.9318345189094543,0.005581773351877928,3.015377998352051]","[0.7860025763511658,0.04494412615895271,0.020022062584757805]",0.05740117773604872,0.22763984512116364,0.14076818550076312,0.03227620345047169,1.0172449331323437,0.09230223146218684,16.0,16.0,NOT_RECORDED,NOT_RECORDED,16.0,12.0,20.0,20.0,0.7741774773497027,0.09639437585594594,0.009093140291152596,0.40688594597255584,0.1463710345329432,0.021045128584251404,0.14076818550076312,0.03227620345047169,-3.456
26888000000,1,2.9280000000000004,MAIN,MAIN,TRACK_MAIN,False,"[0.781390204679867,-0.14832768733334598,2.9777951116055053]","[0.7745732850400034,0.04072373015167504,0.00526407661848842]","[0.08919943558703536,0.008505554249536383,-0.007409841886387776]","[-0.4059572591995133,-0.008369140762079237,0.01679019500388243]","[0.7464094992648747,-0.18710385779531735,2.954929883937771]","[0.7835220837033069,0.05731403426601332,0.041131829238694254]","[0.945983171,0.0145082837,3.0319345]","[0.774573267,0.0407237299,0.0052640764]","[0.0891994387,0.00850555394,-0.00740984175]","[0.9418600896994272,0.014291823841631413,3.031905770301819]","[0.7653892338275909,0.052464950208862625,0.021395699121057987]","[0.07746865848700206,0.028866495937108994,-0.027346225455403328]","[0.9508041143417358,0.006604000926017761,3.015902519226074]","[0.7870307564735413,0.04603854566812515,0.019894318655133247]",0.057009295586980015,0.23271672765269094,0.14584673492928532,0.03193804178739599,1.0233725045617332,0.09799978351984423,16.0,16.0,NOT_RECORDED,NOT_RECORDED,20.0,12.0,20.0,20.0,0.7756609482227232,0.08990989666837985,0.00887672986823726,0.4063905134992016,0.1461380424180729,0.02180585434733292,0.14584673492928532,0.03193804178739599,-3.44
26904000000,1,2.9440000000000004,MAIN,MAIN,TRACK_MAIN,False,"[0.7937945177398082,-0.14767502466890955,2.9778783998368965]","[0.7759485400938829,0.040858743874978634,0.005147669066706769]","[0.08270922044096918,0.008370919481983135,-0.007141058199085393]","[-0.405291904793323,-0.008459770900616507,0.016806652722463122]","[0.758963775814191,-0.18618425341581366,2.955346364350615]","[0.7844459715598725,0.0588318873054674,0.04052562085514921]","[0.958387434,0.0151609462,3.03201771]","[0.775948524,0.0408587456,0.005147669]","[0.082709223,0.00837091915,-0.00714105833]","[0.9459831714630127,0.014508283697068691,3.0319344997406006]","[0.7531162202358246,0.05178697034716606,0.021026406437158585]","[0.037724219262599945,0.024570300243794918,-0.02825887408107519]","[0.9634491205215454,0.007309054955840111,3.0162620544433594]","[0.787602424621582,0.046775322407484055,0.019791150465607643]",0.05660241960309983,0.23297221749193187,0.14608311491704537,0.03130408571851611,1.0160737049832713,0.07412762949902088,16.0,16.0,NOT_RECORDED,NOT_RECORDED,16.0,16.0,12.0,12.0,0.777040586019604,0.08343789397587527,0.008673685396518268,0.40572843059172525,0.14588775111472674,0.02222976185504198,0.14608311491704537,0.03130408571851611,-3.424
26920000000,1,2.96,MAIN,MAIN,TRACK_MAIN,False,"[0.8062200046156699,-0.1470202190795752,2.977959859961867]","[0.7772200439658178,0.04099159195277346,0.0050355638755438525]","[0.07623098104888348,0.008234855541095897,-0.006872064618630519]","[-0.40446034937372666,-0.00854778348740598,0.016816431880630173]","[0.7712747763709267,-0.18565438654614497,2.954337538985245]","[0.7846095538176495,0.05871589843651391,0.03752242040632559]","[0.970812917,0.0158157516,3.03209925]","[0.77722007,0.0409915932,0.00503556384]","[0.0762309805,0.00823485572,-0.00687206443]","[0.9583980441093445,0.015162017662078142,3.03201687335968]","[0.7540959417819977,0.05181727558374405,0.020629504695534706]","[0.03375987149775028,0.022590034641325474,-0.029100699350237846]","[0.9824146032333374,0.008402162231504917,3.016812324523926]","[0.7882483601570129,0.047805555164813995,0.019639305770397186]",0.05719949231623217,0.23813896614580696,0.15131596416618423,0.031032921591105548,1.0175390340751038,0.06944722686073135,16.0,16.0,NOT_RECORDED,NOT_RECORDED,12.0,20.0,12.0,12.0,0.7783165578712785,0.07698181986404702,0.008484551581891929,0.40490002617838944,0.1465896281108584,0.021881818873316604,0.15131596416618423,0.031032921591105548,-3.408
26936000000,1,2.976,MAIN,MAIN,TRACK_MAIN,False,"[0.8186650069348372,-0.14636330539681425,2.978039560840493]","[0.7783880095257942,0.04112225185433546,0.004927763548516394]","[0.0697673736272948,0.008097404495342332,-0.006602967985230725]","[-0.40346297711895307,-0.008633155164264904,0.01681953492264801]","[0.7836741856171223,-0.18498259931024572,2.953767092673049]","[0.7850378808279732,0.059102337608685995,0.035258594078111424]","[0.983257949,0.0164726656,3.03217888]","[0.778388023,0.0411222503,0.00492776372]","[0.0697673708,0.00809740461,-0.00660296809]","[0.9739241749048233,0.015979980118572712,3.0321191549301147]","[0.7600371539592743,0.05211043171584606,0.020221746060997248]","[0.04310655780136585,0.021467439830303192,-0.029944706708192825]","[0.9824146032333374,0.008402162231504917,3.016812324523926]","[0.7882483601570129,0.047805555164813995,0.019639305770397186]",0.05748878281717095,0.22862547421883112,0.141678691781488,0.030504101742992885,1.0222280833217399,0.06995896615513084,16.0,16.0,NOT_RECORDED,NOT_RECORDED,12.0,16.0,12.0,12.0,0.7794890735762043,0.07054540076167773,0.008309860090431316,0.4039056845710311,0.14699426694919754,0.022474539294800183,0.141678691781488,0.030504101742992885,-3.392
26952000000,1,2.992,MAIN,MAIN,TRACK_MAIN,False,"[0.8311278700703342,-0.14570431880718912,2.9781175713592356]","[0.7794526920917397,0.04125070172500139,0.004824268880099868]","[0.06332104780352488,0.007958608782275532,-0.006333875083215312]","[-0.4023002274984062,-0.008715863153705532,0.01681596638899753]","[0.7962444518227417,-0.18403255071744185,2.954108955100792]","[0.7856823907427856,0.06050438114894708,0.034584793245574626]","[0.995720804,0.0171316527,3.03225708]","[0.779452682,0.041250702,0.0048242691]","[0.0633210465,0.00795860868,-0.006333875]","[0.987414946158727,0.01669266726821661,3.0322046279907227]","[0.7625311116377512,0.05218813940882683,0.01981612512220939]","[0.04327629009882609,0.019734856051703293,-0.030766346181432407]","[0.9950526356697083,0.009150300174951553,3.0171871185302734]","[0.7886412143707275,0.04847365990281105,0.01955767534673214]",0.05711672158525719,0.2288617733765594,0.1419130449422638,0.030363329092169638,1.024581040391423,0.0672571270787699,16.0,16.0,NOT_RECORDED,NOT_RECORDED,16.0,12.0,20.0,20.0,0.7805583854985436,0.0641327726069548,0.008150118275257365,0.4027458454675596,0.14676450597479462,0.02338515257452248,0.1419130449422638,0.030363329092169638,-3.376
26968000000,1,3.008,MAIN,MAIN,TRACK_MAIN,False,"[0.8436069438191182,-0.14504329484148937,2.978193960403601]","[0.7804143893170001,0.04137692039199947,0.0047250789568913515]","[0.056894645731066174,0.007818511199242786,-0.006064892607496528]","[-0.4009725952726577,-0.008795885258935196,0.016805732916375243]","[0.8088187868456715,-0.1830632166624509,2.954447300810616]","[0.785420909514635,0.061812111761690845,0.034065954472963046]","[1.00819993,0.0177926756,3.03233337]","[0.780414402,0.0413769186,0.00472507905]","[0.0568946451,0.00781851076,-0.00606489275]","[1.0040429333845775,0.017572673968970776,3.0323076248168945]","[0.76987158258756,0.05251749977469444,0.01940252973387639]","[0.05709046622117361,0.01867013207326333,-0.03118150991698106]","[1.0140050649642944,0.010310729034245014,3.017759323120117]","[0.7889521718025208,0.04946901276707649,0.0192387904971838]",0.05674182022729182,0.23395685574711825,0.14707277717629452,0.03047479425154014,1.0301070314068934,0.0726369981281863,16.0,16.0,NOT_RECORDED,NOT_RECORDED,20.0,12.0,20.0,20.0,0.7815247884522288,0.057748703470958354,0.00800579670181471,0.40142100395474506,0.1465223518772331,0.023654427616624476,0.14707277717629452,0.03047479425154014,-3.36
26984000000,1,3.024,MAIN,MAIN,TRACK_MAIN,False,"[0.8561005830784469,-0.14438026936377568,2.9782687968308292]","[0.7812734410636911,0.04150088737013192,0.004630191159308128]","[0.05049080120491256,0.007677154894094446,-0.005796127130029485]","[-0.3994806304934597,-0.00887319986385601,0.016788843237693557]","[0.8213933655520493,-0.18207207809711015,2.954782093513822]","[0.7856469804244768,0.06309194211706318,0.033343071947719155]","[1.02069354,0.0184557009,3.03240824]","[0.781273425,0.0415008888,0.00463019125]","[0.0504908003,0.00767715508,-0.00579612702]","[1.00819993019104,0.017792675644159317,3.0323333740234375]","[0.7575029283761978,0.05170741584151983,0.01901302859187126]","[0.018352046608924866,0.0142202393617481,-0.03190434351563454]","[1.0266306400299072,0.011103993281722069,3.0181407928466797]","[0.7890610098838806,0.050152067095041275,0.019071361050009727]",0.05636389470854615,0.2341914437390282,0.14733272964990332,0.030437143089106375,1.0224893690026966,0.053393187359875305,16.0,16.0,NOT_RECORDED,NOT_RECORDED,16.0,16.0,12.0,12.0,0.7823886195709783,0.05139897667550768,0.007877315841946796,0.39993171051135207,0.14626824385351425,0.024459182966728464,0.14733272964990332,0.030437143089106375,-3.344
27000000000,1,3.04,MAIN,MAIN,TRACK_MAIN,False,"[0.8686071485201126,-0.14371527856033442,2.9783421494426134]","[0.7820302292618817,0.041622582867308563,0.004539601163823556]","[0.04411213877689568,0.007534583355893066,-0.0055276850662733384]","[-0.39782493850372624,-0.008947785933064958,0.016765308182080496]","[0.833972038939888,-0.18105963106683295,2.95511019031863]","[0.7863130603814795,0.06445295142524739,0.03260537765632609]","[1.03320014,0.0191206932,3.03248167]","[0.782030225,0.0416225828,0.00453960104]","[0.0441121385,0.00753458356,-0.00552768493]","[1.0207000374794006,0.018456684425473213,3.032407522201538]","[0.7581340372562408,0.051614342257380486,0.018612967804074287]","[0.014429588802158833,0.012053581420332193,-0.03244231827557087]","[1.0455538034439087,0.012323252856731415,3.0187129974365234]","[0.7891129851341248,0.05108160525560379,0.018768837675452232]",0.055981384446101526,0.23934900739978643,0.15262678749037445,0.030516571327473183,1.0234412898202458,0.05016984506322265,16.0,16.0,NOT_RECORDED,NOT_RECORDED,12.0,20.0,12.0,12.0,0.7831502581642068,0.04509108599280911,0.0077650324539057505,0.3982785710115944,0.14600343155950404,0.025671401125605463,0.15262678749037445,0.030516571327473183,-3.328
27016000000,1,3.052,MAIN,MAIN,TRACK_MAIN,False,"[0.8779945728668003,-0.14321526765681875,2.978396231490158]","[0.782530963353765,0.041712352318411465,0.004474475539474429]","[0.03934624085296057,0.007426883554393752,-0.005326629668025412]","[-0.39647611886339496,-0.009001922556792871,0.016743303558349118]","[0.8456841184489696,-0.1803184018697465,2.9551311855502305]","[0.7849288683183441,0.0650752448273618,0.03136736202346064]","[1.04258752,0.0196207035,3.03253555]","[0.782530963,0.0417123511,0.00447447551]","[0.0393462405,0.00742688356,-0.00532662962]","[1.035546988248825,0.019245695788413286,3.032495141029358]","[0.7624175697565079,0.05171515140682459,0.018210573121905327]","[0.020204329397529364,0.010469656903296709,-0.03283938858658075]","[1.0455538034439087,0.012323252856731415,3.0187129974365234]","[0.7891129851341248,0.05108160525560379,0.018768837675452232]",0.054423068598675954,0.23215031495027236,0.1429097866328425,0.029996840087380988,1.0266559174655006,0.049535494065237495,16.0,16.0,NOT_RECORDED,NOT_RECORDED,12.0,16.0,12.0,12.0,0.7836546751437524,0.04039378977281032,0.007691621044735401,0.3969315881266524,0.14660985981721655,0.024788580323502823,0.1429097866328425,0.029996840087380988,-3.312
27032000000,1,3.072,MAIN,MAIN,TRACK_MAIN,False,"[0.8936525335389057,-0.14237954726565952,2.9784846779854695]","[0.7832387521288482,0.0418590837481343,0.004371288782493134]","[0.03144080689886253,0.007245970186893963,-0.004992195858010015]","[-0.39402507072021553,-0.009088691226210872,0.016698355737653048]","[0.856947189102418,-0.17970862765884157,2.954990109819557]","[0.7822996365127411,0.06540917475416647,0.029877100465652333]","[1.05824542,0.020456424,3.03262401]","[0.783238769,0.0418590829,0.0043712887]","[0.0314408056,0.00724596996,-0.00499219587]","[1.0472864309946697,0.019871767920752365,3.0325618584950766]","[0.7616901993751526,0.05150365581115087,0.017819206540783245]","[0.012900955354173977,0.007837260840460658,-0.032985188687841095]","[1.0581607818603516,0.013159353286027908,3.019092559814453]","[0.7891309261322021,0.0517280176281929,0.01849432848393917]",0.05738237783940779,0.23000937680289232,0.14315867502337962,0.029636274267690676,1.0266866631502525,0.04507092167591768,16.0,16.0,NOT_RECORDED,NOT_RECORDED,16.0,12.0,20.0,20.0,0.7843686849270619,0.032648896488023146,0.007590087915135816,0.39448345434075877,0.14766371774505269,0.023002175815455696,0.14315867502337962,0.029636274267690676,-3.296
27048000000,1,3.088,MAIN,MAIN,TRACK_MAIN,False,"[0.9061881093659006,-0.14170888065750697,2.978553990997264]","[0.7836914595320552,0.04197385306086396,0.004293549257507148]","[0.02515333237479811,0.007100017156661004,-0.004725360460083844]","[-0.39188238206814097,-0.009154971282816712,0.016654970488174478]","[0.8694671095066989,-0.1786582564419726,2.9552774300232865]","[0.7825261105873113,0.06717534092606314,0.029116253391283403]","[1.07078099,0.0211270899,3.03269339]","[0.783691466,0.0419738516,0.00429354934]","[0.0251533315,0.00710001728,-0.00472536031]","[1.0660820802052815,0.020876025470594566,3.03266708056132]","[0.771766722202301,0.05190077672402064,0.017426156128446262]","[0.03608893292645614,0.0070497223641723394,-0.032783071820934616]","[1.0770514011383057,0.014442953281104565,3.0196590423583984]","[0.788650393486023,0.05266685411334038,0.017975270748138428]",0.057056870684400816,0.2350899507956375,0.1483608838397279,0.02918725332805336,1.033724809074636,0.050744264947921496,16.0,16.0,NOT_RECORDED,NOT_RECORDED,20.0,12.0,20.0,20.0,0.784826441099868,0.026559921021337224,0.007527708279468896,0.392342965932297,0.14744273561496593,0.023957381930254942,0.1483608838397279,0.02918725332805336,-3.28
27064000000,1,3.104,MAIN,MAIN,TRACK_MAIN,False,"[0.9187301252048276,-0.1410363964671077,2.9786220943008477]","[0.7840438484749039,0.042086278760825685,0.004220073264567165]","[0.018901428031457446,0.0069530260759223805,-0.0044592719019517085]","[-0.38957894048894204,-0.009218444469048612,0.01660500414043596]","[0.8819952369186624,-0.17759265697869248,2.9555581798593664]","[0.7826228252403532,0.06760490802040311,0.02843685612566854]","[1.08332312,0.0217995737,3.03276157]","[0.784043849,0.0420862772,0.00422007311]","[0.0189014282,0.00695302617,-0.00445927167]","[1.0707809925079346,0.021127089858055115,3.032693386077881]","[0.7601327747106552,0.05101155675947666,0.017048228532075882]","[0.0009042713791131973,0.002436488401144743,-0.032956638373434544]","[1.0896319150924683,0.015321619808673859,3.0200319290161133]","[0.7882879376411438,0.05330502614378929,0.01767575740814209]",0.05672527081779206,0.2353083624770749,0.14862231196305958,0.02882897800274548,1.0263427554694937,0.04132350435463778,16.0,16.0,NOT_RECORDED,NOT_RECORDED,16.0,16.0,12.0,12.0,0.7851839403666063,0.020627497646015087,0.00748207098760777,0.39004160900270557,0.14720799909932572,0.024071399463473697,0.14862231196305958,0.02882897800274548,-3.264
27080000000,1,3.12,MAIN,MAIN,TRACK_MAIN,False,"[0.931276980622898,-0.14036213232321718,2.9786890560126476]","[0.7842965086196316,0.04219634459927074,0.0041508480127428055]","[0.012687658935002233,0.006805042000433675,-0.004194035313498989]","[-0.38711562778141007,-0.009279092652978521,0.01654847800464565]","[0.8945235530166087,-0.1765111604386337,2.9558335704676346]","[0.7827005175524954,0.0689145786231496,0.02770785396683739]","[1.0958699,0.0224738382,3.03282857]","[0.784296513,0.0421963446,0.0041508479]","[0.0126876589,0.0068050418,-0.00419403519]","[1.083325445652008,0.021800464019179344,3.032760977745056]","[0.7603952884674072,0.050791697576642036,0.016678497195243835]","[-0.0030239257030189037,-0.00015335413627326488,-0.03298674710094929]","[1.108483910560608,0.016670510172843933,3.0205774307250977]","[0.7877641320228577,0.05421590432524681,0.017231028527021408]",0.05639095578191789,0.24044995895881288,0.15395202611317554,0.02862116524092009,1.0267779177691307,0.040545169919026465,16.0,16.0,NOT_RECORDED,NOT_RECORDED,12.0,20.0,12.0,12.0,0.785441770260348,0.014995840026136745,0.007453047648139024,0.38758026647047966,0.14696320980820796,0.02492985220774052,0.15395202611317554,0.02862116524092009,-3.248
27096000000,1,3.136,MAIN,MAIN,TRACK_MAIN,False,"[0.943827084949635,-0.13968612610879147,2.9787549440309977]","[0.7844500705542983,0.04230403505063833,0.004085859031842581]","[0.006514575600484296,0.0066561102714157855,-0.003929755466877682]","[-0.3844933810354916,-0.009336898283373078,0.016485415487226263]","[0.9070567222818635,-0.17541072993411824,2.956102838907015]","[0.7829416883498885,0.07006889490505411,0.026985034808410593]","[1.10842001,0.0231498443,3.03289437]","[0.784450054,0.0423040353,0.00408585882]","[0.0065145758,0.00665611029,-0.00392975565]","[1.0990074276924133,0.022642839699983597,3.0328450202941895]","[0.7654137909412384,0.050837657414376736,0.01631326088681817]","[0.005920525407418609,-0.0019825787749141455,-0.032983030192554]","[1.108483910560608,0.016670510172843933,3.0205774307250977]","[0.7877641320228577,0.05421590432524681,0.017231028527021408]",0.05604841439098842,0.23088609382738526,0.14418235866993265,0.028374673922006047,1.0302868609618383,0.037885306686242355,16.0,16.0,NOT_RECORDED,NOT_RECORDED,12.0,16.0,12.0,12.0,0.785600559329127,0.010108732721223125,0.007440396826826077,0.3849598766799525,0.14670727406851639,0.025706022097012917,0.14418235866993265,0.028374673922006047,-3.232
27112000000,1,3.148,MAIN,MAIN,TRACK_MAIN,False,"[0.9532408442587899,-0.13917800114029225,2.978803696141151]","[0.7845006110955934,0.042383235112062684,0.0040398877003910635]","[0.0019129887448028349,0.006543817008616747,-0.0037322362510187473]","[-0.3824229904138239,-0.009378376849739259,0.016433844361336658]","[0.9194755958368341,-0.17444325137984776,2.9558978486197356]","[0.7827813904955048,0.07049421742694859,0.025280423360115236]","[1.11783373,0.0236579701,3.03294301]","[0.784500599,0.0423832349,0.0040398878]","[0.00191298872,0.006543817,-0.00373223634]","[1.1099889675776164,0.02323453190426032,3.032902479171753]","[0.7631889780362447,0.050434144834677376,0.015960740856826305]","[-0.003666263073682785,-0.005034948233515024,-0.03307283048828443]","[1.1210342645645142,0.01758812554180622,3.020933151245117]","[0.787225604057312,0.05484461411833763,0.01698286645114422]",0.05392965534962362,0.23346336192250444,0.14444222668707699,0.02793648746638771,1.0289871335755147,0.038821804456081216,16.0,16.0,NOT_RECORDED,NOT_RECORDED,16.0,12.0,20.0,20.0,0.7856550567014481,0.007772429119227954,0.00744144552439032,0.38289080530861536,0.14680089565928817,0.026097497079116547,0.14444222668707699,0.02793648746638771,-3.216
27128000000,1,3.168,MAIN,MAIN,TRACK_MAIN,False,"[0.9689307303722935,-0.1383290402014478,2.9788837693293604]","[0.7844626253213218,0.04251223133264977,0.003968523642232588]","[-0.005699409785999254,0.00635558658925639,-0.0034044830978383345]","[-0.3787761102442131,-0.00944391458209818,0.01633978541427461]","[0.9315372114450096,-0.17391553349290362,2.95428308943133]","[0.7809072288891379,0.07007872513974543,0.02056228114778484]","[1.1335237,0.0245069303,3.03302312]","[0.784462631,0.0425122306,0.00396852382]","[-0.00569940964,0.00635558646,-0.0034044832]","[1.116264780362447,0.02357328248520692,3.0329349040985107]","[0.7538301746050516,0.04958426704009374,0.015615380369126797]","[-0.03255857154726982,-0.008706443477421999,-0.03294155622522036]","[1.1398404836654663,0.018998928368091583,3.021453857421875]","[0.7863778471946716,0.05560304597020149,0.016459062695503235]",0.057182752766838034,0.23616614038671085,0.14969168214212095,0.02758391131009289,1.0229383887545325,0.05333280912880222,16.0,16.0,NOT_RECORDED,NOT_RECORDED,20.0,12.0,20.0,20.0,0.7856237327873951,0.009190607050992151,0.007462701237448679,0.37924598587428027,0.1479892313291358,0.02641368021248009,0.14969168214212095,0.02758391131009289,-3.2
27144000000,1,3.184,MAIN,MAIN,TRACK_MAIN,False,"[0.9814811447950561,-0.1376480374406292,2.9789468410746744]","[0.7843230817291196,0.04261270976780802,0.003916139953446411]","[-0.011735291525337477,0.006204086662263124,-0.0031436980292044725]","[-0.37568323683462834,-0.00949309305143703,0.016257275152668116]","[0.9440321714320733,-0.17279169177488898,2.9544609968587396]","[0.7807855313531012,0.07118180326972907,0.019782491513588758]","[1.14607406,0.0251879338,3.0330863]","[0.784323096,0.0426127091,0.00391614018]","[-0.0117352912,0.00620408682,-0.00314369798]","[1.1296012103557587,0.02429469022899866,3.033003091812134]","[0.7550351023674011,0.049347613006830215,0.01528239855542779]","[-0.03248164942488074,-0.011345375562086701,-0.03265806846320629]","[1.158606767654419,0.0204427819699049,3.021956443786621]","[0.7852601408958435,0.05647221580147743,0.015948420390486717]",0.056895154564113454,0.2412799605865577,0.15503768208328927,0.027151340487897517,1.023769109214453,0.05271152336102277,16.0,16.0,NOT_RECORDED,NOT_RECORDED,16.0,16.0,12.0,12.0,0.7854895770912264,0.013641502695683965,0.007496649596996947,0.3761546387453121,0.1477735122720077,0.02715845414207291,0.15503768208328927,0.027151340487897517,-3.184
27160000000,1,3.196,MAIN,MAIN,TRACK_MAIN,False,"[0.9908920688104961,-0.1371362409657403,2.978993613085272]","[0.7841552666260341,0.04268647445577938,0.0038795845361702455]","[-0.016229049908711435,0.006089958045478759,-0.0029490037149364767]","[-0.3732620386033467,-0.00952807002748026,0.016191176336898594]","[0.9565325040559035,-0.1716524399863723,2.9546321335038597]","[0.7815199704631807,0.07224531024421149,0.019049136473299453]","[1.15548503,0.025699731,3.03313303]","[0.78415525,0.0426864736,0.0038795846]","[-0.0162290502,0.0060899579,-0.00294900383]","[1.1445043683052063,0.025103330612182617,3.0330780744552612]","[0.7584764957427979,0.04922162927687168,0.014965099282562733]","[-0.026700595393776894,-0.013305945787578821,-0.03218294680118561]","[1.158606767654419,0.0204427819699049,3.021956443786621]","[0.7852601408958435,0.05647221580147743,0.015948420390486717]",0.05445575609935538,0.23410504800096288,0.1452520764592739,0.02716340223658367,1.0260789092411795,0.04814580853639197,16.0,16.0,NOT_RECORDED,NOT_RECORDED,12.0,20.0,12.0,12.0,0.785325835850944,0.017583124661044953,0.00753158514222777,0.37373451509319744,0.14754721301350093,0.02833607926013386,0.1452520764592739,0.02716340223658367,-3.168
27176000000,1,3.216,MAIN,MAIN,TRACK_MAIN,False,"[1.0065714320354826,-0.13628130620778098,2.9790706365250994]","[0.7837563110511916,0.04280636428351165,0.003823834986306701]","[-0.023652416660727038,0.005898842578012913,-0.002626345119297463]","[-0.3690348052608172,-0.009582714487799987,0.01607302313562836]","[0.9690366202328541,-0.1704986003330961,2.954797707272058]","[0.7816740670851313,0.07290069038681751,0.018351351872779163]","[1.17116439,0.0265546646,3.03321004]","[0.783756316,0.0428063646,0.00382383494]","[-0.0236524176,0.00589884259,-0.00262634503]","[1.1594048738479614,0.02591346437111497,3.0331522822380066]","[0.7618410587310791,0.049082111567258835,0.014656650833785534]","[-0.02095810533501208,-0.015068192034959793,-0.031628061551600695]","[1.1710976362228394,0.02142157591879368,3.022282600402832]","[0.7845543026924133,0.05693225562572479,0.015567071735858917]",0.056292631923194204,0.23196194670139017,0.14551255773535843,0.026576962595680365,1.028153003965271,0.04436607870889469,16.0,16.0,NOT_RECORDED,NOT_RECORDED,12.0,16.0,12.0,12.0,0.7849337307376638,0.024517969865763226,0.007606983133729822,0.36950894168282644,0.14731351131484632,0.028656819675502945,0.14551255773535843,0.026576962595680365,-3.152
27192000000,1,3.232,MAIN,MAIN,TRACK_MAIN,False,"[1.0191082541738399,-0.13559565587624256,2.979131492668194]","[0.7833307859109921,0.04289951742158199,0.003783866540927272]","[-0.029528750936589798,0.005745191908835878,-0.0023699816798452567]","[-0.3654817294794013,-0.009623128740002013,0.015971351251416105]","[0.9815382682155469,-0.16933221035355536,2.954958203967611]","[0.7808509390560828,0.07336013008313283,0.017656605948215644]","[1.18370116,0.0272403155,3.03327084]","[0.783330798,0.0428995192,0.00378386653]","[-0.0295287501,0.00574519206,-0.00236998172]","[1.17534206310908,0.026783459819853306,3.0332302252451577]","[0.7666000525156657,0.049013661220669746,0.014367971258858839]","[-0.010501811746507883,-0.016496771325667698,-0.030983299637834232]","[1.1835651397705078,0.02241402305662632,3.022597312927246]","[0.7836437821388245,0.057378027588129044,0.015187203884124756]",0.055982201095604915,0.23216891132840345,0.1457763244957903,0.026066403328706318,1.0311612838564272,0.03932224554895754,16.0,16.0,NOT_RECORDED,NOT_RECORDED,16.0,12.0,20.0,20.0,0.7845137388197461,0.03017567190813335,0.007681907208342968,0.3659570784269612,0.14706470188792106,0.028505408932566374,0.1457763244957903,0.026066403328706318,-3.136
27208000000,1,3.248,MAIN,MAIN,TRACK_MAIN,False,"[1.0316375181905428,-0.1349085347888675,2.979191742060196]","[0.7828117006657318,0.042990207101610715,0.003747986626770672]","[-0.03534702758753738,0.005590918187250576,-0.0021152955534522178]","[-0.36177782744214637,-0.009660593839494629,0.015863365524583117]","[0.9940265335928724,-0.16815652291899746,2.955113387293704]","[0.7796933011845397,0.074416557780704,0.016910699326122193]","[1.19623041,0.0279274359,3.03333116]","[0.782811701,0.0429902077,0.00374798663]","[-0.0353470258,0.00559091801,-0.0021152955]","[1.1920527418454487,0.02769864071160555,3.0333109696706138]","[0.772379477818807,0.0489990059286356,0.014093609837194284]","[0.002586133312433958,-0.017706743131081264,-0.030364091818531353]","[1.2022219896316528,0.02392401359975338,3.0230541229248047]","[0.782221257686615,0.05798904597759247,0.014668184332549572]",0.05567568630352493,0.2371724030733307,0.1510209104578517,0.025646803056099603,1.03479858028462,0.03708259661765853,16.0,16.0,NOT_RECORDED,NOT_RECORDED,20.0,12.0,20.0,20.0,0.7840002321489256,0.03584892189075025,0.007768952186982754,0.36225428895716005,0.14680635930255828,0.02894389496157961,0.1510209104578517,0.025646803056099603,-3.12
27224000000,1,3.2640000000000002,MAIN,MAIN,TRACK_MAIN,False,"[1.0441577346580198,-0.1342199824387196,2.9792514498986042]","[0.7822000034849064,0.043078423732807736,0.003716167600348007]","[-0.04110484435511452,0.005436068703720008,-0.001862387442985794]","[-0.35792447856839127,-0.00969509688060418,0.01574910613127975]","[1.0037518765841824,-0.16752671035964284,2.954549982006476]","[0.7715417737433728,0.07394830726594727,0.014582752635135397]","[1.20875072,0.0286159888,3.03339076]","[0.782199979,0.0430784225,0.00371616753]","[-0.0411048457,0.00543606887,-0.00186238741]","[1.2056206464767456,0.028443850576877594,3.033375859260559]","[0.7734882533550262,0.04868619795888662,0.013826990034431219]","[0.003712075762450695,-0.019409374333918095,-0.029781112913042307]","[1.2146332263946533,0.024946169927716255,3.023345947265625]","[0.7811294794082642,0.05830748379230499,0.014323935844004154]",0.05789761659608578,0.23736065815554333,0.1512973636370382,0.02572205876487399,1.035301301305963,0.03840542521420808,16.0,16.0,NOT_RECORDED,NOT_RECORDED,16.0,16.0,12.0,12.0,0.7833941574614434,0.041504548659123446,0.00786729422391331,0.35840195536005853,0.1489701596434064,0.025845072166553504,0.1512973636370382,0.02572205876487399,-3.104
27240000000,1,3.2760000000000002,MAIN,MAIN,TRACK_MAIN,False,"[1.0535410722820828,-0.133702652750926,2.979295914347266]","[0.7816810459857746,0.04314295792600034,0.0036949507527825817]","[-0.045382097695345625,0.005319582309560238,-0.001673933391117946]","[-0.35493725341584526,-0.009719022874544694,0.015659319843338237]","[1.0154168562017603,-0.16648378211602027,2.954493233784587]","[0.7690005632868464,0.07441772833615476,0.013447038660877684]","[1.21813405,0.029133318,3.03343534]","[0.781681061,0.0431429595,0.00369495084]","[-0.0453820974,0.0053195823,-0.00167393335]","[1.2134423851966858,0.02887465339154005,3.033413052558899]","[0.7662294805049896,0.04784011282026768,0.013560471590608358]","[-0.01741768792271614,-0.02305854670703411,-0.029216458089649677]","[1.2331995964050293,0.026497241109609604,3.023770332336426]","[0.7793935537338257,0.058875586837530136,0.013756895437836647]",0.05606452762027395,0.24478391519549791,0.1566282728589402,0.025556950797412027,1.030375845953721,0.044379507344926516,16.0,16.0,NOT_RECORDED,NOT_RECORDED,12.0,20.0,12.0,12.0,0.7828794448272893,0.04572346006347267,0.007947961325069402,0.35541542955529637,0.14938994229103641,0.0259393884921681,0.1566282728589402,0.025556950797412027,-3.088
27256000000,1,3.2960000000000003,MAIN,MAIN,TRACK_MAIN,False,"[1.0691651452304385,-0.1328387426471568,2.9793694994032403]","[0.7807027569132947,0.04324740328007407,0.0036645936175003085]","[-0.052429602656149044,0.00512483261261008,-0.0013623047498239754]","[-0.3497752344446061,-0.00975516806845414,0.015501937530941451]","[1.0277189946612448,-0.16529793857624359,2.954601415870882]","[0.7681549607802982,0.07501981521004825,0.012813821204963344]","[1.23375809,0.0299972277,3.03350902]","[0.78070277,0.0432474017,0.00366459368]","[-0.0524296016,0.0051248325,-0.00136230479]","[1.222040057182312,0.029349295422434807,3.0334537625312805]","[0.7600658088922501,0.047053334303200245,0.013303557643666863]","[-0.03576279059052467,-0.026650328654795885,-0.028482351917773485]","[1.2331995964050293,0.026497241109609604,3.023770332336426]","[0.7793935537338257,0.058875586837530136,0.013756895437836647]",0.058179384314660736,0.23295212138344307,0.14689457050411348,0.026313096770532493,1.0258450273202717,0.056807325503363884,16.0,16.0,NOT_RECORDED,NOT_RECORDED,12.0,16.0,12.0,12.0,0.7819082822101769,0.05269708737890868,0.008094522007656335,0.35025446178747843,0.14921751118196522,0.026419681203193685,0.14689457050411348,0.026313096770532493,-3.072
27272000000,1,3.3080000000000003,MAIN,MAIN,TRACK_MAIN,False,"[1.0785297028758278,-0.13231940763077238,2.97941338089821]","[0.7800484943244563,0.043308198422623345,0.0036493597436956446]","[-0.05660774984727546,0.0050076522644358044,-0.0011768722997460151]","[-0.3465690944689168,-0.009774608582334206,0.015402896808411837]","[1.0400084367585805,-0.16410393395378706,2.9547045412858233]","[0.7672193397170637,0.07555768483757769,0.012284929794314076]","[1.2431227,0.030516563,3.03355289]","[0.78004849,0.0433081985,0.0036493598]","[-0.0566077493,0.0050076521,-0.00117687229]","[1.2379170457522075,0.030228309022883575,3.033528447151184]","[0.7643234133720398,0.04689683330555757,0.013084879765907923]","[-0.026483066380023956,-0.028075189950565498,-0.027316040359437466]","[1.2455499172210693,0.02754742093384266,3.0240392684936523]","[0.7782729864120483,0.059221018105745316,0.013293903321027756]",0.05571957296897431,0.23546682296858615,0.1471869461731204,0.026333614974302467,1.0284232266023985,0.051162666142488364,16.0,16.0,NOT_RECORDED,NOT_RECORDED,16.0,12.0,20.0,20.0,0.7812583256356399,0.05684099710933239,0.008189156745925262,0.3470488862451995,0.14903946112609792,0.02674085561231132,0.1471869461731204,0.026333614974302467,-3.056
27288000000,1,3.3280000000000003,MAIN,MAIN,TRACK_MAIN,False,"[1.0941188909388808,-0.1314522551746963,2.9794861531992063]","[0.7788473899860879,0.04340639455830372,0.003628891522742074]","[-0.06348427395665635,0.004811865828874332,-0.0008705254278285612]","[-0.3410461382862193,-0.009803250672061371,0.015230208783920812]","[1.0522879498700146,-0.1629010762874852,2.954804362827493]","[0.7665371561184766,0.07644257689992122,0.011753759681158986]","[1.25871181,0.0313837156,3.0336256]","[0.778847396,0.0434063934,0.00362889143]","[-0.0634842739,0.00481186574,-0.000870525429]","[1.2545528610547383,0.031152634260555107,3.033606171607971]","[0.7695569396018982,0.046795726443330445,0.012887032081683477]","[-0.014195926487445831,-0.02886276723196109,-0.02639691811054945]","[1.2640331983566284,0.029141010716557503,3.024416923522949]","[0.7764761447906494,0.05957586690783501,0.012779577635228634]",0.057862308595875656,0.23807528858904428,0.15244057388726434,0.025778098555816288,1.031245377151013,0.04799435772824876,16.0,16.0,NOT_RECORDED,NOT_RECORDED,20.0,12.0,20.0,20.0,0.7800644465878293,0.0636723244987913,0.008356942600974046,0.3415267653102523,0.148851121917691,0.027473737611208488,0.15244057388726434,0.025778098555816288,-3.04
27304000000,1,3.3440000000000003,MAIN,MAIN,TRACK_MAIN,False,"[1.106572091144849,-0.13075714363877586,2.979544114409041]","[0.7777881815199568,0.04348212873040949,0.0036169064621970407]","[-0.06890457634986813,0.004654853631955988,-0.0006279936805458908]","[-0.33646818171110926,-0.009822770160473608,0.015085257068073732]","[1.0645567055921907,-0.1616874799520478,2.9548977262168084]","[0.7659964575912808,0.07659051076506361,0.011147938809888673]","[1.27116501,0.0320788287,3.03368354]","[0.777788162,0.0434821285,0.00361690647]","[-0.0689045787,0.0046548536,-0.000627993664]","[1.258711814880371,0.03138371556997299,3.033625602722168]","[0.7570414841175079,0.04556713532656431,0.012660186737775803]","[-0.04876710940152407,-0.03300554724410176,-0.025926994625478983]","[1.2763210535049438,0.030210623517632484,3.024653434753418]","[0.7750994563102722,0.059796109795570374,0.012468112632632256]",0.05770115058222716,0.23824395704315407,0.1527281962369359,0.025473948893934843,1.0225358467613925,0.06962624382386493,16.0,16.0,NOT_RECORDED,NOT_RECORDED,16.0,16.0,12.0,12.0,0.7790110607965752,0.06906448204650888,0.008499337785944675,0.33694938655295903,0.1486528240368336,0.027862932106851392,0.1527281962369359,0.025473948893934843,-3.024
27320000000,1,3.3600000000000003,MAIN,MAIN,TRACK_MAIN,False,"[1.1190076533658535,-0.13006084046647204,2.9796019148019917]","[0.7766428401862246,0.0435553483379371,0.0036087830997028475]","[-0.07425050904581854,0.004497553329430824,-0.00038782914116437806]","[-0.3317502159301702,-0.009839262351054555,0.014934316763191013]","[1.0751287577872766,-0.16193196895481937,2.956191428073618]","[0.7614481508415788,0.07383527651398653,0.012656599515546966]","[1.28360057,0.0327751301,3.03374124]","[0.776642859,0.0435553491,0.00360878301]","[-0.0742505118,0.00449755322,-0.000387829146]","[1.2711561918258667,0.0320794228464365,3.0336834192276]","[0.7562040388584137,0.04506684094667435,0.012481928337365389]","[-0.05185568891465664,-0.034775713458657265,-0.02509859763085842]","[1.294712781906128,0.03183359652757645,3.02498722076416]","[0.7730141878128052,0.05999651551246643,0.011985369957983494]",0.059069257631832205,0.24319113249099758,0.1580478795319966,0.02474544250353961,1.0214355142437763,0.0733723745538786,16.0,16.0,NOT_RECORDED,NOT_RECORDED,12.0,20.0,12.0,12.0,0.7778715786663153,0.07438760979462232,0.008648166718998842,0.3322319230154001,0.14991854633544385,0.023397615670863046,0.1580478795319966,0.02474544250353961,-3.008
27336000000,1,3.3720000000000003,MAIN,MAIN,TRACK_MAIN,False,"[1.1283219261270117,-0.1295378552970687,2.9796451965682142]","[0.7757280347007554,0.04360861029169261,0.0036052016303202983]","[-0.0782098132511222,0.004379418208755308,-0.00020931662801100537]","[-0.32812092110893865,-0.00984963948965651,0.01481721443966072]","[1.0861985352379167,-0.1617286031048205,2.95710701844801]","[0.7581093230445798,0.07213152129840099,0.01352575129037122]","[1.29291487,0.0332981162,3.03378463]","[0.775728047,0.0436086096,0.00360520161]","[-0.07820981,0.00437941821,-0.000209316626]","[1.2851529518763225,0.03286229446530342,3.033748467763265]","[0.7575660347938538,0.04469667375087738,0.012318093484888474]","[-0.049106791615486145,-0.036174820736050606,-0.02416490577161312]","[1.294712781906128,0.03183359652757645,3.02498722076416]","[0.7730141878128052,0.05999651551246643,0.011985369957983494]",0.05760723719634388,0.2361833218266823,0.14837989465974277,0.025426736612260657,1.0219567534985596,0.07226214745419102,16.0,16.0,NOT_RECORDED,NOT_RECORDED,12.0,16.0,20.0,20.0,0.7769611909169366,0.0783326113829569,0.008763571091677465,0.32860295815954765,0.15073922692288963,0.020606690453614605,0.14837989465974277,0.025426736612260657,-2.992
27352000000,1,3.3880000000000003,MAIN,MAIN,TRACK_MAIN,False,"[1.1407233406682304,-0.12883956369295435,2.9797028630897633]","[0.774434888331045,0.04367741971994995,0.0036037423486904863]","[-0.0834202596843272,0.0042217305270809205,2.6476322750962344e-05]","[-0.3231622230173725,-0.00986081298516036,0.014655927346967718]","[1.0983261108926696,-0.16058797706987654,2.9572435032850577]","[0.757159724703436,0.07259968521904456,0.013034535448404537]","[1.30531633,0.0339964069,3.03384233]","[0.774434865,0.0436774194,0.00360374246]","[-0.0834202617,0.0042217304,2.64763221e-05]","[1.2913624842961628,0.03321095183491707,3.033777395884196]","[0.7479320168495178,0.0436127632856369,0.01213927644615372]","[-0.07594750821590424,-0.03995176590979099,-0.023423535749316216]","[1.3130512237548828,0.03347599878907204,3.0252952575683594]","[0.7708554267883301,0.06022310629487038,0.011495047248899937]",0.05753181456751436,0.24108485549133,0.15362577134306882,0.024734233508783256,1.0150484513927356,0.09414902644991541,16.0,16.0,NOT_RECORDED,NOT_RECORDED,16.0,12.0,20.0,20.0,0.7756739651532895,0.08352702218707153,0.00892192639857776,0.3236446418908521,0.15060295923404013,0.021124784538658556,0.15362577134306882,0.024734233508783256,-2.976
27368000000,1,3.4080000000000004,MAIN,MAIN,TRACK_MAIN,False,"[1.1561949256083577,-0.1279651841039034,2.9797749627042096]","[0.7727022730734674,0.04375988144323966,0.0036071892246595932]","[-0.08981997246944173,0.004024409545620666,0.00031751192071113876]","[-0.31677420438372383,-0.009870489631194128,0.014446123292020274]","[1.1104372018660082,-0.15943722037661745,2.957377344424819]","[0.7557417696492428,0.07352600132568136,0.012495225125495783]","[1.32078791,0.0348707885,3.03391433]","[0.772702277,0.0437598825,0.00360718928]","[-0.0898199752,0.00402440969,0.000317511935]","[1.302215963602066,0.0338218342512846,3.0338279008865356]","[0.7447896599769592,0.04294424317777157,0.011990838451310992]","[-0.08471842296421528,-0.042494975961744785,-0.022857786156237125]","[1.3252428770065308,0.03457353264093399,3.0254898071289062]","[0.7692773342132568,0.060350630432367325,0.01130218617618084]",0.059882482027897685,0.23892653957597884,0.15393080184283486,0.024504719647086812,1.0120438879098395,0.10306798522788267,16.0,16.0,NOT_RECORDED,NOT_RECORDED,20.0,12.0,12.0,12.0,0.7739487979517329,0.08991064531200935,0.009126140576647953,0.31725701506297543,0.1504545799454856,0.0219833598641556,0.15393080184283486,0.024504719647086812,-2.96
27384000000,1,3.4240000000000004,MAIN,MAIN,TRACK_MAIN,False,"[1.1685464496607916,-0.1272645176155347,2.9798327282057593]","[0.771224829428554,0.04382300835714831,0.003614111142390325]","[-0.09484645696258287,0.0038664432249467806,0.0005472629256055572]","[-0.31151441926668433,-0.009874790029309036,0.014271798089766002]","[1.1225315565426321,-0.15828314017872736,2.9575079293625643]","[0.7556295306818804,0.07337061322409974,0.012071511841989402]","[1.33313942,0.0355714522,3.03397202]","[0.771224856,0.0438230075,0.0036141111]","[-0.0948464572,0.00386644318,0.000547262898]","[1.3169200122356415,0.03465219307690859,3.033896327018738]","[0.7469727993011475,0.042610147036612034,0.01187623362056911]","[-0.07950479909777641,-0.04414939321577549,-0.022213979624211788]","[1.3374013900756836,0.0356820747256279,3.02567195892334]","[0.7677672505378723,0.060486190021038055,0.011109650135040283]",0.0598157335304229,0.23909165173818459,0.15423457003514934,0.024337558332040297,1.012688962457168,0.09995200313890534,16.0,16.0,NOT_RECORDED,NOT_RECORDED,16.0,16.0,12.0,12.0,0.7724773494335755,0.09492681011324758,0.009293760508508869,0.3119974825377564,0.15030165857000535,0.022447298278157835,0.15423457003514934,0.024337558332040297,-2.944
27400000000,1,3.4400000000000004,MAIN,MAIN,TRACK_MAIN,False,"[1.1808736948379688,-0.12656286131864536,2.9798906337461393]","[0.7696676408790128,0.04388360739021159,0.0036246865189709238]","[-0.0997877372147764,0.0037084326151589284,0.0007741790945252625]","[-0.30612401014329116,-0.009876024732496817,0.014091779508941055]","[1.1346268182624462,-0.15712316120826603,2.9576360805503414]","[0.7555577365605729,0.07359421259094333,0.01166059739245421]","[1.34546661,0.0362731107,3.03402996]","[0.769667625,0.0438836068,0.00362468651]","[-0.0997877344,0.00370843266,0.00077417912]","[1.3331272602081299,0.03557194955646992,3.033972144126892]","[0.7511420547962189,0.04240258224308491,0.011789284646511078]","[-0.06842992641031742,-0.04554186947643757,-0.021407831460237503]","[1.355576992034912,0.03735404089093208,3.025925636291504]","[0.765340268611908,0.06068743020296097,0.010808639228343964]",0.05973249250014407,0.24394510517905338,0.15950377756271208,0.023193633082804,1.0145770386949264,0.09258674105682163,16.0,16.0,NOT_RECORDED,NOT_RECORDED,12.0,20.0,12.0,12.0,0.7709261876251216,0.09985962309250344,0.009464514305762754,0.30660727926853815,0.15013653665878235,0.0232051561118457,0.15950377756271208,0.023193633082804,-2.928
27416000000,1,3.4560000000000004,MAIN,MAIN,TRACK_MAIN,False,"[1.193175396216383,-0.125860255662904,2.9799487374139577]","[0.768032087326,0.04394167822647217,0.0036388692710385695]","[-0.10464173951151112,0.0035504268156488147,0.000998169853264036]","[-0.3006050199269481,-0.009874187803423098,0.013906132880285832]","[1.1459869708606123,-0.1567143222513783,2.9569214721124837]","[0.7527803542175555,0.0721884418120728,0.009935249904642158]","[1.3577683,0.0369757153,3.03408813]","[0.768032074,0.0439416766,0.00363886938]","[-0.104641743,0.0035504268,0.000998169882]","[1.348542034626007,0.03644876182079315,3.0340445041656494]","[0.754178062081337,0.0421190457418561,0.011707761324942112]","[-0.05979393143206835,-0.04698901157826185,-0.020516077987849712]","[1.355576992034912,0.03735404089093208,3.025925636291504]","[0.765340268611908,0.06068743020296097,0.010808639228343964]",0.06090136172424727,0.2347915248776339,0.14992893730380172,0.023729986827877917,1.0156874440317885,0.0878481274581907,16.0,16.0,NOT_RECORDED,NOT_RECORDED,12.0,16.0,12.0,12.0,0.7692966915418674,0.10470671192251331,0.009637844098873175,0.30108845564342435,0.15126690284839006,0.02233587071778196,0.14992893730380172,0.023729986827877917,-2.912
27432000000,1,3.4720000000000004,MAIN,MAIN,TRACK_MAIN,False,"[1.205450311214981,-0.12515674109674593,2.98000709654894]","[0.7663195815862456,0.043997221336298076,0.0036566118744947723]","[-0.10940642326720607,0.0033924750161600584,0.0012191456896771813]","[-0.2949595468222599,-0.009869273885448789,0.013714925630757435]","[1.156947138631675,-0.1566973575396322,2.9557717875900047]","[0.7481765766102436,0.0698228130791669,0.00756713737919834]","[1.37004328,0.0376792289,3.03414655]","[0.766319573,0.0439972207,0.00365661178]","[-0.109406427,0.00339247496,0.00121914572]","[1.3618552684783936,0.03721036513646444,3.0341076453526816]","[0.7542428572972616,0.041637990002830826,0.011633463824788729]","[-0.05786542842785517,-0.04839777077237765,-0.019514500473936398]","[1.3676522970199585,0.038477133959531784,3.026082992553711]","[0.7634916305541992,0.06072334200143814,0.010534889064729214]",0.06272733404647683,0.2349649281438702,0.1502426206985994,0.02347733933147987,1.0148133123862508,0.08837028018668348,16.0,16.0,NOT_RECORDED,NOT_RECORDED,16.0,12.0,20.0,20.0,0.7675902731394102,0.1094657967361083,0.00981322381982104,0.2954431180678882,0.15306833282428944,0.02119464602988353,0.1502426206985994,0.02347733933147987,-2.896
27448000000,1,3.4880000000000004,MAIN,MAIN,TRACK_MAIN,False,"[1.2176972201175291,-0.12445235805478069,2.980065767719012]","[0.7645315688549199,0.044050237977754245,0.003677865381766912]","[-0.11407978190990153,0.0032346264874968528,0.0014370181872211119]","[-0.28918974432496736,-0.009861278202629067,0.013518227283527251]","[1.168913586329561,-0.15559669675001903,2.9558427199406005]","[0.7462508227212324,0.06984470838972251,0.0072268276896609845]","[1.38229012,0.0383836143,3.0342052]","[0.764531553,0.044050239,0.00367786549]","[-0.114079781,0.00323462649,0.00143701816]","[1.3782031536102295,0.03814896444479624,3.0341856877009072]","[0.7583899895350138,0.041431755448381104,0.011591273670395216]","[-0.04448702683051427,-0.04889111345012983,-0.018603470797340076]","[1.3856933116912842,0.04016364365816116,3.0263023376464844]","[0.7605116963386536,0.06069447472691536,0.01026611216366291]",0.06274208158801806,0.2397059348507475,0.15542114453474137,0.0228339583493963,1.0165568195683174,0.08259301293800787,16.0,16.0,NOT_RECORDED,NOT_RECORDED,20.0,12.0,20.0,20.0,0.7658083767728244,0.11413467689705314,0.00999015753170802,0.2896734290531645,0.1529776736525572,0.02138583253603727,0.15542114453474137,0.0228339583493963,-2.88
27464000000,1,3.504,MAIN,MAIN,TRACK_MAIN,False,"[1.2299149265862805,-0.12374714694517898,2.9801248066976727]","[0.7626695261543479,0.04410073019782496,0.0037025794396058076]","[-0.11865984376587768,0.0030769305722329887,0.0016517000584928554]","[-0.28329782122201586,-0.009850196559714676,0.01331610945798431]","[1.1808335859238965,-0.15448811364332588,2.955912439912546]","[0.7442195360545837,0.07010598898002843,0.006952983533004765]","[1.39450788,0.0390888229,3.03426433]","[0.762669504,0.0441007316,0.00370257953]","[-0.118659846,0.00307693053,0.0016517]","[1.3822901248931885,0.038383614271879196,3.034205198287964]","[0.7459455877542496,0.0401118528097868,0.011479159817099571]","[-0.07704820297658443,-0.05232096463441849,-0.018073946703225374]","[1.3976765871047974,0.04129105806350708,3.026437759399414]","[0.7586023211479187,0.060597337782382965,0.01004733331501484]",0.06277120151861894,0.23984677075243874,0.15573398682811726,0.02339818560307538,1.0074255707467237,0.1053117946646747,16.0,16.0,NOT_RECORDED,NOT_RECORDED,16.0,16.0,12.0,12.0,0.7639524786418234,0.11871122161519554,0.010168177600822231,0.2837816073189087,0.15288441505446387,0.021820002362370316,0.15573398682811726,0.02339818560307538,-2.864
27480000000,1,3.52,MAIN,MAIN,TRACK_MAIN,False,"[1.2421022581666938,-0.12304114813704106,2.9801842684416426]","[0.7607349617685428,0.044148700833488,0.003730702307420869]","[-0.12314467294435882,0.002919436675420717,0.0018631051787694475]","[-0.27728604159150994,-0.009836025342150986,0.0131086458697324]","[1.1927327179615057,-0.15337550393737828,2.9559814959326682]","[0.7429414384432568,0.0702485566309459,0.006664822408924734]","[1.40669525,0.0397948213,3.03432369]","[0.760734975,0.0441487022,0.00373070221]","[-0.123144671,0.00291943667,0.00186310522]","[1.3944926857948303,0.03908921778202057,3.0342644453048706]","[0.7444325983524323,0.039533063769340515,0.011432741302996874]","[-0.07967177405953407,-0.053576335310935974,-0.017239198088645935]","[1.4155763387680054,0.04297591745853424,3.0266342163085938]","[0.7555848360061646,0.06040927767753601,0.009790902957320213]",0.0627956912456126,0.2445659836655097,0.16094265957886736,0.023016300888886045,1.0053654285005533,0.10907559729342206,16.0,16.0,NOT_RECORDED,NOT_RECORDED,12.0,20.0,12.0,12.0,0.7620240862216744,0.12319336323837436,0.010346842787029763,0.2777699279125767,0.15277679751644918,0.022461037987058573,0.16094265957886736,0.023016300888886045,-2.848
27496000000,1,3.536,MAIN,MAIN,TRACK_MAIN,False,"[1.2542580667830212,-0.1223344019477495,2.9802442070688215]","[0.7587294146636134,0.04419415351263968,0.0037621808761504755]","[-0.12753237022213515,0.0027621942552994577,0.002071148619547075]","[-0.2711567248027187,-0.00981876151607844,0.012895912330591314]","[1.2046144826905312,-0.15226259246679968,2.956049688035009]","[0.7418464597079744,0.07049535996554232,0.006353150019274934]","[1.41885102,0.0405015685,3.03438354]","[0.758729398,0.0441941544,0.00376218092]","[-0.127532363,0.00276219426,0.00207114872]","[1.4097341895103455,0.03997150808572769,3.034338653087616]","[0.7470156103372574,0.039236048236489296,0.011411060579121113]","[-0.070805124938488,-0.053951894864439964,-0.016301545780152082]","[1.4155763387680054,0.04297591745853424,3.0266342163085938]","[0.7555848360061646,0.06040927767753601,0.009790902957320213]",0.06281366714792416,0.2355910005405449,0.15154781602929826,0.0246813535553551,1.0059119900677067,0.10501781282512769,16.0,16.0,NOT_RECORDED,NOT_RECORDED,12.0,16.0,12.0,12.0,0.7600247376799213,0.12757909244144985,0.010525736311216467,0.27164072234899767,0.15265112220826613,0.023287575015133576,0.15154781602929826,0.0246813535553551,-2.832
27512000000,1,3.552,MAIN,MAIN,TRACK_MAIN,False,"[1.2663812292244754,-0.1216269486303077,2.980304675836544]","[0.7566544538939879,0.04423709265487186,0.0037969606876709777]","[-0.13182107392822973,0.002605252814005053,0.002275746682080554]","[-0.2649122455161015,-0.009798402628332273,0.012677986748596937]","[1.2159609892033836,-0.1514285550118829,2.955834077485717]","[0.7392394356219846,0.069956763538555,0.005625767768886619]","[1.43097413,0.0412090234,3.03444409]","[0.756654441,0.0442370921,0.00379696069]","[-0.131821081,0.0026052529,0.00227574678]","[1.4223832488059998,0.040707982455690704,3.034401257832845]","[0.7460720737775167,0.03871867743631204,0.011380776297301054]","[-0.07092601185043652,-0.054660145193338394,-0.015484450695415338]","[1.4274556636810303,0.04408898949623108,3.026762008666992]","[0.7534498572349548,0.06019921600818634,0.009623093530535698]",0.06347555852731313,0.23572235650946832,0.15186863882180954,0.024497502373851104,1.0041088006512513,0.10740170235194142,16.0,16.0,NOT_RECORDED,NOT_RECORDED,16.0,12.0,20.0,20.0,0.7579560012788529,0.1318664547820168,0.010704463944075515,0.2653963787741795,0.15314802363689023,0.023398927582341952,0.15186863882180954,0.024497502373851104,-2.816
27528000000,1,3.564,MAIN,MAIN,TRACK_MAIN,False,"[1.2754515156003323,-0.12109591876097853,2.9803504068578692]","[0.7550536411270055,0.04426765060843143,0.003825178476777269]","[-0.13497153891705516,0.0024877740487958405,0.0024268845609919376]","[-0.2601547703508942,-0.009781101180059072,0.01251118333272333]","[1.2257329554367413,-0.15142801829859023,2.9547689867830456]","[0.7323001079110618,0.06663054783639112,0.0037074727655682484]","[1.4400444,0.0417400524,3.03448987]","[0.755053639,0.0442676507,0.00382517837]","[-0.134971544,0.00248777401,0.0024268846]","[1.4365121722221375,0.04153363841275374,3.0344721476236978]","[0.7470706502596537,0.038341288144389786,0.011369050946086645]","[-0.06566909576455753,-0.054824817925691605,-0.0146579813833038]","[1.445199966430664,0.04575385898351669,3.026948928833008]","[0.7501837611198425,0.05980341508984566,0.009416776709258556]",0.06361116678811035,0.24253825913235313,0.15696122826980516,0.023481770312244105,1.0039121066330399,0.10591721067842866,16.0,16.0,NOT_RECORDED,NOT_RECORDED,20.0,12.0,20.0,20.0,0.7563598732481239,0.1350162771891907,0.01083817536944416,0.2606390304329074,0.15553649727827648,0.021822829384407185,0.15696122826980516,0.023481770312244105,-2.8
27544000000,1,3.584,MAIN,MAIN,TRACK_MAIN,False,"[1.2905252499140234,-0.12021008122504968,2.980427412391909]","[0.7523027143584509,0.04431545196904119,0.003876199581478418]","[-0.140094247010647,0.0022924710401736187,0.0026742782274671306]","[-0.2520875745470361,-0.009748392758635371,0.012226881569270348]","[1.2374410230496073,-0.1503733259728716,2.9547967284651544]","[0.7307090488200605,0.06647554242597631,0.0034827764743668548]","[1.45511818,0.0426258892,3.03456688]","[0.752302706,0.0443154536,0.00387619948]","[-0.14009425,0.00229247101,0.00267427834]","[1.4400444030761719,0.0417400524020195,3.034489870071411]","[0.7340687066316605,0.03700741659849882,0.011274566873908043]","[-0.09867679327726364,-0.05760446283966303,-0.014431480783969164]","[1.4569791555404663,0.046855658292770386,3.027070999145508]","[0.7479536533355713,0.0594797283411026,0.009311007335782051]",0.06621697995275065,0.24040276247200942,0.1572647556400429,0.023539043894205407,0.9937990043461306,0.13091061317301453,16.0,16.0,NOT_RECORDED,NOT_RECORDED,16.0,16.0,12.0,12.0,0.7536167847371161,0.1401385215884202,0.011059946299138547,0.25257211452433354,0.1554976339353185,0.02224669385282251,0.1572647556400429,0.023539043894205407,-2.784
27560000000,1,3.6,MAIN,MAIN,TRACK_MAIN,False,"[1.3025439903050597,-0.11950074720725261,2.980489782200195]","[0.7500292186010928,0.04435088494354781,0.003920543184387171]","[-0.14407518876814418,0.0021367298477690394,0.002868050763479929]","[-0.2455124086413587,-0.009718739773829942,0.011993868269088798]","[1.2491285428279462,-0.1493224895596,2.954823809711098]","[0.7296530366116427,0.06589239207518105,0.003304803395433134]","[1.46713698,0.0433352254,3.03462911]","[0.750029206,0.0443508849,0.00392054301]","[-0.144075185,0.00213672989,0.00286805071]","[1.4535906910896301,0.042537638917565346,3.034559488296509]","[0.7342619895935059,0.036602163687348366,0.011270273942500353]","[-0.09524400532245636,-0.058076849207282066,-0.013922563754022121]","[1.4745748043060303,0.048495758324861526,3.0272531509399414]","[0.7444995045661926,0.0590486042201519,0.009260725229978561]",0.0663422074543887,0.24495762795374978,0.16236640677541034,0.022680791569201508,0.9925654920090698,0.13038759238124226,16.0,16.0,NOT_RECORDED,NOT_RECORDED,12.0,20.0,12.0,12.0,0.7513495860180549,0.14411957309193163,0.01123600899188662,0.24599725521990928,0.15544652669042094,0.022512338597211037,0.16236640677541034,0.022680791569201508,-2.768
27576000000,1,3.616,MAIN,MAIN,TRACK_MAIN,False,"[1.3145258497101544,-0.11879086617596402,2.980552886149106]","[0.7476928739095476,0.04438382998678633,0.0039679571139021735]","[-0.1479500834856422,0.001981487895873664,0.0030580560946465996]","[-0.23883213179138263,-0.009685987721641809,0.011755995520355889]","[1.2608037391124143,-0.14827566530810746,2.95485098091292]","[0.7289294997667879,0.06554041144172401,0.0031228294533219353]","[1.47911882,0.0440451056,3.03469229]","[0.747692883,0.0443838313,0.00396795711]","[-0.147950083,0.00198148796,0.00305805611]","[1.470132440328598,0.04351269546896219,3.034644901752472]","[0.7384029179811478,0.03647827263921499,0.011295060394331813]","[-0.0807928778231144,-0.057828559540212154,-0.01337983994744718]","[1.4745748043060303,0.048495758324861526,3.0272531509399414]","[0.7444995045661926,0.0590486042201519,0.009260725229978561]",0.06645303965740425,0.23618085725910787,0.15315956066096054,0.024394453152459212,0.9938418703516672,0.12280074885900102,16.0,16.0,NOT_RECORDED,NOT_RECORDED,12.0,16.0,12.0,12.0,0.7490195609882778,0.1479949499299486,0.011410518456526476,0.23931738124263935,0.15538031788699908,0.02301690844631308,0.15315956066096054,0.024394453152459212,-2.752
27592000000,1,3.632,MAIN,MAIN,TRACK_MAIN,False,"[1.3264698361916891,-0.1180804778720658,2.980616772878366]","[0.745295390378133,0.044414295483272595,0.004018380476485603]","[-0.1517172705232257,0.001826794766737437,0.003244217174108388]","[-0.2320493951134237,-0.009650137052380936,0.011513351712186426]","[1.2724655008065138,-0.14723221938103956,2.9548783146403013]","[0.7279271083973665,0.06557674550835692,0.00290264493390315]","[1.49106276,0.0447554924,3.03475618]","[0.745295405,0.0444142967,0.00401838031]","[-0.151717275,0.00182679482,0.00324421725]","[1.4830936789512634,0.044281979401906334,3.034713705380758]","[0.7377898196379343,0.03604790816704432,0.011300375685095787]","[-0.07899284611145656,-0.05818200049300989,-0.013210955231140057]","[1.4862512350082397,0.04957910254597664,3.027369499206543]","[0.7421218752861023,0.058720912784338,0.009289746172726154]",0.06654893316855752,0.2362745177391016,0.15347311233043098,0.023936137776314193,0.9919860245032983,0.12401611572212344,16.0,16.0,NOT_RECORDED,NOT_RECORDED,16.0,12.0,20.0,20.0,0.7466284189232438,0.15176294771521212,0.011583167073286132,0.23253516763122964,0.15530038572178742,0.023795333742022938,0.15347311233043098,0.023936137776314193,-2.736
27608000000,1,3.648,MAIN,MAIN,TRACK_MAIN,False,"[1.3383749853842921,-0.11736962189594158,2.980681490043597]","[0.7428385043296979,0.0444422906107559,0.004071751157252848]","[-0.15537513210119513,0.0016727000307597412,0.003426458386001918]","[-0.22516690501496495,-0.009611188797052403,0.011266027329911305]","[1.2841033813765923,-0.14619072785435563,2.9549052056405567]","[0.7256257742461399,0.06565636958286455,0.0026265544843617106]","[1.50296795,0.0454663485,3.0348208]","[0.742838502,0.0444422923,0.00407175114]","[-0.155375138,0.00167270005,0.00342645845]","[1.4989930987358093,0.045229474703470864,3.0347993771235147]","[0.7409720321496328,0.03590820481379827,0.011338895186781883]","[-0.06672508766253789,-0.057289969796935715,-0.013020630770673355]","[1.5036818981170654,0.05117902532219887,3.0275440216064453]","[0.7385303378105164,0.05809325352311134,0.009411385282874107]",0.06663692660875893,0.24068884216096278,0.1584427998295596,0.022668809161020025,0.9925430052358412,0.11996251318364884,16.0,16.0,NOT_RECORDED,NOT_RECORDED,20.0,12.0,20.0,20.0,0.7441778953093139,0.15542191035348826,0.011753659997096485,0.22565334793862277,0.15520641025765303,0.024457299729358662,0.1584427998295596,0.022668809161020025,-2.72
27624000000,1,3.664,MAIN,MAIN,TRACK_MAIN,False,"[1.3502403609089824,-0.1166583376947867,2.980747084296968]","[0.7403239776227961,0.04446782533995522,0.0041280058431373]","[-0.15892209418469339,0.0015192532371983078,0.0036047055789991123]","[-0.21818742319466988,-0.009569144567356067,0.011014114955077203]","[1.295068559816617,-0.14648511910164705,2.9533708871538953]","[0.7218055272963877,0.06316825404438989,-0.00022848402411854195]","[1.51483333,0.0461776331,3.0348866]","[0.740323961,0.0444678254,0.00412800582]","[-0.158922091,0.00151925324,0.00360470568]","[1.5029679536819458,0.045466348528862,3.034820795059204]","[0.7287575304508209,0.03468827344477177,0.011262694373726845]","[-0.09683390520513058,-0.05902767926454544,-0.013496111147105694]","[1.5152463912963867,0.05223236232995987,3.027658462524414]","[0.7360886931419373,0.05755846947431564,0.009499751031398773]",0.06843259965019999,0.24073166810009944,0.1587292304526607,0.02281820507135087,0.9830620637501466,0.1405349700677141,16.0,16.0,NOT_RECORDED,NOT_RECORDED,16.0,16.0,12.0,12.0,0.741669751146657,0.15897023008336675,0.011921713887703675,0.21867471480791872,0.15705340857542746,0.02511443195900932,0.1587292304526607,0.02281820507135087,-2.704
27640000000,1,3.68,MAIN,MAIN,TRACK_MAIN,False,"[1.3620650547760886,-0.11594666454992383,2.980813601268209]","[0.7377535969446756,0.04449091043414653,0.004187080046590533]","[-0.16235662736835454,0.0013665039048781497,0.0037788860998461127]","[-0.21111376664238168,-0.0095240065556869,0.010757709265447085]","[1.306448799432612,-0.14582601775082962,2.9529670568574375]","[0.7195078711189582,0.06201951933698764,-0.0009703027231336456]","[1.52665794,0.0468893051,3.03495312]","[0.73775357,0.0444909111,0.00418708008]","[-0.16235663,0.00136650389,0.00377888605]","[1.51481294631958,0.04617782682180405,3.034886956214905]","[0.7266973257064819,0.034215109422802925,0.01127398619428277]","[-0.09872835502028465,-0.05887330323457718,-0.013104097917675972]","[1.5325111150741577,0.05379194766283035,3.0278263092041016]","[0.732371985912323,0.05679170414805412,0.009418792091310024]",0.06900270749583919,0.2450984509426983,0.16369440381071873,0.022221761153256657,0.9801076680817261,0.14427313933117303,16.0,16.0,NOT_RECORDED,NOT_RECORDED,12.0,20.0,12.0,12.0,0.7391057722379,0.16240634766998607,0.012087055743008933,0.2116021206780467,0.1574954185340657,0.025489420848742457,0.16369440381071873,0.022221761153256657,-2.688
27656000000,1,3.696,MAIN,MAIN,TRACK_MAIN,False,"[1.373848187776781,-0.11523464156412662,2.980881085546017]","[0.7351291730901424,0.04451155744860181,0.004248908129820608]","[-0.16567724776101223,0.0012145015129002776,0.003948928826903092]","[-0.20394880763907874,-0.009475777535134552,0.010496907034998865]","[1.3179554391070516,-0.14485128051708177,2.9529402205316244]","[0.7181337147838334,0.06149185147516859,-0.001006905756184684]","[1.53844118,0.047601331,3.03502059]","[0.735129178,0.0445115566,0.00424890826]","[-0.165677249,0.00121450156,0.00394892879]","[1.529603749513626,0.047067311592400074,3.034969985485077]","[0.7284405529499054,0.034023694694042206,0.011319271987304091]","[-0.08995817229151726,-0.057962989434599876,-0.012403071392327547]","[1.5325111150741577,0.05379194766283035,3.0278263092041016]","[0.732371985912323,0.05679170414805412,0.009418792091310024]",0.06915082497324053,0.23653280192941248,0.1547170120822552,0.02457422937262179,0.9795662973768574,0.14137287725010175,16.0,16.0,NOT_RECORDED,NOT_RECORDED,12.0,16.0,20.0,12.0,0.7364877684625809,0.1657287527210309,0.012249421831749558,0.2044384786545789,0.1574517541193192,0.02586700612173116,0.1547170120822552,0.02457422937262179,-2.672
27672000000,1,3.708,MAIN,MAIN,TRACK_MAIN,False,"[1.382657750744799,-0.11470041815694565,2.980932359775325]","[0.7331264918731435,0.04452545011711543,0.004297046305176369]","[-0.1680920912754722,0.0011010196359075575,0.004073703542655377]","[-0.19851693019196404,-0.009437579290819287,0.010298479530039817]","[1.3294416756230965,-0.14388156461213883,2.9529141537116117]","[0.7168305221150877,0.06104930064629365,-0.0010614397099185852]","[1.54725075,0.0481355526,3.03507185]","[0.733126521,0.044525452,0.00429704646]","[-0.168092087,0.00110101968,0.00407370366]","[1.5399094422658284,0.04769036794702212,3.035029133160909]","[0.7244371275107065,0.033440375700592995,0.01132655826707681]","[-0.09655481576919556,-0.05811016261577606,-0.011928590014576912]","[1.5496726036071777,0.0553278811275959,3.0279855728149414]","[0.728507399559021,0.05598748102784157,0.009344436228275299]",0.06684691339790351,0.2429353586689002,0.15958958179286775,0.023303327238034296,0.9757482499295731,0.1472901424463357,16.0,16.0,NOT_RECORDED,NOT_RECORDED,16.0,12.0,20.0,20.0,0.7344899137505585,0.1681450518277412,0.01236908960598167,0.19900778416017367,0.15739789803863147,0.026341614821072327,0.15958958179286775,0.023303327238034296,-2.656
27688000000,1,3.708,MAIN,MAIN,TRACK_MAIN,False,"[1.382657750744799,-0.11470041815694565,2.980932359775325]","[0.7331264918731435,0.04452545011711543,0.004297046305176369]","[-0.1680920912754722,0.0011010196359075575,0.004073703542655377]","[-0.19851693019196404,-0.009437579290819287,0.010298479530039817]","[1.3409025636645933,-0.14292032774429297,2.952889901687272]","[0.7144923116908888,0.060338281210573844,-0.0011721936141281207]","[1.54725075,0.0481355526,3.03507185]","[0.733126521,0.044525452,0.00429704646]","[-0.168092087,0.00110101968,0.00407370366]","[1.545782486597697,0.048046515633662544,3.03506330649058]","[0.7148224612077078,0.03246613033115864,0.011291098470489183]","[-0.118213951587677,-0.05992724001407623,-0.011646578088402748]","[1.5610558986663818,0.05633747577667236,3.0280866622924805]","[0.7258265614509583,0.05547666922211647,0.009280169382691383]",0.057673550270823846,0.25160164663407497,0.15986733747520293,0.02315496028398711,0.9697762708845138,0.16122358957475905,16.0,16.0,NOT_RECORDED,NOT_RECORDED,20.0,12.0,12.0,20.0,0.7344899137505585,0.1681450518277412,0.01236908960598167,0.19900778416017367,0.15733464510774384,0.026490956635108778,0.15986733747520293,0.02315496028398711,-2.64
27704000000,1,3.74,MAIN,MAIN,TRACK_MAIN,False,"[1.4060306711257216,-0.11327509142730736,2.981072006505357]","[0.7276484020109732,0.04455586901047736,0.004432586076174222]","[-0.1742100245947249,0.0008007496831795094,0.0043946486917208205]","[-0.18379849048707086,-0.00932723916868447,0.009757845907338247]","[1.352324525671392,-0.14196640761673188,2.9528660767066226]","[0.7124179339729219,0.06012732838270493,-0.0012030476308188195]","[1.57062364,0.0495608784,3.03521132]","[0.727648377,0.044555869,0.00443258602]","[-0.174210027,0.000800749694,0.0043946486]","[1.547250747680664,0.04813555255532265,3.035071849822998]","[0.6996754854917526,0.0311076445505023,0.0112092774361372]","[-0.15596381574869156,-0.06143003236502409,-0.011620605364441872]","[1.5723832845687866,0.057328518480062485,3.028183937072754]","[0.7232117056846619,0.05473273992538452,0.009221323765814304]",0.06710526179111632,0.24289569307534273,0.16012943798553966,0.023068900686261024,0.9563448157418524,0.1932528656248357,16.0,16.0,NOT_RECORDED,NOT_RECORDED,16.0,16.0,12.0,12.0,0.7290247391081625,0.17426728553137394,0.012678525465173585,0.18429351060899318,0.15727016244645314,0.027018903106092104,0.16012943798553966,0.023068900686261024,-2.624
27720000000,1,3.7600000000000002,MAIN,MAIN,TRACK_MAIN,False,"[1.4205485552051862,-0.11238382630888952,2.98116155005233]","[0.7241280639948533,0.04457002349043375,0.00452240764851064]","[-0.17779256613450478,0.0006149490197962654,0.004586354849129587]","[-0.1744353279271058,-0.009252027150215225,0.009411741552155295]","[1.363817400948093,-0.14212950549068104,2.9512581132829476]","[0.7126634147486818,0.057114578198543445,-0.0039863002337684516]","[1.58514154,0.050452143,3.03530097]","[0.724128067,0.0445700251,0.00452240743]","[-0.177792564,0.000614949036,0.00458635483]","[1.5661961436271667,0.049293847754597664,3.0351864099502563]","[0.7066683173179626,0.03140115179121494,0.011341627687215805]","[-0.13193429261446,-0.05871599726378918,-0.010812034364789724]","[1.5892876386642456,0.058787960559129715,3.028325080871582]","[0.7192783951759338,0.05378922075033188,0.00929253175854683]",0.07069260798661076,0.24494296794464737,0.1649271739340281,0.021890293247151634,0.9583821749164815,0.17828990380072124,16.0,16.0,NOT_RECORDED,NOT_RECORDED,12.0,20.0,12.0,12.0,0.7255125031519523,0.177852774467511,0.012864126382606074,0.1749338861240721,0.15858119518417083,0.02882530618732636,0.1649271739340281,0.021890293247151634,-2.608
27736000000,1,3.7760000000000002,MAIN,MAIN,TRACK_MAIN,False,"[1.4321117289886793,-0.11167063352491736,2.9812345020054045]","[0.7212613776806598,0.04457868109712018,0.004596982069450001]","[-0.18052301912626145,0.00046742147533267164,0.004734697736887616]","[-0.16685887607496674,-0.009188405005918429,0.00913048159485158]","[1.3752788468982373,-0.14196340784592204,2.9501445800832435]","[0.7123033202679349,0.05490701437494954,-0.005786417554549757]","[1.59670472,0.0511653386,3.03537393]","[0.721261382,0.0445786826,0.00459698215]","[-0.180523023,0.000467421487,0.00473469775]","[1.5880323350429535,0.05063044186681509,3.035319209098816]","[0.7173241227865219,0.031978148967027664,0.011512052733451128]","[-0.09727478586137295,-0.05541970767080784,-0.010008615907281637]","[1.5892876386642456,0.058787960559129715,3.028325080871582]","[0.7192783951759338,0.05378922075033188,0.00929253175854683]",0.07151371831960264,0.23659653737407776,0.15615936210643483,0.02343418942500247,0.9633054031313427,0.15884644108395943,16.0,16.0,NOT_RECORDED,NOT_RECORDED,12.0,16.0,12.0,12.0,0.7226523133473725,0.18058570342071892,0.013007918951286147,0.16736091839407377,0.1594670436942408,0.030074701645242185,0.15615936210643483,0.02343418942500247,-2.592
27752000000,1,3.7920000000000003,MAIN,MAIN,TRACK_MAIN,False,"[1.443628691477958,-0.11095732105880829,2.9813086659444457]","[0.7183519770496081,0.04458498653745216,0.004673893813208763]","[-0.18313166131827607,0.000320936391313989,0.0048785101431181865]","[-0.15920951657249116,-0.009121720685871512,0.008845449761134161]","[1.3866714799960171,-0.14109810350024185,2.950055486351411]","[0.71020035345973,0.05449517563473689,-0.00570920491835949]","[1.60822165,0.0518786497,3.03544807]","[0.71835196,0.0445849858,0.00467389403]","[-0.183131665,0.000320936379,0.00487851026]","[1.5986242095629375,0.051284223794937134,3.0353862841924033]","[0.7137824992338816,0.03154190660764774,0.011555291712284088]","[-0.10108084852496783,-0.05463297603031,-0.0101347331268092]","[1.600499153137207,0.059741996228694916,3.0284175872802734]","[0.716500997543335,0.053107064217329025,0.009436487220227718]",0.07161949413850137,0.23657102344334321,0.15641477437096085,0.02265253105600209,0.9590603580184092,0.16377381348981865,16.0,16.0,NOT_RECORDED,NOT_RECORDED,16.0,12.0,20.0,20.0,0.7197494211453057,0.1831969111054429,0.013147299586588534,0.1597157410432489,0.15943827713757952,0.030115541341137236,0.15641477437096085,0.02265253105600209,-2.576
27768000000,1,3.8080000000000003,MAIN,MAIN,TRACK_MAIN,False,"[1.4550987748849609,-0.1102439264096996,2.9813840786841634]","[0.7154018202681987,0.04458895688246955,0.00475306991401514]","[-0.18561735218897812,0.00017554270862299437,0.00501773260658353]","[-0.15149050873890246,-0.009051981028028872,0.008556757498493106]","[1.398022875786277,-0.140239783609433,2.949972281908256]","[0.7070053539323984,0.054253155706672704,-0.005701806844018421]","[1.61969173,0.0525920428,3.03552341]","[0.715401828,0.044588957,0.00475306995]","[-0.185617357,0.000175542707,0.00501773274]","[1.6063021620114644,0.051759764552116394,3.0354357163111367]","[0.7066335578759512,0.03085475570211808,0.011563174426555634]","[-0.1145245817800363,-0.05427901136378447,-0.01039925046886007]","[1.6172254085540771,0.06114666163921356,3.0285568237304688]","[0.7121447324752808,0.051983170211315155,0.009628815576434135]",0.07172245592393536,0.24059311480554843,0.16107777506177262,0.0212358660999866,0.9524568006686903,0.17445583699873923,16.0,16.0,NOT_RECORDED,NOT_RECORDED,20.0,12.0,20.0,20.0,0.7168057834535978,0.18568524413480159,0.013282046893405055,0.15200174570507832,0.1593963255946783,0.030305137242439825,0.16107777506177262,0.0212358660999866,-2.56
27784000000,1,3.8240000000000003,MAIN,MAIN,TRACK_MAIN,False,"[1.466521342896026,-0.10953048679733263,2.981460775864279]","[0.7124128833317367,0.04459060998536675,0.004834436469071751]","[-0.1879790038082474,3.12892540891771e-05,0.005152307465976003]","[-0.14370516718459214,-0.008979193451040007,0.008264518350633188]","[1.4093053631845542,-0.13939010258370635,2.949893614962681]","[0.704061942415342,0.05380591637032509,-0.005497335556480944]","[1.63111424,0.0533054844,3.03560019]","[0.712412894,0.044590611,0.00483443635]","[-0.187978998,3.12892553e-05,0.00515230745]","[1.6253910958766937,0.052948775701224804,3.0355621576309204]","[0.7136708348989487,0.03126236563548446,0.011735976673662663]","[-0.08830264955759048,-0.05058460310101509,-0.00939673325046897]","[1.6283146142959595,0.06206222623586655,3.028641700744629]","[0.709270715713501,0.05115325376391411,0.009593184106051922]",0.07184532438955764,0.2405143686122549,0.1613191929471197,0.02179800532746905,0.9549392408525281,0.16339559737619969,16.0,16.0,NOT_RECORDED,NOT_RECORDED,16.0,16.0,12.0,12.0,0.7138233749408037,0.18804960282856878,0.01341194320115406,0.14422240898747576,0.15935779496822647,0.030652927612860592,0.1613191929471197,0.02179800532746905,-2.544
27800000000,1,3.8400000000000003,MAIN,MAIN,TRACK_MAIN,False,"[1.4778957909504227,-0.10881703914955246,2.9815387919347627]","[0.7093871592157606,0.04458996447959269,0.004917918667624588]","[-0.19021558172202546,-0.00011177526880155192,0.0052821788934564184]","[-0.13585686181111,-0.008903365954249037,0.007968847957475766]","[1.420556527540355,-0.13854424764743561,2.949820399574534]","[0.70200378261617,0.05328343514393796,-0.0052496769781648035]","[1.64248872,0.0540189333,3.03567815]","[0.709387183,0.0445899628,0.0049179187]","[-0.190215588,-0.000111775269,0.00528217899]","[1.6368014812469482,0.05366220884025097,3.03563916683197]","[0.7112289667129517,0.030985980294644833,0.011813561897724867]","[-0.08874824643135071,-0.04966873116791248,-0.009182720445096493]","[1.6448497772216797,0.06340126693248749,3.028761863708496]","[0.7048801183700562,0.05012403801083565,0.009785155765712261]",0.07195522543501032,0.2444643061663143,0.16595557157877325,0.021319602933648384,0.951270551053777,0.16620786818085856,16.0,16.0,NOT_RECORDED,NOT_RECORDED,12.0,20.0,12.0,12.0,0.7108041871827427,0.19028894197357277,0.013536774174242153,0.13638130137320031,0.1593018764106503,0.03133880817613567,0.16595557157877325,0.021319602933648384,-2.528
27816000000,1,3.8560000000000003,MAIN,MAIN,TRACK_MAIN,False,"[1.4892215465050964,-0.10810362008984095,2.9816181601415503]","[0.706326657013383,0.04458703977680364,0.005003440820563226]","[-0.19232610583702314,-0.0002536022891981293,0.005407292928193502]","[-0.12794901781119972,-0.008824507117695418,0.007669864055158293]","[1.430828608531502,-0.13887226047520468,2.9494919040156304]","[0.6978601299552886,0.04991128121639693,-0.005485394822786889]","[1.65381444,0.0547323525,3.03575754]","[0.706326663,0.0445870385,0.00500344066]","[-0.192326099,-0.00025360228,0.00540729286]","[1.6453201472759247,0.05419728811830282,3.0356979966163635]","[0.705216184258461,0.030455679167062044,0.011857073986902833]","[-0.09910430759191513,-0.04952383227646351,-0.009123006835579872]","[1.6448497772216797,0.06340126693248749,3.028761863708496]","[0.7048801183700562,0.05012403801083565,0.009785155765712261]",0.07340668068384566,0.23634001196268856,0.157488175224537,0.023973156260392214,0.9452601346682729,0.17371746545109118,16.0,16.0,NOT_RECORDED,NOT_RECORDED,12.0,16.0,12.0,12.0,0.7077502277949506,0.19240227160136703,0.013656328476813287,0.12848209952886655,0.1606319780120509,0.030030596054672256,0.157488175224537,0.023973156260392214,-2.512
27832000000,1,3.8680000000000003,MAIN,MAIN,TRACK_MAIN,False,"[1.497683582489337,-0.1075685964089777,2.9816785929491503]","[0.704009674457728,0.044583362641703095,0.005068875144379592]","[-0.19382571766200307,-0.00035913130486102396,0.005497975025343743]","[-0.12198115423745115,-0.008763379162482363,0.007443523645870753]","[1.4405723284177214,-0.1398180283391655,2.9490324724133266]","[0.6923925986719578,0.045262525222682946,-0.006051609343385849]","[1.66227651,0.055267375,3.0358181]","[0.704009652,0.0445833616,0.00506887492]","[-0.193825722,-0.000359131314,0.00549797481]","[1.6575649976730347,0.05497012039025625,3.035784681638082]","[0.7038285930951437,0.030308269585172336,0.011965612880885601]","[-0.09613202263911565,-0.047505742559830345,-0.00824850999439756]","[1.6558135747909546,0.06427482515573502,3.0288352966308594]","[0.7019050121307373,0.04931731894612312,0.009731508791446686]",0.07326315845970596,0.2382414966006168,0.15776205871911642,0.024102799549050574,0.9427449446086402,0.17489867715634497,16.0,16.0,NOT_RECORDED,NOT_RECORDED,16.0,12.0,20.0,20.0,0.7054381556520366,0.1939040111288675,0.013742405795469663,0.12252185457179839,0.16268262883944032,0.02832250568109976,0.15776205871911642,0.024102799549050574,-2.496
27848000000,1,3.8880000000000003,MAIN,MAIN,TRACK_MAIN,False,"[1.5117248515228727,-0.10667701263216484,2.9817810798451863]","[0.7001094300343569,0.044574434304512564,0.005180298022774726]","[-0.19616534940931363,-0.0005333502580287391,0.005643042512396834]","[-0.11196869115887331,-0.008657732648931951,0.007062437148670109]","[1.4516368920406446,-0.13909928410903816,2.9489515247505156]","[0.6900951618242915,0.04525773924387233,-0.006115997332322088]","[1.67631781,0.0561589599,3.03592038]","[0.700109422,0.0445744358,0.00518029789]","[-0.196165353,-0.000533350278,0.00564304274]","[1.6725672483444214,0.0559211919705073,3.0358932415644326]","[0.7058311502138773,0.030448030059536297,0.012125319801270962]","[-0.08364877353111903,-0.04460537557800611,-0.007173518495013316]","[1.67216956615448,0.06555327028036118,3.028935432434082]","[0.6974714398384094,0.048049166798591614,0.009666617028415203]",0.0757597930974734,0.2400610542620867,0.1622919632700162,0.023067128883643182,0.9412790868598679,0.17286104711688213,16.0,16.0,NOT_RECORDED,NOT_RECORDED,20.0,12.0,20.0,20.0,0.7015460994861308,0.1962472234202883,0.013878775069951865,0.1125247623989069,0.16270425994999507,0.0290504922657087,0.1622919632700162,0.023067128883643182,-2.48
27864000000,1,3.9040000000000004,MAIN,MAIN,TRACK_MAIN,False,"[1.5229014181754708,-0.10596389584762378,2.9818646916918317]","[0.696956796069296,0.044564796228846494,0.0052714775760058785]","[-0.19789238844570622,-0.0006711748115564159,0.005753579777098866]","[-0.10390333534780538,-0.00856983708027545,0.0067542400978531925]","[1.4626555807021029,-0.13838884173482613,2.948870976873322]","[0.6875770833784941,0.04460997069657394,-0.0061718326253695785]","[1.6874944,0.0568720736,3.03600407]","[0.696956813,0.0445647947,0.00527147762]","[-0.197892383,-0.000671174785,0.00575357955]","[1.676317811012268,0.05615895986557007,3.0359203815460205]","[0.6941355168819427,0.029549645259976387,0.012118754908442497]","[-0.1099625676870346,-0.0451351972296834,-0.006901498883962631]","[1.6830106973648071,0.06638289242982864,3.0289974212646484]","[0.694454550743103,0.047270528972148895,0.009631785564124584]",0.07595737795751373,0.23991642484220657,0.16253364230600698,0.02336424794526686,0.9314917317223271,0.18783153553955362,16.0,16.0,NOT_RECORDED,NOT_RECORDED,16.0,16.0,12.0,12.0,0.6984000179882094,0.19797714908702316,0.013981257371149716,0.10447470968268069,0.16272401026884153,0.029516896832139483,0.16253364230600698,0.02336424794526686,-2.464
27880000000,1,3.9200000000000004,MAIN,MAIN,TRACK_MAIN,False,"[1.5340273271374958,-0.10525095085332173,2.9819497763492153]","[0.693777563816524,0.04455296433870114,0.005364386154505657]","[-0.1994900146109071,-0.0008075690913600109,0.00585916314660892]","[-0.09579269459296214,-0.008478950298962798,0.006443221444583036]","[1.473641869969307,-0.1376859595742802,2.9487902999748856]","[0.6854253074316404,0.04430458307367142,-0.006199533086454855]","[1.69862032,0.0575850196,3.03608918]","[0.693777561,0.0445529632,0.00536438636]","[-0.199490011,-0.000807569071,0.00585916312]","[1.6874690651893616,0.056871989741921425,3.0360047817230225]","[0.6914950311183929,0.029391060583293438,0.012241555377840996]","[-0.11029515787959099,-0.043272318318486214,-0.006393704796209931]","[1.6991920471191406,0.06759127229452133,3.029073715209961]","[0.689956545829773,0.04599708691239357,0.009759113192558289]",0.07614449488675819,0.2436688007173984,0.16703279791530037,0.022317337983907715,0.9274984811981629,0.19076631376725547,16.0,16.0,NOT_RECORDED,NOT_RECORDED,12.0,20.0,12.0,12.0,0.6952273378725633,0.19957767382669794,0.014077642687968754,0.09638282024373811,0.1627349717803874,0.030226626559564405,0.16703279791530037,0.022317337983907715,-2.448
27896000000,1,3.9360000000000004,MAIN,MAIN,TRACK_MAIN,False,"[1.5451021694314768,-0.10453821256517541,2.9820363608457376]","[0.690573809521104,0.0445389619008473,0.005458944140234373]","[-0.2009575328852815,-0.0009424853291312429,0.005959748498231554]","[-0.08764047054295432,-0.008385083788507997,0.00612950940607615]","[1.484599509269421,-0.13699071794657713,2.9487105636608053]","[0.6837071270647785,0.04381852874651308,-0.006166778578543634]","[1.7096951,0.0582977571,3.03617573]","[0.690573812,0.0445389636,0.00545894401]","[-0.200957537,-0.000942485349,0.00595974829]","[1.7013890147209167,0.05776320397853851,3.036110818386078]","[0.6922468394041061,0.029515382833778858,0.01241440000012517]","[-0.10104892961680889,-0.040559202432632446,-0.005687512340955436]","[1.6991920471191406,0.06759127229452133,3.029073715209961]","[0.689956545829773,0.04599708691239357,0.009759113192558289]",0.07631740135923366,0.23576420989931718,0.15885660943661586,0.02484500589377918,0.9256582493041684,0.1890740561590734,16.0,16.0,NOT_RECORDED,NOT_RECORDED,12.0,16.0,12.0,12.0,0.6920301334442174,0.20104809599719367,0.014167731357487633,0.08825379647748827,0.1627264064355332,0.030924080493232763,0.15885660943661586,0.02484500589377918,-2.432
27912000000,1,3.9520000000000004,MAIN,MAIN,TRACK_MAIN,False,"[1.556125569386297,-0.1038257155207265,2.9821244709303514]","[0.6873476200722504,0.04452281294485455,0.005555071225689712]","[-0.20229430791788694,-0.0010758759449427946,0.006055293777514237]","[-0.07945042013754922,-0.008288249613120122,0.005813234295764691]","[1.4955294746720686,-0.13630350499709032,2.9486327011759688]","[0.6820354030236777,0.043102630755710136,-0.006048850506466822]","[1.7207185,0.0590102561,3.03626394]","[0.687347591,0.0445228145,0.0055550714]","[-0.202294305,-0.00107587595,0.0060552936]","[1.7115323344866435,0.058416506896416344,3.0361904303232827]","[0.688439687093099,0.029322616755962372,0.012540340423583984]","[-0.1050394835571448,-0.038866547867655754,-0.004948885024835666]","[1.7099260091781616,0.06836988031864166,3.029116630554199]","[0.6870307326316833,0.04517754167318344,0.009754088707268238]",0.07647478110571691,0.23561443413500627,0.15913323249981562,0.024959859027677216,0.9208437922498058,0.19369638252457852,16.0,16.0,NOT_RECORDED,NOT_RECORDED,16.0,12.0,20.0,20.0,0.6888104895454421,0.202387774106436,0.014251325694988251,0.08009280888232055,0.16270682316902488,0.03148278929326279,0.15913323249981562,0.024959859027677216,-2.416
27928000000,1,3.9680000000000004,MAIN,MAIN,TRACK_MAIN,False,"[1.5670971847998039,-0.10311349386696178,2.982214131061796]","[0.68410109204153,0.04450454226000176,0.00565268644726849]","[-0.20349976491118227,-0.0012076935565410174,0.006145759031791764]","[-0.07122635560768309,-0.008188460417702936,0.005494528523296793]","[1.5064299688893323,-0.13562501669738986,2.9485575094045524]","[0.6795685637188293,0.04258158281113667,-0.005828631816920508]","[1.73169017,0.0597224757,3.03635359]","[0.684101105,0.0445045419,0.00565268658]","[-0.203499764,-0.0012076936,0.00614575902]","[1.7188812692960103,0.0588915062447389,3.0362492402394614]","[0.6812886397043864,0.028889968991279602,0.012629538774490356]","[-0.11820909505089125,-0.037279119715094566,-0.004388243115196626]","[1.7259496450424194,0.0695042610168457,3.0291671752929688]","[0.6825547218322754,0.04380486533045769,0.009750588797032833]",0.07661774196920745,0.2392395907638041,0.163531450581882,0.0238405009906907,0.9138543879009878,0.20327744514146892,16.0,16.0,NOT_RECORDED,NOT_RECORDED,20.0,12.0,20.0,20.0,0.6855705005892956,0.20359612765647045,0.014328229969717601,0.07190573315708378,0.162675286581554,0.031843487583424646,0.163531450581882,0.0238405009906907,-2.4
27944000000,1,3.9840000000000004,MAIN,MAIN,TRACK_MAIN,False,"[1.5780167070859648,-0.10240158134818352,2.9823053643983695]","[0.6808363307069651,0.044484175392041005,0.005751708219162266]","[-0.20457339050562595,-0.0013378909886358203,0.006231106443720491]","[-0.06297214447549138,-0.008085729427855404,0.005173526594536848]","[1.5172856942201969,-0.13496267593364006,2.948488390149012]","[0.6771663734209286,0.042020669300840426,-0.005615320374460614]","[1.74260962,0.0604343899,3.03644466]","[0.68083632,0.0444841757,0.00575170806]","[-0.204573393,-0.00133789098,0.00623110635]","[1.728947252035141,0.059544420801103115,3.0363311767578125]","[0.6774537265300751,0.028745995368808508,0.01277082646265626]","[-0.12201639823615551,-0.03563444036990404,-0.0037508985260501504]","[1.7365766763687134,0.07023613154888153,3.029195785522461]","[0.6796082258224487,0.04299475625157356,0.009801231324672699]",0.07675981078459494,0.23904760062897576,0.16378504916142855,0.024122036251900625,0.908963883991192,0.2076290500285653,16.0,16.0,NOT_RECORDED,NOT_RECORDED,16.0,16.0,12.0,12.0,0.6823122695791658,0.20467263799242383,0.01439825041841067,0.06369957125167347,0.1626439644281574,0.03229168326318306,0.16378504916142855,0.024122036251900625,-2.384
27960000000,1,4.0,MAIN,MAIN,TRACK_MAIN,False,"[1.5888838614062513,-0.10169001129393254,2.9823981927882506]","[0.6775554490629148,0.044461738639811066,0.005852054367791487]","[-0.2055147336643639,-0.0014664212821924594,0.006311300364821748]","[-0.05469170955424474,-0.007980070449871188,0.0048503651115642255]","[1.5281141543695043,-0.13430361519031522,2.9484216335014883]","[0.6757875853176396,0.04168589899095836,-0.005417977750385542]","[1.75347686,0.0611459613,3.03653765]","[0.677555442,0.0444617383,0.00585205434]","[-0.205514729,-0.00146642129,0.00631130021]","[1.7425835132598877,0.06043421849608421,3.0364456176757812]","[0.6779431998729706,0.02898191660642624,0.012985036708414555]","[-0.11309720575809479,-0.03321286104619503,-0.0028498026076704264]","[1.7524371147155762,0.07130060344934464,3.0292301177978516]","[0.6751986742019653,0.04182920977473259,0.009878672659397125]",0.07688309979058515,0.2426286229145812,0.1681590588578884,0.023334304811503476,0.9068082623848329,0.20533229000124606,16.0,16.0,NOT_RECORDED,NOT_RECORDED,12.0,20.0,12.0,12.0,0.6790379071142101,0.205616849155915,0.01446119529557635,0.0554832466611882,0.16259939994512498,0.03328534320866393,0.1681590588578884,0.023334304811503476,-2.368
27976000000,1,4.016,MAIN,MAIN,TRACK_MAIN,False,"[1.5996984067850852,-0.10097881660696681,2.982492636760367]","[0.6742605668158443,0.04443725905170331,0.00595364216677588]","[-0.20632340655788184,-0.0015932377037222722,0.0063863073490196265]","[-0.04638902894842367,-0.007871497870739097,0.0045251827726748295]","[1.5389183212451962,-0.13364729842874074,2.948358920687163]","[0.6742997105466232,0.04136971965514868,-0.005179615457462844]","[1.76429141,0.0618571527,3.03663206]","[0.674260557,0.0444372594,0.00595364207]","[-0.2063234,-0.00159323774,0.00638630753]","[1.7561804950237274,0.06132375914603472,3.0365612506866455]","[0.6784027814865112,0.029234229121357203,0.01320476969704032]","[-0.10412666946649551,-0.03073002491146326,-0.0019366847118362784]","[1.7524371147155762,0.07130060344934464,3.0292301177978516]","[0.6751986742019653,0.04182920977473259,0.009878672659397125]",0.07698414821079645,0.23493340249726957,0.16026026041521316,0.025574602388266837,0.9046205307756093,0.2033861830328929,16.0,16.0,NOT_RECORDED,NOT_RECORDED,12.0,16.0,12.0,12.0,0.6757495303808223,0.20642836874224846,0.014516874959679562,0.047269226401887014,0.16253587626067698,0.034051753054389254,0.16026026041521316,0.025574602388266837,-2.352
27992000000,1,4.032,MAIN,MAIN,TRACK_MAIN,False,"[1.6104601362091153,-0.10026802975129849,2.9825887155158415]","[0.6709538093659573,0.04441076442197898,0.006056388372439214]","[-0.2069990854486745,-0.0017182937545743293,0.006456096186180704]","[-0.038068136053640345,-0.007760026658142849,0.00419812037238021]","[1.5496949197402257,-0.132995259129317,2.948301368452398]","[0.6721532775248502,0.040983654540393606,-0.004888258431128368]","[1.77505302,0.0625679418,3.03672814]","[0.67095381,0.0444107652,0.00605638837]","[-0.206999078,-0.00171829376,0.00645609619]","[1.7660850087801616,0.06197561758259932,3.036648074785868]","[0.6744849781195322,0.02917633733401696,0.013370762268702189]","[-0.1075028342505296,-0.028949544454614323,-0.001227570076783498]","[1.7629544734954834,0.07198359817266464,3.029245376586914]","[0.672256350517273,0.04105868935585022,0.00993836298584938]",0.07706559053119277,0.23473813122108,0.1605408747044942,0.02560418756837623,0.8995828213990814,0.20716984708545927,16.0,16.0,NOT_RECORDED,NOT_RECORDED,16.0,12.0,20.0,20.0,0.6724492621301266,0.20710686876098502,0.014565101994519767,0.039077169946076615,0.16245826960864201,0.03451867240953681,0.1605408747044942,0.02560418756837623,-2.336
28008000000,1,4.0440000000000005,MAIN,MAIN,TRACK_MAIN,False,"[1.6184966674735901,-0.09973522652415202,2.9826618582065714]","[0.6684672293959055,0.044389588217204325,0.006134157882360047]","[-0.207418409173739,-0.0018109027150291085,0.006504995909174416]","[-0.031817972089779545,-0.007674530351973477,0.003951675660752552]","[1.5604344277325581,-0.1323511002915196,2.948249529064735]","[0.6693818319486025,0.04055830236699946,-0.004576945029486264]","[1.78308964,0.0631007478,3.03680134]","[0.668467224,0.0443895869,0.006134158]","[-0.207418412,-0.00181090273,0.00650499575]","[1.773259421189626,0.062449476992090545,3.036712129910787]","[0.6673610707124075,0.0288913215820988,0.01349250723918279]","[-0.11956401790181796,-0.027553993587692577,-0.0005241117129723231]","[1.7786355018615723,0.07296174019575119,3.029261589050293]","[0.6676568984985352,0.03983942046761513,0.009930015541613102]",0.0749615054699412,0.24008378435059755,0.16478708806489542,0.024654193983354163,0.8930487197470915,0.21506458356984665,16.0,16.0,NOT_RECORDED,NOT_RECORDED,20.0,12.0,20.0,20.0,0.6699675366846194,0.2075282891670104,0.01459627007796359,0.03296812861775955,0.16237095577169797,0.034860668232584005,0.16478708806489542,0.024654193983354163,-2.32
28024000000,1,4.064,MAIN,MAIN,TRACK_MAIN,False,"[1.6318244894309633,-0.09884780712481221,2.982785847494961]","[0.6643131927176036,0.04435184492093212,0.00626502065942966]","[-0.20795049204000549,-0.001962939979573766,0.0065799059598064535]","[-0.021388123435650996,-0.007528451106767059,0.0035389290467012224]","[1.5700354369664966,-0.1340392544660516,2.951297746227915]","[0.6649673054855714,0.03486281569403654,0.001122685942300786]","[1.79641747,0.0639881641,3.03692532]","[0.664313197,0.044351846,0.00626502046]","[-0.207950488,-0.00196293998,0.00657990575]","[1.7810804843902588,0.06296754628419876,3.0367830395698547]","[0.6610605716705322,0.028698530048131943,0.013633305206894875]","[-0.1297739315778017,-0.026169690769165754,0.0002014740603044629]","[1.789031744003296,0.07358846068382263,3.0292654037475586]","[0.6646612286567688,0.03907816857099533,0.009944843128323555]",0.07776776640634343,0.2379259054734894,0.1650321899281651,0.025089412294104052,0.8858507754818651,0.22231935677976397,16.0,16.0,NOT_RECORDED,NOT_RECORDED,16.0,16.0,12.0,12.0,0.6658215636718365,0.20806382538895052,0.01463846060843835,0.022948930671454194,0.16258208708779615,0.027967726687126878,0.1650321899281651,0.025089412294104052,-2.304
28040000000,1,4.0760000000000005,MAIN,MAIN,TRACK_MAIN,False,"[1.6397812695992329,-0.09831572847920328,2.9828615024974217]","[0.6618163971602486,0.04432774973799435,0.006344228368533961]","[-0.2081695752479824,-0.0020527442684322023,0.006620881388273936]","[-0.01512535126051695,-0.007438663756751035,0.0032901787609954103]","[1.5803940613925254,-0.13407157669133976,2.9521121318256056]","[0.6628869117354238,0.0329578575645542,0.0028641913824707806]","[1.80437422,0.0645202398,3.03700089]","[0.661816418,0.0443277508,0.00634422852]","[-0.20816958,-0.00205274415,0.00662088161]","[1.793731927871704,0.06381049379706383,3.036901116371155]","[0.6605578362941742,0.02901419810950756,0.013875859789550304]","[-0.12294170260429382,-0.023012660443782806,0.0011443484108895063]","[1.8045440912246704,0.07449182122945786,3.029263496398926]","[0.660213828086853,0.03783952817320824,0.010068795643746853]",0.0758343258469996,0.24323318372360783,0.16924821979011523,0.02437996602733467,0.8835083444233062,0.22126346770574923,16.0,16.0,NOT_RECORDED,NOT_RECORDED,12.0,20.0,12.0,12.0,0.6633295878977497,0.20828495358118065,0.014657797388512596,0.01717367885804694,0.16257546384581226,0.027047727158522803,0.16924821979011523,0.02437996602733467,-2.288
28056000000,1,4.096,MAIN,MAIN,TRACK_MAIN,False,"[1.6529759469403231,-0.09742959390089442,2.9829897154894307]","[0.6576506766029269,0.044285217258825914,0.006477276316538744]","[-0.20836767899530173,-0.0021999930177915156,0.0066825259979790275]","[-0.004685044688800488,-0.007285475151112025,0.0028739594149367886]","[1.5909925902133868,-0.133553901467954,2.9521862220370982]","[0.661237400813396,0.0325879488481065,0.0032523792777411366]","[1.8175689,0.0654063746,3.03712916]","[0.65765065,0.0442852154,0.00647727633]","[-0.208367676,-0.002199993,0.00668252585]","[1.8076728880405426,0.06474177353084087,3.037032961845398]","[0.661611333489418,0.029477041214704514,0.014147671405225992]","[-0.1112516038119793,-0.019332253839820623,0.0020535672083497047]","[1.8045440912246704,0.07449182122945786,3.029263496398926]","[0.660213828086853,0.03783952817320824,0.010068795643746853]",0.07807533104128378,0.2338186009321833,0.1616249511598565,0.026430239028229576,0.8809761849481105,0.21841008471458037,16.0,16.0,NOT_RECORDED,NOT_RECORDED,12.0,16.0,12.0,12.0,0.6591718653070909,0.20848641627904946,0.01467982309352005,0.009126194970097465,0.16246984829239727,0.027679859494190606,0.1616249511598565,0.026430239028229576,-2.272
28072000000,1,4.096,MAIN,MAIN,TRACK_MAIN,False,"[1.6529759469403231,-0.09742959390089442,2.9829897154894307]","[0.6576506766029269,0.044285217258825914,0.006477276316538744]","[-0.20836767899530173,-0.0021999930177915156,0.0066825259979790275]","[-0.004685044688800488,-0.007285475151112025,0.0028739594149367886]","[1.6015669339672975,-0.13303972027402927,2.9522668299465455]","[0.6591578140705514,0.03238853211901938,0.003602710361307936]","[1.8175689,0.0654063746,3.03712916]","[0.65765065,0.0442852154,0.00647727633]","[-0.208367676,-0.002199993,0.00668252585]","[1.8210585912068684,0.06564236804842949,3.037164290746053]","[0.6620463033517202,0.029931792989373207,0.014417910327514013]","[-0.10083546365300815,-0.01575423652927081,0.0027209046141554913]","[1.8148289918899536,0.07506516575813293,3.0292606353759766]","[0.6571800708770752,0.03703167662024498,0.010245057754218578]",0.0696768498947288,0.2410225057882352,0.1618838319812002,0.026242375244768204,0.8809633165805533,0.2166040599650037,16.0,16.0,NOT_RECORDED,NOT_RECORDED,16.0,12.0,20.0,20.0,0.6591718653070909,0.20848641627904946,0.01467982309352005,0.009126194970097465,0.162349676628121,0.02818548960654555,0.1618838319812002,0.026242375244768204,-2.256
28088000000,1,4.128,MAIN,MAIN,TRACK_MAIN,False,"[1.673914081554285,-0.09601363279091432,2.98320042456802]","[0.6509833620512593,0.044211130231037434,0.0066924745174187505]","[-0.20825045396173714,-0.002429090281858351,0.006763790534584202]","[0.01200684253959139,-0.0070312394376655235,0.0022044132969508135]","[1.6121066245279472,-0.1325301815652652,2.9523540455429624]","[0.6568294840937802,0.03188597165639071,0.0039412981128459255]","[1.83850706,0.0668223351,3.03733993]","[0.650983334,0.0442111306,0.00669247471]","[-0.208250448,-0.00242909021,0.00676379073]","[1.8350173632303874,0.06658634170889854,3.0373047987620034]","[0.6631894807020823,0.030470849946141243,0.014706334720055262]","[-0.08868686979015668,-0.01186434303720792,0.0035952361455808086]","[1.8301790952682495,0.07589267939329147,3.0292539596557617]","[0.6527421474456787,0.0358048640191555,0.010436699725687504]",0.07813526206143837,0.2368363628623717,0.1659812512458084,0.025245335536671396,0.8767142550840848,0.2147445424766927,16.0,16.0,NOT_RECORDED,NOT_RECORDED,20.0,12.0,20.0,20.0,0.6525172418557482,0.20837442481567345,0.014687790518946224,0.014087655368587703,0.1622188259406817,0.02859657569814395,0.1659812512458084,0.025245335536671396,-2.24
28104000000,1,4.144,MAIN,MAIN,TRACK_MAIN,False,"[1.6843031689081576,-0.09530657040850087,2.9833083713730435]","[0.6476532472567351,0.04417137036021606,0.006800962998550486]","[-0.20799167968957377,-0.002540543453207769,0.006796373321199367]","[0.020337641920713523,-0.006899945664337909,0.001868308795276441]","[1.6226016043761369,-0.13202075226525548,2.9524472931259225]","[0.6548900474059357,0.03254681857998286,0.00426351094020115]","[1.84889615,0.0675294027,3.03744769]","[0.647653222,0.0441713706,0.00680096308]","[-0.207991675,-0.00254054344,0.00679637352]","[1.838507056236267,0.06682233512401581,3.037339925765991]","[0.6520207673311234,0.030010247603058815,0.014782017096877098]","[-0.11334528960287571,-0.011886094696819782,0.0036003319546580315]","[1.8403608798980713,0.07642189413309097,3.0292491912841797]","[0.6497799754142761,0.0351666621863842,0.010558495298027992]",0.07814998634475179,0.23654858618755611,0.16621861008265143,0.02555386594992983,0.8668503846967403,0.22548433141847274,16.0,16.0,NOT_RECORDED,NOT_RECORDED,16.0,16.0,12.0,12.0,0.6491934162785392,0.20811819687727692,0.0146788297240892,0.021557353891897002,0.16208244256110532,0.030029130504491453,0.16621861008265143,0.02555386594992983,-2.224
28120000000,1,4.16,MAIN,MAIN,TRACK_MAIN,False,"[1.6946390132330653,-0.09460015835992494,2.983418057934791]","[0.6443283385563037,0.044129844162142357,0.0069099297522621506]","[-0.20759973498569373,-0.0026498738337501215,0.006823572798372035]","[0.028652395943472797,-0.006765893904033524,0.0015315260520603613]","[1.633064077811905,-0.13150934822108523,2.9525479237340013]","[0.6525279838706419,0.03255512524141198,0.0046254894021594195]","[1.85923195,0.0682358146,3.03755736]","[0.644328356,0.0441298448,0.00690992968]","[-0.207599729,-0.00264987373,0.0068235728]","[1.848869502544403,0.06752907484769821,3.0374486446380615]","[0.6490221619606018,0.03025813214480877,0.015003516338765621]","[-0.11275333911180496,-0.009574030060321093,0.004073774674907327]","[1.8555563688278198,0.07718606293201447,3.0292434692382812]","[0.6452224850654602,0.03410175442695618,0.01081263367086649]",0.07814554468363512,0.23980172951525158,0.1702938261010819,0.02469840534468821,0.8622396033895873,0.22683849994958963,16.0,16.0,NOT_RECORDED,NOT_RECORDED,12.0,20.0,12.0,12.0,0.6458747542222739,0.2077287484755053,0.014661022899726237,0.02948020837223363,0.16193701779966438,0.030810705984225504,0.1702938261010819,0.02469840534468821,-2.208
28136000000,1,4.176,MAIN,MAIN,TRACK_MAIN,False,"[1.704921714860622,-0.09389442463282589,2.9835294912161245]","[0.6410107644303347,0.044086585953636154,0.007019288565577986]","[-0.2070749127502154,-0.0027570374564707817,0.006845379388726591]","[0.036946573591691845,-0.006629104350690598,0.0011942247277570428]","[1.642473582915044,-0.13132662610430826,2.9540323665839403]","[0.6479734836499454,0.031668052846228784,0.007262612285186514]","[1.8695147,0.0689415485,3.03766894]","[0.641010761,0.0440865867,0.00701928837]","[-0.20707491,-0.00275703752,0.00684537925]","[1.8618026375770569,0.06841224804520607,3.0375852584838867]","[0.6490874737501144,0.030773227103054523,0.015280012041330338]","[-0.10269329696893692,-0.0061821009730920196,0.004690327798016369]","[1.8555563688278198,0.07718606293201447,3.0292434692382812]","[0.6452224850654602,0.03410175442695618,0.01081263367086649]",0.0785558352514984,0.23248462312129628,0.16293821571987777,0.02662860495023469,0.8596005962104423,0.2246736529488048,16.0,16.0,NOT_RECORDED,NOT_RECORDED,12.0,16.0,12.0,12.0,0.6425633802113035,0.2072063704740308,0.014634213718498882,0.03755556546450915,0.16182325873361803,0.028362948864424264,0.16293821571987777,0.02662860495023469,-2.192
28152000000,1,4.188000000000001,MAIN,MAIN,TRACK_MAIN,False,"[1.7125989457277204,-0.09336558600977897,2.9836142158719356]","[0.638528674625948,0.04405302670453287,0.007101513026177425]","[-0.20659431250110138,-0.002835961974360368,0.006858190937325426]","[0.043150946710353466,-0.006524727984409298,0.0009410056436254255]","[1.6513159387392837,-0.13131759645319735,2.956234650939079]","[0.6423423122083413,0.03038197426556311,0.011072279881444685]","[1.8771919,0.0694703832,3.03775358]","[0.638528645,0.0440530255,0.00710151298]","[-0.206594318,-0.00283596199,0.00685819099]","[1.872915784517924,0.06917643547058105,3.037706971168518]","[0.6470649838447571,0.03113967428604762,0.015523196818927923]","[-0.098690927028656,-0.002975816101146241,0.005127396512155731]","[1.8656387329101562,0.07767961174249649,3.0292396545410156]","[0.642173707485199,0.033353291451931,0.0110201770439744]",0.07710773384138998,0.23400708704803416,0.16321999113273758,0.026739697432954717,0.8561873017532801,0.2253715170740259,16.0,16.0,NOT_RECORDED,NOT_RECORDED,16.0,12.0,20.0,20.0,0.6400859074910655,0.20672756812059578,0.01460810796678434,0.04365159526170416,0.16174805293978195,0.02472662474422171,0.16321999113273758,0.026739697432954717,-2.176
28168000000,1,4.208,MAIN,MAIN,TRACK_MAIN,False,"[1.7253282613318341,-0.09248510130902982,2.98375761888458]","[0.6344061063054669,0.04399501427159988,0.0072388368969670824]","[-0.20562817286269208,-0.002964690208423826,0.006872788489701631]","[0.05345479924385188,-0.006347395544116383,0.0005187154587859566]","[1.661583245312289,-0.13084162367274443,2.956446406109353]","[0.6396358103127734,0.029932474036123938,0.011613913988792659]","[1.88992119,0.0703508705,3.03789711]","[0.63440609,0.0439950153,0.00723883696]","[-0.205628172,-0.00296469009,0.00687278854]","[1.8865201075871785,0.07011598348617554,3.037859082221985]","[0.6480260491371155,0.031780404349168144,0.015821673286457855]","[-0.08551627397537231,0.0008678501083826031,0.006012294829512636]","[1.880681037902832,0.07838715612888336,3.0292396545410156]","[0.6375946402549744,0.03227746859192848,0.011212003417313099]",0.07924993513198561,0.2353729574902354,0.16721795979237528,0.026106016274244418,0.8535473126130427,0.22275860669667788,16.0,16.0,NOT_RECORDED,NOT_RECORDED,20.0,12.0,20.0,20.0,0.635970966128205,0.20576435571912174,0.014552989930611814,0.05383283438684201,0.1615667371023234,0.025218195341307408,0.16721795979237528,0.026106016274244418,-2.16
28184000000,1,4.224,MAIN,MAIN,TRACK_MAIN,False,"[1.7354524765205497,-0.09178156486959727,2.9838743202883]","[0.6311232482131395,0.043946772914601126,0.007348853491702556]","[-0.20470720924249441,-0.003065093079534828,0.006878384836412843]","[0.061659508759566606,-0.006202519582236055,0.0001808373161055199]","[1.671797976142132,-0.1303683850399548,2.956667633294037]","[0.637218866285143,0.030261088200016377,0.012060544248630867]","[1.90004539,0.0710544065,3.0380137]","[0.631123245,0.0439467728,0.00734885363]","[-0.204707205,-0.00306509319,0.00687838485]","[1.8899211883544922,0.07035087049007416,3.0378971099853516]","[0.6370388567447662,0.03143018763512373,0.015891285613179207]","[-0.10944922268390656,0.0009875630494207144,0.005986606702208519]","[1.8906610012054443,0.07884084433317184,3.0292463302612305]","[0.6346432566642761,0.031717076897621155,0.011334181763231754]",0.07925302471508126,0.23507511979365753,0.16748902641113805,0.026692401869367027,0.8437594982416787,0.23193410785650173,16.0,16.0,NOT_RECORDED,NOT_RECORDED,16.0,16.0,12.0,12.0,0.6326941432733151,0.20484566993079056,0.014498291123005547,0.061970952645364334,0.16138090998074678,0.026539587940758384,0.16748902641113805,0.026692401869367027,-2.144
28200000000,1,4.24,MAIN,MAIN,TRACK_MAIN,False,"[1.745524289457757,-0.0910788130440884,2.9839927824432273]","[0.6278561741177047,0.04389694376914899,0.00745891638379742]","[-0.20365527792376525,-0.003163156695163802,0.006878576035566686]","[0.06982496492423884,-0.006054992410019305,-0.00015689980368605028]","[1.681978499259044,-0.12989250597799468,2.956895809332449]","[0.6351251032760072,0.030517229968410105,0.012565568283341398]","[1.91011727,0.0717571601,3.03813219]","[0.627856195,0.0438969433,0.0074589164]","[-0.203655273,-0.0031631568,0.00687857624]","[1.9000192284584045,0.07105401530861855,3.0380146503448486]","[0.6340012848377228,0.0317832175642252,0.016101937741041183]","[-0.1088927835226059,0.0033463366562500596,0.006086855893954635]","[1.9055505990982056,0.07948420196771622,3.0292768478393555]","[0.6302053928375244,0.030821021646261215,0.011744271032512188]",0.0792389813343953,0.23822428181413127,0.1714735065996113,0.026183523572429382,0.8390954753360751,0.2328014708993962,16.0,16.0,NOT_RECORDED,NOT_RECORDED,12.0,20.0,12.0,12.0,0.629433040508372,0.20379595823951294,0.01443402263306847,0.07008718340256635,0.16118187147888477,0.02790276780063606,0.1714735065996113,0.026183523572429382,-2.128
28216000000,1,4.252000000000001,MAIN,MAIN,TRACK_MAIN,False,"[1.753043920916178,-0.09055227920191954,2.984082784633891]","[0.6254174846251157,0.043858552617423885,0.007541441923593628]","[-0.2027807798873411,-0.0032351438492844165,0.006875174378650872]","[0.07592040712002479,-0.0059426210467782015,-0.00041000782530564717]","[1.6905640905522803,-0.1301948953713346,2.9584857806595632]","[0.6292097730989126,0.028564302924182716,0.015379775668685267]","[1.91763687,0.0722836927,3.03822231]","[0.625417471,0.0438585542,0.00754144182]","[-0.202780783,-0.00323514384,0.00687517459]","[1.9134485125541687,0.07199100156625111,3.0381725629170737]","[0.6349222262700399,0.03248779475688934,0.016382701074083645]","[-0.09600192060073216,0.006882926449179649,0.0063838784117251635]","[1.9055505990982056,0.07948420196771622,3.0292768478393555]","[0.6302053928375244,0.030821021646261215,0.011744271032512188]",0.07829733604356373,0.23283727186103167,0.16439171140796538,0.02818315334156671,0.8375525345058247,0.2296526662255802,16.0,16.0,NOT_RECORDED,NOT_RECORDED,12.0,16.0,20.0,20.0,0.6269987847346987,0.20292308609465978,0.014379465883040067,0.07615373312315513,0.16164519297358437,0.02428758236459548,0.16439171140796538,0.02818315334156671,-2.112
28232000000,1,4.272,MAIN,MAIN,TRACK_MAIN,False,"[1.7655118190539314,-0.08967576303872687,2.9842349878200585]","[0.6213777276536465,0.04379267385152283,0.007678835311475618]","[-0.20116125531121654,-0.003352097592737649,0.006862760189048911]","[0.0860188320210824,-0.0057520774049229645,-0.0008312683122530529]","[1.6982986181226774,-0.1309031689443634,2.9607831365302597]","[0.6212464335109875,0.025431585196531672,0.01935107648025707]","[1.93010473,0.0731602088,3.03837442]","[0.621377707,0.0437926725,0.00767883519]","[-0.20116125,-0.0033520977,0.00686276006]","[1.926773488521576,0.07292636732260387,3.038334051767985]","[0.6357863346735636,0.033213451504707336,0.016656470174590748]","[-0.08296637485424677,0.010472586378455162,0.006841754773631692]","[1.920354962348938,0.08009207993745804,3.0293283462524414]","[0.6257924437522888,0.02995145134627819,0.012049423530697823]",0.08226361714665895,0.23416005318793356,0.16830791886969662,0.02740552265903473,0.8348568244222402,0.22652843049507893,16.0,16.0,NOT_RECORDED,NOT_RECORDED,16.0,12.0,20.0,20.0,0.6229663259108119,0.20130619631314897,0.014276286096608635,0.08621494570983834,0.1624938144478417,0.018501922571033613,0.16830791886969662,0.02740552265903473,-2.096
28248000000,1,4.288,MAIN,MAIN,TRACK_MAIN,False,"[1.775428174149277,-0.0889755132259661,2.984358726993437]","[0.6181705007063343,0.04373831062456732,0.0077885187161144676]","[-0.1997207298670638,-0.0034428915358656886,0.006846768623427202]","[0.09403746213562592,-0.005596737508953953,-0.0011675531293138808]","[1.7082305422826543,-0.13049164926138826,2.961124209019319]","[0.6189269482129428,0.025314229460974315,0.01992450129348497]","[1.94002116,0.073860459,3.03849816]","[0.6181705,0.0437383093,0.00778851891]","[-0.199720725,-0.00344289164,0.00684676878]","[1.937542051076889,0.07368539646267891,3.038467228412628]","[0.6337047815322876,0.03370111249387264,0.016866362653672695]","[-0.0787377581000328,0.012820856412872672,0.00683018343988806]","[1.930175542831421,0.08048386871814728,3.0293731689453125]","[0.6228189468383789,0.029485708102583885,0.012324796058237553]",0.08233440414118168,0.2338579274413571,0.1685893010710743,0.02761477053914004,0.8308265557432053,0.22589887526734087,16.0,16.0,NOT_RECORDED,NOT_RECORDED,20.0,12.0,12.0,12.0,0.6197648495870046,0.19986771045204665,0.014182593617646448,0.09421109773250273,0.16232571101526763,0.01911230851214369,0.1685893010710743,0.02761477053914004,-2.08
28264000000,1,4.304,MAIN,MAIN,TRACK_MAIN,False,"[1.7852934034649932,-0.08827614473997866,2.9844842188249316]","[0.6149873460946829,0.04368251468732405,0.007897903244944826]","[-0.19815237019298237,-0.0035311795644596133,0.0068254029374253955]","[0.10199727726388197,-0.0054388422764698185,-0.0015030037800561336]","[1.71812049832462,-0.13008282122161272,2.9614769857253087]","[0.6170618542577315,0.02590431776289357,0.020533207686120384]","[1.94988632,0.0745598227,3.03862357]","[0.614987373,0.0436825156,0.00789790321]","[-0.198152363,-0.00353117962,0.00682540284]","[1.9400211572647095,0.07386045902967453,3.0384981632232666]","[0.6219351589679718,0.03338219691067934,0.016869882121682167]","[-0.10470253229141235,0.013349932618439198,0.005571610759943724]","[1.9399566650390625,0.08085808902978897,3.0294313430786133]","[0.6198576092720032,0.028923502191901207,0.012723381631076336]",0.08239739169620579,0.23355375717870883,0.1688686975486655,0.027727114950458476,0.8205206355521326,0.23478192574333423,16.0,16.0,NOT_RECORDED,NOT_RECORDED,16.0,16.0,12.0,12.0,0.6165873618731218,0.19830132921256832,0.014078883933963466,0.10215324074603013,0.16215162553572854,0.02052513564210809,0.1688686975486655,0.027727114950458476,-2.064
28280000000,1,4.32,MAIN,MAIN,TRACK_MAIN,False,"[1.7951079084802357,-0.08757768018163167,2.9846114578452427]","[0.611830301424062,0.043625326460430075,0.008006903026410273]","[-0.1964571574841223,-0.003616920995722417,0.006798677903120776]","[0.10989324876909734,-0.0052784171276632486,-0.0018374417380825903]","[1.7279792190712981,-0.12966798411285807,2.961837924742656]","[0.6149954187056849,0.02610945206541606,0.021114163032863856]","[1.95970082,0.0752582923,3.03875089]","[0.611830294,0.043625325,0.00800690334]","[-0.196457162,-0.00361692091,0.00679867808]","[1.9498609900474548,0.07455937564373016,3.0386245250701904]","[0.6189039051532745,0.033824509009718895,0.017036533914506435]","[-0.1037464290857315,0.01616134075447917,0.004900495056062937]","[1.95456063747406,0.08140373975038528,3.0295400619506836]","[0.6155566573143005,0.02814149111509323,0.013278325088322163]",0.08244081778317851,0.23663996393822004,0.1727628935587512,0.027055644764135946,0.8158819233818124,0.23530706498427595,16.0,16.0,NOT_RECORDED,NOT_RECORDED,12.0,20.0,12.0,12.0,0.6134358950579205,0.19660803357304835,0.013965068731566634,0.11003528527041301,0.1619628289538998,0.02155259057925718,0.1727628935587512,0.027055644764135946,-2.048
28296000000,1,4.336,MAIN,MAIN,TRACK_MAIN,False,"[1.8048721231467804,-0.08688014149987272,2.9847404372131376]","[0.6087013879547412,0.04356678701216915,0.008115432448245474]","[-0.19463615383613941,-0.0037000755582259903,0.006766611165782643]","[0.11772029272336404,-0.005115488063421547,-0.002170686380781439]","[1.7378066287982155,-0.12925135713764246,2.9622068571632956]","[0.6128688621107817,0.026149999361454925,0.021711462703496404]","[1.96946502,0.0759558305,3.03887987]","[0.608701408,0.0435667858,0.00811543223]","[-0.194636151,-0.00370007567,0.00676661124]","[1.9621418714523315,0.0754326768219471,3.0387831330299377]","[0.618788480758667,0.03452275134623051,0.017253504134714603]","[-0.09375057369470596,0.019454832188785076,0.004508864716626704]","[1.95456063747406,0.08140373975038528,3.0295400619506836]","[0.6155566573143005,0.02814149111509323,0.013278325088322163]",0.08246734309229573,0.2296369360246389,0.16592206490469638,0.028944320386146423,0.8131449358125205,0.23253210287641446,16.0,16.0,NOT_RECORDED,NOT_RECORDED,12.0,16.0,12.0,12.0,0.6103124649492373,0.19478888563244773,0.013841070584880724,0.11785137850854879,0.16175419015269982,0.022343426463958226,0.16592206490469638,0.028944320386146423,-2.032
28312000000,1,4.352,MAIN,MAIN,TRACK_MAIN,False,"[1.8145865136171686,-0.08618354998141953,2.98487114871997]","[0.6056026093003197,0.043506938051814215,0.008223406203720363]","[-0.1926905031299082,-0.0037806034012014406,0.006729223277411933]","[0.1254732699075678,-0.00495008166532776,-0.002502554989322836]","[1.7476744345685908,-0.1290065307668623,2.9630923232219075]","[0.6108041102450759,0.025935131504861927,0.023146942789942636]","[1.9791795,0.0766524225,3.03901052]","[0.605602622,0.043506939,0.00822340604]","[-0.192690507,-0.00378060341,0.0067292233]","[1.9710840980211894,0.07607192918658257,3.0389016469319663]","[0.6148322920004526,0.03490608371794224,0.01737198978662491]","[-0.09563846637805302,0.0211651058246692,0.003945509282251199]","[1.9642444849014282,0.08175399154424667,3.029634475708008]","[0.6127046346664429,0.02773403562605381,0.013582768850028515]",0.08237324350800194,0.2293562331083311,0.1662384016253187,0.029113728529050774,0.8079370697475372,0.232993644521106,16.0,16.0,NOT_RECORDED,NOT_RECORDED,16.0,12.0,20.0,20.0,0.6072190695783454,0.19284502950413734,0.013706823748721552,0.12559581024566607,0.16132102879411941,0.022624308989114224,0.1662384016253187,0.029113728529050774,-2.016
28328000000,1,4.364,MAIN,MAIN,TRACK_MAIN,False,"[1.821839907764768,-0.0856617403448481,2.984970313359887]","[0.6032994959239577,0.04346121741282452,0.00830397074430661]","[-0.19115020018201,-0.003839251768230134,0.006697704376345481]","[0.13123627373411928,-0.0048244174343917146,-0.0027504423243256415]","[1.7577261262333361,-0.12927646673979207,2.965511572295915]","[0.6089037940986957,0.025062825210427426,0.02702018010627072]","[1.98643279,0.0771742314,3.03910971]","[0.603299499,0.0434612185,0.00830397103]","[-0.191150203,-0.00383925182,0.00669770455]","[1.9775604208310444,0.07653632387518883,3.0389887491861978]","[0.608032633860906,0.03505224175751209,0.017416633665561676]","[-0.1065149928132693,0.022039369369546574,0.003204499992231528]","[1.9786927700042725,0.08226452767848969,3.029806137084961]","[0.6084743142127991,0.027225930243730545,0.013977942056953907]",0.07994663185250968,0.2341202745899567,0.17004250532771106,0.028512415205601545,0.8014408123056294,0.236833599846143,16.0,16.0,NOT_RECORDED,NOT_RECORDED,20.0,12.0,20.0,20.0,0.6049199245612832,0.19130603264841198,0.01359938039957466,0.131353718943079,0.16024234964550915,0.021948929460481555,0.17004250532771106,0.028512415205601545,-2.0
28344000000,1,4.384,MAIN,MAIN,TRACK_MAIN,False,"[1.8338678458050088,-0.08479329020905518,2.9851377285111163]","[0.5995033747494833,0.043383481595888174,0.008437347297527154]","[-0.18843025029988603,-0.003933621684540006,0.0066385809904710436]","[0.14073619063361598,-0.004611946097388103,-0.003161422747539555]","[1.7674543990766785,-0.12887611702705606,2.96597469147227]","[0.6069079427383882,0.025855919744654135,0.027594248572134546]","[1.99846077,0.0780426785,3.03927708]","[0.599503398,0.0433834828,0.0084373476]","[-0.18843025,-0.00393362157,0.00663858093]","[1.9936404526233673,0.07769511453807354,3.0392104387283325]","[0.6126676499843597,0.036183242686092854,0.01768802758306265]","[-0.08089853636920452,0.02603345876559615,0.0028211536118760705]","[1.9882768392562866,0.08259962499141693,3.029939651489258]","[0.6056697964668274,0.02688254415988922,0.014410706236958504]",0.08198331241877715,0.23209855152604578,0.1703415853014075,0.028548170720577224,0.8013092853438806,0.22805211504673292,16.0,16.0,NOT_RECORDED,NOT_RECORDED,16.0,16.0,12.0,12.0,0.6011302784262488,0.18858818458536003,0.01340738443689742,0.14084722217585752,0.1599747692372617,0.023310843650214755,0.1703415853014075,0.028548170720577224,-1.984
28360000000,1,4.4,MAIN,MAIN,TRACK_MAIN,False,"[1.8434358780894815,-0.0840996611261707,2.985273573592199]","[0.5965068259356272,0.04331996066182653,0.008543145973732236]","[-0.18611835282559497,-0.004006034610284939,0.006585382531415662]","[0.1482355792814083,-0.004439272994182036,-0.003488045978478793]","[1.7771571042447003,-0.12846700020120566,2.966446068616472]","[0.6050524236810426,0.026121764319501715,0.028271968033681535]","[2.00802875,0.0787363127,3.03941298]","[0.596506834,0.0433199592,0.00854314584]","[-0.186118349,-0.00400603469,0.00658538239]","[2.0032447576522827,0.0783894956111908,3.0393450260162354]","[0.6097316443920135,0.03666837140917778,0.017779748886823654]","[-0.07949994131922722,0.027871844358742237,0.0018570518586784601]","[2.002577304840088,0.08309049904346466,3.0301713943481445]","[0.6015577912330627,0.026508411392569542,0.014912550337612629]",0.08195005541534306,0.23514752321553373,0.17414206140113658,0.027931007177117502,0.7968275757191569,0.22707357648920987,16.0,16.0,NOT_RECORDED,NOT_RECORDED,12.0,20.0,12.0,12.0,0.5981387779793811,0.18627790216474022,0.013242126518611333,0.14834305030691372,0.1596912303615517,0.02422758012289095,0.17414206140113658,0.027931007177117502,-1.968
28376000000,1,4.416,MAIN,MAIN,TRACK_MAIN,False,"[1.8529562666194268,-0.08340705752880256,2.985411104420076]","[0.5935482233996687,0.043255303324336386,0.008648051755559827]","[-0.18368721936135302,-0.00407566580584752,0.006526974867435753]","[0.15563979137104944,-0.004264234690403601,-0.0038125413377865236]","[1.7868323620462179,-0.128051155473519,2.966926980266807]","[0.6031583769816073,0.02639303611065891,0.02892854145426398]","[2.01754928,0.0794289112,3.03955054]","[0.593548238,0.0432553031,0.00864805188]","[-0.183687225,-0.00407566596,0.00652697496]","[2.010408878326416,0.07890946231782436,3.0394473671913147]","[0.6039611548185349,0.03691282030194998,0.01780028361827135]","[-0.08709139749407768,0.028742583468556404,0.000697632203809917]","[2.002577304840088,0.08309049904346466,3.0301713943481445]","[0.6015577912330627,0.026508411392569542,0.014912550337612629]",0.08189706394625972,0.22827916019034367,0.16750701678891375,0.029405435862618054,0.7905273798709572,0.22818901767048366,16.0,16.0,NOT_RECORDED,NOT_RECORDED,12.0,16.0,12.0,12.0,0.5951851002551645,0.18384832609895288,0.013066490879705414,0.15574486773878288,0.15938963131667278,0.024947499239489607,0.16750701678891375,0.029405435862618054,-1.952
28392000000,1,4.432,MAIN,MAIN,TRACK_MAIN,False,"[1.862429633731602,-0.08271549724173433,2.9855503060431454]","[0.5906294625044115,0.04318955439259488,0.008751981576318402]","[-0.18113841598379388,-0.004142477663125227,0.00646339358728204]","[0.16294341122759448,-0.004086860671109721,-0.004134715625555341]","[1.7964763784696656,-0.12762880587030115,2.9674172556258624]","[0.601069738782346,0.026850883138308815,0.029504663223232284]","[2.0270226,0.0801204741,3.03968978]","[0.590629458,0.0431895554,0.00875198189]","[-0.181138411,-0.00414247764,0.00646339357]","[2.0206993420918784,0.07965925460060437,3.039597233136495]","[0.6020200053850809,0.03749133894840876,0.017876774383087952]","[-0.08208929002285004,0.030239584545294445,-0.0003215281758457422]","[2.0120530128479004,0.08340895175933838,3.0303516387939453]","[0.598819375038147,0.02635999582707882,0.015256050042808056]",0.08182814118044454,0.22801677032695966,0.1678198324709633,0.029465876955259297,0.7867416013733269,0.22537543605160168,16.0,16.0,NOT_RECORDED,NOT_RECORDED,16.0,12.0,20.0,20.0,0.5922711345054672,0.18130102405384135,0.01288048339117249,0.16304709002596224,0.15907384485473086,0.02575904904030184,0.1678198324709633,0.029465876955259297,-1.936
28408000000,1,4.448,MAIN,MAIN,TRACK_MAIN,False,"[1.8718566318844019,-0.08202499736800928,2.9856911621854247]","[0.5877524128598086,0.04312275927370933,0.008854852963557147]","[-0.17847359586263778,-0.004206433050421121,0.0063946773876727425]","[0.1701409678849206,-0.003907181002052729,-0.004454373545661694]","[1.8060834451830945,-0.12719835823288392,2.967915276560525]","[0.5986532413128381,0.02732492426712886,0.030006519155934934]","[2.03644967,0.0808109716,3.03983068]","[0.587752402,0.043122761,0.00885485299]","[-0.178473592,-0.00420643296,0.00639467733]","[2.0332996050516763,0.0805806281665961,3.039783994356791]","[0.6029294927914938,0.03831572582324346,0.017996044519046944]","[-0.06754259765148163,0.032737252612908684,-0.001261978643015027]","[2.0261800289154053,0.08387826383113861,3.0306596755981445]","[0.5946609973907471,0.026142442598938942,0.01580151729285717]",0.08174794633764662,0.2310016669772133,0.17151459076877726,0.028817879910889656,0.7848472607133119,0.220562546359386,16.0,16.0,NOT_RECORDED,NOT_RECORDED,20.0,12.0,20.0,20.0,0.5893987441545082,0.17863765112103394,0.01268412719170044,0.17024410844397722,0.15874673025538807,0.026497714614514657,0.17151459076877726,0.028817879910889656,-1.92
28424000000,1,4.46,MAIN,MAIN,TRACK_MAIN,False,"[1.8788968601252067,-0.08150782823538971,2.9857978795377322]","[0.585623108048102,0.043072004022536636,0.008931262656558803]","[-0.17639988886014102,-0.004252502969085886,0.0063397954963225756]","[0.17546620909307897,-0.0037709265815237536,-0.0046923469544456475]","[1.81351659185476,-0.12823530020016027,2.971794893152577]","[0.5908408341781398,0.02484595450807958,0.036002162920291986]","[2.04348969,0.0813281462,3.03993726]","[0.585623085,0.0430720039,0.00893126242]","[-0.176399887,-0.00425250316,0.00633979542]","[2.036449670791626,0.08081097155809402,3.0398306846618652]","[0.5926257073879242,0.03817870933562517,0.01785348542034626]","[-0.08953529223799706,0.032262581400573254,-0.0029555452056229115]","[2.03554105758667,0.08418325334787369,3.0308895111083984]","[0.5919520854949951,0.02604736015200615,0.016083363443613052]",0.08157278800578567,0.23243105290017127,0.17179754282914272,0.029049802213921817,0.7761585310320444,0.2254431941550223,16.0,16.0,NOT_RECORDED,NOT_RECORDED,16.0,16.0,12.0,12.0,0.5872728409036782,0.17656499533686562,0.01253009294692761,0.17556944079400677,0.1588553832312701,0.021848496394931284,0.17179754282914272,0.029049802213921817,-1.904
28440000000,1,4.48,MAIN,MAIN,TRACK_MAIN,False,"[1.8905742791917621,-0.08064724360715109,2.985977766362035]","[0.5821307885808906,0.04298621504626067,0.009057093819376139]","[-0.17280295884208918,-0.004325628326061343,0.006242010758041261]","[0.18419573128149125,-0.003541027881133446,-0.005085348617309693]","[1.82243351018556,-0.1282026014571968,2.973233558759693]","[0.5878925069366469,0.02445151767211607,0.03784639551119739]","[2.0551672,0.0821887255,3.04011726]","[0.58213079,0.0429862142,0.00905709341]","[-0.172802955,-0.00432562828,0.00624201074]","[2.045808434486389,0.0814998485147953,3.0399739742279053]","[0.5898680984973907,0.038683509454131126,0.017853516153991222]","[-0.08704522997140884,0.03375978022813797,-0.0039830373134464025]","[2.0495071411132812,0.08464441448450089,3.0312633514404297]","[0.5879002213478088,0.025919431820511818,0.016463635489344597]",0.08406599365031074,0.23373440279330893,0.17548367332646347,0.02861309643895444,0.7714524746000055,0.22252146105394668,16.0,16.0,NOT_RECORDED,NOT_RECORDED,12.0,20.0,12.0,12.0,0.5837860058671036,0.17296975557391384,0.01226055422576745,0.18429993779526316,0.15866310465988145,0.021793061621650858,0.17548367332646347,0.02861309643895444,-1.888
28456000000,1,4.496,MAIN,MAIN,TRACK_MAIN,False,"[1.8998663799494073,-0.07996002023247682,2.9861234753156967]","[0.5793898117267027,0.04291655967155175,0.009156301766894526]","[-0.16980089170974644,-0.0043807964166651114,0.006158153563152469]","[0.19104171963263106,-0.003354617464250198,-0.005396264695524788]","[1.831830939147266,-0.1278074173179147,2.9738616777629665]","[0.586334778380098,0.025031775648242157,0.03822342247143802]","[2.06445932,0.0828759521,3.04026294]","[0.579389811,0.0429165587,0.00915630162]","[-0.169800892,-0.00438079657,0.00615815353]","[2.0574902296066284,0.08236053213477135,3.040153682231903]","[0.5899490416049957,0.03942937683314085,0.017904038541018963]","[-0.07543010264635086,0.035891007632017136,-0.004825239768251777]","[2.0495071411132812,0.08464441448450089,3.0312633514404297]","[0.5879002213478088,0.025919431820511818,0.016463635489344597]",0.08407464714298468,0.22699027676699188,0.16904099502254377,0.02989985518438705,0.7691125207395133,0.21762108820086004,16.0,16.0,NOT_RECORDED,NOT_RECORDED,12.0,16.0,12.0,12.0,0.5810492430842608,0.16996898851842554,0.01203348032094278,0.19114735617106618,0.15833796380676754,0.022770784940490816,0.16904099502254377,0.02989985518438705,-1.872
28472000000,1,4.5120000000000005,MAIN,MAIN,TRACK_MAIN,False,"[1.9091150139938753,-0.07927391827768368,2.986270760651102]","[0.57669773881147,0.042846045561270404,0.009254128341443624]","[-0.16669030913722516,-0.004432964460388628,0.006069347986155049]","[0.19775920800829816,-0.0031660274675623934,-0.005703862259422432]","[1.8412039388750805,-0.12740360238857626,2.974494399236289]","[0.5843731110186077,0.025716919934180668,0.03856452442658687]","[2.07370806,0.0835620537,3.04041028]","[0.576697767,0.0428460464,0.00925412867]","[-0.166690305,-0.0044329646,0.00606934819]","[2.067535082499186,0.08310446391503017,3.0403122901916504]","[0.5882050593694051,0.040014428397019706,0.01789046823978424]","[-0.06998045742511749,0.03719419613480568,-0.0060075814835727215]","[2.0587635040283203,0.08494734764099121,3.031536102294922]","[0.5852896571159363,0.02591668628156185,0.01673540286719799]",0.08406582721044974,0.22674268654943047,0.16933284506336604,0.0297680568146671,0.7656254036686297,0.2141620160978197,16.0,16.0,NOT_RECORDED,NOT_RECORDED,16.0,12.0,20.0,20.0,0.5783612231658178,0.16685966354738885,0.01179634599961621,0.1978667787342513,0.15800308229071014,0.02344980914228339,0.16933284506336604,0.0297680568146671,-1.856
28488000000,1,4.5280000000000005,MAIN,MAIN,TRACK_MAIN,False,"[1.9183209775894463,-0.0785889510970525,2.9864195996351897]","[0.5740562893895973,0.042774720993752374,0.009350494802436826]","[-0.16347331302977786,-0.004482097846934152,0.005975648766699537]","[0.20434244898650178,-0.00297529086029677,-0.00600793553179968]","[1.850545890667637,-0.12699171056778505,2.975131616946352]","[0.5818919110806666,0.025877171636373448,0.039048057085003064]","[2.08291388,0.0842470229,3.04055905]","[0.574056268,0.042774722,0.00935049448]","[-0.163473308,-0.00448209792,0.00597564876]","[2.0798381169637046,0.08401851107676823,3.0405097007751465]","[0.5892911354700724,0.04083428035179774,0.017919793725013733]","[-0.055165186524391174,0.03919496014714241,-0.007126608397811651]","[2.0725762844085693,0.08540400862693787,3.031982421875]","[0.5814226865768433,0.0259675532579422,0.017178747802972794]",0.08404586893371907,0.2297049439854368,0.1729182730369101,0.0290323101651501,0.7640350586528936,0.20891273091526566,16.0,16.0,NOT_RECORDED,NOT_RECORDED,20.0,12.0,20.0,20.0,0.5757236593166003,0.1636438866937112,0.011549278729599554,0.2044524005798384,0.15765872091503985,0.0234593881439373,0.1729182730369101,0.0290323101651501,-1.84
28504000000,1,4.5440000000000005,MAIN,MAIN,TRACK_MAIN,False,"[1.9274850942403337,-0.07790513126800318,2.9865699682821996]","[0.5714671486469847,0.0427026347968531,0.00944532331155118]","[-0.16015209769375183,-0.004528162498158045,0.005877113953644542]","[0.21078563985408394,-0.0027824411923752235,-0.006308276639237498]","[1.859845300808767,-0.12656976897661373,2.9757741067063144]","[0.5799622112548578,0.027128486312208003,0.03927586178065558]","[2.09207797,0.0849308372,3.0407095]","[0.571467161,0.0427026339,0.00944532361]","[-0.160152093,-0.00452816254,0.0058771139]","[2.082913875579834,0.08424702286720276,3.0405590534210205]","[0.5792568027973175,0.04069493990391493,0.01768536865711212]","[-0.07637182623147964,0.03806027490645647,-0.009115150198340416]","[2.0817370414733887,0.0857100561261177,3.0323047637939453]","[0.5787899494171143,0.026088854297995567,0.01743878796696663]",0.08402344462077835,0.2294673490754266,0.1731943645155133,0.029060945580912226,0.7552122795740055,0.2108557363439571,16.0,16.0,NOT_RECORDED,NOT_RECORDED,16.0,16.0,12.0,12.0,0.573138230389291,0.1603238569887304,0.01129243108752184,0.21089836960451297,0.15730821210018286,0.024750993140770054,0.1731943645155133,0.029060945580912226,-1.824
28520000000,1,4.556,MAIN,MAIN,TRACK_MAIN,False,"[1.9343312301221864,-0.07739302646899679,2.9866837334812777]","[0.5695606142272407,0.04264810000821617,0.009515389125194229]","[-0.15759416492033118,-0.004560676933980989,0.005800076289812384]","[0.21552260324275174,-0.0026364377552453855,-0.006530957005528082]","[1.868624804656848,-0.12676024512747947,2.9782686821684217]","[0.5763332693766948,0.026142539768752464,0.04233348546967521]","[2.09892416,0.0854429454,3.04082322]","[0.569560587,0.0426480994,0.00951538887]","[-0.157594159,-0.00456067687,0.00580007629]","[2.090919017791748,0.08484498411417007,3.0406911373138428]","[0.575328916311264,0.04106712155044079,0.017559915781021118]","[-0.0778655931353569,0.03863725811243057,-0.010731637477874756]","[2.095407009124756,0.08617229759693146,3.0328235626220703]","[0.5750130414962769,0.02623928338289261,0.017842255532741547]",0.08261519057718443,0.23415359414542036,0.1767858745229833,0.028662412544877027,0.7508577068891074,0.2095344898113555,16.0,16.0,NOT_RECORDED,NOT_RECORDED,12.0,20.0,12.0,12.0,0.5712343620121485,0.15776679459252613,0.011093483851922941,0.2156376514247406,0.15668862131837427,0.02406626722431676,0.1767858745229833,0.028662412544877027,-1.808
28536000000,1,4.5760000000000005,MAIN,MAIN,TRACK_MAIN,False,"[1.945691213529816,-0.07654098003782125,2.9868751924484496]","[0.5664523531734691,0.04255637552225319,0.009630059951997616]","[-0.15320625387469455,-0.004610951998576168,0.005665786489420288]","[0.22322838394883604,-0.002390539777727324,-0.006896920384537597]","[1.8775166677218083,-0.12675162920604527,2.9801876272710395]","[0.5735273639542159,0.0257291248774194,0.04435014324157392]","[2.11028409,0.0862949938,3.04101467]","[0.566452324,0.0425563753,0.00963005982]","[-0.153206259,-0.00461095199,0.00566578656]","[2.101764142513275,0.08565595746040344,3.0408710837364197]","[0.5749176442623138,0.04173261299729347,0.017499310430139303]","[-0.06795112416148186,0.040101123973727226,-0.012070788070559502]","[2.095407009124756,0.08617229759693146,3.0328235626220703]","[0.5750130414962769,0.02623928338289261,0.017842255532741547]",0.08493292361637356,0.225835521765027,0.17050649351474353,0.02980962476525224,0.7479808345956542,0.20352086818189785,16.0,16.0,NOT_RECORDED,NOT_RECORDED,12.0,16.0,12.0,12.0,0.5681303121362481,0.15338030591048588,0.010750141089465084,0.22334769663381018,0.15615511573248442,0.024061333699186477,0.17050649351474353,0.02980962476525224,-1.792
28552000000,1,4.5920000000000005,MAIN,MAIN,TRACK_MAIN,False,"[1.9547349942007841,-0.07586066982940527,2.9870299938706952]","[0.5640298835315587,0.04248230276982094,0.009719817399624464]","[-0.14958648397169583,-0.004647611435868365,0.005553126783845341]","[0.22921605529379896,-0.0021915580343195296,-0.007184796794482584]","[1.8866848228788828,-0.12633416246275683,2.9809132990332268]","[0.5719333373879388,0.02662432072194888,0.044422996506296004]","[2.11932802,0.0869752988,3.0411694]","[0.564029872,0.0424823016,0.00971981697]","[-0.149586484,-0.00464761164,0.0055531268]","[2.1132922967274985,0.08652156467239062,3.0410664876302085]","[0.575491468111674,0.04246373288333416,0.01743625073383252]","[-0.05483477686842283,0.04142888200779756,-0.01318486345311006]","[2.104477882385254,0.08648708462715149,3.0331926345825195]","[0.572533130645752,0.026399878785014153,0.018042108044028282]",0.08494594299484716,0.22563402965067578,0.17080197847270506,0.029710796840721157,0.7462355337806518,0.1976458069856869,16.0,16.0,NOT_RECORDED,NOT_RECORDED,16.0,12.0,20.0,20.0,0.5657109954875655,0.14976165629476287,0.010465146003077302,0.22933910315523104,0.15577663361826236,0.024910830625152886,0.17080197847270506,0.029710796840721157,-1.776
28568000000,1,4.6080000000000005,MAIN,MAIN,TRACK_MAIN,False,"[1.9637404827479656,-0.07518154934125948,2.987186216795908]","[0.5616660897051826,0.04240766902062444,0.009807735637074155]","[-0.14587221376946324,-0.00468107133261636,0.005435897442935045]","[0.2350399127637477,-0.001990603236892874,-0.007468088583653443]","[1.8958248703686151,-0.12589983721284237,2.981638127554737]","[0.5698065959708619,0.027490492598408457,0.044617152994218125]","[2.12833333,0.0876544192,3.04132557]","[0.561666071,0.0424076691,0.00980773568]","[-0.14587222,-0.00468107127,0.0054358975]","[2.1253251234690347,0.0874278483291467,3.041273752848307]","[0.5768107970555624,0.0432457085698843,0.017372867402931053]","[-0.03962638850013415,0.04263682725528876,-0.014134064937631289]","[2.1180169582366943,0.0869653970003128,3.03377628326416]","[0.5689982771873474,0.026766512542963028,0.01824376732110977]",0.0849450200053831,0.22861211120725253,0.17431728138008803,0.02920258753935028,0.7450403881747704,0.19191793000596852,16.0,16.0,NOT_RECORDED,NOT_RECORDED,20.0,12.0,20.0,20.0,0.5633501561150044,0.1460484993412638,0.010171269744337538,0.23516695227078602,0.15538639407947438,0.025461090574013353,0.17431728138008803,0.02920258753935028,-1.76
28584000000,1,4.6240000000000006,MAIN,MAIN,TRACK_MAIN,False,"[1.9727086299675811,-0.07450362713844998,2.9873438312149783]","[0.5593624624721389,0.0423325257183141,0.009893742146308004]","[-0.14206611284965298,-0.004711300410808916,0.005314173564663238]","[0.24069387718965984,-0.001787711838844075,-0.007746577397550913]","[1.9049207780118569,-0.12544849416514228,2.982364517888238]","[0.5676282777959035,0.028599628534013762,0.04470301126923044]","[2.13730168,0.0883323476,3.04148316]","[0.559362471,0.0423325263,0.00989374239]","[-0.142066106,-0.0047113006,0.00531417364]","[2.128333330154419,0.08765441924333572,3.041325569152832]","[0.5670415759086609,0.04307550843805075,0.01704445481300354]","[-0.06058836728334427,0.040619585663080215,-0.01641568774357438]","[2.1314666271209717,0.08745421469211578,3.0344152450561523]","[0.5653507113456726,0.027247803285717964,0.018599875271320343]",0.08494330997991778,0.23162504655493887,0.17784677696567602,0.02866966706368613,0.7366121589499262,0.191362364796288,16.0,16.0,NOT_RECORDED,NOT_RECORDED,16.0,16.0,12.0,12.0,0.5610492788429946,0.14224351377987887,0.009868821140309328,0.24082513965860383,0.1549914001611992,0.02619539295034915,0.17784677696567602,0.02866966706368613,-1.744
28600000000,1,4.640000000000001,MAIN,MAIN,TRACK_MAIN,False,"[1.9816404101624245,-0.07382691095896646,2.9875028059682727]","[0.5571204491164643,0.0422569248022977,0.009977765638892244]","[-0.13817094850292122,-0.004738267980334637,0.005188033757445698]","[0.2461718141113174,-0.0015829208742647038,-0.008020042785460868]","[1.913986243665487,-0.1249817218741181,2.9830895957989427]","[0.5657641081833482,0.029475448182216164,0.04482783919161812]","[2.14623332,0.0890090615,3.04164219]","[0.557120442,0.0422569253,0.00997776538]","[-0.138170943,-0.00473826798,0.00518803392]","[2.1372833251953125,0.08833174034953117,3.0414838790893555]","[0.5647818148136139,0.043520376086235046,0.01685028150677681]","[-0.05650394782423973,0.041071806102991104,-0.018187719397246838]","[2.1314666271209717,0.08745421469211578,3.0344152450561523]","[0.5653507113456726,0.027247803285717964,0.018599875271320343]",0.08493160394198927,0.22507837239629186,0.17167278920930276,0.0296601976201513,0.7331691754374601,0.18702043341611269,16.0,16.0,NOT_RECORDED,NOT_RECORDED,12.0,20.0,12.0,12.0,0.558809805143595,0.13834947736771094,0.00955814873023634,0.24630750858963235,0.15458372571620962,0.027039555679868828,0.17167278920930276,0.0296601976201513,-1.728
28616000000,1,4.656000000000001,MAIN,MAIN,TRACK_MAIN,False,"[1.9905368204334497,-0.07315140770586409,2.9876631087657497]","[0.5549414518579621,0.04218091869825971,0.010059736112435214]","[-0.13418958661362979,-0.004761943948273006,0.0050575601736783105]","[0.2514675337773511,-0.0013762679579413795,-0.00828826220045309]","[1.9230278122633577,-0.12450237905200712,2.983814898290378]","[0.564121697245455,0.0303621267925171,0.04496752157316746]","[2.15512967,0.0896845609,3.04180241]","[0.554941475,0.0421809182,0.0100597357]","[-0.134189591,-0.00476194406,0.00505756028]","[2.148457407951355,0.0891779363155365,3.041682243347168]","[0.5653493851423264,0.04419538006186485,0.016703065484762192]","[-0.04312225058674812,0.04216267727315426,-0.01980505185201764]","[2.140388011932373,0.08778891712427139,3.0348596572875977]","[0.5629895925521851,0.027489589527249336,0.018801335245370865]",0.08490699126788506,0.22491038647081568,0.17196676662092397,0.029614519600023554,0.7316303996458263,0.1810776701147727,16.0,16.0,NOT_RECORDED,NOT_RECORDED,12.0,16.0,12.0,12.0,0.5566331315894733,0.13436926799165694,0.009239644834973129,0.2516078495354601,0.15415742441279348,0.027986776268662403,0.17196676662092397,0.029614519600023554,-1.712
28632000000,1,4.672000000000001,MAIN,MAIN,TRACK_MAIN,False,"[1.999398879946023,-0.07247712343956199,2.987824706208003]","[0.5528268262676246,0.04210456030853171,0.010139584907559895]","[-0.13012499254447363,-0.0047822988281855106,0.0049228385432776856]","[0.25657479114520854,-0.0011677912853555739,-0.008551010999382047]","[1.9320454493103223,-0.12400949314620252,2.9845402940780836]","[0.5623542026224558,0.03143917018496918,0.0450583231051187]","[2.16399193,0.0903588459,3.04196405]","[0.552826822,0.0421045609,0.0101395845]","[-0.130124986,-0.00478229905,0.00492283842]","[2.158078153928121,0.08990911891063054,3.0418564875920615]","[0.5641465584437052,0.044701252753535904,0.01648836148281892]","[-0.03582956766088804,0.04200883892675241,-0.02180927184720834]","[2.1492691040039062,0.08812510967254639,3.0353307723999023]","[0.5606606006622314,0.027900584042072296,0.019057465717196465]",0.08486964774888124,0.22474649644607425,0.17225007015271923,0.02956723375706685,0.7289914223123307,0.1757246154318246,16.0,16.0,NOT_RECORDED,NOT_RECORDED,16.0,12.0,20.0,20.0,0.5545206082933318,0.13030586481852827,0.00891375049080879,0.25671989984573673,0.15371902093697254,0.028906075223516264,0.17225007015271923,0.02956723375706685,-1.696
28648000000,1,4.688000000000001,MAIN,MAIN,TRACK_MAIN,False,"[2.0082276291708325,-0.07180406337029352,2.9879875638082014]","[0.5507778796689529,0.0420279030023151,0.010217244765409306]","[-0.12598023202117936,-0.004799303749407319,0.004783958207221106]","[0.26148728588116654,-0.0009575296326833627,-0.008808062442885678]","[1.941032540882234,-0.12349826033925346,2.9852639835896144]","[0.5598603294825553,0.03282141475017619,0.04499688835816603]","[2.17282057,0.091031909,3.04212689]","[0.550777853,0.0420279019,0.0102172447]","[-0.125980228,-0.0047993036,0.0047839582]","[2.1698720852533975,0.09080735097328822,3.042072812716166]","[0.5658034880956014,0.04542588380475839,0.016316325093309086]","[-0.01916986579696337,0.04300658839444319,-0.023505252475539844]","[2.162527322769165,0.0886458158493042,3.0360708236694336]","[0.5573022961616516,0.028442200273275375,0.019344592466950417]",0.08482268434555262,0.2277379174951013,0.175690748930633,0.02907658909841315,0.7283031879603348,0.17062691870518412,16.0,16.0,NOT_RECORDED,NOT_RECORDED,20.0,12.0,20.0,20.0,0.552473537333686,0.12616234950538016,0.008580961513489804,0.2616373434823366,0.15326900915575495,0.029613572611237638,0.175690748930633,0.02907658909841315,-1.68
28664000000,1,4.704000000000001,MAIN,MAIN,TRACK_MAIN,False,"[2.017024129099017,-0.0711322318507159,2.9881516460149595]","[0.5487958695250086,0.04195100060575305,0.01029264988569617]","[-0.12175847201715229,-0.0048129304663376005,0.004641012151084811]","[0.2661986623603383,-0.0007455223567967018,-0.00905918769538594]","[1.9499761178420316,-0.12296441565422679,2.9859846486873733]","[0.5579013952436727,0.0336990493733476,0.04512126583376764]","[2.18161702,0.0917037427,3.04229116]","[0.548795879,0.0419510007,0.0102926502]","[-0.121758468,-0.00481293024,0.00464101229]","[2.172820568084717,0.09103190898895264,3.0421268939971924]","[0.5563222467899323,0.04520402289927006,0.015887077897787094]","[-0.04021897912025452,0.04059255309402943,-0.025735945906490088]","[2.171323299407959,0.08900405466556549,3.036585807800293]","[0.5551290512084961,0.028932692483067513,0.01940910890698433]",0.08477444761704753,0.22759115150879727,0.1759659146149145,0.029225990418674935,0.7203248607647831,0.16750056676345912,16.0,16.0,NOT_RECORDED,NOT_RECORDED,16.0,16.0,12.0,12.0,0.5504931711667309,0.12194190748635997,0.008241836049098774,0.2663538108000674,0.1528137812046836,0.030277520104330668,0.1759659146149145,0.029225990418674935,-1.664
28680000000,1,4.720000000000001,MAIN,MAIN,TRACK_MAIN,False,"[2.025789460431378,-0.0704616323686796,2.988316916236152]","[0.546882001811392,0.04187390739185626,0.010365735985283453]","[-0.11746298163807722,-0.004823151367731454,0.004494097038584499]","[0.2707025096666591,-0.0005318093952612901,-0.0093041558250897]","[1.9588953609304287,-0.12241122271040862,2.986702243947981]","[0.556541368466342,0.034954441116386535,0.0449294056278898]","[2.19038248,0.0923743397,3.04245639]","[0.546881974,0.0418739058,0.0103657357]","[-0.117462985,-0.00482315151,0.00449409708]","[2.1816015243530273,0.09170312434434891,3.0422916412353516]","[0.5544012188911438,0.0455880519002676,0.015594873577356339]","[-0.035733871161937714,0.040294963866472244,-0.027290374040603638]","[2.1844513416290283,0.08955266326665878,3.03739070892334]","[0.5519185066223145,0.02958499826490879,0.019444460049271584]",0.08471238192445396,0.23062177798628616,0.17941639404115006,0.028958053014287773,0.7173937708811309,0.1623659823151547,16.0,16.0,NOT_RECORDED,NOT_RECORDED,12.0,20.0,12.0,12.0,0.5485807110243794,0.11764782935785739,0.007897004093088104,0.2708628783659328,0.1523446563174028,0.031463104001802245,0.17941639404115006,0.028958053014287773,-1.648
28696000000,1,4.736000000000001,MAIN,MAIN,TRACK_MAIN,False,"[2.034524722741528,-0.06979226754015981,2.9884833368636508]","[0.5450374293750748,0.04179667807027865,0.010436440357299737]","[-0.11309713300668278,-0.004829939485990142,0.004343313245113278]","[0.27499236159289,-0.000316431266338707,-0.009542733803987402]","[1.9677939225208598,-0.12183912592715981,2.9874151823674904]","[0.5553111899281266,0.036402465031878446,0.04473537669555643]","[2.19911766,0.0930436999,3.0426228]","[0.545037448,0.0417966768,0.0104364408]","[-0.113097131,-0.00482993945,0.00434331317]","[2.1925662755966187,0.09254167973995209,3.042497992515564]","[0.5553259551525116,0.04619621764868498,0.015351459151133895]","[-0.02167297899723053,0.04072744771838188,-0.028709135949611664]","[2.1844513416290283,0.08955266326665878,3.03739070892334]","[0.5519185066223145,0.02958499826490879,0.019444460049271584]",0.08463460356186972,0.22418904760637257,0.17338039629283128,0.029531631720455847,0.7163936688011074,0.15665051206838165,16.0,16.0,NOT_RECORDED,NOT_RECORDED,12.0,16.0,12.0,12.0,0.5467373052982863,0.11328351239132198,0.007547179630518608,0.27515806881070165,0.15186057519442417,0.032612678393479956,0.17338039629283128,0.029531631720455847,-1.632
28712000000,1,4.752000000000001,MAIN,MAIN,TRACK_MAIN,False,"[2.043231033612562,-0.0691241391023539,2.9886508692990263]","[0.5432632502790238,0.04171936777694396,0.010504701930799776]","[-0.10866440214730133,-0.0048332685064527425,0.004188764891284169]","[0.2790616966406141,-9.942906898502413e-05,-0.009774686507853292]","[1.976477289354635,-0.12222573391221289,2.988950461821198]","[0.5532634841319469,0.03558342014773711,0.04580468805339053]","[2.20782399,0.0937118307,3.04279017]","[0.543263257,0.0417193696,0.0105047021]","[-0.108664401,-0.00483326847,0.00418876484]","[2.2005687157313027,0.09315505499641101,3.0426506996154785]","[0.5525966286659241,0.04647358631094297,0.01500653987750411]","[-0.020132864514986675,0.03987406628827254,-0.03064095104734103]","[2.193164110183716,0.08993107825517654,3.037947654724121]","[0.5498440861701965,0.030089830979704857,0.019525036215782166]",0.08529907091805,0.22407289588879448,0.17365319499967352,0.029251257331876286,0.7130542541613138,0.15164917538728986,16.0,16.0,NOT_RECORDED,NOT_RECORDED,16.0,12.0,20.0,20.0,0.5449640479096691,0.1088524622128519,0.0071931762877831245,0.2792328507078003,0.15164946398674736,0.0317722273520316,0.17365319499967352,0.029251257331876286,-1.616
28728000000,1,4.768000000000001,MAIN,MAIN,TRACK_MAIN,False,"[2.0519095277471937,-0.06845724790694341,2.988819473980199]","[0.5415605061327007,0.04164203206352601,0.01057046133095152]","[-0.10416836987058531,-0.004833112776687437,0.0040305598764655]","[0.2829039380202403,0.00011915551714838934,-0.009999776716246855]","[1.9845527825409395,-0.12552581946167193,2.99296366506365]","[0.5489725593060792,0.027763029467204665,0.05035428877961412]","[2.21650243,0.0943787247,3.04295897]","[0.541560531,0.0416420326,0.0105704609]","[-0.10416837,-0.00483311294,0.00403055968]","[2.206372936566671,0.09360047553976376,3.042762279510498]","[0.5471120476722717,0.046505494664112725,0.014586336445063353]","[-0.02802566190560659,0.03835355428357919,-0.032769413044055305]","[2.206172227859497,0.09051576256752014,3.038813591003418]","[0.5467982888221741,0.03086172416806221,0.019604884088039398]",0.08837945068743966,0.2270876712685734,0.17702804803302116,0.028654893001518574,0.707963463417437,0.14722878414593743,16.0,16.0,NOT_RECORDED,NOT_RECORDED,20.0,12.0,20.0,20.0,0.543261976664883,0.10435829470399091,0.006835927713833849,0.283080638475633,0.15237260821211487,0.02662360868922269,0.17702804803302116,0.028654893001518574,-1.6
28744000000,1,4.784000000000001,MAIN,MAIN,TRACK_MAIN,False,"[2.0605613560510214,-0.06779159391352897,2.9889891104090727]","[0.5399301804084278,0.04156472688677712,0.010633660939766587]","[-0.09961272265814003,-0.004829447315782248,0.003868809912322746]","[0.28651245365102085,0.0003392802317158661,-0.010217765112510824]","[1.9933270720727976,-0.12506550205255007,2.993758467362681]","[0.5474889084563744,0.02929312248836985,0.05011643937533155]","[2.2251544,0.0950443745,3.04312849]","[0.539930165,0.0415647253,0.0106336605]","[-0.0996127203,-0.00482944725,0.0038688099]","[2.2143328189849854,0.0942120011895895,3.042916774749756]","[0.5445124059915543,0.04674975760281086,0.014212315902113914]","[-0.025963449850678444,0.03766693361103535,-0.03445163741707802]","[2.2148075103759766,0.0909210667014122,3.0394067764282227]","[0.5447704195976257,0.03135446086525917,0.01954999938607216]",0.08845053002290268,0.22698794199324757,0.1772924408721021,0.02854019787384216,0.7048408472278236,0.14222397627233446,16.0,16.0,NOT_RECORDED,NOT_RECORDED,16.0,16.0,12.0,12.0,0.5416320715966066,0.09980473819855011,0.006476514359454315,0.2866947923002761,0.15193764733986534,0.02757350667733333,0.1772924408721021,0.02854019787384216,-1.584
28760000000,1,4.800000000000001,MAIN,MAIN,TRACK_MAIN,False,"[2.069187684688849,-0.06712717618323373,2.989159737180118]","[0.5383731967435352,0.041487508597710165,0.01069424495736604]","[-0.0950012535472311,-0.004822247823636577,0.0037036305563591387]","[0.2898805561610196,0.0005609022336762193,-0.010428410283772394]","[2.00208051900714,-0.1245902967344064,2.994546407053139]","[0.5461373369313466,0.030311359054290537,0.049766254034763646]","[2.23378062,0.0957087949,3.0432992]","[0.538373172,0.0414875075,0.0106942449]","[-0.0950012505,-0.00482224766,0.00370363053]","[2.2251415252685547,0.09504375979304314,3.043129086494446]","[0.5457972586154938,0.04728270322084427,0.013899283483624458]","[-0.011451102793216705,0.0375715009868145,-0.035750022158026695]","[2.2277016639709473,0.09154254198074341,3.0403175354003906]","[0.5419952273368835,0.032196205109357834,0.019413651898503304]",0.0885121354483773,0.2300432163938496,0.18068832536225027,0.028353728343778358,0.7043458230390361,0.13655199807267362,16.0,16.0,NOT_RECORDED,NOT_RECORDED,12.0,20.0,12.0,12.0,0.5400752532904155,0.09519563608126086,0.0061161989348292025,0.2900686180761105,0.15149226030266158,0.028332364620450187,0.18068832536225027,0.028353728343778358,-1.568
28776000000,1,4.816000000000001,MAIN,MAIN,TRACK_MAIN,False,"[2.0777896941135285,-0.06646399287248447,2.98933131200997]","[0.5368904172284115,0.04141043393063157,0.010752159463781608]","[-0.09033786301534619,-0.004811490690251358,0.003535141245451179]","[0.29300150288713667,0.0007839781012934088,-0.010631468720942783]","[2.0108154457198046,-0.12409867817026597,2.9953264685814207]","[0.5449807624415344,0.031343881728238286,0.04941055321961508]","[2.24238253,0.0963719785,3.04347062]","[0.536890388,0.041410435,0.0107521592]","[-0.0903378651,-0.00481149089,0.00353514124]","[2.235931098461151,0.09587459079921246,3.0433420538902283]","[0.5471349507570267,0.0478053018450737,0.013578508282080293]","[0.0029307622462511063,0.037487609311938286,-0.03699733316898346]","[2.2277016639709473,0.09154254198074341,3.0403175354003906]","[0.5419952273368835,0.032196205109357834,0.019413651898503304]",0.0885621183102276,0.22369456573299634,0.17472339351617724,0.028699230373159444,0.7039556224662057,0.13235940519869926,16.0,16.0,NOT_RECORDED,NOT_RECORDED,12.0,16.0,12.0,12.0,0.5385923811967224,0.09053494993905457,0.005756473634861885,0.29319536736269974,0.15103714529689738,0.02895241354607299,0.17472339351617724,0.028699230373159444,-1.552
28792000000,1,4.832000000000001,MAIN,MAIN,TRACK_MAIN,False,"[2.0863685780675443,-0.0658020412269659,2.9895037917679947]","[0.5354826406804243,0.041333559992024815,0.010807352481291277]","[-0.0856265598649415,-0.004797153005021398,0.0033634653293925787]","[0.29586849587510144,0.0010084638321365968,-0.010826694818717342]","[2.0195341084890894,-0.12358962722286407,2.996098292914334]","[0.5439229799960801,0.032506026951203096,0.049059505306817346]","[2.25096154,0.0970339328,3.04364324]","[0.535482645,0.0413335599,0.0108073521]","[-0.0856265575,-0.00479715317,0.00336346542]","[2.245238502820333,0.09659242381652196,3.0435282786687217]","[0.5466927289962769,0.048148300498723984,0.013204865312824646]","[0.01129939779639244,0.037180534874399505,-0.038300578792889915]","[2.2362661361694336,0.09197190403938293,3.0409364700317383]","[0.5402398705482483,0.03269834816455841,0.019267454743385315]",0.0885987520478466,0.2236229329098424,0.1749814228328512,0.028345939662835933,0.7024665368687631,0.128690649866963,16.0,16.0,NOT_RECORDED,NOT_RECORDED,16.0,12.0,20.0,20.0,0.5371842519279112,0.0858267634848246,0.005399123237419521,0.29606823735651433,0.1505743536759112,0.02955950755767686,0.1749814228328512,0.028345939662835933,-1.536
28808000000,1,4.848,MAIN,MAIN,TRACK_MAIN,False,"[2.094925542556627,-0.06514131757575713,2.9896771325078753]","[0.534150600903553,0.04125694424928547,0.010859774037300318]","[-0.08087146210810303,-0.004779212566025981,0.0031887301044315475]","[0.29847468187945125,0.0012343148430798423,-0.011013840875575553]","[2.0282386974957505,-0.12306263095464623,2.996862177539095]","[0.5427086619027298,0.03350232504189342,0.04862662658852877]","[2.25951838,0.0976946503,3.04381657]","[0.5341506,0.0412569456,0.0108597744]","[-0.0808714628,-0.00477921264,0.00318873022]","[2.2566624085108438,0.09747420499722163,3.0437589089075723]","[0.5492037534713745,0.04869931563735008,0.01287908557181557]","[0.030198078602552414,0.037039716417590775,-0.03952601055304209]","[2.2490644454956055,0.09264123439788818,3.0418787002563477]","[0.5375590324401855,0.03357153385877609,0.019079439342021942]",0.08862075783815833,0.22666966886186213,0.1783179755065062,0.027785610299729053,0.7030195195163865,0.12824529180133873,16.0,16.0,NOT_RECORDED,NOT_RECORDED,20.0,12.0,20.0,20.0,0.5358515975403607,0.08107528757847556,0.005046309317066539,0.29868037087663457,0.1500963082871911,0.03002074637629753,0.1783179755065062,0.027785610299729053,-1.52
28824000000,1,4.86,MAIN,MAIN,TRACK_MAIN,False,"[2.1013296131142933,-0.06464657798034519,2.989807676203088]","[0.5332016771510268,0.041199686650929934,0.010897242535837015]","[-0.07727893788593931,-0.004763379978428572,0.003055749834522059]","[0.30025401296197884,0.0014045719193248596,-0.011148747701230088]","[2.0351792827386275,-0.12394011092471524,3.0009229009079847]","[0.5362927413487552,0.03163081029790796,0.05293242715580678]","[2.26592255,0.0981893912,3.04394698]","[0.533201694,0.0411996879,0.0108972425]","[-0.0772789344,-0.00476338016,0.00305574993]","[2.2595183849334717,0.09769465029239655,3.043816566467285]","[0.5402723848819733,0.04832279775291681,0.012320565059781075]","[0.00958457961678505,0.034337541088461876,-0.041514390148222446]","[2.257561445236206,0.09309836477041245,3.0425148010253906]","[0.5358768105506897,0.03412086144089699,0.018954012542963028]",0.08952730018310161,0.22818828484092496,0.17857547056240117,0.027705510223229264,0.6962184659972243,0.1189250576538326,16.0,16.0,NOT_RECORDED,NOT_RECORDED,16.0,16.0,12.0,12.0,0.534902040182768,0.07748588024052475,0.004786247773128318,0.30046420701533555,0.1500691743374481,0.028621117150976056,0.17857547056240117,0.027705510223229264,-1.504
28840000000,1,4.88,MAIN,MAIN,TRACK_MAIN,False,"[2.1119785921259844,-0.06382353495563688,2.990026217266041]","[0.5317163312717561,0.0411047189569283,0.01095611328104995]","[-0.07124690617915874,-0.004732438218223639,0.0028306108462984314]","[0.30287694349966543,0.001689931469288558,-0.011362891579381973]","[2.043320357421686,-0.12378470066451211,3.0025673595979083]","[0.5336635202283975,0.03136918109959102,0.05372435069737131]","[2.27657151,0.0990124345,3.04416561]","[0.531716347,0.041104719,0.0109561132]","[-0.0712469071,-0.00473243836,0.00283061084]","[2.268044948577881,0.0983535423874855,3.0439910888671875]","[0.5391300916671753,0.04852692782878876,0.011902626138180494]","[0.015546523034572601,0.03364739753305912,-0.0429066177457571]","[2.27026629447937,0.0938139259815216,3.043478012084961]","[0.5333781838417053,0.034904055297374725,0.01868053339421749]",0.09201399261452502,0.22969906437857365,0.1819626926037539,0.027696900538502673,0.6942793338639625,0.11410581733535267,16.0,16.0,NOT_RECORDED,NOT_RECORDED,12.0,20.0,12.0,12.0,0.5334153084416036,0.07145998859049961,0.0043655233712688694,0.3030947278939626,0.14974445535592928,0.028941401777323406,0.1819626926037539,0.027696900538502673,-1.488
28856000000,1,4.896,MAIN,MAIN,TRACK_MAIN,False,"[2.1204771409050505,-0.06316646401162232,2.9902018696116555]","[0.5306152280974956,0.041029226043202555,0.010999941622603093]","[-0.06638623804109756,-0.004703563532617361,0.0026475014397495666]","[0.30465903616876844,0.0019196050148276578,-0.01152429034220992]","[2.0518505697454237,-0.12327367036016981,3.003399484927952]","[0.5322814134042475,0.03213728073778961,0.053331456525841425]","[2.28507018,0.0996695086,3.04434133]","[0.530615211,0.041029226,0.0109999413]","[-0.0663862377,-0.00470356364,0.00264750142]","[2.2786961793899536,0.09917670302093029,3.0442095398902893]","[0.5409201681613922,0.04894498363137245,0.011536950245499611]","[0.03126315772533417,0.03371537756174803,-0.04403306823223829]","[2.27026629447937,0.0938139259815216,3.043478012084961]","[0.5333781838417053,0.034904055297374725,0.01868053339421749]",0.09217732679022066,0.22342332180805705,0.17606672345348756,0.028341528542333246,0.6945538783355404,0.11413458556932946,16.0,16.0,NOT_RECORDED,NOT_RECORDED,12.0,16.0,12.0,12.0,0.5323127993899472,0.06660529539779936,0.004044930324495764,0.3048829652023666,0.14928830233221568,0.0295561903543077,0.17606672345348756,0.028341528542333246,-1.472
28872000000,1,4.912,MAIN,MAIN,TRACK_MAIN,False,"[2.1289586953665243,-0.06251059710127295,2.990378199664087]","[0.5295921114760844,0.040954224573558906,0.011040819939784341]","[-0.06149935713393262,-0.0046710045582290805,0.002461882044623831]","[0.30615235596074797,0.0021504597010140736,-0.011676597295881552]","[2.0603629726158217,-0.12274585471453081,3.004221721502918]","[0.5307843632383904,0.033455363488558,0.052905023894726906]","[2.29355168,0.100325376,3.04451752]","[0.529592097,0.0409542248,0.0110408198]","[-0.0614993572,-0.0046710046,0.00246188208]","[2.2878947257995605,0.09988793109854062,3.044400215148926]","[0.540912538766861,0.04918970415989558,0.011124808030823866]","[0.04004638890425364,0.03331728093326092,-0.04523457462588946]","[2.2787082195281982,0.09430733323097229,3.0441246032714844]","[0.5319037437438965,0.035393841564655304,0.018445651978254318]",0.09233256487463669,0.22339529798334157,0.1763533222778458,0.02837269830402803,0.6937118306253176,0.11322253911255975,16.0,16.0,NOT_RECORDED,NOT_RECORDED,16.0,12.0,20.0,20.0,0.5312880129958342,0.06172560307256323,0.003744018338604078,0.30638249372582044,0.1488233518361632,0.03015553214291514,0.1763533222778458,0.02837269830402803,-1.456
28888000000,1,4.928,MAIN,MAIN,TRACK_MAIN,False,"[2.1374245064521045,-0.06185592588909666,2.9905551599079194]","[0.5286473635452431,0.04087977364578402,0.011078709247522744]","[-0.056590940787607735,-0.004634742775926709,0.002273900192531708]","[0.3073497731742627,0.0023824480412469595,-0.011819554257796017]","[2.068855023644343,-0.122201652947147,3.0050350272133244]","[0.5289878395924044,0.03494409461315772,0.052418551998428244]","[2.30201745,0.100980043,3.04469466]","[0.528647363,0.0408797748,0.0110787088]","[-0.0565909408,-0.00463474263,0.0022739002]","[2.2991929054260254,0.10076162094871204,3.044635772705078]","[0.5439300835132599,0.04965856422980627,0.010757385132213434]","[0.0594756950934728,0.033295294269919395,-0.046501838912566505]","[2.2913260459899902,0.09504937380552292,3.045107841491699]","[0.5296958684921265,0.03618660941720009,0.018190937116742134]",0.09248268650872299,0.2264529796941764,0.17968710606929889,0.028133930907143348,0.6949580556732673,0.11893609233553248,16.0,16.0,NOT_RECORDED,NOT_RECORDED,20.0,12.0,20.0,20.0,0.5303413322335514,0.05682592754994084,0.0034691176953737302,0.3075861846569071,0.14834668106909782,0.03064123924840893,0.17968710606929889,0.028133930907143348,-1.44
28904000000,1,4.944,MAIN,MAIN,TRACK_MAIN,False,"[2.1458758306141767,-0.06120244109169809,2.990732702223033]","[0.5277812906905375,0.04080593264786747,0.011113572954388196]","[-0.05166578084957507,-0.004594760431009898,0.002083707562778092]","[0.30824410281686454,0.002615521968231227,-0.011952900949138923]","[2.0773110261924637,-0.12163866022991615,3.005833280009201]","[0.5278206859118432,0.03591534657874897,0.05181996464747667]","[2.31046867,0.101633526,3.04487205]","[0.527781308,0.0408059321,0.0111135729]","[-0.0516657792,-0.00459476048,0.0020837076]","[2.3083558678627014,0.10147015564143658,3.044827699661255]","[0.5441068112850189,0.0498883118852973,0.010326897026970983]","[0.06887909770011902,0.032285142689943314,-0.04766605421900749]","[2.299713373184204,0.09555359929800034,3.045771598815918]","[0.5283234119415283,0.036768462508916855,0.017911816015839577]",0.09263744620069465,0.22642377490185084,0.17996861181932905,0.02833755946434153,0.6943724990099305,0.12051520949033773,16.0,16.0,NOT_RECORDED,NOT_RECORDED,16.0,16.0,12.0,12.0,0.529473064891921,0.051911526383086354,0.0032278635888601426,0.30848685501596335,0.14786916417347845,0.031186324024206853,0.17996861181932905,0.02833755946434153,-1.424
28920000000,1,4.96,MAIN,MAIN,TRACK_MAIN,False,"[2.1543139285889765,-0.06055013247323476,2.99091077792344]","[0.5269941217058758,0.04073276124569675,0.011145376929225015]","[-0.04672878456952034,-0.004551040542500079,0.0018914600158963513]","[0.30882810460486354,0.002849632833976018,-0.012076374994878014]","[2.084388719675802,-0.12189618441148324,3.009334445158212]","[0.5231927970482003,0.03439022529450752,0.055034337730499795]","[2.31890678,0.10228584,3.04505014]","[0.526994109,0.04073276,0.0111453766]","[-0.0467287861,-0.00455104047,0.00189146004]","[2.314687728881836,0.10195968300104141,3.044961094856262]","[0.5404450595378876,0.04981145262718201,0.009817338082939386]","[0.06476533599197865,0.030769390054047108,-0.0486819501966238]","[2.3122522830963135,0.09630962461233139,3.0467748641967773]","[0.5264116525650024,0.037508025765419006,0.017337482422590256]",0.0948277619916181,0.22950011623653474,0.18332717630217496,0.028475629320666843,0.6912706533292231,0.11401788060303233,16.0,16.0,NOT_RECORDED,NOT_RECORDED,12.0,20.0,12.0,12.0,0.52868344174765,0.04698796546304018,0.0030290050338483226,0.30907726774083194,0.1476212783922933,0.0314349361826389,0.18332717630217496,0.028475629320666843,-1.408
28936000000,1,4.976,MAIN,MAIN,TRACK_MAIN,False,"[2.1627400641403973,-0.05989898884106959,2.9910893377971823]","[0.5262860059400971,0.04066031937060305,0.01117408956831889]","[-0.04178497548401694,-0.004503566912432422,0.0016973176271926071]","[0.3090944829634381,0.00308473140979601,-0.012189711923766278]","[2.09186125448337,-0.12189007397461621,3.011969377498001]","[0.5198732131136113,0.03382874670930226,0.05688670213385529]","[2.32733297,0.102936983,3.04522872]","[0.526286006,0.040660318,0.0111740893]","[-0.0417849757,-0.00450356677,0.00169731758]","[2.321013331413269,0.10244862549006939,3.0450947880744934]","[0.5368312001228333,0.049730442464351654,0.009304870385676622]","[0.06044961791485548,0.029367331881076097,-0.04969617258757353]","[2.3122522830963135,0.09630962461233139,3.0467748641967773]","[0.5264116525650024,0.037508025765419006,0.017337482422590256]",0.09645038285221827,0.2232843755943435,0.17747386846159202,0.028763573656795355,0.6882660356191684,0.10763576143685787,16.0,16.0,NOT_RECORDED,NOT_RECORDED,12.0,16.0,20.0,12.0,0.527972614722942,0.042061231297505206,0.0028816865219226735,0.30935013179743454,0.14734925600140844,0.03209697722808917,0.17747386846159202,0.028763573656795355,-1.392
28952000000,1,4.992,MAIN,MAIN,TRACK_MAIN,False,"[2.1711555027738623,-0.059248998041624895,2.991268332147316]","[0.5256570114292387,0.04058866720675988,0.01119968186310294]","[-0.03683949430111966,-0.0044523241351462906,0.0015014447202797987]","[0.30903588702659945,0.0033207678863111934,-0.012292645168340721]","[2.1001830888125244,-0.12134306108292471,3.012832390670696]","[0.5190070647362278,0.03493004122077281,0.056127209408615056]","[2.33574843,0.103586972,3.04540777]","[0.525656998,0.0405886658,0.011199682]","[-0.0368394926,-0.00445232401,0.00150144473]","[2.33013653755188,0.10315345600247383,3.0452884435653687]","[0.5372845331827799,0.04993539241453012,0.008857236399004856]","[0.0692554588119189,0.02886889719714721,-0.05069779666761557]","[2.3247570991516113,0.09708204865455627,3.0477848052978516]","[0.5247923135757446,0.03821747377514839,0.01689828932285309]",0.09673554066875414,0.2263337321485503,0.18079010016167046,0.028607729587723892,0.6880553190302484,0.1103209455415757,16.0,16.0,NOT_RECORDED,NOT_RECORDED,16.0,12.0,20.0,20.0,0.527340655026876,0.03713793029794054,0.002794034113548304,0.3092981023137818,0.14690047655293179,0.0324207533040032,0.18079010016167046,0.028607729587723892,-1.376
28968000000,1,5.008,MAIN,MAIN,TRACK_MAIN,False,"[2.179561510420438,-0.05860014695643764,2.991447710833972]","[0.525107123014724,0.04051786517842945,0.011222127468399234]","[-0.03189759978507922,-0.004397297606577227,0.0013040099006219608]","[0.3086449106371312,0.003557691873445734,-0.012384906064921042]","[2.1084899886689645,-0.12078476158086013,3.0136812571229097]","[0.5181155730602177,0.035632353675329465,0.055431131770565197]","[2.34415436,0.10423582,3.04558706]","[0.525107145,0.0405178666,0.0112221278]","[-0.0318976007,-0.00439729774,0.00130400993]","[2.341350793838501,0.10401934757828712,3.0455273389816284]","[0.5408337910970052,0.050354872519771256,0.00845613501345118]","[0.08871799459060034,0.02952944456289212,-0.051334779088695846]","[2.333078384399414,0.09760790318250656,3.0484533309936523]","[0.5237946510314941,0.03863729164004326,0.016478631645441055]",0.09701761737251867,0.22631399924502565,0.18107133486880828,0.028652072445163376,0.6899948978739544,0.12225717681937416,16.0,16.0,NOT_RECORDED,NOT_RECORDED,20.0,12.0,12.0,20.0,0.5267875512807177,0.032225665859851774,0.00277126116931017,0.30891378074133563,0.14644659370704763,0.03264063995224236,0.18107133486880828,0.028652072445163376,-1.36
28984000000,1,5.024,MAIN,MAIN,TRACK_MAIN,False,"[2.1879593520903367,-0.05795242149842278,2.991627423317527]","[0.5246362404474354,0.040447973937065784,0.011241402771192344]","[-0.02696466964102484,-0.0043384735335469105,0.0011051860890718412]","[0.30791409234673495,0.003795452400429833,-0.012466223853614289]","[2.1167825987392286,-0.12020865089643473,3.014509687537668]","[0.5175861454409884,0.03642432904049447,0.05468813089132984]","[2.35255218,0.104883552,3.04576683]","[0.524636269,0.0404479727,0.0112414025]","[-0.02696467,-0.00433847355,0.00110518606]","[2.3441543579101562,0.10423582047224045,3.0455870628356934]","[0.5323803126811981,0.04986587632447481,0.007847312837839127]","[0.06667997408658266,0.026725487783551216,-0.05230620317161083]","[2.341381311416626,0.09813578426837921,3.049131393432617]","[0.5229337811470032,0.03915068134665489,0.015999697148799896]",0.09729114210606588,0.22629302278685984,0.18134515316110789,0.028840746034678434,0.6839361838763341,0.10270246860195376,16.0,16.0,NOT_RECORDED,NOT_RECORDED,16.0,16.0,12.0,12.0,0.5263132076270717,0.02733381052364217,0.0028140827217751235,0.30818971504871145,0.14598689457846903,0.03302369221378046,0.18134515316110789,0.028840746034678434,-1.344
29000000000,1,5.04,MAIN,MAIN,TRACK_MAIN,False,"[2.19635029049641,-0.05730580660834031,2.9918074187028654]","[0.5242441764775201,0.04037905434826314,0.011257486959952656]","[-0.02204620139955793,-0.004275838943055471,0.0009051505554080741]","[0.3068359154158564,0.004033997915798088,-0.012536325678308313]","[2.1250657059569305,-0.11961953052285604,3.0153228752937076]","[0.5173686701165877,0.03728533477153722,0.05397771542094813]","[2.36094332,0.105530165,3.04594684]","[0.524244189,0.0403790548,0.0112574873]","[-0.0220462009,-0.00427583884,0.000905150548]","[2.352548837661743,0.10488299280405045,3.0457669496536255]","[0.5321073532104492,0.04996759817004204,0.007364671211689711]","[0.07274663634598255,0.025387010537087917,-0.05276509001851082]","[2.3538074493408203,0.09893801808357239,3.0501527786254883]","[0.5216134786605835,0.0399705171585083,0.015259301289916039]",0.09755751575217798,0.22936667292832993,0.18469239767441173,0.02890699884582758,0.6834338134800754,0.10426804215767128,16.0,16.0,NOT_RECORDED,NOT_RECORDED,12.0,20.0,12.0,12.0,0.525917441822675,0.022475255111895288,0.002918382943074369,0.3071183999531514,0.14552155268617414,0.03356105888372439,0.18469239767441173,0.02890699884582758,-1.328
29016000000,1,5.056,MAIN,MAIN,TRACK_MAIN,False,"[2.2047355846466825,-0.056660286251476205,2.991987645784766]","[0.5239306549301581,0.040311167478562254,0.011270362094475295]","[-0.017147813301470194,-0.004209381691571645,0.0007040849518799019]","[0.30540280781380247,0.004273276287390326,-0.01259493658667632]","[2.1326478602276655,-0.12003845682376521,3.0158883980316733]","[0.5153793898822209,0.03612503642729539,0.052657682896696534]","[2.3693285,0.106175683,3.04612708]","[0.523930669,0.0403111689,0.011270362]","[-0.017147813,-0.00420938153,0.00070408493]","[2.3637376626332602,0.10574515908956528,3.046006957689921]","[0.5359506706396738,0.05036517418920994,0.00694391829892993]","[0.09262346848845482,0.02514743556578954,-0.053104898581902184]","[2.3538074493408203,0.09893801808357239,3.0501527786254883]","[0.5216134786605835,0.0399705171585083,0.015259301289916039]",0.09891753370849043,0.22319595837225323,0.17883679903759445,0.02868770963187873,0.6857510784923699,0.11794631922963605,16.0,16.0,NOT_RECORDED,NOT_RECORDED,12.0,16.0,20.0,20.0,0.5255999833150394,0.01767094029379536,0.003076369531095703,0.3056922771978467,0.14625236852375537,0.031767645451422605,0.17883679903759445,0.02868770963187873,-1.312
29032000000,1,5.072,MAIN,MAIN,TRACK_MAIN,False,"[2.2131164884060546,-0.05601584341453325,2.992168053094405]","[0.5236953087670884,0.040244374582100895,0.011280013176279469]","[-0.012275245182323147,-0.0041390904743242585,0.0005021753467405743]","[0.30360714221869856,0.004513234802351523,-0.012641779530176533]","[2.139861670220904,-0.12097449353223284,3.016317301775103]","[0.5123148766163939,0.03402649060179981,0.05099191379962265]","[2.37770939,0.106820129,3.04630756]","[0.52369529,0.0402443744,0.0112800132]","[-0.012275245,-0.00413909042,0.00050217536]","[2.37491504351298,0.10660513490438461,3.046247442563375]","[0.5399613877137502,0.05075676925480366,0.006513410713523626]","[0.11199260875582695,0.025584253172079723,-0.05371149008472761]","[2.366196870803833,0.09974659979343414,3.0511817932128906]","[0.5206446051597595,0.040621474385261536,0.01463391911238432]",0.10084186047617032,0.2262259129983511,0.18211217757890363,0.028348978230745208,0.6882619859493565,0.1332334205693733,16.0,16.0,NOT_RECORDED,NOT_RECORDED,16.0,12.0,20.0,20.0,0.5253604713027213,0.012964023076177528,0.003278486910380561,0.3039037358840391,0.14760622290041572,0.02892652048712479,0.18211217757890363,0.028348978230745208,-1.296
29048000000,1,5.088,MAIN,MAIN,TRACK_MAIN,False,"[2.2214942490269127,-0.05537246010273644,2.9923485889469874]","[0.5235376781340229,0.040178737087122746,0.011286428219526856]","[-0.007434359357205267,-0.004064954834593959,0.00029961225779273626]","[0.30144123601752426,0.004753820167131884,-0.012676575364050868]","[2.148063803369992,-0.12042471175075906,3.017064100930423]","[0.511652031280914,0.035246144924274476,0.05015037155454522]","[2.38608718,0.107463509,3.04648805]","[0.523537695,0.0401787385,0.0112864282]","[-0.00743435929,-0.00406495482,0.000299612264]","[2.37770938873291,0.10682012885808945,3.0463075637817383]","[0.5316879153251648,0.05023884121328592,0.005897236987948418]","[0.09009197354316711,0.023226418998092413,-0.0544697642326355]","[2.3744423389434814,0.10029400140047073,3.0518598556518555]","[0.5199984908103943,0.04103419929742813,0.014083354733884335]",0.10116660677543264,0.2262006991829915,0.18235644344830051,0.028150433431585492,0.6825601363050148,0.11287167871465845,16.0,16.0,NOT_RECORDED,NOT_RECORDED,20.0,12.0,12.0,12.0,0.5251984527793607,0.008478403408919274,0.003515123736063268,0.3017451128699762,0.14722724425878497,0.02909274778024132,0.18235644344830051,0.028150433431585492,-1.28
29064000000,1,5.104,MAIN,MAIN,TRACK_MAIN,False,"[2.2298701056483115,-0.054730117337156936,2.9925292014905214]","[0.5234572083939071,0.04011431658233136,0.011289598322483663]","[-0.0026311415053221765,-0.003986965173003232,9.659068592204889e-05]","[0.2988973513060422,0.0049949785074860364,-0.012699042847324371]","[2.156254247921582,-0.11985786716233642,3.0177891113306368]","[0.5113843914082287,0.03592066648128894,0.049370579717951245]","[2.39446306,0.108105853,3.04666853]","[0.523457229,0.0401143171,0.0112895984]","[-0.00263114157,-0.0039869654,9.65906875e-05]","[2.3839927315711975,0.10730266384780407,3.046442925930023]","[0.528640478849411,0.050087662413716316,0.005356486886739731]","[0.08574350737035275,0.022413283120840788,-0.05508565343916416]","[2.3826754093170166,0.10084553807973862,3.052541732788086]","[0.5194249749183655,0.04135497286915779,0.013602780178189278]",0.10148389700471691,0.2261741570127387,0.18259691231533326,0.028056454940007098,0.6804510492560694,0.108178454094101,16.0,16.0,NOT_RECORDED,NOT_RECORDED,16.0,16.0,12.0,12.0,0.5251133805614677,0.004777878888416557,0.003777635077293647,0.29920869325154315,0.14684418538104002,0.029346173814131314,0.18259691231533326,0.028056454940007098,-1.264
29080000000,1,5.12,MAIN,MAIN,TRACK_MAIN,False,"[2.2382452877637036,-0.05408879515225573,2.9927098387557405]","[0.5234532481459624,0.04005117480310019,0.011289517739518806]","[0.002128298445317256,-0.0039051127568081045,-0.00010668985135853237]","[0.2959676948888834,0.005236655368474341,-0.012708898642806998]","[2.164447801551732,-0.11927450473944408,3.0184975779704075]","[0.5118406558380758,0.0370295045761637,0.04858613866242686]","[2.40283823,0.108747177,3.04684925]","[0.523453236,0.0400511734,0.0112895174]","[0.00212829839,-0.00390511286,-0.000106689855]","[2.3944627046585083,0.10810534283518791,3.0466686487197876]","[0.5319370925426483,0.050382016226649284,0.004900381434708834]","[0.1026030108332634,0.022695887833833694,-0.05549710802733898]","[2.3949944972991943,0.10167573392391205,3.0535707473754883]","[0.5186693072319031,0.04190991446375847,0.012863676063716412]",0.10178532899880538,0.2292094095065532,0.1858930934419597,0.028081064206800198,0.6826494410569789,0.12189663023425876,16.0,16.0,NOT_RECORDED,NOT_RECORDED,12.0,20.0,12.0,12.0,0.525104611299937,0.004448701230708593,0.004058723201821207,0.2962867109439782,0.14644947397857053,0.030076125034583585,0.1858930934419597,0.028081064206800198,-1.248
29096000000,1,5.136,MAIN,MAIN,TRACK_MAIN,False,"[2.2466210136566556,-0.05344847259364627,2.9928904487071826]","[0.5235250472307627,0.03998937361753191,0.011286183953637341]","[0.006837725433250341,-0.003819389729189049,-0.00031002528637358306]","[0.2926444182794796,0.005478795714461582,-0.012705857317092728]","[2.1726465788872744,-0.11867757570382828,3.0191902581619523]","[0.5122330714091141,0.037900733520571286,0.04779522719801808]","[2.41121387,0.109387502,3.04702997]","[0.523525059,0.0399893746,0.0112861842]","[0.00683772564,-0.00381938973,-0.000310025294]","[2.404932141304016,0.10890725813806057,3.0468944311141968]","[0.5353031307458878,0.05067277792841196,0.004439991200342774]","[0.11957293935120106,0.02275376720353961,-0.055847722105681896]","[2.3949944972991943,0.10167573392391205,3.0535707473754883]","[0.5186693072319031,0.04190991446375847,0.012863676063716412]",0.10207219439869694,0.22307018792837288,0.18000641880518412,0.027613801704471138,0.6849615311606663,0.1365015745464747,16.0,16.0,NOT_RECORDED,NOT_RECORDED,12.0,16.0,12.0,12.0,0.5251714034755988,0.007838261457883654,0.004352425713976913,0.29297134938894304,0.14604845994032475,0.030471949907461396,0.18000641880518412,0.027613801704471138,-1.232
29112000000,1,5.152,MAIN,MAIN,TRACK_MAIN,False,"[2.2549984888048478,-0.0528091277160844,2.993070979295427]","[0.5236717547208158,0.039928975012368056,0.011279597749553338]","[0.011490778378920652,-0.0037297891185423815,-0.0005132069677411533]","[0.28891961770009544,0.005721343929118661,-0.012689631340560115]","[2.1802056975624726,-0.11850598871600629,3.0191069103657133]","[0.510582929291324,0.037492887898130066,0.04567196524066291]","[2.41959143,0.110026844,3.04721045]","[0.523671746,0.0399289764,0.0112795979]","[0.0114907781,-0.00372978905,-0.000513206993]","[2.412610133488973,0.10949405903617541,3.0470600525538125]","[0.5346074799696604,0.050655548771222435,0.003912429014841716]","[0.12252727647622426,0.021738555282354355,-0.056303310518463455]","[2.403193235397339,0.10223635286092758,3.05426025390625]","[0.5182440280914307,0.04230964928865433,0.012302398681640625]",0.10289756495547052,0.2230356726901954,0.18021423955419122,0.027335281551827312,0.6846034998705018,0.13883076101255062,16.0,16.0,NOT_RECORDED,NOT_RECORDED,16.0,12.0,20.0,20.0,0.5253129153783564,0.012091844194084107,0.004653932317402045,0.28925474241900323,0.14663913573691392,0.028434615364824688,0.18021423955419122,0.027335281551827312,-1.216
29128000000,1,5.168,MAIN,MAIN,TRACK_MAIN,False,"[2.263378904251365,-0.05217073758168478,2.993251378510512]","[0.5238924168974535,0.039870041078753166,0.011269763287295231]","[0.016080969299945735,-0.003636304847771832,-0.0007160216268353725]","[0.2847853340818354,0.005964243815420267,-0.012659931087371734]","[2.185833278219026,-0.11963460987526647,3.016726294190357]","[0.5037205649860078,0.03439496256440421,0.039566413812191316]","[2.42797184,0.110665232,3.0473907]","[0.523892403,0.0398700424,0.0112697631]","[0.0160809699,-0.00363630475,-0.000716021634]","[2.4181951681772866,0.10992028688391049,3.0471803744633994]","[0.5308133264382681,0.05041335026423136,0.003338535626729329]","[0.11475616196791331,0.02033757045865059,-0.05720102849105994]","[2.4154627323150635,0.10307762771844864,3.055294990539551]","[0.5177175998687744,0.04282395914196968,0.011619568802416325]",0.10543135135133119,0.22601096318648395,0.18343878968795274,0.027307527997622972,0.6822178086041311,0.13186841754751663,16.0,16.0,NOT_RECORDED,NOT_RECORDED,20.0,12.0,20.0,20.0,0.5255282030708041,0.01650251415820699,0.00495936093717368,0.2851289753208701,0.15023693694530404,0.020303317380616512,0.18343878968795274,0.027307527997622972,-1.2
29144000000,1,5.180000000000001,MAIN,MAIN,TRACK_MAIN,False,"[2.269666852864262,-0.051692557171859194,2.993386560472427]","[0.5241058135095429,0.039826839222124294,0.011260260216963247]","[0.019478384317501707,-0.0035636398464319874,-0.0008677608464502384]","[0.28141107906419904,0.006146615381148801,-0.012628637993189473]","[2.1939015535331485,-0.11908750573465801,3.0172622469399237]","[0.5039852637647785,0.03476946945385506,0.03889395186910744]","[2.43425989,0.11114341,3.04752588]","[0.524105787,0.0398268402,0.0112602599]","[0.0194783844,-0.00356363994,-0.000867760857]","[2.42587673664093,0.11050563491880894,3.0473456382751465]","[0.5302673876285553,0.05038920883089304,0.002804309129714966]","[0.1172652468085289,0.0198103585280478,-0.05811947397887707]","[2.4236323833465576,0.10364436358213425,3.0559864044189453]","[0.5175127983093262,0.04312782734632492,0.011207149364054203]",0.10417537174788345,0.22749436034362625,0.1836384716247697,0.027457630703585305,0.6820096518234742,0.13445900464264995,16.0,16.0,NOT_RECORDED,NOT_RECORDED,16.0,16.0,12.0,12.0,0.5257374576127123,0.01982069608923981,0.005189083414513981,0.2817613507887192,0.1499866430647914,0.020695523525917327,0.1836384716247697,0.027457630703585305,-1.184
29160000000,1,5.2,MAIN,MAIN,TRACK_MAIN,False,"[2.280153238041354,-0.050896724818514566,2.993611575307434]","[0.524551264239534,0.0397568160262885,0.011240383550349509]","[0.0250461733169125,-0.0034376655457517002,-0.0011196735162526394]","[0.2752562049971772,0.006450870911383522,-0.012558938766596195]","[2.2019780077983757,-0.11852447330320652,3.017782640169398]","[0.5048195457949074,0.03587796366200217,0.03810520753229578]","[2.44474626,0.111939244,3.04775095]","[0.524551272,0.0397568159,0.0112403836]","[0.0250461735,-0.00343766552,-0.00111967348]","[2.4363590478897095,0.11130223795771599,3.047570824623108]","[0.534127414226532,0.05065656639635563,0.0023216484114527702]","[0.13417689502239227,0.020050774328410625,-0.058979738503694534]","[2.435878276824951,0.1045025959610939,3.0570220947265625]","[0.5173168778419495,0.04359579086303711,0.010607299394905567]",0.1061561084686731,0.228954429037571,0.18690611321527578,0.02769413788345187,0.6849543063005568,0.1502486626115556,16.0,16.0,NOT_RECORDED,NOT_RECORDED,12.0,20.0,12.0,12.0,0.5261758066066897,0.025305770310509533,0.005569900207546644,0.2756180673829393,0.14972267599265965,0.021461682397339518,0.18690611321527578,0.02769413788345187,-1.168
29176000000,1,5.216,MAIN,MAIN,TRACK_MAIN,False,"[2.2885494511865083,-0.05026105133792072,2.9937912695639874]","[0.5249870096024836,0.039702649481516084,0.011220864142276743]","[0.02940756797235977,-0.003332502916463198,-0.0013200608212526888]","[0.26984516493710586,0.006694482823521142,-0.012487056966254517]","[2.210066821392607,-0.11794994292329843,3.018286558606304]","[0.505614887416783,0.03677591230762783,0.03723983678367947]","[2.4531424,0.11257492,3.04793072]","[0.524986982,0.0397026502,0.011220864]","[0.0294075683,-0.00333250291,-0.00132006081]","[2.446845293045044,0.11209816299378872,3.04779589176178]","[0.5380538105964661,0.050924054346978664,0.001837639370933175]","[0.1511489301919937,0.02030946034938097,-0.05981910228729248]","[2.435878276824951,0.1045025959610939,3.0570220947265625]","[0.5173168778419495,0.04359579086303711,0.010607299394905567]",0.10649567319234243,0.22283560451605713,0.1809820833026143,0.026981963666132903,0.6879390160793369,0.16638895997984735,16.0,16.0,NOT_RECORDED,NOT_RECORDED,12.0,16.0,12.0,12.0,0.5266057048867869,0.029625212071966715,0.005870222682528101,0.27021686796328387,0.14945552817372726,0.021841187382232355,0.1809820833026143,0.026981963666132903,-1.152
29192000000,1,5.232,MAIN,MAIN,TRACK_MAIN,False,"[2.2969531907470575,-0.04962623089489718,2.9939706259119934]","[0.5254918259010743,0.039650196726929654,0.01119814836023203]","[0.033678861952850525,-0.003223441449554054,-0.0015191811862538263]","[0.2639922526508123,0.006938215812255066,-0.012400521423747368]","[2.2181657646250743,-0.1173666560250286,3.0187735340473667]","[0.5059521514392409,0.03722897028256349,0.03634814015130283]","[2.46154618,0.113209739,3.04811001]","[0.525491834,0.0396501981,0.0111981481]","[0.0336788632,-0.00322344154,-0.00151918118]","[2.455945094426473,0.11278638988733292,3.0479904413223267]","[0.5399843553702036,0.051047416403889656,0.0013242332885662715]","[0.16112850606441498,0.02046073693782091,-0.06051383912563324]","[2.4440300464630127,0.10506945103406906,3.057708740234375]","[0.5172944664955139,0.04386548697948456,0.010167453438043594]",0.10682419184674262,0.22276647573666192,0.18114328446233605,0.02651620805038269,0.6896293048084334,0.17616576594095226,16.0,16.0,NOT_RECORDED,NOT_RECORDED,16.0,12.0,20.0,20.0,0.5271045396465743,0.03386686033122252,0.006164660829983547,0.26437439594236156,0.14917923478060846,0.021865555317102273,0.18114328446233605,0.02651620805038269,-1.136
29208000000,1,5.248,MAIN,MAIN,TRACK_MAIN,False,"[2.305365550022046,-0.048992235569677384,2.9941495933816897]","[0.5260642146141095,0.03959952015691437,0.011172258363715493]","[0.037852919492319614,-0.0031104796798286927,-0.0017167977533227852]","[0.2576892326134974,0.007182010777085579,-0.012299032032157875]","[2.22626619773634,-0.11677566512620033,3.019243545358507]","[0.5056015871395647,0.037712980251689725,0.035491062709331375]","[2.46995854,0.113843739,3.04828906]","[0.526064217,0.0395995192,0.0111722583]","[0.0378529206,-0.00311047956,-0.00171679771]","[2.467155853907267,0.11363226920366287,3.0482293367385864]","[0.5452996989091238,0.0513936672359705,0.00084980142613252]","[0.1825147122144699,0.021554463542997837,-0.060767531394958496]","[2.4562489986419678,0.10592326521873474,3.058730125427246]","[0.517257571220398,0.044169988483190536,0.009336179122328758]",0.10714946234245466,0.2256884413771611,0.18433373300994874,0.02643151248129363,0.6936781164631541,0.19653661979701878,16.0,16.0,NOT_RECORDED,NOT_RECORDED,20.0,12.0,20.0,20.0,0.5276708247109777,0.03801928448112184,0.006451606036960949,0.25808252182715397,0.14889588952128383,0.021826261432088663,0.18433373300994874,0.02643151248129363,-1.12
29224000000,1,5.264,MAIN,MAIN,TRACK_MAIN,False,"[2.3137875974151108,-0.04835903644403736,2.994328121388395]","[0.5267025619915913,0.03955068218170732,0.011143220140459542]","[0.041922472613968864,-0.0029936170923445804,-0.0019126688460437968]","[0.250927814009259,0.0074258080368186374,-0.012182286588353408]","[2.2329631299482093,-0.11744313977689463,3.014412010201498]","[0.5021788387049511,0.03565976221535173,0.025953432111411042]","[2.47838044,0.114476934,3.04846764]","[0.526702583,0.0395506807,0.0111432206]","[0.0419224724,-0.00299361721,-0.00191266881]","[2.469958543777466,0.11384373903274536,3.0482890605926514]","[0.537472277879715,0.050840070471167564,0.00022765342146158218]","[0.15947328880429268,0.019430318847298622,-0.06167163699865341]","[2.464387893676758,0.1064922958612442,3.059401512145996]","[0.5174006819725037,0.044424429535865784,0.00887085311114788]",0.1082061479975615,0.22559683183836607,0.1844940236068599,0.026628958352606633,0.6888398384704798,0.1759100805594788,16.0,16.0,NOT_RECORDED,NOT_RECORDED,16.0,16.0,12.0,12.0,0.5283029591291754,0.04207271984884236,0.00672964490237257,0.2513330829297762,0.15247756312161204,0.012745086048797809,0.1844940236068599,0.026628958352606633,-1.104
29240000000,1,5.28,MAIN,MAIN,TRACK_MAIN,False,"[2.3222203745740124,-0.04772660360116379,2.9945061597943656]","[0.5274051369323018,0.0395037452121218,0.011111063583788439]","[0.045880120245524125,-0.0028728541317041834,-0.0021065479359814177]","[0.2436996507309459,0.007669547329564319,-0.012049980792984138]","[2.240664868037282,-0.11719002709969273,3.013391286273297]","[0.5019333701959032,0.03568618103443576,0.022918597278535034]","[2.48681331,0.115109369,3.0486455]","[0.527405143,0.0395037457,0.0111110639]","[0.0458801202,-0.00287285424,-0.00210654782]","[2.4783859252929688,0.11447655409574509,3.04846727848053]","[0.5385719835758209,0.05088211037218571,-0.0002889600582420826]","[0.16521912068128586,0.0191221097484231,-0.06197536177933216]","[2.4766008853912354,0.10735350847244263,3.060394287109375]","[0.5178134441375732,0.04477763921022415,0.007971464656293392]",0.10878012618453761,0.22852664746595286,0.18773699816468986,0.02730059699956153,0.6901162360864848,0.18187191722488508,16.0,16.0,NOT_RECORDED,NOT_RECORDED,12.0,20.0,12.0,12.0,0.5289992250299874,0.04601821670613052,0.00699751850700285,0.2441178890612827,0.15327382007193965,0.011182452613685768,0.18773699816468986,0.02730059699956153,-1.088
29256000000,1,5.296,MAIN,MAIN,TRACK_MAIN,False,"[2.330664894495772,-0.047094906125768776,2.994683658971919]","[0.528170088847201,0.039458771644118706,0.01107582257052242]","[0.0497183273347801,-0.002748192211346534,-0.0022981836091404695]","[0.23599634138029302,0.007913167812738986,-0.011901808250487811]","[2.2487111643842566,-0.1166248316369349,3.013628694754725]","[0.5031510560244505,0.0363499528441345,0.022018064258010374]","[2.49525785,0.115741067,3.04882312]","[0.528170109,0.0394587703,0.0110758226]","[0.0497183278,-0.00274819229,-0.00229818351]","[2.4889244437217712,0.11526729352772236,3.048689901828766]","[0.5430277585983276,0.051147415302693844,-0.0007647331804037094]","[0.18191291391849518,0.019566706847399473,-0.06210674997419119]","[2.4766008853912354,0.10735350847244263,3.060394287109375]","[0.5178134441375732,0.04477763921022415,0.007971464656293392]",0.10913174974127032,0.22241742930975697,0.1817738587105749,0.02673861264224917,0.6937136832022622,0.1978808727618338,16.0,16.0,NOT_RECORDED,NOT_RECORDED,12.0,16.0,12.0,12.0,0.5297577854625042,0.049847229424514354,0.0072540921043869186,0.2364287300844543,0.15312041066133364,0.011885370141303269,0.1817738587105749,0.02673861264224917,-1.072
29272000000,1,5.312,MAIN,MAIN,TRACK_MAIN,False,"[2.33912213959778,-0.04646391210445236,2.9948605698677904]","[0.5289954455086914,0.039415823843230835,0.011037535039414625]","[0.05342942396479344,-0.0026196337228356348,-0.0024873195324284225]","[0.227809429267829,0.008156608063063009,-0.011737460469081862]","[2.256773450916777,-0.11605217646132406,3.0138477409713746]","[0.50455939199838,0.03692057211838144,0.021086387944825175]","[2.50371504,0.116372056,3.04900002]","[0.528995454,0.0394158252,0.011037535]","[0.0534294248,-0.00261963368,-0.00248731952]","[2.4966673851013184,0.11584623157978058,3.0488526026407876]","[0.5431395669778188,0.05111377934614817,-0.0012800052451590698]","[0.18410096069176993,0.019232300731043022,-0.0625144150108099]","[2.4847447872161865,0.10792887955904007,3.061044692993164]","[0.5181394815444946,0.04499400034546852,0.0074490392580628395]",0.10947303654416184,0.2223138047241236,0.18191661960268052,0.026422717999577985,0.6944088893724608,0.20064707600570103,16.0,16.0,NOT_RECORDED,NOT_RECORDED,16.0,12.0,20.0,20.0,0.5305766822222079,0.05355140133094429,0.007498332494169123,0.22825738607259058,0.15296140814659898,0.012489102292449828,0.18191661960268052,0.026422717999577985,-1.056
29288000000,1,5.328,MAIN,MAIN,TRACK_MAIN,False,"[2.347593059754253,-0.0458335886263129,2.9950368440687596]","[0.529879110885684,0.03937496412884056,0.010996243070122258]","[0.05700560446922154,-0.0024871820451551896,-0.002673694420113115]","[0.21913040241293302,0.008399806076562322,-0.01155662686077119]","[2.26485483910943,-0.11547280317592573,3.014048114393611]","[0.5053274953212364,0.03737931166985084,0.02016117208164863]","[2.51218605,0.117002383,3.04917622]","[0.529879093,0.0393749624,0.010996243]","[0.0570056029,-0.00248718215,-0.0026736944]","[2.502305507659912,0.1162668913602829,3.0489705403645835]","[0.5399389962355295,0.050860693057378135,-0.0018170176384349665]","[0.17502951125303903,0.01845130727936824,-0.06285038404166698]","[2.496952772140503,0.10878432542085648,3.0619888305664062]","[0.5188018679618835,0.04523833468556404,0.0066113220527768135]",0.1098028312837286,0.22516125671256645,0.18508842709256018,0.026409035358240126,0.6928977219165651,0.19311140590238113,16.0,16.0,NOT_RECORDED,NOT_RECORDED,20.0,12.0,20.0,20.0,0.5314538336627253,0.05712244442668063,0.007729291080212643,0.21959564118665223,0.15279287601683433,0.012707620530826955,0.18508842709256018,0.026409035358240126,-1.04
29304000000,1,5.344,MAIN,MAIN,TRACK_MAIN,False,"[2.356078570297992,-0.045203901783814865,2.995212433868533]","[0.5308188629645549,0.039336254758303435,0.010951992962719093]","[0.06043892654777139,-0.0023508415539967298,-0.0028570420002864694]","[0.20995069354376383,0.008642699268567477,-0.011358994741342165]","[2.272956570107699,-0.11488142655822176,3.0142218533706213]","[0.5067017329461999,0.03774030663797829,0.019063679910133986]","[2.52067161,0.117632069,3.04935193]","[0.53081888,0.039336253,0.0109519931]","[0.0604389273,-0.00235084165,-0.00285704201]","[2.5100682973861694,0.11684480123221874,3.0491321682929993]","[0.5401752144098282,0.050836545415222645,-0.002306429436430335]","[0.17663519456982613,0.01869461825117469,-0.06278303824365139]","[2.505091667175293,0.10935263335704803,3.0625972747802734]","[0.519364058971405,0.045323874801397324,0.005965832155197859]",0.11011622225689334,0.22501853785946885,0.18521306354443323,0.026231577225915553,0.6937560337997334,0.19515944388348297,16.0,16.0,NOT_RECORDED,NOT_RECORDED,16.0,16.0,12.0,12.0,0.5323870324935127,0.060552068397787234,0.007946091164844377,0.21043530295957516,0.15261353874520298,0.01315471445143842,0.18521306354443323,0.026231577225915553,-1.024
29320000000,1,5.36,MAIN,MAIN,TRACK_MAIN,False,"[2.3645795499870417,-0.04457481667390692,2.9953872923359204]","[0.5318123515558462,0.03929975791092921,0.010904835317743222]","[0.06372131038138562,-0.002210617631053957,-0.003037090981321322]","[0.200261680097384,0.008885224473714926,-0.01114424933036906]","[2.2807716557014315,-0.11545868248740469,3.013100942750271]","[0.5083966105723726,0.03521419171776577,0.01633769277425031]","[2.52917242,0.118261151,3.04952669]","[0.53181237,0.0392997563,0.0109048355]","[0.0637213141,-0.00221061753,-0.00303709088]","[2.520679235458374,0.11763176694512367,3.049351453781128]","[0.5450698435306549,0.051126377657055855,-0.0027334950864315033]","[0.19297312200069427,0.020046668127179146,-0.06232814863324165]","[2.517301321029663,0.110192209482193,3.063473701477051]","[0.5203506350517273,0.045409105718135834,0.004945330321788788]",0.11118479656974596,0.22784321549111616,0.18840991095004567,0.026492343282026303,0.6978030924351002,0.21042048650864828,16.0,16.0,NOT_RECORDED,NOT_RECORDED,12.0,20.0,12.0,12.0,0.5333739435635412,0.06383193674533488,0.008147918432134815,0.20076822961443053,0.15390158879411486,0.011401403006492339,0.18840991095004567,0.026492343282026303,-1.008
29336000000,1,5.376,MAIN,MAIN,TRACK_MAIN,False,"[2.373096838936373,-0.043946297399401146,2.995561373384275]","[0.5328570960870174,0.0392655356718104,0.010854825116781042]","[0.06684453774774823,-0.0020665166733103146,-0.0032135650183344744]","[0.19005468421963556,0.009127317945945457,-0.010912073751206508]","[2.28871452759051,-0.11567373666204644,3.012359409679134]","[0.5099422650594803,0.03379404246725705,0.014234307685825212]","[2.53768969,0.118889675,3.04970074]","[0.53285712,0.0392655358,0.0108548254]","[0.0668445379,-0.00206651678,-0.0032135651]","[2.5305919647216797,0.11836590493718784,3.049555699030558]","[0.5488675435384115,0.05134659633040428,-0.0031605794404943786]","[0.20569205532471338,0.021181780224045117,-0.06186804175376892]","[2.517301321029663,0.110192209482193,3.063473701477051]","[0.5203506350517273,0.045409105718135834,0.004945330321788788]",0.11201506164177229,0.22173339005765924,0.18236607046150566,0.025329310583768576,0.701146039861926,0.2224507298332941,16.0,16.0,NOT_RECORDED,NOT_RECORDED,12.0,16.0,20.0,20.0,0.5344121016315021,0.06695363857176301,0.008334013865791213,0.1905863696077543,0.15473321065760243,0.010486082256488963,0.18236607046150566,0.025329310583768576,-0.992
29352000000,1,5.392,MAIN,MAIN,TRACK_MAIN,False,"[2.3816312365138685,-0.04331830707061132,2.995734631842251]","[0.5339504833808171,0.03923365001550427,0.010802021803583584]","[0.06980025113651322,-0.0019185461023319972,-0.003386182679646854]","[0.179320972765165,0.009368915358504593,-0.010662149030995272]","[2.296887554826644,-0.11513372902408418,3.012422721181658]","[0.5113688020431337,0.03450878838146707,0.013312886517517117]","[2.54622412,0.119517662,3.04987407]","[0.533950508,0.039233651,0.0108020222]","[0.0698002502,-0.00191854616,-0.00338618271]","[2.5362701416015625,0.11878492062290509,3.049671729405721]","[0.5458616415659586,0.05112030729651451,-0.0036341991896430654]","[0.19638080646594366,0.0208987748871247,-0.06164538860321045]","[2.5295209884643555,0.11102420836687088,3.0643081665039062]","[0.5213974714279175,0.0454540029168129,0.0040040528401732445]",0.11232737307558206,0.22448902079954647,0.18549258671342098,0.025093624340232865,0.699891619067603,0.2143433994129144,16.0,16.0,NOT_RECORDED,NOT_RECORDED,16.0,12.0,20.0,20.0,0.5354989091223178,0.06990866978427661,0.008503668561455208,0.17988182028876357,0.1546020262959151,0.010880361990504484,0.18549258671342098,0.025093624340232865,-0.976
29368000000,1,5.408,MAIN,MAIN,TRACK_MAIN,False,"[2.39018349920088,-0.04269080780725143,2.9959070235258367]","[0.5350897654196309,0.03920416278956329,0.010746489365729195]","[0.07257995286465047,-0.0017667143735596302,-0.0035546574132443443]","[0.16805175729748711,0.009609951803944083,-0.010394154100659136]","[2.3050810438133693,-0.11458377375882028,3.012467784160158]","[0.5132062959348286,0.03542321289238195,0.012441056002815256]","[2.55477643,0.120145164,3.05004644]","[0.535089791,0.0392041616,0.0107464893]","[0.0725799501,-0.00176671438,-0.00355465733]","[2.550504744052887,0.11983129195868969,3.0499600172042847]","[0.5568276643753052,0.05180331505835056,-0.003972258185967803]","[0.23125479742884636,0.022578153759241104,-0.06075229775160551]","[2.5376806259155273,0.11158137768507004,3.064838409423828]","[0.5222084522247314,0.04562653973698616,0.0032774540595710278]",0.1126289716684122,0.22429187583921034,0.18557468377630207,0.024878289660021306,0.7081989640664321,0.24684932521485767,16.0,16.0,NOT_RECORDED,NOT_RECORDED,20.0,12.0,12.0,12.0,0.5366316338705295,0.0726884201701905,0.008656220052119483,0.16864691738634266,0.15446002241918638,0.011881592702182801,0.18557468377630207,0.024878289660021306,-0.96
29384000000,1,5.424,MAIN,MAIN,TRACK_MAIN,False,"[2.3987543384167935,-0.04206376074060089,2.996078505311725]","[0.536272057095605,0.03917713569792031,0.010688296416815568]","[0.07517500419188394,-0.0016110309855976168,-0.0037186975132381672]","[0.15623819408896367,0.009850361794120022,-0.010107765794908463]","[2.3133025250783996,-0.11402388270669234,3.012489447936828]","[0.5145871185486602,0.03588296947807548,0.011583896497824838]","[2.56334734,0.120772213,3.05021787]","[0.536272049,0.0391771346,0.0106882965]","[0.0751750022,-0.00161103101,-0.00371869747]","[2.554776430130005,0.12014516443014145,3.050046443939209]","[0.5515573918819427,0.05143646243959665,-0.00441597867757082]","[0.2140331156551838,0.02139901602640748,-0.05976861156523228]","[2.545837163925171,0.11212660372257233,3.0653324127197266]","[0.5230478048324585,0.045692987740039825,0.0024813180789351463]",0.11291408501174197,0.22406278080950887,0.18563947058187072,0.024810998457534424,0.7054349174392148,0.2311382558072755,16.0,16.0,NOT_RECORDED,NOT_RECORDED,16.0,16.0,12.0,12.0,0.5378074068505739,0.07528416425305715,0.008791049885648735,0.15687437601157322,0.15430502492368947,0.012474806035858923,0.18563947058187072,0.024810998457534424,-0.944
29400000000,1,5.44,MAIN,MAIN,TRACK_MAIN,False,"[2.4073444183073924,-0.0414371260159378,2.9962490352119833]","[0.5374943339467038,0.03915263028412269,0.010627516279188898]","[0.07757662443594171,-0.0014515064895063712,-0.0038780060863246035]","[0.14387138412069334,0.010090079260192952,-0.009802658852233304]","[2.3215490489214563,-0.11345681408625358,3.0124947453344553]","[0.5165314628457445,0.03649258336110342,0.010833529376288495]","[2.57193732,0.121398844,3.05038834]","[0.537494361,0.0391526297,0.0106275165]","[0.0775766224,-0.00145150651,-0.00387800601]","[2.563356876373291,0.12077200412750244,3.050217390060425]","[0.5533831119537354,0.051534438505768776,-0.004769911989569664]","[0.21858423948287964,0.02189721819013357,-0.058748509734869]","[2.558088541030884,0.11294268071651459,3.06601619720459]","[0.524547278881073,0.04579077288508415,0.0014574425294995308]",0.11318835618206582,0.22676942508840778,0.18880097525704378,0.025269706679101455,0.7075481042184624,0.23545276865947518,16.0,16.0,NOT_RECORDED,NOT_RECORDED,12.0,20.0,12.0,12.0,0.5390232198943199,0.07768705465629262,0.008907582287462374,0.14455752138458355,0.15414192591965825,0.013565831474759512,0.18880097525704378,0.025269706679101455,-0.928
29416000000,1,5.456,MAIN,MAIN,TRACK_MAIN,False,"[2.41595435349711,-0.040810862795239045,2.996418572450063]","[0.5387534298785717,0.039130707914420804,0.010564227067206389]","[0.07977589008790176,-0.0012881524980938308,-0.004032281018245154]","[0.1309423730827035,0.010329037552629705,-0.009478505914912727]","[2.329826800324593,-0.11287962443615211,3.0124830371449933]","[0.5186638440152939,0.03718021700308738,0.01003984589084832]","[2.58054733,0.12202511,3.05055809]","[0.53875345,0.0391307063,0.0105642267]","[0.0797758922,-0.00128815253,-0.00403228123]","[2.574089825153351,0.12155541032552719,3.0504307746887207]","[0.5587435960769653,0.05186407454311848,-0.005078394198790193]","[0.23400712758302689,0.023154288064688444,-0.05764905363321304]","[2.558088541030884,0.11294268071651459,3.06601619720459]","[0.524547278881073,0.04579077288508415,0.0014574425294995308]",0.11344570880326034,0.22064928909873835,0.182674216237501,0.024011415375177238,0.7121017429032557,0.24974879717130447,16.0,16.0,NOT_RECORDED,NOT_RECORDED,12.0,16.0,12.0,12.0,0.5402759233959405,0.07988811717887352,0.009005283818574933,0.13169068364798092,0.1539706171494566,0.014469852484710046,0.182674216237501,0.024011415375177238,-0.912
29432000000,1,5.472,MAIN,MAIN,TRACK_MAIN,False,"[2.4245847068045094,-0.04018492926015349,2.9965870775381367]","[0.540046034872212,0.03911142976070359,0.010498511771050989]","[0.08176373392750946,-0.0011209816952063023,-0.004181214940248479]","[0.11744215137379044,0.010567169441201452,-0.00913497752900616]","[2.3381361513423036,-0.11229192196315649,3.0124542581037024]","[0.5206269149604649,0.037756560340401174,0.009243867887268874]","[2.58917761,0.122651041,3.05072641]","[0.540046036,0.039111428,0.0104985116]","[0.0817637369,-0.00112098164,-0.00418121507]","[2.583427588144938,0.12223370621601741,3.05061407883962]","[0.5618544022242228,0.05205205331246058,-0.005373899048815171]","[0.24159798522790274,0.02405961820234855,-0.056326230987906456]","[2.5662684440612793,0.1134817972779274,3.066434860229492]","[0.5256531834602356,0.045817311853170395,0.0007359942537732422]",0.11368614056811532,0.22037798663857866,0.1827002575568786,0.023637051999443263,0.7151395688633706,0.25671660033701105,16.0,16.0,NOT_RECORDED,NOT_RECORDED,16.0,12.0,20.0,20.0,0.5415622240043445,0.08187824707519151,0.009083664006412041,0.11826991081318534,0.15378894881729865,0.015084577182439607,0.1827002575568786,0.023637051999443263,-0.896
29448000000,1,5.488,MAIN,MAIN,TRACK_MAIN,False,"[2.4332359869210904,-0.03955928261524877,2.9967545123557926]","[0.5413686926774517,0.03909485678328706,0.010430458341061488]","[0.08353094413867268,-0.000950007845017975,-0.004324495195552114]","[0.10336165410159737,0.010804407114984593,-0.008771742144359607]","[2.3464716611015217,-0.1116958665421556,3.0124089168891497]","[0.5220814662983585,0.03791483078417081,0.00867774780443718]","[2.59782887,0.123276688,3.05089402]","[0.541368663,0.0390948579,0.010430458]","[0.0835309476,-0.000950007874,-0.00432449533]","[2.5949486096700034,0.12306809177001317,3.050838033358256]","[0.5685848792394003,0.052477565904458366,-0.005619321794559558]","[0.2599893758694331,0.025624584096173447,-0.054805366322398186]","[2.5785629749298096,0.1142839640378952,3.067005157470703]","[0.5274763107299805,0.04586169868707657,-0.0003533907001838088]",0.11391573796829806,0.22298616800942517,0.1857951451463027,0.023873869534354598,0.7206922815965295,0.2737496100997791,16.0,16.0,NOT_RECORDED,NOT_RECORDED,20.0,12.0,20.0,20.0,0.5428786823033332,0.08364820621089256,0.009142276989099193,0.10429434410346385,0.1536000391007069,0.015152723329398314,0.1857951451463027,0.023873869534354598,-0.88
29464000000,1,5.5040000000000004,MAIN,MAIN,TRACK_MAIN,False,"[2.441908646053058,-0.03893387909153656,2.996920840230066]","[0.5427177984924114,0.03908104971355725,0.010360159772614619]","[0.08506816342462287,-0.0007752458013244312,-0.004461803805800413]","[0.08869176108259325,0.011040682182360484,-0.008388466114602755]","[2.354843230223122,-0.11108755282557352,3.0123447951613884]","[0.5240736098019867,0.03895563807328419,0.007983139778310453]","[2.60650158,0.12390209,3.0510602]","[0.542717814,0.0390810482,0.0103601599]","[0.0850681663,-0.000775245775,-0.00446180394]","[2.5978288650512695,0.12327668815851212,3.050894021987915]","[0.5610208511352539,0.05198164563626051,-0.0059381695464253426]","[0.23337363079190254,0.024415271822363138,-0.05309721641242504]","[2.586782217025757,0.11481934040784836,3.0673484802246094]","[0.5288088321685791,0.045865368098020554,-0.0011895201168954372]",0.1141246583902048,0.22268465719040603,0.18581977922222118,0.023717385783742,0.7164235353655938,0.24863127413514938,16.0,16.0,NOT_RECORDED,NOT_RECORDED,16.0,16.0,12.0,12.0,0.5442217104799084,0.08518862088150195,0.009180724278407423,0.08976910109129718,0.15339618387958368,0.016088943505940638,0.18581977922222118,0.023717385783742,-0.864
29480000000,1,5.5200000000000005,MAIN,MAIN,TRACK_MAIN,False,"[2.450603077525809,-0.03830867395027382,2.9970860260168535]","[0.5440895966287584,0.039070069036459376,0.010287714191536956]","[0.08636588812328938,-0.0005967115168324377,-0.004592817437524044]","[0.07342329684203719,0.011275925671015485,-0.007984813697147874]","[2.3632487439659466,-0.11047190091719966,3.012265359021876]","[0.5268728160168306,0.03919836432672016,0.007357319702410125]","[2.61519599,0.124527298,3.05122542]","[0.544089615,0.0390700698,0.0102877142]","[0.086365886,-0.000596711528,-0.00459281728]","[2.606512427330017,0.12390199303627014,3.0510597229003906]","[0.5630536675453186,0.052118100225925446,-0.0061552152037620544]","[0.23624082654714584,0.025293824262917042,-0.051093028858304024]","[2.5991432666778564,0.11560379713773727,3.0677995681762695]","[0.5309016704559326,0.045834850519895554,-0.002363760955631733]",0.11431851586005265,0.22528568883636485,0.18896413663366413,0.024179794232078663,0.7187571511484391,0.2508440350059262,16.0,16.0,NOT_RECORDED,NOT_RECORDED,12.0,20.0,12.0,12.0,0.5455875699807002,0.0864899801593993,0.009198658817612039,0.07471200886517732,0.1531823050255154,0.017282299880266486,0.18896413663366413,0.024179794232078663,-0.848
29496000000,1,5.5360000000000005,MAIN,MAIN,TRACK_MAIN,False,"[2.4593196133509636,-0.037683621487048125,2.9972500361836776]","[0.5454801781626912,0.039061974972843194,0.0102132249400535]","[0.08741446732279456,-0.0004144220524511244,-0.004717207368606813]","[0.05754703061410282,0.011510068027941467,-0.00756044705319292]","[2.371695819414111,-0.10984950035314517,3.012170738255969]","[0.5297557904460797,0.03958869137301515,0.006774588146595478]","[2.62391257,0.125152349,3.05138946]","[0.545480192,0.0390619747,0.0102132251]","[0.0874144658,-0.000414422044,-0.00471720751]","[2.617375135421753,0.1246835608035326,3.0512664318084717]","[0.5686828196048737,0.05249145161360502,-0.006329371128231287]","[0.25004032254219055,0.026905598118901253,-0.04908925760537386]","[2.5991432666778564,0.11560379713773727,3.0677995681762695]","[0.5309016704559326,0.045834850519895554,-0.002363760955631733]",0.11449222980942533,0.21914589478861582,0.18272714772202214,0.022507434852744958,0.7235683850844139,0.2632186125928356,16.0,16.0,NOT_RECORDED,NOT_RECORDED,12.0,16.0,12.0,12.0,0.5469723691566664,0.08754263468918395,0.009195790593669878,0.05917180712258551,0.1529660018196211,0.01819975691120865,0.18272714772202214,0.022507434852744958,-0.832
29512000000,1,5.5520000000000005,MAIN,MAIN,TRACK_MAIN,False,"[2.468058521755747,-0.03705867503614374,2.997412838893843]","[0.546885478571987,0.03905682746165623,0.010136800663277601]","[0.08820410197655093,-0.0002283955865837184,-0.004834639454737832]","[0.04105367634168999,0.011743039119434584,-0.007115026247720202]","[2.3795063786135637,-0.10954837549821922,3.0109106632850873]","[0.5309904262858971,0.039704888594552554,0.004473683333303281]","[2.63265157,0.125777289,3.0515523]","[0.54688549,0.0390568264,0.0101368008]","[0.0882041007,-0.000228395584,-0.00483463937]","[2.625369071960449,0.12525650610526404,3.051416595776876]","[0.5695301592350006,0.052562747771541275,-0.006499422403673331]","[0.24816792458295822,0.027585331971446674,-0.04719539421300093]","[2.6074159145355225,0.11612710356712341,3.068060874938965]","[0.5324227809906006,0.04583374783396721,-0.003043013159185648]",0.11523207015172483,0.2188093021004788,0.18271001875540044,0.021982902076408403,0.7251000954553282,0.26092621860243814,16.0,16.0,NOT_RECORDED,NOT_RECORDED,16.0,12.0,20.0,20.0,0.5483720608965849,0.08833679589328036,0.009171894165173037,0.04328887741019112,0.1538860766504642,0.017034648243291393,0.18271001875540044,0.021982902076408403,-0.816
29528000000,1,5.5680000000000005,MAIN,MAIN,TRACK_MAIN,False,"[2.476820004674451,-0.03643378697519706,2.9975744040919814]","[0.5483012753586678,0.039054686141988204,0.010058555396232682]","[0.08872484401877756,-3.8651424418667535e-05,-0.004944774095877902]","[0.023933892676602397,0.011974768231096777,-0.006648209249495052]","[2.385316648572087,-0.11022398554592902,3.0061844651667147]","[0.5278358044254197,0.0377578129275627,-0.0030422188624522166]","[2.64141297,0.126402184,3.05171371]","[0.54830128,0.0390546843,0.0100585558]","[0.0887248442,-3.86514257e-05,-0.00494477432]","[2.631195068359375,0.12567313263813654,3.0515251557032266]","[0.5667500793933868,0.05241436449189981,-0.006664336038132508]","[0.23434510082006454,0.02790782538553079,-0.0449266800036033]","[2.6198718547821045,0.11689699441194534,3.068394660949707]","[0.53498774766922,0.04571988806128502,-0.004218038637191057]",0.11786428948080378,0.22133609990556993,0.18579923485250371,0.02227763043289844,0.7241393354547072,0.24722786049641862,16.0,16.0,NOT_RECORDED,NOT_RECORDED,20.0,12.0,20.0,20.0,0.5497824402490952,0.0888625355869856,0.009126818597151148,0.027575804232491175,0.15827528490895681,0.011723120926314067,0.18579923485250371,0.02227763043289844,-0.8
29544000000,1,5.5840000000000005,MAIN,MAIN,TRACK_MAIN,False,"[2.485604195201585,-0.03580890873013931,2.997734703590985]","[0.5497231856576477,0.03905561033497157,0.009978608651410648]","[0.08896659547984598,0.0001547899927815677,-0.005047266202719225]","[0.006178282979419691,0.012205184067834551,-0.0061596519310676]","[2.393764130811622,-0.10962054875405211,3.005907725928346]","[0.5299433333758863,0.03881669854438119,-0.003576819847275475]","[2.65019703,0.127027065,3.05187416]","[0.549723208,0.0390556119,0.00997860823]","[0.0889665931,0.000154789988,-0.00504726637]","[2.6392226219177246,0.12624596059322357,3.0516733527183533]","[0.5675911158323288,0.052505564875900745,-0.006781950825825334]","[0.2318166010081768,0.028584541752934456,-0.04285803157836199]","[2.628211736679077,0.11740642040967941,3.06857967376709]","[0.5366939306259155,0.04570326581597328,-0.004869637545198202]",0.11810822970605922,0.22097705258449532,0.18577938174590464,0.021967370104682183,0.725662016098722,0.24414771072182184,16.0,16.0,NOT_RECORDED,NOT_RECORDED,16.0,16.0,12.0,12.0,0.5511991420338458,0.08910978603575215,0.00906050046142203,0.01500263345601079,0.15819853199584863,0.012324898683059577,0.18577938174590464,0.021967370104682183,-0.784
29560000000,1,5.6000000000000005,MAIN,MAIN,TRACK_MAIN,False,"[2.494411155006876,-0.03518399078042811,2.997893711160355]","[0.5511466638311902,0.03905965902552766,0.00989708550687185]","[0.08891910760149813,0.00035190707838511637,-0.005141765163144907]","[-0.012222604680417248,0.012434214753859751,-0.005649008068771]","[2.4022664779132503,-0.10901037562173124,3.005617387939393]","[0.5336350060068563,0.03934383793259942,-0.004042598928999476]","[2.65900421,0.127651975,3.05203319]","[0.551146686,0.0390596576,0.00989708584]","[0.0889191106,0.000351907074,-0.00514176534]","[2.650208592414856,0.12702707946300507,3.0518734455108643]","[0.5732913017272949,0.05291680432856083,-0.0068404641933739185]","[0.2431349754333496,0.0298041719943285,-0.04074549488723278]","[2.640782356262207,0.11816822737455368,3.0688037872314453]","[0.5394808650016785,0.045771218836307526,-0.005814773496240377]",0.118324265467451,0.22353896809815849,0.18894030262401945,0.022459222665739006,0.7305106322961307,0.25405478646666385,16.0,16.0,NOT_RECORDED,NOT_RECORDED,12.0,20.0,12.0,12.0,0.5526176384417817,0.08906834052698832,0.008972980781543821,0.01832793097651508,0.15810849695963647,0.013685188768395378,0.18894030262401945,0.022459222665739006,-0.768
29576000000,1,5.6160000000000005,MAIN,MAIN,TRACK_MAIN,False,"[2.503240871711551,-0.03455898266457402,2.9980514026159577]","[0.552566999049219,0.0390668908439647,0.009814116694875752]","[0.08857197995224908,0.0005526770911032375,-0.005227914808686229]","[-0.03127827752462764,0.012661787832689342,-0.005115929342725201]","[2.410826595685449,-0.10839223422822308,3.0053143878360786]","[0.5375184303664365,0.03982133168175109,-0.004503179329976027]","[2.66783381,0.128276989,3.05219078]","[0.552567005,0.0390668921,0.0098141171]","[0.0885719806,0.000552677084,-0.00522791501]","[2.661211609840393,0.12780822813510895,3.052072584629059]","[0.5789879709482193,0.0533333495259285,-0.006884184433147311]","[0.25388331711292267,0.030963902361690998,-0.038664142601192]","[2.640782356262207,0.11816822737455368,3.0688037872314453]","[0.5394808650016785,0.045771218836307526,-0.005814773496240377]",0.11850948655781657,0.2173687203521061,0.18255401073536423,0.02016876339507057,0.7353622196308068,0.2634798217724015,16.0,16.0,NOT_RECORDED,NOT_RECORDED,12.0,16.0,12.0,12.0,0.5540332366248206,0.08872785457721563,0.008864427092779934,0.03412952166479078,0.15802182165464032,0.01457033082868427,0.18255401073536423,0.02016876339507057,-0.752
29592000000,1,5.632000000000001,MAIN,MAIN,TRACK_MAIN,False,"[2.5120932562258105,-0.033933832985964585,2.9982077559111984]","[0.5539793128555388,0.03907736404743434,0.009729838691052262]","[0.08791465954281819,0.0007570761256976422,-0.005305353380991473]","[-0.05099829806619027,0.012887830267144518,-0.004560065336831176]","[2.4194424020470153,-0.10776371122315821,3.0049996416841958]","[0.5408911967625604,0.04043893519774997,-0.004946425753414026]","[2.67668629,0.128902137,3.05234718]","[0.553979337,0.0390773639,0.00972983893]","[0.0879146606,0.000757076137,-0.00530535355]","[2.670788367589315,0.12848540395498276,3.0522426764170327]","[0.5822381774584452,0.05360513428846995,-0.006914040539413691]","[0.2564251472552617,0.03175859525799751,-0.036741373439629875]","[2.649202823638916,0.11866987496614456,3.0689210891723633]","[0.5414971113204956,0.04581877589225769,-0.006356621626764536]",0.11866406959536085,0.21699608442975676,0.18247566454387523,0.019332254044816956,0.7385160231986918,0.2651180744260955,16.0,16.0,NOT_RECORDED,NOT_RECORDED,16.0,12.0,20.0,20.0,0.5554410762751928,0.0880778479601252,0.008735162173695835,0.05279883304126032,0.15792542588222142,0.014965944735703465,0.18247566454387523,0.019332254044816956,-0.736
29608000000,1,5.648000000000001,MAIN,MAIN,TRACK_MAIN,False,"[2.52096814004722,-0.03330848941898151,2.998362751229642]","[0.5553785567196954,0.03909113650122892,0.00964439380410509]","[0.0869364399412973,0.0009650791036895368,-0.005373713498279642]","[-0.07139228410915166,0.013112268439353036,-0.003981063538776031]","[2.4281068270270634,-0.10712121182654118,3.004674044979111]","[0.5437408777629876,0.041094058702889937,-0.00528444438337947]","[2.68556118,0.129527479,3.05250216]","[0.555378556,0.0390911363,0.00964439381]","[0.0869364366,0.000965079118,-0.00537371356]","[2.6826066176096597,0.12931906431913376,3.052450259526571]","[0.5891369779904684,0.054115419586499534,-0.006905436981469393]","[0.2697240362564723,0.03327179327607155,-0.034681963423887886]","[2.6619057655334473,0.11942624300718307,3.069049835205078]","[0.5445278882980347,0.04591822624206543,-0.00715829199180007]",0.11879130386452977,0.2195175997680791,0.18557364381943384,0.01938865963443923,0.7441926244412094,0.27697604337784865,16.0,16.0,NOT_RECORDED,NOT_RECORDED,20.0,12.0,20.0,20.0,0.5568361271944002,0.08710770783406462,0.008585701516154403,0.07269552036299935,0.157816488284189,0.015131073362680037,0.18557364381943384,0.01938865963443923,-0.72
29624000000,1,5.66,MAIN,MAIN,TRACK_MAIN,False,"[2.527638920465364,-0.032839322506876434,2.99847809593346]","[0.5564162782269335,0.03910366555310252,0.00957963331741496]","[0.08598565754726195,0.001123430672121728,-0.0054188016576515174]","[-0.08713588039420728,0.013279499658166605,-0.003531414773748409]","[2.4367045811572288,-0.10817533608438788,3.0029110116255375]","[0.5469863840309375,0.03842075974524977,-0.007368649692659775]","[2.69223189,0.129996642,3.05261755]","[0.556416273,0.0391036645,0.00957963336]","[0.0859856606,0.00112343067,-0.00541880168]","[2.685561180114746,0.1295274794101715,3.052502155303955]","[0.5812816321849823,0.053675309754908085,-0.006945486180484295]","[0.23954740911722183,0.03225785307586193,-0.03277348820120096]","[2.6704213619232178,0.11993084847927094,3.069106101989746]","[0.5466015338897705,0.04590635374188423,-0.007677577435970306]",0.11817029977405966,0.22071217902800236,0.18551215980689345,0.018949814788475284,0.7394000051476932,0.24736879648728768,16.0,16.0,NOT_RECORDED,NOT_RECORDED,16.0,16.0,12.0,12.0,0.557870899680291,0.0861635584903214,0.008460797256377854,0.08821268419875393,0.15947444061685465,0.014661080891111533,0.18551215980689345,0.018949814788475284,-0.704
29640000000,1,5.680000000000001,MAIN,MAIN,TRACK_MAIN,False,"[2.538784318054045,-0.03205700671122447,2.9986686003869094]","[0.5581167753416096,0.03912880854845008,0.009470602323046862]","[0.08397370491392309,0.0013917906540030778,-0.00548170052230379]","[-0.11424090037149881,0.013556034622062008,-0.0027522260358492368]","[2.44544285496517,-0.10799150648733005,3.0021805685333574]","[0.5504629406754532,0.0383919177416161,-0.008010985824631335]","[2.70337725,0.130778968,3.05280805]","[0.558116794,0.0391288102,0.0094706025]","[0.0839737058,0.00139179069,-0.00548170041]","[2.6944692134857178,0.13015322387218475,3.0526551008224487]","[0.5831812024116516,0.05387771874666214,-0.006914007011801004]","[0.23677198588848114,0.033561037853360176,-0.030830172821879387]","[2.683272361755371,0.12068527191877365,3.0691471099853516]","[0.5499204993247986,0.04584173485636711,-0.008340347558259964]",0.12037861482871799,0.2217526071299681,0.1887087020737806,0.01955980025870068,0.7417928077594366,0.24344162638000957,16.0,16.0,NOT_RECORDED,NOT_RECORDED,12.0,20.0,12.0,12.0,0.559566877937302,0.08416394262872567,0.008229527233840404,0.11507529769901823,0.15982820545118295,0.015719405955608275,0.1887087020737806,0.01955980025870068,-0.688
29656000000,1,5.696000000000001,MAIN,MAIN,TRACK_MAIN,False,"[2.5477248533059225,-0.031430758333490794,2.998819426597338]","[0.5594447804373957,0.03915282174281681,0.00938257032659795]","[0.08196700144972624,0.0016104431195449465,-0.005520564246487281]","[-0.1367150426549557,0.013775212493341515,-0.002101674825270905]","[2.4542666176527907,-0.10738773099810814,3.0017894674181353]","[0.5542576135582098,0.039065597382959144,-0.008202898005601967]","[2.71231771,0.131405219,3.05295873]","[0.559444785,0.0391528234,0.00938257016]","[0.0819670036,0.00161044311,-0.00552056404]","[2.705612361431122,0.13093553110957146,3.0528457164764404]","[0.5887248516082764,0.05432011466473341,-0.006853037513792515]","[0.24415571987628937,0.03551871050149202,-0.02876713825389743]","[2.683272361755371,0.12068527191877365,3.0691471099853516]","[0.5499204993247986,0.04584173485636711,-0.008340347558259964]",0.12046877043552379,0.2155420997329428,0.18216296405018595,0.017683873794441113,0.7464494239522437,0.24932168287530157,16.0,16.0,NOT_RECORDED,NOT_RECORDED,12.0,16.0,12.0,12.0,0.5608916458951801,0.08216848229887361,0.008025328581341981,0.13742334737756265,0.15975008576070002,0.01683891484456353,0.18216296405018595,0.017683873794441113,-0.672
29672000000,1,5.712000000000001,MAIN,MAIN,TRACK_MAIN,False,"[2.5566863643177697,-0.03080409760782793,2.9989688397695513]","[0.5607377712718531,0.03918036135095232,0.009294000825526894]","[0.07959502094742987,0.0018325872963428358,-0.005548823083465937]","[-0.1599021745679039,0.013992485823931977,-0.00142655481111853]","[2.463146735912443,-0.10677328587017706,3.0013916597602663]","[0.5580924892120418,0.03962656472093911,-0.00837293987914846]","[2.72127938,0.132031873,3.05310822]","[0.560737789,0.0391803607,0.00929400045]","[0.0795950219,0.0018325873,-0.00554882316]","[2.7153082688649497,0.1316141833861669,3.0530083179473877]","[0.5917358001073202,0.05460683008035024,-0.006778176408261061]","[0.24356172482172647,0.03639278126259645,-0.026547218672931194]","[2.6918962001800537,0.12119217216968536,3.069148063659668]","[0.5522432923316956,0.045858241617679596,-0.008862059563398361]",0.12052738155354681,0.21519686151522632,0.18207329893913032,0.017199911580093354,0.7493279468317842,0.24764806750503832,16.0,16.0,NOT_RECORDED,NOT_RECORDED,16.0,12.0,20.0,20.0,0.5621817564612543,0.07980924240607802,0.0078061570813906765,0.16051956313704094,0.1596632334779712,0.017622194444729376,0.18207329893913032,0.017199911580093354,-0.656
29688000000,1,5.728000000000001,MAIN,MAIN,TRACK_MAIN,False,"[2.565668243617509,-0.030176967665988652,2.9991168326777355]","[0.561989811728175,0.03921148299319649,0.00920506665830123]","[0.0768462764926312,0.0020581921003497428,-0.0055660810312319065]","[-0.18381219037031826,0.014207778092485801,-0.0007265029999996564]","[2.472079973926926,-0.10614871564770612,3.000988296804972]","[0.5613246748409441,0.040386287167906175,-0.00838677350611659]","[2.73026109,0.132659003,3.05325627]","[0.561989784,0.0392114818,0.0092050666]","[0.0768462792,0.00205819216,-0.00556608103]","[2.727270523707072,0.1324500391880671,3.0532066822052]","[0.5983708302179972,0.05514457325140635,-0.006663815584033728]","[0.25328125556310016,0.037604168678323426,-0.024678661487996578]","[2.7049012184143066,0.12194731831550598,3.069096565246582]","[0.5556617975234985,0.04604068398475647,-0.009371710941195488]",0.12055692884713999,0.2177723183201955,0.18522106660877002,0.01744860568179528,0.7546904857704648,0.256061936045507,16.0,16.0,NOT_RECORDED,NOT_RECORDED,20.0,12.0,20.0,20.0,0.5634312931822114,0.0770750778368086,0.007574603897048481,0.18436189978861806,0.15956619802106498,0.017926073722148293,0.18522106660877002,0.01744860568179528,-0.64
29704000000,1,5.744000000000001,MAIN,MAIN,TRACK_MAIN,False,"[2.5746697872781468,-0.02954931075383288,2.9992634009124246]","[0.5631947806300417,0.03924624178272601,0.00911594704597074]","[0.0737091224203894,0.0022872252185304753,-0.005571936263110588]","[-0.20845503961326983,0.014421012196960736,-1.1543023068494307e-06]","[2.4810797188683735,-0.10550776743138195,3.0005788327734697]","[0.5646954252063664,0.041342381198790475,-0.008482021915188567]","[2.73926282,0.133286655,3.0534029]","[0.563194752,0.0392462425,0.00911594741]","[0.0737091228,0.00228722533,-0.00557193626]","[2.7302610874176025,0.13265900313854218,3.0532562732696533]","[0.5902212858200073,0.05470775719732046,-0.006585157476365566]","[0.2208610400557518,0.035715846344828606,-0.023029430769383907]","[2.7136197090148926,0.12245509773492813,3.0690298080444336]","[0.5580393671989441,0.046169377863407135,-0.009673120453953743]",0.12054259996682579,0.21743912369850818,0.18513658504105518,0.017102136904503955,0.7497592660629133,0.2236873705768324,16.0,16.0,NOT_RECORDED,NOT_RECORDED,16.0,16.0,12.0,12.0,0.5646341549300166,0.07395480106730327,0.007334082540187167,0.20895327021678123,0.15944620023490474,0.018625678979709622,0.18513658504105518,0.017102136904503955,-0.624
29720000000,1,5.760000000000001,MAIN,MAIN,TRACK_MAIN,False,"[2.5836901919363413,-0.028921068239598335,2.9994085429833817]","[0.5643463691946309,0.039284692305813385,0.009026827685637562]","[0.07017175343065674,0.002519653099572583,-0.0055659810942259025]","[-0.23384072713912474,0.014632110454618097,0.0007498584677863018]","[2.4899520443664116,-0.1049496337963049,2.9984281825431864]","[0.5681382440143492,0.042014613766088824,-0.01141270426404313]","[2.74828315,0.133914903,3.05354786]","[0.564346373,0.0392846912,0.00902682729]","[0.0701717511,0.00251965318,-0.00556598091]","[2.739272117614746,0.1332869529724121,3.053402066230774]","[0.5917784869670868,0.05491841211915016,-0.00643883878365159]","[0.2151561975479126,0.03622850961983204,-0.02116866037249565]","[2.7267773151397705,0.12322504073381424,3.0688838958740234]","[0.5615881681442261,0.04631659761071205,-0.010101289488375187]",0.12069856750204223,0.2201117624336829,0.1883846817790567,0.01755970588499323,0.7515137618672515,0.21698199208617777,16.0,16.0,NOT_RECORDED,NOT_RECORDED,12.0,20.0,12.0,12.0,0.5657840534080041,0.07043723288727596,0.007089057608276372,0.23429926720549607,0.16031509749768813,0.02031688867900616,0.1883846817790567,0.01755970588499323,-0.608
29736000000,1,5.772,MAIN,MAIN,TRACK_MAIN,False,"[2.590467331989643,-0.028449466291535552,2.9995164644223955]","[0.565171127469128,0.03931598542752657,0.008960103741784575]","[0.06724889352034324,0.0026961809369470124,-0.0055535155723369645]","[-0.2533735301268649,0.014788985439874336,0.0013301821602831332]","[2.4989395812416144,-0.10434930204783796,2.9968146833073903]","[0.572218170530576,0.042831988903868294,-0.013355426659447323]","[2.7550602,0.13438651,3.05365586]","[0.565171123,0.0393159837,0.00896010362]","[0.0672488958,0.00269618095,-0.00555351563]","[2.74997740983963,0.13403280451893806,3.053574860095978]","[0.5960438400506973,0.05531106889247894,-0.0062674181535840034]","[0.21680094674229622,0.03730284422636032,-0.019244810566306114]","[2.7267773151397705,0.12322504073381424,3.0688838958740234]","[0.5615881681442261,0.04631659761071205,-0.010101289488375187]",0.11893449392846618,0.21540057598336912,0.18165295463271827,0.015591809229345518,0.7549241246647104,0.21760646495028496,16.0,16.0,NOT_RECORDED,NOT_RECORDED,12.0,16.0,12.0,12.0,0.5666078304205885,0.06753165632921651,0.006905759554567348,0.253808252907327,0.1608890377203759,0.0219586661221879,0.18165295463271827,0.015591809229345518,-0.592
29752000000,1,5.792000000000001,MAIN,MAIN,TRACK_MAIN,False,"[2.601783855436935,-0.027662587541588457,2.9996945578969396]","[0.5664632167661949,0.03937288414377649,0.008849365454132396]","[0.06184834601472744,0.0029945526978505943,-0.005516979322402582]","[-0.28688091286453243,0.015047585795056606,0.002330355449549515]","[2.508104183524889,-0.10367428010046598,2.9963180895663437]","[0.576515281952791,0.04380795610404857,-0.01335502460979765]","[2.76637673,0.13517338,3.05383396]","[0.566463232,0.0393728837,0.00884936564]","[0.0618483461,0.00299455272,-0.00551697938]","[2.7569462855656943,0.13451765477657318,3.0536855459213257]","[0.5940731763839722,0.05529473597804705,-0.006093147521217664]","[0.20048969238996506,0.036886281023422875,-0.017426198969284695]","[2.7356009483337402,0.12373995035886765,3.068758010864258]","[0.5640313625335693,0.046487241983413696,-0.010352539829909801]",0.12068578571481145,0.21354040219551024,0.18151796727845093,0.015052378433697604,0.7543163969448864,0.20038419179356956,16.0,16.0,NOT_RECORDED,NOT_RECORDED,16.0,12.0,20.0,20.0,0.5678988565086613,0.06216608650591956,0.006610312197310212,0.28728473429816676,0.1608043698193607,0.02276826825160067,0.18151796727845093,0.015052378433697604,-0.576
29768000000,1,5.808000000000001,MAIN,MAIN,TRACK_MAIN,False,"[2.6108549829660816,-0.027032227785080687,2.9998354433020227]","[0.5674148970528989,0.03942273181696232,0.00876142720607942]","[0.05703789085074362,0.0032369510374495314,-0.005473087756838746]","[-0.3145556972045327,0.015251804608887254,0.0031605845139468514]","[2.5173269284574773,-0.10298459647779548,2.995819573127305]","[0.579624693410799,0.04454041031640199,-0.01332456302512007]","[2.77544785,0.135803744,3.05397487]","[0.56741488,0.0394227318,0.00876142737]","[0.05703789,0.00323695107,-0.00547308754]","[2.7644906441370645,0.1350422352552414,3.0538042783737183]","[0.5929259061813354,0.0553303894897302,-0.005897559846440951]","[0.18644996732473373,0.037244648983081184,-0.01563707118233045]","[2.7489261627197266,0.12452910095453262,3.0685319900512695]","[0.5676567554473877,0.04660534858703613,-0.010659424588084221]",0.12055034841699437,0.21622604510824295,0.1847145919487182,0.015015711622891333,0.7540586904571184,0.18548428658825372,16.0,16.0,NOT_RECORDED,NOT_RECORDED,20.0,12.0,20.0,20.0,0.5688502261475787,0.057391232207666065,0.006393423575818276,0.31494109525771186,0.16070917580311994,0.022556178872401626,0.1847145919487182,0.015015711622891333,-0.56
29784000000,1,5.82,MAIN,MAIN,TRACK_MAIN,False,"[2.617667976344954,-0.026558917539340365,2.999940187322207]","[0.5680761959176479,0.03946267700513412,0.008695992994294688]","[0.05313604747490075,0.003420883443940703,-0.0054313332710329565]","[-0.3358253373284654,0.01540336373892387,0.0038010553611285136]","[2.526624794646041,-0.10227976847980796,2.9953193248495444]","[0.583717848458326,0.04572575317400332,-0.013299042758097106]","[2.78226089,0.13627705,3.05407953]","[0.568076193,0.0394626781,0.00869599264]","[0.053136047,0.00342088356,-0.00543133309]","[2.773180067539215,0.13564615324139595,3.053939640522003]","[0.5935024917125702,0.055498335510492325,-0.005675184773281217]","[0.17624776810407639,0.03777033183723688,-0.013707038247957826]","[2.757864236831665,0.1250513345003128,3.0683536529541016]","[0.5701501369476318,0.04672197252511978,-0.010866781696677208]",0.11850679546338726,0.2175340485021856,0.184590449135334,0.014605789332439216,0.7547882514605906,0.17456091928832268,16.0,16.0,NOT_RECORDED,NOT_RECORDED,16.0,16.0,12.0,12.0,0.5695116219523833,0.053522344547795773,0.006249536177924837,0.33619989415243656,0.1605918606270095,0.02349427162692058,0.184590449135334,0.014605789332439216,-0.544
29800000000,1,5.840000000000001,MAIN,MAIN,TRACK_MAIN,False,"[2.6290404226493664,-0.025768976361481163,3.0001130037625345]","[0.5692964889612047,0.03952903910383454,0.008581396226532072]","[0.09681545501866337,0.0025838168008155246,-0.006867734745859316]","[7.0013361361049595,-0.1498821990319368,-0.21736303452335348]","[2.535983928073924,-0.10156001610300837,2.9948180191329707]","[0.5880043286446298,0.04679822219127912,-0.013296664931545434]","[2.79363346,0.13706699,3.05425239]","[0.569296479,0.0395290405,0.00858139619]","[0.096815452,0.00258381688,-0.00686773472]","[2.7845406532287598,0.136435367166996,3.0541136264801025]","[0.5982469320297241,0.05595912225544453,-0.005416026804596186]","[0.2021176740527153,0.038495128974318504,-0.012327680829912424]","[2.771362066268921,0.12584175169467926,3.0680484771728516]","[0.5737798810005188,0.04692220315337181,-0.011181785725057125]",0.12013255075123667,0.2187612663425004,0.1878798038268326,0.01480314238128784,0.7587430101790245,0.2087665792191528,16.0,16.0,NOT_RECORDED,NOT_RECORDED,12.0,20.0,12.0,12.0,0.5707317037253355,0.09709312138493896,0.009289704782651212,7.006312800117689,0.1604632959976572,0.024652746819188064,0.1878798038268326,0.01480314238128784,-0.528
29816000000,1,5.852,MAIN,MAIN,TRACK_MAIN,False,"[2.6358813551613993,-0.025294493431692013,3.0002154114980253]","[0.5710895197168383,0.03954650271815342,0.00847940870894902]","[0.21177806454771503,0.0001190779810512724,-0.010434054996960011]","[11.882093992414854,-0.2538245744596744,-0.36938209173097614]","[2.544910723435187,-0.10083042796385913,2.9942449891295695]","[0.5905758613928735,0.04758722554469705,-0.013544401326064895]","[2.80047441,0.137541473,3.05435491]","[0.571089506,0.0395465009,0.00847940892]","[0.21177806,0.00011907798,-0.0104340548]","[2.7953436970710754,0.13718561083078384,3.054278016090393]","[0.6023207902908325,0.05635017994791269,-0.005157818086445332]","[0.25628940388560295,0.038225919008255005,-0.01197471166960895]","[2.771362066268921,0.12584175169467926,3.0680484771728516]","[0.5737798810005188,0.04692220315337181,-0.011181785725057125]",0.11839332407518476,0.21400587018103873,0.1809381324073651,0.013524808498277087,0.7626811388928859,0.3102349688847324,16.0,16.0,NOT_RECORDED,NOT_RECORDED,12.0,16.0,20.0,12.0,0.5725199260983842,0.21203497897003057,0.019862221075287154,11.890543624614995,0.16068848289698628,0.024097035462295725,0.1809381324073651,0.013524808498277087,-0.512
29832000000,1,5.872000000000001,MAIN,MAIN,TRACK_MAIN,False,"[2.647363322367113,-0.024503917061595725,3.0003823561774845]","[0.5780836386869129,0.03949064881940298,0.008184392774488293]","[0.5034022872025932,-0.0059935659177213435,-0.019597578441290682]","[16.62668545473935,-0.3409386896632502,-0.5287606365691858]","[2.5536270850830483,-0.10008953733179746,2.993635043151889]","[0.5909889605115551,0.04826919765514701,-0.013828996223136839]","[2.81195617,0.138332054,3.0545218]","[0.578083634,0.0394906476,0.00818439294]","[0.503402293,-0.00599356601,-0.0195975788]","[2.8039422829945884,0.13777837653954825,3.054404060045878]","[0.6058316628138224,0.05642132398982843,-0.004989888519048691]","[0.4421151926120122,0.03384412763019403,-0.01668032646800081]","[2.7849676609039307,0.12664031982421875,3.067699432373047]","[0.577219545841217,0.04720170795917511,-0.011284755542874336]",0.12060345934039776,0.21520019301912693,0.18417109923974562,0.013431101156649448,0.7699895580881504,0.6500787729780795,16.0,16.0,NOT_RECORDED,NOT_RECORDED,16.0,12.0,20.0,20.0,0.579488730646909,0.5038192638972577,0.04832349627643368,16.638584561546555,0.16108316015457225,0.022301740050432305,0.18417109923974562,0.013431101156649448,-0.496
29848000000,1,5.888000000000001,MAIN,MAIN,TRACK_MAIN,False,"[2.6566887618731827,-0.023873070148926805,3.0005104245435485]","[0.5883406213289728,0.03935033722211189,0.007800161689904393]","[0.7819786977207535,-0.011559352836614847,-0.02857893343622698]","[17.855178112658614,-0.34635945455701234,-0.584295345742233]","[2.56307042702988,-0.0993293221292354,2.9931284646730436]","[0.5902649261945075,0.049367599187941154,-0.013496966405124114]","[2.82128167,0.138962895,3.05464983]","[0.58834064,0.0393503383,0.00780016184]","[0.781978726,-0.0115593532,-0.0285789333]","[2.8178137938181558,0.13872599105040231,3.0546006759007773]","[0.6244685252507528,0.05690651821593443,-0.00500069186091423]","[0.8725655327240627,0.026500683898727097,-0.02911713051920136]","[2.7940902709960938,0.1271779090166092,3.067453384399414]","[0.5794362425804138,0.04746927320957184,-0.01105227880179882]",0.12046797048708963,0.21488818694936357,0.18407023902761685,0.013359926148402253,0.790438699043008,1.1643679308672596,16.0,16.0,NOT_RECORDED,NOT_RECORDED,20.0,12.0,12.0,20.0,0.5897066883355184,0.78258613440528,0.07464727931006994,17.86809310915914,0.16095637721663286,0.02120457878699618,0.18407023902761685,0.013359926148402253,-0.48
29864000000,1,5.904000000000001,MAIN,MAIN,TRACK_MAIN,False,"[2.666214474638187,-0.023245176082503816,3.000631167178993]","[0.6031291861176858,0.03912232154181433,0.007267471556141519]","[1.0649296992676673,-0.01683601486280276,-0.038014828861927474]","[17.238082484397335,-0.30655669654694456,-0.5872696304479452]","[2.572413573966817,-0.09855072290987495,2.9926368100809144]","[0.5799369821457513,0.050519990679477565,-0.012208612396634183]","[2.83080745,0.1395908,3.05477047]","[0.603129208,0.0391223207,0.0072674714]","[1.06492972,-0.0168360155,-0.0380148292]","[2.8284260034561157,0.1394338235259056,3.054740309715271]","[0.6406169384717941,0.056946439668536186,-0.005121457390487194]","[1.223244458436966,0.01968855829909444,-0.04139983281493187]","[2.80326247215271,0.12772613763809204,3.0671987533569336]","[0.5815452337265015,0.04773885756731033,-0.01044611819088459]",0.12055473485160696,0.21448947461080878,0.1840768265231976,0.014844559110072044,0.81247521321655,1.62377193950441,16.0,16.0,NOT_RECORDED,NOT_RECORDED,16.0,16.0,12.0,12.0,0.6044403918771665,1.0657409830686755,0.09964134663519017,17.250807238095568,0.1608236727920998,0.017107812460260323,0.1840768265231976,0.014844559110072044,-0.464
29880000000,1,5.916,MAIN,MAIN,TRACK_MAIN,False,"[2.6735335765334054,-0.022777005247779942,3.0007154720515943]","[0.617119271128728,0.03889939181622623,0.006769509191122569]","[1.2638500145055493,-0.02021203096461858,-0.0449260950102218]","[15.789982210388358,-0.2531691365155622,-0.5609325585514852]","[2.5815195043150703,-0.09775652575459406,2.9921721164353334]","[0.561644061585448,0.05157462135436452,-0.009703477933175398]","[2.83812642,0.140058964,3.05485487]","[0.617119253,0.0388993919,0.00676950905]","[1.26384997,-0.02021203,-0.0449260958]","[2.8344669342041016,0.13982488214969635,3.0548126697540283]","[0.6465557813644409,0.05653436481952667,-0.00517113646492362]","[1.4063150882720947,0.014301768504083157,-0.05084976367652416]","[2.817095994949341,0.128558948636055,3.066805839538574]","[0.5846701860427856,0.0482000932097435,-0.008916957303881645]",0.1190021298415228,0.21881653409632093,0.1877621899699438,0.02273638043997202,0.8267431764071836,1.8988215967042086,16.0,16.0,NOT_RECORDED,NOT_RECORDED,12.0,20.0,12.0,12.0,0.6183810991102602,1.2648097641045706,0.11568822226873074,15.801970704671868,0.16070575228999015,0.016178326397169887,0.1877621899699438,0.02273638043997202,-0.448
29896000000,1,5.936,MAIN,MAIN,TRACK_MAIN,False,"[2.686148660223869,-0.022003360286462017,3.0008411532216455]","[0.6453236934386483,0.03845206113075881,0.00576379122338382]","[1.5437073946943236,-0.024113362679505302,-0.055355265462615925]","[11.93503847613778,-0.1311499063339046,-0.4740791377549739]","[2.590318893176969,-0.09694327697241001,2.99174228634266]","[0.5397594726380558,0.052818829366042756,-0.0060197011540760025]","[2.85074162,0.140832618,3.05498052]","[0.645323694,0.0384520628,0.00576379104]","[1.54370737,-0.0241133627,-0.0553552657]","[2.841280221939087,0.14025237783789635,3.054886281490326]","[0.6569651961326599,0.05611471924930811,-0.005337582319043577]","[1.6008003056049347,0.009160169865936041,-0.06199944671243429]","[2.817095994949341,0.128558948636055,3.066805839538574]","[0.5846701860427856,0.0482000932097435,-0.008916957303881645]",0.12199231428102932,0.21016077935874475,0.18129378925942824,0.03923343246429635,0.8542399517051192,2.2380687529823096,16.0,16.0,NOT_RECORDED,NOT_RECORDED,12.0,16.0,12.0,12.0,0.6464939687327089,1.5448877564755592,0.13491674918041327,11.945170352643578,0.16050594796122558,0.017511950121098522,0.18129378925942824,0.03923343246429635,-0.432
29912000000,1,5.948,MAIN,MAIN,TRACK_MAIN,False,"[2.694006924486697,-0.021543703392385247,3.0009062015151677]","[0.6646389192558021,0.03815529936647468,0.005067047541473782]","[1.6695807285967805,-0.025172713015911244,-0.060624517522153275]","[8.979025477044436,-0.044096431706785524,-0.4020522608600222]","[2.5984108361693505,-0.09644659298536314,2.992635153887947]","[0.5165451054129834,0.05337418517866429,0.001117485233998876]","[2.8585999,0.141292274,3.0550456]","[0.664638937,0.0381552987,0.00506704766]","[1.6695807,-0.0251727123,-0.0606245175]","[2.854324142138163,0.14103556921084723,3.0550061464309692]","[0.6927509009838104,0.055964212864637375,-0.006051595167567332]","[1.9484453996022542,0.004602637762824695,-0.08154301842053731]","[2.8263800144195557,0.1291269063949585,3.0665502548217773]","[0.5873773097991943,0.04855348542332649,-0.007350842002779245]",0.12172701097048044,0.21102940393837,0.18205721069992437,0.0625570615793542,0.8938575217511795,2.5860263157376395,16.0,16.0,NOT_RECORDED,NOT_RECORDED,16.0,12.0,20.0,20.0,0.6657525026840331,1.6708706733039311,0.1413158346212327,8.988130452611655,0.16009465888329968,0.01738078749193758,0.18205721069992437,0.0625570615793542,-0.416
29928000000,1,5.968,MAIN,MAIN,TRACK_MAIN,False,"[2.7076437919413485,-0.020785639356300768,3.0009949266616953]","[0.6994640873173575,0.03765334468258843,0.0037832647494179376]","[1.7942454567323927,-0.024497209154215542,-0.06727758576524889]","[3.3805659144864943,0.11333492129492037,-0.2594324160852468]","[2.6050628494235606,-0.09694116032851695,2.9974184846349403]","[0.4921514320045895,0.051196491567092405,0.016295753957047222]","[2.87223673,0.142050326,3.0551343]","[0.699464083,0.0376533456,0.00378326466]","[1.79424548,-0.0244972091,-0.067277588]","[2.868654211362203,0.14184737453858057,3.055108666419983]","[0.7362900674343109,0.05577854439616203,-0.007034186429033677]","[2.229785362879435,0.0033352741350730257,-0.10262627402941386]","[2.8404295444488525,0.12999780476093292,3.066197395324707]","[0.5930687785148621,0.048928193747997284,-0.0038594179786741734]",0.12780964001184772,0.21123225371280321,0.18665827355750728,0.08979901689942366,0.9499657451902086,2.884097175595604,16.0,16.0,NOT_RECORDED,NOT_RECORDED,20.0,12.0,20.0,20.0,0.7004870426386587,1.7956734518858317,0.14331707744710254,3.392399723660032,0.15916224773003532,0.018211449646370764,0.18665827355750728,0.08979901689942366,-0.4
29944000000,1,5.98,MAIN,MAIN,TRACK_MAIN,False,"[2.7161672646701445,-0.020335523397758584,3.0010354138195803]","[0.7211531100561919,0.03736986561371001,0.002959488297322248]","[1.8134326183584566,-0.02255530586945258,-0.06983000369664588]","[-0.19726496624044465,0.21028840524684478,-0.16523497522733382]","[2.612765934267519,-0.09611750651442526,2.9973454903368117]","[0.47637782844410803,0.052828192306924496,0.02497558218006201]","[2.88076019,0.142500445,3.05517483]","[0.72115308,0.0373698659,0.00295948819]","[1.81343257,-0.0225553066,-0.0698300004]","[2.872236728668213,0.14205032587051392,3.0551342964172363]","[0.7365232706069946,0.05507059395313263,-0.007131061051040888]","[2.2488765716552734,0.0008405018597841263,-0.11658786982297897]","[2.849897623062134,0.13058583438396454,3.0659990310668945]","[0.5985448360443115,0.04913484305143356,-0.0007643048884347081]",0.1282511583941306,0.2118521573083086,0.18799993662402997,0.11581207285063423,0.9656597765212785,2.91198292896717,16.0,16.0,NOT_RECORDED,NOT_RECORDED,16.0,16.0,12.0,12.0,0.722126771121724,1.814916756373566,0.13967513693942948,0.332321045565102,0.1589925827426763,0.017101009873418664,0.18799993662402997,0.11581207285063423,-0.384
29960000000,2,0.0,MAIN,MAIN,TRACK_MAIN,False,"[2.730950741056328,-0.019592303470583897,3.0010804711403223]","[0.7569805836879514,0.03697144904840377,0.0015406303329803062]","[1.7492863878719795,-0.016761979551591324,-0.07151313771075143]","[-6.198821482562824,0.36741795362848745,-0.0026268590333943242]","[2.620289045922857,-0.09527012886901794,2.997359780790805]","[0.4661784476280355,0.05425530933745604,0.03496553931019367]","[2.89554358,0.14324367,3.05521989]","[0.756980598,0.0369714499,0.00154063036]","[1.74928641,-0.0167619791,-0.0715131387]","[2.883890151977539,0.14264699816703796,3.055177092552185]","[0.7683882415294647,0.054724058136343956,-0.008052225923165679]","[2.288375496864319,0.002513858489692211,-0.1368497684597969]","[2.864328145980835,0.13149261474609375,3.0657835006713867]","[0.6099290251731873,0.04967522248625755,0.004900088533759117]",0.13411557539497815,0.21166640424836886,0.19336950279801168,0.14465118697572593,1.0139907065058482,2.8997048393327107,16.0,16.0,NOT_RECORDED,NOT_RECORDED,12.0,20.0,12.0,12.0,0.7578844672290844,1.7508277926792009,0.12670478834450538,6.2097013314425435,0.15879599920751356,0.01697374576195293,0.19336950279801168,0.14465118697572593,-0.368
29976000000,2,0.016,MAIN,MAIN,TRACK_MAIN,False,"[2.7432823869497147,-0.01900266612239828,3.0010959722701323]","[0.7842452833434194,0.03674751534242548,0.000397706643777167]","[1.6630431417786975,-0.01139975389108385,-0.07125311199895026]","[-4.60791592274003,0.3036573203549961,0.03457960398810798]","[2.6277307106616843,-0.09440314277275393,2.997466529159878]","[0.46354366976735234,0.055269832759249314,0.04597328265257293]","[2.9078753,0.143833309,3.05523539]","[0.784245312,0.0367475152,0.000397706637]","[1.66304314,-0.0113997543,-0.0712531134]","[2.8986265063285828,0.14339108020067215,3.055223762989044]","[0.8115671873092651,0.054531220346689224,-0.009284096071496606]","[2.335363805294037,0.0059533456806093454,-0.15895114839076996]","[2.864328145980835,0.13149261474609375,3.0657835006713867]","[0.6099290251731873,0.04967522248625755,0.004900088533759117]",0.13802389151652397,0.20367960544386726,0.18760203844499543,0.1563608318738854,1.064381090455415,2.882054787222685,16.0,16.0,NOT_RECORDED,NOT_RECORDED,12.0,16.0,12.0,12.0,0.785105854328457,1.6646078973065919,0.1147131863166432,4.618039916269484,0.15859459128975747,0.01936965762744563,0.18760203844499543,0.1563608318738854,-0.352
29992000000,2,0.028,MAIN,MAIN,TRACK_MAIN,False,"[2.752811822813017,-0.018562432544222983,3.0010956263791817]","[0.8038967405756388,0.03663149243788194,-0.00045421164487060304]","[1.6143828033094463,-0.008026858271197793,-0.07068172555382217]","[-3.516326274403569,0.25892534583839566,0.06035245190690218]","[2.6351892289059022,-0.09351984731743888,2.997666392252807]","[0.46858030026569925,0.055968921349251265,0.05757689952111349]","[2.91740465,0.144273534,3.05523515]","[0.803896725,0.036631491,-0.000454211637]","[1.61438274,-0.00802685786,-0.0706817284]","[2.9094635248184204,0.1439066802461942,3.0552353461583457]","[0.8367519577344259,0.0541844746718804,-0.01020294800400734]","[2.2905520598093667,0.009144619107246399,-0.1769163856903712]","[2.874133825302124,0.13211113214492798,3.0657005310058594]","[0.6197255253791809,0.04992154613137245,0.008604786358773708]",0.1395186305609953,0.2039493689274981,0.18938046140494255,0.17043363204115006,1.0965285293528333,2.814526513528854,16.0,16.0,NOT_RECORDED,NOT_RECORDED,16.0,12.0,20.0,20.0,0.8047310370891512,1.6159493099730071,0.10729042849792925,3.5263628884772467,0.15842935372492922,0.024255397072298714,0.18938046140494255,0.17043363204115006,-0.336
30008000000,2,0.048,MAIN,MAIN,TRACK_MAIN,False,"[2.7692085133873947,-0.017831086495010164,3.0010724997690317]","[0.8355939016126017,0.03651803134145498,-0.0018530921670843166]","[1.5607833100139126,-0.003548886496773432,-0.06907615944789461]","[-1.8810827406910622,0.19002901954188575,0.09940673274336964]","[2.642762675227202,-0.09262272530622509,2.9979555105241844]","[0.4795115697193768,0.05675490256079349,0.06922490723851213]","[2.93380141,0.145004883,3.05521202]","[0.835593879,0.0365180299,-0.00185309222]","[1.56078327,-0.00354888639,-0.0690761581]","[2.9158164262771606,0.14420016358296076,3.055235187212626]","[0.8443296949068705,0.0535992489506801,-0.010744985193014145]","[2.226407607396444,0.00942787155508995,-0.1919404317935308]","[2.889186382293701,0.13305923342704773,3.0656614303588867]","[0.6379455924034119,0.05022088810801506,0.013432548381388187]",0.1469423521182827,0.20330840520800156,0.19517032299380058,0.18561425155740088,1.124381622109386,2.7290180142306846,16.0,16.0,NOT_RECORDED,NOT_RECORDED,20.0,12.0,20.0,20.0,0.8363935490998274,1.5623151574562102,0.09718984305967802,1.8932683391713283,0.1582906529548782,0.029500537863368707,0.19517032299380058,0.18561425155740088,-0.32
30024000000,2,0.064,MAIN,MAIN,TRACK_MAIN,False,"[2.7827767152982585,-0.01724713131424579,3.001034081314875]","[0.8603762075410532,0.036483384564826526,-0.0029443661164995005]","[1.5400735034520798,-0.0009158878574357057,-0.06725875622295718]","[-0.7302479247525615,0.13980338505974965,0.1272818023121234]","[2.6495664966068153,-0.09252715395965927,2.99926850970257]","[0.4969727108198146,0.05594710896020152,0.08166940187540092]","[2.94736958,0.145588845,3.0551734]","[0.860376179,0.0364833847,-0.00294436608]","[1.54007351,-0.000915887882,-0.0672587529]","[2.9297022223472595,0.14482204616069794,3.0552178025245667]","[0.8768661320209503,0.053461539559066296,-0.01196130528114736]","[2.2155163288116455,0.012846923200413585,-0.20585805922746658]","[2.899477243423462,0.13370729982852936,3.065680503845215]","[0.6523531675338745,0.050378844141960144,0.01564282551407814]",0.15302013402305684,0.20145821773338377,0.19706644435307655,0.19105653917607876,1.1651509012424948,2.705473266065957,16.0,16.0,NOT_RECORDED,NOT_RECORDED,16.0,16.0,12.0,12.0,0.861154414227703,1.5415417526536186,0.09067010829413755,0.7543259741513677,0.15884393733066754,0.034734729829980604,0.19706644435307655,0.19105653917607876,-0.304
30040000000,2,0.08,MAIN,MAIN,TRACK_MAIN,False,"[2.796739545982649,-0.016663427026817095,3.0009784536401853]","[0.8849687530220565,0.03648461617317527,-0.004003116926561322]","[1.5367111172932564,0.0009470016991989949,-0.06501839247102824]","[0.2885328855505745,0.09373657955711094,0.15229729586321072]","[2.6575261102254637,-0.09183118366289623,2.999949945947379]","[0.5210782582952702,0.056324820566572245,0.0922825285885375]","[2.96133256,0.146172538,3.05511785]","[0.884968758,0.0364846177,-0.00400311686]","[1.5367111,0.000947001681,-0.0650183931]","[2.9475669860839844,0.1455887109041214,3.055164933204651]","[0.9205391108989716,0.05358130671083927,-0.013476100284606218]","[2.2563018798828125,0.016884409822523594,-0.21596841514110565]","[2.9153130054473877,0.1346968114376068,3.0657453536987305]","[0.6766807436943054,0.05048035830259323,0.017425335943698883]",0.1582138747426879,0.2028899662887174,0.2031783033526059,0.20018083586094593,1.213698050819513,2.7341273623114213,16.0,16.0,NOT_RECORDED,NOT_RECORDED,12.0,20.0,12.0,12.0,0.8857295557831664,1.5380862609699182,0.08521208819462354,0.3394587437649145,0.1588388987821263,0.040314204956938146,0.2031783033526059,0.20018083586094593,-0.288
30056000000,2,0.096,MAIN,MAIN,TRACK_MAIN,False,"[2.811096100805392,-0.016079495342824005,3.000906189322918]","[0.9096324962826708,0.03650992941012756,-0.005022938029771585]","[1.5486398815666003,0.0021049490212047424,-0.062399843165176674]","[1.1823068599951227,0.051657314050054956,0.17457514226151197]","[2.6661556895008576,-0.09093071291279878,3.000432885667112]","[0.5478528853534336,0.05698073985769629,0.10201206650308371]","[2.97568893,0.14675647,3.0550456]","[0.909632504,0.0365099311,-0.0050229379]","[1.54863989,0.00210494897,-0.0623998418]","[2.9649216532707214,0.14631852135062218,3.0550997853279114]","[0.961489126086235,0.05367028247565031,-0.01491699181497097]","[2.3037469387054443,0.019843580666929483,-0.2238878756761551]","[2.9153130054473877,0.1346968114376068,3.0657453536987305]","[0.6766807436943054,0.05048035830259323,0.017425335943698883]",0.16312771566225628,0.1944190709175904,0.19615301982599584,0.18089504870052764,1.2604187504758908,2.7779011206811366,16.0,16.0,NOT_RECORDED,NOT_RECORDED,12.0,16.0,12.0,12.0,0.9103787580701929,1.5498979495489482,0.08063205724855312,1.1962418106645578,0.1587428970156784,0.04265451302453914,0.19615301982599584,0.18089504870052764,-0.272
30072000000,2,0.112,MAIN,MAIN,TRACK_MAIN,False,"[2.82584939204351,-0.01549503849551989,3.0008179577977914]","[0.9345963903317993,0.03654854839520823,-0.0059981237412999235]","[1.5739149804510424,0.0026204049552724443,-0.05944594929040166]","[1.9579585975260965,0.013397377349605066,0.1942351611508604]","[2.6752027828978555,-0.09002382926943032,3.000932839313938]","[0.5743777657149836,0.057388604831721333,0.11141132259822985]","[2.99044228,0.147340938,3.05495739]","[0.934596419,0.0365485474,-0.0059981239]","[1.573915,0.00262040505,-0.0594459511]","[2.978147824605306,0.1468538815776507,3.055030902226766]","[0.9876549343268076,0.05348337690035502,-0.015971445478498936]","[2.326827963193258,0.01967504806816578,-0.22820120304822922]","[2.926135778427124,0.1353720873594284,3.065798759460449]","[0.6944980621337891,0.05066075176000595,0.017902961000800133]",0.1680742535282178,0.1924597452516708,0.19749103446262004,0.17728948224372784,1.2967058886925025,2.8107549564899164,16.0,16.0,NOT_RECORDED,NOT_RECORDED,16.0,12.0,20.0,20.0,0.9353299881322323,1.575039381443325,0.07683517733054832,1.967614966697882,0.15863743743035463,0.04330002600330767,0.19749103446262004,0.17728948224372784,-0.256
30088000000,2,0.128,MAIN,MAIN,TRACK_MAIN,False,"[2.8410058509578873,-0.01490992325284423,3.000714514388271]","[0.9600591454175152,0.036590675061776205,-0.006923638585154976]","[1.6107004511419813,0.002553153591428916,-0.0561976515911694]","[2.622210126256759,-0.02120836393827824,0.21139506295404284]","[2.6846483139284683,-0.0891108093560549,3.001447761383695]","[0.5987905736135886,0.05740318900715214,0.12063913170719473]","[3.00559878,0.147926047,3.05485392]","[0.960059166,0.0365906768,-0.00692363875]","[1.61070049,0.00255315355,-0.0561976507]","[2.9879833857218423,0.1472435270746549,3.0549720923105874]","[1.0024257202943165,0.05307086308797201,-0.01675285864621401]","[2.318658630053202,0.018547752872109413,-0.23109879344701767]","[2.942760944366455,0.13639481365680695,3.0659074783325195]","[0.7230457067489624,0.0508551187813282,0.018185580149292946]",0.17307220613248125,0.19364231199229473,0.20320456163972475,0.18362439886652923,1.325151182093419,2.825213981282804,16.0,16.0,NOT_RECORDED,NOT_RECORDED,20.0,12.0,20.0,20.0,0.9607811285472587,1.6116825487504063,0.07379331627952483,2.6308028458221213,0.15852437747026712,0.04194399491377587,0.20320456163972475,0.18362439886652923,-0.24
30104000000,2,0.14400000000000002,MAIN,MAIN,TRACK_MAIN,False,"[2.856574857731295,-0.014324165611645043,3.000596689825018]","[0.986190949866263,0.03662744688287569,-0.007795087160316162]","[1.657266582717973,0.001960361507755812,-0.05269402431894992]","[3.181620903468615,-0.05232196541269647,0.22617044887279902]","[2.6946167529842406,-0.08819779675389351,3.0019755502547945]","[0.6243088671597561,0.05781223477402508,0.1298144134962064]","[3.02116776,0.148511812,3.05473614]","[0.986190975,0.0366274454,-0.00779508706]","[1.65726662,0.00196036161,-0.0526940227]","[3.005805015563965,0.14792637526988983,3.05484676361084]","[1.042155683040619,0.0531007144600153,-0.01802789233624935]","[2.4125648736953735,0.01766021177172661,-0.233582004904747]","[2.9598331451416016,0.1374409794807434,3.0660486221313477]","[0.753754198551178,0.051176343113183975,0.018210837617516518]",0.17801584852895438,0.19488172984262933,0.20906486174177807,0.1925498231866045,1.3720099297713078,2.9293816976855216,16.0,16.0,NOT_RECORDED,NOT_RECORDED,16.0,16.0,12.0,12.0,0.986901678409312,1.6581052528141493,0.07152076151179083,3.190078718996824,0.15832662761616925,0.042210141801540785,0.20906486174177807,0.1925498231866045,-0.224
30120000000,2,0.156,MAIN,MAIN,TRACK_MAIN,False,"[2.8685294153329144,-0.013884511733632707,3.0004994206636937]","[1.0063160610009934,0.03664668563445479,-0.008410893606729938]","[1.6976277396059325,0.0012038208162006802,-0.04992121488128449]","[3.536231482480465,-0.07346120056911709,0.23575550158411504]","[2.7054173444548666,-0.08820122432363925,3.0043833454042126]","[0.6524115557575502,0.055998675083502036,0.14160238567781286]","[3.0331223,0.148951456,3.05463886]","[1.00631607,0.0366466865,-0.00841089338]","[1.69762778,0.00120382081,-0.0499212146]","[3.024156391620636,0.14862172305583954,3.0547118186950684]","[1.0833147764205933,0.0531367426738143,-0.019312545657157898]","[2.5154350996017456,0.016506753163412213,-0.23564308136701584]","[2.9598331451416016,0.1374409794807434,3.0660486221313477]","[0.753754198551178,0.051176343113183975,0.018210837617516518]",0.179286380708912,0.1885005919919008,0.200695070927743,0.1763107423340563,1.415921429402488,3.0379390483636857,16.0,16.0,NOT_RECORDED,NOT_RECORDED,12.0,20.0,12.0,12.0,1.007018240811858,1.6983620106324,0.07033999498626836,3.544842775385422,0.15754677155225277,0.04521159259363315,0.200695070927743,0.1763107423340563,-0.208
30136000000,2,0.17600000000000002,MAIN,MAIN,TRACK_MAIN,False,"[2.889000149561407,-0.013151446108919834,3.0003215376427717]","[1.041009884258726,0.036653905449787444,-0.009361227251843166]","[1.773337637455281,-0.0005859705981640588,-0.04506794808166877]","[4.011345178303147,-0.10470558234285639,0.2490195317587585]","[2.7165232609838825,-0.08791625862842553,3.0062005147709794]","[0.6800945624932373,0.05520204210644375,0.15279462056555507]","[3.05359316,0.149684519,3.054461]","[1.0410099,0.0366539061,-0.00936122704]","[1.7733376,-0.000585970585,-0.0450679474]","[3.0382400155067444,0.14913472160696983,3.054594397544861]","[1.1105586886405945,0.052853113040328026,-0.020241222344338894]","[2.572264790534973,0.01427052915096283,-0.23720748722553253]","[2.971546173095703,0.13815198838710785,3.066155433654785]","[0.7754032015800476,0.05131908506155014,0.018101902678608894]",0.18807609272986994,0.18450115759999694,0.2013887869547773,0.1776274307645622,1.4596580397089443,3.129466017064149,16.0,16.0,NOT_RECORDED,NOT_RECORDED,12.0,16.0,20.0,12.0,1.0416970387232312,1.7739103245996712,0.06940019892465632,4.020430838314099,0.15706023487961512,0.046365006710315564,0.2013887869547773,0.1776274307645622,-0.192
30152000000,2,0.192,MAIN,MAIN,TRACK_MAIN,False,"[2.90588608584679,-0.012565133939156944,3.0001661608248122]","[1.069909686146088,0.03663017540359148,-0.010050064695655817]","[1.8398909879897263,-0.00243782182150206,-0.04101461888239681]","[4.2939647363300555,-0.1262843200221135,0.25731388502420766]","[2.727786063046967,-0.0870335936960217,3.006805694159688]","[0.7056690469911617,0.05608412195287068,0.1627730152671813]","[3.07047892,0.150270835,3.05430555]","[1.06990969,0.036630176,-0.0100500649]","[1.83989096,-0.00243782182,-0.0410146192]","[3.0564074516296387,0.14978223790725073,3.0544350941975913]","[1.1506359974543254,0.05274177094300588,-0.021363424137234688]","[2.685795863469442,0.011551897351940473,-0.240450419485569]","[2.989501953125,0.139236718416214,3.0663576126098633]","[0.8090413212776184,0.051646288484334946,0.018678713589906693]",0.19315603284071198,0.18551744912169807,0.20684048506495445,0.18833004318004698,1.5088493452171325,3.2632264317559416,16.0,16.0,NOT_RECORDED,NOT_RECORDED,16.0,12.0,20.0,20.0,1.0705837239841194,1.8403496922115408,0.06957133314971266,4.30352080531229,0.1569206538450777,0.045710840323920546,0.20684048506495445,0.18833004318004698,-0.176
30168000000,2,0.20800000000000002,MAIN,MAIN,TRACK_MAIN,False,"[2.923243116734987,-0.011979452719963148,3.000000286759088]","[1.099907031635237,0.036574177895021355,-0.010673071237655912]","[1.910316651888868,-0.004611737677414226,-0.03684426713679049]","[4.496355663646614,-0.144988362334936,0.26366503500172217]","[2.7394356989519424,-0.08613945101883302,3.007426787240492]","[0.7287614054137449,0.05672895467196301,0.17350979168464706]","[3.08783603,0.150856525,3.05413961]","[1.09990704,0.0365741774,-0.0106730713]","[1.91031671,-0.00461173756,-0.0368442684]","[3.067664623260498,0.15017311523358026,3.0543314615885415]","[1.1684040625890095,0.05220970014731089,-0.022087136283516884]","[2.707143227259318,0.007793371255199114,-0.24553073197603226]","[3.001854658126831,0.13997316360473633,3.066523551940918]","[0.8325709104537964,0.05186107009649277,0.019823107868433]",0.19834320025944757,0.1835612073897288,0.20745046145997845,0.19278485203709272,1.5426541470757982,3.3245970377379694,16.0,16.0,NOT_RECORDED,NOT_RECORDED,20.0,12.0,12.0,20.0,1.1005667009222926,1.9106774920506984,0.07051953534276549,4.506412667510824,0.15677163444560185,0.044417381592430256,0.20745046145997845,0.19278485203709272,-0.16
30184000000,2,0.224,MAIN,MAIN,TRACK_MAIN,False,"[2.9410892447994046,-0.011394958017739381,2.999824982410393]","[1.1310538553977671,0.036481121560357,-0.011228618742273816]","[1.983377160647432,-0.00706290047675946,-0.03258714084439001]","[4.624264563375552,-0.1609643759057375,0.26817803678780805]","[2.7515686910021464,-0.08522956922451667,3.008090509827261]","[0.7511521165135024,0.058064711687082236,0.18564205193205333]","[3.10568213,0.151441008,3.05396438]","[1.13105381,0.0364811234,-0.0112286191]","[1.98337722,-0.00706290035,-0.0325871408]","[3.0834967494010925,0.1507101021707058,3.0541810989379883]","[1.20067498087883,0.05185294710099697,-0.023018560372292995]","[2.7889344692230225,0.003550568246282637,-0.2521643340587616]","[3.0144731998443604,0.140720397233963,3.06673526763916]","[0.8569236993789673,0.05215894430875778,0.021360566839575768]",0.2035630346284767,0.18166252346256423,0.2079858095106909,0.19964328263495498,1.5878270723919274,3.4377897012188465,16.0,16.0,NOT_RECORDED,NOT_RECORDED,16.0,16.0,12.0,12.0,1.1316977414130127,1.9836574219580925,0.0721638566436017,4.634830281878395,0.15653688607411198,0.044601158605970366,0.2079858095106909,0.19964328263495498,-0.144
30200000000,2,0.24000000000000002,MAIN,MAIN,TRACK_MAIN,False,"[2.95944314906749,-0.010812276423641035,2.9996413369933]","[1.16338302123803,0.03634691347689594,-0.01171554968487361]","[2.0579256908434522,-0.009748814574027804,-0.028271823996959836]","[4.683275467807837,-0.1743559495639943,0.27095583625792447]","[2.764106331254981,-0.08430230202617547,3.008787882221329]","[0.777560789010637,0.05894568710652398,0.1984203665129387]","[3.12403607,0.152023688,3.05378079]","[1.16338301,0.0363469124,-0.01171555]","[2.0579257,-0.00974881463,-0.0282718241]","[3.105936050415039,0.1514401063323021,3.0539602041244507]","[1.2541706562042236,0.05168671905994415,-0.02416916936635971]","[2.9575703144073486,-0.0007293808739632368,-0.258909210562706]","[3.034031391143799,0.14185824990272522,3.0671348571777344]","[0.8954057693481445,0.05246080830693245,0.023682598024606705]",0.20890408216640213,0.18283071605091517,0.2139221955141127,0.21721694676612205,1.6493183591072442,3.622915464668944,16.0,16.0,NOT_RECORDED,NOT_RECORDED,12.0,20.0,12.0,12.0,1.1640096246718248,2.0581429698762945,0.07439354677266176,4.6943461919335805,0.15628237314864923,0.04829975138011287,0.2139221955141127,0.21721694676612205,-0.128
30216000000,2,0.256,MAIN,MAIN,TRACK_MAIN,False,"[2.978323891378456,-0.010232094673642143,2.999450454653947]","[1.1969097516054061,0.03616812240421291,-0.012133150797608981]","[2.1329034630049644,-0.012629257122621442,-0.02392527032602544]","[4.67880983840268,-0.18530359434424476,0.2720992700664841]","[2.776887313224095,-0.08382037016559915,3.0113711922867252]","[0.8032065537015391,0.05851152696604031,0.21451774334975435]","[3.14291692,0.15260388,3.05358982]","[1.19690979,0.0361681208,-0.0121331504]","[2.13290358,-0.0126292575,-0.0239252709]","[3.128756284713745,0.15216873586177826,3.0537330508232117]","[1.3087912499904633,0.05147796310484409,-0.025302818976342678]","[3.1285327672958374,-0.005361584015190601,-0.2664068713784218]","[3.034031391143799,0.14185824990272522,3.0671348571777344]","[0.8954057693481445,0.05246080830693245,0.023682598024606705]",0.21478834534054142,0.1755447999470959,0.2033449753514733,0.20887232627748584,1.7125959998808598,3.8109538212189698,16.0,16.0,NOT_RECORDED,NOT_RECORDED,12.0,16.0,12.0,12.0,1.1975175572469234,2.133075033653109,0.07708113766528264,4.690377057207802,0.15571374229332102,0.0498390399197979,0.2033449753514733,0.20887232627748584,-0.112
30232000000,2,0.272,MAIN,MAIN,TRACK_MAIN,False,"[2.997750645280232,-0.009655149350436102,2.999253447569156]","[1.2316330154884332,0.03594194281333505,-0.012481127255239706]","[2.2073371404766986,-0.0156662288301357,-0.019572837050410064]","[4.616126565787537,-0.19394474348608898,0.271707065646852]","[2.789997126091554,-0.08356755771220702,3.014949473814059]","[0.8263494198088107,0.0575429458619579,0.2329919646690223]","[3.1623435,0.153180823,3.05339289]","[1.23163307,0.0359419435,-0.0124811269]","[2.20733714,-0.0156662297,-0.0195728373]","[3.1494866609573364,0.15279552588860193,3.0535233418146768]","[1.3563669125239055,0.051037187377611794,-0.026274409765998524]","[3.262279431025187,-0.011238266713917255,-0.2772866139809291]","[3.0475268363952637,0.14263153076171875,3.0674591064453125]","[0.9223774671554565,0.05278956517577171,0.02602349780499935]",0.22106771380054155,0.17412901551502724,0.20348652728033284,0.21815187029760102,1.77167451910266,3.9692732483443343,16.0,16.0,NOT_RECORDED,NOT_RECORDED,16.0,12.0,20.0,20.0,1.232220551131935,2.2074795080371206,0.08009541611330964,4.628181474879496,0.15495635247164882,0.05049539054253147,0.20348652728033284,0.21815187029760102,-0.096
30248000000,2,0.28800000000000003,MAIN,MAIN,TRACK_MAIN,False,"[3.017742446799802,-0.009082217154566266,2.999051429454265]","[1.2675368746908116,0.035666159703832565,-0.012759577400908679]","[2.28033622828677,-0.018823904713639875,-0.015238318623771518]","[4.500321969758106,-0.20041375243419085,0.2698758412113471]","[2.8037680547078403,-0.08264871206304795,3.015888506520523]","[0.8482902749812636,0.05846172695117802,0.2492855870013354]","[3.18233538,0.153753757,3.05319095]","[1.26753688,0.0356661603,-0.0127595775]","[2.28033614,-0.0188239049,-0.0152383186]","[3.175765633583069,0.1535621111591657,3.053257425626119]","[1.4218549331029255,0.0506793608268102,-0.027362301324804623]","[3.463529189427694,-0.017305263318121433,-0.2903180768092473]","[3.068542003631592,0.14380459487438202,3.068065643310547]","[0.9649456739425659,0.05318469554185867,0.030897662043571472]",0.22689327184467023,0.17526532452508045,0.20941072073790815,0.23695778102073348,1.844958343621189,4.183216968674956,16.0,16.0,NOT_RECORDED,NOT_RECORDED,20.0,12.0,20.0,20.0,1.2681027602148096,2.2804648341468194,0.08331145993517478,4.512859013233381,0.15479257601150653,0.04999391526441278,0.20941072073790815,0.23695778102073348,-0.08
30264000000,2,0.30000000000000004,MAIN,MAIN,TRACK_MAIN,False,"[3.0331183616137563,-0.00865563655507802,2.9988972949439323]","[1.2952222397427176,0.0354257521934717,-0.012923055996782605]","[2.3336537324940063,-0.021251022625894345,-0.012012637010652886]","[4.381581724888785,-0.2039191295721628,0.267614998366132]","[2.818065101778087,-0.08171397961191604,3.01693579028606]","[0.8726846370869984,0.059294737194986756,0.26757036983788973]","[3.19771123,0.154180333,3.05303669]","[1.29522228,0.0354257524,-0.0129230563]","[2.33365369,-0.0212510228,-0.0120126372]","[3.182335376739502,0.15375375747680664,3.0531909465789795]","[1.4218547344207764,0.04969470016658306,-0.02800692245364189]","[3.389771580696106,-0.021843606140464544,-0.3080798536539078]","[3.083095073699951,0.14460033178329468,3.0685625076293945]","[0.9950025677680969,0.05340326577425003,0.03483467549085617]",0.22783944647572865,0.17560838659013242,0.20976919044080689,0.2506498188190698,1.8641886808309858,4.157631791689533,16.0,16.0,NOT_RECORDED,NOT_RECORDED,16.0,16.0,12.0,12.0,1.2957710598786003,2.33378140634332,0.08578774184371456,4.3944805393397015,0.15452999125845493,0.052520812817638776,0.20976919044080689,0.2506498188190698,-0.064
30280000000,2,0.32,MAIN,MAIN,TRACK_MAIN,False,"[3.0594953016038455,-0.007951645046797818,2.9986367865269603]","[1.342755876673295,0.03495966998790235,-0.013110110105235046]","[2.418867256651461,-0.02536864515595235,-0.006710592791449184]","[4.128921232480413,-0.20735738255313105,0.26227225903676077]","[2.8328180860475336,-0.08076625845822881,3.0180648244848687]","[0.9008601003043734,0.06021062374419868,0.2869027299628893]","[3.22408819,0.154884323,3.0527761]","[1.34275591,0.0349596702,-0.0131101105]","[2.41886735,-0.0253686458,-0.00671059266]","[3.203211784362793,0.15431904047727585,3.052983522415161]","[1.4682713747024536,0.048986827954649925,-0.028967778198421]","[3.4941903352737427,-0.027932122349739075,-0.32561078667640686]","[3.1058285236358643,0.14580586552619934,3.0694704055786133]","[1.0425103902816772,0.053763628005981445,0.040989071130752563]",0.23887648824761465,0.17551507373849226,0.216484190409852,0.2745833457037511,1.931318550363501,4.299367408939993,16.0,16.0,NOT_RECORDED,NOT_RECORDED,12.0,20.0,12.0,12.0,1.3432748779953056,2.4190095918605254,0.08991501103600444,4.142435801070079,0.15425124682589386,0.05697312376349937,0.216484190409852,0.2745833457037511,-0.048
30296000000,2,0.336,MAIN,MAIN,TRACK_MAIN,False,"[3.081291789179707,-0.007395679282496245,2.998426343957417]","[1.381976140966746,0.034527180407963314,-0.01318413528353567]","[2.483009005479464,-0.028694488093798966,-0.002557464195084285]","[3.8827048766647696,-0.20808532563860796,0.25668259161708296]","[2.8480808044977324,-0.07980401017600651,3.0192656519051297]","[0.9311464379492973,0.06151085621531739,0.3069000206157869]","[3.24588466,0.155440286,3.05256581]","[1.38197613,0.0345271789,-0.0131841348]","[2.4830091,-0.0286944881,-0.00255746418]","[3.229537308216095,0.15502331405878067,3.052723526954651]","[1.5322027206420898,0.048372725024819374,-0.03005264000967145]","[3.6645348072052,-0.03455124516040087,-0.3428738862276077]","[3.1058285236358643,0.14580586552619934,3.0694704055786133]","[1.0425103902816772,0.053763628005981445,0.040989071130752563]",0.24508081629303413,0.17064590051090903,0.2040753723519713,0.27241198100915764,2.0058413480545547,4.483009598596845,16.0,16.0,NOT_RECORDED,NOT_RECORDED,12.0,16.0,12.0,12.0,1.3824702534996687,2.4831761185147925,0.09312522319160445,3.8967399983655273,0.15409847786107592,0.05954811618838891,0.2040753723519713,0.27241198100915764,-0.032
30312000000,2,0.34800000000000003,MAIN,MAIN,TRACK_MAIN,False,"[3.098055383202155,-0.006983479029206434,2.998268023780957]","[1.412046935813364,0.03416787221477311,-0.0131964578243936]","[2.528375176706976,-0.031189101926352124,0.0004939030322907477]","[3.6752556793555957,-0.20753174238567332,0.25178102209651093]","[2.8639203253222356,-0.07896516331980942,3.02214597940939]","[0.961538178485579,0.062464184923566826,0.3300159893116372]","[3.26264834,0.155852497,3.0524075]","[1.41204691,0.0341678709,-0.0131964581]","[2.52837515,-0.0311891027,0.000493903004]","[3.253470500310262,0.15562179436286291,3.05249551932017]","[1.5871338844299316,0.047552176440755524,-0.031064914539456367]","[3.7846258083979287,-0.04086632840335369,-0.36147744953632355]","[3.1216189861297607,0.14661918580532074,3.070178985595703]","[1.075831651687622,0.05395359545946121,0.04510398954153061]",0.24611124510419796,0.1712314470426499,0.20410819686560913,0.28721338309226646,2.0677302659037267,4.614298913408333,16.0,16.0,NOT_RECORDED,NOT_RECORDED,16.0,12.0,20.0,20.0,1.4125219074162023,2.528567586244673,0.09543557448344374,3.689711020638494,0.1533194140523864,0.06227834914004173,0.20410819686560913,0.28721338309226646,-0.016
30328000000,2,0.36800000000000005,MAIN,MAIN,TRACK_MAIN,False,"[3.1268067738653733,-0.006306635394307898,2.9980045261258175]","[1.463324651651849,0.03350273577560124,-0.01313682608628063]","[2.5981166734363494,-0.03531496919703299,0.0054378862686993365]","[3.2914703730232544,-0.20466368918613773,0.24236841075361554]","[2.880416987926594,-0.0785271134247379,3.0299311779345626]","[0.9896946055249276,0.0613066408828912,0.36154077784109684]","[3.29139972,0.156529337,3.05214405]","[1.46332467,0.0335027352,-0.0131368265]","[2.59811664,-0.0353149697,0.00543788634]","[3.2838138739267984,0.15634782860676447,3.05221434434255]","[1.6621708869934082,0.04672556680937608,-0.03213534690439701]","[3.9701613982518515,-0.04767300747334957,-0.38109005987644196]","[3.146329402923584,0.1478518843650818,3.0714101791381836]","[1.1283886432647705,0.054119132459163666,0.05206383392214775]",0.25873352151899076,0.17185567245198086,0.21090521212457258,0.3109963885708059,2.1590188706018894,4.815096937896056,16.0,16.0,NOT_RECORDED,NOT_RECORDED,20.0,12.0,20.0,20.0,1.463767073559204,2.5983623624206884,0.09903616756967408,3.3067214712903104,0.15082343991857147,0.0687006517553505,0.21090521212457258,0.3109963885708059,0.0
30344000000,2,0.384,MAIN,MAIN,TRACK_MAIN,False,"[3.150554717991782,-0.005775251057574011,2.997795196999132]","[1.5053017213035915,0.032911651651866936,-0.013019152513612828]","[2.648119220339609,-0.03856010199089034,0.009248494734299707]","[2.954856585639482,-0.2007489647932042,0.23381393230294936]","[2.8974556335653228,-0.07755050428325803,3.03158726457628]","[1.0215233930770928,0.062348831507409594,0.38533240123243806]","[3.31514764,0.157060713,3.05193472]","[1.50530171,0.0329116508,-0.0130191529]","[2.64811921,-0.0385601036,0.0092484951]","[3.2913997173309326,0.15652933716773987,3.0521440505981445]","[1.6615930199623108,0.04558788612484932,-0.033108197152614594]","[3.8677815794944763,-0.05204652063548565,-0.40443015843629837]","[3.163517951965332,0.1486794650554657,3.07235050201416]","[1.1650805473327637,0.05419175326824188,0.05668044462800026]",0.2652409043572684,0.17199650656480367,0.21119726430113864,0.3287652033247415,2.187577475766525,4.765141016651215,16.0,16.0,NOT_RECORDED,NOT_RECORDED,16.0,16.0,12.0,12.0,1.505717751541165,2.6484160966986394,0.10164746095652334,2.970883125183744,0.1504780948083522,0.07122870977035266,0.21119726430113864,0.3287652033247415,0.016
30360000000,2,0.4,MAIN,MAIN,TRACK_MAIN,False,"[3.174980461810137,-0.005253736540750041,2.9975882324232477]","[1.5480347651012132,0.03226920390357649,-0.01284164010270764]","[2.692554784714916,-0.04173190818910257,0.012915549806865278]","[2.596243730122145,-0.1955164100609162,0.22443770313333183]","[2.915095229408591,-0.07656048258445537,3.0333238730448824]","[1.0568350604241168,0.0631583636346923,0.4098963957516781]","[3.33957338,0.157582238,3.05172753]","[1.54803479,0.0322692022,-0.01284164]","[2.69255471,-0.0417319089,0.0129155498]","[3.3154865503311157,0.1570557877421379,3.0519357919692993]","[1.7134425640106201,0.04450871795415878,-0.034195493906736374]","[3.9446111917495728,-0.05862363427877426,-0.4257420301437378]","[3.1904380321502686,0.14993511140346527,3.0739336013793945]","[1.2229011058807373,0.05433289334177971,0.06348035484552383]",0.27184926349428606,0.17364080847578167,0.21897228903105975,0.3573583969085999,2.255913768998956,4.861104782498793,16.0,16.0,NOT_RECORDED,NOT_RECORDED,12.0,20.0,12.0,12.0,1.5484243098075754,2.6929091392542572,0.1039884772366355,2.6132509361692424,0.15011645684880745,0.07498936867449496,0.21897228903105975,0.3573583969085999,0.032
30376000000,2,0.41600000000000004,MAIN,MAIN,TRACK_MAIN,False,"[3.2000953739711084,-0.004742903395271166,2.9973845708974767]","[1.5914320591297688,0.0315767297237689,-0.01260668746701769]","[2.7311019642583734,-0.04481018447464757,0.016426544242738914]","[2.2194275596129027,-0.18907575807443688,0.2143194676887079]","[2.933374129552287,-0.07555821793081507,3.0351305052085773]","[1.0939340716300006,0.06408595679840441,0.43498223969192035]","[3.3646884,0.158093065,3.05152392]","[1.59143209,0.0315767303,-0.0126066878]","[2.73110199,-0.0448101833,0.0164265446]","[3.3458521366119385,0.15770994499325752,3.051676630973816]","[1.7849798500537872,0.04344278946518898,-0.03533265180885792]","[4.08730149269104,-0.06608470901846886,-0.4460223838686943]","[3.1904380321502686,0.14993511140346527,3.0739336013793945]","[1.2229011058807373,0.05433289334177971,0.06348035484552383]",0.2785314821597564,0.17285342513483573,0.20418632416894267,0.3585162894507568,2.339442553607575,5.008308375404866,16.0,16.0,NOT_RECORDED,NOT_RECORDED,12.0,16.0,12.0,12.0,1.5917952183792219,2.7315189406563443,0.10604012823789553,2.2377535987885437,0.14990824525337754,0.07711806557908103,0.20418632416894267,0.3585162894507568,0.048
30392000000,2,0.43200000000000005,MAIN,MAIN,TRACK_MAIN,False,"[3.225909316966724,-0.004243539265845196,2.9971851109964707]","[1.635397215957497,0.03083587564403983,-0.012316883218598704]","[2.7634987881497057,-0.04777645863750695,0.01977022983559864]","[1.8280412564216637,-0.18153366412399105,0.20353686119197506]","[2.9523117112909625,-0.07454451896287481,3.0370029694126126]","[1.1315694973625172,0.0652047382811238,0.4606466107073352]","[3.39050221,0.158592433,3.05132461]","[1.6353972,0.0308358762,-0.0123168835]","[2.76349878,-0.0477764569,0.0197702292]","[3.3734109004338584,0.1582574819525083,3.0514582792917886]","[1.8451846639315288,0.04222651322682699,-0.03647033932308356]","[4.172866503397624,-0.07324227193991344,-0.46657101809978485]","[3.209172487258911,0.15077656507492065,3.0751047134399414]","[1.263168454170227,0.05444594472646713,0.06763394176959991]",0.2852776532200159,0.17430667991628662,0.2040505800778271,0.3781592268696895,2.4150433964388607,5.104954240673325,16.0,16.0,NOT_RECORDED,NOT_RECORDED,16.0,12.0,20.0,20.0,1.6357342726740451,2.763982453651359,0.10779068848535409,1.848273940803651,0.14969611046925008,0.07850683528974998,0.2040505800778271,0.3781592268696895,0.064
30408000000,2,0.448,MAIN,MAIN,TRACK_MAIN,False,"[3.2524305800103437,-0.0037564031605162697,2.996990708489953]","[1.6798301147304922,0.030048570230787372,-0.011974986093492469]","[2.78954011591893,-0.05061394032994589,0.02293658366892009]","[1.425555432026541,-0.1729937057048649,0.1921654096449836]","[2.9719083751178323,-0.07351983335922482,3.0389433804792754]","[1.168935014893211,0.06631024311434108,0.4872533858131595]","[3.41702342,0.159079567,3.05113006]","[1.67983007,0.0300485697,-0.0119749857]","[2.78954005,-0.0506139398,0.0229365844]","[3.4083009163538613,0.15891514966885248,3.0511957009633384]","[1.9270994861920674,0.0409266451994578,-0.03760178697605928]","[4.319853146870931,-0.0805776168902715,-0.4873959869146347]","[3.2385246753692627,0.1520441621541977,3.0770397186279297]","[1.3261994123458862,0.05443652346730232,0.07427293062210083]",0.2920953103319015,0.1757129316821649,0.21186622533930863,0.407153879251162,2.5074418471060067,5.249217169993571,16.0,16.0,NOT_RECORDED,NOT_RECORDED,20.0,12.0,20.0,20.0,1.6801415211881148,2.790093531791922,0.10923444787942646,1.4488142243427566,0.14948129796021953,0.07952548433405963,0.21186622533930863,0.407153879251162,0.08
30424000000,2,0.464,MAIN,MAIN,TRACK_MAIN,False,"[3.279665826465212,-0.0032822211512852596,2.9968021737761403]","[1.7246277896492426,0.02921699756937322,-0.011583905617070376]","[2.8090750363130623,-0.053307471821795016,0.025916774368440258]","[1.015278127073941,-0.16355638251740867,0.18027852982853865]","[2.992867464756208,-0.07393838541717818,3.0445912970569906]","[1.2076120842101776,0.06279296479899034,0.5200342645734517]","[3.44425869,0.159553751,3.05094171]","[1.72462773,0.0292169973,-0.0115839057]","[2.80907512,-0.0533074737,0.0259167738]","[3.437449872493744,0.1594352051615715,3.050988793373108]","[1.9888522028923035,0.03955596871674061,-0.03878974914550781]","[4.388927221298218,-0.0868651270866394,-0.5090205669403076]","[3.258937120437622,0.15289348363876343,3.078449249267578]","[1.3697949647903442,0.054318904876708984,0.07849755138158798]",0.299214628873138,0.17744513224248,0.21198559491938498,0.42923856936028404,2.584990267822291,5.324782415568534,16.0,16.0,NOT_RECORDED,NOT_RECORDED,16.0,16.0,12.0,12.0,1.7249141522541769,2.809700326615443,0.11037054201897084,1.0440501491279477,0.14843045483619763,0.0846070529051805,0.21198559491938498,0.42923856936028404,0.096
30440000000,2,0.48000000000000004,MAIN,MAIN,TRACK_MAIN,False,"[3.307620055155682,-0.002821682492680331,2.996620269620183]","[1.7696852768270375,0.02834357153619937,-0.011146683309337475]","[2.8220042661628137,-0.05584347875573087,0.028703128354620848]","[0.600354811378466,-0.15331911646703336,0.16794752930239681]","[3.0142255777371125,-0.07331621351961949,3.0476649197270262]","[1.2493326958664601,0.06244120788560876,0.5497232824752438]","[3.47221303,0.160014287,3.05075979]","[1.76968527,0.0283435713,-0.0111466832]","[2.82200432,-0.0558434799,0.0287031289]","[3.4582358598709106,0.15978401899337769,3.050850749015808]","[2.022117853164673,0.03816245123744011,-0.04010343551635742]","[4.35498046875,-0.09212218970060349,-0.5307151973247528]","[3.290919542312622,0.15416499972343445,3.080728530883789]","[1.4375903606414795,0.054100483655929565,0.08403642475605011]",0.306031623511286,0.17887963868263937,0.22092736657497006,0.46257436733067747,2.6411993026465397,5.310321742987405,16.0,16.0,NOT_RECORDED,NOT_RECORDED,12.0,20.0,12.0,12.0,1.7699473397857393,2.8227026839428206,0.1112019496490032,0.6419805476946203,0.1478964812483418,0.08825058800411979,0.22092736657497006,0.46257436733067747,0.112
30456000000,2,0.49600000000000005,MAIN,MAIN,TRACK_MAIN,False,"[3.3362965748952385,-0.0023754361456708646,2.996445709189014]","[1.8148964195302362,0.027430910858700364,-0.010666474430197236]","[2.8282775492492687,-0.05820992090255722,0.031289096095111026]","[0.18376838392300687,-0.1423762516642143,0.1552416064052693]","[3.0362372083626585,-0.07234331565328345,3.0499066565385]","[1.2943714581626526,0.0629989128114032,0.5782424161229892]","[3.50088954,0.160460532,3.05058503]","[1.81489646,0.0274309106,-0.0106664747]","[2.82827759,-0.0582099222,0.0312890969]","[3.4793821573257446,0.16012584790587425,3.0507161021232605]","[2.0553414821624756,0.0367375360801816,-0.041442940942943096]","[4.3155882358551025,-0.09746303781867027,-0.551098421216011]","[3.290919542312622,0.15416499972343445,3.080728530883789]","[1.4375903606414795,0.054100483655929565,0.08403642475605011]",0.3127126484461884,0.18348726708119698,0.2032449549392519,0.46719912038518213,2.6975888662226644,5.287747160498126,16.0,16.0,NOT_RECORDED,NOT_RECORDED,12.0,16.0,20.0,12.0,1.8151350479154378,2.8290495396887945,0.11173464221453684,0.27953849882782494,0.14769151292841526,0.09050833432007188,0.2032449549392519,0.46719912038518213,0.128
30472000000,2,0.508,MAIN,MAIN,TRACK_MAIN,False,"[3.3582789983616066,-0.002050496720839202,2.996320008322903]","[1.8488414904146764,0.026722345514767085,-0.010280060561657188]","[2.8286105701200634,-0.059867071481414104,0.0330937443159831]","[-0.12806013782543957,-0.13376107199162368,0.1455065590255766]","[3.05904889222996,-0.0713661186924526,3.0521762050876853]","[1.3419078915642886,0.06342445254974048,0.6065569856817707]","[3.52287197,0.160785481,3.05045938]","[1.84884155,0.0267223455,-0.0102800606]","[2.82861066,-0.0598670729,0.033093743]","[3.510810295740763,0.16060173759857813,3.050530950228373]","[2.117745876312256,0.03516882471740246,-0.04272617151339849]","[4.355974594751994,-0.1037136937181155,-0.5669566094875336]","[3.3245646953582764,0.1554412692785263,3.083188056945801]","[1.5079025030136108,0.05376768112182617,0.08765859156847]",0.31219100977109226,0.18299280984822702,0.21182074451850813,0.5000361781835507,2.7685009671815264,5.327587894004785,16.0,16.0,NOT_RECORDED,NOT_RECORDED,16.0,12.0,20.0,20.0,1.8490631736297503,2.8294375800776312,0.11194302417591034,0.23550707420305342,0.14749634974391695,0.09242262179455976,0.21182074451850813,0.5000361781835507,0.144
30488000000,2,0.528,MAIN,MAIN,TRACK_MAIN,False,"[3.395821207079698,-0.0015281966425568885,2.9961212143924]","[1.905353620458353,0.0254992406109895,-0.009590180948112948]","[2.8208847782086854,-0.06239332509041746,0.0358390924603355]","[-0.6432750644952012,-0.11873571326845103,0.1289712407476647]","[3.082699206231129,-0.0703874783989574,3.054450552518011]","[1.3900264287018405,0.06389063261014737,0.634675654877301]","[3.56041408,0.161307767,3.05026054]","[1.90535367,0.0254992414,-0.00959018059]","[2.8208847,-0.0623933263,0.035839092]","[3.550493319829305,0.1611665611465772,3.0503146251042685]","[2.2027716636657715,0.03345358930528164,-0.043928864101568856]","[4.453556140263875,-0.10989619543155034,-0.5804528892040253]","[3.3479645252227783,0.15629073977470398,3.08489990234375]","[1.556159257888794,0.05343874543905258,0.08963986486196518]",0.3258669970794688,0.18729317693016223,0.21160275941502593,0.523701063869612,2.871826808672268,5.411088696065599,16.0,16.0,NOT_RECORDED,NOT_RECORDED,20.0,12.0,12.0,20.0,1.9055483729982055,2.821802314035071,0.11193856224571001,0.6667342492677762,0.14729373724978526,0.0934087105233777,0.21160275941502593,0.523701063869612,0.16
30504000000,2,0.544,MAIN,MAIN,TRACK_MAIN,False,"[3.4266674295666233,-0.0011282740784984272,2.995972444660066]","[1.9503880654899441,0.024486279321556368,-0.009000818831298352]","[2.807339936195943,-0.06419343411122305,0.03779533852847625]","[-1.0485791416509542,-0.10621133892176715,0.11553464855937512]","[3.1074592810679946,-0.06939968210010264,3.0567284600091256]","[1.4390838333425018,0.06490017216721951,0.6625721485501638]","[3.59126043,0.161707699,3.05011177]","[1.95038807,0.0244862791,-0.00900081918]","[2.80733991,-0.064193435,0.0377953388]","[3.5604140758514404,0.16130776703357697,3.050260543823242]","[2.1968129873275757,0.03207522816956043,-0.045565634965896606]","[4.27991795539856,-0.11320765875279903,-0.5959163010120392]","[3.3721556663513184,0.1571347862482071,3.086681365966797]","[1.6053659915924072,0.05308975279331207,0.09091717004776001]",0.33203331251889484,0.19038602101374608,0.2113416164582424,0.5478966380429655,2.898603968469037,5.264256930241254,16.0,16.0,NOT_RECORDED,NOT_RECORDED,16.0,16.0,12.0,12.0,1.95056253389125,2.808328115081661,0.11163084494867112,1.0602581383034722,0.14689818257241458,0.0942052810913683,0.2113416164582424,0.5478966380429655,0.176
30520000000,2,0.56,MAIN,MAIN,TRACK_MAIN,False,"[3.458232194105996,-0.0007447806936532465,2.9958333459249746]","[1.9951542588138993,0.023446135584748496,-0.008381882385588908]","[2.7873763693818856,-0.06579017381502462,0.0395355657426661]","[-1.4452404429527999,-0.09332796431515974,0.10197883514447362]","[3.132412798419099,-0.06873580418392275,3.0521859530380113]","[1.4909280725247513,0.06487922680342921,0.6802021158791803]","[3.62282515,0.162091196,3.04997277]","[1.99515426,0.0234461352,-0.00838188268]","[2.7873764,-0.0657901764,0.0395355672]","[3.591619610786438,0.16169948130846024,3.0501166582107544]","[2.251093626022339,0.03037174791097641,-0.046929750591516495]","[4.269291162490845,-0.11799202859401703,-0.6062271296977997]","[3.409964084625244,0.15839876234531403,3.0894393920898438]","[1.6807467937469482,0.05234465375542641,0.09165756404399872]",0.3375746942670103,0.19083649955514556,0.2213926134948847,0.5832413214662684,2.9708320439811944,5.249308054306058,16.0,16.0,NOT_RECORDED,NOT_RECORDED,12.0,20.0,12.0,12.0,1.995309623514462,2.788432970777269,0.11106563055570903,1.451836674590858,0.14954807089066327,0.08886819045079548,0.2213926134948847,0.5832413214662684,0.192
30536000000,2,0.5760000000000001,MAIN,MAIN,TRACK_MAIN,False,"[3.4905103933525328,-0.0003781251444618443,2.995704363654704]","[2.0395507014313763,0.02238210586008897,-0.007736840647971157]","[2.7611499392998833,-0.0671784359424762,0.04105833859344204]","[-1.831088923576628,-0.08016454458441433,0.08836245273643686]","[3.1584403497876123,-0.0679670728937786,3.049755352164362]","[1.5442583390808622,0.06484100414902104,0.7006094689428624]","[3.65510345,0.162457839,3.04984379]","[2.03955078,0.0223821066,-0.00773684075]","[2.76114988,-0.0671784356,0.0410583392]","[3.630894720554352,0.16218285635113716,3.049940526485443]","[2.3278095722198486,0.02854198683053255,-0.048188455402851105]","[4.318384647369385,-0.12336116842925549,-0.6141846626996994]","[3.409964084625244,0.15839876234531403,3.0894393920898438]","[1.6807467937469482,0.05234465375542641,0.09165756404399872]",0.3431621905891428,0.2012065192936578,0.20027692373455527,0.5884382157690203,3.0597842230433328,5.280344844013899,16.0,16.0,NOT_RECORDED,NOT_RECORDED,12.0,16.0,12.0,12.0,2.039688182314925,2.7622722017787242,0.11025529861116162,1.8349716410089392,0.15154941292905366,0.08613071443708448,0.20027692373455527,0.5884382157690203,0.208
30552000000,2,0.5920000000000001,MAIN,MAIN,TRACK_MAIN,False,"[3.523495317380916,-2.866274352992325e-05,2.9955858876681756]","[2.0834786589574454,0.021297558364312213,-0.0070691782060906296]","[2.728849927633825,-0.06835435089404515,0.04236314313330774]","[-2.2041171095300722,-0.06679695707038016,0.07474204434769566]","[3.185781587341344,-0.06698721091520811,3.0516911885647735]","[1.5985965010113863,0.06520153135996826,0.7269915498373001]","[3.68808818,0.162807316,3.04972529]","[2.08347869,0.0212975591,-0.00706917839]","[2.72884989,-0.0683543533,0.0423631445]","[3.6662148237228394,0.16257141282161078,3.0498061180114746]","[2.388878504435221,0.02670635438213746,-0.04949454156061014]","[4.310731728871663,-0.12819425016641617,-0.6197555859883627]","[3.436203718185425,0.1592368483543396,3.091315269470215]","[1.731978416442871,0.05182117968797684,0.09135083854198456]",0.34882920666021866,0.20530328992875993,0.1993549607226449,0.6133134600764539,3.1367102676944665,5.260463702086175,16.0,16.0,NOT_RECORDED,NOT_RECORDED,16.0,12.0,20.0,20.0,2.083599501248718,2.73003459332101,0.10921243704557726,2.206395349702844,0.15144427017219395,0.08745536244626638,0.1993549607226449,0.6133134600764539,0.224
30568000000,2,0.608,MAIN,MAIN,TRACK_MAIN,False,"[3.557178702086415,0.00030330553203965086,2.9954782520033634]","[2.1268426755344367,0.020195913646764863,-0.0063823807232406245]","[2.690696435084834,-0.06931523848529267,0.043450353229197866]","[-2.562480097652612,-0.05329800131896756,0.06117204376963217]","[3.214035223912737,-0.06601243537592623,3.0535702040327473]","[1.6542871014851528,0.06577965511797274,0.752699130676163]","[3.72177172,0.163139284,3.04961777]","[2.12684274,0.0201959144,-0.00638238061]","[2.69069648,-0.0693152398,0.0434503518]","[3.7106603384017944,0.16302570948998132,3.0496554374694824]","[2.4727910359700522,0.02467740358163913,-0.05063942509392897]","[4.355611006418864,-0.13344598561525345,-0.6219214598337809]","[3.477154016494751,0.1604897826910019,3.094161033630371]","[1.8100242614746094,0.050924066454172134,0.08949647098779678]",0.35428787588045696,0.20445524976944746,0.2091689747052108,0.6476001217833491,3.2307233169968317,5.281134490468472,16.0,16.0,NOT_RECORDED,NOT_RECORDED,20.0,12.0,20.0,20.0,2.12694813669403,2.691939791536997,0.10794964051591327,2.5637642143436845,0.15133479940623284,0.08874215634912211,0.2091689747052108,0.6476001217833491,0.24
30584000000,2,0.624,MAIN,MAIN,TRACK_MAIN,False,"[3.5915507854751763,0.0006175337278246441,2.9953817350122844]","[2.169551046127147,0.01908062595272192,-0.005679921003311631]","[2.6469377802379435,-0.0700595587021548,0.04432119681494067]","[-2.9044955556153766,-0.03973739908114965,0.047704775572582625]","[3.2435212763860166,-0.06504292182484261,3.0553516089472255]","[1.7101468832982616,0.06555270430820245,0.7778175444290916]","[3.75614381,0.163453504,3.04952121]","[2.16955113,0.0190806258,-0.00567992078]","[2.64693785,-0.0700595602,0.044321198]","[3.721771717071533,0.16313928365707397,3.0496177673339844]","[2.4618462324142456,0.023246798664331436,-0.05235544219613075]","[4.149585485458374,-0.13529376313090324,-0.6263106465339661]","[3.5055301189422607,0.16131055355072021,3.096067428588867]","[1.8629356622695923,0.05018390715122223,0.08784312009811401]",0.35921055162675547,0.20822922605044203,0.20844317251532318,0.6722817296644228,3.2522444302619613,5.087723300181463,16.0,16.0,NOT_RECORDED,NOT_RECORDED,16.0,16.0,12.0,12.0,2.1696423837906447,2.6482356999903955,0.10647935620628855,2.9051590729403514,0.15102370416858266,0.0892765515490438,0.20844317251532318,0.6722817296644228,0.256
30600000000,2,0.64,MAIN,MAIN,TRACK_MAIN,False,"[3.6266003711782866,0.0009138313073775422,2.9952965596746277]","[2.2115162471999197,0.017955165374618536,-0.004965245595701315]","[2.59784789842879,-0.0705868624562242,0.04497772214372127]","[-3.228643721921344,-0.026181794312962525,0.03439045510583724]","[3.273929693281495,-0.0640834222213575,3.0570568019333626]","[1.766536862271189,0.06520084255063169,0.8022260981392096]","[3.79119325,0.163749799,3.04943609]","[2.21151614,0.0179551654,-0.00496524572]","[2.59784794,-0.0705868602,0.0449777208]","[3.756482481956482,0.16344454139471054,3.0495269298553467]","[2.5124309062957764,0.02137125376611948,-0.05364196188747883]","[4.0924248695373535,-0.13836263865232468,-0.6256737112998962]","[3.5497663021087646,0.16251757740974426,3.0989227294921875]","[1.9432271718978882,0.04891184717416763,0.08411210775375366]",0.36388951281717186,0.20677917688963754,0.2196620686582022,0.7074085572893657,3.3200269756549083,5.015448396282426,16.0,16.0,NOT_RECORDED,NOT_RECORDED,12.0,20.0,12.0,12.0,2.211594708181558,2.599195876422462,0.10481376955422769,3.228933023904017,0.15070599061379714,0.0897183177587585,0.2196620686582022,0.7074085572893657,0.272
30616000000,2,0.652,MAIN,MAIN,TRACK_MAIN,False,"[3.653324664504659,0.0011242042275091276,2.995240224315634]","[2.2424523597227086,0.01710648124237383,-0.004423274103810914]","[2.5577097119496983,-0.07084024192336486,0.04533114648695731]","[-3.459206889209181,-0.016056725062928823,0.024534104848328325]","[3.3052177104710885,-0.06330503732620388,3.054928287526287]","[1.826829112165198,0.06467920365916327,0.8203037437924438]","[3.81791759,0.163960174,3.04937959]","[2.24245238,0.0171064809,-0.00442327419]","[2.55770969,-0.0708402395,0.0453311466]","[3.797874331474304,0.1638023927807808,3.049421966075897]","[2.5799381732940674,0.019373168237507343,-0.05479924753308296]","[4.075875520706177,-0.1418825015425682,-0.6227220296859741]","[3.5497663021087646,0.16251757740974426,3.0989227294921875]","[1.9432271718978882,0.04891184717416763,0.08411210775375366]",0.3590156591341886,0.2179959109913432,0.19499409253587116,0.7125893444313934,3.39318356126928,4.981609174472613,16.0,16.0,NOT_RECORDED,NOT_RECORDED,12.0,16.0,12.0,12.0,2.2425219692748244,2.5590920701138113,0.10344355113488514,3.4593311554508213,0.15222169712803146,0.08927828688088042,0.19499409253587116,0.7125893444313934,0.288
30632000000,2,0.668,MAIN,MAIN,TRACK_MAIN,False,"[3.689528877116979,0.0013888317084393986,2.9951752688451467]","[2.282920355128812,0.01597155517694463,-0.003695389907287539]","[2.5000170995716533,-0.07098979165721934,0.04561989030341041]","[-3.748919351593308,-0.0026609704557205016,0.011601929452411897]","[3.33742913234557,-0.06262524992319651,3.050767492725297]","[1.8900325984880602,0.06411220837710935,0.8344686051548538]","[3.85412192,0.164224803,3.04931474]","[2.28292036,0.0159715544,-0.00369538995]","[2.50001717,-0.070989795,0.0456198901]","[3.8239516417185464,0.16400427867968878,3.0493687788645425]","[2.6026684443155923,0.017669868655502796,-0.05618796373407046]","[3.941915233929952,-0.14412257572015127,-0.6179014345010122]","[3.5803637504577637,0.163309708237648,3.100797653198242]","[1.997214436531067,0.048052720725536346,0.08076208084821701]",0.36216367607916466,0.22201685343897387,0.19362501242896102,0.7366166030025322,3.438887404203641,4.839668122161293,16.0,16.0,NOT_RECORDED,NOT_RECORDED,16.0,12.0,20.0,20.0,2.2829792146103296,2.501440829414418,0.10146444559808536,3.7489382483953473,0.15471016585898992,0.08905727132502757,0.19362501242896102,0.7366166030025322,0.304
30648000000,2,0.684,MAIN,MAIN,TRACK_MAIN,False,"[3.7263729987927126,0.0016352903482781196,2.9951219876982362]","[2.3224290797997544,0.014835944221961807,-0.0029645296377367276]","[2.4378574329597766,-0.07092631298361046,0.04570390281384623]","[-4.017423434054884,0.010562385682905573,-0.001050081673676595]","[3.3706943318145717,-0.061707924819231895,3.051934766993862]","[1.9507931784940526,0.06379356437719132,0.855177977772633]","[3.89096594,0.164471269,3.04926133]","[2.32242918,0.0148359444,-0.00296452967]","[2.43785739,-0.0709263161,0.0457039028]","[3.8480878671010337,0.16418069849411646,3.0493255456288657]","[2.6182101567586265,0.01602062676101923,-0.05757445221145948]","[3.787720243136088,-0.14553164939085642,-0.6110051373640696]","[3.628005027770996,0.1644669622182846,3.1035404205322266]","[2.07869815826416,0.04654441401362419,0.0746796652674675]",0.365714873832605,0.21896339343618418,0.20449642918678007,0.768954026904587,3.4786121098899154,4.677886048381989,16.0,16.0,NOT_RECORDED,NOT_RECORDED,20.0,12.0,20.0,20.0,2.322478358214876,2.4393171692182833,0.09932163503347233,4.017437456284313,0.15466027713587993,0.08967627278904863,0.20449642918678007,0.768954026904587,0.32
30664000000,2,0.7040000000000001,MAIN,MAIN,TRACK_MAIN,False,"[3.7733036903072614,0.0019178434944817978,2.995071831313077]","[2.37036186005552,0.013420617374789097,-0.002051694400800154]","[2.354405731088438,-0.07055235577012038,0.04552842726836674]","[-4.321858219747142,0.026765493765582182,-0.0164068652089569]","[3.4052582014985426,-0.06080705523726822,3.0529172592718763]","[2.0144014798110805,0.06355709606801013,0.873980837196789]","[3.93789673,0.16475381,3.04921126]","[2.3703618,0.0134206172,-0.00205169432]","[2.35440564,-0.0705523565,0.0455284268]","[3.8817549347877502,0.16440965235233307,3.0492746829986572]","[2.656159996986389,0.014182934537529945,-0.058732629753649235]","[3.6832712292671204,-0.14735886454582214,-0.6001525223255157]","[3.6609089374542236,0.1652233600616455,3.105299949645996]","[2.1332082748413086,0.04548203572630882,0.06961140036582947]",0.37780681344980227,0.2268292535837908,0.2033622504428938,0.7916768908347317,3.541093798767258,4.545066059626511,16.0,16.0,NOT_RECORDED,NOT_RECORDED,16.0,16.0,12.0,12.0,2.3704007403868443,2.355902548743544,0.09642916319996149,4.3219722405955405,0.15441553709318037,0.09154905548569173,0.2033622504428938,0.7916768908347317,0.336
30680000000,2,0.7200000000000001,MAIN,MAIN,TRACK_MAIN,False,"[3.811527855265237,0.0021235631159298354,2.9950448185951504]","[2.4074696164882883,0.012295748277091881,-0.001325850267232879]","[2.2834832514423007,-0.07002257615174393,0.04517043396003895]","[-4.539563484424502,0.03940417466789792,-0.028277039521479252]","[3.4408309927114034,-0.059919006052478165,3.053732450481462]","[2.080513842951917,0.06317925103334913,0.8904717437274766]","[3.97612071,0.164959535,3.04918432]","[2.40746951,0.0122957481,-0.00132585026]","[2.28348327,-0.0700225756,0.0451704338]","[3.93354332447052,0.16471540182828903,3.0492228269577026]","[2.7355756759643555,0.011972301173955202,-0.05945350602269173]","[3.6687254905700684,-0.14986787736415863,-0.5832769870758057]","[3.7120094299316406,0.1663321703672409,3.107762336730957]","[2.214873790740967,0.04381663352251053,0.06024382635951042]",0.38040725864880115,0.2226513475615853,0.2157873052949213,0.8238067350507586,3.6274447042475426,4.493216385284142,16.0,16.0,NOT_RECORDED,NOT_RECORDED,12.0,20.0,12.0,12.0,2.407501380605812,2.285003126670195,0.09395646023017137,4.539822563610353,0.15415739484378738,0.09416949550943723,0.2157873052949213,0.8238067350507586,0.352
30696000000,2,0.7360000000000001,MAIN,MAIN,TRACK_MAIN,False,"[3.850336521627377,0.002311361215943163,2.995029365524934]","[2.443415747709078,0.011180959386639823,-0.0006072363080147098]","[2.209265445145248,-0.06929323727464258,0.04462574875830039]","[-4.733696875929507,0.05170262805805825,-0.03973726764994334]","[3.4774113616289077,-0.05904438349392037,3.054369268496567]","[2.146196627596899,0.06271663149791863,0.9050305822317224]","[4.01492929,0.165147334,3.04916883]","[2.44341564,0.0111809596,-0.000607236288]","[2.20926547,-0.0692932382,0.0446257479]","[3.985822856426239,0.16500648483633995,3.0491804480552673]","[2.8139604330062866,0.009759620064869523,-0.06010407116264105]","[3.6489152908325195,-0.15222660452127457,-0.5647709369659424]","[3.7120094299316406,0.1663321703672409,3.107762336730957]","[2.214873790740967,0.04381663352251053,0.06024382635951042]",0.382568851912265,0.2423756029978782,0.18762544489769326,0.8245271435838389,3.712403640260394,4.435343321090554,16.0,16.0,NOT_RECORDED,NOT_RECORDED,12.0,16.0,12.0,12.0,2.4434414048103243,2.2108023017214973,0.09135324918254499,4.734145997471262,0.15408164579273262,0.09414051474622136,0.18762544489769326,0.8245271435838389,0.368
30712000000,2,0.748,MAIN,MAIN,TRACK_MAIN,False,"[3.879815204762497,0.002440559156793653,2.9950252796953243]","[2.4695829081871015,0.010353379840263,-7.478926382028031e-05]","[2.1516681740229746,-0.06861873988532124,0.04409881532405603]","[-4.863592109592929,0.06067594797526732,-0.04804200638817974]","[3.514761884614676,-0.058403824523352244,3.0539360936391593]","[2.2096778467441665,0.061605377139195706,0.9165084035278281]","[4.04440832,0.165276527,3.04916477]","[2.4695828,0.0103533799,-7.47892627e-05]","[2.15166807,-0.0686187372,0.0440988168]","[4.028144995371501,0.1652011051774025,3.049169341723124]","[2.862468401590983,0.007781446600953738,-0.06081065163016319]","[3.5544037421544394,-0.15372196584939957,-0.5457190871238708]","[3.7472517490386963,0.16704924404621124,3.1092662811279297]","[2.269343614578247,0.042667943984270096,0.053739551454782486]",0.374748515108318,0.2402500683512581,0.18590488085226803,0.8429991780705403,3.768120694786283,4.323509974484486,16.0,16.0,NOT_RECORDED,NOT_RECORDED,16.0,12.0,20.0,20.0,2.469604611770356,2.1532136837944806,0.08932083739732766,4.864207830010463,0.15465321375507352,0.09196816633254916,0.18590488085226803,0.8429991780705403,0.384
30728000000,2,0.768,MAIN,MAIN,TRACK_MAIN,False,"[3.9296306458908603,0.0026339887841193878,2.9950325351253646]","[2.5116305031625363,0.008994113417233267,0.0007966828155377224]","[2.0524703437116196,-0.0672598128683799,0.04300423524427341]","[-5.049883547555183,0.07510153253096175,-0.06128819136789687]","[3.552409058220195,-0.05843799683522995,3.0506607586792245]","[2.2703471667096586,0.058661165087424166,0.9222274243853715]","[4.0942235,0.165469959,3.04917192]","[2.51163054,0.00899411365,0.000796682842]","[2.05247045,-0.0672598109,0.0430042334]","[4.081007798512776,0.1654161885380745,3.0491714080174765]","[2.9326136906941733,0.005594852690895398,-0.0612344853579998]","[3.503132144610087,-0.15560705214738846,-0.525592029094696]","[3.80187726020813,0.16810056567192078,3.111309051513672]","[2.350782632827759,0.04095834121108055,0.043910957872867584]",0.3861611229629749,0.2392077421066623,0.19782262409397156,0.8684570542295545,3.851158116988703,4.22565917874405,16.0,16.0,NOT_RECORDED,NOT_RECORDED,20.0,12.0,20.0,20.0,2.511646733359643,2.0540223364149983,0.08579238476942659,5.050813828132865,0.15725411520833607,0.08711870203641672,0.19782262409397156,0.8684570542295545,0.4
30744000000,2,0.78,MAIN,MAIN,TRACK_MAIN,False,"[3.9599165283934665,0.0027370976720032117,2.9950451734218007]","[2.5358942274835843,0.008192604039399094,0.00130813747511839]","[1.9912965078165605,-0.0663084622411673,0.042223069546456354]","[-5.143485139507867,0.08341187571898523,-0.06885722109672643]","[3.5920819913659745,-0.057658313656109995,3.0506612640572133]","[2.333809985436752,0.05823651878315606,0.9322301878026306]","[4.12450933,0.165573075,3.04918456]","[2.53589416,0.00819260441,0.00130813743]","[1.99129653,-0.0663084611,0.0422230698]","[4.094223499298096,0.1654699593782425,3.0491719245910645]","[2.9078608751296997,0.004281762987375259,-0.06224881857633591]","[3.2473323941230774,-0.1557006575167179,-0.5052808374166489]","[3.8394675254821777,0.1687818467617035,3.112520217895508]","[2.404783248901367,0.03976794704794884,0.036831364035606384]",0.3768859268761409,0.23638783191332977,0.1964270649573634,0.8852311379447952,3.8497859056541652,3.975454068317281,16.0,16.0,NOT_RECORDED,NOT_RECORDED,16.0,16.0,12.0,12.0,2.5359077985938616,1.99284755608881,0.08359666355840001,5.1446222639029955,0.15707086157427097,0.08840596976749718,0.1964270649573634,0.8852311379447952,0.416
30760000000,3,0.0,MAIN,MAIN,TRACK_MAIN,False,"[4.011025768560914,0.0028878037651010715,2.9950796849086374]","[2.5746824454103185,0.00688401230856045,0.002138016865208422]","[1.887105879055511,-0.06450661901029037,0.04072505277106511]","[-5.269314959207101,0.09663834559176787,-0.08080134059968225]","[3.632710058181825,-0.05690153180012688,3.0504838258344695]","[2.3994481692507272,0.057427043974620715,0.9402248524469894]","[4.17561865,0.165723771,3.04921913]","[2.57468247,0.00688401237,0.00213801698]","[1.88710582,-0.0645066202,0.0407250524]","[4.134921073913574,0.1655968651175499,3.0491955280303955]","[2.9427075386047363,0.0024190321564674377,-0.06264030560851097]","[3.115288257598877,-0.15620234608650208,-0.4809982180595398]","[3.8976399898529053,0.1697719246149063,3.114086151123047]","[2.4853177070617676,0.03790400177240372,0.025424662977457047]",0.3869976229884305,0.234241720463873,0.21017343979173117,0.909673179859192,3.9037493991881247,3.8052653547835593,16.0,16.0,NOT_RECORDED,NOT_RECORDED,12.0,20.0,12.0,12.0,2.5746925360993376,1.888647196430614,0.07981753470973163,5.270820426252933,0.15687890416464909,0.09124762741306677,0.21017343979173117,0.909673179859192,0.432
30776000000,3,0.016,MAIN,MAIN,TRACK_MAIN,False,"[4.052458677824119,0.0029897589488875804,2.9951190503713345]","[2.6042110271184487,0.005864739748782934,0.0027791606634917426]","[1.8045261399772496,-0.06287407930799249,0.03941042972504464]","[-5.059542805281629,0.10727798726231066,-0.08360926638758066]","[3.674308376344889,-0.0561653531062186,3.0501154793074883]","[2.466459547196791,0.056643591437927084,0.9459537566224732]","[4.21705151,0.165825725,3.04925847]","[2.60421109,0.00586473988,0.00277916063]","[1.80452609,-0.0628740788,0.0394104309]","[4.18597686290741,0.16574925929307938,3.0492289662361145]","[2.9995923042297363,0.00035493739414960146,-0.06276964209973812]","[3.029935121536255,-0.15660489723086357,-0.45479829609394073]","[3.8976399898529053,0.1697719246149063,3.114086151123047]","[2.4853177070617676,0.03790400177240372,0.025424662977457047]",0.3866802102342636,0.25678451664896673,0.1791867867578698,0.9069498117801857,3.9681318178949563,3.6856547284647143,16.0,16.0,NOT_RECORDED,NOT_RECORDED,12.0,16.0,12.0,12.0,2.6042191137981536,1.8060511957530807,0.07671878957885868,5.061370612240722,0.1568521829273681,0.09273762598855968,0.1791867867578698,0.9069498117801857,0.448
30792000000,3,0.032,MAIN,MAIN,TRACK_MAIN,False,"[4.094353610915387,0.003075621845931491,2.9951685038648717]","[2.632443568717658,0.00487291118429282,0.0033988909641872213]","[1.7250012204469056,-0.06107851573558,0.03804717448089452]","[-4.887137739087762,0.1170190863374136,-0.08686392986172463]","[3.7168751779872538,-0.05544976400782739,3.0495527419624167]","[2.5336083057079337,0.05587699528156239,0.9494069235321123]","[4.25894642,0.1659116,3.04930782]","[2.63244367,0.00487291114,0.00339889107]","[1.72500122,-0.0610785149,0.0380471759]","[4.2240339914957685,0.1658400371670723,3.0492666959762573]","[3.0231691201527915,-0.0013885443719724813,-0.06293804446856181]","[2.876061956087748,-0.1556967298189799,-0.426649605234464]","[3.9375805854797363,0.17041261494159698,3.11492919921875]","[2.5384104251861572,0.036508213728666306,0.017274919897317886]",0.3858404248762184,0.25869301288243235,0.17741044135139694,0.9187604284436425,4.006336046291651,3.5092493186641,16.0,16.0,NOT_RECORDED,NOT_RECORDED,16.0,12.0,20.0,20.0,2.632450273073768,1.726501486565753,0.07357926861672524,4.889310185465236,0.15681099678631355,0.09335521233916667,0.17741044135139694,0.9187604284436425,0.464
30808000000,3,0.048,MAIN,MAIN,TRACK_MAIN,False,"[4.136690197032738,0.0031458518166482237,2.9952276962600637]","[2.659424247338603,0.003911020694777417,0.003996376627076492]","[1.6479488019143713,-0.05913417128185797,0.03662891561145504]","[-4.750157555464886,0.1258784392584875,-0.09046906706831731]","[3.760391809695949,-0.054757035532899706,3.0488016134750544]","[2.599224988604931,0.054698072946392125,0.9508220612779427]","[4.30128336,0.165981829,3.04936719]","[2.6594243,0.0039110207,0.00399637641]","[1.64794886,-0.0591341704,0.0366289169]","[4.251963933308919,0.16589728742837906,3.0492995977401733]","[3.0221757094065347,-0.0028803393555184207,-0.06312396128972371]","[2.6722046931584678,-0.15476437409718832,-0.3981801817814509]","[3.999290704727173,0.171329066157341,3.115877151489258]","[2.6172447204589844,0.034434814006090164,0.005132352001965046]",0.38447806866119333,0.24843611878890692,0.19036168794302918,0.9352433857213155,4.025081802240158,3.2925227570112523,16.0,16.0,NOT_RECORDED,NOT_RECORDED,20.0,12.0,20.0,20.0,2.6594301258806397,1.649416194113261,0.07039702550513027,4.75268627570835,0.15675049260768417,0.0927654382012986,0.19036168794302918,0.9352433857213155,0.48
30824000000,3,0.060000000000000005,MAIN,MAIN,TRACK_MAIN,False,"[4.168720578475048,0.0031885631055664078,2.995278263801947]","[2.6788596679607304,0.003210622614020344,0.004429341523669594]","[1.5914492387403083,-0.05758668990726815,0.0355261420733718]","[-4.669508919497942,0.13195469926341188,-0.09334765916259428]","[3.805116910743139,-0.05408953653900475,3.0478190810737154]","[2.663754307490386,0.054019365255452895,0.9495672390032112]","[4.33331347,0.166024536,3.04941773]","[2.67885971,0.00321062258,0.00442934129]","[1.59144926,-0.0575866885,0.0355261415]","[4.290699124336243,0.1659642718732357,3.0493523478507996]","[3.0422311425209045,-0.004561958834528923,-0.06299179419875145]","[2.516477048397064,-0.15384500846266747,-0.36818038672208786]","[4.041566848754883,0.17192129790782928,3.11629581451416]","[2.668887138366699,0.03302044793963432,-0.0030935273971408606]",0.3718184306440109,0.2434831705806023,0.18886691193006858,0.9428719854515644,4.05460564154283,3.1277012300819087,16.0,16.0,NOT_RECORDED,NOT_RECORDED,16.0,16.0,12.0,12.0,2.6788652537577504,1.5928870057578473,0.06798240495181762,4.672305574060806,0.15651631930938778,0.09199350117969458,0.18886691193006858,0.9428719854515644,0.496
30840000000,3,0.08,MAIN,MAIN,TRACK_MAIN,False,"[4.222609872093636,0.0032414373131997984,2.99537382974629]","[2.7097618728414012,0.0020859061088679444,0.00512086381189795]","[1.4990868471379717,-0.0548547394604038,0.03360933930840078]","[-4.574767561466696,0.14102163793887773,-0.09836919757543419]","[3.850338613380639,-0.054320851951287386,3.0447645195550486]","[2.730444849393261,0.05106938858088945,0.9418206111936038]","[4.38720274,0.166077405,3.04951334]","[2.70976186,0.00208590622,0.00512086367]","[1.49908686,-0.0548547395,0.0336093381]","[4.344243049621582,0.16602961719036102,3.0494402647018433]","[3.0897085666656494,-0.006471388274803758,-0.06244093365967274]","[2.4229345321655273,-0.15261191129684448,-0.33558595180511475]","[4.106765270233154,0.17276440560817719,3.116583824157715]","[2.7453484535217285,0.03082429990172386,-0.015961967408657074]",0.37991939598935,0.23843211047375937,0.20381270797714593,0.955832543128694,4.112739040248611,2.993115156103197,16.0,16.0,NOT_RECORDED,NOT_RECORDED,12.0,20.0,12.0,12.0,2.709767514336869,1.5004665958934509,0.06390743490098008,4.577997580039393,0.15796315220654567,0.09319038642012831,0.20381270797714593,0.955832543128694,0.512
30856000000,4,0.012,EMERGENCY,EMERGENCY,EMERGENCY_BRAKE,True,"[3.850406565898674,-0.05343390402900389,3.0467289816806145]","[2.8422994846034775,0.04072887478128409,-0.0703795668133753]","[-0.02170607815258906,-0.0003110383490052596,-0.0024260448281019586]","[-3.5638815225714664,-0.051068821232395666,-0.39087220988365917]","[3.8966040165675353,-0.054312724334535156,3.0421232578657276]","[2.797159246730433,0.048579372134466295,0.9326829659194833]","[4.01499939,0.109402068,3.10086846]","[2.84229946,0.0407288745,-0.0703795701]","[-0.0217060782,-0.00031103834,-0.00242604478]","[4.2941519021987915,0.15190857090055943,3.0623521208763123]","[3.007248878479004,-0.019737622002139688,-0.06797593552619219]","[1.5796270966529846,-0.17201188206672668,-0.3356974869966507]","[4.106765270233154,0.17276440560817719,3.116583824157715]","[2.7453484535217285,0.03082429990172386,-0.015961967408657074]",0.04643478723209885,0.3489486489274202,0.1707354908688381,0.9463718573252986,4.124395662027808,1.6226903179280654,16.0,16.0,NOT_RECORDED,NOT_RECORDED,12.0,16.0,12.0,12.0,2.843462411364529,0.021843449066683958,0.0029626117293988213,3.5856157931222516,0.159052395515268,0.09347029319408776,0.1707354908688381,0.9463718573252986,0.528
30872000000,4,0.028,EMERGENCY,EMERGENCY,EMERGENCY_BRAKE,True,"[3.8958773910609095,-0.05278232753107804,3.0456022559962674]","[2.8413083827637715,0.04071467273714921,-0.07048694286947607]","[-0.11353757913848364,-0.0016269425050916308,-0.012065894851292867]","[-7.822733542764137,-0.11209625749731297,-0.7923412604487049]","[3.944112137171938,-0.053772724488653285,3.040502208122898]","[2.8752986664661266,0.047547700656350333,0.9225990938552997]","[4.0604701,0.110053644,3.0997417]","[2.84130836,0.0407146737,-0.0704869404]","[-0.11353758,-0.00162694254,-0.0120658949]","[4.0320431391398115,0.10964629674951236,3.100445111592611]","[2.645293911298116,-0.054951184739669166,-0.08649841571847598]","[-0.8380881945292155,-0.23252910623947778,-0.40967940787474316]","[4.151371479034424,0.17329911887645721,3.116543769836426]","[2.795283079147339,0.029170582070946693,-0.02435704506933689]",0.048513731116454066,0.3484576700046571,0.16904606225730476,0.9471320006501551,3.8983069267451267,0.9442963041498507,16.0,16.0,NOT_RECORDED,NOT_RECORDED,16.0,12.0,20.0,20.0,2.8424741722054145,0.1141885048378547,0.014877949159630352,7.863557103820223,0.15902770510121747,0.10388535785427622,0.16904606225730476,0.9471320006501551,0.544
30888000000,4,0.048,EMERGENCY,EMERGENCY,EMERGENCY_BRAKE,True,"[3.952668817002868,-0.05196853190948003,3.0441889194681098]","[2.837155083686775,0.04065515782714323,-0.07091172474635314]","[-0.31700072850736216,-0.004542478034735802,-0.03151069220655124]","[-12.385994292786192,-0.17748573411255614,-1.1223153212446142]","[3.9927139099709823,-0.05325425144866472,3.0386298656141766]","[2.9898028101119114,0.04723991441511084,0.907357788279591]","[4.11726189,0.110867441,3.09832835]","[2.8371551,0.0406551585,-0.0709117278]","[-0.317000717,-0.00454247789,-0.0315106921]","[4.100218137105306,0.11062321191032727,3.098751703898112]","[2.6755042473475137,-0.054289101312557854,-0.08827257280548413]","[-1.0927170117696128,-0.22974629451831183,-0.40466520686944324]","[4.219994068145752,0.17405326664447784,3.1161327362060547]","[2.8704371452331543,0.026900749653577805,-0.03667205199599266]",0.04044954419161334,0.35738572451483686,0.18226242146234267,0.9475708948368476,3.915126925158347,1.175579247458298,16.0,16.0,NOT_RECORDED,NOT_RECORDED,20.0,12.0,20.0,20.0,2.8383323067347423,0.3185953855664429,0.03942148514785624,12.43800416011532,0.1592025360553434,0.1341167192849575,0.18226242146234267,0.9475708948368476,0.56
30904000000,4,0.064,EMERGENCY,EMERGENCY,EMERGENCY_BRAKE,True,"[3.9980137169748384,-0.051318759862961895,3.043049502729011]","[2.830361303267912,0.04055780600567956,-0.0715667376428828]","[-0.5404077443635191,-0.007743800211851547,-0.05074798840973802]","[-15.45609375742261,-0.22147888027417817,-1.2658118787579937]","[4.044025619016215,-0.052743373768942066,3.0360111907021494]","[3.1594175598358154,0.048181311736948895,0.8674011919088358]","[4.16260672,0.111517213,3.09718895]","[2.83036137,0.0405578054,-0.0715667382]","[-0.540407717,-0.00774380006,-0.0507479869]","[4.139934301376343,0.11119232699275017,3.097758650779724]","[2.6606520414352417,-0.054205989465117455,-0.08917081356048584]","[-1.4345508813858032,-0.22838930785655975,-0.38420459628105164]","[4.290682792663574,0.1747480183839798,3.1152477264404297]","[2.941887140274048,0.0246922355145216,-0.05249762162566185]",0.046568900464084254,0.37679432001893937,0.19664950501582829,0.9433053083965125,3.900187024900631,1.5239152543818102,16.0,16.0,NOT_RECORDED,NOT_RECORDED,16.0,16.0,12.0,12.0,2.831556434295681,0.5428405428276545,0.06439182216116247,15.509421873333979,0.15897501894237626,0.19307838860824197,0.19664950501582829,0.9433053083965125,0.576
30920000000,4,0.08,EMERGENCY,EMERGENCY,EMERGENCY_BRAKE,True,"[4.0432193095306275,-0.05067098402913722,3.0418970619340318]","[2.819621245096167,0.04040390579678524,-0.07254382148884127]","[-0.8089751664902489,-0.011592250723623652,-0.07152239386001165]","[-18.034837799314637,-0.2584311239572028,-1.316610379940105]","[4.097356714522019,-0.05223612122196009,3.03289658791931]","[3.2994987753521072,0.048499810429886735,0.8082502537506621]","[4.20781231,0.112164989,3.09603643]","[2.81962132,0.0404039063,-0.0725438222]","[-0.80897516,-0.0115922503,-0.0715223923]","[4.173908114433289,0.11167915724217892,3.0969008207321167]","[2.634459674358368,-0.054245734587311745,-0.08994453027844429]","[-1.8167083263397217,-0.2275542952120304,-0.36229902505874634]","[4.290682792663574,0.1747480183839798,3.1152477264404297]","[2.941887140274048,0.0246922355145216,-0.05249762162566185]",0.054902794155889445,0.3426838515552567,0.16138972753438163,0.9242760059487141,3.87487279943261,1.9454293355242358,16.0,16.0,NOT_RECORDED,NOT_RECORDED,12.0,20.0,12.0,12.0,2.820843676533228,0.812213428292239,0.09230534181416503,18.08467926135224,0.15879108635367353,0.19093138906290014,0.16138972753438163,0.9242760059487141,0.592
30936000000,4,0.096,EMERGENCY,EMERGENCY,EMERGENCY_BRAKE,True,"[4.088217005242406,-0.050026187263694684,3.0407263082930576]","[2.8042742652283095,0.0401839904695318,-0.07385625005007251]","[-1.1150233588135696,-0.015977783834999437,-0.0924525794863639]","[-20.144982754703353,-0.2886685532372405,-1.2873365845418165]","[4.152142244191896,-0.0526860191310656,3.028768245372579]","[3.4076785561305507,0.04607851960425461,0.7339161534657861]","[4.25281,0.112809785,3.0948658]","[2.80427432,0.0401839912,-0.0738562495]","[-1.11502337,-0.0159777831,-0.0924525782]","[4.219061732292175,0.11232618801295757,3.095743775367737]","[2.617784261703491,-0.05408282484859228,-0.09125650487840176]","[-2.241349160671234,-0.22662681713700294,-0.35324662178754807]","[4.3388285636901855,0.17517942190170288,3.114394187927246]","[2.9845125675201416,0.0231300238519907,-0.0619376003742218]",0.06508844866120383,0.3448922674067657,0.15781276651660603,0.899465163794219,3.8524655267112182,2.4372472090703243,16.0,16.0,NOT_RECORDED,NOT_RECORDED,12.0,16.0,20.0,12.0,2.805534468400502,1.1189637437065845,0.12177676242050141,20.188137487218164,0.15981078563728532,0.16513095757145757,0.15781276651660603,0.899465163794219,0.608
30952000000,4,0.112,EMERGENCY,EMERGENCY,EMERGENCY_BRAKE,True,"[4.132928611837677,-0.04938549002677317,3.039531908933377]","[2.7837796810872537,0.039890312285477944,-0.07549678524445937]","[-1.4512367866393576,-0.02079557122013601,-0.1123542258600896]","[-21.809284959829807,-0.31251725618990167,-1.1899909381001148]","[4.208055151859747,-0.05364461393921138,3.0241459531088255]","[3.4903539243574273,0.041995047199496746,0.6496760981961164]","[4.29752159,0.113450482,3.09367132]","[2.78377962,0.0398903117,-0.0754967853]","[-1.45123684,-0.0207955707,-0.112354226]","[4.26026193300883,0.1129165676732858,3.0946667194366455]","[2.5909272829691568,-0.05400409425298373,-0.09247399494051933]","[-2.683693528175354,-0.22480924179156622,-0.34865017731984455]","[4.412521839141846,0.17577818036079407,3.1127185821533203]","[3.0406482219696045,0.020460406318306923,-0.07330162078142166]",0.07680406752786084,0.366370496019759,0.16839908071364013,0.8606537235935728,3.8195576398812467,2.9677727527000686,16.0,16.0,NOT_RECORDED,NOT_RECORDED,16.0,12.0,20.0,20.0,2.78508892397186,1.4557280442260911,0.15165637164929044,21.843961543805086,0.16122927439671977,0.14639196439485452,0.16839908071364013,0.8606537235935728,0.624
30968000000,4,0.128,EMERGENCY,EMERGENCY,EMERGENCY_BRAKE,True,"[4.177268206976164,-0.0487501235469104,3.0383087902988963]","[2.7577109458399804,0.03951675902012218,-0.07744074925598098]","[-1.8106640166533443,-0.02594600196240021,-0.13023001816736404]","[-23.050500750935083,-0.330303320890797,-1.0359485719381125]","[4.265006277489877,-0.05326147320895619,3.020587103114865]","[3.5626868249355335,0.0405214999841714,0.5620733225647534]","[4.34186125,0.114085846,3.09244823]","[2.75771093,0.0395167582,-0.0774407461]","[-1.81066406,-0.0259460025,-0.130230024]","[4.290069659550984,0.11334369952479999,3.0938704013824463]","[2.547251542409261,-0.05410818879803022,-0.09308480843901634]","[-3.1006890535354614,-0.2224144364396731,-0.34174684683481854]","[4.462486267089844,0.17613349854946136,3.1114120483398438]","[3.072998523712158,0.0185338594019413,-0.07858148962259293]",0.08962354316746894,0.37049436114250883,0.16454335868181072,0.815430201500457,3.77149036265021,3.4927558923209925,16.0,16.0,NOT_RECORDED,NOT_RECORDED,20.0,12.0,12.0,20.0,2.7590810616388968,1.8155267097602634,0.18100489937392839,23.076132141161587,0.1612012896613796,0.13786143068134152,0.16454335868181072,0.815430201500457,0.64
30984000000,4,0.14,EMERGENCY,EMERGENCY,EMERGENCY_BRAKE,True,"[4.210223679180528,-0.048277886434656594,3.0373698364073642]","[2.7343060105351595,0.03918137681129519,-0.07907473052428937]","[-2.0914921156245256,-0.02997014246554602,-0.14180755214289126]","[-23.717451493582637,-0.3398604254217316,-0.8896997722037947]","[4.323095848258929,-0.05291727557797836,3.017096103487549]","[3.6320620323998263,0.038648274661566576,0.4679325504727584]","[4.37481642,0.114558086,3.09150934]","[2.7343061,0.0391813777,-0.079074733]","[-2.09149218,-0.029970143,-0.141807556]","[4.3554927110672,0.11428118497133255,3.0920498371124268]","[2.5292842984199524,-0.053791227750480175,-0.09646313637495041]","[-3.7404452562332153,-0.223050557076931,-0.36917512863874435]","[4.513063907623291,0.17646360397338867,3.1099729537963867]","[3.1014816761016846,0.01655515469610691,-0.08069414645433426]",0.1147722733528895,0.3840470728031899,0.16079854880044533,0.7651294331017814,3.7423137646455458,4.185666342131889,16.0,16.0,NOT_RECORDED,NOT_RECORDED,16.0,16.0,12.0,12.0,2.735729765993896,2.0965082544563756,0.20220791185582493,23.736566224790657,0.1609701342058627,0.1393952911205182,0.16079854880044533,0.7651294331017814,0.656
31000000000,4,0.16,EMERGENCY,EMERGENCY,EMERGENCY_BRAKE,True,"[4.264459607374362,-0.04750070994779477,3.035758885408543]","[2.6876805596825766,0.03851325504591384,-0.08207036591810025]","[-2.5731746568881295,-0.03687243689782782,-0.1567897742371327]","[-24.3546984360463,-0.348991887839732,-0.6001476346762415]","[4.38195106478793,-0.05260501032945112,3.0137656037329545]","[3.6886466116884393,0.03682259844719213,0.3703172961624909]","[4.42905235,0.115335263,3.08989835]","[2.68768048,0.0385132544,-0.0820703655]","[-2.57317472,-0.0368724354,-0.15678978]","[4.401934385299683,0.11494667455554008,3.090703845024109]","[2.486616849899292,-0.05374010652303696,-0.09870678558945656]","[-4.299473285675049,-0.2222212329506874,-0.400107279419899]","[4.589973449707031,0.1768796443939209,3.10770320892334]","[3.135801076889038,0.013421487994492054,-0.07640169560909271]",0.11964113375596262,0.4018479695739342,0.1720121345365701,0.7074331292445375,3.6798476678716536,4.899681859661028,16.0,16.0,NOT_RECORDED,NOT_RECORDED,12.0,20.0,12.0,12.0,2.689209104304054,2.578210702165255,0.23525398432155287,24.364591283909146,0.16073130240935965,0.13568607396152824,0.1720121345365701,0.7074331292445375,0.672
31016000000,4,0.17600000000000002,EMERGENCY,EMERGENCY,EMERGENCY_BRAKE,True,"[4.307116467667178,-0.04688945630234325,3.034425324359677]","[2.6433840632280434,0.037878506150831125,-0.08464487216751251]","[-2.964175707379679,-0.042475306303773795,-0.16432408619958327]","[-24.463193002534382,-0.3505465662389927,-0.3380127551531984]","[4.440572763476968,-0.053056321098176706,3.010590209228241]","[3.7314170764397607,0.033084918715313626,0.26934822466604025]","[4.47170925,0.115946516,3.08856463]","[2.64338398,0.0378785059,-0.084644869]","[-2.9641757,-0.0424753055,-0.16432409]","[4.439716577529907,0.115488076582551,3.0895649194717407]","[2.4317870140075684,-0.05381894204765558,-0.1004808247089386]","[-4.821673274040222,-0.22047126665711403,-0.4340825378894806]","[4.589973449707031,0.1768796443939209,3.10770320892334]","[3.135801076889038,0.013421487994492054,-0.07640169560909271]",0.1357082378708428,0.36803577418674177,0.1429558356623343,0.6773866367608462,3.611090350476034,5.543170370880782,16.0,16.0,NOT_RECORDED,NOT_RECORDED,12.0,16.0,20.0,12.0,2.645010177927577,2.9690308488075274,0.2591083778503409,24.468039304304614,0.16165263024126186,0.13005175664778318,0.1429558356623343,0.6773866367608462,0.688
31032000000,4,0.192,EMERGENCY,EMERGENCY,EMERGENCY_BRAKE,True,"[4.349014519653514,-0.046289076039047625,3.0330497891877672]","[2.592832073334336,0.037154118844891476,-0.08730553809673239]","[-3.3542258406009258,-0.048064549492412525,-0.16751323044065086]","[-24.239626499965542,-0.3473429586889296,-0.05842853906350076]","[4.499264129955191,-0.053925513676067564,3.007712291170812]","[3.763453746600674,0.02815498074474949,0.16711099485452585]","[4.5136075,0.116546892,3.0871892]","[2.59283209,0.0371541195,-0.0873055384]","[-3.35422587,-0.0480645485,-0.167513236]","[4.483836571375529,0.11612029373645782,3.0881587664286294]","[2.3713987668355307,-0.05389306259651979,-0.10314324374000232]","[-5.4050828615824384,-0.2185146982471148,-0.4914645453294118]","[4.667917728424072,0.1772078275680542,3.105483055114746]","[3.1590042114257812,0.009918504394590855,-0.06219150498509407]",0.15256228033609395,0.39610188146355557,0.1504212065925882,0.6273616063653821,3.5341367772547017,6.242161586606724,16.0,16.0,NOT_RECORDED,NOT_RECORDED,16.0,12.0,20.0,20.0,2.594567564362264,3.3587500462293347,0.2802975079142972,24.24218541887178,0.16307653087949972,0.12552167147209256,0.1504212065925882,0.6273616063653821,0.704
31048000000,4,0.20400000000000001,EMERGENCY,EMERGENCY,EMERGENCY_BRAKE,True,"[4.379880042371525,-0.0458467869640749,3.031990060434124]","[2.550844018730855,0.03655244888452364,-0.08931473768747678]","[-3.643039138778194,-0.052203114313027356,-0.16692095220703793]","[-23.86772590499031,-0.34201379023012296,0.15772521524915495]","[4.559630699080798,-0.05378955601214633,3.0054219865783165]","[3.7919407484265584,0.025431827718870998,0.06765625943809753]","[4.54447317,0.11698918,3.08612943]","[2.55084395,0.0365524478,-0.0893147364]","[-3.64303923,-0.0522031151,-0.166920945]","[4.53234585126241,0.11681540310382843,3.0865352948506675]","[2.303987661997477,-0.05400200250248114,-0.10652574275930722]","[-6.0386284192403155,-0.21679684271415076,-0.5678588251272837]","[4.720279216766357,0.17737697064876556,3.1041860580444336]","[3.1677520275115967,0.007355422712862492,-0.04567909613251686]",0.18187701535920794,0.41341589950366875,0.14743973221701853,0.599220517557177,3.4590228004136305,6.936593221747363,16.0,16.0,NOT_RECORDED,NOT_RECORDED,20.0,12.0,12.0,20.0,2.552668880168875,3.6472348342407908,0.29429728244127235,23.870697320186906,0.16301452641084788,0.12252527832282864,0.14743973221701853,0.599220517557177,0.72
31064000000,4,0.22,EMERGENCY,EMERGENCY,EMERGENCY_BRAKE,True,"[4.420211057501498,-0.04526886163497823,3.030539816020318]","[2.4895293160841687,0.03567383673971761,-0.09195288278251837]","[-4.019297904826684,-0.05759473340551272,-0.1620718037125593]","[-23.11780996565189,-0.33126783170068097,0.44837383780178774]","[4.620511128728148,-0.05371824096048965,3.003872364318251]","[3.811396510875056,0.02233894605232032,-0.030161039576192067]","[4.58480406,0.117567107,3.08467913]","[2.48952937,0.0356738381,-0.0919528827]","[-4.01929808,-0.0575947352,-0.162071809]","[4.544473171234131,0.11698918044567108,3.0861294269561768]","[2.227708399295807,-0.05416401848196983,-0.10652521997690201]","[-6.340588808059692,-0.2098342888057232,-0.6498475074768066]","[4.773102760314941,0.1774967759847641,3.103057861328125]","[3.1709680557250977,0.004658428020775318,-0.023973148316144943]",0.2022440691952905,0.42357520006955934,0.14481653482284157,0.5901291312194111,3.3637456593850326,7.392377192203414,16.0,16.0,NOT_RECORDED,NOT_RECORDED,16.0,16.0,12.0,12.0,2.491482324023644,4.0229765187754785,0.3103164303615526,23.12453059161934,0.16274830798900683,0.11848090734028413,0.14481653482284157,0.5901291312194111,0.736
31080000000,4,0.24000000000000002,EMERGENCY,EMERGENCY,EMERGENCY_BRAKE,True,"[4.469167358259885,-0.044567339837523666,3.0286690620974546]","[2.4046007030155963,0.03445684786653396,-0.09508062592002507]","[-4.469181979392325,-0.06404137009469121,-0.14951085255236068]","[-21.804123940328047,-0.31244330109890217,0.8056610971377878]","[4.6815415756058245,-0.05368946330850915,3.00301952485939]","[3.8106176159861453,0.0189408898227876,-0.12600629992505996]","[4.63376045,0.118268631,3.08280849]","[2.40460062,0.0344568491,-0.095080629]","[-4.46918201,-0.0640413687,-0.149510846]","[4.589116811752319,0.11762890592217445,3.084468960762024]","[2.142377495765686,-0.05437166802585125,-0.11030593141913414]","[-6.933927536010742,-0.20669129490852356,-0.7606823444366455]","[4.852257251739502,0.17759612202644348,3.1020965576171875]","[3.1620025634765625,0.0003427467599976808,0.016305988654494286]",0.21411193355450076,0.44889427193038084,0.15263308846969129,0.6106726245544244,3.2453132695196643,8.135884366422681,16.0,16.0,NOT_RECORDED,NOT_RECORDED,12.0,20.0,12.0,12.0,2.4067264366216077,4.472140690658071,0.32597267499988536,21.82124037320128,0.1624916222446919,0.10927433425675957,0.15263308846969129,0.6106726245544244,0.752
31096000000,4,0.252,EMERGENCY,EMERGENCY,EMERGENCY_BRAKE,True,"[4.497694573141413,-0.0441585576634205,3.0275175768564155]","[2.349423159715345,0.03366617845819457,-0.09681175055636386]","[-4.725131251404626,-0.06770900818371688,-0.13859725342175125]","[-20.832290990034096,-0.2985173714932223,1.0119535113297753]","[4.742523200578549,-0.05370785906352988,3.002912339812997]","[3.796957523094125,0.015622851521310863,-0.21820124428156046]","[4.66228771,0.118677415,3.08165693]","[2.34942317,0.0336661786,-0.096811749]","[-4.72513103,-0.0677090064,-0.13859725]","[4.640892267227173,0.11837082728743553,3.082520604133606]","[2.054047405719757,-0.05457760766148567,-0.11507243476808071]","[-7.58118999004364,-0.20422153919935226,-0.8838054537773132]","[4.852257251739502,0.17759612202644348,3.1020965576171875]","[3.1620025634765625,0.0003427467599976808,0.016305988654494286]",0.24624715969924388,0.42479625161990514,0.1360592743288699,0.6227545144604002,3.147388584367989,8.828155435104817,16.0,16.0,NOT_RECORDED,NOT_RECORDED,12.0,16.0,12.0,12.0,2.351657949197673,4.727648363768812,0.33302131276689095,20.85899111710899,0.162257526540001,0.10349720824086818,0.1360592743288699,0.6227545144604002,0.768
31112000000,4,0.272,EMERGENCY,EMERGENCY,EMERGENCY_BRAKE,True,"[4.5437108323248445,-0.043499165340993726,3.0255550821544626]","[2.25087491908585,0.03225402644034536,-0.09935930343936714]","[-5.123373871423265,-0.0734156460278892,-0.11508258573527134]","[-18.93734971970457,-0.27136371434512446,1.3344189784906022]","[4.802652565938019,-0.05376547730394596,3.00233570963464]","[3.7720468631398343,0.01244233827381939,-0.30729130036860963]","[4.70830393,0.119336806,3.07969451]","[2.250875,0.0322540253,-0.0993593037]","[-5.12337399,-0.0734156445,-0.115082584]","[4.675848007202148,0.11887172733743985,3.08106259504954]","[1.9559340079625447,-0.054827513794104256,-0.11863746369878451]","[-8.050482193628946,-0.19906527797381082,-1.0199168423811595]","[4.904820919036865,0.17759303748607635,3.1020288467407227]","[3.146533489227295,-0.002689477987587452,0.04847034066915512]",0.2601833158143145,0.4302679322771849,0.1358483686880522,0.6607504056003303,3.0107027370334114,9.443020148776586,16.0,16.0,NOT_RECORDED,NOT_RECORDED,16.0,12.0,20.0,20.0,2.2532976933311106,5.125192063230784,0.3409093355125414,18.986245723734164,0.16305160660108706,0.1004203545799909,0.1358483686880522,0.6607504056003303,0.784
31128000000,4,0.28800000000000003,EMERGENCY,EMERGENCY,EMERGENCY_BRAKE,True,"[4.579056398411496,-0.042992679257097585,3.0239515547164904]","[2.1665491408695727,0.031045675919786395,-0.10101961479498767]","[-5.412712594603075,-0.07756173995275618,-0.09183494328468042]","[-17.199299863856474,-0.246458240686939,1.5673654461380169]","[4.86052163540292,-0.053841780179220575,2.9988105636241893]","[3.731793438670657,0.009129171841133725,-0.39604560095898533]","[4.74364948,0.119843289,3.07809091]","[2.16654921,0.0310456753,-0.101019613]","[-5.41271257,-0.0775617436,-0.09183494]","[4.73008918762207,0.11964897687236468,3.078685243924459]","[1.8371766010920207,-0.055308533211549125,-0.12445266668995221]","[-8.706270297368368,-0.19649373491605124,-1.1653426786263783]","[4.9830241203308105,0.1774929314851761,3.102977752685547]","[3.1084790229797363,-0.007437374442815781,0.10426279157400131]",0.28279400994108744,0.4669571338597563,0.13759629372976961,0.7382338883975911,2.872211376701706,10.160907741634404,16.0,16.0,NOT_RECORDED,NOT_RECORDED,20.0,12.0,20.0,20.0,2.1691251638320295,5.414047202609833,0.34383982652262396,17.27232734500488,0.16705115596303322,0.10276698242983318,0.13759629372976961,0.7382338883975911,0.8
31144000000,4,0.304,EMERGENCY,EMERGENCY,EMERGENCY_BRAKE,True,"[4.613016933849464,-0.042506040040206146,3.022324592600717]","[2.0778240275780764,0.02977428490389254,-0.10227926065511532]","[-5.672830044584702,-0.081289106159631,-0.06507185055498887]","[-15.288483292638919,-0.21907709760870347,1.7731529270675375]","[4.920237433687486,-0.05400535764850811,3.001483656233494]","[3.682646559546872,0.0062389139105289045,-0.4695890119820565]","[4.77760983,0.120329931,3.07646394]","[2.07782412,0.029774284,-0.102279261]","[-5.6728301,-0.0812891051,-0.065071851]","[4.743649482727051,0.11984328925609589,3.0780909061431885]","[1.749525785446167,-0.05527503043413162,-0.12695932388305664]","[-8.89624834060669,-0.18782136589288712,-1.331205666065216]","[5.034545421600342,0.17735625803470612,3.104381561279297]","[3.072655439376831,-0.010618938133120537,0.14451627433300018]",0.30814122485451884,0.4824510775291527,0.13677863297659895,0.8101634329068887,2.7495830854060475,10.475610598609853,16.0,16.0,NOT_RECORDED,NOT_RECORDED,16.0,16.0,12.0,12.0,2.08055286998011,5.67378559510824,0.34389617046567766,15.39252375235342,0.16676789046068524,0.09786455045113522,0.13677863297659895,0.8101634329068887,0.816
31160000000,4,0.32,EMERGENCY,EMERGENCY,EMERGENCY_BRAKE,True,"[4.6455259036588465,-0.04204020110669221,3.0206810371994437]","[1.9851882627850854,0.028446856008746194,-0.10308564201366162]","[-5.901144004612166,-0.08456074264239767,-0.03525965597202041]","[-13.227656342292939,-0.18954637318602835,1.9479100605226263]","[4.979193089997407,-0.05421693419770292,3.005105326703701]","[3.6214559485075988,0.0023859276630637818,-0.5369057319576189]","[4.81011868,0.120795771,3.07482052]","[1.98518825,0.0284468569,-0.103085645]","[-5.90114403,-0.0845607445,-0.0352596566]","[4.776884078979492,0.12031953036785126,3.0764557123184204]","[1.6323586702346802,-0.05557163991034031,-0.1316421627998352]","[-9.269776821136475,-0.1816946119070053,-1.4899094700813293]","[5.110569477081299,0.1770400106906891,3.1077089309692383]","[3.003657102584839,-0.015590046532452106,0.20489229261875153]",0.3342523998796549,0.5213784792995544,0.1397986660091775,0.917995737571772,2.6062101278706464,10.927325227493135,16.0,16.0,NOT_RECORDED,NOT_RECORDED,12.0,20.0,12.0,12.0,1.9880664757260549,5.901855159668493,0.3412310000791544,13.371655609582376,0.16648607835080775,0.09501081996483167,0.1397986660091775,0.917995737571772,0.832
31176000000,4,0.336,EMERGENCY,EMERGENCY,EMERGENCY_BRAKE,True,"[4.676524906785671,-0.04159599931742398,3.0190285092603397]","[1.8891689327213823,0.027070942143253965,-0.10339409029345498]","[-6.095436359309344,-0.08734486480415013,-0.0029216472199935506]","[-11.03957534905961,-0.15819215549452403,2.0883907999605844]","[5.037230114036935,-0.05447206241164163,3.00963795462242]","[3.548137957347351,-0.0013725522585801284,-0.5983059722601096]","[4.84111786,0.121239975,3.07316804]","[1.88916898,0.0270709414,-0.103394091]","[-6.09543657,-0.0873448625,-0.00292164716]","[4.81786847114563,0.12090682238340378,3.074407398700714]","[1.503511667251587,-0.05599210876971483,-0.13721458613872528]","[-9.711143732070923,-0.17676519602537155,-1.643183171749115]","[5.110569477081299,0.1770400106906891,3.1077089309692383]","[3.003657102584839,-0.015590046532452106,0.20489229261875153]",0.3610570897453629,0.49402490936171617,0.1388199657202832,0.9250818056675812,2.4538584366804037,11.417435528687157,16.0,16.0,NOT_RECORDED,NOT_RECORDED,12.0,16.0,12.0,12.0,1.8921898504578714,6.096062833650953,0.33602170010594645,11.236486318195054,0.16610987157939652,0.09462151703952208,0.1388199657202832,0.9250818056675812,0.848
31192000000,4,0.35200000000000004,EMERGENCY,EMERGENCY,EMERGENCY_BRAKE,True,"[4.70596424393943,-0.04117414684090819,3.0173752751382406]","[1.7903257006527284,0.02565456303059926,-0.10316869833415568]","[-6.253853094679963,-0.08961490545719195,0.031371953785901796]","[-8.746996649179977,-0.12534053260980083,2.191974413052627]","[5.094206672961618,-0.05477175376149043,3.015039952879617]","[3.4646774734956645,-0.004839844152101807,-0.653648009999738]","[4.87055731,0.121661827,3.07151461]","[1.79032564,0.0256545637,-0.103168696]","[-6.25385332,-0.0896149054,0.0313719548]","[4.8460244337717695,0.12131028374036153,3.0728924671808877]","[1.3832372426986694,-0.05620609472195307,-0.14211309452851614]","[-9.977699597676596,-0.17034652829170227,-1.793586750825246]","[5.160223484039307,0.17676055431365967,3.1107101440429688]","[2.9479928016662598,-0.018809055909514427,0.2433820515871048]",0.38848749315398384,0.5124045168974516,0.14033128064397152,0.9926728020703823,2.3049671497386486,11.74260073470512,16.0,16.0,NOT_RECORDED,NOT_RECORDED,16.0,12.0,20.0,20.0,1.7934793144438377,6.254573811268246,0.3284656452417125,9.01833756616806,0.1656214851302908,0.09528940578639801,0.14033128064397152,0.9926728020703823,0.864
31208000000,4,0.36800000000000005,EMERGENCY,EMERGENCY,EMERGENCY_BRAKE,True,"[4.733803392220677,-0.04077522435209008,3.0157301010317736]","[1.6892449812577865,0.02420612172969495,-0.10238299129973194]","[-6.374904298107612,-0.09134951482303655,0.06701399592692692]","[-6.37267657889511,-0.09131759260746963,2.2566654816838287]","[5.149997591378306,-0.055122478604745034,3.0212657676676167]","[3.3751279200170976,-0.008679819255580732,-0.7023381880224867]","[4.89839649,0.122060746,3.06986952]","[1.68924499,0.0242061224,-0.102382988]","[-6.37490416,-0.0913495123,0.0670139939]","[4.865650733311971,0.12159151832262675,3.071790178616842]","[1.2741440534591675,-0.056190756460030876,-0.1468206892410914]","[-10.125737826029459,-0.16242173314094543,-1.9423361817995708]","[5.232860565185547,0.1762228161096573,3.1163434982299805]","[2.851295232772827,-0.02360445447266102,0.2965226173400879]",0.4164782091804488,0.5534159982758811,0.1375479182796391,1.088721072230349,2.1612480704615527,11.949925593948986,16.0,16.0,NOT_RECORDED,NOT_RECORDED,20.0,12.0,20.0,20.0,1.6925178935365186,6.375910948212765,0.31877600905798104,6.761056483874485,0.16502483514262123,0.09455828422259198,0.1375479182796391,1.088721072230349,0.88
31224000000,4,0.38,EMERGENCY,EMERGENCY,EMERGENCY_BRAKE,True,"[4.753613634020876,-0.04049135248635674,3.0145069821517327]","[1.612330821416492,0.023103976370962363,-0.10141567474425675]","[-6.440480635160259,-0.09228919427444565,0.09424973626979039]","[-4.551983110373129,-0.06522787310527534,2.2788128373779575]","[5.1999630951532465,-0.057253229738125244,3.019781745891722]","[3.253457110317454,-0.01566893680372188,-0.7533080698798044]","[4.91820669,0.122344621,3.06864643]","[1.61233079,0.0231039766,-0.101415671]","[-6.44048071,-0.0922891945,0.0942497328]","[4.891436696052551,0.12196101620793343,3.0702807903289795]","[1.149464190006256,-0.05634245648980141,-0.15195232629776]","[-10.322177171707153,-0.15580523014068604,-2.063965290784836]","[5.3029680252075195,0.17555785179138184,3.1231260299682617]","[2.742187023162842,-0.02814999222755432,0.33696097135543823]",0.44669522620537744,0.6002212953017085,0.1370587475119242,1.1720060284113216,2.0291262117500493,12.166656580300879,16.0,16.0,NOT_RECORDED,NOT_RECORDED,16.0,16.0,12.0,12.0,1.6156823977804433,6.4418313483077965,0.31024376464904874,5.090952058343375,0.17290210255552063,0.11551427821273781,0.1370587475119242,1.1720060284113216,0.896
31240000000,4,0.4,EMERGENCY,EMERGENCY,EMERGENCY_BRAKE,True,"[4.784567107818898,-0.040047803111917336,3.0125005586831564]","[1.4828155425357306,0.021248080606152235,-0.0990747991647096]","[-6.500770965567632,-0.09315312762523634,0.1397901832861954]","[-1.4698376720740498,-0.0210621135524246,2.2645148841733835]","[5.25116908927252,-0.05818280692323674,3.0250791756794158]","[3.1339627134045616,-0.01986154982568748,-0.7924499775591771]","[4.9491601,0.122788168,3.0666399]","[1.4828155,0.0212480798,-0.0990747958]","[-6.50077105,-0.0931531265,0.139790177]","[4.923778295516968,0.12242445722222328,3.0682547092437744]","[1.0006510019302368,-0.05677099525928497,-0.15691246837377548]","[-10.558229446411133,-0.1507086604833603,-2.142061948776245]","[5.3029680252075195,0.17555785179138184,3.1231260299682617]","[2.742187023162842,-0.02814999222755432,0.33696097135543823]",0.46712365500499065,0.5722440951837745,0.1459858525116573,1.161231425329565,1.8425759877952426,12.403636799719031,16.0,16.0,NOT_RECORDED,NOT_RECORDED,12.0,20.0,12.0,12.0,1.4862736053447583,6.502941022898537,0.2939057524614186,2.699795187698161,0.1747898792689254,0.12639756357498924,0.1459858525116573,1.161231425329565,0.912
31256000000,4,0.41600000000000004,EMERGENCY,EMERGENCY,EMERGENCY_BRAKE,True,"[4.807459478001125,-0.03971976573103985,3.010934793200362]","[1.3787209790317498,0.019756452273060686,-0.09655032305473041]","[-6.504427111266461,-0.09320551855066705,0.1756154254960084]","[1.0131684919801103,0.014518249349067869,2.2068089528713006]","[5.301634166365409,-0.058735808764222526,3.0328329678648536]","[3.011508584427231,-0.023136306122049487,-0.8238212494881125]","[4.97205257,0.123116203,3.06507421]","[1.378721,0.0197564531,-0.0965503231]","[-6.50442696,-0.093205519,0.17561543]","[4.9548832178115845,0.12287017703056335,3.0662484765052795]","[0.8504170179367065,-0.05718459375202656,-0.1616295464336872]","[-10.766298532485962,-0.1454140469431877,-2.2037129402160645]","[5.348165988922119,0.17505201697349548,3.128119468688965]","[2.6640286445617676,-0.030980251729488373,0.35562124848365784]",0.49502501206122346,0.5934835277982101,0.14787096720011153,1.1953661772633735,1.6788325212209851,12.588293814713817,16.0,16.0,NOT_RECORDED,NOT_RECORDED,12.0,16.0,12.0,12.0,1.3822386987458632,6.507464951280076,0.27919887016733375,2.4283177154520654,0.174311146465765,0.12930231243643384,0.14787096720011153,1.1953661772633735,0.928
31272000000,4,0.43200000000000005,EMERGENCY,EMERGENCY,EMERGENCY_BRAKE,True,"[4.828687561826841,-0.03941557682601149,3.0094139585996227]","[1.2748855886035915,0.01826853777371855,-0.09346177110274663]","[-6.468399088355245,-0.09268925316705191,0.21019131287893633]","[3.4868906814751313,0.04996557706572613,2.1084819467874603]","[5.350353125358663,-0.059321997927326876,3.0408270325099824]","[2.8844088619935344,-0.026330735095650665,-0.8492616238087694]","[4.99328041,0.123420395,3.06355333]","[1.27488554,0.0182685386,-0.0934617743]","[-6.46839905,-0.0926892534,0.210191309]","[4.97885274887085,0.12321364631255467,3.0645762284596763]","[0.7086794575055441,-0.057408406709631286,-0.1655960554877917]","[-10.865018049875895,-0.13854963580767313,-2.240668217341105]","[5.392034530639648,0.1744840443134308,3.1333789825439453]","[2.5822629928588867,-0.03377945348620415,0.36808452010154724]",0.5229894903232135,0.6152074303482461,0.14971620537526587,1.2202472142118115,1.5227558850815281,12.658313404868503,16.0,16.0,NOT_RECORDED,NOT_RECORDED,16.0,12.0,20.0,20.0,1.278437368884052,6.472476995084447,0.26330012059089875,4.075119544673292,0.1737509937207393,0.13090760573422194,0.14971620537526587,1.2202472142118115,0.944
31288000000,4,0.448,EMERGENCY,EMERGENCY,EMERGENCY_BRAKE,True,"[4.848260575417231,-0.03913510433395578,3.007946892607372]","[1.1719421586632608,0.016793404667475687,-0.08983429089105277]","[-6.393017491116858,-0.09160906874195293,0.24287612370982292]","[5.928572560170167,0.084953781521941,1.9706650188763604]","[5.397296971476493,-0.059936301140895334,3.048954278904541]","[2.754427968170807,-0.02924124775160457,-0.8683932383779579]","[5.01285362,0.123700865,3.06208634]","[1.17194211,0.0167934038,-0.0898342878]","[-6.39301729,-0.0916090682,0.242876127]","[5.006053447723389,0.12360342095295589,3.062584320704142]","[0.5484050313631693,-0.05786080347994963,-0.16855990638335547]","[-10.957975228627523,-0.13200973471005759,-2.248070319493612]","[5.455257415771484,0.1735457330942154,3.1415529251098633]","[2.45357608795166,-0.03774920105934143,0.37708213925361633]",0.5509584918278952,0.6569085741031638,0.14425891436592486,1.2520827612304741,1.3644756533259734,12.700351782895519,16.0,16.0,NOT_RECORDED,NOT_RECORDED,20.0,12.0,20.0,20.0,1.1755001665301996,6.39828521360764,0.24645267723701536,6.24809653917259,0.17311959445798,0.13156687243579127,0.14425891436592486,1.2520827612304741,0.96
31304000000,4,0.464,EMERGENCY,EMERGENCY,EMERGENCY_BRAKE,True,"[4.866197801641016,-0.03887807194002633,3.0065419493272696]","[1.0705152743031967,0.015340002978127267,-0.08570312608189465]","[-6.27897701521402,-0.0899749199521421,0.27305123722449487]","[8.315457791824002,0.11915677464210028,1.7951146363063408]","[5.441835427401165,-0.06058823434537066,3.057085054246764]","[2.626602632525386,-0.032335560950707075,-0.8791370967053453]","[5.03079081,0.123957902,3.06068134]","[1.07051528,0.0153400032,-0.0857031271]","[-6.27897692,-0.0899749175,0.273051232]","[5.012853622436523,0.12370086461305618,3.062086343765259]","[0.4629555940628052,-0.0572005994617939,-0.1734522134065628]","[-10.879887104034424,-0.12281706556677818,-2.281159818172455]","[5.495595932006836,0.1728583574295044,3.147088050842285]","[2.3642473220825195,-0.040343329310417175,0.37773221731185913]",0.5782599872006975,0.6787691276724485,0.14580234105525708,1.2573288060724581,1.2406709069326158,12.583839252737013,16.0,16.0,NOT_RECORDED,NOT_RECORDED,16.0,16.0,12.0,12.0,1.0740499495032931,6.285555251682717,0.22889780461654563,8.507847740881996,0.1727932972913558,0.12758584185942196,0.14580234105525708,1.2573288060724581,0.976
31320000000,4,0.48000000000000004,EMERGENCY,EMERGENCY,EMERGENCY_BRAKE,True,"[4.8825284122723565,-0.038644061625804096,3.00520684108672]","[0.9712154926741969,0.013917081715366451,-0.08111316676187325]","[-6.127336457689323,-0.0878019788836012,0.3001311386471821]","[10.624790040195606,0.15224846835059447,1.584212580459642]","[5.484569584158081,-0.06126629444714863,3.0651251641366866]","[2.49704836816924,-0.03500505026822989,-0.883652164528337]","[5.04712152,0.12419191,3.0593462]","[0.971215487,0.013917082,-0.0811131671]","[-6.1273365,-0.087801978,0.300131142]","[5.029987573623657,0.12394638732075691,3.0607162714004517]","[0.3299176096916199,-0.05717265419661999,-0.17598731070756912]","[-10.824761390686035,-0.11461052298545837,-2.270209312438965]","[5.553260803222656,0.17173828184604645,3.15537166595459]","[2.2248005867004395,-0.04394570365548134,0.37263408303260803]",0.6054383069318288,0.7188130113890618,0.14221673203487595,1.2666791701879458,1.1061370483898816,12.462599190674636,16.0,16.0,NOT_RECORDED,NOT_RECORDED,12.0,20.0,12.0,12.0,0.9746961394178161,6.135310909286527,0.2108726429694251,10.743326882043636,0.17245968373542866,0.12489168703642077,0.14221673203487595,1.2666791701879458,0.992
31336000000,4,0.49200000000000005,EMERGENCY,EMERGENCY,EMERGENCY_BRAKE,True,"[4.893745011263875,-0.038483332801036656,3.0042555362299073]","[0.8984928234660738,0.01287499853448321,-0.07740173470840053]","[-5.989773258955191,-0.08583076004262219,0.3180816390196477]","[12.292205722675348,0.1761417860350747,1.404621948582431]","[5.525489778670272,-0.061968164849065886,3.073021052372229]","[2.367924653893057,-0.03741360892937763,-0.8818839890319911]","[5.05833817,0.124352641,3.05839491]","[0.898492813,0.0128749982,-0.0774017349]","[-5.98977327,-0.085830763,0.318081647]","[5.049925684928894,0.124232092872262,3.0591083765029907]","[0.18434321880340576,-0.057304004207253456,-0.17780853062868118]","[-10.769971370697021,-0.10662181302905083,-2.244870364665985]","[5.553260803222656,0.17173828184604645,3.15537166595459]","[2.2248005867004395,-0.04394570365548134,0.37263408303260803]",0.6359101231243344,0.7085127322573759,0.15610548085803952,1.2368473869735166,1.0040324725256706,12.348070550382161,16.0,16.0,NOT_RECORDED,NOT_RECORDED,12.0,16.0,12.0,12.0,0.9019124946152869,5.99882709720372,0.1971843475482901,12.37345183349415,0.17172210675979294,0.1230490461656406,0.15610548085803952,1.2368473869735166,1.008
31352000000,4,0.512,EMERGENCY,EMERGENCY,EMERGENCY_BRAKE,True,"[4.910534198859341,-0.038242751284922896,3.002772883119012]","[0.7813343727718951,0.011196170566585891,-0.07078083856078934]","[-5.717310792844005,-0.08192649530030538,0.3428888062200661]","[14.919770242127782,0.21379360523014257,1.0690071455344565]","[5.564584259887375,-0.06269299124946777,3.0807281386832774]","[2.2397493091393663,-0.03967252598368191,-0.8737559738622162]","[5.07512712,0.124593221,3.05691218]","[0.7813344,0.0111961709,-0.070780836]","[-5.71731091,-0.0819264948,0.342888802]","[5.0611363252003985,0.12439273794492085,3.0581477880477905]","[0.07310243447621664,-0.05690897318224112,-0.18028939763704935]","[-10.62487761179606,-0.09740099310874939,-2.226628144582113]","[5.589764595031738,0.17094169557094574,3.160811424255371]","[2.1284756660461426,-0.04627431184053421,0.36618050932884216]",0.6591330051174715,0.7280715928913973,0.15727975178488499,1.2213241871804106,0.877223207657021,12.094861648521332,16.0,16.0,NOT_RECORDED,NOT_RECORDED,16.0,12.0,20.0,20.0,0.7846137160524121,5.728169636632085,0.1743269073535,14.959546385526627,0.17095958044761045,0.12068093612791991,0.15727975178488499,1.2213241871804106,1.024
31368000000,4,0.528,EMERGENCY,EMERGENCY,EMERGENCY_BRAKE,True,"[4.922314257372365,-0.03807394833833258,3.001684959803716]","[0.6918515784932766,0.009913922322516124,-0.06517019394821177]","[-5.462863786507828,-0.07828038400356269,0.3576511180075497]","[16.85990552320638,0.24159487224997767,0.7725939002898663]","[5.601839188785626,-0.06344138164220837,3.0882108187316835]","[2.1113984940025388,-0.04184048630500132,-0.8591693791257701]","[5.08690739,0.124762021,3.05582428]","[0.691851556,0.00991392229,-0.0651701912]","[-5.46286392,-0.0782803819,0.357651114]","[5.072328964869182,0.12455312410990398,3.0571593046188354]","[-0.03990050156911215,-0.056510518615444504,-0.18217401703198752]","[-10.445783933003744,-0.08813449740409851,-2.2013646761576333]","[5.641450881958008,0.16966460645198822,3.168776512145996]","[1.9784586429595947,-0.04954087734222412,0.3537236750125885]",0.685481118155596,0.7669630883106144,0.1512598122214404,1.20427181657255,0.7897508872562508,11.822526145210562,16.0,16.0,NOT_RECORDED,NOT_RECORDED,20.0,12.0,20.0,20.0,0.6949849255190381,5.475118527545358,0.15624158811902783,16.87932710947055,0.17018416965551622,0.11928561272390863,0.1512598122214404,1.20427181657255,1.04
31384000000,4,0.544,EMERGENCY,EMERGENCY,EMERGENCY_BRAKE,True,"[4.932696457253852,-0.03792517607797863,3.000688490422259]","[0.6066813236909288,0.008693470831839072,-0.05936218348748157]","[-5.178692900518705,-0.0742083428641146,0.3675073190324558]","[18.631462476038422,0.266980487555704,0.45660924943629055]","[5.6366390840698495,-0.0642166422418872,3.095362815538599]","[1.9859557124997427,-0.044296703389130485,-0.8362681006839372]","[5.09728956,0.124910794,3.05482793]","[0.606681347,0.00869347062,-0.0593621843]","[-5.17869282,-0.0742083415,0.367507309]","[5.083962321281433,0.12471982091665268,3.0560962557792664]","[-0.15842531621456146,-0.05617069359868765,-0.18311478197574615]","[-10.22332239151001,-0.07769843563437462,-2.1699068546295166]","[5.673819541931152,0.16876505315303802,3.1739253997802734]","[1.8749226331710815,-0.0517587810754776,0.34423714876174927]",0.7107669736825774,0.7886667891226843,0.15246714978705686,1.175054672101938,0.725325144048536,11.501013198371808,16.0,16.0,NOT_RECORDED,NOT_RECORDED,16.0,16.0,12.0,12.0,0.6096406103425878,5.192246976558019,0.138552715710078,18.638968978552274,0.16976616223628405,0.11568365910154177,0.15246714978705686,1.175054672101938,1.056
31400000000,4,0.56,EMERGENCY,EMERGENCY,EMERGENCY_BRAKE,True,"[4.941753484825462,-0.03779539294152416,2.999785992393366]","[0.526276641476271,0.0075413078555274515,-0.053437581737697915]","[-4.867677438818525,-0.06975163101399201,0.3721874998723669]","[20.21168476438291,0.289624363071713,0.12656154542536768]","[5.6695711480861215,-0.06500935016085559,3.102242156230302]","[1.8615208988842684,-0.046384648344185465,-0.8076823476898582]","[5.10634661,0.125040576,3.05392551]","[0.526276648,0.00754130771,-0.0534375831]","[-4.86767721,-0.0697516277,0.372187495]","[5.0966269969940186,0.12490129843354225,3.054874897003174]","[-0.2906249761581421,-0.05598558858036995,-0.18207944929599762]","[-9.910627365112305,-0.06613453477621078,-2.1302602291107178]","[5.719019889831543,0.1673218160867691,3.181375503540039]","[1.7143678665161133,-0.05493329092860222,0.32852381467819214]",0.7354973935575323,0.8241303806735447,0.14839382958471328,1.1454073841695163,0.6952702419778798,11.090016645371444,16.0,16.0,NOT_RECORDED,NOT_RECORDED,12.0,20.0,12.0,12.0,0.5290364352572405,4.882383892472327,0.1214470586357684,20.214155958418186,0.16934287069781684,0.1125155416760035,0.14839382958471328,1.1454073841695163,1.072
31416000000,4,0.5760000000000001,EMERGENCY,EMERGENCY,EMERGENCY_BRAKE,True,"[4.949564890852746,-0.03768345900223508,2.998978660061495]","[0.4510415832866115,0.006463223269167706,-0.04748075005953284]","[-4.5330608067290115,-0.06495672499443489,0.37151488725780357]","[21.577816051998838,0.30920041072239357,-0.21141554507735805]","[5.700626823060986,-0.06582429675348236,3.108844839715448]","[1.737258536109735,-0.04865564785947193,-0.7735740034041083]","[5.11415768,0.125152513,3.05311799]","[0.451041579,0.00646322314,-0.0474807508]","[-4.53306103,-0.0649567246,0.371514887]","[5.108299374580383,0.1250685602426529,3.053723633289337]","[-0.41906706988811493,-0.05572914704680443,-0.18079329654574394]","[-9.563511848449707,-0.05422028061002493,-2.091778874397278]","[5.719019889831543,0.1673218160867691,3.181375503540039]","[1.7143678665161133,-0.05493329092860222,0.32852381467819214]",0.7595765334668206,0.8169190699076105,0.16083617755115798,1.0947766816015998,0.7000011741923972,10.64151634294536,16.0,16.0,NOT_RECORDED,NOT_RECORDED,12.0,16.0,12.0,12.0,0.45357987690696355,4.548723223617684,0.10509583867643428,21.581066864281524,0.16852661810879432,0.11127274079241942,0.16083617755115798,1.0947766816015998,1.088
31432000000,4,0.5920000000000001,EMERGENCY,EMERGENCY,EMERGENCY_BRAKE,True,"[4.956216260233372,-0.03758814786697468,2.998266319656329]","[0.38132539326307713,0.005464221584412836,-0.04157806639656236]","[-4.1784505109517305,-0.05987531875589358,0.3654158490996533]","[22.70710000264495,0.3253825424321337,-0.5505630411926035]","[5.729675298385654,-0.06729020843600697,3.1203079840667916]","[1.6190135238290502,-0.05239961483982208,-0.7263478557998981]","[5.12080908,0.125247821,3.05240583]","[0.381325394,0.00546422182,-0.0415780656]","[-4.17845058,-0.0598753169,0.365415841]","[5.116196632385254,0.12518172959486643,3.0528961420059204]","[-0.5271878441174825,-0.055156368762254715,-0.1800001636147499]","[-9.16477664311727,-0.04169520239035288,-2.0621718962987265]","[5.7468976974487305,0.16631127893924713,3.186147689819336]","[1.6040054559707642,-0.056992921978235245,0.3176051080226898]",0.7835912607690159,0.8378851476563952,0.16133844100742353,1.0477284996404155,0.723416521578116,10.143517816466577,16.0,16.0,NOT_RECORDED,NOT_RECORDED,16.0,12.0,20.0,20.0,0.3836243590676183,4.194825678027887,0.08965301636678519,22.7161040671891,0.1646485266707957,0.1041595756523364,0.16133844100742353,1.0477284996404155,1.104
31448000000,4,0.608,EMERGENCY,EMERGENCY,EMERGENCY_BRAKE,True,"[4.961798288475425,-0.03750815990985488,2.997647410656394]","[0.3174166826285245,0.004548438470434929,-0.035816194976163285]","[-3.8078181595681606,-0.05456432365802838,0.3539298995165687]","[23.576780280080413,0.33784467012532593,-0.8834966478269948]","[5.756463510616003,-0.07065974668653952,3.146909826521185]","[1.5193111783944109,-0.05964504840559468,-0.6506515975630738]","[5.12639141,0.125327811,3.0517869]","[0.317416668,0.00454843836,-0.0358161964]","[-3.80781817,-0.0545643233,0.353929907]","[5.12435245513916,0.12529859443505606,3.0520087480545044]","[-0.6436654130617778,-0.05468213930726051,-0.17795903235673904]","[-8.693634192148844,-0.028276880582173664,-2.030328551928202]","[5.786525726318359,0.1647358238697052,3.1934194564819336]","[1.4390835762023926,-0.05991160497069359,0.2986688017845154]",0.8092410714832386,0.8714382764331136,0.15562025656882708,0.9955494122897122,0.777392165142831,9.577513921369809,16.0,16.0,NOT_RECORDED,NOT_RECORDED,20.0,12.0,20.0,20.0,0.3194633602245919,3.824620605435933,0.07525360927305129,23.595746941409637,0.15259329647285774,0.08542079007993138,0.15562025656882708,0.9955494122897122,1.12
31476000000,NOT_RECORDED,NOT_RECORDED,UNKNOWN,UNKNOWN,INITIAL_HOLD,NOT_RECORDED,"[4.970136463028191,-0.03738867761423341,2.9966768045316052]","[0.20783802609401292,0.0029782255478097014,-0.02505147483388559]","[-3.036194229207119,-0.043507299369012764,0.315581083753699]","[24.446304470354846,0.3503045611596174,-1.498058441210901]","[5.798161346232605,-0.07243148233135306,3.1574716353994687]","[1.2866636130853888,-0.062691421844397,-0.5744437032208864]","[4.970136463028191,-0.03738867761423341,2.9966768045316052]","[0.0,0.0,-0.0]","[0.0,0.0,-0.0]","[5.391279697418213,0.11427728086709976,3.101541042327881]","[-0.4355887571970622,-0.07015875975290933,-0.12289635340372722]","[-6.130278786023458,-0.046723137299219765,-1.8349117040634155]","[5.811269760131836,0.16363665461540222,3.198237419128418]","[1.330727458000183,-0.06177017465233803,0.28220829367637634]",0.8442204587677025,0.8879994870781902,0.1634741970750974,0.8921161276243229,0.5399183004634928,6.949394943008584,28.0,28.0,NOT_RECORDED,NOT_RECORDED,12.0,16.0,16.0,16.0,0.209363538634171,3.052860904625718,0.05002049972082905,24.494666656971347,0.15074406897745565,0.09328075934987186,0.1634741970750974,0.8921161276243229,1.148
31480000000,NOT_RECORDED,NOT_RECORDED,UNKNOWN,UNKNOWN,INITIAL_HOLD,NOT_RECORDED,"[4.970874831464224,-0.03737809712623891,2.9965864298398044]","[0.19647594643294708,0.002815412050401256,-0.02383999916733273]","[-2.9383872652283056,-0.042105769512567476,0.3090490683395086]","[24.434887280444045,0.35014095795708733,-1.5639916975842993]","[5.803633957298485,-0.07268855701741143,3.1588517001699934]","[1.25294872275772,-0.06310705395258855,-0.5635168137777451]","[4.970874831464224,-0.03737809712623891,2.9965864298398044]","[0.0,0.0,-0.0]","[0.0,0.0,-0.0]","[5.523723840713501,0.10875201597809792,3.126418113708496]","[-0.29843270778656006,-0.07878072559833527,-0.09321117401123047]","[-5.00973778963089,-0.06251443549990654,-1.7571907043457031]","[5.845699310302734,0.16194063425064087,3.205204963684082]","[1.1717909574508667,-0.06433336436748505,0.2508105933666229]",0.8491552320944026,0.9211772457654912,0.15122842026965186,0.865119710925418,0.424520485189489,5.919892449868458,4.0,4.0,NOT_RECORDED,NOT_RECORDED,12.0,20.0,12.0,12.0,0.19793703451359035,2.95489491233168,0.04714327296957209,24.487392370943827,0.1506135372542825,0.0943174210406443,0.15122842026965186,0.865119710925418,1.152
31496000000,NOT_RECORDED,NOT_RECORDED,UNKNOWN,UNKNOWN,INITIAL_HOLD,NOT_RECORDED,"[4.973659008762141,-0.037338201116282874,2.996243435236945]","[0.15258739845274039,0.002186508873694811,-0.0191066272992767]","[-2.548035756942557,-0.03651220775463959,0.2819466836017388]","[24.30156126625708,0.34823045606721903,-1.8172236700797306]","[5.8240925630060865,-0.07372906140979156,3.163884970809024]","[1.0954887290350264,-0.06439395743000262,-0.5210596790119364]","[4.973659008762141,-0.037338201116282874,2.996243435236945]","[0.0,0.0,-0.0]","[0.0,0.0,-0.0]","[5.9074928760528564,0.10932681895792484,3.2031725645065308]","[0.3524298071861267,-0.09493599273264408,0.05229540541768074]","[-0.863701581954956,-0.0801677459385246,-1.2707733064889908]","[5.845699310302734,0.16194063425064087,3.205204963684082]","[1.1717909574508667,-0.06433336436748505,0.2508105933666229]",0.8675627985027115,0.9186028859671466,0.1592463204256557,0.804873638492357,0.4301624021107338,2.7843119205034337,16.0,16.0,NOT_RECORDED,NOT_RECORDED,12.0,16.0,12.0,12.0,0.15379453239430707,2.5638473613627952,0.03682471591409221,24.371898701071228,0.14919685972509175,0.11506202997947196,0.1592463204256557,0.804873638492357,1.168
31512000000,NOT_RECORDED,NOT_RECORDED,UNKNOWN,UNKNOWN,INITIAL_HOLD,NOT_RECORDED,"[4.977064460292047,-0.0372894025256746,2.9958066878143232]","[0.09010838043026137,0.001291212612593698,-0.0119206747575622]","[-1.878818947996166,-0.026922631511617223,0.22626034238020942]","[23.234654800659257,0.3329421656966707,-2.152734015551033]","[5.8418191806558815,-0.07530456980848715,3.1671688977122865]","[0.8864824619769294,-0.06599713451069382,-0.48212724194033774]","[4.977064460292047,-0.0372894025256746,2.9958066878143232]","[0.0,0.0,-0.0]","[0.0,0.0,-0.0]","[5.869657198588054,0.1606035828590393,3.210132916768392]","[1.067589779694875,-0.06553898627559344,0.22123020390669504]","[1.5267292261123657,0.01890178226555387,-0.48092005650202435]","[5.86680269241333,0.16077861189842224,3.2095422744750977]","[1.070612907409668,-0.06580410152673721,0.22164852917194366]",0.8823893054180723,0.9362414010507314,0.15730167015786356,0.7336744267248471,1.0977382274098069,2.4657716104213976,16.0,16.0,NOT_RECORDED,NOT_RECORDED,16.0,12.0,20.0,20.0,0.09090263989814164,1.8925853243568544,0.022101039473186795,23.336544258591665,0.14825694172869167,0.15945950556381447,0.15730167015786356,0.7336744267248471,1.184
31528000000,NOT_RECORDED,NOT_RECORDED,UNKNOWN,UNKNOWN,INITIAL_HOLD,NOT_RECORDED,"[4.978344923168878,-0.03727105406786604,2.9956342148500332]","[0.060896960948008075,0.0008726260939241976,-0.008299516046838784]","[-1.475809116376555,-0.021147681666755413,0.18623136287595266]","[21.824300406283108,0.3127324207922587,-2.253487854020217]","[5.855645349800028,-0.07844847328168936,3.1666657587374427]","[0.5906386721486779,-0.06967600726727265,-0.4500176289311007]","[4.978344923168878,-0.03727105406786604,2.9956342148500332]","[0.0,0.0,-0.0]","[0.0,0.0,-0.0]","[5.881075223286946,0.15990346670150757,3.212495485941569]","[1.0554972688357036,-0.06447852527101834,0.2195569028457006]","[1.675493836402893,0.05853288512056073,-0.3605598409970601]","[5.895680904388428,0.15899665653705597,3.2150840759277344]","[0.9309653043746948,-0.06772153824567795,0.15728770196437836]",0.894764442423155,0.9634233535643371,0.1511425482352699,0.6378450564168998,1.0828581777407265,2.294163951569259,16.0,16.0,NOT_RECORDED,NOT_RECORDED,20.0,12.0,20.0,20.0,0.06146611501969807,1.4876632323676826,0.014767007564777652,21.9425635990629,0.14953208758123665,0.24195449300158872,0.1511425482352699,0.6378450564168998,1.2
31544000000,NOT_RECORDED,NOT_RECORDED,UNKNOWN,UNKNOWN,INITIAL_HOLD,NOT_RECORDED,"[4.978781991143595,-0.037264791080130366,2.995574096677673]","[0.049803911013664146,0.0007136676716446772,-0.006881758312131092]","[-1.3038327707429338,-0.01868333788996578,0.16804026683687034]","[21.05847567582321,0.30175849643267905,-2.273464060897955]","[5.8652230184410445,-0.07955682051716835,3.1653962155238666]","[0.30818447846022085,-0.07071045561423203,-0.4077556784306167]","[4.978781991143595,-0.037264791080130366,2.995574096677673]","[0.0,0.0,-0.0]","[0.0,0.0,-0.0]","[5.903170824050903,0.1585640013217926,3.217045783996582]","[1.0596124827861786,-0.06367748230695724,0.21889212727546692]","[1.827670931816101,0.07160375639796257,-0.2785090282559395]","[5.913198471069336,0.1577945053577423,3.2180042266845703]","[0.8414766788482666,-0.06891345977783203,0.11519333720207214]",0.9035518040928651,0.9801313431466903,0.14842431354371638,0.6125947017115064,1.0858605452952619,2.305006090383428,16.0,16.0,NOT_RECORDED,NOT_RECORDED,16.0,16.0,12.0,12.0,0.050282178465825375,1.3147495930619308,0.012005475837228444,21.182990695735146,0.1488560270361357,0.2667954379152317,0.14842431354371638,0.6125947017115064,1.216
31560000000,NOT_RECORDED,NOT_RECORDED,UNKNOWN,UNKNOWN,INITIAL_HOLD,NOT_RECORDED,"[4.9792415486806725,-0.037258205827068964,2.9955102856924327]","[0.03741980431862446,0.0005362089859598587,-0.005273717598496097]","[-1.096815826587914,-0.015716878077490976,0.14532706262563533]","[19.9775128247461,0.28626878437269787,-2.274033756497488]","[5.871473038623883,-0.08070088244127843,3.162359267233529]","[0.10668579915703316,-0.07266693161235639,-0.36234425748580196]","[4.9792415486806725,-0.037258205827068964,2.9955102856924327]","[0.0,0.0,-0.0]","[0.0,0.0,-0.0]","[5.91811203956604,0.1576666235923767,3.2201017141342163]","[1.0556325912475586,-0.06246265396475792,0.21734251827001572]","[1.9755989909172058,0.07822608575224876,-0.19448164105415344]","[5.936684608459473,0.15594977140426636,3.221339225769043]","[0.7136985063552856,-0.07074230164289474,0.06410621851682663]",0.9087369698867702,1.002509473950516,0.14446068079614316,0.6229967179713721,1.0808228613202542,2.312677789586482,16.0,16.0,NOT_RECORDED,NOT_RECORDED,12.0,20.0,12.0,12.0,0.037793403824337615,1.1065134128611487,0.009160916635544468,20.108560316578888,0.14787980758189234,0.19097454064455158,0.14446068079614316,0.6229967179713721,1.232
31576000000,NOT_RECORDED,NOT_RECORDED,UNKNOWN,UNKNOWN,INITIAL_HOLD,NOT_RECORDED,"[4.979713168877972,-0.03725144772150543,2.995442964852329]","[0.02234134519899733,0.00032014144040220377,-0.003237061420690912]","[-0.7937038316737457,-0.011373419355974163,0.10947531502740304]","[17.835032936972226,0.2555680100372517,-2.1911809970262226]","[5.875090375400488,-0.08188114109322574,3.1582450400948567]","[-0.042012623130362116,-0.07573091272317142,-0.31616777424242065]","[4.979713168877972,-0.03725144772150543,2.995442964852329]","[0.0,0.0,-0.0]","[0.0,0.0,-0.0]","[5.93300724029541,0.15678175166249275,3.223111569881439]","[1.0519522726535797,-0.06120684929192066,0.21510393172502518]","[2.117491066455841,0.08550812676548958,-0.1290866956114769]","[5.936684608459473,0.15594977140426636,3.221339225769043]","[0.7136985063552856,-0.07074230164289474,0.06410621851682663]",0.911151286666375,1.0020729354405924,0.14505365796594905,0.7551128577686335,1.0760102280811348,2.303358911038784,16.0,16.0,NOT_RECORDED,NOT_RECORDED,12.0,16.0,12.0,12.0,0.02257690772634617,0.8012989277927318,0.00546819447489107,17.970948473365766,0.14650099183184997,0.13197716929949657,0.14505365796594905,0.7551128577686335,1.248
31592000000,NOT_RECORDED,NOT_RECORDED,UNKNOWN,UNKNOWN,INITIAL_HOLD,NOT_RECORDED,"[4.979980790399866,-0.03724761282531908,2.9954037151467983]","[0.01181862571585457,0.0001693555972814842,-0.0017591248628492373]","[-0.5286019714497989,-0.007574628789450866,0.07576500512317796]","[15.222453265757693,0.2181309169858603,-2.0041071933021826]","[5.8765656714798515,-0.0831012714353622,3.1535556372494575]","[-0.15236960183449688,-0.07874431377852016,-0.2718311562456155]","[4.979980790399866,-0.03724761282531908,2.9954037151467983]","[0.0,0.0,-0.0]","[0.0,0.0,-0.0]","[5.946934620539348,0.14507506415247917,3.22261905670166]","[0.8713040947914124,-0.06560946255922318,0.17334140340487164]","[1.7417429884274802,0.06745069722334544,-0.2172125180562337]","[5.950659275054932,0.15470363199710846,3.2229909896850586]","[0.6334131956100464,-0.0720146894454956,0.03864622116088867]",0.9115805161662376,1.0153117592606165,0.14416676960876715,0.7843180077743135,0.8912414493247225,1.8534827511074512,16.0,16.0,NOT_RECORDED,NOT_RECORDED,16.0,12.0,20.0,20.0,0.011950025749465307,0.5340578201124174,0.002882183595616641,15.3553609585502,0.14532093124703038,0.09172055254213785,0.14416676960876715,0.7843180077743135,1.264
31608000000,NOT_RECORDED,NOT_RECORDED,UNKNOWN,UNKNOWN,INITIAL_HOLD,NOT_RECORDED,"[4.980127729753283,-0.03724550725039348,2.9953815392926337]","[0.004144700262250112,5.9391692853558165e-05,-0.0006357298791668242]","[-0.26405993438146425,-0.0037838602372601837,0.03953338710729781]","[11.245047894913284,0.1611364847731247,-1.5986129497949833]","[5.876185247228017,-0.08436814135318565,3.1486051387521226]","[-0.22514750645095793,-0.07920548698056305,-0.2321598504399075]","[4.980127729753283,-0.03724550725039348,2.9953815392926337]","[0.0,0.0,-0.0]","[0.0,0.0,-0.0]","[5.926231940587361,0.10275598987936974,3.2053632736206055]","[0.11656314134597778,-0.08585534244775772,0.015544821818669619]","[-0.148761292298635,-0.025347943107287094,-0.5539695421854656]","[5.969137668609619,0.15278743207454681,3.2249536514282227]","[0.5243030190467834,-0.0737764984369278,0.009452508762478828]",0.9102840703313942,1.0329358798374106,0.14526487027573728,0.7568775018679936,0.14797098497172215,0.5853600842531048,16.0,16.0,NOT_RECORDED,NOT_RECORDED,20.0,12.0,20.0,20.0,0.004193592745646818,0.2670296898099793,0.0009579286497586422,11.359253077947994,0.14445920886096184,0.05916723991012463,0.14526487027573728,0.7568775018679936,1.28
31624000000,NOT_RECORDED,NOT_RECORDED,UNKNOWN,UNKNOWN,INITIAL_HOLD,NOT_RECORDED,"[4.980176017416936,-0.037244815309865384,2.9953740333709304]","[0.000264566855824692,3.7911241939759937e-06,-4.247354260364686e-05]","[-0.041654083930288896,-0.0005968843106489214,0.006620343999799161]","[4.463663135511114,0.0639622875410801,-0.6960601703948694]","[5.8657396818779715,-0.08742715998027324,3.1404031218447708]","[-0.2698437847182106,-0.08294573787175215,-0.19583149276385656]","[4.980176017416936,-0.037244815309865384,2.9953740333709304]","[0.0,0.0,-0.0]","[0.0,0.0,-0.0]","[5.9758570194244385,0.13795784674584866,3.22651207447052]","[0.7792576253414154,-0.06566054560244083,0.1464405134320259]","[1.6620387732982635,0.06865021772682667,-0.1944456547498703]","[5.9799652099609375,0.15148545801639557,3.2259645462036133]","[0.45963403582572937,-0.07476265728473663,-0.005569740664213896]",0.8987628764217126,1.0432495052507966,0.1481776229703994,0.7492933542442288,0.7956224259523739,1.6768430803969243,16.0,16.0,NOT_RECORDED,NOT_RECORDED,16.0,16.0,12.0,12.0,0.0002679813345084342,0.04218113243652341,6.595506476709357e-05,4.518061478373057,0.15108976569487031,0.03909489567870259,0.1481776229703994,0.7492933542442288,1.296
