# .PCD v0.7
VERSION 0.7
FIELDS x y z
SIZE 4 4 4
TYPE F F F
COUNT 1 1 1
WIDTH 3841
HEIGHT 1
VIEWPOINT 0 0 0 1 0 0 0
POINTS 3841
DATA ascii
-34.89941 -13.90229 4.466043
-34.84276 -13.97576 7.844775
-34.79079 -14.11257 6.04429
-34.67645 -14.01644 4.910223
-34.59949 -14.24457 5.695272
-34.39775 -14.15861 4.515578
-34.31298 -15.06483 1.610866
-34.28552 -14.56269 4.437131
-34.27038 -15.46719 4.481107
-34.23572 -14.56997 6.709565
-34.12945 -14.63971 7.769235
-34.06187 -14.94339 4.525077
-33.86446 -14.66131 4.84528
-33.57609 -14.66659 6.955346
-33.47579 -14.52166 5.882677
-33.36707 -14.68199 7.990331
-33.352 -14.61623 5.55602
-30.90153 -1.277474 10.51952
-30.87665 -0.7870425 9.983087
-30.70422 0.3801021 2.59948
-30.69481 -1.081473 7.687368
-30.46217 -1.73265 6.321073
-30.32702 -0.5763111 13.8717
-30.31107 24.74786 7.178439
-30.2975 24.81329 6.649384
-30.19655 -3.018065 9.854998
-30.08618 25.12998 5.277565
-30.08503 -2.700906 3.945364
-30.08227 -1.738871 7.587049
-30.08112 25.12546 6.219694
-30.02294 24.02277 6.861295
-30.01501 -7.327469 10.9669
-29.87395 -1.906359 6.812924
-29.748 -1.961292 5.433193
-29.58582 -1.551548 4.648692
-29.36043 -2.354706 7.456068
-29.25173 -3.260262 9.399912
-29.23027 -2.800266 6.004962
-28.97691 -0.3300973 2.476379
-28.63573 -3.530689 7.767287
-28.51188 -27.12554 4.509396
-28.16938 -13.65771 5.662418
-28.16023 -2.022192 9.897975
-27.90246 -14.35252 1.758833
-27.76797 -14.16863 2.738884
-27.59556 -14.51227 1.780177
-27.49256 -13.58883 6.754286
-27.42122 -13.88918 3.683948
-27.39755 -14.12278 5.575919
-27.33295 -14.11426 6.467598
-27.32954 -15.07839 5.959601
-27.30332 -15.11718 3.83147
-27.25595 -14.97769 4.782239
-27.22402 -14.89713 5.616597
-27.19914 -15.0086 5.028284
-27.15917 -13.336 7.210542
-27.15877 -14.52813 3.690447
-27.0287 -14.05311 7.26705
-26.98714 -14.13441 3.737287
-26.89475 -14.03451 5.789573
-26.88707 -14.06904 3.997662
-26.83894 -13.9842 4.898398
-26.83091 -13.97348 4.650734
-26.50678 -13.85186 6.597957
-26.36545 -14.41718 6.320948
-26.36084 24.69139 6.346471
-26.3562 24.87791 6.007421
-26.28243 16.38159 4.528816
-26.20082 16.04979 4.850607
-24.91554 -14.05141 3.429279
-24.83313 -14.15039 2.517304
-24.59025 -14.2839 6.285608
-24.55239 -14.23469 6.78418
-24.40466 -17.39257 5.721186
-24.39156 -17.40169 6.31243
-24.34208 -17.21227 6.580652
-24.32989 -17.28817 7.141455
-24.27132 -17.17143 7.984654
-24.26165 -17.24159 8.077122
-24.24752 0.8320789 1.91896
-24.21426 -17.20751 8.920446
-24.14443 -18.04688 9.050231
-23.7663 16.87203 4.39718
-23.37253 -14.57688 0.6508282
-23.24895 -13.57727 0.6127356
-23.24249 -13.57797 1.17676
-23.20212 -13.6199 0.9925902
-23.04754 -13.75882 1.613192
-22.84162 -13.8629 2.032834
-22.74854 -14.03933 0.6085808
-22.71352 -13.97598 1.162698
-22.70691 -14.02211 0.9677088
-22.6771 -13.94667 1.497646
-22.64405 -14.05985 2.463351
-22.54609 -13.34699 0.6314868
-22.49368 -14.17686 1.596877
-22.39112 -13.89964 3.476984
-22.29879 14.33597 5.22809
-22.2502 -14.48242 0.6033074
-20.78489 6.438167 2.114969
-20.30208 -24.86925 0.2339178
-20.15279 11.53699 2.816143
-20.05619 11.64517 4.698673
-19.82471 -25.72936 0.6717753
-19.79184 6.631899 2.003705
-19.76237 -25.66538 0.5825173
-19.68244 14.47838 3.205165
-19.6177 14.62321 2.886412
-19.4465 11.55945 4.32767
-19.44631 13.23721 6.244864
-19.44218 12.17579 4.343419
-19.3941 11.85315 4.55106
-19.38795 14.98213 3.18156
-19.38554 13.73381 4.576025
-19.36094 14.07788 4.392486
-19.28793 -24.78595 0.2193138
-19.26845 -25.59761 0.4226574
-19.12281 14.58966 4.367042
-19.11959 13.68779 6.208856
-18.99417 13.27297 5.843431
-18.80872 13.06572 6.282159
-18.78307 -25.58182 0.524018
-18.74899 6.764582 1.888271
-18.69838 -25.51753 0.6534779
-18.33724 -4.00229 1.062135
-18.16231 -25.33001 0.3858905
-17.80168 -25.42623 0.4662184
-17.76336 -25.49667 0.6390027
-17.44701 -24.72846 0.1907452
-17.31479 -25.35242 0.351571
-17.06247 -13.40528 0.7116945
-17.05397 17.40372 6.32347
-17.01048 -13.38272 0.9304262
-16.99775 17.22253 6.234035
-16.98682 -12.59611 5.70324
-16.97353 -25.44971 0.4110362
-16.96549 -25.63578 0.6284589
-16.92491 -12.66626 5.759994
-16.84042 -12.59287 4.038859
-16.82342 -13.674 4.797572
-16.7801 -13.03067 5.727262
-16.74491 -14.52681 4.683103
-16.72426 -14.15606 2.891393
-16.67053 6.45514 1.674232
-16.62733 -13.05427 6.370244
-16.62052 -12.45907 4.400035
-16.60638 -13.66351 0.6849482
-16.59051 -25.53082 0.3192314
-16.58966 -13.67777 0.9165403
-16.58937 -13.51556 1.298643
-16.58635 -13.89876 0.05515307
-16.57224 -12.95748 5.054474
-16.54687 -13.42336 3.278689
-16.53105 -24.63021 0.176116
-16.5197 -12.24093 4.56374
-16.51721 -12.31301 4.953305
-16.45955 -13.10631 3.83114
-16.45034 8.157294 1.909148
-16.44355 -12.90022 4.01229
-16.42625 -12.9124 6.89157
-16.39822 -12.41551 3.749862
-16.39544 -13.54951 4.497705
-16.39373 -13.10235 0.06804802
-16.38044 -13.63151 3.461623
-16.3694 -14.09577 0.6649182
-16.36305 10.80713 5.995234
-16.32121 -13.8542 3.285412
-16.29441 1.361037 1.389542
-16.26998 -12.81019 4.384511
-16.25891 -13.37592 4.037696
-16.25083 -1.21265 1.181219
-16.23968 -12.79489 5.634308
-16.21569 8.266466 2.249414
-16.19794 -14.41983 5.833193
-16.17659 -12.56021 4.542799
-16.17258 -14.19382 0.04071175
-16.16846 -26.26616 1.78216
-16.16164 -25.7289 0.6169251
-16.16034 -25.47317 0.3568042
-16.14296 -13.51916 3.833806
-16.12888 12.94933 5.557654
-16.11692 -14.34152 4.759772
-16.07621 -14.1472 3.895914
-16.07217 -13.17823 4.994268
-16.05154 11.29688 5.53428
-16.05091 -14.25412 3.284791
-16.0315 -14.00063 3.453988
-16.00719 -13.79584 4.046018
-15.99905 -13.18886 6.247308
-15.9892 -14.43298 4.11536
-15.98114 -26.33753 1.030125
-15.96691 -13.58506 4.63694
-15.96417 -14.52541 4.559383
-15.95039 10.9192 6.355055
-15.90102 11.68656 4.973276
-15.87797 -13.64566 5.026634
-15.84157 11.55453 5.353
-15.79084 -13.1705 7.423629
-15.77806 11.86355 5.199533
-15.73933 -24.68802 0.162892
-15.73755 -12.97155 6.725664
-15.73432 -13.13263 6.798097
-15.72912 -13.58399 6.848413
-15.71764 -13.54315 7.445427
-15.70191 -12.76746 5.457143
-15.67819 -12.992 5.54857
-15.67546 12.05354 5.988435
-15.67306 -13.55996 6.241178
-15.67168 -25.37221 0.2849518
-15.62017 12.06639 4.95719
-15.60396 -13.59292 5.634854
-15.53812 12.0257 5.437479
-15.44903 12.53873 4.979033
-15.42757 -13.12438 5.45657
-15.38588 -13.84841 4.966643
-15.29502 -25.3556 0.3019783
-15.26324 11.16775 5.749213
-15.21479 11.23267 5.286736
-15.03694 11.50671 5.135374
-14.96344 -25.51262 0.2521452
-14.95826 12.68256 5.900618
-14.88954 -24.60282 0.1476641
-14.79966 11.68122 4.943402
-14.79355 12.99717 3.472891
-14.76802 13.13613 5.92626
-14.74386 12.9197 3.135281
-14.68989 12.31931 3.42223
-14.62122 12.13765 6.084524
-14.56032 12.43974 3.505248
-14.55399 22.55259 4.028709
-14.5517 11.51999 5.984943
-14.49428 22.73123 3.941841
-14.49087 12.43975 3.25732
-14.4858 -25.29206 0.2475843
-14.47875 12.38704 2.716639
-14.46087 11.67704 5.614849
-14.3897 -0.7468961 1.041502
-14.38002 -24.63435 -0.3330383
-14.32098 3.97201 1.39789
-14.27653 11.82581 4.833602
-14.21055 12.78758 3.234874
-14.19488 11.51518 5.015811
-14.14417 12.58225 5.089725
-14.13177 12.03925 4.636063
-14.13096 -24.62267 0.132919
-14.12346 12.62428 4.711024
-14.06189 12.93929 3.33421
-14.05571 12.57036 3.402959
-14.00661 11.89993 4.993605
-13.95075 11.6372 5.916844
-13.94126 -25.085 0.216687
-13.92868 12.6812 4.856055
-13.92182 12.09219 4.783175
-13.86392 -26.05218 0.5892388
-13.77889 -26.21906 1.588665
-13.77767 -26.17613 1.43113
-13.76572 6.068764 1.376941
-13.72953 11.8169 5.643332
-13.6307 -25.67723 15.12673
-13.59105 -24.57635 -0.3589993
-13.58068 -26.25376 0.8501683
-13.57246 1.781722 1.156861
-13.51274 -24.87061 0.1187678
-13.46822 0.7738034 1.095278
-13.43048 12.2377 5.741773
-13.38081 11.68762 5.739559
-13.34821 12.20654 5.791175
-13.20044 1.065434 1.064156
-13.10411 5.422152 1.323436
-13.08444 -24.87136 0.1836793
-13.08061 12.75269 4.813446
-13.07552 12.17993 4.759509
-13.01815 12.59354 4.727326
-12.96681 12.16234 4.409988
-12.96124 12.09084 5.305513
-12.87035 -24.59043 -0.3864698
-12.80094 -24.91686 0.1415654
-12.56778 1.954875 1.07125
-12.54778 3.783772 1.221869
-12.51671 1.300698 1.003943
-12.50252 -0.3691278 0.9025651
-12.4383 -0.08632831 0.8858703
-12.42423 -25.00276 0.1518473
-12.42391 -24.5313 -0.5017631
-12.1782 7.097929 1.389733
-12.15799 -25.04239 0.08977713
-12.12449 -24.51447 -0.4129938
-12.09947 2.174443 1.027938
-11.87775 11.74138 2.78721
-11.87739 11.63453 2.920208
-11.7821 -25.14117 0.1192698
-11.77817 -1.467613 0.7361209
-11.74197 -2.274453 0.7083068
-11.67938 -1.731211 0.7241867
-11.67482 -24.44736 -0.510085
-11.54421 -25.23496 0.03692196
-11.49567 3.751384 1.112351
-11.46164 -25.16233 0.07352562
-11.4037 -24.46952 -0.4394266
-11.3646 -3.866023 0.5305429
-11.22038 15.451 4.583873
-11.21261 -13.65638 4.710746
-11.20597 -13.17834 0.4060717
-11.15948 7.006742 3.705715
-11.15803 15.56005 4.663603
-11.11981 3.905795 1.065038
-11.06778 7.156801 3.556525
-11.05166 -25.06456 0.08618991
-11.02963 -13.15778 0.6734921
-10.98101 -24.44046 -0.5198439
-10.92692 -13.3009 1.156345
-10.8186 -13.36339 0.4015595
-10.80013 -13.37927 -0.1977448
-10.77984 -25.04638 -0.01465669
-10.77487 7.062249 1.915335
-10.72113 -24.45563 -0.4679389
-10.71648 7.129263 1.76337
-10.70947 -12.78871 5.474975
-10.68898 -13.37005 2.064311
-10.6849 -13.36284 0.6599639
-10.68126 -13.28755 4.064732
-10.65851 -13.34715 2.247042
-10.64216 7.536025 1.589883
-10.63864 -12.96164 3.653749
-10.62279 -13.93049 2.101301
-10.62266 7.137454 2.296474
-10.60915 -13.33544 0.9298551
-10.59775 -13.38067 1.038513
-10.59292 7.125678 1.56604
-10.58942 -13.04956 4.573722
-10.58283 -24.42915 -0.6265286
-10.58164 7.404158 1.753068
-10.57778 -13.49012 1.13326
-10.57709 -12.8789 2.497174
-10.56664 -12.86933 2.686818
-10.54464 7.206637 2.120033
-10.5341 -13.87466 2.287036
-10.51596 7.108355 1.998247
-10.49992 -13.13924 5.512162
-10.49284 -13.375 4.524205
-10.4814 -13.07597 3.172088
-10.47816 -12.67768 4.942485
-10.4593 -13.68751 5.71981
-10.44814 -13.69991 0.651427
-10.41338 -12.93325 3.024792
-10.38501 -13.63004 5.606402
-10.38333 -25.09294 0.0544866
-10.36153 -13.55639 3.218771
-10.34508 6.981425 2.471809
-10.32089 -13.11484 5.009236
-10.31709 -13.1579 2.49123
-10.29871 -13.43792 4.030881
-10.28919 -24.42155 -0.5296318
-10.28055 -13.86596 0.151442
-10.27087 6.303082 3.27582
-10.26716 -13.0505 3.498452
-10.2548 6.109533 3.387563
-10.25077 -13.10146 2.677512
-10.244 -13.06427 3.605593
-10.21496 -12.88302 -0.3547572
-10.21276 -13.79672 6.088542
-10.20405 -13.5243 -0.3670598
-10.17431 -13.19309 4.532799
-10.17384 -13.28386 3.044362
-10.15713 3.825562 0.96793
-10.13127 6.718079 3.120061
-10.12889 -25.0889 -0.06730185
-10.10678 -14.07749 -0.3772569
-10.10044 13.66744 2.657119
-10.08458 14.9963 4.301124
-10.05548 -13.42093 4.453107
-10.05259 -24.43775 -0.4966274
-10.04666 -25.08507 0.0436052
-10.02433 -13.37881 5.011614
-10.02168 -13.44829 2.691344
-10.00857 9.550642 4.358803
-10.00092 -13.85423 2.241356
-9.99236 -13.33629 3.504708
-9.966235 9.540239 4.394368
-9.953658 -2.812803 0.4919659
-9.927843 3.062291 3.70971
-9.920343 -13.66706 5.607111
-9.91979 -13.25133 2.452509
-9.915237 -13.65028 5.510227
-9.907531 9.691317 4.149673
-9.905969 6.636143 3.429302
-9.899841 -13.86148 3.669029
-9.895689 13.87664 2.660765
-9.87665 3.731095 2.987531
-9.875267 -13.85024 3.569782
-9.858641 -14.20915 3.240008
-9.853812 14.58658 4.248528
-9.846118 -13.51332 3.14588
-9.836782 -13.75549 4.475743
-9.816859 3.99209 3.289916
-9.805655 4.034692 3.353414
-9.798504 13.91092 2.612953
-9.797953 -13.71886 2.481449
-9.796064 -24.4411 -0.3428625
-9.777596 -13.37917 3.936731
-9.764778 -13.76818 2.701025
-9.75526 3.92797 0.9206246
-9.743539 4.111675 3.842276
-9.727773 6.76079 3.642814
-9.710324 13.74804 4.059875
-9.704188 -13.93878 4.02436
-9.679939 9.699289 4.32551
-9.675671 4.189776 2.959526
-9.672832 7.001931 4.017219
-9.665394 -13.56115 4.985847
-9.616096 3.972454 3.641038
-9.606643 4.113004 3.48883
-9.599822 13.90509 2.617477
-9.594886 9.838712 4.101379
-9.584291 -14.07968 3.654551
-9.580052 -13.84556 5.489168
-9.574981 4.150146 3.216119
-9.568381 -13.75588 4.550215
-9.560846 0.1459992 0.6894643
-9.558436 3.781419 3.761749
-9.556285 0.3618869 0.6806507
-9.555259 -14.01836 4.477191
-9.539734 4.471154 0.9714351
-9.538293 3.86301 2.902844
-9.516111 -14.35999 4.070392
-9.503312 3.512938 3.732558
-9.490807 3.666502 3.580947
-9.488524 4.437028 1.147123
-9.476361 3.23445 3.01634
-9.470044 13.7102 3.994767
-9.453944 -13.9525 5.037478
-9.429642 13.66586 4.874399
-9.429286 4.446887 2.736819
-9.426606 3.465363 3.008095
-9.395529 4.50545 1.33282
-9.390822 4.323484 3.163882
-9.385776 4.2822 3.430973
-9.362716 6.033956 1.064043
-9.299991 -16.45636 -0.6231868
-9.29917 13.62932 4.00385
-9.274312 4.699679 1.500836
-9.249075 4.638559 1.644323
-9.235279 -38.35756 4.837047
-9.205039 4.133723 3.643396
-9.172047 -17.14989 -0.6540915
-9.088242 14.0046 4.022397
-9.084146 4.657688 1.912521
-9.067175 -1.53616 0.5631892
-9.055569 4.701015 1.746653
-9.0473 4.558701 2.03606
-9.033157 4.488533 0.9169603
-8.975276 4.679503 2.143768
-8.962191 4.809171 1.460227
-8.958904 4.839982 1.293251
-8.952425 -1.300272 0.5526906
-8.91829 4.931808 1.049772
-8.887636 12.97424 4.578685
-8.880569 -0.6677328 0.5682971
-8.877007 4.885723 2.795652
-8.874932 4.896449 1.709005
-8.853701 4.874139 2.115849
-8.852174 4.721221 1.998987
-8.839466 4.913198 0.8867341
-8.770557 -13.25443 -0.4854235
-8.74834 4.642502 1.561868
-8.748212 4.573165 1.689043
-8.691254 -38.26955 3.210147
-8.668979 5.039943 1.668783
-8.61889 5.097307 1.543538
-8.61786 -17.06259 -0.6536037
-8.614305 4.584527 2.553169
-8.595198 4.520011 0.8706186
-8.583437 4.495515 1.024601
-8.541973 4.244351 3.290861
-8.535123 5.15955 1.256712
-8.53173 4.437052 2.67004
-8.488517 5.202982 0.9830118
-8.459942 4.745254 3.031976
-8.448304 4.761248 2.53012
-8.416863 4.459505 2.986794
-8.405599 -38.26434 3.099282
-8.399618 4.339481 2.855216
-8.388371 4.043434 3.918699
-8.386696 -38.16213 4.839647
-8.382057 3.887547 4.080685
-8.379741 4.312588 3.115105
-8.378093 -0.8584624 0.5338968
-8.375041 4.730336 2.765318
-8.362622 4.224844 2.731069
-8.321347 4.198024 3.325719
-8.316442 -38.25381 0.6041112
-8.282015 4.854546 0.8292664
-8.278646 4.151243 4.360177
-8.26167 -37.88802 3.911794
-8.231895 -37.93225 4.697308
-8.227157 4.733073 2.820885
-8.216916 4.010561 2.786619
-8.215851 4.357162 4.352421
-8.209851 3.911126 3.2692
-8.195134 4.612822 3.305947
-8.181583 4.088776 4.172343
-8.167812 4.702313 3.088297
-8.159207 4.180554 3.850005
-8.157846 4.071712 2.871448
-8.147973 4.322923 4.41403
-8.100114 4.398738 3.86237
-8.099955 4.285655 4.161487
-8.085427 3.920617 2.987565
-8.074556 -0.976854 0.5028516
-8.026724 4.761513 2.911023
-8.023256 4.279508 3.2223
-8.011727 4.603768 3.862996
-7.978929 4.731847 3.238179
-7.970651 4.456247 4.128859
-7.956144 4.968048 3.24792
-7.94499 -0.2110942 0.5125212
-7.932064 -24.38841 -0.6039976
-7.901259 -24.43406 -0.5002269
-7.876249 4.785173 3.008319
-7.869785 4.419429 4.312629
-7.81274 -17.11736 -0.8013009
-7.765449 -25.09255 -0.07826681
-7.75956 5.042894 0.7710013
-7.707285 -0.3821844 0.4723572
-7.530763 -25.00392 -0.2746592
-7.48196 -38.0509 5.690803
-7.450479 -25.18976 -0.01922751
-7.381649 4.802557 2.954606
-7.337276 -17.14323 -0.7935414
-7.267289 -24.37671 -0.5528885
-7.266247 0.4376184 0.5290815
-7.262937 -1.761366 0.362252
-7.238669 1.260683 0.6019484
-7.238204 1.607547 0.589345
-7.223967 1.429604 0.5947728
-7.166431 -25.18997 -0.1116091
-7.100261 2.347406 0.6187074
-7.078131 -1.824174 0.3695582
-7.071334 -24.36217 -0.5896095
-7.031837 3.013867 0.6798282
-6.975452 -12.79027 -0.597447
-6.952237 -25.16955 -0.3307256
-6.947959 2.857228 0.5987409
-6.873903 2.095242 0.6034374
-6.864503 -24.3345 -0.644515
-6.839402 -25.25874 -0.03684024
-6.811298 2.615141 0.5910029
-6.783646 -24.27364 -0.8550143
-6.764031 -1.80139 0.3452713
-6.720364 9.354821 4.66937
-6.673023 -24.36662 -0.5960609
-6.672028 12.56112 2.10584
-6.661387 -24.35537 -0.6052715
-6.658781 0.5502262 0.4846905
-6.601777 12.59272 3.345417
-6.570908 12.71404 3.216562
-6.567477 -25.27539 -0.1461068
-6.506975 9.5144 4.635472
-6.483689 9.307468 3.315339
-6.461987 -24.35832 -0.6039023
-6.442521 9.426843 4.517217
-6.407075 13.06954 3.328601
-6.404662 -0.510745 0.4261147
-6.401358 4.591411 0.6400535
-6.398699 12.92104 3.367092
-6.397529 1.575762 0.526527
-6.389369 13.09325 3.229938
-6.378621 -0.4669456 0.4098311
-6.358536 -25.24214 -0.385261
-6.357162 -0.2218868 0.4132452
-6.354308 -3.009357 0.2432206
-6.262274 -24.32669 -0.6758465
-6.252777 9.586701 3.320194
-6.240077 4.429765 0.7196371
-6.218229 1.682544 0.5085503
-6.188053 -25.15566 -0.05279411
-6.177885 -1.292365 0.3248187
-6.177391 -24.24302 -0.8864964
-6.169382 9.452547 3.309069
-6.166014 9.479993 6.581184
-6.161867 9.380424 3.301749
-6.12987 -2.46859 0.2206495
-6.118743 -1.426329 0.3262522
-6.085401 4.154144 0.6171001
-6.067588 -24.35703 -0.6585764
-6.066999 4.74783 0.9666476
-6.057544 -24.34424 -0.5923907
-6.051078 9.691139 3.339768
-6.043607 4.896114 1.063408
-6.042842 8.628623 4.787546
-6.012103 5.10819 1.06761
-6.004074 -1.112413 0.3148686
-6.001796 9.618348 2.725443
-5.98604 9.352293 2.646745
-5.968064 9.675685 2.750575
-5.963029 8.748347 4.253677
-5.95985 4.436312 0.6827079
-5.944001 -2.985449 0.2344847
-5.932735 9.322271 1.686743
-5.928293 -25.1988 -0.180316
-5.91879 -20.47988 -0.8524536
-5.914953 -13.25953 3.72878
-5.903724 -2.469446 0.2311238
-5.896863 5.154805 1.113682
-5.893715 5.273437 1.161027
-5.887971 0.130147 0.3974841
-5.867801 -24.4065 -0.6195409
-5.864346 -12.9713 3.307994
-5.860219 11.742 3.678093
-5.857316 11.57923 3.693585
-5.832886 9.49949 1.695562
-5.810005 8.279552 4.717328
-5.800437 9.608605 1.700746
-5.786485 -2.496637 0.2159094
-5.785988 8.682812 4.729278
-5.768468 8.580972 4.800978
-5.758802 -25.27872 -0.4397632
-5.741492 -2.248476 0.226779
-5.72348 -2.634649 0.2156632
-5.718984 9.408588 2.591702
-5.714798 9.282484 4.33588
-5.713078 5.091677 1.027496
-5.708067 -0.07032366 0.3764095
-5.703534 9.686738 3.242628
-5.695826 9.615763 1.70702
-5.691559 8.755709 4.127838
-5.688475 4.435896 0.6484581
-5.669092 -24.3159 -0.7076545
-5.667703 9.631667 3.176111
-5.664363 0.2640472 0.38312
-5.651288 -3.895547 0.133338
-5.650408 4.644191 0.9170893
-5.647093 4.611737 0.6359552
-5.644281 -25.47871 -0.07101965
-5.641726 -0.6465797 0.2893036
-5.624628 13.50633 3.382639
-5.621685 4.435559 0.5640539
-5.610033 8.854055 4.73737
-5.606799 4.838285 0.9227514
-5.603289 -1.760523 0.2194755
-5.602937 -0.5126336 0.28366
-5.601559 0.1805173 0.3622382
-5.599112 9.611177 1.667888
-5.585392 -12.95447 2.919227
-5.581372 -24.24444 -0.9209066
-5.578689 5.224716 1.105272
-5.578224 9.626287 2.642901
-5.572351 -13.1153 3.299828
-5.561806 9.640548 2.586535
-5.550642 -12.33016 4.837068
-5.528447 0.05452276 0.3631862
-5.525251 -1.876535 0.2189729
-5.520414 -12.03966 3.931875
-5.518194 9.584131 1.601061
-5.512228 -1.593557 0.2154191
-5.495677 -2.740389 0.1287144
-5.488428 8.585439 4.697953
-5.477422 -24.47396 -0.5920184
-5.475723 -24.32469 -0.7112008
-5.467688 -13.06612 2.912743
-5.44096 0.2433782 0.350052
-5.434831 -0.01357826 0.3550361
-5.434276 9.676291 3.206671
-5.40471 4.471297 0.5406848
-5.397679 9.243167 4.234767
-5.383369 13.28602 3.055292
-5.376008 -2.015729 0.2041661
-5.37307 8.92653 4.697101
-5.356374 9.600469 3.092728
-5.336372 -2.35331 0.1253333
-5.335393 -25.26124 -0.2157275
-5.333795 4.981989 0.9744105
-5.325819 9.0789 4.139088
-5.302442 13.5321 4.021431
-5.301047 -13.17131 4.19315
-5.299073 -1.936579 0.2151967
-5.297414 -12.11622 3.583775
-5.290485 4.791826 0.8869268
-5.277378 -13.07546 2.910672
-5.272246 9.641738 2.523749
-5.269328 -2.9443 0.1286925
-5.263382 -24.36764 -0.6329735
-5.261912 0.3729077 0.3608213
-5.260505 -12.23537 5.429425
-5.256739 5.151979 1.048383
-5.255997 -1.388621 0.2082293
-5.253606 -12.20858 3.93793
-5.251945 1.68463 0.4351825
-5.251326 -2.772299 0.1267551
-5.249721 -1.406764 0.1970426
-5.249548 9.484528 4.260126
-5.249455 -3.264333 0.1286313
-5.248503 -12.50426 3.471766
-5.231744 -12.88636 -0.2881158
-5.224854 13.45915 3.776181
-5.221983 -12.67757 5.234755
-5.206038 13.36129 3.302427
-5.194371 -12.94476 2.176975
-5.151306 2.406861 0.4609981
-5.135897 9.724078 3.060692
-5.135753 2.623575 0.50054
-5.132346 -12.15988 4.716558
-5.130331 2.251854 0.4611879
-5.122231 -3.037776 0.09484528
-5.120726 -25.14422 -0.4914662
-5.120306 0.2801788 0.3339018
-5.117698 13.88583 4.119197
-5.10596 0.5364135 0.385371
-5.098842 -12.92552 -0.2426692
-5.0899 -1.220675 0.2023272
-5.085773 -12.5909 5.517327
-5.080495 -2.412588 0.1000594
-5.080045 -12.25916 4.578807
-5.071582 1.755427 0.4186121
-5.070865 -24.2881 -0.7390577
-5.066844 9.290866 4.76694
-5.060296 -12.58546 4.497442
-5.059734 -12.38574 3.621091
-5.055905 -12.89015 2.831762
-5.031955 -12.74878 4.382704
-5.031733 0.7582158 0.3690337
-5.028512 -12.9866 0.05625102
-5.028064 9.385036 3.057364
-5.020595 -13.27426 5.74479
-5.018312 4.348887 0.5041282
-5.01062 -12.59168 3.131396
-5.007434 -24.25487 -0.9557786
-5.005787 -25.11205 -0.6075538
-4.997929 4.748425 0.8556007
-4.997317 -12.98047 -0.2402994
-4.994252 13.65489 3.997873
-4.982996 -13.08404 0.3281863
-4.978832 9.419582 3.027622
-4.973289 -13.20344 2.903482
-4.965699 -25.19456 -0.0856357
-4.962492 -12.57912 4.822843
-4.954689 -16.91908 -1.020399
-4.916375 -13.01289 -0.02243285
-4.911788 -13.12673 2.179179
-4.907419 0.7097789 0.3388569
-4.901002 -12.72209 5.193066
-4.899521 -13.09666 0.05399393
-4.889972 -24.29936 -0.7653431
-4.875371 4.362642 0.5459434
-4.857152 2.409644 0.4382787
-4.845838 4.536523 0.5362285
-4.839262 -3.340785 0.08783188
-4.83886 -12.44899 4.5918
-4.835489 -13.38617 0.3196552
-4.828961 9.363064 4.709581
-4.827946 -12.86013 4.051318
-4.824998 -3.169717 0.09015518
-4.811525 -13.32586 0.03769387
-4.809337 2.825598 0.4304788
-4.79089 1.414286 0.4089995
-4.787985 -24.9461 -0.666056
-4.781944 -13.17477 0.6601136
-4.78105 2.863956 0.4504556
-4.77655 0.4547454 0.3347036
-4.76724 -12.63553 5.922512
-4.758003 -12.53406 2.421949
-4.753111 -12.9635 2.804178
-4.741126 -12.75555 3.131996
-4.731904 9.249052 4.64515
-4.726876 -12.4221 3.593085
-4.706143 -13.25136 0.3035102
-4.690154 -12.54719 4.440262
-4.68685 -25.0206 -0.2466819
-4.68373 2.605497 0.4220822
-4.677657 1.740063 0.3894007
-4.67698 -12.73961 6.297876
-4.676911 0.9209143 0.337856
-4.672968 4.578233 0.5125545
-4.672632 -13.18909 1.00908
-4.670681 2.519017 0.456888
-4.668067 -12.70801 4.821293
-4.660787 -13.24026 -0.05098704
-4.652024 -13.21818 -0.2924461
-4.647585 -13.28351 2.88913
-4.62355 -13.19401 1.319657
-4.617914 -6.304569 -0.1896432
-4.612567 -13.26367 0.04551737
-4.604814 -17.06991 -0.9853311
-4.598293 -13.20479 0.8383507
-4.59483 0.7786745 0.3219088
-4.592625 -2.310364 0.09749804
-4.584207 -13.23687 1.202759
-4.58032 -0.31273 0.2435714
-4.579037 -12.42182 4.222927
-4.562143 -17.0481 -1.022975
-4.557976 -13.10611 2.149074
-4.55632 -13.38174 5.0246
-4.555827 -12.68107 5.121391
-4.546469 1.000772 0.32427
-4.541339 -6.516679 -0.1970635
-4.541094 2.388404 0.4135583
-4.533001 -1.748957 0.1166271
-4.532928 -13.23241 1.537155
-4.527595 -12.83406 3.673832
-4.521925 -12.8052 5.483035
-4.519356 -13.31213 1.862286
-4.517618 -12.93445 6.005541
-4.504031 -12.79355 2.447137
-4.497292 1.792862 0.3730666
-4.494816 -13.13861 0.3526868
-4.487848 -13.305 0.6375573
-4.487789 -24.27734 -0.7722281
-4.482887 -13.12475 -0.2607343
-4.480958 -13.13256 2.799869
-4.475842 -0.8549142 0.1789702
-4.475294 -24.86762 -0.5389339
-4.469053 -12.29741 4.481777
-4.45265 -12.85804 4.506417
-4.451656 -13.62874 -0.08399196
-4.445177 -25.67969 -0.105761
-4.435901 -1.303907 0.1822919
-4.434407 -13.4467 0.2775279
-4.424516 -24.2653 -0.9912299
-4.411657 -12.65446 3.946606
-4.397204 -12.83267 4.312802
-4.394962 2.499654 0.4283371
-4.390709 -13.60316 1.843163
-4.386751 -1.573892 0.1145184
-4.378021 -12.85024 -0.4931739
-4.370425 -13.04303 0.02156746
-4.366982 -12.90035 4.642455
-4.365919 -12.68873 2.402792
-4.362794 -13.55073 0.03634327
-4.34453 -13.80614 -0.5418738
-4.339555 -24.77947 -0.5961186
-4.337641 -13.00874 5.199066
-4.331225 0.5195735 0.3093989
-4.310315 -13.64906 -0.2820141
-4.309835 -12.9356 -0.2706297
-4.308797 -13.80146 -0.6149228
-4.308408 1.153531 0.3006637
-4.305221 -24.28104 -0.819329
-4.298583 -12.53882 3.345914
-4.295386 -13.47385 -0.7994755
-4.286137 1.274597 0.3032683
-4.279093 -13.36126 3.20173
-4.256395 -13.52114 1.855015
-4.23771 -13.93449 5.83414
-4.23259 -13.33614 4.432062
-4.230693 -0.09382471 0.2248365
-4.227663 -12.97498 3.68039
-4.225133 -0.911863 0.182589
-4.213118 -13.06137 4.031343
-4.209446 -13.1947 4.583654
-4.204146 2.743135 0.3833971
-4.199569 -12.90843 2.445723
-4.19839 -13.76897 -0.426045
-4.193953 -17.14169 -0.9841818
-4.192678 -13.3316 4.959621
-4.190973 -13.35695 4.751346
-4.187378 -1.964797 0.1172474
-4.17776 0.511515 0.2780959
-4.173437 0.3225937 0.2853087
-4.172719 3.966015 0.4266384
-4.17221 2.864119 0.3804036
-4.166914 1.215402 0.2876712
-4.165267 2.580104 0.3815793
-4.164672 -17.18414 -1.026779
-4.164401 -1.275802 0.110589
-4.15871 -3.528255 0.0172433
-4.156496 -12.91479 2.094612
-4.151126 -24.74718 -0.6756657
-4.136889 6.158283 1.163313
-4.136172 -24.20754 -1.08759
-4.128819 3.744989 0.425446
-4.107811 13.25031 3.50627
-4.103889 -12.49201 5.294073
-4.099895 -13.88408 -0.7916341
-4.099862 6.753804 1.189351
-4.091616 5.318313 0.8397727
-4.080548 5.423519 0.8547139
-4.060515 -24.85598 -0.2792144
-4.058558 -13.67924 1.835769
-4.058394 1.725479 0.3426402
-4.052442 -13.81393 3.587558
-4.033296 -0.4699971 0.168424
-4.032538 -12.6778 3.339313
-4.03203 -0.6769316 0.1750679
-4.02156 -0.1827903 0.2210299
-4.020103 2.660065 0.3810097
-4.01942 1.520525 0.2883539
-4.010528 -12.45193 5.736001
-4.008614 -13.88302 5.117264
-4.007697 1.814391 0.3351963
-3.976276 -0.6609998 0.1692598
-3.97598 -13.2823 3.733334
-3.972409 -13.45334 3.187779
-3.964951 2.497088 0.3836022
-3.964672 -12.85829 5.090775
-3.946692 -13.49505 4.438759
-3.912764 -24.26159 -0.8059711
-3.908318 5.290103 0.8233107
-3.895863 3.875723 0.4005187
-3.894548 -13.27318 2.447212
-3.890942 -0.5619747 0.1704725
-3.88659 1.579482 0.2809699
-3.88369 -1.321868 0.09754835
-3.873914 -13.07576 2.09654
-3.860905 -13.20108 4.549616
-3.856207 1.854228 0.3218969
-3.854922 -24.62404 -0.5862778
-3.848134 2.776883 0.3562485
-3.847917 5.124359 0.7674756
-3.844003 -2.424903 0.03557225
-3.843532 -24.22872 -1.026171
-3.843375 -13.27298 4.670701
-3.84199 -12.94231 3.95774
-3.834429 -13.14751 2.725297
-3.826178 2.899872 0.3538557
-3.821763 5.42697 0.8119223
-3.813916 -25.57162 -0.1225254
-3.810593 1.656482 0.2779007
-3.792906 13.32187 5.170061
-3.785171 -13.12934 6.317627
-3.767206 2.616749 0.3562496
-3.732539 -1.464829 0.09629557
-3.731945 -13.66674 2.541638
-3.729804 -22.39842 -1.001235
-3.726585 -24.25974 -0.874964
-3.725069 0.7932672 0.2552194
-3.722037 -13.74177 2.175666
-3.721707 -13.12827 5.1479
-3.709711 -24.536 -0.588941
-3.706607 -12.56285 5.741906
-3.703184 -13.22675 5.488056
-3.70135 13.42833 2.766554
-3.699164 5.175249 0.7582157
-3.685967 -13.7784 2.8132
-3.683738 -13.49393 3.761359
-3.671623 14.21612 3.202259
-3.659841 1.157165 0.2574421
-3.652516 5.72473 0.7910832
-3.651586 13.91955 3.236931
-3.649161 1.244083 0.2513413
-3.641189 0.1680492 0.1961926
-3.637765 -0.4410417 0.1635806
-3.623812 5.963969 3.217328
-3.616169 0.8592011 0.2493347
-3.615881 -0.3320782 0.1597361
-3.603696 5.373498 0.775511
-3.597319 0.249016 0.1920909
-3.592369 -1.602786 0.09565825
-3.589883 2.854691 0.3355884
-3.587892 1.82699 0.3029463
-3.587064 0.08408134 0.1971308
-3.579434 6.550376 1.086485
-3.578861 1.764414 0.265448
-3.578418 -0.9155487 0.1046188
-3.577174 -13.18582 3.99597
-3.564283 12.80875 2.801929
-3.560857 0.6820495 0.2390786
-3.558099 5.669616 3.979646
-3.557795 -24.20448 -1.084843
-3.535352 -24.54926 -0.6859067
-3.535012 13.13035 1.891517
-3.531655 0.5940865 0.242359
-3.528561 6.121289 3.232773
-3.515102 13.53472 3.449
-3.491755 -0.2611076 0.1568123
-3.485304 2.538426 0.3310809
-3.483798 5.648615 0.7822039
-3.476535 -24.8574 -0.3138496
-3.463111 7.095716 1.099289
-3.451423 -13.32369 5.177024
-3.449563 -24.16615 -1.102489
-3.429621 -2.773952 0.03247367
-3.379556 5.518229 0.7531417
-3.354732 6.400858 2.851539
-3.354036 13.37045 2.698814
-3.352251 6.370346 2.812695
-3.350763 6.48378 1.042995
-3.34278 -24.26785 -0.8400381
-3.329211 0.7148889 0.2257127
-3.320335 -1.489624 0.04864568
-3.306678 13.56573 3.812074
-3.297352 6.673655 1.093638
-3.293452 0.3039827 0.1799301
-3.27108 -24.56159 -0.6393791
-3.266603 -24.20816 -1.061643
-3.258835 1.853673 0.277366
-3.257251 9.495909 2.807909
-3.253536 0.8549917 0.2320163
-3.247682 12.80314 2.754525
-3.216271 9.535108 2.695438
-3.182581 0.3679498 0.1738575
-3.157928 -24.23542 -0.9299949
-3.154141 9.388832 2.554579
-3.154091 6.694122 2.04025
-3.144684 9.431216 2.248992
-3.14187 6.823624 1.68777
-3.139435 7.081316 2.110182
-3.104527 6.96138 1.129833
-3.104057 9.433105 2.164169
-3.096106 -0.8204614 0.09352034
-3.09273 0.4299117 0.1681493
-3.059489 1.696254 0.2396135
-3.051563 5.599486 0.6948431
-3.050472 -2.608614 -0.02559618
-3.044276 -0.05718857 0.1473227
-3.042867 -1.725613 0.04988537
-3.039752 0.796665 0.2069737
-3.021828 0.9478388 0.2188602
-3.012394 5.742903 0.7255092
-3.010929 -1.801632 0.04882406
-3.005357 1.175777 0.2125992
-3.004089 9.698068 3.834892
-3.001965 -0.7224252 0.09196302
-3.001027 -1.098441 0.09401511
-2.986768 9.714881 3.668197
-2.98035 -1.983326 -0.01516902
-2.97788 7.227867 2.997765
-2.974992 -38.25219 5.500985
-2.971994 9.428435 2.708732
-2.966917 -25.47103 -0.3597009
-2.959961 5.843168 0.7448626
-2.950025 -24.47142 -0.7006248
-2.942817 7.12365 2.905674
-2.939445 -1.575577 0.05126691
-2.926489 -2.728869 -0.04452096
-2.921763 7.025462 2.051181
-2.916295 6.745132 0.9871224
-2.891729 1.207682 0.2028649
-2.888693 -2.450665 -0.03541342
-2.857352 -0.3812739 0.09425931
-2.854943 0.5308576 0.1564272
-2.844307 -0.01627492 0.1399034
-2.820134 -0.5802178 0.09814154
-2.819217 -3.487312 -0.06904855
-2.819214 0.8754829 0.1917161
-2.813992 0.1507681 0.1417659
-2.807817 6.836025 1.037886
-2.806532 2.141749 0.2794884
-2.802121 5.751064 0.6607303
-2.787616 -37.60966 4.62261
-2.750251 9.557561 1.354714
-2.747056 0.5748288 0.1508694
-2.744354 34.96368 4.480358
-2.712202 -1.066447 0.05698418
-2.707632 9.237016 2.676033
-2.694025 -0.4231896 0.09459809
-2.679992 5.821856 0.7200713
-2.677379 1.261516 0.1853797
-2.675833 0.2737396 0.1382558
-2.672074 1.566105 0.2191527
-2.664185 6.568391 0.9349192
-2.660286 6.924905 1.025074
-2.656036 -1.859988 -0.005688659
-2.653952 4.265533 3.355788
-2.653245 6.882453 2.815003
-2.651544 -1.760113 -0.01460253
-2.64736 1.187573 0.1955702
-2.643837 -0.8994101 0.05839903
-2.643289 5.759765 0.6373443
-2.641514 2.537019 0.2665501
-2.631516 -1.488855 -0.001259134
-2.621371 6.781423 2.813271
-2.616274 0.1636335 0.1308523
-2.612703 2.17697 0.2655714
-2.596437 -1.813086 -0.01423119
-2.59346 9.172798 3.511649
-2.586637 -0.8123974 0.05857839
-2.586504 0.8673381 0.1798219
-2.580483 5.112048 3.327623
-2.569173 0.5997991 0.1431831
-2.568046 0.04367138 0.1343281
-2.562836 2.239936 0.2613822
-2.559762 2.575955 0.2597266
-2.551934 -1.608957 -0.009354402
-2.549003 -38.20406 -0.2795512
-2.536695 -1.516895 -0.006809206
-2.527273 5.752134 0.665038
-2.519961 6.649193 0.9174379
-2.519784 -0.2161274 0.09119456
-2.518433 7.004742 2.759604
-2.515606 -3.534863 -0.1116837
-2.51177 1.252416 0.1740161
-2.509659 4.836402 3.461594
-2.507834 5.04226 2.202433
-2.506157 5.807534 0.6188533
-2.504929 -3.348743 -0.1037929
-2.504242 4.242628 2.920229
-2.496319 8.84496 3.29723
-2.495025 4.668084 3.104459
-2.493408 -38.26932 1.37634
-2.489753 4.178319 2.897089
-2.489535 4.988788 3.232178
-2.475748 4.261271 3.211264
-2.472256 0.2695757 0.1251842
-2.468225 -2.850446 -0.08464353
-2.46609 4.17644 3.222055
-2.465134 -38.22651 2.047407
-2.454006 7.357818 2.915167
-2.447288 1.596051 0.2084101
-2.444987 2.045324 0.2464147
-2.442816 4.454766 3.239091
-2.440257 0.6287779 0.1375369
-2.437666 -0.1510969 0.08993569
-2.428237 1.668064 0.2080334
-2.42249 -37.73508 2.609436
-2.410804 -2.088032 -0.05827284
-2.40812 6.100707 0.70589
-2.401611 -3.054535 -0.09026781
-2.398259 5.116127 2.191389
-2.388656 4.525497 2.984221
-2.386102 -3.525809 -0.1081284
-2.384306 5.062789 3.231434
-2.382015 -2.885433 -0.08373075
-2.379261 -25.56752 -0.3983355
-2.36896 5.855315 0.6013602
-2.365892 5.852262 2.766529
-2.34737 -3.653868 -0.1119509
-2.346095 1.235333 0.1637803
-2.341662 -1.32663 0.001767993
-2.332753 -0.6723219 0.06241335
-2.331165 0.3085391 0.1215864
-2.317845 -1.031425 0.01147655
-2.313387 1.758026 0.2012857
-2.311285 5.242283 2.202162
-2.299497 -0.03405315 0.08727982
-2.286637 2.003136 0.2317458
-2.284142 5.314374 2.590718
-2.283701 5.893809 2.46642
-2.278664 4.070235 3.081614
-2.270684 4.073218 2.73702
-2.252985 5.828316 2.353057
-2.251068 -38.54688 6.894267
-2.247384 0.5666496 0.1278228
-2.246595 -1.516686 -0.03627958
-2.238441 -0.5323037 0.06250966
-2.234353 1.874035 0.1983909
-2.233493 0.06994801 0.08440512
-2.223211 3.144098 0.253175
-2.211934 31.84587 6.413224
-2.21178 6.760728 0.8780295
-2.208964 0.8521053 0.160685
-2.191157 4.44116 3.194282
-2.180175 7.114422 0.9784983
-2.174191 -0.4642816 0.06348583
-2.155231 1.974968 0.2186305
-2.149021 -38.18332 6.172377
-2.139514 -1.019336 0.01099525
-2.137899 4.378021 2.202848
-2.137104 5.948056 2.408149
-2.123291 2.058051 0.1943612
-2.121371 1.96003 0.1938305
-2.117505 2.029894 0.2124696
-2.11687 2.778929 0.2423492
-2.114039 0.3784789 0.1156849
-2.10533 -38.63494 5.519073
-2.096627 5.958865 0.5653998
-2.092885 1.288131 0.1428438
-2.091365 4.179794 3.047901
-2.08144 0.6907318 0.1227774
-2.076224 0.5776176 0.1246578
-2.067458 0.9619438 0.1471104
-2.064045 -0.8682154 0.01476967
-2.053759 6.811477 0.8571555
-2.050806 -0.3872548 0.06453879
-2.048215 0.1610198 0.0821888
-2.048117 1.727562 0.1889161
-2.043639 1.006895 0.1429798
-2.041168 -38.07323 2.839639
-2.041046 -1.682637 -0.03232365
-2.038234 3.844747 2.861586
-2.023499 -0.7300795 0.02096379
-2.017402 -37.27203 3.460449
-2.017204 16.82073 3.682692
-2.007077 6.023552 0.6169003
-2.002237 -1.423506 -0.02419925
-1.981882 -2.511482 -0.11402
-1.980816 -3.071979 -0.14004
-1.977722 5.887078 2.409693
-1.965763 -38.48354 6.700806
-1.965256 4.124164 2.655519
-1.957511 -2.739644 -0.1228767
-1.95354 2.826757 0.2261959
-1.948645 5.976602 0.5445992
-1.94549 -1.35636 0.0624562
-1.943157 -2.346296 -0.1051363
-1.941511 -38.20238 2.089823
-1.936332 -0.6580324 0.02027999
-1.926568 2.65275 0.2263144
-1.921383 -1.231377 -0.01590211
-1.917473 -1.473325 0.008301618
-1.913246 1.919675 0.1957337
-1.909861 -3.689503 -0.1695671
-1.907389 1.296002 0.1289398
-1.900109 -1.154334 -0.01327504
-1.892707 -1.632668 -0.07385448
-1.892149 -3.264064 -0.1465492
-1.886767 -3.440223 -0.1550472
-1.884169 -15.26789 -0.6487144
-1.881609 -15.21201 -0.8466634
-1.87846 -37.2134 4.559772
-1.86997 0.4693955 0.1077704
-1.869504 6.236621 0.6964263
-1.863013 0.2780719 0.0785524
-1.858974 3.939296 2.827625
-1.852131 -0.2162039 0.06651669
-1.840912 -15.14394 -0.8817258
-1.839011 0.6575667 0.1193334
-1.838944 6.112489 0.5347373
-1.837199 1.064699 0.1269031
-1.828855 -0.5269099 0.02335064
-1.827905 0.8496131 0.1061067
-1.824371 1.405043 0.1506621
-1.817077 -0.1692095 0.06564329
-1.816709 6.563721 0.8050594
-1.815397 -15.18313 -0.6719518
-1.812801 1.756333 0.1703559
-1.812693 2.545462 0.2058025
-1.795655 -0.4278587 0.0246422
-1.795268 13.17892 5.682549
-1.781696 6.222208 2.492866
-1.780821 4.080334 2.82638
-1.777474 1.506997 0.1462985
-1.776213 -1.021208 -0.004974545
-1.767684 -15.09929 -0.7567529
-1.766436 11.06204 3.819332
-1.762798 -0.8511408 -0.001057912
-1.759709 6.40873 0.7031194
-1.756049 1.781259 0.1643642
-1.753221 4.833161 3.239274
-1.743459 -0.692091 0.001619224
-1.741896 0.7685455 0.1166235
-1.728144 -15.1005 -0.5134807
-1.726564 10.63903 3.821312
-1.723547 13.60123 3.668956
-1.719168 -24.57961 -0.4147948
-1.716871 3.865779 2.730615
-1.716095 -0.2237186 0.02929233
-1.713221 -3.729339 -0.1653639
-1.705516 4.507831 2.115173
-1.701076 1.329826 0.1112881
-1.684453 13.6442 3.542513
-1.678752 2.751448 0.1989614
-1.675824 -15.22263 -0.3985649
-1.673149 -14.9708 -0.6442763
-1.670259 6.054163 0.5095919
-1.660149 0.9145508 0.09640837
-1.64968 16.50169 4.225354
-1.642592 2.121975 0.1738416
-1.641741 0.364142 0.07513547
-1.635012 0.5742918 0.09825563
-1.629539 2.212989 0.1735362
-1.627832 1.150486 0.1092681
-1.619601 0.1527899 0.06270993
-1.616716 6.271098 2.331257
-1.616469 -0.03616993 0.06699353
-1.612641 4.262179 0.4462324
-1.607231 3.636379 2.293085
-1.59815 -14.89881 -0.5698845
-1.591597 1.41391 0.1395425
-1.587332 2.385042 0.1740704
-1.581445 4.501848 2.112407
-1.569885 -1.226944 -0.04282118
-1.567076 -15.08542 -0.3285466
-1.560236 4.961028 2.943106
-1.549676 4.762329 2.200351
-1.547329 -1.039801 -0.03627506
-1.54633 4.302623 0.4795068
-1.530337 0.1808086 0.06360043
-1.522146 4.380068 0.7116778
-1.519938 -0.4398826 0.01495921
-1.519714 2.767201 0.1785918
-1.514615 3.59886 2.253531
-1.514032 3.883707 2.658325
-1.513788 -0.8666625 -0.03019818
-1.512943 0.5702609 0.09544709
-1.491744 10.97806 3.744591
-1.490387 0.767147 0.08539426
-1.490288 1.969097 0.1497686
-1.484243 0.2458058 0.06278078
-1.482023 2.850122 0.171844
-1.480829 -14.78229 -0.8189636
-1.477581 -0.314835 0.01760062
-1.475494 -14.81253 -0.6259311
-1.472255 -0.7085257 -0.0243843
-1.464173 2.580083 0.1710979
-1.464061 -0.01345275 0.03593203
-1.458988 1.140336 0.0749575
-1.456613 1.299457 0.1052821
-1.440862 -14.84956 -0.3991845
-1.435792 4.46316 0.7138653
-1.420799 -14.77572 -0.6625376
-1.417934 0.9499947 0.07230793
-1.415134 4.329643 2.034509
-1.413902 2.053937 0.1367129
-1.407927 4.496204 1.131478
-1.393484 13.42622 3.597749
-1.393279 4.615402 2.139705
-1.384058 11.9882 4.20542
-1.379188 -14.76115 -0.7501677
-1.369251 0.7441317 0.08389731
-1.368581 4.555784 2.039898
-1.366837 4.183693 1.975697
-1.362856 -0.2227368 0.02402501
-1.348806 -14.77442 -0.5228193
-1.347993 4.901731 2.15622
-1.337242 1.794859 0.1321655
-1.322011 1.296587 0.08476714
-1.321504 4.586727 1.297864
-1.306816 4.538186 1.129416
-1.301734 5.993361 0.5998676
-1.301346 7.071099 0.8693254
-1.289179 -14.81272 -0.419753
-1.284148 0.8630388 0.05334273
-1.282615 7.687596 1.017443
-1.280319 4.072038 2.4156
-1.278659 2.949216 0.1703543
-1.275514 4.927402 1.904984
-1.272576 3.734561 2.229121
-1.258308 4.039631 2.644568
-1.253675 1.169174 0.08389107
-1.24009 -0.0216413 0.02950164
-1.23812 2.671841 0.1482452
-1.235102 0.006352312 0.02881236
-1.234272 3.377316 0.1715932
-1.228818 0.4837796 0.05821601
-1.227419 3.898379 2.2902
-1.220431 10.87101 3.664359
-1.219795 4.630652 1.289694
-1.219328 0.315736 0.0370911
-1.218561 1.954737 0.1214095
-1.211866 6.758914 0.7344423
-1.207933 4.829557 0.5459673
-1.192401 1.563382 0.09680226
-1.191437 6.447734 0.5487043
-1.190673 -38.46083 3.518535
-1.187698 -14.80806 -0.3210582
-1.185604 2.819974 0.1535252
-1.184811 3.123178 0.1635719
-1.175685 3.33421 0.1635665
-1.167218 0.3927642 0.03653924
-1.15663 5.54446 0.7146288
-1.138486 6.440337 0.6706569
-1.132377 1.792551 0.1079601
-1.127498 7.027804 0.8459714
-1.123299 4.251173 2.424165
-1.108254 4.858247 0.5824291
-1.106692 4.742481 1.759227
-1.103697 0.5917498 0.05474217
-1.103374 4.86259 0.3954807
-1.102509 6.182278 0.439224
-1.097956 0.9778697 0.06132807
-1.096523 4.828718 1.014827
-1.09645 -14.75953 -0.8566135
-1.096016 5.671843 0.5617604
-1.092948 4.316661 1.964169
-1.09072 -15.01496 -0.6856045
-1.090625 -14.79264 -0.407486
-1.089971 7.598248 0.9906392
-1.089009 4.751468 2.133214
-1.085027 5.346796 1.093468
-1.081319 1.017995 0.04296009
-1.068641 3.690454 2.144391
-1.064241 0.1864509 0.03446965
-1.05383 4.890152 0.6977115
-1.048801 4.928394 1.26598
-1.044039 1.344324 0.05933511
-1.042691 4.852686 2.687664
-1.038086 2.535594 0.1277481
-1.037444 -14.80233 -0.7646513
-1.034439 5.858489 2.431404
-1.027228 2.797814 0.1388254
-1.027 6.122441 2.356306
-1.022418 1.920492 0.1021947
-1.021276 5.171864 1.476732
-1.017093 3.535362 0.1662631
-1.01334 5.206335 1.443599
-1.012763 0.7066938 0.0493729
-1.011553 12.52826 4.884796
-1.008127 4.824553 1.763818
-1.000305 6.211299 0.5164332
-0.9994038 -14.73157 -0.5436866
-0.992651 5.273459 1.32695
-0.9890955 3.280105 0.1516048
-0.9830077 12.84414 4.726519
-0.979475 4.86432 2.058285
-0.974919 0.3454714 0.03463849
-0.9694165 3.38041 2.197038
-0.9603357 7.01659 0.8275303
-0.9602047 0.8945702 0.03850574
-0.9502683 3.566882 2.101298
-0.9476471 1.408168 0.04616613
-0.9450344 0.767812 0.02936371
-0.9316614 3.552144 2.301077
-0.9273306 12.55101 4.490266
-0.9245939 4.83426 1.893595
-0.9200003 -15.07283 -0.6494164
-0.9163736 -2.383052 0.01256502
-0.916325 6.295278 0.5900872
-0.9017653 4.753408 1.829046
-0.8983791 12.99575 4.467526
-0.8931225 6.245152 2.333031
-0.8929728 0.5854119 0.02820757
-0.8922066 4.832288 1.743211
-0.8897536 1.389141 0.04280186
-0.8788322 -2.364417 -0.02306762
-0.8773903 3.622029 2.111908
-0.8733851 13.41589 4.399265
-0.8711891 4.467714 2.53935
-0.8704565 3.149013 0.1432038
-0.8642629 1.93126 0.08383645
-0.8634739 13.46081 2.564055
-0.8614346 4.585671 2.814923
-0.8611853 6.539063 0.6726778
-0.8608422 2.724657 0.1244473
-0.8550684 3.594369 0.1610342
-0.8510077 6.110539 2.210821
-0.8420556 -14.8169 -0.3218034
-0.8375159 4.403624 2.751232
-0.8356079 6.072982 0.4925956
-0.825449 1.133963 0.03185029
-0.8136272 4.747209 1.310127
-0.8131945 2.45531 0.1037607
-0.8057829 13.48287 2.339569
-0.7888294 6.0327 0.3949022
-0.7776744 3.086957 0.1373242
-0.7769005 0.7563707 0.02348818
-0.7759573 11.36842 2.560862
-0.7636904 13.57493 1.773577
-0.7570772 3.558007 2.225766
-0.7528099 -14.76053 -0.8577166
-0.7461155 -15.10006 -0.7020805
-0.7432439 2.798554 0.1137779
-0.7385836 3.24998 0.1361988
-0.730369 4.578576 2.007046
-0.7247797 3.795878 2.098779
-0.7231411 6.025877 2.236757
-0.704228 4.747054 1.297176
-0.7000749 -14.91357 -0.783946
-0.6998578 -14.88538 -0.2360462
-0.6905738 3.411983 0.1335219
-0.6892977 6.05279 0.4774118
-0.6831965 12.57258 4.608526
-0.6821782 4.365315 1.868164
-0.6801813 4.4278 1.835953
-0.6771006 4.695881 1.102766
-0.6715343 1.190941 0.0251641
-0.668152 13.00775 4.618878
-0.6644887 11.37698 3.022651
-0.6609557 4.635056 2.487514
-0.6601557 -14.71976 -0.5664107
-0.6553017 4.798875 2.082874
-0.6452315 1.888984 0.06224894
-0.6437359 0.9818892 0.0227936
-0.638911 5.959428 0.3741699
-0.6374553 4.815066 2.032373
-0.6364158 3.815713 2.085804
-0.6356659 13.54333 2.754725
-0.6345743 1.369931 0.02190998
-0.6340007 1.455822 0.01446289
-0.633004 6.00534 2.408551
-0.6321976 2.464053 0.08211168
-0.6257167 2.887433 0.1018671
-0.6226401 11.39289 2.892465
-0.6204586 5.387455 2.358691
-0.6195775 -14.73249 -0.7033235
-0.6180695 2.024201 0.0777623
-0.6149213 3.725407 0.1546862
-0.6130345 4.670425 0.9155717
-0.612693 13.19418 4.497604
-0.6057717 5.099892 2.700331
-0.5948241 4.027204 2.536526
-0.5932648 1.194754 0.01111572
-0.5787593 5.949295 2.192372
-0.575157 4.433549 1.817169
-0.5651232 7.661955 0.9552981
-0.5644436 2.43099 0.07634618
-0.5634122 11.37812 2.720588
-0.5611846 -14.72403 -0.6681157
-0.5599514 13.62079 2.560418
-0.5432276 1.418764 0.008303343
-0.5417108 6.07665 2.066046
-0.5104947 3.623638 2.195019
-0.5092461 11.32083 2.516654
-0.5020434 13.80209 2.352867
-0.4962983 -14.8037 -0.3209101
-0.488436 3.855669 2.157911
-0.487826 -14.96599 -0.09131973
-0.4812553 5.593735 2.308417
-0.4807141 4.618927 0.667766
-0.4804181 4.382995 1.842045
-0.4699603 14.05188 1.81933
-0.4698616 4.46222 2.500507
-0.4666209 4.688658 2.532401
-0.4631922 6.926859 0.7673824
-0.4504698 12.54086 3.306802
-0.4480661 3.420857 0.117989
-0.4418464 3.766427 0.150051
-0.4400527 2.388834 0.06312618
-0.4399942 2.146141 0.07169158
-0.4314776 3.682898 2.20808
-0.4303984 10.35929 3.381608
-0.4264667 2.949241 0.08320682
-0.4255127 1.389691 0.0003040988
-0.421946 1.744766 0.04573472
-0.4191179 1.830927 0.05744875
-0.4137591 4.549278 0.371155
-0.4050505 -14.7375 -0.8573962
-0.404633 -14.7669 -0.4300157
-0.3991125 4.269586 1.876814
-0.3942407 12.35358 3.104852
-0.388015 6.482946 0.6377317
-0.3806058 4.561725 0.4810958
-0.3797502 7.511538 0.9249393
-0.3790337 1.602557 -0.01112056
-0.3743202 3.920624 2.077542
-0.3626444 5.730403 2.344763
-0.3601147 4.325118 2.41706
-0.3564461 -14.81163 -0.2571568
-0.3559019 5.035772 2.188291
-0.3392725 4.707659 2.45579
-0.3256092 11.26691 2.431905
-0.3205608 12.11965 2.862469
-0.3189208 4.659431 1.984631
-0.3169691 -14.72697 -0.5900774
-0.301896 6.924679 0.7511707
-0.2873588 3.810466 2.299075
-0.2752694 4.531104 0.2812869
-0.274682 3.90247 0.1462484
-0.272492 11.29808 2.291776
-0.2660798 6.053267 0.4360807
-0.2655355 5.842228 2.453028
-0.263194 4.465461 2.442037
-0.2576172 12.06105 2.638959
-0.2517791 4.089326 2.281886
-0.2508489 2.21163 0.04598726
-0.2485967 10.56002 3.587722
-0.2460335 1.330557 -0.01312985
-0.2375477 5.884197 2.388436
-0.2369013 2.168082 0.06632309
-0.2366644 1.947943 0.05717335
-0.2334039 1.413719 -0.004261202
-0.2311883 4.739645 2.055925
-0.2189269 -14.73551 -0.7060722
-0.2181929 2.930056 0.06529222
-0.2156539 5.829721 0.3195136
-0.2154037 3.536772 0.1043449
-0.211962 1.734481 0.02330834
-0.2072985 11.25865 2.106697
-0.1980088 10.93628 3.528408
-0.1977905 4.053063 2.109514
-0.186628 3.946484 0.1439531
-0.1833624 6.271591 0.5351101
-0.1830652 3.884026 2.268209
-0.1791037 4.836935 0.4945506
-0.1734419 4.394382 2.436179
-0.1723399 5.516639 2.905416
-0.1655412 1.292684 -0.007600163
-0.1515565 -14.75651 -0.3205057
-0.1514114 2.97 0.05940225
-0.1478506 1.981869 0.05100007
-0.1442921 2.163517 0.03600015
-0.1413736 13.42949 1.728441
-0.1407421 -14.88297 -0.1016685
-0.1391719 5.233984 2.254488
-0.130153 5.531015 2.31522
-0.129617 1.544664 -0.01197656
-0.1257563 6.016081 0.4215062
-0.1079431 4.609474 2.656486
-0.1029457 10.47071 2.625971
-0.09993069 5.662558 2.285104
-0.09923694 4.199584 0.1453115
-0.09066588 1.746292 0.008315605
-0.08447657 1.004957 0.008974468
-0.08045 5.816509 0.3029501
-0.07239179 11.23666 2.411963
-0.07109091 4.729021 2.558471
-0.07055493 10.6422 3.752543
-0.06665564 4.755786 0.4833534
-0.0664641 -14.74151 -0.8591358
-0.06589999 5.661026 2.18977
-0.05957713 -14.74602 -0.4405164
-0.051686 3.5687 0.09443857
-0.0476063 5.654342 2.957697
-0.04386232 -14.73174 -0.7075463
-0.03894379 10.5654 2.481071
-0.03587675 2.353998 0.05793205
-0.03395867 10.48796 4.422067
-0.03206433 5.058259 0.441072
-0.01491248 3.039872 0.04659688
-0.01265564 -14.59282 -0.2741841
-0.009922709 0.9386785 0.04277907
-0.008695622 4.603231 2.346647
-0.004087994 4.277623 0.1440164
-0.001082186 10.51413 4.308316
0.006803489 2.220286 0.01646896
0.01723038 -14.72417 -0.6133366
0.01813504 2.452973 0.0551531
0.02101073 10.55631 2.289012
0.02286611 5.498036 3.011324
0.02302214 4.555775 2.794361
0.03018689 5.574817 2.236186
0.05026367 10.65488 1.974748
0.05483489 3.011807 0.04062352
0.05730093 3.895629 2.297863
0.0583376 10.79125 3.44964
0.06637022 0.9201194 0.07618487
0.07791612 9.765661 5.163507
0.08720861 10.34628 2.718149
0.0880992 2.83891 0.04757616
0.09570972 4.42386 2.243054
0.102267 4.526714 0.1442368
0.1115144 -13.57401 -0.6774881
0.1160668 3.639637 0.08464333
0.1192495 11.34478 1.886076
0.1205819 4.597174 2.815555
0.1275929 5.323512 3.014727
0.1311448 10.85498 1.401304
0.1387905 10.69674 4.031902
0.14291 11.01072 2.737872
0.1467762 4.673597 0.4686638
0.1677515 5.492918 3.283003
0.1695201 10.76553 3.775525
0.1753952 11.02293 2.356697
0.1767968 -13.56165 -0.2876331
0.1792468 0.8526297 -0.01831054
0.1850185 -13.54351 -0.09503611
0.1857156 5.653049 0.267888
0.1899372 4.80507 0.5921183
0.1966777 10.78092 4.532938
0.2015485 -13.66314 1.97971
0.2049591 5.352145 3.112571
0.2135578 10.93955 2.541135
0.219826 4.62849 2.831797
0.223755 10.11227 4.128227
0.2240772 4.716568 0.4991955
0.225263 4.660628 0.3184585
0.2283904 10.93367 2.185086
0.2437832 10.86671 3.636119
0.2621265 -13.6347 2.415964
0.2665549 4.739191 0.8178524
0.2699604 -13.63755 1.71941
0.2764418 10.90319 2.332298
0.292549 0.8842582 0.009957111
0.2939483 9.815785 5.171964
0.2992212 -13.52563 -0.2682261
0.3017946 10.86108 1.987887
0.3058205 -13.54084 -0.7415653
0.3070857 3.038811 0.03784306
0.3130931 10.8973 3.45186
0.3138085 5.575821 0.2506196
0.3205814 -13.66109 4.728717
0.3260792 2.403443 0.01389658
0.3320349 10.82429 2.830122
0.3466973 6.252985 0.508496
0.3492327 5.052701 3.083242
0.3605879 -12.57498 5.48975
0.3648659 10.79122 1.770273
0.3705187 5.356037 0.1487911
0.3715886 -13.61373 0.7154043
0.3721722 0.8303545 -0.04121506
0.3730713 10.54871 2.610532
0.3769715 10.84794 1.390831
0.3793862 -13.5536 -0.53712
0.3817237 3.76055 0.06982633
0.3912514 10.81811 4.045973
0.4097676 10.67788 3.726105
0.4101313 -13.6725 4.313418
0.4109733 10.90396 5.559009
0.420076 10.46471 4.392632
0.4206333 5.859356 0.3652766
0.4306707 -13.5977 2.392999
0.4452792 7.249695 3.063449
0.4496717 10.60504 2.44341
0.4591947 10.30841 4.189261
0.4600274 9.682361 5.216118
0.4607261 -14.73044 -0.7800346
0.4658769 10.70888 2.125619
0.4709486 10.41545 3.466044
0.4766926 9.881605 5.493805
0.4790613 -13.63829 2.195992
0.4873064 6.270294 0.586077
0.4886287 6.172711 0.4877691
0.4916521 6.833796 0.6722343
0.4922936 0.9299241 -0.0165524
0.4929103 10.76246 5.293015
0.4968031 7.482573 3.052378
0.500275 -13.64156 2.663526
0.5062551 9.694757 5.093717
0.5086973 2.455293 0.001438398
0.512624 -13.53792 5.101355
0.5218966 5.631134 0.1477355
0.5231076 10.74633 2.273102
0.5301541 9.864859 5.815379
0.5353103 5.631061 0.3438425
0.5376174 -14.79821 -0.3234752
0.5391144 3.141722 0.02954497
0.5399401 -2.410475 -0.07127001
0.5427983 10.50534 3.304894
0.5438462 10.47778 4.084926
0.5512028 3.01039 -0.0008724002
0.5570334 10.95903 1.982165
0.5614803 3.777488 0.06014828
0.5673196 5.474431 0.2205692
0.5675244 10.7429 2.799469
0.5721601 1.584409 -0.0603646
0.5823229 -13.64456 4.937323
0.582621 -15.00405 0.05582971
0.5872942 -13.68764 6.96015
0.5873624 -14.73222 -0.81875
0.602099 10.14571 3.77397
0.6051628 8.148009 4.284873
0.6110688 -15.09963 0.2048996
0.6211358 3.176693 0.02680252
0.6214927 -14.74756 -0.866343
0.6219252 10.84393 1.382369
0.6249277 3.010319 -0.007553846
0.625226 -14.75731 -0.4654895
0.6259512 10.31103 3.586697
0.6282205 7.450459 4.270126
0.6293781 7.272549 0.8337328
0.6303963 0.8058993 -0.07724744
0.6307082 5.450086 0.1427754
0.6324555 6.284269 0.5835475
0.6381105 10.96826 2.694114
0.6412915 7.2369 2.946997
0.644924 8.264218 3.005039
0.645129 5.913594 0.4583196
0.6501468 6.826667 0.6592872
0.6522444 -13.72948 6.219682
0.6586258 7.933118 2.77099
0.6596531 8.010505 2.977326
0.6608659 -12.55203 5.484111
0.6651233 10.94849 2.32208
0.6701648 -14.8455 -0.3269261
0.6722617 9.71653 5.228037
0.6851009 9.962983 4.880231
0.6889289 10.74411 1.207373
0.6895422 7.493944 3.674695
0.6895526 5.419233 0.2053937
0.7003614 -14.74866 -0.6643091
0.7036789 7.317225 3.849478
0.7039958 7.476345 4.137624
0.7081462 3.22466 0.02356763
0.7093791 8.548798 4.342037
0.7159922 2.049309 -0.06483358
0.7169333 10.7578 2.117804
0.7184541 10.98627 2.507336
0.7189251 7.834085 4.733134
0.7233686 1.846893 -0.08906542
0.732051 1.648119 -0.08353881
0.7330294 1.023062 -0.07226277
0.7344561 5.289021 0.1368093
0.73919 3.770413 0.0499888
0.7415197 7.044731 3.585042
0.7436829 2.899257 -0.01428403
0.7471275 2.657072 -0.0175906
0.7539461 5.705328 0.4390046
0.7564328 6.113027 0.5657751
0.7590641 7.123336 4.076746
0.7592217 6.416917 0.6129375
0.765021 7.270883 3.064862
0.7701221 10.67982 2.23446
0.7748922 10.35076 4.016214
0.7754386 10.22927 6.014348
0.789887 8.145643 3.165285
0.7931477 10.53211 3.286391
0.7990884 10.78435 1.930765
0.7994396 5.623785 0.3218928
0.8042185 7.154513 3.872188
0.8071637 1.43313 -0.08155032
0.8218049 7.271661 4.401055
0.8270022 7.533967 0.851011
0.8378379 7.031561 4.150408
0.8411298 1.114831 -0.090638
0.8413405 7.974193 2.775703
0.8420826 3.823386 0.0446017
0.8448421 7.305533 3.567938
0.8581225 7.158288 2.780189
0.8641117 10.67498 2.610391
0.8701976 8.193412 3.025124
0.8738652 2.637973 -0.02551311
0.8742413 5.826843 0.4248371
0.8752187 6.893367 2.909689
0.875771 10.8226 1.720876
0.8793715 6.866438 3.487295
0.8861065 6.855777 3.917712
0.8862581 -14.81604 -0.3242641
0.895907 5.748264 0.4332938
0.9037052 6.154025 0.5647581
0.9051121 10.8802 2.299482
0.9086767 6.398777 0.599741
0.9200502 5.255853 0.1766395
0.9228308 2.582952 -0.02694606
0.9228815 3.775335 0.03925447
0.9240713 3.0121 -0.03057395
0.9327397 0.6244746 -0.1115209
0.9343443 6.974279 3.778973
0.9360905 5.637663 0.3118953
0.9370833 2.816103 -0.02921164
0.9384823 -14.74842 -0.6271135
0.942096 1.768823 -0.09967156
0.9434857 -12.81838 -0.7140031
0.9467819 1.956368 -0.0673622
0.953155 6.796596 3.575652
0.9576629 -15.07899 0.1715458
0.9582382 1.326103 -0.08386511
0.9588758 -12.85573 -0.5692206
0.9670324 -14.77148 -0.479329
0.9681825 3.302564 0.01479395
0.972253 6.903382 4.074819
0.9724438 10.97001 2.483468
0.9730738 7.236471 4.385014
0.9733288 10.89098 2.129583
0.9786078 2.139211 -0.07995639
0.9893137 8.100365 2.939881
0.9958596 7.136269 3.47223
1.006863 11.07983 3.641226
1.014512 -14.81076 -0.3485868
1.015066 7.086759 2.743335
1.015164 6.503956 0.7295679
1.022933 7.86929 2.892437
1.026736 6.899498 2.913002
1.034778 10.46455 3.242631
1.04319 6.897541 3.494359
1.045297 10.92438 2.258115
1.051034 6.352613 0.5854468
1.057386 10.87531 1.925939
1.063726 0.6032147 -0.1315133
1.078004 11.01405 2.851856
1.079503 2.629823 -0.03766557
1.080593 -13.03493 -0.2763941
1.080912 6.946137 3.767885
1.081869 7.034142 2.580613
1.08644 -13.0794 -0.120709
1.092476 5.209027 0.1264164
1.094251 6.709582 3.962004
1.096352 6.647472 3.648211
1.098557 1.379908 -0.09963374
1.101268 6.76536 3.55749
1.101668 8.609968 2.982064
1.109861 1.049507 -0.1186549
1.116392 10.77631 2.621796
1.122316 5.64135 0.3880643
1.125635 3.832272 0.02846819
1.125778 5.813575 0.5318577
1.129171 3.286503 0.009633468
1.135389 2.592782 -0.04078314
1.136691 6.011012 0.5484929
1.137895 5.607978 0.4115126
1.142785 10.78385 2.27239
1.144316 6.88869 2.514864
1.148624 -12.95854 -0.4206465
1.150276 2.236126 -0.09142593
1.152973 1.73815 -0.08379479
1.15302 1.585804 -0.1060702
1.16085 6.544993 3.986516
1.16763 1.820961 -0.09879617
1.168923 8.530554 2.798379
1.168969 0.5530208 -0.1463946
1.170469 2.153176 -0.08835101
1.194885 10.69884 2.406625
1.211797 6.752375 0.7471206
1.212154 6.467811 3.136343
1.218431 6.859001 2.507657
1.221285 8.108641 2.807557
1.226331 -13.01918 -0.2404625
1.23333 5.522097 0.3699336
1.24366 8.60875 3.117233
1.246766 7.198515 2.499177
1.256668 -13.36381 -0.6409804
1.259036 6.781456 3.564139
1.260856 5.917798 0.5321104
1.273497 11.18305 3.656747
1.276031 6.725439 2.595367
1.285107 6.470177 3.687225
1.289411 10.72888 2.774938
1.290057 -13.28585 0.471475
1.298225 7.78916 2.999538
1.29963 5.240661 0.34325
1.303313 -12.01815 3.412313
1.306678 -13.42317 4.181166
1.307781 1.01923 -0.1417462
1.308515 -14.72761 -0.8728291
1.309281 -15.12334 0.138931
1.311322 -12.49541 4.667917
1.314363 -13.22146 0.2726376
1.314405 5.096009 0.1191838
1.31993 6.627038 4.045235
1.320158 6.334433 3.336571
1.323292 -14.73095 -0.7642587
1.324214 3.349434 0.003243592
1.325056 -13.2652 2.272824
1.325359 -12.76844 2.022754
1.327599 5.043849 0.2523543
1.336871 10.86585 3.338136
1.341131 6.442238 3.812399
1.342412 -13.32601 4.390851
1.343146 6.344954 3.071381
1.344413 3.901216 0.01747173
1.344702 1.753023 -0.09435046
1.34581 2.707777 -0.061402
1.347015 2.575628 -0.0532035
1.349491 -12.14699 4.382227
1.352721 0.4107008 -0.1707719
1.356608 6.536801 2.144011
1.362343 2.140144 -0.09630717
1.362978 0.7413329 -0.1403714
1.364558 6.403211 3.502889
1.366127 8.509319 2.779926
1.366709 0.3786979 -0.1711388
1.367744 1.296649 -0.1199092
1.368368 -12.68212 1.818414
1.369091 6.79002 2.750758
1.387559 5.755437 0.5207492
1.40044 -12.0406 3.224952
1.400736 6.901617 0.75475
1.407192 -13.64172 4.064309
1.410245 -13.22545 -0.1328672
1.410619 5.136184 0.1245256
1.414982 -13.32123 1.174212
1.419309 7.21856 2.501815
1.433437 9.069569 2.026174
1.435769 0.6122733 -0.1443735
1.436784 -13.25436 0.9803302
1.43953 8.436728 2.582727
1.441606 -12.63496 1.601615
1.445919 6.261641 3.712487
1.452347 1.805906 -0.1039912
1.452934 -12.45216 4.30948
1.453263 -13.2266 0.1029322
1.458698 6.22564 2.285824
1.461315 -13.22933 -0.5565131
1.465678 4.88299 0.111272
1.482178 0.8623127 -0.1426384
1.485728 2.54752 -0.06177998
1.487417 2.670677 -0.07178837
1.488665 -13.24173 0.7713931
1.495934 -11.85447 3.538042
1.499086 5.715344 0.4982426
1.50182 0.2224699 -0.1881943
1.503346 6.33564 3.464116
1.504979 6.145484 3.112668
1.507929 0.1114977 -0.1857737
1.510095 5.059268 0.3138076
1.51806 -13.22155 -0.3448089
1.521341 -0.1054029 -0.1915804
1.530065 3.852127 0.0064899
1.531111 2.179084 -0.105647
1.540091 -12.52197 2.132943
1.543256 -12.36467 4.089869
1.54364 4.927582 0.231931
1.551189 3.450337 -0.005704341
1.553197 -13.23893 -0.6588253
1.553945 0.5770643 -0.160552
1.555284 10.88861 2.810586
1.556657 -12.21612 4.552598
1.557042 4.780834 0.09970623
1.557786 1.538488 -0.1380026
1.560635 6.139229 3.245455
1.568618 6.181049 3.672944
1.571067 1.234441 -0.1362136
1.575882 7.294611 3.084175
1.578447 7.812647 2.836064
1.579182 1.182465 -0.1340501
1.580637 5.502973 0.4744779
1.583633 -12.00019 3.408027
1.587242 8.618659 2.804315
1.592626 -13.28392 4.122813
1.5954 6.732531 2.591021
1.600122 -13.28596 0.4625035
1.605271 6.150905 2.372382
1.607215 0.0003147307 -0.1992845
1.608075 6.605328 4.054362
1.610882 7.378734 0.9360825
1.617567 -12.04548 4.342519
1.620101 6.796331 2.885049
1.621021 -12.35672 1.769785
1.622469 6.468779 0.6996234
1.634908 6.404155 2.094732
1.635099 6.077057 3.08012
1.635628 6.13873 2.140261
1.639471 8.405438 2.56022
1.643694 8.69721 3.150399
1.644707 9.046381 2.008135
1.646475 4.678692 0.08926708
1.649511 -13.21094 5.796789
1.650879 -12.70997 2.471133
1.655113 0.8080348 -0.1641018
1.65615 4.882444 0.221259
1.65706 6.157593 3.519397
1.66161 7.320356 0.7885032
1.669944 5.128214 0.3544379
1.673177 -13.11713 1.293804
1.675603 7.452511 3.012141
1.680061 -11.78789 3.657578
1.681361 7.428316 2.692487
1.686592 8.638635 2.087276
1.689587 -13.03167 -0.2800179
1.694337 6.377339 3.931344
1.699888 2.198027 -0.114662
1.702308 6.137313 3.251374
1.702354 -13.10042 -0.1414131
1.702545 -12.36916 2.208764
1.706932 -13.1625 1.14709
1.714913 4.041088 -0.003304787
1.715726 2.6285 -0.08959821
1.718369 1.475381 -0.1491708
1.723805 4.553536 0.07790637
1.72532 -0.3768698 -0.2262256
1.729842 -12.55702 1.59503
1.731298 -12.33358 4.273852
1.733734 -12.95717 -0.5465887
1.743521 1.125274 -0.1489085
1.743838 5.582026 0.471855
1.744139 -0.1699612 -0.2192328
1.745029 -0.5169259 -0.2296667
1.745647 4.788315 0.2117127
1.747963 -0.6109331 -0.229624
1.753156 3.468254 -0.0129516
1.755044 1.735738 -0.1175802
1.755213 6.272571 2.050617
1.755269 -12.84316 -0.6831014
1.760966 -12.06313 2.040516
1.761574 0.7058932 -0.1746367
1.765694 -11.82663 3.525289
1.772136 2.481297 -0.07938072
1.772928 6.157436 3.813692
1.774525 0.4727013 -0.1884398
1.779586 7.437566 1.280117
1.780807 13.84116 2.882582
1.787985 -12.52406 2.767065
1.790522 -14.88998 -0.901782
1.801111 -12.09973 4.014076
1.802367 6.343575 2.7135
1.805962 -14.92852 -0.7515894
1.812701 -12.05904 1.894818
1.822226 8.309919 2.520624
1.822371 0.3036649 -0.1903083
1.822795 -0.9511733 -0.2460181
1.823689 3.806031 -0.008385746
1.833928 6.112868 3.654213
1.834816 6.766202 2.747649
1.836057 -12.23602 4.550226
1.837796 7.359146 1.096001
1.838095 -14.7875 -0.942273
1.841524 -12.82631 -0.7888507
1.856316 -12.10865 2.356112
1.85703 7.235412 1.894867
1.857456 4.915848 0.2780673
1.859265 5.505879 0.4597576
1.864081 -11.9852 3.405777
1.866121 6.333457 2.581345
1.870433 4.603402 0.06679282
1.871742 13.84035 3.068153
1.878152 3.514203 -0.01760754
1.878977 -1.09935 -0.25872
1.879913 4.585884 0.09761471
1.879953 7.453642 1.437787
1.884719 6.033164 3.302541
1.890369 -12.76476 2.661266
1.895344 6.219345 2.033259
1.896708 6.177635 2.654096
1.917012 -11.58082 3.584457
1.919664 -0.3303396 -0.2468025
1.920478 -12.20048 4.395973
1.922462 4.746593 0.2616655
1.923607 -12.89148 5.676703
1.939725 -12.01188 2.153826
1.946739 0.6124498 -0.2067422
1.947483 0.6206077 -0.1965296
1.948734 6.122472 3.110404
1.955106 -1.635719 -0.2836473
1.956362 1.848516 -0.1360527
1.957372 5.37965 0.4435616
1.959836 1.322245 -0.164007
1.960153 1.489286 -0.1506315
1.961742 2.496145 -0.09180348
1.968256 -0.5914441 -0.2526518
1.969452 -1.42067 -0.2813824
1.970536 1.085992 -0.1710504
1.970804 4.360061 -0.01571524
1.978942 -12.79202 1.824574
1.982486 -1.358672 -0.2820346
1.984616 9.026635 3.10304
1.985224 -12.06925 3.249745
1.989941 6.126132 0.6508178
1.993181 0.2363643 -0.2134687
1.994588 -12.16628 4.221351
1.995661 -15.14481 -0.03455501
2.001743 6.183845 3.708549
2.001749 -1.594812 -0.2912009
2.004073 5.979387 3.333198
2.008795 -11.64332 3.470122
2.013014 4.60991 0.09479041
2.021475 -15.16706 0.07240081
2.029888 -11.99646 2.014279
2.035526 2.468076 -0.09719528
2.043394 -1.973075 -0.3089645
2.053427 7.634069 2.307139
2.055707 -14.86472 -0.4250458
2.064074 1.862417 -0.1441837
2.072732 -11.96009 3.982541
2.074181 13.89042 1.710637
2.074223 -0.9687092 -0.2692708
2.077373 -1.670928 -0.2770825
2.07772 8.968973 2.900365
2.077874 -12.85951 1.634682
2.080001 7.542714 0.7954156
2.083394 5.989213 3.607327
2.083911 7.490534 1.646828
2.084409 13.94388 3.339586
2.092904 4.511882 0.0913164
2.097829 -12.1346 4.505908
2.104452 -0.1007997 -0.2242356
2.1132 13.85671 2.085266
2.1159 6.163847 3.138163
2.119933 -12.76531 2.805047
2.122149 3.762092 -0.0285817
2.123548 0.400368 -0.2140106
2.123922 0.3992403 -0.223536
2.124566 -11.84362 3.372085
2.126678 4.326824 0.08817672
2.127378 -12.2428 1.913015
2.130189 1.297079 -0.1794191
2.131684 1.110757 -0.1897854
2.135765 -14.75583 -0.7823456
2.148775 5.148241 0.4141385
2.14934 6.736335 2.746217
2.153389 -1.135923 -0.2835991
2.154202 5.015891 0.3286907
2.164074 7.504517 1.274483
2.164672 7.570985 2.902013
2.169214 7.480177 1.806937
2.171076 7.849804 2.826916
2.177036 1.791373 -0.1475294
2.181769 7.523221 0.9466121
2.186162 7.508777 1.473688
2.187349 6.168055 2.670885
2.187453 13.81987 2.631149
2.190107 4.791671 0.3132854
2.190452 4.308971 -0.02781964
2.191009 -14.80105 -0.9858998
2.193688 6.023407 3.308148
2.199104 -12.80957 2.66345
2.209378 -1.609183 -0.2974883
2.213645 8.483225 4.065482
2.215989 5.323841 0.4749945
2.223348 -11.98772 2.154478
2.229181 -12.34153 4.445826
2.233281 7.578773 2.284239
2.239197 7.414269 2.67235
2.240302 4.618501 0.3012989
2.242874 7.387412 2.715059
2.244923 -11.88972 3.669585
2.250102 7.426326 1.629311
2.258527 7.512125 1.091911
2.260398 -2.000434 -0.3113947
2.262629 7.440593 1.952978
2.26735 6.354619 3.992562
2.274421 6.109757 3.695459
2.278841 -1.57732 -0.308428
2.280133 -11.64036 3.466613
2.280685 6.190146 3.16026
2.282068 0.2080213 -0.2404817
2.286545 6.116753 3.28311
2.289695 7.305 1.23593
2.289783 -12.84096 1.828219
2.289947 13.83636 3.547764
2.292986 2.248797 -0.1481169
2.293029 1.063568 -0.204582
2.294376 -14.9395 -0.3344466
2.294647 -13.36505 -0.9192345
2.297285 7.303033 2.534272
2.29772 1.805263 -0.156497
2.299605 4.479348 0.2902825
2.303506 7.030038 2.536233
2.305121 -11.95272 1.992947
2.30969 -11.69013 3.908994
2.310875 -0.33118 -0.2525626
2.314084 5.923737 3.26405
2.314134 4.074889 -0.03486453
2.314406 7.30807 1.42773
2.318615 -12.34999 4.29197
2.322457 6.918079 2.662122
2.323419 -14.78469 -0.8408852
2.323748 13.84148 2.753845
2.325656 -12.31225 3.326185
2.325805 9.031991 3.281396
2.329015 -0.1189923 -0.2401433
2.329697 -1.374357 -0.3139567
2.332347 7.122271 2.629591
2.332686 -12.57887 1.60454
2.335356 -14.83155 -0.641945
2.335468 13.94055 2.376492
2.338483 4.94591 0.3893604
2.342326 1.280858 -0.1996328
2.349001 7.190397 1.038188
2.350116 0.8355817 -0.2022639
2.351665 0.1019181 -0.2481824
2.353413 -0.569272 -0.2581933
2.354204 5.861687 0.6139706
2.361169 -14.80986 -0.8955404
2.367026 3.954862 -0.03726944
2.368256 -0.6313047 -0.2603406
2.369501 4.09378 0.07956755
2.369929 -14.89122 -0.5401677
2.37278 -3.206452 -0.407218
2.375444 13.75812 3.285061
2.38385 4.343869 0.0826036
2.383869 -12.06922 1.87916
2.392707 6.569876 2.298228
2.393725 6.082009 3.522988
2.395177 -12.64876 2.767647
2.399644 7.076419 0.8939618
2.401646 7.494382 2.254445
2.410439 -0.1811399 -0.2513142
2.414705 -14.89806 -0.4517681
2.418503 -14.83222 -0.9229961
2.429367 6.41311 2.787828
2.433761 0.03991518 -0.2473205
2.435155 -12.47258 2.590876
2.436364 7.189683 1.21195
2.436972 6.411564 2.323379
2.450114 6.997718 0.7266869
2.452255 5.721444 0.5970041
2.455012 7.41869 3.183707
2.460912 4.536346 0.2891524
2.463559 0.8124281 -0.2142868
2.465007 6.319908 3.06449
2.468514 4.050783 0.07699075
2.478059 1.230685 -0.1966692
2.483613 14.40056 1.763541
2.48665 7.367273 3.542404
2.489438 7.241949 2.953908
2.491684 6.760933 2.772196
2.493655 2.231712 -0.1595716
2.494143 4.36119 0.278286
2.495027 1.165677 -0.1969096
2.500724 7.083088 1.014779
2.517462 2.423682 -0.1286946
2.524376 6.043093 3.339956
2.525317 4.757611 0.3665404
2.52783 14.31426 2.122667
2.534048 5.056055 0.3911928
2.535743 1.165708 -0.2140421
2.547108 3.688931 -0.04199841
2.547689 6.071254 3.533436
2.550354 -12.68059 2.465693
2.553086 3.88191 -0.04491871
2.554057 1.825031 -0.1752923
2.560655 6.094837 3.136438
2.56281 6.296009 2.28621
2.566434 -0.3163977 -0.2710384
2.567447 6.083273 3.718385
2.570017 0.7822806 -0.2257674
2.574291 3.825726 0.07193729
2.594812 6.056935 3.881429
2.595612 13.51216 2.666795
2.615259 5.256752 0.4671624
2.618798 4.153804 -0.05047123
2.620778 4.986469 0.4473066
2.623092 -12.36595 3.805781
2.628168 2.415582 -0.1367298
2.62967 4.104823 0.0739019
2.630081 4.513985 0.2035156
2.63296 1.793985 -0.1789709
2.633819 6.10333 3.478356
2.63514 -13.47768 -0.9677752
2.64359 6.718908 2.766248
2.656429 13.20976 1.939469
2.659806 13.48504 2.796495
2.664461 3.647717 -0.05314878
2.672845 7.348244 3.539664
2.685674 -0.8539315 -0.3079537
2.690044 6.429228 2.663795
2.694818 3.888045 0.1172252
2.696146 -12.65576 2.757683
2.696706 4.043845 0.2533557
2.708541 6.025803 3.286148
2.710555 -0.7919697 -0.3113738
2.712939 1.172502 -0.2324129
2.718391 0.6921051 -0.2391631
2.720956 -0.2855355 -0.2806079
2.724326 3.552683 -0.05640297
2.730263 4.377084 0.3306681
2.732296 3.753934 0.1095544
2.737578 4.625422 0.3492109
2.747101 6.454669 2.434223
2.750934 6.154429 3.180506
2.754719 -12.56818 2.606229
2.755376 -12.54795 3.730489
2.762741 -12.9529 3.507842
2.770389 2.159644 -0.1719524
2.771588 -15.31916 -0.8796689
2.773889 6.200924 3.812602
2.774205 7.800004 2.527051
2.778708 7.284901 2.370172
2.779625 2.278707 -0.1694554
2.780284 5.015511 0.4496665
2.804473 1.81782 -0.1923493
2.809644 -12.46902 2.428761
2.820701 2.47441 -0.1509212
2.828018 -15.60515 -0.6846018
2.831358 2.106636 -0.1739567
2.840719 0.9481918 -0.2538957
2.841019 3.570813 -0.05138406
2.844577 4.870353 0.4384071
2.849858 6.463743 2.287173
2.856305 3.68373 0.0643699
2.859455 -12.5798 3.588903
2.865262 -15.63989 -0.588335
2.866232 3.902696 0.242272
2.877249 6.469792 2.692343
2.891625 6.340417 3.634995
2.894821 6.388993 2.827834
2.895548 1.696811 -0.1926254
2.896277 -0.4969505 -0.314086
2.910185 3.583699 0.06157683
2.91661 7.998589 1.927453
2.919012 1.182265 -0.2536667
2.919778 -1.005393 -0.3431105
2.922502 2.22735 -0.1542412
2.928124 3.641632 -0.06677454
2.92931 0.6738079 -0.262547
2.931483 6.750799 2.212999
2.932914 8.879494 2.861414
2.935115 8.944389 2.337795
2.935329 4.781275 0.4327221
2.939791 -15.14222 0.2972641
2.948875 7.102517 2.493877
2.954332 4.58208 0.4190803
2.954728 6.548323 2.482738
2.96011 -12.56524 3.859819
2.960234 4.37287 0.4044107
2.960537 -2.746193 -0.4358867
2.970085 6.263388 3.252128
2.973785 7.972198 2.387649
2.976451 -15.55181 -1.041731
2.97899 -15.48857 -0.9101174
2.988051 4.123775 0.3054062
2.994357 6.32639 3.099411
3.005054 3.608953 0.1353279
3.007957 7.037621 2.12112
3.010973 8.866129 3.061999
3.015953 6.450149 2.525524
3.017445 -2.543217 -0.4407975
3.027147 7.568651 2.272254
3.034271 2.205263 -0.1611591
3.039478 6.418639 3.96958
3.052797 -0.5460801 -0.3216358
3.053807 0.4116794 -0.2711433
3.056038 6.48625 2.714803
3.059225 1.968602 -0.1821627
3.062025 -1.476768 -0.3691461
3.065211 2.122246 -0.162064
3.070256 -1.305736 -0.3679135
3.078173 1.621673 -0.2034165
3.078265 6.469243 3.544098
3.085656 -12.69168 2.627326
3.085805 6.65857 2.424497
3.086312 6.409294 3.700704
3.093384 6.467466 4.202871
3.095428 7.942182 2.767033
3.099951 -4.399635 -0.5687326
3.101433 3.671463 0.2251297
3.107248 6.646732 2.360368
3.110355 0.640549 -0.2828056
3.118722 -0.6873491 -0.3441448
3.126855 8.894916 3.27362
3.129111 3.921533 0.2877219
3.138112 8.897388 2.331692
3.14345 -0.01339411 -0.2743505
3.148204 0.9648038 -0.2877083
3.151058 1.041837 -0.2626446
3.165876 7.766996 2.525273
3.170246 0.3525265 -0.2828867
3.170306 8.768094 3.35986
3.172185 -15.48526 -0.8973778
3.178173 4.269784 0.3977223
3.210756 4.396521 0.4652171
3.212343 -15.50669 -0.9583228
3.237672 -37.80026 2.667593
3.244723 1.057935 -0.2833372
3.253818 0.2864134 -0.2914171
3.25457 6.869346 3.818308
3.277412 6.759614 2.045257
3.282148 6.53367 3.655672
3.284243 3.922568 0.2848766
3.28589 0.6687233 -0.2946331
3.29563 8.184699 2.166944
3.296416 -1.061684 -0.3673679
3.299845 8.513692 3.271604
3.315411 6.617846 3.910742
3.323955 -0.7635404 -0.3563098
3.32449 0.06233745 -0.2960396
3.325244 8.044971 3.107263
3.325951 6.78715 2.238189
3.327353 0.9325858 -0.3065693
3.330566 4.273808 0.398865
3.338655 4.095632 0.3866532
3.340362 6.973748 3.101705
3.344157 -0.9907507 -0.3735563
3.347831 3.064624 -0.06439154
3.349423 2.204973 -0.184486
3.363687 0.5136714 -0.2990506
3.375428 1.587414 -0.2241413
3.381797 8.123406 1.962047
3.388064 6.880174 2.511944
3.401485 -1.043643 -0.3626415
3.40434 -37.9451 2.058089
3.406402 -0.8686759 -0.3662588
3.409981 0.2211901 -0.3086494
3.412133 6.844095 2.875784
3.41249 0.6088749 -0.2886802
3.419643 8.469314 3.675603
3.421614 6.839546 4.256152
3.425482 6.779752 3.039335
3.436777 3.007584 -0.0673742
3.439694 6.84792 3.363484
3.454332 1.53037 -0.2274788
3.460231 14.75579 3.776221
3.467736 0.1451246 -0.3133798
3.470131 4.532875 0.4776063
3.474171 2.065885 -0.1907041
3.476271 0.5388187 -0.293592
3.477876 3.12421 0.05571098
3.495181 -1.89268 -0.4377206
3.495847 3.298645 0.1032241
3.515078 8.210072 2.182671
3.521192 2.046338 -0.2137474
3.522124 6.849068 2.078408
3.525551 1.917177 -0.2229313
3.535243 7.655737 2.504915
3.554196 0.900317 -0.3028188
3.56858 8.062351 1.953193
3.583848 4.156868 2.462523
3.594082 6.771394 3.551957
3.59513 4.868378 2.038576
3.596296 4.362958 2.544198
3.598855 1.922785 -0.1978675
3.598968 7.149755 2.737946
3.609762 2.035754 -0.2010569
3.611012 14.85563 3.514494
3.626167 4.862759 2.064701
3.64157 6.877963 4.090244
3.64678 -2.086007 -0.4619964
3.648046 14.34071 3.09161
3.651658 2.915487 -0.07501141
3.655128 4.460112 2.950264
3.656432 0.4796036 -0.3120788
3.662601 -38.07338 2.108197
3.664689 3.062477 -0.07678031
3.664787 -37.76308 1.672048
3.665626 7.408417 2.634043
3.670086 1.916311 -0.2190762
3.677452 4.640898 3.426931
3.677621 0.840158 -0.314999
3.687511 3.012066 0.04466625
3.697904 -2.736359 -0.4848169
3.699192 0.3832884 -0.3322488
3.701489 7.710381 2.076759
3.71802 4.757465 2.044553
3.730286 4.655613 3.048829
3.739785 4.681994 2.877139
3.755239 4.58875 2.000845
3.757379 14.08365 3.332377
3.765512 -2.273295 -0.4832296
3.813009 5.007617 3.033542
3.815335 4.709751 2.906338
3.825463 4.843523 1.921088
3.830807 4.755436 2.042897
3.833575 5.183739 2.361987
3.842165 5.402092 2.258673
3.849314 -2.98972 -0.5112989
3.855253 4.815631 2.591702
3.866496 4.811879 3.357031
3.877394 2.713954 -0.1149908
3.894086 5.179042 2.92516
3.900544 2.915229 -0.1166585
3.906095 5.293465 2.588095
3.908063 3.36111 0.1972278
3.914115 5.54193 2.491342
3.936914 3.589854 3.055799
3.937741 5.57717 2.689698
3.939565 3.065979 0.03672207
3.94574 3.495923 2.317579
3.94694 1.881472 -0.2227794
3.964819 3.622778 2.534157
3.96944 3.544569 2.668648
3.977436 3.595999 2.509965
3.978518 -1.116663 -0.4419883
3.978847 5.211918 2.762924
3.984962 3.432241 0.2463914
3.989135 -2.670832 -0.5224977
4.002317 5.194265 2.573584
4.010025 5.515551 2.885203
4.012875 3.286659 1.997689
4.014148 -38.22446 3.680485
4.01781 3.466604 2.674095
4.034708 5.214541 2.404843
4.066108 -1.523045 -0.4718404
4.066234 3.490143 2.181606
4.066696 0.1551585 -0.3498712
4.067531 3.160565 0.08122279
4.073049 3.760602 2.973226
4.08353 1.832341 -0.2329471
4.087345 2.704276 -0.09131519
4.090912 3.362228 0.2428125
4.100167 3.288804 2.461665
4.103034 3.319733 2.303735
4.106329 1.602715 -0.2804982
4.109705 -1.650148 -0.4785514
4.111491 0.2531062 -0.3553102
4.120817 2.769782 0.02291014
4.127182 2.915843 0.02659415
4.133922 3.240007 0.1892631
4.138256 3.685065 2.138576
4.144045 3.365547 2.847886
4.147358 3.347709 3.042382
4.165749 3.502836 3.109839
4.16579 3.477608 1.926751
4.171082 -1.909308 -0.48825
4.193738 -0.3089242 -0.3933241
4.207038 2.580099 -0.1316554
4.208938 3.44544 2.204056
4.220607 -0.1159755 -0.3985921
4.221011 1.853036 -0.2530093
4.227785 -2.975376 -0.5629536
4.230641 3.269017 2.325232
4.24418 1.441646 -0.2852694
4.251219 3.161484 2.132902
4.25238 3.305888 2.866035
4.255216 5.596611 4.06016
4.255673 -1.53311 -0.4744354
4.256356 3.240643 2.67771
4.280034 13.57638 1.640924
4.285425 -1.663162 -0.4776525
4.293349 1.716614 -0.2804152
4.293995 4.032758 0.3930119
4.295677 3.280323 1.906691
4.295781 3.213571 2.476955
4.295813 0.3583914 -0.3725902
4.298823 3.157077 2.482651
4.300151 5.314936 2.481568
4.316125 3.226981 0.186703
4.318333 3.381337 0.2421011
4.319538 3.661494 3.021332
4.337503 2.628648 0.01279362
4.34199 2.895427 0.0661191
4.360837 -2.06328 -0.4842757
4.371283 -2.778547 -0.5777981
4.375954 2.822078 -0.1402999
4.386088 3.42127 2.761468
4.388175 2.628135 -0.1027005
4.395756 3.093992 2.323895
4.397022 3.754306 2.883622
4.41583 3.446155 2.257846
4.418196 2.731705 0.02083774
4.4244 3.914768 3.155861
4.433045 3.291422 3.139415
4.441106 3.10494 2.700647
4.447003 3.442438 3.200206
4.454803 13.11219 2.727713
4.458428 4.006787 0.3947743
4.460851 1.661486 -0.2931536
4.461312 2.66252 -0.1499692
4.467324 3.261001 1.943214
4.474818 1.547477 -0.2931865
4.475545 3.341392 0.240793
4.490446 2.579583 0.007583129
4.500985 3.138657 1.922026
4.509861 3.94643 2.808428
4.512579 3.06103 2.499757
4.514632 5.590528 2.194272
4.516374 3.112324 2.08583
4.520305 3.07538 2.889869
4.5414 12.46249 2.602383
4.542591 2.507985 -0.1487686
4.544519 2.905901 2.317772
4.54511 13.2215 2.504739
4.547551 12.03761 3.137166
4.55777 3.948786 0.442152
4.562685 3.111329 3.131117
4.563069 3.102887 0.179422
4.569434 2.969156 2.875454
4.570164 1.886819 -0.2777214
4.576371 2.988735 3.095167
4.595168 4.085241 2.008863
4.595263 1.332338 -0.3094826
4.59933 3.907513 1.965395
4.603782 3.533983 2.700555
4.605337 0.274981 -0.4044839
4.608683 13.13344 2.440912
4.625175 5.68555 2.042585
4.626024 4.096029 2.013295
4.628055 3.630064 2.246688
4.634934 3.975471 0.5992573
4.654043 3.007743 2.724146
4.654191 12.74789 1.543482
4.654459 3.465159 2.868991
4.66998 3.021836 0.175596
4.67158 3.964727 1.991035
4.673884 2.993631 2.753237
4.681406 2.447938 -0.155598
4.686019 34.79303 3.588767
4.691418 3.931088 2.858051
4.694908 -0.05011499 -0.4099988
4.696757 2.934346 3.129502
4.700788 4.071857 0.7801467
4.701832 -0.6736767 -0.4503661
4.705963 13.25485 2.828705
4.706825 3.01567 2.222682
4.716345 2.633744 0.01453602
4.718326 12.53094 2.330513
4.718897 1.823751 -0.286134
4.719422 2.565494 1.610975e-05
4.720902 3.907829 3.066909
4.736289 2.338908 -0.1583083
4.741761 12.44597 2.657211
4.752193 4.024176 2.711603
4.757582 -0.5707561 -0.4573169
4.774188 3.204967 2.472405
4.775481 12.222 2.906246
4.787726 4.174233 2.247735
4.787834 37.7939 4.537607
4.796928 -1.995041 -0.5443625
4.799831 3.247466 0.2357751
4.809437 12.64296 1.721867
4.810481 3.419633 0.2443228
4.810626 1.279132 -0.3256795
4.823071 -0.8058665 -0.464467
4.823335 12.38438 2.593242
4.843436 2.979868 2.787743
4.847189 13.25756 2.144295
4.857209 3.109395 2.657715
4.867026 -0.4699174 -0.4707098
4.867545 3.064905 2.17255
4.877746 -15.24573 -1.350758
4.891338 2.919776 3.211593
4.896948 4.127708 1.148586
4.900172 4.524167 2.172385
4.901701 2.371867 -0.1234324
4.917486 3.273093 2.057759
4.922784 12.61378 1.529625
4.930256 1.815563 -0.2953496
4.935971 4.24311 0.4159914
4.938141 3.378394 0.3670793
4.943924 12.61709 2.036229
4.954505 2.623785 0.009606429
4.955556 3.401475 0.4147966
4.959927 -15.09956 -0.9138905
4.960745 4.047362 3.174784
4.961578 2.931756 3.023549
4.966321 -15.11211 -0.6926806
4.969486 4.28524 3.042078
4.972114 12.51519 2.354856
4.972413 2.554399 -0.008136773
4.97464 4.310589 1.955058
4.990775 2.915923 2.851071
5.003629 2.927686 2.833546
5.004399 3.359016 1.926579
5.008613 2.287815 -0.1272188
5.018776 -1.078182 -0.4875437
5.020796 3.089866 0.1761295
5.022123 2.692463 0.04831388
5.034523 -14.9119 -0.6786615
5.037759 3.074449 0.228505
5.042501 4.30405 2.535108
5.043207 2.446338 -0.01228529
5.043933 2.933682 2.647498
5.049427 2.530766 0.006099117
5.051004 3.072651 2.524436
5.051165 4.215344 0.9516732
5.052656 -15.07136 -1.095748
5.066667 4.204609 0.6592396
5.072405 3.068072 2.053272
5.077109 1.832549 -0.3100122
5.078339 12.45845 1.682895
5.078619 4.230183 1.494856
5.080711 4.202542 0.4699792
5.088025 2.819705 0.1653205
5.10135 4.349246 1.79792
5.103138 -2.786088 -0.6203169
5.104334 3.067133 2.240667
5.104596 3.280664 0.2379439
5.108861 -4.163432 -0.7154198
5.116127 4.403748 1.342335
5.117107 -24.90101 -1.155097
5.119188 4.21425 1.313157
5.12789 -15.05697 -1.219044
5.129881 -0.2173273 -0.4723881
5.149812 4.669416 0.7025183
5.153666 12.31338 1.982596
5.158824 1.515968 -0.3461004
5.159708 4.516308 1.038345
5.160832 2.957005 2.231861
5.163949 4.177368 1.13454
5.164998 3.165493 2.753289
5.166453 4.523188 0.9974712
5.16734 4.30667 1.98263
5.168975 1.735515 -0.314263
5.173538 4.139684 0.9932937
5.175918 -14.96803 -1.376639
5.189191 2.957302 3.357435
5.192347 3.349948 1.793541
5.199328 -25.08735 -1.02767
5.200414 12.52086 2.62726
5.205681 4.718305 0.5087723
5.225871 2.319967 -0.1927736
5.227922 -2.32279 -0.600924
5.24014 4.069764 1.762574
5.241781 3.532497 2.509098
5.245878 4.007533 0.9823463
5.262255 4.009027 1.93532
5.268279 2.661504 0.04322007
5.275732 4.295466 1.814438
5.278249 2.908044 2.724242
5.28008 3.904673 0.6126953
5.288627 4.366867 2.023408
5.290065 3.790828 0.3960891
5.290315 -14.93604 -0.689831
5.292761 -14.93834 -0.9125835
5.295602 2.94173 2.950078
5.300645 3.815269 0.4492996
5.313211 4.218904 1.619609
5.320167 2.241163 -0.3300941
5.320387 -3.066538 -0.6525888
5.322182 1.161658 -0.3631411
5.322419 1.296864 -0.3559221
5.324831 3.971573 2.129202
5.327591 12.54031 2.350933
5.328694 1.656443 -0.3231123
5.335762 -15.03857 -0.2502445
5.355665 -25.47609 -0.9294233
5.355998 1.566167 -0.3255428
5.363612 4.15043 2.180514
5.375869 3.65062 1.888237
5.377658 3.400686 1.836651
5.381342 2.45524 -0.02118118
5.383467 3.028316 3.228703
5.386935 4.891254 2.162959
5.387576 13.222 2.817058
5.388707 3.299553 1.824994
5.409142 12.45333 2.657838
5.434028 3.956329 1.958004
5.445279 2.587505 0.03820422
5.449562 3.615438 1.89233
5.454479 -0.3636862 -0.5036321
5.456208 2.977639 2.323018
5.46368 12.38162 2.609103
5.464942 4.360877 2.449252
5.46502 4.299223 2.040375
5.474117 -0.4461489 -0.4891217
5.474829 2.907402 3.038432
5.496038 3.175929 2.695809
5.5056 3.896779 2.679713
5.510831 -11.06953 -0.9082448
5.512926 3.880997 2.151376
5.52415 2.901798 2.839903
5.527305 2.374553 -0.1497827
5.528515 1.47901 -0.337528
5.55175 -0.1912722 -0.5004826
5.560084 3.039296 2.175122
5.56164 2.975385 3.289412
5.56545 2.881932 3.508158
5.572434 -2.970377 -0.6426966
5.57836 1.331357 -0.333666
5.580044 12.31266 2.304548
5.589441 4.226458 1.660821
5.598354 1.093392 -0.3840643
5.606231 1.361932 -0.3430064
5.628121 1.478296 -0.3402174
5.632467 -0.3026939 -0.5099326
5.633092 2.909053 2.478014
5.641105 2.709615 3.055359
5.641484 -1.075083 -0.5588106
5.644374 3.044003 2.014544
5.656807 -3.438199 -0.7009606
5.667932 2.941514 2.185905
5.670851 2.828843 3.069408
5.672432 12.28189 2.62388
5.675651 -24.10448 -1.657734
5.677636 3.27464 2.067623
5.688401 1.104604 -0.3820301
5.69894 3.125652 2.750526
5.700373 -15.53607 -1.301787
5.707899 -15.32823 -1.467351
5.716106 -0.1757862 -0.5193102
5.717837 12.22836 2.589713
5.730641 -24.95913 -1.16584
5.754278 -2.891686 -0.6674832
5.76967 2.999579 2.745616
5.782214 4.411646 1.622633
5.785564 3.513903 2.140056
5.789067 -25.01963 -1.051559
5.812094 -3.920638 -0.7290192
5.818547 4.185805 1.686665
5.822403 -24.09849 -1.602829
5.831623 2.869471 2.918244
5.835001 2.39858 -0.2139687
5.840043 2.357384 -0.1637128
5.843421 3.47474 2.143367
5.869712 -15.34141 -1.024637
5.874338 -1.260979 -0.5276974
5.878522 3.398654 1.756269
5.879299 -15.16714 -1.157823
5.883077 4.103097 1.588185
5.886711 -1.5495 -0.588441
5.907269 5.271547 2.116656
5.924757 3.693577 2.205399
5.945548 3.23589 1.927458
5.964826 -0.8771147 -0.541719
5.983461 -15.56647 -1.060438
6.011633 -2.508897 -0.6129658
6.012555 3.303076 1.960726
6.018793 3.492651 1.994321
6.031758 3.09236 2.116198
6.03483 5.472396 1.836867
6.038302 9.787349 4.508152
6.044413 -14.75896 -0.9954447
6.047168 3.537876 1.619296
6.058311 -14.73974 -1.024529
6.064396 3.323972 1.780337
6.081784 -1.452768 -0.6103086
6.084219 -14.5943 -1.122742
6.098778 -14.51081 -1.289829
6.107151 3.152163 1.9482
6.114189 3.905627 2.294211
6.117622 3.776536 1.667739
6.138525 4.200495 1.73799
6.148832 -1.923951 -0.6214753
6.15514 -24.25025 -1.474159
6.156711 -0.6490831 -0.5615437
6.175577 1.062819 -0.4299082
6.185077 -24.15935 -1.573616
6.190189 3.568297 2.795205
6.200599 10.20879 3.092191
6.202343 -2.099057 -0.6286407
6.212692 -1.789014 -0.6273651
6.213021 3.39286 2.762965
6.21353 4.655199 2.258661
6.219786 1.055191 -0.4239656
6.26462 -24.09891 -1.692783
6.26548 -24.64798 -1.158318
6.27252 9.70966 4.520611
6.313068 9.348273 3.743634
6.315179 -24.11252 -1.558712
6.315398 9.859464 3.602481
6.316153 10.10053 5.055382
6.331502 -2.814426 -0.6526335
6.34095 9.380973 4.4174
6.341325 9.340059 3.807738
6.350117 -24.82585 -1.071245
6.362297 4.493422 2.034389
6.36376 3.130571 2.412258
6.371271 -24.06265 -1.826409
6.385689 3.876025 1.631142
6.443112 5.239659 2.656754
6.455262 -0.8324761 -0.5914165
6.456356 -2.522524 -0.662513
6.457993 9.324633 4.762788
6.458722 -12.855 3.791305
6.477129 4.357355 2.029772
6.479293 10.06429 4.365423
6.482732 -13.33923 1.947167
6.484867 12.40048 4.481347
6.488579 -14.59072 -1.16149
6.491828 10.13781 3.398038
6.494521 10.53834 5.951098
6.501285 -1.23176 -0.5960174
6.508935 -1.575856 -0.5989501
6.531195 3.933216 2.174162
6.555816 10.70423 1.335829
6.562951 -14.65354 -1.346953
6.575297 4.003768 1.986995
6.585369 3.786804 2.598959
6.593993 10.62751 5.658896
6.595472 -1.166664 -0.6040863
6.596041 -14.5182 -1.550294
6.604177 10.22241 4.121425
6.608731 9.788116 4.291558
6.608773 -13.15555 4.055155
6.609416 -14.9606 -1.197598
6.610017 -12.83557 3.899547
6.611565 10.59768 1.706658
6.633969 4.248476 2.039125
6.636251 10.53969 2.01249
6.638993 4.318821 1.836443
6.643715 10.42745 1.9651
6.645753 12.57686 7.819324
6.646315 10.28324 5.868493
6.654653 3.811273 2.178825
6.654888 -12.82219 4.004711
6.656543 10.39982 3.167506
6.661464 -1.134976 -0.6148031
6.662962 -1.507767 -0.6099714
6.678093 0.8413481 -0.4664237
6.683078 -12.5864 3.910603
6.684624 10.36743 2.578796
6.686625 10.47263 2.312775
6.700692 -12.60932 3.764455
6.714904 -12.79916 1.795821
6.728953 10.31905 5.549016
6.730887 9.996543 3.377459
6.744641 -13.46529 2.094281
6.765965 4.415144 2.54554
6.774419 -12.77863 1.988137
6.777266 10.50576 4.152475
6.786401 10.40776 2.903391
6.79079 -1.316149 -0.6280789
6.791139 -12.26179 1.74376
6.795884 -24.40631 -1.49725
6.807333 -1.37296 -0.6260633
6.808739 12.2821 4.817483
6.817321 -12.54231 1.857998
6.818385 -13.25423 1.945449
6.820642 10.08166 2.529721
6.820868 -12.71617 1.946239
6.82266 -24.28566 -1.599046
6.838295 10.01645 2.824292
6.839475 -24.538 -1.162706
6.850688 10.44242 1.687262
6.854 -1.999352 -0.6370055
6.860633 -12.36628 4.685489
6.86916 10.26128 2.286741
6.870299 -24.1324 -1.732406
6.870937 -12.27362 1.909136
6.874103 -12.6804 -1.503158
6.876439 2.599097 2.063688
6.877691 10.40149 1.997731
6.893186 10.36168 0.9862846
6.902667 10.08213 5.47979
6.907621 -14.71869 -1.206977
6.910026 10.20449 5.887593
6.910658 -12.33 3.862493
6.913985 10.29726 1.946062
6.915067 -13.91249 2.711876
6.918773 -13.62324 -1.337823
6.919023 -24.67609 -1.092863
6.922122 -12.33774 3.72957
6.922208 2.251127 2.788335
6.927084 9.388596 3.537143
6.930012 2.402997 2.672786
6.93453 -14.56797 -1.382061
6.941514 6.579118 0.6729928
6.952075 2.084491 2.028186
6.954198 10.04788 5.863735
6.956288 11.89905 7.949962
6.965373 12.41073 7.262088
6.966641 10.2029 3.833174
6.971479 10.32589 1.30459
6.978639 12.47741 7.412994
6.978656 -24.09741 -1.886169
6.988658 -12.18874 1.822261
6.988965 -13.2918 2.623928
6.995225 2.317379 2.264174
7.001698 2.374837 2.476284
7.003486 9.908568 3.379071
7.009701 9.905175 1.262914
7.011412 9.884929 5.770001
7.020081 -1.938251 -0.6453867
7.026714 12.47775 7.002066
7.036393 -12.04985 1.737185
7.042177 2.36351 2.052583
7.045713 13.26822 8.684606
7.05917 10.00856 6.198232
7.065215 -13.47963 2.879698
7.068279 9.52507 5.630756
7.068775 -12.31101 4.633299
7.069432 -12.85385 -0.9272129
7.071133 2.290542 2.702742
7.08192 12.11659 7.66987
7.083226 2.346058 1.865766
7.084925 -11.86855 1.834896
7.088763 -13.30677 2.807244
7.088781 -13.46305 5.131821
7.090483 2.143267 1.6545
7.094556 10.00487 3.096338
7.108605 -12.38928 3.840483
7.11 9.902713 3.757815
7.11152 -12.64263 2.686758
7.113331 10.06766 4.07041
7.121687 2.929621 2.361714
7.123271 -12.92207 -0.7122233
7.133245 2.260354 2.269542
7.137775 1.056476 -0.4578071
7.144166 -12.91475 -1.012908
7.145449 2.510124 2.119219
7.14748 2.766377 2.344156
7.151473 3.504032 2.474444
7.172837 -12.53683 2.609993
7.174727 -13.22806 2.724345
7.176075 -13.00779 -0.4622116
7.183101 9.639751 3.013244
7.183509 12.32775 1.519108
7.186337 -13.50469 -0.9080682
7.192621 10.0603 2.865234
7.195343 9.897657 5.843866
7.201631 -13.32986 5.077394
7.205329 12.95814 8.123343
7.206547 11.77011 7.947206
7.208699 6.536446 1.180314
7.212715 -12.33349 4.722743
7.215505 2.21128 1.883056
7.217103 -12.32456 2.500508
7.218446 12.33948 1.60155
7.221029 -13.00004 2.599443
7.232882 9.819044 6.159451
7.234203 12.01751 1.136118
7.244758 2.768566 2.387304
7.24721 2.376951 1.704459
7.250333 3.341402 2.249346
7.251995 -12.41976 2.672212
7.255617 10.52066 1.703212
7.258435 -11.80194 1.727626
7.259237 -13.34321 -0.3648224
7.259926 3.348013 2.464557
7.260056 13.67792 7.496023
7.260436 2.361377 2.132384
7.260541 2.890168 1.435345
7.265507 2.152594 -0.07558364
7.269787 1.950372 2.504267
7.271585 3.38291 2.710311
7.273232 2.772527 1.74569
7.27447 3.047997 1.6694
7.276344 9.303772 2.940488
7.289162 10.64746 1.382699
7.291331 3.228438 2.928038
7.299175 1.788216 2.495022
7.302386 12.43652 6.940365
7.30722 2.793366 1.961696
7.307601 2.879775 1.656006
7.308144 0.7557247 -0.515954
7.309019 12.51847 4.946239
7.310081 2.036298 2.743832
7.316575 11.92798 7.626987
7.320292 3.192873 2.454684
7.324463 3.425241 2.974841
7.32696 3.405627 1.825107
7.339207 9.898997 3.410659
7.341539 2.068455 1.896846
7.350408 2.074708 2.336783
7.356321 1.840445 2.889995
7.361949 -12.16271 4.641344
7.364517 1.901479 2.323677
7.369486 -12.4606 3.815574
7.370061 2.54838 1.632383
7.371473 -13.09384 0.2952226
7.371867 -13.10688 -0.9262597
7.38338 2.127258 2.109843
7.388393 13.86372 7.716154
7.398699 2.848485 2.198598
7.399457 2.773068 1.241036
7.400094 11.55223 7.888368
7.405647 1.863816 1.69697
7.407982 10.4418 2.63992
7.408236 -24.39923 -1.511174
7.413052 2.228557 0.227847
7.416362 2.851164 -0.2936239
7.416729 37.74213 4.468851
7.431377 -13.3709 5.129626
7.43759 9.627324 3.665436
7.445833 2.588243 1.43652
7.446939 2.774527 1.452458
7.45014 -24.53809 -1.172021
7.451146 1.909827 2.773018
7.453474 3.245552 2.048545
7.454809 3.045372 1.807562
7.459597 -12.11277 4.695467
7.459671 -14.56281 -1.676558
7.462332 12.46335 2.351851
7.464105 1.861549 2.140629
7.471418 2.758282 -0.04106138
7.471774 -13.06356 -0.3337562
7.472031 -24.45402 -1.62769
7.47879 2.707156 0.01245058
7.480154 13.41641 8.866076
7.497058 -13.07984 -1.61225
7.498949 6.599933 1.749031
7.503226 -24.40851 -1.593214
7.504415 13.84765 1.305646
7.510475 9.660395 3.365665
7.510946 -11.95429 1.853644
7.512836 3.083268 2.2563
7.51794 1.905836 1.599387
7.521778 2.246973 1.42022
7.53053 -24.14471 -1.670393
7.534174 2.651846 0.2383252
7.537303 11.25648 7.779256
7.546479 -13.05592 -0.4197943
7.558313 13.65352 1.66716
7.561278 10.16611 2.594595
7.562417 3.708688 2.131645
7.564538 -13.02412 0.8593382
7.56958 2.640356 1.254449
7.571379 2.287183 1.262838
7.575318 -24.05911 -1.942188
7.576361 2.752825 2.452966
7.576668 1.951013 1.939344
7.582651 2.416303 0.4515375
7.587551 1.721103 2.328497
7.596962 13.29476 1.252653
7.604749 2.299627 0.3816452
7.605583 3.109732 2.062566
7.619629 2.349115 0.008339617
7.623951 12.52931 2.728399
7.626451 2.273067 1.237778
7.629877 2.346039 -0.3039625
7.632911 -24.10518 -1.825852
7.633337 2.478959 1.044585
7.643143 0.4474202 -0.5385218
7.644043 -13.24247 -0.6664377
7.646312 12.98473 7.777246
7.654886 2.286844 1.038327
7.68061 2.364879 0.8579162
7.681948 12.93419 7.312819
7.682672 2.141212 1.265595
7.685377 12.6107 2.730318
7.694496 1.7539 1.41428
7.702934 13.78856 7.618333
7.704658 12.5324 4.991058
7.704834 -11.91541 1.767471
7.708349 -12.10784 4.68361
7.712245 -12.3617 2.661104
7.714517 1.712354 2.614211
7.71675 -13.36381 -0.9076496
7.719667 -12.52213 2.574054
7.737036 -13.0945 4.130906
7.742339 -12.84416 2.697113
7.75039 2.222084 0.6805612
7.754167 -13.23696 5.11498
7.765499 14.52899 8.408309
7.767167 11.5046 7.02685
7.768192 -5.785459 -1.01121
7.770991 1.817395 2.429533
7.774199 13.30107 5.638546
7.778898 11.12363 7.782124
7.785523 -12.5233 3.989997
7.786552 1.958428 1.442189
7.788526 2.125008 1.04551
7.790633 0.6292481 -0.5534272
7.792789 -12.81628 -0.8823033
7.794345 -13.4297 -0.9914582
7.797762 2.103332 0.4489952
7.798632 10.42887 3.001168
7.801169 2.193613 1.066853
7.804902 13.25221 7.823241
7.806117 2.38279 1.079082
7.831465 2.005329 1.27482
7.841501 2.065446 0.139957
7.847955 1.780943 1.781773
7.864713 -12.78512 -1.059744
7.879287 12.82561 3.147442
7.879311 1.538123 2.177792
7.884457 1.93737 -0.0936331
7.890562 1.579205 2.231409
7.891956 -12.67705 3.933039
7.892444 -2.903776 -0.7503206
7.89565 -2.701723 -0.7488018
7.898776 2.233046 0.870631
7.901199 6.903574 2.481734
7.901416 1.843868 2.003988
7.912952 1.223723 2.634631
7.914715 12.78306 7.729427
7.92214 2.462488 3.420573
7.928789 -12.00206 1.869413
7.931198 -12.50771 2.654599
7.933123 12.75246 3.506989
7.941059 6.894695 2.33714
7.944635 1.407154 2.658696
7.944855 12.87734 7.682843
7.946774 1.485852 2.454845
7.949295 1.861891 -0.3193586
7.951014 1.916822 2.228324
7.953999 -12.11902 2.631793
7.969759 2.632343 3.707399
7.97581 11.84109 7.736893
7.976998 -12.54548 3.975934
7.991902 13.1255 4.33938
7.994892 12.43599 8.032642
7.995971 -11.96746 1.83857
8.000182 13.58679 6.16572
8.007068 -12.56347 -1.665949
8.010047 1.828187 -0.335807
8.021049 6.366814 1.422694
8.023341 -12.0357 2.586954
8.024513 1.674267 1.673232
8.035328 -13.29713 4.159426
8.038383 1.883221 2.963675
8.04116 2.590716 1.754466
8.061213 12.48836 7.534129
8.079406 6.637927 0.6027185
8.08595 1.634476 1.822463
8.090385 6.604396 0.9441723
8.093287 6.382859 1.209462
8.119041 1.040841 2.267769
8.128977 -12.53928 2.613502
8.135733 -13.36506 4.24103
8.149914 11.3891 7.120901
8.160227 -12.46112 3.925929
8.1641 6.502193 2.302319
8.171031 1.400504 -0.5379804
8.175289 -2.463823 -0.7660978
8.202689 1.789487 2.278905
8.207832 1.149604 2.444316
8.210445 2.472544 3.096486
8.214474 3.224738 4.211349
8.215217 11.65368 7.705714
8.254351 11.30459 8.009562
8.264498 2.534113 2.63708
8.273555 1.256741 2.316581
8.275022 -12.14878 2.57483
8.281235 36.64518 5.148297
8.282681 1.395648 -0.5253749
8.283474 2.611214 2.888163
8.295342 -13.13714 5.147161
8.301533 1.542785 2.074334
8.326536 -2.424744 -0.7665858
8.33822 -12.87072 5.046901
8.354146 -12.50498 4.012209
8.362641 2.308353 1.785765
8.381442 11.36619 7.611662
8.425356 1.225564 -0.5336656
8.426297 6.621397 2.059262
8.43881 3.039259 3.70237
8.453973 -12.57244 4.053757
8.462755 16.48136 1.543698
8.463493 6.533117 1.83602
8.467159 2.469902 2.925909
8.469707 1.780911 2.6243
8.476027 1.056212 -0.5591403
8.486342 -12.12467 2.636189
8.504093 6.552726 1.769832
8.504808 11.03523 7.489973
8.532807 3.472776 4.424198
8.543531 13.13614 8.019489
8.550523 3.318302 3.064138
8.557014 1.016744 2.53077
8.57483 3.764664 3.143514
8.595904 6.346961 1.824914
8.612464 3.519445 4.117155
8.629862 2.41647 3.942614
8.638301 3.196866 3.34315
8.642441 2.395625 3.962259
8.651484 -12.73852 1.912649
8.653578 6.355594 1.758546
8.654462 2.283383 4.552526
8.657041 0.8429288 2.545643
8.678326 6.073017 1.724496
8.689431 1.42061 2.663327
8.691461 2.344759 4.266573
8.704263 1.954485 2.46629
8.706505 -12.40964 4.036335
8.709917 6.053659 1.498716
8.711287 6.240138 2.037363
8.71247 -24.11486 -1.85144
8.713113 6.535862 2.079534
8.732171 -24.35503 -1.665062
8.760051 5.968798 1.204968
8.765927 -24.09989 -1.782595
8.813948 -12.33026 2.652822
8.831934 5.752277 1.984536
8.842336 3.57156 3.644298
8.845556 -12.60298 1.952469
8.8661 5.852918 0.9745749
8.904677 6.083239 2.03867
8.9116 3.176523 2.346251
8.931876 0.6452381 2.700657
8.954951 -13.34782 -1.844058
8.967407 3.257324 3.175971
8.996451 2.362659 3.811581
9.010409 0.9146935 -0.5997611
9.010666 2.64966 2.816794
9.010984 3.721754 3.258841
9.032537 0.6710806 -0.6402985
9.07808 12.10537 7.656628
9.10744 0.5032954 2.650332
9.112429 1.867817 2.757362
9.123348 3.694376 2.740061
9.12712 11.86718 7.521638
9.13658 0.7405939 2.530782
9.166333 3.532947 4.053835
9.259488 2.14448 4.179304
9.405095 1.96797 4.217328
9.462959 2.151801 4.583986
9.478994 2.89168 4.356004
9.490352 4.01959 1.873755
9.49664 3.316743 1.596164
9.530682 -38.07668 -1.003333
9.545396 4.130208 2.897591
9.547031 -38.27895 2.982548
9.549995 0.3434708 -0.6942061
9.563218 2.062072 3.995438
9.573433 -14.57335 -1.482814
9.57883 3.815529 1.65246
9.601446 -14.74435 -1.420455
9.601875 -38.05367 -0.5131656
9.603792 -14.53476 -1.681915
9.616586 3.412415 1.341641
9.630044 -38.16561 2.568565
9.678687 2.18585 3.748852
9.688656 3.747132 -0.4351952
9.690268 2.338049 5.05312
9.705225 3.66692 0.2884819
9.7146 3.6302 -0.1246618
9.746392 2.477717 4.422124
9.748381 3.658303 0.4921274
9.753033 3.761369 1.10678
9.758089 3.738633 0.8842441
9.762307 0.1332681 -0.7091475
9.765603 3.599634 0.5773697
9.782798 -38.03911 2.100838
9.795638 3.578614 0.821818
9.80357 -37.85297 4.704669
9.80716 -0.08576155 -0.7101669
9.816659 2.443439 4.781827
9.904996 2.103659 3.607277
9.919366 3.558704 0.8849566
9.959742 3.164623 4.950396
9.964458 3.611161 0.176158
9.968755 3.581449 1.113269
9.975669 1.689319 3.587494
9.976974 3.345456 4.319691
10.02294 -38.14176 1.598688
10.05542 1.78594 2.230608
10.08657 3.283736 1.66979
10.08995 -38.12353 1.005858
10.09119 1.850036 4.490464
10.09793 -25.85806 -1.399597
10.16214 9.296669 2.005853
10.17282 3.585222 -0.3530331
10.18671 1.420445 2.499529
10.18759 3.538029 -0.1389229
10.21068 -37.25732 2.868691
10.21554 -16.89659 -2.189441
10.23405 9.378307 3.27488
10.23588 1.019292 2.040643
10.25777 9.423056 2.414926
10.35169 0.525097 -0.7416756
10.38584 1.483309 2.094727
10.42084 9.35934 2.708893
10.44635 9.254058 2.322161
10.50206 2.004009 3.795494
10.51616 1.053234 -0.6805843
10.55149 1.20337 1.849261
10.63098 -25.71644 -1.355661
10.68341 8.426493 0.8694839
10.69062 8.472961 1.267123
10.7011 -37.96752 2.107545
10.71074 1.419564 3.52019
10.74293 1.148893 1.629555
10.76406 8.365888 1.18855
10.82785 1.658384 1.652952
10.86383 2.222256 1.947144
10.86679 1.33223 1.641092
10.90538 1.270567 2.659586
10.90719 1.416474 1.657869
10.95455 1.144558 3.022156
10.95519 1.628368 1.40184
11.01001 0.01414901 3.558162
11.01779 2.076138 1.704762
11.05141 1.444654 4.191167
11.06065 2.025074 3.302094
11.06068 0.2796475 2.671602
11.08712 1.175535 2.961787
11.10112 1.053836 3.343036
11.14477 1.326062 1.39876
11.15161 0.5339868 2.695469
11.15463 0.05271306 3.341915
11.16022 1.128633 1.671942
11.17986 0.1214071 3.075632
11.19504 0.500437 3.627692
11.204 0.9227538 2.446465
11.2348 0.2044879 2.964012
11.23608 0.8915926 1.670163
11.23969 0.1479359 3.227006
11.2549 0.3052947 3.372527
11.27427 0.2587536 3.646643
11.29617 1.407133 1.439926
11.30155 1.797211 1.995437
11.33827 1.861664 1.440377
11.3389 1.820246 0.8756602
11.38781 5.264386 3.455924
11.38976 1.843072 1.166717
11.40233 1.380772 2.276421
11.40413 1.897687 1.746328
11.41028 1.578986 1.161847
11.41583 0.6461302 2.242427
11.41739 1.204198 4.031038
11.42256 0.3916124 3.140011
11.42876 -0.1403362 3.147279
11.42923 0.4009769 2.234544
11.43473 0.958565 3.040429
11.45786 0.4306728 1.722153
11.46061 0.6724122 2.49734
11.46648 0.4044046 2.498477
11.46709 0.1579409 2.233091
11.47578 1.216603 2.508256
11.49007 1.016494 3.740866
11.49872 1.729569 0.9027032
11.49891 0.03197622 2.772862
11.50423 0.9003003 -0.7914662
11.52758 2.14912 2.349166
11.5336 1.891021 0.4753698
11.539 0.6096029 1.467565
11.56094 1.327085 1.17047
11.56164 1.709798 4.12088
11.56574 2.056967 -0.5200229
11.57011 1.947618 0.1395534
11.57219 1.887293 -0.4179697
11.57739 1.998384 -0.1832775
11.57837 -0.3625754 -0.8538318
11.58213 0.2881043 1.992178
11.60223 1.469694 4.1152
11.62042 8.60404 3.711744
11.63342 0.9045317 -0.758087
11.63688 0.006324451 4.041631
11.64444 1.770622 0.5931484
11.64509 2.046539 3.238234
11.65164 0.03323266 1.999934
11.66298 0.824684 2.821019
11.68956 -0.08542483 2.267031
11.69335 1.794727 0.2900114
11.70778 0.8687055 1.448628
11.71101 0.725351 3.100834
11.71799 1.799529 2.574172
11.731 2.130867 2.08101
11.73644 0.6500712 -0.8081654
11.75949 2.030554 3.18379
11.76741 6.142029 2.79608
11.77357 1.10115 2.854351
11.78538 5.762788 3.649833
11.79164 5.817424 2.920531
11.7959 5.94474 2.409654
11.79681 0.470502 3.11368
11.80276 5.538837 2.72649
11.81467 5.62917 2.37652
11.82466 5.856581 2.769033
11.83048 5.925208 2.138956
11.864 2.378761 1.822008
11.90292 0.1763861 1.732756
11.9186 -0.2300067 2.040393
11.92094 1.199614 1.512895
11.92795 0.5603392 2.054995
11.98272 0.5098453 4.18185
12.00384 2.247929 1.531679
12.01291 2.123995 1.833743
12.04498 0.8348612 2.081182
12.04803 0.9248948 1.528344
12.06775 5.978989 1.435463
12.06907 1.983784 2.435753
12.09219 1.167439 1.501087
12.13992 1.871228 4.609422
12.16721 5.903745 1.79783
12.19819 1.664942 2.136115
12.21412 5.99828 1.751898
12.28807 1.774191 1.858301
12.30037 5.300061 6.402037
12.31342 0.817944 3.990493
12.31397 1.448462 3.70961
12.36536 1.604213 2.701342
12.37549 5.976532 2.131847
12.39997 5.100328 5.509317
12.40818 1.54112 5.059453
12.4586 5.910223 2.213892
12.47212 5.889635 6.136684
12.49543 1.378484 4.075039
12.54972 5.600138 6.100405
12.55942 5.914252 6.60862
12.56176 5.472842 6.033417
12.59789 1.545885 -0.833741
12.66835 5.768553 6.66378
12.6946 5.741764 0.654574
12.69708 5.950336 0.2397857
12.70406 4.566212 -0.5983326
12.71089 5.933599 1.479763
12.72865 5.877187 1.792374
12.74155 5.863434 1.190485
12.75279 -12.12279 1.948714
12.76216 5.807219 2.163182
12.77096 5.850492 1.852793
12.7814 5.911952 3.489823
12.78942 5.753185 2.530118
12.8042 -12.04529 2.138802
12.8551 5.969809 5.843351
12.85676 5.603509 3.838767
12.85686 4.604765 -0.5671903
12.90203 32.04177 5.814684
12.96278 5.810894 2.263854
12.9861 0.1546709 2.819643
13.00808 -18.55726 -2.354481
13.02998 5.721718 1.489025
13.04934 5.623893 5.394413
13.06809 5.636629 1.863496
13.11042 5.606799 2.189443
13.14541 5.753593 5.903629
13.23203 5.597067 2.277358
13.31148 0.2970685 1.321638
13.32515 5.229578 1.099638
13.36557 -12.60657 3.168224
13.36733 0.8111851 1.997662
13.41105 4.455751 -0.6354619
13.43691 -12.46371 3.217493
13.44628 5.452949 1.887617
13.4668 0.7463483 -0.887897
13.4717 5.397503 -0.2037758
13.47981 -12.82545 -1.375967
13.4888 0.2191971 1.02661
13.51167 0.4433164 -0.8888196
13.51243 0.2548086 0.9883376
13.54185 -12.7836 -1.885049
13.57268 -12.80555 4.866137
13.59601 0.6849822 -0.5176614
13.6069 -12.70958 4.634176
13.60899 -12.50754 2.976794
13.61727 -12.7297 -1.700769
13.6214 -12.28061 3.154703
13.62774 -12.52617 4.89299
13.63305 0.6500428 -0.6041919
13.65453 0.7407336 -0.2325706
13.65801 4.480487 -0.50437
13.68114 5.395278 -0.1373041
13.68368 0.7384476 0.1263581
13.72333 -12.82223 1.085587
13.72927 0.4282672 0.4952862
13.73676 0.2185061 0.6550109
13.74019 0.6077479 -0.1944129
13.74401 0.8111829 0.3222143
13.74591 0.4951585 0.3232285
13.78642 0.4293793 0.1227897
13.91798 1.22361 1.049877
13.93819 1.169032 1.042647
13.9686 5.161213 3.053191
13.97028 0.5388975 0.6690514
14.02843 0.5647106 1.061429
14.09137 21.87609 2.658076
14.12465 -12.76841 2.205444
14.19188 -13.27537 1.004106
14.21352 -12.70372 0.9773936
14.23545 21.87771 2.749447
14.25077 -12.7276 1.106699
14.26853 0.6493275 1.411624
14.27816 -12.69992 2.394075
14.34349 22.62563 2.061662
14.37824 32.9906 4.266905
14.46052 -13.11555 2.119191
14.53523 -12.48304 2.306499
14.5819 3.074525 2.247479
14.61185 2.886782 1.854845
14.69767 33.15599 3.895117
14.74214 -12.76097 2.084345
14.84925 3.334812 2.276438
14.88088 2.282927 -0.6896893
15.08202 4.260042 -0.6797337
15.0822 0.08038513 1.899746
15.09734 2.350562 -0.2016702
15.11943 2.354912 -0.05876096
15.13164 2.609974 1.17396
15.14668 2.05986 1.135028
15.18703 1.941562 1.152262
15.19607 2.471796 -0.683922
15.23878 2.159718 0.5886532
15.25698 1.706908 1.140567
15.35649 4.286559 -0.5802911
15.36051 2.852397 1.550779
15.38471 1.410831 2.645576
15.51072 2.31037 -0.2776915
15.5133 1.20914 3.031536
15.54548 3.273003 1.974277
15.87744 -0.8509662 -1.202841
15.94 4.113784 -0.7217773
16.21276 4.1421 -0.6175795
16.37003 6.218867 2.246194
16.37067 6.172794 6.591036
16.39665 6.195663 2.19482
16.63223 0.490167 2.000866
16.75345 5.877124 2.214445
16.80044 -0.1137043 2.394805
16.84304 3.907737 -0.6461288
16.92005 5.656476 1.430792
16.98048 -25.45022 -0.7606134
16.98311 -0.2565217 2.028129
17.04714 -0.0112518 1.666012
17.05219 -25.4276 -0.9098399
17.0898 -0.1424243 2.526593
17.15932 3.605354 -0.78286
17.17911 3.487413 -0.8216584
17.19381 1.045892 0.8080108
17.24319 0.9139665 0.6080325
17.28689 -0.715987 2.921275
17.35043 -0.3159069 2.182172
17.35053 0.5999699 -0.05050592
17.35567 0.4949119 -0.6884763
17.38383 -0.4867951 2.4643
17.39829 3.628397 -0.6722547
17.42565 1.081549 1.271744
17.44372 -0.1329652 1.306308
17.54305 -24.72013 -2.057219
17.65262 3.292175 -0.8070621
17.65642 1.213709 1.728884
17.67517 0.1698579 0.6029748
17.70155 -25.05342 -1.906239
17.77306 1.138294 1.316475
17.77421 -24.84617 -2.326105
17.82908 -0.4243 1.738259
17.94889 0.1270829 2.144199
17.96158 3.338066 -0.6977529
18.01242 34.42302 4.352437
18.23299 -24.15717 -2.600163
18.54556 24.38666 3.855576
18.61112 2.593791 -0.8555173
18.6427 -13.66915 -2.357263
18.68512 -25.10112 -2.13489
18.70222 -13.28457 1.340394
18.78111 -13.63527 -2.0243
18.78137 6.257586 1.986943
18.8392 -13.33417 1.115045
18.86584 6.143806 0.4616031
18.87083 6.152376 0.8271065
18.8879 6.387911 1.477279
18.90045 25.4709 3.141227
18.95644 -25.2514 -2.435625
18.95736 6.389681 0.2391581
18.97305 -13.37476 -1.651972
19.01919 6.530134 1.02783
19.07942 -12.96651 -1.933661
19.09903 -12.94011 1.353702
19.10321 -13.12575 -2.262928
19.13937 -13.23113 -1.2929
19.15176 -13.32193 -1.506736
19.1594 -13.25045 -2.050562
19.16402 -12.69597 -2.427716
19.2109 -13.22148 0.2017923
19.22286 -12.90773 -1.653168
19.25577 -13.38364 0.4956644
19.25889 -13.42918 -2.439237
19.26621 -13.09433 -0.09206816
19.27025 1.606579 0.9026328
19.27736 -25.48092 -2.112778
19.30347 -13.42931 0.6000926
19.31089 -12.70632 -2.051996
19.31668 3.443684 -0.2757575
19.32969 2.492195 -0.9162152
19.34682 3.493566 -0.1010098
19.36182 1.450102 0.6828269
19.37523 -12.82995 -1.512578
19.39474 -25.31901 -2.501291
19.40855 3.440218 0.4300844
19.40922 24.34089 3.869624
19.40993 -12.68496 -2.282483
19.50356 3.413685 0.9486085
19.56352 -0.242518 0.6459514
19.56576 4.212885 0.1904303
19.57182 3.883012 0.9626935
19.58463 1.142771 -0.07683387
19.59131 -12.98148 0.5038182
19.60265 3.631395 1.453354
19.60391 -13.21447 1.132719
19.64071 2.283434 -0.9077846
19.65098 -13.00269 0.5620792
19.65372 -13.14162 0.874831
19.74258 -25.07787 -2.491346
19.77246 2.772001 -0.7820475
19.81316 2.071938 -0.9348601
19.84955 -12.62192 0.845929
19.93447 -12.86697 1.396709
19.93924 0.4368019 -0.3254521
19.94042 0.633053 -0.917153
19.95556 -13.56406 2.36797
19.97848 -12.82132 1.126604
19.98795 0.2091115 -0.06117319
20.11505 0.178822 0.1338317
20.15214 -0.501984 1.411129
20.38746 2.394596 -0.8127429
20.4667 -0.1325349 0.9331896
20.50661 1.918151 -0.9497719
20.50908 0.2626107 0.4450446
20.68679 5.142409 3.159359
20.74431 5.131819 2.628754
20.95983 1.67427 -0.9875536
20.97084 1.477955 -0.9730687
21.10419 -0.9861521 2.045513
21.16101 4.970234 1.57879
21.21725 5.302203 0.4794265
21.23949 5.419908 0.8633543
21.24489 4.720739 2.672831
21.26814 5.082283 0.2085216
21.3984 5.506485 2.735983
21.71085 0.2239854 -1.475737
21.81351 0.074356 -1.641062
21.97606 5.139043 2.778715
22.40823 -0.2912035 -1.625333
22.43894 -0.2685035 -1.524952
22.4695 -2.870526 0.1182475
22.4697 -0.4491072 -1.686208
22.67657 -1.880543 -0.9563251
22.68984 -2.015092 -0.9975525
22.7317 1.656214 -0.922155
22.74363 1.511677 -0.3695816
22.81603 -1.51702 -1.067472
22.85268 -1.736115 -1.770343
22.87322 0.6666482 2.832926
22.98971 -0.3140561 0.1353014
23.05204 -0.2423377 0.4943389
23.08126 -1.076582 1.593389
23.11311 -0.7234082 1.712065
23.17957 4.316103 0.8780023
23.22601 4.450187 0.1977884
23.2662 -1.730575 1.039116
23.29625 -0.8391005 -1.693444
23.2998 4.781115 -0.1422997
23.32455 -0.7971175 -1.586581
23.4165 3.31496 2.855085
23.42053 -1.288986 1.746768
23.58449 -1.028929 -1.767556
23.60019 -1.640954 2.283979
24.50921 -1.44833 -1.787717
24.50933 -1.383943 -1.670257
24.5868 -14.30017 2.651182
24.8865 -13.79069 2.987945
24.91418 -0.9661772 -0.4863391
25.01321 -13.77649 2.621813
25.04836 -1.674986 -1.873986
25.0496 -13.90523 3.327683
25.07442 -13.30532 4.048104
25.0898 -13.67811 -2.339671
25.11196 -13.21264 3.291516
25.1841 -13.20493 2.965066
25.18712 -0.8613636 0.7924839
25.22684 -0.8555878 0.5376911
25.29395 -13.1698 1.300076
25.31527 -13.30296 3.648385
25.32031 -13.20835 -0.268554
25.3254 -13.45373 -1.771017
25.3595 -12.64724 1.697288
25.37814 -14.08408 1.718489
25.38179 -13.03145 0.6361245
25.40307 -13.77667 0.9402546
25.40845 -13.27153 -1.884595
25.42272 -13.22879 2.594222
25.42455 -13.345 -1.307663
25.43144 -13.23577 -2.585295
25.43173 -13.08764 -2.388015
25.43951 -1.506101 0.1302618
25.44824 -0.9270003 0.1341187
25.46012 -13.22342 -2.110399
25.48327 -13.16578 -1.227529
25.49714 -14.01324 1.334985
25.50855 -13.08406 0.9072561
25.55093 -13.45188 1.720285
25.57571 -0.3973584 -0.506409
25.58707 -1.135717 -0.4628382
25.62024 -0.5367275 -1.208261
25.62133 -12.90756 0.169077
25.62173 -12.89445 0.4470262
25.65073 -13.03964 -1.968646
25.65891 -0.9633171 -0.07422485
25.71048 -0.3454252 -0.08755478
25.89706 -0.5774621 -0.4615308
25.89864 -1.041218 -1.178202
26.02518 -0.9951414 -1.09672
26.23051 -12.90588 1.324542
26.57606 -24.25496 -3.379454
26.64839 -3.406576 -1.954068
26.67076 -2.916565 -0.5098682
26.70929 1.692731 9.241975
26.81852 -2.640192 -2.091403
26.83999 -3.248261 -2.092823
26.9668 -2.442407 -2.016307
27.00095 -2.827841 -1.979396
27.22081 -0.3144141 5.812129
27.26715 -3.474443 -1.184334
27.33843 -24.36269 -3.504169
27.37742 1.573244 7.407687
27.4606 2.31594 9.533899
27.47442 -3.680642 -0.006899344
27.55306 1.365216 8.140514
27.60882 -4.166278 0.6308423
27.65851 -5.826737 -2.031176
27.86055 -24.27955 -3.506065
28.09084 -0.9738294 6.010205
28.10225 3.633098 0.5748041
28.16023 3.35972 0.9882548
28.186 0.6036068 9.689129
28.19561 2.589252 2.711723
28.19728 3.748398 -0.4554257
28.2879 2.996807 1.294924
28.54345 2.186897 0.1701985
28.58902 2.358294 0.581704
29.09635 6.107862 2.122371
29.2205 -24.31928 -3.643356
29.49814 6.181271 2.913259
29.52795 6.52512 -0.606692
29.77987 6.596402 1.439302
29.82784 -1.304103 -1.420685
29.90013 6.49132 2.293221
29.93565 -25.03682 -3.366379
30.00149 6.997127 4.570753
30.23043 -4.786092 0.009588923
30.40647 4.423668 0.2070722
30.44956 -12.98983 -2.9295
30.54644 -25.23251 -3.192535
30.57391 -13.08761 0.9577001
30.69073 -13.49553 -2.235215
30.70887 -24.37618 -3.793714
30.74181 -13.36176 -3.137562
30.75327 -13.51579 3.413702
30.75893 -12.63214 1.469682
30.81987 -13.45449 -2.51716
30.8421 -13.34635 -1.493495
30.8907 3.981356 1.422405
30.92303 -13.49006 -0.4187379
30.92863 -13.36645 0.7698483
31.00713 -13.18761 -2.366254
31.08539 -12.81294 3.396079
31.10983 -12.22267 2.038028
31.14505 -13.02962 2.046924
31.53559 -12.81111 0.7895522
31.61498 3.345861 0.6351841
31.66096 -12.69808 0.9525336
31.73922 -13.36538 0.162359
31.85218 -13.81929 2.992048
31.85857 -12.9341 2.92489
31.98851 -15.12944 5.866854
32.36156 -2.773051 -0.07221728
33.11881 -2.036983 -0.09817462
33.40581 -3.398966 -2.307277
33.4879 -3.516829 -1.465698
34.21966 -2.067852 -1.47981
36.37096 -3.123101 -0.7388927
37.29897 -13.48231 -2.677853
37.29934 -13.58608 -1.81475
37.30501 -13.97043 1.069085
37.33899 -13.70745 -1.384861
37.46542 -13.57038 0.3248398
38.55544 -4.612767 1.671215
38.64819 3.183166 -0.2463786
38.69257 -5.854393 -2.884047
38.73776 3.015326 -0.8318564
39.14008 -4.796884 1.105826
39.1865 -4.070086 0.8266377
39.29459 -4.993808 0.8478422
