timestamp_ns,relative_time_from_T_cross_s,bundle_generation,trajectory_time_s,analytic_role,NavigationCommand_role,recovery_state,safety_suffix_active,planner_position,planner_velocity,planner_acceleration,planner_jerk,LIO_position,LIO_velocity,PX4_input_trajectory_position,PX4_input_trajectory_velocity,PX4_input_trajectory_acceleration,PX4_effective_position_setpoint,PX4_effective_velocity_setpoint,PX4_effective_acceleration_setpoint,PX4_position,PX4_velocity,aligned_LIO_tracking_error_m,px4_tracking_error_m,frame_position_residual_m,frame_velocity_residual_mps,delta_v_px4_controller_mps,delta_a_px4_controller_mps2,command_gap_ms,setpoint_gap_ms,external_mode_output_state,planner_source_method,LIO_source_method,LIO_position_source_ns,LIO_position_source_age_ms,LIO_velocity_source_ns,LIO_velocity_source_age_ms,LIO_velocity_source_semantics,PX4_state_source_method,PX4_position_source_ns,PX4_position_source_age_ms,PX4_velocity_source_ns,PX4_velocity_source_age_ms,PX4_effective_source_method,PX4_effective_source_ns,PX4_effective_source_age_ms,planner_velocity_norm_mps,planner_acceleration_norm_mps2,planner_jerk_norm_mps3
26344000000,-2.975484858,1,3.2960000000000003,MAIN,MAIN,TRACK_MAIN,False,"1.0787370593033108,-0.14534738785389098,2.9715205547085928","0.77868399601539773,0.049232699217096006,0.0099544410622494292","-0.052087935122049345,0.0047683707200539618,-0.0011729622908712989","-0.35114403035850206,-0.013574035663458842,0.0090926692467583892","1.0272878059773043,-0.20564266630654707,2.9417627903966537","0.76149844664833033,0.056513059455046526,0.018963097406525284",NOT_RECORDED,NOT_RECORDED,NOT_RECORDED,"0.022672825492918491,1.1885966062545776,-2.9819140434265137","0.068951297551393509,0.76602080464363098,-0.023851944133639336","0.052390018478035927,-0.010964374989271164,0.017525023780763149","0.0094479033723473549,1.1977967023849487,-2.9680476188659668","0.053949881345033646,0.77765563130378723,-0.021661420352756977",0.08466446012543775,0.025253628083950215,0.060020060989247004,0.016580272758200985,0.027245552437171097,0.06501044876132403,28.0,16.0,WAIT_FIRST_COMMAND,scenario.pva_command,linear,26348000000,4.0,26348000000,4.0,body_twist_rotated_by_q_xyzw_to_lio_enu_then_enu_to_ned,linear,26332000000,12.0,26332000000,12.0,position:linear;velocity:linear;acceleration:linear,26332000000,12.0,0.7803023229617934,0.05231888937218082,0.351523912607146
26360000000,-2.959484858,1,3.3120000000000003,MAIN,MAIN,TRACK_MAIN,False,"1.0911890969951394,-0.14455906357956419,2.9716796818171884","0.7778058243270638,0.049307256167335355,0.0099368333964447164","-0.057672072555766896,0.0045512820129914172,-0.00102825669912536","-0.34684904564872365,-0.013561303307740372,0.008994883186986477","1.0394619799646789,-0.20472907946904106,2.9420658244055415","0.76022880178138696,0.058055313546901535,0.018870836478529406",NOT_RECORDED,NOT_RECORDED,NOT_RECORDED,"0.023262514732778072,1.1979515254497528,-2.9820337295532227","0.068864049389958382,0.76104952394962311,-0.023714938201010227","0.049575205892324448,-0.025759817566722631,0.016830601263791323","0.010135933058336377,1.210101991891861,-2.9682881832122803","0.054731010459363461,0.77632611989974976,-0.021402817685157061",0.084694191059483,0.025357592147454883,0.05992407666587275,0.016630861987651204,0.029207497932843277,0.05740435378713172,16.0,24.0,WAIT_FIRST_COMMAND,scenario.pva_command,linear,26368000000,8.0,26368000000,8.0,body_twist_rotated_by_q_xyzw_to_lio_enu_then_enu_to_ned,linear,26356000000,4.0,26356000000,4.0,position:linear;velocity:linear;acceleration:linear,26356000000,4.0,0.7794304629187925,0.057860517044688746,0.3472305823777371
26376000000,-2.943484858,1,3.3280000000000003,MAIN,MAIN,TRACK_MAIN,False,"1.1036263721270321,-0.14376957417192884,2.971838545658029","0.77683886235100874,0.049378341519810132,0.0099215283383610395","-0.063186337596207398,0.0043344329846314866,-0.00088514662245046949","-0.34241025279821535,-0.013544076534712984,0.0088932358805859646","1.0516156987755576,-0.20378824574149035,2.9423671100775679","0.75889297468492256,0.05981594923846726,0.018782184672035955",NOT_RECORDED,NOT_RECORDED,NOT_RECORDED,"0.023984231054782867,1.2093758980433147,-2.9821797211964927","0.0689496931930383,0.75903930266698205,-0.023615037091076374","0.047277244428793587,-0.032563366927206516,0.016178439060846966","0.010847855048875013,1.2223747968673706,-2.9685161908467612","0.055524362251162529,0.77495738863945007,-0.021200807765126228",0.08471078204468385,0.02546286862100859,0.05981601481872178,0.016802763232232103,0.02978882866483828,0.05491571888748852,16.0,16.0,WAIT_FIRST_COMMAND,scenario.pva_command,linear,26368000000,8.0,26368000000,8.0,body_twist_rotated_by_q_xyzw_to_lio_enu_then_enu_to_ned,linear,26372000000,4.0,26372000000,4.0,position:linear;velocity:linear;acceleration:linear,26372000000,4.0,0.7784698294697268,0.06334101398512175,0.34279339677850224
26392000000,-2.927484858,1,3.3440000000000003,MAIN,MAIN,TRACK_MAIN,False,"1.1160474730959444,-0.14297897514280294,2.971997182865985","0.77578424638285304,0.049445959684471449,0.0099084998670731506","-0.068628442497701503,0.0041178955086195942,-0.00074369354823108913","-0.33782930911683984,-0.013522360160539468,0.0087877641297232495","1.0637497033833045,-0.2028196624661959,2.9426672576540009","0.7575864982975945,0.061724046847236397,0.018681006680609881",NOT_RECORDED,NOT_RECORDED,NOT_RECORDED,"0.02450978010892868,1.2176773150761921,-2.9822858969370523","0.068695633361736938,0.7525424758593241,-0.023492672480642796","0.044309151669343315,-0.050856431014835835,0.015480813880761465","0.011575913367172083,1.2346171140670776,-2.9687329928080239","0.056287189945578575,0.7735036313533783,-0.020955311134457588",0.08471250845768277,0.025572199975993398,0.05969095049013336,0.01697312577085968,0.033094706213303085,0.04635044961615261,16.0,24.0,WAIT_FIRST_COMMAND,scenario.pva_command,linear,26388000000,4.0,26388000000,4.0,body_twist_rotated_by_q_xyzw_to_lio_enu_then_enu_to_ned,linear,26396000000,4.0,26396000000,4.0,position:linear;velocity:linear;acceleration:linear,26396000000,4.0,0.7774215576085766,0.06875589620660844,0.3382140167424649
26408000000,-2.911484858,1,3.3600000000000003,MAIN,MAIN,TRACK_MAIN,False,"1.1284510067712532,-0.14218732192424877,2.9721556296517444","0.77464314910763044,0.04951011622058419,0.009897720982627721","-0.073996126474859647,0.0039017413725572769,-0.00060395836388336954","-0.33310792732892658,-0.01349616012449685,0.0086785061282483311","1.075867182947954,-0.20182704415798336,2.9429663661227075","0.75607980467731595,0.063234628459271205,0.018732154464673804",NOT_RECORDED,NOT_RECORDED,NOT_RECORDED,"0.025431211106479168,1.2321818470954895,-2.982471227645874","0.06903640553355217,0.75482836365699768,-0.023453637026250362","0.043124178424477577,-0.044777221977710724,0.014396112877875566","0.012324679177254438,1.2468262910842896,-2.968940258026123","0.05702420137822628,0.77191299200057983,-0.020715533755719662",0.08469928040641402,0.02568239599719546,0.05955142915815292,0.017122879978399952,0.030946155764005338,0.050816999856772294,16.0,0.0,WAIT_FIRST_COMMAND,scenario.pva_command,exact,26408000000,0.0,26408000000,0.0,body_twist_rotated_by_q_xyzw_to_lio_enu_then_enu_to_ned,linear,26396000000,12.0,26396000000,12.0,position:linear;velocity:linear;acceleration:linear,26396000000,12.0,0.7762868187391901,0.07410138382464294,0.3334941589534928
26416000000,-2.903484858,1,3.3760000000000003,MAIN,MAIN,TRACK_MAIN,False,"1.1408355990734977,-0.14139466985019594,2.9723139217862276","0.77341677916136597,0.049570817835207115,0.0098891637158207354","-0.07928715658920904,0.0036860422600326626,-0.00046600133458835069","-0.32824787557326118,-0.013465483488976457,0.0085655014616945607","1.0814529969555708,-0.20134069066942839,2.9447975387752177","0.75471197740428642,0.063848611654977031,0.021634946392255602",NOT_RECORDED,NOT_RECORDED,NOT_RECORDED,"0.02595790692915519,1.2404679656028748,-2.9825770854949951","0.069305930286645889,0.75743509332338965,-0.023448007491727669","0.0428288783878088,-0.037675571938355759,0.013789249739299217","0.012702513330926498,1.2529253562291462,-2.9690423011779785","0.057388404384255409,0.77109485864639282,-0.020596598275005817",0.08875229676106675,0.029850849328019895,0.059355713280943134,0.017641180305927453,0.028787691644766463,0.05866169572501886,8.0,24.0,WAIT_FIRST_COMMAND,scenario.pva_command,linear,26408000000,8.0,26408000000,8.0,body_twist_rotated_by_q_xyzw_to_lio_enu_then_enu_to_ned,linear,26420000000,4.0,26420000000,4.0,position:linear;velocity:linear;acceleration:linear,26420000000,4.0,0.7750668202343529,0.07937415993122914,0.32863559587975455
26440000000,-2.879484858,1,3.3920000000000003,MAIN,MAIN,TRACK_MAIN,False,"1.1531998955459941,-0.1406010741380905,2.9724720945851626","0.77210638067840476,0.049628072381384274,0.0098827991383317604","-0.084499328635808446,0.0034708697326508026,-0.00032988208102509298","-0.32325097740308895,-0.01343033843948381,0.0084487911072784888","1.0988531092473073,-0.19982594291086397,2.9478566344905941","0.7514833309260589,0.066046876279935343,0.026075047452026302",NOT_RECORDED,NOT_RECORDED,NOT_RECORDED,"0.02721107192337513,1.2601106762886047,-2.98282790184021","0.069530528038740158,0.7577577531337738,-0.023392456583678722","0.039548256434500217,-0.036518524400889874,0.012463167775422335","0.013874247903004289,1.2711631953716278,-2.9693310260772705","0.05858165305107832,0.76855190098285675,-0.020313427783548832",0.08406592138205984,0.025897500523119007,0.059046468744039377,0.019500305198756993,0.028008957458252135,0.06124501635240394,24.0,16.0,WAIT_FIRST_COMMAND,scenario.pva_command,linear,26448000000,8.0,26448000000,8.0,body_twist_rotated_by_q_xyzw_to_lio_enu_then_enu_to_ned,linear,26436000000,4.0,26436000000,4.0,position:linear;velocity:linear;acceleration:linear,26436000000,4.0,0.7737628049805743,0.08457122618710675,0.32364015581170674
26456000000,-2.863484858,1,3.4080000000000004,MAIN,MAIN,TRACK_MAIN,False,"1.1655425619190871,-0.13980658987057595,2.9726301828938202","0.77071323282459114,0.049681888856049627,0.0098785973732140112","-0.089630468029874955,0.0032562952120640254,-0.00019565955710394711","-0.31811911178612995,-0.013390734284639369,0.0083284174339004063","1.1108690763808455,-0.19876225247341425,2.9482744415858075","0.75010332510023459,0.067682336449882211,0.026183905298864923",NOT_RECORDED,NOT_RECORDED,NOT_RECORDED,"0.027937827010949452,1.2714598774909973,-2.9829729795455933","0.069467335939407349,0.75546982884407043,-0.023344645897547405","0.037104827041427292,-0.042368081087867417,0.012009879418959221","0.014679845267285904,1.2832789023717244,-2.9695164362589517","0.059340002636114754,0.76679531733194983,-0.020220391141871612",0.08401286989802724,0.026003761692183602,0.05888493197369333,0.019590320038851576,0.028375336897760436,0.059321430507058064,16.0,16.0,WAIT_FIRST_COMMAND,scenario.pva_command,linear,26448000000,8.0,26448000000,8.0,body_twist_rotated_by_q_xyzw_to_lio_enu_then_enu_to_ned,linear,26452000000,4.0,26452000000,4.0,position:linear;velocity:linear;acceleration:linear,26452000000,4.0,0.7723760509086874,0.08968981291331159,0.31850972290533197
26472000000,-2.847484858,1,3.4240000000000004,MAIN,MAIN,TRACK_MAIN,False,"1.1778622846668343,-0.13901127197720914,2.9727882210719243","0.76923864931625796,0.049732277397644346,0.0098765276057405718","-0.094678430693428517,0.0030423899620014017,-6.3392027699143982e-05","-0.31285421310454886,-0.013346681456177456,0.0082044242021440394","1.1228659780665338,-0.19767496248997898,2.9486941694721565","0.74891099426301522,0.069103675819436439,0.026316519888334614",NOT_RECORDED,NOT_RECORDED,NOT_RECORDED,"0.028466890255610149,1.2797027230262756,-2.9830783605575562","0.069058507680892944,0.74883690476417542,-0.023267765839894611","0.033338888858755432,-0.060289918755491577,0.011668571426222721","0.015506907521436611,1.2953613201777141,-2.9696944554646811","0.060140741368134819,0.76506312688191735,-0.020117795405288536",0.08394370522406416,0.026107291773241614,0.058712127520744326,0.019484603340423606,0.03112972243971112,0.0472771381068965,16.0,24.0,WAIT_FIRST_COMMAND,scenario.pva_command,linear,26468000000,4.0,26468000000,4.0,body_twist_rotated_by_q_xyzw_to_lio_enu_then_enu_to_ned,linear,26476000000,4.0,26476000000,4.0,position:linear;velocity:linear;acceleration:linear,26476000000,4.0,0.7709078705102212,0.09472732126372205,0.3132462372314277
26488000000,-2.831484858,1,3.4400000000000004,MAIN,MAIN,TRACK_MAIN,False,"1.1901577715558687,-0.13821517521621751,2.9729462429787343","0.76768397792501974,0.049779249283446056,0.0098765580946074336","-0.099641103941940035,0.0028292250702994653,6.6862953617990994e-05","-0.30745827115497981,-0.013298191508946761,0.0080768565642764661","1.1348433471293007,-0.1965670750780085,2.9491155853927165","0.74771408359435132,0.070085431603570392,0.026537483838773673",NOT_RECORDED,NOT_RECORDED,NOT_RECORDED,"0.029195019975304604,1.2910204529762268,-2.9832234382629395","0.068935837596654892,0.74647414684295654,-0.023225367069244385","0.031017673201858997,-0.066091433167457581,0.011420304421335459","0.01635008305311203,1.3074120283126831,-2.9698777198791504","0.060857946984469891,0.76323823630809784,-0.020082663744688034",0.08386018130260042,0.026204260166157727,0.05853027074274195,0.019178386071890187,0.03154397741840385,0.0453003756214226,16.0,16.0,WAIT_FIRST_COMMAND,scenario.pva_command,exact,26488000000,0.0,26488000000,0.0,body_twist_rotated_by_q_xyzw_to_lio_enu_then_enu_to_ned,linear,26492000000,4.0,26492000000,4.0,position:linear;velocity:linear;acceleration:linear,26492000000,4.0,0.7693596103395354,0.09968128500336196,0.3078516948320694
26504000000,-2.815484858,1,3.4560000000000004,MAIN,MAIN,TRACK_MAIN,False,"1.2024277521862157,-0.13741835415630094,2.9731042819583129","0.76605059996838598,0.049822816926610766,0.0098786561834921793","-0.10451640737090306,0.0026168714309323937,0.00019504856684553207","-0.30193333114851839,-0.013245277120910587,0.0079457610642479914","1.1467917643998538,-0.19542985444047456,2.9495406866871905","0.74601040488236248,0.071470777743796315,0.026657367192198345",NOT_RECORDED,NOT_RECORDED,NOT_RECORDED,"0.030189348384737968,1.3064137101173401,-2.9834209680557251","0.069190923124551773,0.74969938397407532,-0.023231045342981815","0.029413302429020405,-0.056754037737846375,0.010643867775797844","0.01721577625721693,1.3194131851196289,-2.9700675010681152","0.061603119596838951,0.76138985157012939,-0.019970626570284367",0.08376121014100829,0.02629990696333493,0.05833167069738805,0.01945791761396459,0.028649120378360277,0.05582808231242454,16.0,0.0,WAIT_FIRST_COMMAND,scenario.pva_command,linear,26508000000,4.0,26508000000,4.0,body_twist_rotated_by_q_xyzw_to_lio_enu_then_enu_to_ned,linear,26492000000,12.0,26492000000,12.0,position:linear;velocity:linear;acceleration:linear,26492000000,12.0,0.7677326505017344,0.10454934466437377,0.3023281477853835
26512000000,-2.807484858,1,3.4720000000000004,MAIN,MAIN,TRACK_MAIN,False,"1.214670978523877,-0.13662086315848324,2.9732623708249806","0.76433992978617837,0.049862993872927329,0.0098827883129694385","-0.10930229374254186,0.0024053997260419097,0.00032110874781833554","-0.29628149371072787,-0.01318795209314666,0.0078111856376931188","1.1529122178118945,-0.19504691990931849,2.9505062500567552","0.74571262698258156,0.071708824670154173,0.027956044747764537",NOT_RECORDED,NOT_RECORDED,NOT_RECORDED,"0.030719819789131481,1.3146187663078308,-2.9835262695948281","0.069365527480840683,0.7520061035950979,-0.023239981693526108","0.028650328827401001,-0.050235539674758911,0.010162452235817909","0.017651480622589588,1.3254072666168213,-2.9701631863911948","0.061985007797678314,0.76046689351399743,-0.019898042393227417",0.08800903172146479,0.030614233028286923,0.058123163602964364,0.01942092679032673,0.026662458638414415,0.06547963645696987,8.0,24.0,WAIT_FIRST_COMMAND,scenario.pva_command,linear,26508000000,4.0,26508000000,4.0,body_twist_rotated_by_q_xyzw_to_lio_enu_then_enu_to_ned,linear,26516000000,4.0,26516000000,4.0,position:linear;velocity:linear;acceleration:linear,26516000000,4.0,0.7660284041263422,0.10932922974232862,0.29667770428014595
26516000000,-2.803484858,1,3.4880000000000004,MAIN,MAIN,TRACK_MAIN,False,"1.2268862254248905,-0.13582275635801777,2.9734205418489652","0.76255341420278944,0.049899794797284402,0.0098889200327823765","-0.11399674987237773,0.0021948804079674616,0.00044498821047510295","-0.29050491488161967,-0.01312623134984682,0.0076731796119287321","1.156045566906297,-0.19494829053754592,2.9513655381027011","0.74584076876079786,0.071600535061455542,0.029224751464974563",NOT_RECORDED,NOT_RECORDED,NOT_RECORDED,"0.030985055491328239,1.3187212944030762,-2.9835789203643799","0.069452829658985138,0.75315946340560913,-0.023244449868798256","0.028268842026591301,-0.046976290643215179,0.0099217444658279419","0.017869332805275917,1.3284043073654175,-2.9702110290527344","0.062175951898097992,0.7600054144859314,-0.019861750304698944",0.09487176019032345,0.03800882377289571,0.05797672397394263,0.019419725720228622,0.025474254868071002,0.07265715777650017,4.0,0.0,WAIT_FIRST_COMMAND,scenario.pva_command,linear,26508000000,8.0,26508000000,8.0,body_twist_rotated_by_q_xyzw_to_lio_enu_then_enu_to_ned,exact,26516000000,0.0,26516000000,0.0,position:exact;velocity:exact;acceleration:exact,26516000000,0.0,0.7642483168267739,0.11401874624805429,0.29090252870194117
26552000000,-2.767484858,1,3.504,MAIN,MAIN,TRACK_MAIN,False,"1.239072291150688,-0.13502408764635238,2.9735788267422465","0.7606925319752218,0.049933235499850195,0.0098970160144704333","-0.11859779751590338,0.0019853836812770281,0.00056663246912486143","-0.28460580611567821,-0.013060130938317441,0.0075317937059560525","1.1833171944375533,-0.19291952727645387,2.9547376439062507","0.7435838040294136,0.073313573185134956,0.033241062076297949",NOT_RECORDED,NOT_RECORDED,NOT_RECORDED,"0.032446451485157013,1.3411939938863118,-2.9838687181472778","0.068654008209705353,0.74359919627507531,-0.023090767674148083","0.020826290982464947,-0.069133227070172637,0.0096837518115838375","0.019914644149442513,1.3552112181981404,-2.9706600507100425","0.063828134288390473,0.75544025500615442,-0.019790335558354855",0.08255605919684601,0.02655347767157513,0.05726787903054223,0.02028474857345363,0.028578392870649786,0.053914690903452425,36.0,40.0,WAIT_FIRST_COMMAND,scenario.pva_command,linear,26548000000,4.0,26548000000,4.0,body_twist_rotated_by_q_xyzw_to_lio_enu_then_enu_to_ned,linear,26556000000,4.0,26556000000,4.0,position:linear;velocity:linear;acceleration:linear,26556000000,4.0,0.7623938661455429,0.11861576790772871,0.28500484173310126
26568000000,-2.751484858,1,3.52,MAIN,MAIN,TRACK_MAIN,False,"1.2512279978745138,-0.13422491065315689,2.9737372566446103","0.75875879322696083,0.049963332901963496,0.0099070400643532508","-0.12310349425519629,0.001776979484795993,0.0006859878607141795","-0.27858643428185381,-0.01298966802897937,0.0073870800304592643","1.1952066007078779,-0.19174096995702331,2.9552704660022933","0.74184505487389163,0.074863477096741016,0.033493286436405457",NOT_RECORDED,NOT_RECORDED,NOT_RECORDED,"0.033776950091123581,1.361535519361496,-2.9841323494911194","0.069303194060921669,0.75330768525600433,-0.023157698102295399","0.020525877363979816,-0.041512085124850273,0.009253843454644084","0.020851938985288143,1.3670666515827179,-2.9708681106567383","0.064538894221186638,0.75342556834220886,-0.019839448854327202",0.08238638464561367,0.026627663120466865,0.0570364884753948,0.02066718617668695,0.024069165880796224,0.08430586849168539,16.0,16.0,WAIT_FIRST_COMMAND,scenario.pva_command,exact,26568000000,0.0,26568000000,0.0,body_twist_rotated_by_q_xyzw_to_lio_enu_then_enu_to_ned,linear,26572000000,4.0,26572000000,4.0,position:linear;velocity:linear;acceleration:linear,26572000000,4.0,0.7604665609852567,0.12311822989823067,0.278986920468966
26584000000,-2.735484858,1,3.536,MAIN,MAIN,TRACK_MAIN,False,"1.2633521921786566,-0.13342527872841964,2.973895862109909","0.75675373886765396,0.049990105041738987,0.0099189551368712853","-0.12751193438555797,0.0015697374736387409,0.00080300156709407766","-0.27244912166353963,-0.012914860915367435,0.0072390920878061815","1.2070727653632507,-0.19053594890741213,2.9558072672854925","0.74039246999923303,0.076030041966536455,0.033732133873548842",NOT_RECORDED,NOT_RECORDED,NOT_RECORDED,"0.034575732424855232,1.3737136721611023,-2.9842907190322876","0.069088466465473175,0.75199249386787415,-0.02310052327811718","0.017936222720891237,-0.043157253414392471,0.0093618235550820827","0.02181561291217804,1.3788691163063049,-2.9710922241210938","0.065223954617977142,0.75131431221961975,-0.019875754602253437",0.08219610570876333,0.02669586289635136,0.05678758358541083,0.0206895482739885,0.023689039695222243,0.08652686121003157,16.0,0.0,WAIT_FIRST_COMMAND,scenario.pva_command,linear,26588000000,4.0,26588000000,4.0,body_twist_rotated_by_q_xyzw_to_lio_enu_then_enu_to_ned,linear,26572000000,12.0,26572000000,12.0,position:linear;velocity:linear;acceleration:linear,26572000000,12.0,0.7584679410253704,0.12752412437652627,0.27285109855368594
26600000000,-2.719484858,1,3.552,MAIN,MAIN,TRACK_MAIN,False,"1.2754437455423009,-0.13262524492461608,2.9740546730925437","0.75467893999860847,0.050013571069383457,0.0099327233482823796","-0.13182124980211718,0.0013637270012378661,0.0009176216372866336","-0.26619624595861247,-0.012835729014131325,0.0070878847720482474","1.2189065293575423,-0.18931451481875314,2.9563489301251242","0.738255069293559,0.077151323003410779,0.033983642810635685",NOT_RECORDED,NOT_RECORDED,NOT_RECORDED,"0.035108592361211777,1.3818121949831645,-2.9843964179356894","0.068441413342952728,0.74517914652824402,-0.022979728877544403","0.01414424708733956,-0.059288193782170616,0.0098199089989066124","0.022792848447958629,1.3906425038973491,-2.971325715382894","0.06589532022674878,0.74913188815116882,-0.019924763900538284",0.08199770404761811,0.02675433853564048,0.05654113707095956,0.02103936460966112,0.02449603641652501,0.07442902977620455,16.0,24.0,WAIT_FIRST_COMMAND,scenario.pva_command,linear,26608000000,8.0,26608000000,8.0,body_twist_rotated_by_q_xyzw_to_lio_enu_then_enu_to_ned,linear,26596000000,4.0,26596000000,4.0,position:linear;velocity:linear;acceleration:linear,26596000000,4.0,0.7563995761247153,0.13183149729937568,0.2665997663395903
26612000000,-2.707484858,1,3.568,MAIN,MAIN,TRACK_MAIN,False,"1.2875015548197277,-0.13182486197895424,2.9742137189341635","0.75253599730409304,0.050033751242225553,0.0099483059907145427","-0.13602961088651888,0.0011590171013747819,0.0010297970097529197","-0.25983024027938395,-0.012752292865034626,0.0069335143689195911","1.2273522105820955,-0.18859250745643097,2.9567944813208209","0.73565756048543807,0.077443255687294543,0.034216374506399763",NOT_RECORDED,NOT_RECORDED,NOT_RECORDED,"0.035508409142494202,1.3878742853800456,-2.9844756921132407","0.067932218313217163,0.74007606506347656,-0.022879470139741898","0.011220266732076805,-0.071013977130254105,0.010400811210274696","0.023541052515308063,1.3994383017222087,-2.971511205037435","0.066380937894185379,0.74741894006729126,-0.020011020203431446",0.08452182572746374,0.028975010698923453,0.05677951100666577,0.021505743779210086,0.025353895976382313,0.06677514643293432,12.0,24.0,WAIT_FIRST_COMMAND,scenario.pva_command,linear,26608000000,4.0,26608000000,4.0,body_twist_rotated_by_q_xyzw_to_lio_enu_then_enu_to_ned,linear,26620000000,8.0,26620000000,8.0,position:linear;velocity:linear;acceleration:linear,26620000000,8.0,0.7542630657097825,0.13603844618511454,0.2602353710748445
26616000000,-2.703484858,1,3.584,MAIN,MAIN,TRACK_MAIN,False,"1.2995245427086966,-0.13102418229570295,2.9743730283505929","0.75032654042847469,0.050050666919457164,0.009965663546574785","-0.14013522739348794,0.00095567647020972091,0.0011394775346583036","-0.25335359315265649,-0.012664574130955855,0.0067760385558389424","1.2298864099196831,-0.18848395264494627,2.9569683908372957","0.73424288800199,0.077182095158227979,0.03432124148362984",NOT_RECORDED,NOT_RECORDED,NOT_RECORDED,"0.035641681402921677,1.3898949821790059,-2.9845021168390908","0.067762486636638641,0.73837503790855408,-0.022846050560474396","0.010245606613655884,-0.07492257157961528,0.010594445280730724","0.023790453871091206,1.4023702343304951,-2.9715730349222818","0.066542810449997589,0.74684795737266541,-0.020039772304395836",0.09194572395656757,0.0362583840096448,0.05714771285633298,0.021818398540216808,0.02494897472453409,0.0669079832681141,4.0,0.0,WAIT_FIRST_COMMAND,scenario.pva_command,linear,26608000000,8.0,26608000000,8.0,body_twist_rotated_by_q_xyzw_to_lio_enu_then_enu_to_ned,linear,26620000000,4.0,26620000000,4.0,position:linear;velocity:linear;acceleration:linear,26620000000,4.0,0.7520600381487966,0.1401431185723804,0.253760417125663
26648000000,-2.671484858,1,3.6,MAIN,MAIN,TRACK_MAIN,False,"1.3115116582087143,-0.13022325792860606,2.9745326294189969","0.74805222733914967,0.050064340556588073,0.0099847557033154177","-0.14413634933751851,0.00075377344831183135,0.0012466139961410383","-0.24676884851968417,-0.012572595597887246,0.0066155164019073565","1.2520818205006774,-0.18662025710634494,2.9581834090315748","0.72848337605815394,0.077507314328687307,0.034670249657802736",NOT_RECORDED,NOT_RECORDED,NOT_RECORDED,"0.037175272591412067,1.413050651550293,-2.9848065972328186","0.067026101052761078,0.73409090936183929,-0.022645981051027775","0.0038393107242882252,-0.082058433443307877,0.011624600505456328","0.025843674782663584,1.4257045388221741,-2.9721050262451172","0.067868292331695557,0.74237620830535889,-0.02021546708419919",0.08354534178237576,0.026890912172028027,0.05802895216417477,0.022245500042876565,0.025355992311456847,0.06347327268068237,32.0,32.0,WAIT_FIRST_COMMAND,scenario.pva_command,exact,26648000000,0.0,26648000000,0.0,body_twist_rotated_by_q_xyzw_to_lio_enu_then_enu_to_ned,linear,26652000000,4.0,26652000000,4.0,position:linear;velocity:linear;acceleration:linear,26652000000,4.0,0.7497921501115384,0.1441437110012571,0.24717746624047823
26664000000,-2.655484858,1,3.616,MAIN,MAIN,TRACK_MAIN,False,"1.3234618770690156,-0.12942214056338688,2.9746925495652805","0.74571474367529422,0.050074795699612873,0.01000554136855443","-0.14803126787946663,0.00055337600268952347,0.0013511581345783119","-0.24007860573617013,-0.012476381174936074,0.0064520083679101836","1.2637312869571786,-0.18537074469551706,2.9587387921941266","0.72728867954574028,0.079155333623599597,0.034749399912713204",NOT_RECORDED,NOT_RECORDED,NOT_RECORDED,"0.038176169618964195,1.4280701279640198,-2.9850058555603027","0.066959120333194733,0.73644489049911499,-0.022576966322958469","0.0013532052107620984,-0.072907008230686188,0.012019027955830097","0.026902784593403339,1.4373029470443726,-2.9723954200744629","0.068534750491380692,0.74009278416633606,-0.0203077532351017",0.08338172505831085,0.026922906766736674,0.05783996537471866,0.022029594639132656,0.02300111566042639,0.07630895092079053,16.0,0.0,WAIT_FIRST_COMMAND,scenario.pva_command,linear,26668000000,4.0,26668000000,4.0,body_twist_rotated_by_q_xyzw_to_lio_enu_then_enu_to_ned,linear,26652000000,12.0,26652000000,12.0,position:linear;velocity:linear;acceleration:linear,26652000000,12.0,0.7474610859149429,0.14803846839017012,0.24048913786577827
26680000000,-2.639484858,1,3.632,MAIN,MAIN,TRACK_MAIN,False,"1.3353742022260204,-0.12862088150035,2.9748528155517335","0.74331580208241821,0.050082056978889705,0.010027978685554953","-0.15181831621319564,0.00035455170882105203,0.0014530626688529918","-0.23328551957229759,-0.012375955894323429,0.0062855763063156822","1.2753553342960724,-0.18409772823912304,2.9592967288242868","0.72537584806370625,0.080453297216148911,0.034916354470819165",NOT_RECORDED,NOT_RECORDED,NOT_RECORDED,"0.039177251048386097,1.4430627226829529,-2.985205352306366","0.066872203722596169,0.73874643445014954,-0.022499953862279654","-0.00091654861171264201,-0.063595397397875786,0.012441483093425632","0.027973750606179237,1.4488770067691803,-2.9726953506469727","0.069163363426923752,0.73776906728744507,-0.020397041458636522",0.08319817826095534,0.02694244136103327,0.05764536760093586,0.022178028272109167,0.021408837265084215,0.08931941279620816,16.0,24.0,WAIT_FIRST_COMMAND,scenario.pva_command,linear,26688000000,8.0,26688000000,8.0,body_twist_rotated_by_q_xyzw_to_lio_enu_then_enu_to_ned,linear,26676000000,4.0,26676000000,4.0,position:linear;velocity:linear;acceleration:linear,26676000000,4.0,0.7450685568544572,0.15182568371604227,0.23369810952576744
26696000000,-2.623484858,1,3.648,MAIN,MAIN,TRACK_MAIN,False,"1.3472476642299942,-0.12781953163708187,2.9750134534649302","0.74085714153276649,0.05008615010273236,0.010052025049058416","-0.15549587045221447,0.0001573677326833639,0.0015522813186213125","-0.22639230021269618,-0.012271345911385179,0.0061162834612759898","1.2869484148422239,-0.1828052806486799,2.9598568642173748","0.72335471986906497,0.081456547774123422,0.035058031058926152",NOT_RECORDED,NOT_RECORDED,NOT_RECORDED,"0.039911633978287377,1.4540108044942219,-2.9853520393371582","0.06634577612082164,0.7357253531614939,-0.022346011673410732","-0.003586244691784183,-0.068506874144077301,0.013465770365049442","0.029065121275683243,1.4604038397471111,-2.973015308380127","0.069675859063863754,0.73538060983022058,-0.020549225620925426",0.08300092932440023,0.02695588383435667,0.05744220328479866,0.022224133078336764,0.02102029488982988,0.08835520351996896,16.0,16.0,WAIT_FIRST_COMMAND,scenario.pva_command,linear,26688000000,8.0,26688000000,8.0,body_twist_rotated_by_q_xyzw_to_lio_enu_then_enu_to_ned,linear,26692000000,4.0,26692000000,4.0,position:linear;velocity:linear;acceleration:linear,26692000000,4.0,0.7426163005212059,0.15550369792897947,0.226807117281295
26712000000,-2.607484858,1,3.664,MAIN,MAIN,TRACK_MAIN,False,"1.3590813216607613,-0.12701814145125642,2.9751744887038782","0.7383405266314913,0.050087101850714646,0.0100776371214754","-0.15906235051630091,-3.8109187216306406e-05,0.0016487688265790917","-0.21940171325646851,-0.012162578504571253,0.0059441944686261239","1.2985096197249717,-0.18149618173837617,2.9604186780179349","0.7213395160678322,0.082511618477062634,0.03515570107922824",NOT_RECORDED,NOT_RECORDED,NOT_RECORDED,"0.040445805837710701,1.4619523684183757,-2.9854588508605957","0.065488790472348526,0.72880553205808007,-0.022126366073886555","-0.0076479898610462751,-0.084005393087863922,0.014897845840702454","0.030173843416074913,1.4718924363454182,-2.9733567237854004","0.070215087383985519,0.73296288649241126,-0.020729026757180691",0.0827920400637802,0.02695840918849683,0.05723722252531157,0.02223592473778452,0.021755459160436464,0.07723501537017799,16.0,24.0,WAIT_FIRST_COMMAND,scenario.pva_command,linear,26708000000,4.0,26708000000,4.0,body_twist_rotated_by_q_xyzw_to_lio_enu_then_enu_to_ned,linear,26716000000,4.0,26716000000,4.0,position:linear;velocity:linear;acceleration:linear,26716000000,4.0,0.7401060801048888,0.15907090005002242,0.2198189562882017
26728000000,-2.591484858,1,3.68,MAIN,MAIN,TRACK_MAIN,False,"1.3708742615321843,-0.12621676098355097,2.9753359459684376","0.73576774690867675,0.050084940066686741,0.010104770849432274","-0.16251622101812391,-0.00023181275781089528,0.0017424809807293357","-0.21231657971717421,-0.012049682075446211,0.0057693753558850924","1.3100426788781285,-0.18017191822507186,2.9609814842197357","0.71894884061502651,0.084256233016257343,0.03528498960930803",NOT_RECORDED,NOT_RECORDED,NOT_RECORDED,"0.041781403124332428,1.481718122959137,-2.9857267737388611","0.0658110361546278,0.73714204132556915,-0.022083127871155739","-0.0083207990974187851,-0.057623263448476791,0.015423798933625221","0.031297941226512194,1.4833463132381439,-2.9737088680267334","0.070730399340391159,0.7305624932050705,-0.020878736861050129",0.08256931035953617,0.026953168471703457,0.057029131450136085,0.022920846872576926,0.01981615049022712,0.1065957101097794,16.0,16.0,WAIT_FIRST_COMMAND,scenario.pva_command,exact,26728000000,0.0,26728000000,0.0,body_twist_rotated_by_q_xyzw_to_lio_enu_then_enu_to_ned,linear,26732000000,4.0,26732000000,4.0,position:linear;velocity:linear;acceleration:linear,26732000000,4.0,0.7375396836824942,0.16252572741303017,0.21273648148099944
26744000000,-2.575484858,1,3.696,MAIN,MAIN,TRACK_MAIN,False,"1.3826255996851977,-0.1254154398206751,2.9754978492479989","0.73314061609714365,0.050079693651504761,0.010133381480674428","-0.16585599214990587,-0.00042367714944355206,0.0018333746366485937","-0.20513977602282818,-0.011932686148688587,0.0055918935422548666","1.3215358496719378,-0.1788273288442673,2.9615486229108487","0.71731524001935842,0.084841356472752455,0.035404279588732081",NOT_RECORDED,NOT_RECORDED,NOT_RECORDED,"0.042582778260111809,1.4935413599014282,-2.985887885093689","0.065295372158288956,0.73524084687232971,-0.021894235163927078","-0.011302568018436432,-0.058931630104780197,0.01655173022300005","0.0324432123452425,1.4947502017021179,-2.9740848541259766","0.07122180238366127,0.72808313369750977,-0.021012244746088982",0.08233691979395488,0.0269431585261928,0.05681624069580533,0.022551506707125024,0.01934542636102215,0.10903752356870934,16.0,0.0,WAIT_FIRST_COMMAND,scenario.pva_command,linear,26748000000,4.0,26748000000,4.0,body_twist_rotated_by_q_xyzw_to_lio_enu_then_enu_to_ned,linear,26732000000,12.0,26732000000,12.0,position:linear;velocity:linear;acceleration:linear,26732000000,12.0,0.7349189234927624,0.16586666602097874,0.20556260841604226
26760000000,-2.559484858,1,3.712,MAIN,MAIN,TRACK_MAIN,False,"1.3943344811691754,-0.12461422707851923,2.9756602218104407","0.730460971396095,0.050071392555472057,0.010163423581325562","-0.16908022057000505,-0.00061363701383684854,0.0019214077397541746","-0.19787423401592541,-0.011811621372091963,0.0054118178386215743","1.3330006886280699,-0.17746904878622752,2.9621156380723277","0.71566805431253178,0.085379296065476631,0.03545258105142253",NOT_RECORDED,NOT_RECORDED,NOT_RECORDED,"0.043183798901736736,1.5023756325244904,-2.9860090613365173","0.064462166279554367,0.72948026657104492,-0.02164965495467186","-0.014919776702299714,-0.070641623809933662,0.017991300206631422","0.033598107285797596,1.5061294138431549,-2.9744713306427002","0.071668624877929688,0.72556880116462708,-0.021160447038710117",0.08209093758672606,0.02692120532530931,0.056604389190264344,0.022142095367865162,0.018438808570340415,0.10144623651292244,16.0,24.0,WAIT_FIRST_COMMAND,scenario.pva_command,linear,26768000000,8.0,26768000000,8.0,body_twist_rotated_by_q_xyzw_to_lio_enu_then_enu_to_ned,linear,26756000000,4.0,26756000000,4.0,position:linear;velocity:linear;acceleration:linear,26756000000,4.0,0.7322456351964581,0.16909225099361797,0.19830031431933057
26776000000,-2.543484858,1,3.728,MAIN,MAIN,TRACK_MAIN,False,"1.4060000806114357,-0.12381317138542486,2.9758230861913644","0.72773067272055236,0.050060067770493419,0.010194851053503332","-0.17218751028960178,-0.00080162750206325128,0.0020065393475708904","-0.1905229409534055,-0.011686519516563632,0.0052292184475539738","1.3444365422972668,-0.17609987559136206,2.962682834120407","0.71366907422142711,0.085955718918778415,0.035458401758843967",NOT_RECORDED,NOT_RECORDED,NOT_RECORDED,"0.044051834692557655,1.5150848627090454,-2.9861847162246704","0.063999543587366745,0.72867750128110254,-0.021453846556444962","-0.016808767182131607,-0.068663039555152253,0.01929941897590955","0.034769752994179726,1.5174591541290283,-2.9748744964599609","0.071993082761764526,0.72305403153101599,-0.021329269744455814",0.08183296958419391,0.02689993765237423,0.056383245557275655,0.021969638222691917,0.017943535050472345,0.1068994313439833,16.0,16.0,WAIT_FIRST_COMMAND,scenario.pva_command,linear,26768000000,8.0,26768000000,8.0,body_twist_rotated_by_q_xyzw_to_lio_enu_then_enu_to_ned,linear,26772000000,4.0,26772000000,4.0,position:linear;velocity:linear;acceleration:linear,26772000000,4.0,0.7295216771224123,0.17220106708884567,0.19095263939919263
26792000000,-2.527484858,1,3.744,MAIN,MAIN,TRACK_MAIN,False,"1.4176216025745561,-0.12301232086558472,2.9759864641836118","0.72495160193662311,0.05004575132194243,0.010227617153290902","-0.17517651355927821,-0.00098758428251427555,0.0020887296519980503","-0.18308893950667571,-0.011557413476125572,0.0050441669633048969","1.3558416735724166,-0.17472020438751584,2.9632500327145288","0.71126225558169576,0.086689353860113463,0.035420022355829479",NOT_RECORDED,NOT_RECORDED,NOT_RECORDED,"0.045120014498631157,1.5306679010391235,-2.9864016771316528","0.063813587029774979,0.7315132121245066,-0.02129217019925515","-0.01810996017108361,-0.056956215451161064,0.020120492825905483","0.035953180864453316,1.5287473201751709,-2.9752941131591797","0.072303861379623413,0.72059847911198938,-0.021409188397228718",0.08156397202437873,0.026876314241367237,0.056156401813771385,0.022145223682079267,0.01884230247189982,0.12150088149439314,16.0,24.0,WAIT_FIRST_COMMAND,scenario.pva_command,linear,26788000000,4.0,26788000000,4.0,body_twist_rotated_by_q_xyzw_to_lio_enu_then_enu_to_ned,linear,26796000000,4.0,26796000000,4.0,position:linear;velocity:linear;acceleration:linear,26796000000,4.0,0.7267489294993753,0.17519174928362977,0.18352268850551146
26812000000,-2.507484858,1,3.7600000000000002,MAIN,MAIN,TRACK_MAIN,False,"1.4291982819014095,-0.12221172312257356,2.9761503768270763","0.72212566208259998,0.050028476260239818,0.010261674509065274","-0.17804593175570371,-0.0011714435588714156,0.0021679400015771622","-0.17557532776160567,-0.011424337267914253,0.0048567363718101109","1.3697393456512723,-0.17341145324985027,2.9626644951130703","0.70770442743777184,0.086845768655575473,0.033103253019284032",NOT_RECORDED,NOT_RECORDED,NOT_RECORDED,"0.045387059450149536,1.5345636606216431,-2.9864559173583984","0.061975955963134766,0.71536588668823242,-0.020817829295992851","-0.02465536817908287,-0.096310287714004517,0.022165369242429733","0.037443134933710098,1.54280686378479,-2.9758329391479492","0.072704523801803589,0.71740990877151489,-0.021458279341459274",0.07961561700262085,0.024457115276987323,0.056460298748028326,0.020731053660901947,0.017316732905457596,0.08845518730545769,20.0,16.0,WAIT_FIRST_COMMAND,scenario.pva_command,linear,26808000000,4.0,26808000000,4.0,body_twist_rotated_by_q_xyzw_to_lio_enu_then_enu_to_ned,exact,26812000000,0.0,26812000000,0.0,position:exact;velocity:exact;acceleration:exact,26812000000,0.0,0.723929293673688,0.17806298340367874,0.1760136332469493
26816000000,-2.503484858,1,3.7760000000000002,MAIN,MAIN,TRACK_MAIN,False,"1.4407293840475719,-0.12141142522301689,2.9763148443988086","0.71925477657580927,0.05000827665214512,0.010296975140181561","-0.18079451626821719,-0.0013531420880745632,0.002244132923757497","-0.16798525921852026,-0.011287326032180051,0.0046670010506892623","1.372265429613992,-0.17349487860973134,2.9615124174687977","0.70673513553778344,0.085959545891106465,0.030901009667987422",NOT_RECORDED,NOT_RECORDED,NOT_RECORDED,"0.045653967186808586,1.5384300152460735,-2.9865104357401528","0.061916473011175789,0.71603728334108985,-0.02077063328276078","-0.025180275551974773,-0.093267741302649185,0.02240175971140464","0.037746187920371689,1.545602838198344,-2.9759457906087241","0.072791789968808487,0.71676460901896155,-0.021477143901089828",0.08728751924752857,0.03186989702073311,0.05701714393451509,0.019047030748423042,0.016181931841665647,0.09400047153479409,4.0,0.0,WAIT_FIRST_COMMAND,scenario.pva_command,linear,26808000000,8.0,26808000000,8.0,body_twist_rotated_by_q_xyzw_to_lio_enu_then_enu_to_ned,linear,26812000000,4.0,26812000000,4.0,position:linear;velocity:linear;acceleration:linear,26812000000,4.0,0.7210646913126951,0.18081350679290709,0.16842871472073076
26820000000,-2.499484858,1,3.7920000000000003,MAIN,MAIN,TRACK_MAIN,False,"1.4522142054009624,-0.12061147368040118,2.9764798864034221","0.71634088840533616,0.049985187571760875,0.010333470476014392","-0.18342106938547165,-0.0015326171982927295,0.0023172721471634572","-0.16032194279221645,-0.011146416032288303,0.0044750367692452109","1.3747915135767115,-0.17357830396961238,2.9603603398245255","0.70576584363779515,0.085073323126637471,0.028698766316690816",NOT_RECORDED,NOT_RECORDED,NOT_RECORDED,"0.045920874923467636,1.5422963698705037,-2.9865649541219077","0.06185699005921682,0.71670867999394738,-0.020723437269528706","-0.025705182924866676,-0.090225194891293839,0.022638150180379551","0.038049240907033287,1.5483988126118977,-2.9760586420694985","0.0728790561358134,0.71611930926640832,-0.021496008460720379",0.09518192108855673,0.03978674951596847,0.057600248039387555,0.017543492203609852,0.01578056953738199,0.09946133449781433,4.0,0.0,WAIT_FIRST_COMMAND,scenario.pva_command,linear,26828000000,8.0,26828000000,8.0,body_twist_rotated_by_q_xyzw_to_lio_enu_then_enu_to_ned,linear,26812000000,8.0,26812000000,8.0,position:linear;velocity:linear;acceleration:linear,26812000000,8.0,0.7181570635940365,0.18344210901587052,0.16077124707211074
26856000000,-2.463484858,1,3.8080000000000003,MAIN,MAIN,TRACK_MAIN,False,"1.4636520735884315,-0.11981191443903025,2.9766455215638112","0.71338595931054272,0.049959245091249535,0.010371111375353681","-0.18592444518208673,-0.0017098068068937267,0.0023873226238625977","-0.15258864281194739,-0.011001644654718368,0.0042809206884643625","1.3995297503183091,-0.1713956984929719,2.9587323417721172","0.70196281207805189,0.084323352078584116,0.024042651020360638",NOT_RECORDED,NOT_RECORDED,NOT_RECORDED,"0.047922131295005478,1.5712070465087891,-2.9869750340779624","0.060697171216209732,0.71534697214762366,-0.020185666158795357","-0.030733908526599407,-0.083664779861768082,0.025430303687850635","0.040794530883431435,1.5734882752100627,-2.9770933787027993","0.073447347929080323,0.71032119790712989,-0.021688166074454784",0.08422256900101854,0.026779247784505657,0.058583420042543646,0.013917387660342471,0.014679036562713401,0.10987837806264489,36.0,40.0,WAIT_FIRST_COMMAND,scenario.pva_command,linear,26848000000,8.0,26848000000,8.0,body_twist_rotated_by_q_xyzw_to_lio_enu_then_enu_to_ned,linear,26860000000,4.0,26860000000,4.0,position:linear;velocity:linear;acceleration:linear,26852000000,4.0,0.7152083703807379,0.18594763258749514,0.15304462219314235
26872000000,-2.447484858,1,3.8240000000000003,MAIN,MAIN,TRACK_MAIN,False,"1.4750423477690924,-0.11901279285813238,2.9768117678121757","0.71039196894541856,0.049930486271262384,0.01040984814615839","-0.18830355040527813,-0.0018846494384142792,0.0024542505516312874","-0.14478867902143833,-0.010853050409064008,0.0040847313610166136","1.410752378896438,-0.17004297378524239,2.9591158177878754","0.7003957066983838,0.084504261356632693,0.023883080321238797",NOT_RECORDED,NOT_RECORDED,NOT_RECORDED,"0.048455431436498962,1.5788636207580566,-2.9870850245157876","0.059624195719758667,0.70826586087544763,-0.019840607419610023","-0.034862532280385494,-0.09834357599417369,0.026980071639021237","0.042031473480165005,1.5845733284950256,-2.9775712490081787","0.073690090328454971,0.70772561430931091,-0.021752444561570883",0.08396681553067846,0.02675341137472666,0.0584205181399561,0.013236821723955537,0.013690418506052167,0.10023331320278944,16.0,24.0,WAIT_FIRST_COMMAND,scenario.pva_command,linear,26868000000,4.0,26868000000,4.0,body_twist_rotated_by_q_xyzw_to_lio_enu_then_enu_to_ned,linear,26876000000,4.0,26876000000,4.0,position:linear;velocity:linear;acceleration:linear,26876000000,4.0,0.7122205893821516,0.18832897372552376,0.14525231600992272
26888000000,-2.431484858,1,3.8400000000000003,MAIN,MAIN,TRACK_MAIN,False,"1.4863844189141933,-0.11821415369612308,2.9769786422813715","0.70736091402867673,0.049898949151080757,0.010449630565666251","-0.19055734536145152,-0.0020570842425289559,0.0025180233962221188","-0.13692542657884843,-0.010700672928033256,0.0038865487312548241","1.4219451916106267,-0.16868348195940722,2.9594969843506922","0.6981984750301472,0.085373638073973301,0.023588463669761341",NOT_RECORDED,NOT_RECORDED,NOT_RECORDED,"0.049787768162786961,1.5978988409042358,-2.9873614311218262","0.059708746150135994,0.71530614793300629,-0.019695037975907326","-0.035411840304732323,-0.072785064578056335,0.027474540751427412","0.043278045020997524,1.5956142246723175,-2.9780571460723877","0.073901457712054253,0.70505589246749878,-0.021751053631305695",0.08369692631652091,0.026732069138366052,0.058251275635023435,0.013491151611923723,0.01564724950713452,0.126025409251638,16.0,16.0,WAIT_FIRST_COMMAND,scenario.pva_command,exact,26888000000,0.0,26888000000,0.0,body_twist_rotated_by_q_xyzw_to_lio_enu_then_enu_to_ned,linear,26892000000,4.0,26892000000,4.0,position:linear;velocity:linear;acceleration:linear,26892000000,4.0,0.7091957153006679,0.1905850831219702,0.13739789702158026
26904000000,-2.415484858,1,3.8560000000000003,MAIN,MAIN,TRACK_MAIN,False,"1.4976777100732486,-0.11741604109502776,2.9771461612965804","0.70429480747976791,0.049864672738470325,0.010490407900859144","-0.19268484480285508,-0.002227051012020545,0.0025786099136304308","-0.12900231605682322,-0.010544552967448911,0.0036864541352162605","1.4330951953972535,-0.16731261322108815,2.9598721540237554","0.69565694762743513,0.085907309031207996,0.023304912104506626",NOT_RECORDED,NOT_RECORDED,NOT_RECORDED,"0.050586758181452751,1.6092768907546997,-2.9875278472900391","0.058989524841308594,0.71288537979125977,-0.019404290243983269","-0.037833452224731445,-0.074071146547794342,0.028393545188009739","0.044536886736750603,1.606604278087616,-2.978553295135498","0.074035376310348511,0.70239946246147156,-0.021693683229386806",0.08342038383433557,0.026719560496326695,0.05807983613673591,0.013747739861658543,0.015379146821742174,0.12765696069037205,16.0,0.0,WAIT_FIRST_COMMAND,scenario.pva_command,linear,26908000000,4.0,26908000000,4.0,body_twist_rotated_by_q_xyzw_to_lio_enu_then_enu_to_ned,linear,26892000000,12.0,26892000000,12.0,position:linear;velocity:linear;acceleration:linear,26892000000,12.0,0.7061357589643825,0.19271496673065422,0.1294850380908887
26912000000,-2.407484858,1,3.8720000000000003,MAIN,MAIN,TRACK_MAIN,False,"1.5089216766262337,-0.11661849856506902,2.9773143403673128","0.70119567754061185,0.049827696999247648,0.010532128929285386","-0.19468511881425599,-0.002394490200750915,0.0026359801723626619","-0.12102283344246612,-0.010384732406247599,0.0034845303006204309","1.438401356982026,-0.16690342870775374,2.9584234508356708","0.69400330680814437,0.085636160273360781,0.020455056720218759",NOT_RECORDED,NOT_RECORDED,NOT_RECORDED,"0.050852971151471138,1.6130575736363728,-2.9875834782918296","0.058431645234425865,0.70931363105773926,-0.019223637258013088","-0.039555159707864128,-0.081423692405223846,0.028982431006928284","0.045168011759718261,1.6120925545692444,-2.9788028399149575","0.07409241795539856,0.70107717315355933,-0.021658777880171936",0.08864849344164066,0.031921465606328824,0.058652715981418226,0.013592149072432409,0.014678944497756323,0.12332392304791559,8.0,24.0,WAIT_FIRST_COMMAND,scenario.pva_command,linear,26908000000,4.0,26908000000,4.0,body_twist_rotated_by_q_xyzw_to_lio_enu_then_enu_to_ned,linear,26916000000,4.0,26916000000,4.0,position:linear;velocity:linear;acceleration:linear,26916000000,4.0,0.703042746445527,0.19471768656830213,0.12151753302716528
26936000000,-2.383484858,1,3.8880000000000003,MAIN,MAIN,TRACK_MAIN,False,"1.5201158065216474,-0.11582156896942343,2.9774831941797442","0.69806556688320587,0.0497880628465589,0.01057474196023804","-0.19655729369948194,-0.0025593429416285451,0.0026901055757008741","-0.11299052013733757,-0.010221254246480654,0.0032808613468714443","1.4539881234601033,-0.16596771932266091,2.9523271760149257","0.6889214872822399,0.08398123399343134,0.0091197769213813978",NOT_RECORDED,NOT_RECORDED,NOT_RECORDED,"0.051917114605506264,1.6281152168909709,-2.9878069162368774","0.057124261433879532,0.70322845379511512,-0.018743425918122131","-0.042894822234908737,-0.090043147404988602,0.030692452254394691","0.047072997316718102,1.6284806927045186,-2.9795618057250977","0.074092316130797073,0.69704469045003259,-0.021587816067039967",0.08671984843302136,0.02668976540865242,0.06149803565421097,0.017866984254116272,0.012132708212990286,0.11868702295509412,24.0,16.0,WAIT_FIRST_COMMAND,scenario.pva_command,linear,26928000000,8.0,26928000000,8.0,body_twist_rotated_by_q_xyzw_to_lio_enu_then_enu_to_ned,linear,26940000000,4.0,26940000000,4.0,position:linear;velocity:linear;acceleration:linear,26932000000,4.0,0.6999187181648381,0.19659236152700765,0.11349932039644414
26952000000,-2.367484858,1,3.9040000000000004,MAIN,MAIN,TRACK_MAIN,False,"1.5312596205001352,-0.11502529450915161,2.9776527365893966","0.6949065317030243,0.049745812129871586,0.010618194856289065","-0.19830055286813053,-0.0027215510645804686,0.00274095888397205","-0.10490897295747104,-0.010054162613314155,0.0030755327850561509","1.4650037638844404,-0.16462616353593121,2.952472208030311","0.68694357265224149,0.084003252291188268,0.0087013316258625142",NOT_RECORDED,NOT_RECORDED,NOT_RECORDED,"0.052448807905117668,1.6356112559636433,-2.9879189729690552","0.055980555092295013,0.69609846671422326,-0.018368312778572243","-0.045580326889952026,-0.10449651877085368,0.031859644067784153","0.048350553959608078,1.6393561661243439,-2.9800755977630615","0.074014831334352493,0.69437204301357269,-0.021510385908186436",0.08651094591209932,0.026681113640681944,0.0614668492837704,0.017861203675218897,0.010017836926587757,0.10878084943039198,16.0,24.0,WAIT_FIRST_COMMAND,scenario.pva_command,linear,26948000000,4.0,26948000000,4.0,body_twist_rotated_by_q_xyzw_to_lio_enu_then_enu_to_ned,linear,26956000000,4.0,26956000000,4.0,position:linear;velocity:linear;acceleration:linear,26956000000,4.0,0.6967657279817894,0.19833816819666097,0.10543451851627297
26968000000,-2.351484858,1,3.9200000000000004,MAIN,MAIN,TRACK_MAIN,False,"1.5423526723035375,-0.11422971670830724,2.9778229806141656","0.69172064079823681,0.049700987623678639,0.010662435055180428","-0.19991413772216404,-0.002881057114520913,0.0027885142368135885","-0.096781844133337458,-0.0098835027550275567,0.0028686315179449751","1.4759935820281038,-0.16327898080945777,2.9526100904639194","0.68508461604096937,0.084311287230051352,0.0083440094054305514",NOT_RECORDED,NOT_RECORDED,NOT_RECORDED,"0.0537766357883811,1.6542387008666992,-2.9882009029388428","0.055982527323067188,0.70255446434020996,-0.018206045962870121","-0.04560156911611557,-0.079809930175542831,0.031787427142262459","0.049632474780082703,1.6501882672309875,-2.9805915355682373","0.073970789089798927,0.69167280197143555,-0.021330128889530897",0.08628469737314923,0.026679597809367937,0.06142824936936316,0.017859714300578464,0.01461969695514312,0.13208163588602906,16.0,16.0,WAIT_FIRST_COMMAND,scenario.pva_command,exact,26968000000,0.0,26968000000,0.0,body_twist_rotated_by_q_xyzw_to_lio_enu_then_enu_to_ned,linear,26972000000,4.0,26972000000,4.0,position:linear;velocity:linear;acceleration:linear,26972000000,4.0,0.6935858422707303,0.19995434169565415,0.09732747827486342
26984000000,-2.335484858,1,3.9360000000000004,MAIN,MAIN,TRACK_MAIN,False,"1.5533945488690577,-0.11343487639922921,2.9779939384276997","0.68850997463471852,0.049653633015914481,0.010707409592071407","-0.20139734854255575,-0.0030378043693218559,0.0028327471754411304","-0.088612841309892332,-0.0097093210430157506,0.0026602458399919704","1.4869439084999634,-0.16193159427652246,2.9527397399424831","0.68326078483105568,0.084588842973508604,0.007820968433901768",NOT_RECORDED,NOT_RECORDED,NOT_RECORDED,"0.054572725668549538,1.6653696894645691,-2.9883706569671631","0.055205982178449631,0.69991487264633179,-0.017913750372827053","-0.048151237890124321,-0.080743022263050079,0.031982986256480217","0.050917671993374825,1.6609688401222229,-2.9810972213745117","0.073945004492998123,0.68892073631286621,-0.021074354648590088",0.08605459773575842,0.026695794361875247,0.061385689524413124,0.017915875488832115,0.014588750026180682,0.1334347167284432,16.0,0.0,WAIT_FIRST_COMMAND,scenario.pva_command,linear,26988000000,4.0,26988000000,4.0,body_twist_rotated_by_q_xyzw_to_lio_enu_then_enu_to_ned,linear,26972000000,12.0,26972000000,12.0,position:linear;velocity:linear;acceleration:linear,26972000000,12.0,0.6903811389829189,0.20144017650885318,0.08918286532769455
27000000000,-2.319484858,1,3.9520000000000004,MAIN,MAIN,TRACK_MAIN,False,"1.5643848705083823,-0.11264081370802048,2.9781656213531393","0.68527662439692438,0.049603792896084173,0.010753065122141872","-0.20274954537588297,-0.0031917368577818739,0.0028736346649141098","-0.080405727546541073,-0.0095316649717871738,0.0024504654373342649","1.4978640536310475,-0.16058068020716984,2.9528620255482556","0.6810588518800077,0.084541005985966033,0.0073414745870023189",NOT_RECORDED,NOT_RECORDED,NOT_RECORDED,"0.055235331257184349,1.6745882431666057,-2.9885128736495972","0.054232959945996605,0.69494990507761634,-0.017594102459649246","-0.051150495186448097,-0.088052156070868179,0.032311206683516502","0.052203217521309853,1.6717194120089214,-2.9815963109334311","0.073898326605558395,0.68613484501838684,-0.020821819702784222",0.08581096572490664,0.02670888667590375,0.06134418126049045,0.017909551506824814,0.01272011550877637,0.12920335396005694,16.0,24.0,WAIT_FIRST_COMMAND,scenario.pva_command,linear,27008000000,8.0,27008000000,8.0,body_twist_rotated_by_q_xyzw_to_lio_enu_then_enu_to_ned,linear,26996000000,4.0,26996000000,4.0,position:linear;velocity:linear;acceleration:linear,26996000000,4.0,0.6871537066945371,0.2027950273317468,0.08100579263412314
27016000000,-2.303484858,1,3.9680000000000004,MAIN,MAIN,TRACK_MAIN,False,"1.5753232910714816,-0.11184756804022067,2.9783380398572206","0.68202269102450241,0.049551512743104709,0.010799347943551821","-0.20397014892103726,-0.0033427993775974607,0.0029111551164049676","-0.072164321317158553,-0.0093505831589651145,0.0022393813877930879","1.5087506776350086,-0.15922706028318087,2.952976939642677","0.67882911364499154,0.084641399274923465,0.0068361118092579547",NOT_RECORDED,NOT_RECORDED,NOT_RECORDED,"0.05629460016886393,1.6892764170964558,-2.9887412786483765","0.053830916682879128,0.69663306077321374,-0.017393375126024086","-0.052082004025578499,-0.075823081036408738,0.032356498762965202","0.053487317636609077,1.6824214657147725,-2.982085863749186","0.073787923902273178,0.68328872323036194,-0.020624091227849323",0.08555649916315484,0.026736334050711196,0.061291936405160286,0.018105093807162475,0.016590882940850347,0.14156619825120834,16.0,24.0,WAIT_FIRST_COMMAND,scenario.pva_command,linear,27008000000,8.0,27008000000,8.0,body_twist_rotated_by_q_xyzw_to_lio_enu_then_enu_to_ned,linear,27020000000,4.0,27020000000,4.0,position:linear;velocity:linear;acceleration:linear,27020000000,4.0,0.6839056436405828,0.20401830992011663,0.07280204327887246
27032000000,-2.287484858,1,3.9840000000000004,MAIN,MAIN,TRACK_MAIN,False,"1.58620949809489,-0.1110551780666735,2.9785112035447514","0.67875028423481787,0.049496838912859234,0.010846204020756853","-0.20505864141576957,-0.0034909375133312937,0.002945288409463509","-0.06389249651008555,-0.0091661253452872127,0.002027086160872521","1.5193104757285947,-0.15797572501207338,2.9515693055990364","0.67616018602460948,0.084697834436803066,0.0039093283052343492",NOT_RECORDED,NOT_RECORDED,NOT_RECORDED,"0.056559417396783829,1.6929484605789185,-2.9887983798980713","0.052285170182585716,0.68507242202758789,-0.016984850168228149","-0.056008417159318924,-0.10273473709821701,0.032898952253162861","0.054771834053099155,1.6930845975875854,-2.9825665950775146","0.07362360879778862,0.68054014444351196,-0.02032970916479826",0.08604000688132744,0.026767590690476482,0.062012778268412505,0.02028426525236378,0.009242683271884291,0.1204702313927995,16.0,16.0,WAIT_FIRST_COMMAND,scenario.pva_command,linear,27028000000,4.0,27028000000,4.0,body_twist_rotated_by_q_xyzw_to_lio_enu_then_enu_to_ned,linear,27036000000,4.0,27036000000,4.0,position:linear;velocity:linear;acceleration:linear,27036000000,4.0,0.6806390567348244,0.20510950194424946,0.06457846423104542
27048000000,-2.271484858,1,4.0,MAIN,MAIN,TRACK_MAIN,False,"1.5970432129342482,-0.11026368170959855,2.9786851211534571","0.67546152153118211,0.04943981862546272,0.010893579008181706","-0.20601456752337466,-0.0036360976543829693,0.0029760159142857567","-0.055594182428098549,-0.0089783423946049601,0.0018136736177601365","1.5289601781316478,-0.15703583372710214,2.9456087778024735","0.67187900435889991,0.083852311656949285,-0.0061605634604628935",NOT_RECORDED,NOT_RECORDED,NOT_RECORDED,"0.057154350914061069,1.7011522650718689,-2.9889276623725891","0.051215688697993755,0.67900736629962921,-0.01667892187833786","-0.058216048404574394,-0.11355321481823921,0.032735626213252544","0.056053614243865013,1.7037048041820526,-2.9830365180969238","0.07338276132941246,0.67778939008712769,-0.019963018596172333",0.08897740343341519,0.026806655252252495,0.06536650182403851,0.02875735876235888,0.007014051736457447,0.11315208416729296,16.0,16.0,WAIT_FIRST_COMMAND,scenario.pva_command,exact,27048000000,0.0,27048000000,0.0,body_twist_rotated_by_q_xyzw_to_lio_enu_then_enu_to_ned,linear,27052000000,4.0,27052000000,4.0,position:linear;velocity:linear;acceleration:linear,27052000000,4.0,0.6773560605756368,0.2060681438474113,0.05634370562889187
27064000000,-2.255484858,1,4.016,MAIN,MAIN,TRACK_MAIN,False,"1.6078241908808377,-0.10947311612886546,2.9788598005492126","0.67215852719700564,0.049380499952241474,0.010941418274247203","-0.20683753521930459,-0.0037782270129587403,0.003003320513980029","-0.047273363788470135,-0.0087872862938850882,0.0015992390113273025","1.5397046289996263,-0.15568896118408795,2.9455059730618931","0.67018494356764635,0.084153786630950161,-0.0066232218059404683",NOT_RECORDED,NOT_RECORDED,NOT_RECORDED,"0.058144604787230492,1.7147468328475952,-2.9891443252563477","0.050712538883090019,0.67944744229316711,-0.016502706333994865","-0.058993468061089516,-0.10556281358003616,0.031895337626338005","0.057333355769515038,1.7142766118049622,-2.9834880828857422","0.073134247213602066,0.67508590221405029,-0.019561202265322208",0.0888181110647507,0.026859058953776632,0.06545169809683658,0.028828349043397723,0.009264477096730214,0.12051227500594816,16.0,0.0,WAIT_FIRST_COMMAND,scenario.pva_command,linear,27068000000,4.0,27068000000,4.0,body_twist_rotated_by_q_xyzw_to_lio_enu_then_enu_to_ned,linear,27052000000,12.0,27052000000,12.0,position:linear;velocity:linear;acceleration:linear,27052000000,12.0,0.6740587764379551,0.20689383970787584,0.048109717206642276
27080000000,-2.239484858,1,4.032,MAIN,MAIN,TRACK_MAIN,False,"1.6185522212619143,-0.10868351770848182,2.9790352487216643","0.66884343127566748,0.049318931802424637,0.010989666925755759","-0.20752721667781682,-0.0039172736420412246,0.0030271866268340997","-0.038934080722903275,-0.0085930101532080694,0.0013838789861284617","1.5504240542091785,-0.15434006772150022,2.9453964776828503","0.66848902898385854,0.084279160288355706,-0.0070792205313754686",NOT_RECORDED,NOT_RECORDED,NOT_RECORDED,"0.059134189039468765,1.7283020317554474,-2.9893615245819092","0.050208806991577148,0.6798543781042099,-0.016339336987584829","-0.059892832301557064,-0.097379468381404877,0.030979024711996317","0.058611643500626087,1.7248229682445526,-2.9839277267456055","0.072886044159531593,0.67236094176769257,-0.019153732340782881",0.08864273586740472,0.02690029415611009,0.06553722934955428,0.02886109180407717,0.012274029398844045,0.12814917881764135,16.0,24.0,WAIT_FIRST_COMMAND,scenario.pva_command,linear,27088000000,8.0,27088000000,8.0,body_twist_rotated_by_q_xyzw_to_lio_enu_then_enu_to_ned,linear,27076000000,4.0,27076000000,4.0,position:linear;velocity:linear;acceleration:linear,27076000000,4.0,0.6707493312511611,0.20758625810419593,0.03989508223176051
27096000000,-2.223484858,1,4.048,MAIN,MAIN,TRACK_MAIN,False,"1.6292271275246404,-0.10789492204329496,2.9792114717802369","0.66551836853626689,0.049255163909546915,0.01103826983263223","-0.20808334915856719,-0.0040531864533591422,0.0030476002285819981","-0.030580428777588153,-0.0083955682057687553,0.0011676915784017139","1.5611126573125591,-0.15299422891706091,2.9452804889096864","0.6665908215160784,0.084106298591898665,-0.0075812550448890181",NOT_RECORDED,NOT_RECORDED,NOT_RECORDED,"0.059858713299036026,1.7381757299105327,-2.9895216623942056","0.04933102118472258,0.6758935650189718,-0.016132997038463753","-0.061805615201592445,-0.10084967811902364,0.030182352599998314","0.059884859248995781,1.7353173693021138,-2.9843381245930991","0.072606702645619706,0.66951008637746179,-0.018731989587346714",0.08845812642899585,0.026958476888924835,0.06560278601821525,0.028864331922538337,0.011558836519423969,0.12624829898230897,16.0,16.0,WAIT_FIRST_COMMAND,scenario.pva_command,linear,27088000000,8.0,27088000000,8.0,body_twist_rotated_by_q_xyzw_to_lio_enu_then_enu_to_ned,linear,27092000000,4.0,27092000000,4.0,position:linear;velocity:linear;acceleration:linear,27092000000,4.0,0.6674298565630914,0.20814513298327475,0.031733447548936866
27112000000,-2.207484858,1,4.064,MAIN,MAIN,TRACK_MAIN,False,"1.6398487673032918,-0.10710736392591329,2.979388474950547","0.66218547742512879,0.049189246817565965,0.011087171653021977","-0.20850573589328203,-0.0041859152353571905,0.0030645488746710026","-0.022216558913170203,-0.008195015807876932,0.00095077621606864948","1.5717390402562548,-0.15195174035824854,2.9449204571279104","0.66435915912388066,0.083053368520895343,-0.0085575553216903633",NOT_RECORDED,NOT_RECORDED,NOT_RECORDED,"0.060385111719369888,1.7453277309735615,-2.989638646443685","0.048177807902296386,0.6687329808870951,-0.015899405193825562","-0.064087601378560066,-0.11373050014177959,0.029269434201220672","0.061152702197432518,1.7457697192827861,-2.9847208658854165","0.072266707817713424,0.66665128866831458,-0.018253024046619732",0.08853246448986081,0.027022432387267734,0.0659710724875167,0.028989878803446056,0.008188430980048468,0.11668780474455631,16.0,24.0,WAIT_FIRST_COMMAND,scenario.pva_command,linear,27108000000,4.0,27108000000,4.0,body_twist_rotated_by_q_xyzw_to_lio_enu_then_enu_to_ned,linear,27116000000,4.0,27116000000,4.0,position:linear;velocity:linear;acceleration:linear,27116000000,4.0,0.6641024874900626,0.20857026453107336,0.023698897642016117
27116000000,-2.203484858,1,4.08,MAIN,MAIN,TRACK_MAIN,False,"1.6504170324696483,-0.10632087733385259,2.9795662625712178","0.65884689900321991,0.049121231866690804,0.011136316858742501","-0.20879424697236271,-0.0043154106711659201,0.0030780217225286621","-0.013846677504741223,-0.0079914094389560431,0.00073323371873409982","1.5743658310374373,-0.15191583467926098,2.9446506143119819","0.66370240854737861,0.082309735908482909,-0.0091211379672869915",NOT_RECORDED,NOT_RECORDED,NOT_RECORDED,"0.060516711324453354,1.7471157312393188,-2.9896678924560547","0.047889504581689835,0.66694283485412598,-0.015841007232666016","-0.064658097922801971,-0.11695070564746857,0.02904120460152626","0.061469662934541702,1.7483828067779541,-2.9848165512084961","0.072181709110736847,0.66593658924102783,-0.018133282661437988",0.09529841482404114,0.0349094058873233,0.06630665293463929,0.029161137392001824,0.009444333799749486,0.11449070131457034,4.0,0.0,WAIT_FIRST_COMMAND,scenario.pva_command,linear,27108000000,8.0,27108000000,8.0,body_twist_rotated_by_q_xyzw_to_lio_enu_then_enu_to_ned,exact,27116000000,0.0,27116000000,0.0,position:exact;velocity:exact;acceleration:exact,27116000000,0.0,0.660769361653095,0.20886152004555833,0.01600408492940571
27144000000,-2.175484858,1,4.096,MAIN,MAIN,TRACK_MAIN,False,"1.6609318491661869,-0.10553549541691218,2.9797448380910989","0.65550477586925293,0.049051171178922978,0.011185649761095262","-0.20894882023155503,-0.004441624356572027,0.0030880095538297347","-0.0054750463418624662,-0.0077848067015440781,0.0005151662976864424","1.592825331090518,-0.15052885478788716,2.9436647046863764","0.66010878044787757,0.079845101402690119,-0.011275953459848047",NOT_RECORDED,NOT_RECORDED,NOT_RECORDED,"0.062092330306768417,1.768385648727417,-2.9900215864181519","0.046814983710646629,0.66493913531303406,-0.015697712078690529","-0.065708514302968979,-0.10904201865196228,0.026404767297208309","0.063675006851553917,1.7665553987026215,-2.985414981842041","0.071467600762844086,0.66102248430252075,-0.017301331274211407",0.08924503469874207,0.027153919438405325,0.06738714628878824,0.029793935196212634,0.010694221751282394,0.12085042280419692,28.0,16.0,WAIT_FIRST_COMMAND,scenario.pva_command,linear,27148000000,4.0,27148000000,4.0,body_twist_rotated_by_q_xyzw_to_lio_enu_then_enu_to_ned,linear,27140000000,4.0,27140000000,4.0,position:linear;velocity:linear;acceleration:linear,27132000000,12.0,0.6574326181001376,0.2090188348118134,0.00953125092210981
27160000000,-2.159484858,1,4.112,MAIN,MAIN,TRACK_MAIN,False,"1.6713931778220235,-0.10475125048478255,2.9799242040669172","0.65216125106871026,0.048979117643310269,0.011235114537030522","-0.20896946213851919,-0.0045645088179872007,0.0030945047967633199","0.0028940173714229189,-0.0075752663212939608,0.00029667755589762868","1.6033767739646492,-0.14925535069802262,2.9434816870989553","0.65839547781020291,0.079434882445839544,-0.011737023523658395",NOT_RECORDED,NOT_RECORDED,NOT_RECORDED,"0.063140958547592163,1.7824766238530476,-2.9902587334314981","0.046419838443398476,0.66612449288368225,-0.015688338006536167","-0.06565607090791066,-0.097030094514290496,0.024827798518041771","0.06492609654863675,1.7768820524215698,-2.9857231775919595","0.071025763948758439,0.65817674994468689,-0.016902908993264038",0.08907807346614396,0.027226896114160373,0.06747231913127082,0.029849737860674352,0.014877944457344887,0.13054599191512226,16.0,24.0,WAIT_FIRST_COMMAND,scenario.pva_command,linear,27168000000,8.0,27168000000,8.0,body_twist_rotated_by_q_xyzw_to_lio_enu_then_enu_to_ned,linear,27156000000,4.0,27156000000,4.0,position:linear;velocity:linear;acceleration:linear,27156000000,4.0,0.6540943962145547,0.20904221297897868,0.008114678918897627
27176000000,-2.143484858,1,4.128,MAIN,MAIN,TRACK_MAIN,False,"1.681801013151206,-0.1039681739948934,2.9801043621613266","0.64881846698862233,0.04890512490091381,0.011284655255670156","-0.20885624867951869,-0.0046840175304187492,0.0030975015482988255","0.01125614101663075,-0.0073628481469724116,7.7872488022989739e-05","1.6138953082488379,-0.14798594331240472,2.9432924316035991","0.65613696284921563,0.079090137322219548,-0.012074412971269786",NOT_RECORDED,NOT_RECORDED,NOT_RECORDED,"0.064187377691268921,1.7964606682459514,-2.9904973109563193","0.046029912307858467,0.66721180081367493,-0.015704135720928509","-0.065531934301058456,-0.085277186085780457,0.022966135603686173","0.0661693053940932,1.7871698141098022,-2.9860118230183921","0.070551867286364242,0.65534469485282898,-0.016447538199524086",0.08890369511648037,0.027297585526405613,0.06754917320978461,0.029783073084764657,0.019134089584766978,0.14019117970993789,16.0,24.0,WAIT_FIRST_COMMAND,scenario.pva_command,linear,27168000000,8.0,27168000000,8.0,body_twist_rotated_by_q_xyzw_to_lio_enu_then_enu_to_ned,linear,27180000000,4.0,27180000000,4.0,position:linear;velocity:linear;acceleration:linear,27180000000,4.0,0.6507568346097329,0.20893172843909547,0.013450587628280152
27192000000,-2.127484858,1,4.144,MAIN,MAIN,TRACK_MAIN,False,"1.6921553841332644,-0.10318629654050313,2.980285313141406","0.64547856423817151,0.048829247329484862,0.011334215905186767","-0.20860932624600181,-0.0048001049354390868,0.0030969955964540719","0.019606896560823373,-0.0071476131504603913,-0.00014114251959901347","1.6243784850992562,-0.14671965544847765,2.9430981436735335","0.6535209400136256,0.078918141424567337,-0.012288487520953521",NOT_RECORDED,NOT_RECORDED,NOT_RECORDED,"0.06444898247718811,1.7999566793441772,-2.9905569553375244","0.044539852999150753,0.65596796572208405,-0.015519257634878159","-0.068556802347302437,-0.11022100225090981,0.022070943377912045","0.067408492788672447,1.7974188625812531,-2.9862728118896484","0.07006453350186348,0.65248429775238037,-0.016036241315305233",0.08872286601270797,0.027365938857964612,0.0676162627807635,0.029694296827410347,0.012080605179007676,0.11991081650813874,16.0,16.0,WAIT_FIRST_COMMAND,scenario.pva_command,linear,27188000000,4.0,27188000000,4.0,body_twist_rotated_by_q_xyzw_to_lio_enu_then_enu_to_ned,linear,27196000000,4.0,27196000000,4.0,position:linear;velocity:linear;acceleration:linear,27196000000,4.0,0.647422070009913,0.20868752570751922,0.02086956366832571
27212000000,-2.107484858,1,4.16,MAIN,MAIN,TRACK_MAIN,False,"1.7024563539756956,-0.10240564783903637,2.9804670568775786","0.64214368051513482,0.048751540027858239,0.011383740420037175","-0.20822891252131548,-0.0049127264591554698,0.0030929844425617303","0.027941800556579466,-0.0069296234267539336,-0.00036025968894598526","1.6370356727776068,-0.14550881258680665,2.9423076589840624","0.64994101314963204,0.077915392569565922,-0.013518694032798026",NOT_RECORDED,NOT_RECORDED,NOT_RECORDED,"0.065232053399085999,1.8103646039962769,-2.9907369613647461","0.043338794261217117,0.64911389350891113,-0.015456026419997215","-0.070210449397563934,-0.11934241652488708,0.020327672362327576","0.068942941725254059,1.810167670249939,-2.9865655899047852","0.069406121969223022,0.64885437488555908,-0.015537983737885952",0.08714291702307819,0.02490016190840764,0.06841778555691751,0.030296517818656454,0.009719320921667836,0.11275251197484092,20.0,16.0,WAIT_FIRST_COMMAND,scenario.pva_command,linear,27208000000,4.0,27208000000,4.0,body_twist_rotated_by_q_xyzw_to_lio_enu_then_enu_to_ned,exact,27212000000,0.0,27212000000,0.0,position:exact;velocity:exact;acceleration:exact,27212000000,0.0,0.6440922361172833,0.20830982080505486,0.028790513823545437
27216000000,-2.103484858,1,4.176,MAIN,MAIN,TRACK_MAIN,False,"1.7127040200582289,-0.10162625672067385,2.9806495923429734","0.63881594945810605,0.048672058800054346,0.011433172708555372","-0.2077152973671943,-0.0050218385301803448,0.0030854673235362062","0.036256314142024237,-0.0067089421939628968,-0.0005793698503123168","1.6392447149724245,-0.14556143037218369,2.9417144822145809","0.64850392204277907,0.076939295722300197,-0.014536726332105713",NOT_RECORDED,NOT_RECORDED,NOT_RECORDED,"0.065492474784453705,1.8138071497281392,-2.990797440210978","0.043246765310565628,0.64936353762944543,-0.015488355730970701","-0.070141284416119262,-0.11627735197544098,0.019648957066237926","0.069247650603453323,1.8127021392186482,-2.986610253651937","0.069269695629676178,0.64813296000162757,-0.015400965077181658",0.0940346307919995,0.03258277240224249,0.069158659589105,0.03090672653864321,0.012535147985746026,0.1145351218722508,4.0,0.0,WAIT_FIRST_COMMAND,scenario.pva_command,linear,27208000000,8.0,27208000000,8.0,body_twist_rotated_by_q_xyzw_to_lio_enu_then_enu_to_ned,linear,27212000000,4.0,27212000000,4.0,position:linear;velocity:linear;acceleration:linear,27212000000,4.0,0.6407694624653091,0.2077989021413967,0.036876359499692125
27240000000,-2.079484858,1,4.192,MAIN,MAIN,TRACK_MAIN,False,"1.7228985138586075,-0.10084815111719769,2.980832917613228","0.63549749948454526,0.048590860139096248,0.011482456680898645","-0.2070688437105801,-0.0051273985976007519,0.0030744452341408823","0.044545843040809885,-0.0064856337933117958,-0.00079836244230868658","1.6535946613385988,-0.14483392013732163,2.9397223307007594","0.64295046872977735,0.073621356302282059,-0.017777811603816172",NOT_RECORDED,NOT_RECORDED,NOT_RECORDED,"0.066989429295063019,1.833581805229187,-2.9911454319953918","0.04260637890547514,0.64984080195426941,-0.015670526307076216","-0.069914065301418304,-0.10103821381926537,0.015774502651765943","0.071072956547141075,1.8278957605361938,-2.9868710041046143","0.06844097375869751,0.64381510019302368,-0.014618759276345372",0.09180333439856335,0.027592917115004306,0.07150496526537213,0.03281953314199399,0.01609609482350515,0.1256785164383561,24.0,24.0,WAIT_FIRST_COMMAND,scenario.pva_command,linear,27248000000,8.0,27248000000,8.0,body_twist_rotated_by_q_xyzw_to_lio_enu_then_enu_to_ned,linear,27236000000,4.0,27236000000,4.0,position:linear;velocity:linear;acceleration:linear,27236000000,4.0,0.6374558732583735,0.20715513140039052,0.045022582783606574
27256000000,-2.063484858,1,4.208,MAIN,MAIN,TRACK_MAIN,False,"1.7330400008596403,-0.10007135805109967,2.9810170298667469","0.63219045261465912,0.048508001210537777,0.011531536277351789","-0.20628998843005242,-0.0052293651489477566,0.0030599209492543911","0.052805737562179544,-0.0062597636891390251,-0.0010171255118632261","1.6638681766933876,-0.14365795842814802,2.9394372110278577","0.6408368157441845,0.073117244708246612,-0.017911924850477452",NOT_RECORDED,NOT_RECORDED,NOT_RECORDED,"0.067703656852245331,1.842966655890147,-2.9913127819697061","0.041798402865727745,0.64576011896133423,-0.015744325704872608","-0.070600287367900208,-0.10434473305940628,0.013849136574814716","0.072277071575323745,1.8379684885342915,-2.9870098431905112","0.067842884610096618,0.64096957445144653,-0.014222885792454084",0.09172466585161448,0.02767060687946425,0.07162922261095851,0.03256505111889703,0.015713120297044626,0.12227881578873287,16.0,16.0,WAIT_FIRST_COMMAND,scenario.pva_command,linear,27248000000,8.0,27248000000,8.0,body_twist_rotated_by_q_xyzw_to_lio_enu_then_enu_to_ned,linear,27252000000,4.0,27252000000,4.0,position:linear;velocity:linear;acceleration:linear,27252000000,4.0,0.6341535861977641,0.2063789444263825,0.05318519629780947
27272000000,-2.047484858,1,4.224,MAIN,MAIN,TRACK_MAIN,False,"1.7431286804373638,-0.099295903624954149,2.981201925385411","0.62889692328108016,0.048423539835705603,0.011580355496986522","-0.20537924324263557,-0.0053276977281676297,0.003041899046138663","0.06103129260083584,-0.0060313984688979694,-0.0012355457142196324","1.6741070412434909,-0.14248854023207477,2.9391501384914496","0.63833156815171954,0.072701076388484664,-0.017949668088286883",NOT_RECORDED,NOT_RECORDED,NOT_RECORDED,"0.068222396075725555,1.8497629364331563,-2.9914350112279258","0.040729398528734841,0.63868886232376099,-0.015793235041201115","-0.071921906123558685,-0.11653659492731094,0.011918207475294668","0.073472393055756882,1.8480040828386943,-2.9871160189310708","0.06720961009462674,0.63811689615249634,-0.013804741824666658",0.09164029307602141,0.027743431730479134,0.07173705149266282,0.03222646172082363,0.013146491346411509,0.11203396600416259,16.0,24.0,WAIT_FIRST_COMMAND,scenario.pva_command,linear,27268000000,4.0,27268000000,4.0,body_twist_rotated_by_q_xyzw_to_lio_enu_then_enu_to_ned,linear,27276000000,4.0,27276000000,4.0,position:linear;velocity:linear;acceleration:linear,27276000000,4.0,0.6308647112940029,0.20547085211242808,0.06134103860574412
27288000000,-2.031484858,1,4.24,MAIN,MAIN,TRACK_MAIN,False,"1.753164785730025,-0.09852181301106093,2.9813875995557497","0.6256190171243281,0.048337534474650973,0.011628858426679212","-0.20433719559033037,-0.0054223569535903904,0.0030203859267050326","0.069217747637072335,-0.0058006058431559759,-0.0014535083129383342","1.6843126864420546,-0.14132518333885094,2.9388620815617257","0.63602377572564628,0.072502477160765827,-0.018043915054706528",NOT_RECORDED,NOT_RECORDED,NOT_RECORDED,"0.069516265764832497,1.8666346371173859,-2.9917423725128174","0.040754117071628571,0.64349567890167236,-0.016096324194222689","-0.069933691993355751,-0.091729562729597092,0.0092232129536569118","0.074657101184129715,1.858002245426178,-2.9872019290924072","0.06654709205031395,0.63520587980747223,-0.013449880992993712",0.09154867431284046,0.027810083207879525,0.07183181149860711,0.03206235729076851,0.019925900386035186,0.13035373811538262,16.0,16.0,WAIT_FIRST_COMMAND,scenario.pva_command,exact,27288000000,0.0,27288000000,0.0,body_twist_rotated_by_q_xyzw_to_lio_enu_then_enu_to_ned,linear,27292000000,4.0,27292000000,4.0,position:linear;velocity:linear;acceleration:linear,27292000000,4.0,0.6275913496655336,0.2044314412897373,0.0694755806201925
27304000000,-2.015484858,1,4.256,MAIN,MAIN,TRACK_MAIN,False,"1.7631485834876477,-0.097749110441364723,2.9815740468705809","0.62235882977415269,0.048250044208817927,0.01167698927048233","-0.2031645095267347,-0.0055133045358993771,0.0029953898397802325","0.077360286736716688,-0.0055674546455947993,-0.0016708971798966021","1.6944747735902472,-0.14017130368645989,2.9385723204561383","0.63358378716872776,0.072023991330689721,-0.018125315589083344",NOT_RECORDED,NOT_RECORDED,NOT_RECORDED,"0.070291373878717422,1.8767102360725403,-2.9919275045394897","0.040080351755023003,0.64039811491966248,-0.016283214092254639","-0.069809582084417343,-0.091366782784461975,0.0067483126185834408","0.075824830681085587,1.8679501414299011,-2.9872488975524902","0.065835282206535339,0.63232943415641785,-0.013039886020123959",0.09145973496665662,0.027885486359154384,0.07190026436137532,0.031798479734814686,0.020331674561120516,0.12933554325448618,16.0,0.0,WAIT_FIRST_COMMAND,scenario.pva_command,linear,27308000000,4.0,27308000000,4.0,body_twist_rotated_by_q_xyzw_to_lio_enu_then_enu_to_ned,linear,27292000000,12.0,27292000000,12.0,position:linear;velocity:linear;acceleration:linear,27292000000,12.0,0.6243355923238948,0.20326137561877441,0.07757836304410892
27312000000,-2.007484858,1,4.272,MAIN,MAIN,TRACK_MAIN,False,"1.7730803739020455,-0.096977819197653761,2.9817612609311208","0.61911844561665674,0.048161128723420737,0.01172469237935217","-0.20186192660375291,-0.0056005032961028989,0.0029669209033759136","0.085454038551100453,-0.0053320148330111838,-0.0018875947952881611","1.6995438330634391,-0.13959616610546899,2.9384273688845837","0.63242101310322618,0.071783808298720761,-0.018115748680279566",NOT_RECORDED,NOT_RECORDED,NOT_RECORDED,"0.070549404869476959,1.8800556063652039,-2.9919894138971963","0.039566292737921081,0.63687204321225488,-0.016343171397844952","-0.070242090771595642,-0.097314928968747452,0.0055899928944806252","0.076406455288330719,1.8729177912076314,-2.987267017364502","0.065472786625226334,0.63090021411577857,-0.012822183780372143",0.09540321027912974,0.03281298185906684,0.07193537461120018,0.03161166697697837,0.020258128779537508,0.12321457024065605,8.0,24.0,WAIT_FIRST_COMMAND,scenario.pva_command,linear,27308000000,4.0,27308000000,4.0,body_twist_rotated_by_q_xyzw_to_lio_enu_then_enu_to_ned,linear,27316000000,4.0,27316000000,4.0,position:linear;velocity:linear;acceleration:linear,27316000000,4.0,0.6210995189453051,0.2019613964820888,0.08564103047595593
27336000000,-1.983484858,1,4.288,MAIN,MAIN,TRACK_MAIN,False,"1.7829604904169605,-0.096207961602041495,2.9819492344495795","0.61589993654718356,0.048070848289534784,0.011771912281236557","-0.20043026675816833,-0.0056839171835021407,0.0029349911269531126","0.093494076317140795,-0.005094357485315254,-0.0021034822476233006","1.7146908752001626,-0.13788375803191233,2.9379941200645185","0.62891461553092476,0.070832083301071366,-0.01786851920503485",NOT_RECORDED,NOT_RECORDED,NOT_RECORDED,"0.071579668670892715,1.8933673699696858,-2.9922380050023398","0.038416258990764618,0.63024679819742835,-0.016639556114872295","-0.070078832407792405,-0.10295911878347397,0.0018184568034484982","0.07812527070442836,1.8877487182617188,-2.9872808456420898","0.064342322448889419,0.62666018803914392,-0.012240927045543989",0.09126699540643082,0.028003775882406004,0.0720056754497197,0.03088329957680537,0.017964896053980498,0.11691845475148623,24.0,16.0,WAIT_FIRST_COMMAND,scenario.pva_command,linear,27328000000,8.0,27328000000,8.0,body_twist_rotated_by_q_xyzw_to_lio_enu_then_enu_to_ned,linear,27340000000,4.0,27340000000,4.0,position:linear;velocity:linear;acceleration:linear,27332000000,4.0,0.6178851966286758,0.20053232387875705,0.0936563901832096
27352000000,-1.967484858,1,4.304,MAIN,MAIN,TRACK_MAIN,False,"1.7927892995181232,-0.095439559007738359,2.9821379592522295","0.61270536070912662,0.047979263745901002,0.011818593711513892","-0.19887042919829412,-0.0057635112936622046,0.0028996144336910779","0.10147541785725878,-0.0048545548055320964,-0.0023184392337287085","1.7247468250779958,-0.13675480092156178,2.9377088251875465","0.62660572123599156,0.070040603393048378,-0.017634026969145677",NOT_RECORDED,NOT_RECORDED,NOT_RECORDED,"0.072093863040208817,1.8999885718027751,-2.9923627773920694","0.037431202828884125,0.62325700124104821,-0.01682028981546561","-0.070975604156653091,-0.11425154656171799,-0.00022801512386649847","0.079257622361183167,1.8975918889045715,-2.9872603416442871","0.063559157773852348,0.6237851083278656,-0.011925265658646822",0.09116290636037613,0.028055614548778047,0.07203463716187014,0.03039270924329633,0.01573580855692758,0.10686491377952938,16.0,24.0,WAIT_FIRST_COMMAND,scenario.pva_command,linear,27348000000,4.0,27348000000,4.0,body_twist_rotated_by_q_xyzw_to_lio_enu_then_enu_to_ned,linear,27356000000,4.0,27356000000,4.0,position:linear;velocity:linear;acceleration:linear,27356000000,4.0,0.6146946786402315,0.1989750573207857,0.1016179230851806
27368000000,-1.951484858,1,4.32,MAIN,MAIN,TRACK_MAIN,False,"1.8025672005030753,-0.094672631790116604,2.9823274262829775","0.60953676121843436,0.04788643648044083,0.011864681643792369","-0.19718339329058843,-0.0058392518863810139,0.0028608066827523482","0.10939302557942732,-0.0046126801198012324,-0.0025323440587478041","1.7347732762364401,-0.13563339689206438,2.9374268675162618","0.62514188325954112,0.069691555960054094,-0.017461425859505695",NOT_RECORDED,NOT_RECORDED,NOT_RECORDED,"0.073376107960939407,1.9164256155490875,-2.9926764965057373","0.03753206692636013,0.62786026298999786,-0.01724989665672183","-0.068348949775099754,-0.089076224714517593,-0.0031331372447311878","0.080371217802166939,1.9073911905288696,-2.9872217178344727","0.062738016247749329,0.62088069319725037,-0.011660808697342873",0.09104867172436129,0.02810787485927243,0.0720382970516032,0.030242585882521187,0.02172473766862203,0.12487872673761881,16.0,16.0,WAIT_FIRST_COMMAND,scenario.pva_command,exact,27368000000,0.0,27368000000,0.0,body_twist_rotated_by_q_xyzw_to_lio_enu_then_enu_to_ned,linear,27372000000,4.0,27372000000,4.0,position:linear;velocity:linear;acceleration:linear,27372000000,4.0,0.6115300031445412,0.19729057673152958,0.10951951255251606
27384000000,-1.935484858,1,4.336,MAIN,MAIN,TRACK_MAIN,False,"1.8122946252303658,-0.093907199338073788,2.9825176256074175","0.60639616487405057,0.047792428411485843,0.011910121321062062","-0.19537021944629984,-0.005911106403660521,0.0028185856915510787","0.11724180647716764,-0.0043688078773759242,-0.0027450736361407935","1.7447577737514202,-0.13452486056313304,2.937149832348541","0.62311473163091291,0.06879329966089108,-0.017166458577368243",NOT_RECORDED,NOT_RECORDED,NOT_RECORDED,"0.074144136160612106,1.9262418150901794,-2.9928654432296753","0.036949746310710907,0.62477108836174011,-0.01755641121417284","-0.067534595727920532,-0.088236697018146515,-0.0051065837033092976","0.081466205418109894,1.9171417951583862,-2.9871506690979004","0.061882840469479561,0.61802327632904053,-0.011520371306687593",0.09093545720049469,0.028168017549751314,0.07201522485103228,0.029943472946935987,0.02206993787653139,0.12361343373299938,16.0,0.0,WAIT_FIRST_COMMAND,scenario.pva_command,linear,27388000000,4.0,27388000000,4.0,body_twist_rotated_by_q_xyzw_to_lio_enu_then_enu_to_ned,linear,27372000000,12.0,27372000000,12.0,position:linear;velocity:linear;acceleration:linear,27372000000,12.0,0.6083931919222191,0.195479943346399,0.11735528576747996
27400000000,-1.919484858,1,4.352,MAIN,MAIN,TRACK_MAIN,False,"1.8219720378481368,-0.093143280045697024,2.982708546417399","0.60328558085404627,0.047697301968717687,0.011954858287206743","-0.19343205000811103,-0.0059790434876744736,0.0027729712580196186","0.12501661212950488,-0.004123013650624896,-0.0029565034876836704","1.7547136757004429,-0.13342423963852068,2.9368772291125897","0.62078033629382434,0.067931789425008812,-0.016761334385953737",NOT_RECORDED,NOT_RECORDED,NOT_RECORDED,"0.074718957766890526,1.9335626065731049,-2.9930077195167542","0.036117159761488438,0.61879581212997437,-0.017817014828324318","-0.067458173260092735,-0.096557803452014923,-0.0067821883130818605","0.082549473270773888,1.9268664717674255,-2.9870667457580566","0.061018357984721661,0.61519473791122437,-0.011412955587729812",0.09081163268217977,0.02821195378431259,0.07198285692779305,0.029542935857704795,0.02022453576933221,0.11480582243414202,16.0,24.0,WAIT_FIRST_COMMAND,scenario.pva_command,linear,27408000000,8.0,27408000000,8.0,body_twist_rotated_by_q_xyzw_to_lio_enu_then_enu_to_ned,linear,27396000000,4.0,27396000000,4.0,position:linear;velocity:linear;acceleration:linear,27396000000,4.0,0.6052862490740776,0.19354430061607517,0.12511951671412014
27412000000,-1.907484858,1,4.368,MAIN,MAIN,TRACK_MAIN,False,"1.8315999345016314,-0.092380891304236851,2.9829001770360923","0.60020699939765443,0.047601120073822473,0.011998838418869867","-0.19137011013672378,-0.0060430329987402609,0.0027239851828751993","0.13271223870103732,-0.0038753741350303628,-0.0031665077434695488","1.7618024613349281,-0.13314496123739999,2.9362774858257223","0.61856398481103014,0.066419678909973662,-0.017054139155942401",NOT_RECORDED,NOT_RECORDED,NOT_RECORDED,"0.075293034315109253,1.9408581256866455,-2.9931502342224121","0.035713490098714828,0.61648821830749512,-0.018063705414533615","-0.06682112067937851,-0.096041277050971985,-0.0082821669057011604","0.083345659077167511,1.934130072593689,-2.9869966506958008","0.060367070138454437,0.61310029029846191,-0.011321290396153927",0.09331169269534226,0.03056882654624596,0.07269591152193489,0.02952373677117653,0.021051756394427596,0.11319211873478839,12.0,16.0,WAIT_FIRST_COMMAND,scenario.pva_command,linear,27408000000,4.0,27408000000,4.0,body_twist_rotated_by_q_xyzw_to_lio_enu_then_enu_to_ned,exact,27412000000,0.0,27412000000,0.0,position:exact;velocity:exact;acceleration:exact,27412000000,0.0,0.6022111597119573,0.1914848751124803,0.13280656458555437
27416000000,-1.903484858,1,4.384,MAIN,MAIN,TRACK_MAIN,False,"1.8411788430195379,-0.091620049494391453,2.9830925049235701","0.5971623904730663,0.047503946120855567,0.012042007957677042","-0.18918570869757723,-0.0061030460332876513,0.0026716512918868451","0.14032342694188316,-0.0036259671491892798,-0.0033749591419081071","1.7639180619225614,-0.13341467406453236,2.9358133055015347","0.61756603828152357,0.065332199168999502,-0.017567865506517823",NOT_RECORDED,NOT_RECORDED,NOT_RECORDED,"0.075420353561639786,1.9424710273742676,-2.9931820631027222","0.035498398045698799,0.61477569739023841,-0.018134302770098049","-0.066805755098660782,-0.098753472169240311,-0.0087555870413780212","0.083605803549289703,1.9365390340487163,-2.9869653383890786","0.060140540823340416,0.61239686608314514,-0.011287834340085586",0.099756411506542,0.03758549781129813,0.07342779785897069,0.02977121212231387,0.0221692990693178,0.10908630787406981,4.0,0.0,WAIT_FIRST_COMMAND,scenario.pva_command,linear,27408000000,8.0,27408000000,8.0,body_twist_rotated_by_q_xyzw_to_lio_enu_then_enu_to_ned,linear,27412000000,4.0,27412000000,4.0,position:linear;velocity:linear;acceleration:linear,27412000000,4.0,0.5991698886361136,0.18930297743805938,0.14041083339860416
27448000000,-1.871484858,1,4.4,MAIN,MAIN,TRACK_MAIN,False,"1.8507093225788998,-0.090860769978907893,2.9832855166829089","0.59415370243111632,0.047405843956322108,0.012084313542814279","-0.18688023914738494,-0.0061590549418290286,0.0026159954581433387","0.14784486218772308,-0.0033748716348123153,-0.0035817290297257554","1.7825368172311342,-0.13299188045517346,2.9340436914442507","0.61194268047874045,0.061298836856292775,-0.018395526082260225",NOT_RECORDED,NOT_RECORDED,NOT_RECORDED,"0.077199375256896019,1.9649406969547272,-2.9936292767524719","0.034849699586629868,0.61244529485702515,-0.018942287191748619","-0.063184943981468678,-0.084354234859347343,-0.013059589779004455","0.085667764768004417,1.9557726085186005,-2.9867072105407715","0.058269169181585312,0.60679902136325836,-0.011126206256449223",0.09405997187002008,0.02835883439976818,0.07563298999379671,0.030119242945231085,0.023222207420432652,0.11778201152285828,32.0,40.0,WAIT_FIRST_COMMAND,scenario.pva_command,exact,27448000000,0.0,27448000000,0.0,body_twist_rotated_by_q_xyzw_to_lio_enu_then_enu_to_ned,linear,27452000000,4.0,27452000000,4.0,position:linear;velocity:linear;acceleration:linear,27452000000,4.0,0.5961643789992955,0.18700000313849538,0.1479267447647675
27464000000,-1.855484858,1,4.416,MAIN,MAIN,TRACK_MAIN,False,"1.860191963348365,-0.090103067095504058,2.9834791980668101","0.59118286064464876,0.047306877858964647,0.012125702243965364","-0.1844551804207839,-0.0062110333469289625,0.0025570456243180217","0.15527117435973103,-0.0031221676567257939,-0.0037866873619643582","1.7923122007863048,-0.13202214178379734,2.9337545513404835","0.6098188548861263,0.06013606902522451,-0.017677427714937591",NOT_RECORDED,NOT_RECORDED,NOT_RECORDED,"0.077959820628166199,1.9745076298713684,-2.9938217401504517","0.034396648406982422,0.60943859815597534,-0.019333139061927795","-0.061659263446927071,-0.082932468503713608,-0.015013945288956165","0.086665317416191101,1.9653205871582031,-2.9865517616271973","0.057294588536024094,0.60402244329452515,-0.011089332867413759",0.09400750757392923,0.028413147636880725,0.07560408373933722,0.029482179585506873,0.023492405625440027,0.11634664415217848,16.0,0.0,WAIT_FIRST_COMMAND,scenario.pva_command,linear,27468000000,4.0,27468000000,4.0,body_twist_rotated_by_q_xyzw_to_lio_enu_then_enu_to_ned,linear,27452000000,12.0,27452000000,12.0,position:linear;velocity:linear;acceleration:linear,27452000000,12.0,0.5931965509573218,0.18457743361967477,0.15534871907777018
27480000000,-1.839484858,1,4.432,MAIN,MAIN,TRACK_MAIN,False,"1.8696273861095714,-0.089346954150116287,2.9836735339847582","0.58825176613383334,0.047207112519270733,0.012166121594600537","-0.18191209781704032,-0.006258956161173751,0.002494831824938204","0.16259693796466479,-0.0028679364028692533,-0.0039897027019843989","1.8020503588016057,-0.13106754754344613,2.933476152492303","0.60711629917137377,0.059130307000323609,-0.016971006243285434",NOT_RECORDED,NOT_RECORDED,NOT_RECORDED,"0.078528884798288345,1.9816434979438782,-2.9939666390419006","0.033696688711643219,0.60360991954803467,-0.019672854337841272","-0.061069405637681484,-0.090349238365888596,-0.016591973602771759","0.087650398413340255,1.9748416543006897,-2.9863872528076172","0.056334806606173515,0.60124532381693518,-0.011099896704157194",0.09395232642980259,0.028454787020722228,0.07557189201563949,0.028814211187378733,0.02178888396027421,0.10764140471487964,16.0,24.0,WAIT_FIRST_COMMAND,scenario.pva_command,linear,27488000000,8.0,27488000000,8.0,body_twist_rotated_by_q_xyzw_to_lio_enu_then_enu_to_ned,linear,27476000000,4.0,27476000000,4.0,position:linear;velocity:linear;acceleration:linear,27476000000,4.0,0.5902683003064249,0.1820368370694752,0.1626711622333417
27496000000,-1.823484858,1,4.448,MAIN,MAIN,TRACK_MAIN,False,"1.8790162418564229,-0.088592443410478117,2.9838685085107053","0.58536229417724606,0.047106613018684546,0.012205519625626576","-0.17925264388658846,-0.006302799605142323,0.002429386208649742","0.16981667209480733,-0.0026122601842969995,-0.0041906422214606498","1.8117525134115484,-0.13012378305996819,2.9332079190293245","0.60484676786850389,0.058514268520019959,-0.016350215974713801",NOT_RECORDED,NOT_RECORDED,NOT_RECORDED,"0.079223184535900756,1.990328033765157,-2.9941443999608359","0.033200100685159363,0.59970676898956299,-0.020059181377291679","-0.060128561531503998,-0.091525979340076447,-0.017619948834180832","0.088615496953328446,1.9843190312385559,-2.9862155914306641","0.055409034714102745,0.59846885999043786,-0.011297181869546572",0.09389226093767318,0.0284987672139635,0.07552074805764367,0.028542928957087096,0.02146706886915981,0.10403813489432515,16.0,16.0,WAIT_FIRST_COMMAND,scenario.pva_command,linear,27488000000,8.0,27488000000,8.0,body_twist_rotated_by_q_xyzw_to_lio_enu_then_enu_to_ned,linear,27500000000,4.0,27500000000,4.0,position:linear;velocity:linear;acceleration:linear,27492000000,4.0,0.5873814971071802,0.17937986938490466,0.16988845607296002
27512000000,-1.807484858,1,4.464,MAIN,MAIN,TRACK_MAIN,False,"1.8883592113719851,-0.087839546100031501,2.984064104891305","0.58251629290868934,0.047005444808538022,0.012243844899390288","-0.17647855931773471,-0.0063425412253756419,0.0023607430604870583","0.17692484042793843,-0.0023552224351781059,-0.0043893717003855581","1.8210006205628235,-0.12998998879661677,2.9326850739421579","0.60204679017435125,0.056397634689690702,-0.016178570785025426",NOT_RECORDED,NOT_RECORDED,NOT_RECORDED,"0.079727256049712494,1.9966183106104534,-2.9942739407221475","0.03246960354348024,0.59302914142608643,-0.020398138090968132","-0.059311245257655777,-0.10201136022806168,-0.01850016787648201","0.089564215391874313,1.993761271238327,-2.9860353469848633","0.054407035000622272,0.59574775397777557,-0.011495886137709022",0.09462369891622081,0.02853862811803512,0.07632808839457284,0.0284519930777472,0.019705409477778116,0.09279832100049787,16.0,24.0,WAIT_FIRST_COMMAND,scenario.pva_command,linear,27508000000,4.0,27508000000,4.0,body_twist_rotated_by_q_xyzw_to_lio_enu_then_enu_to_ned,linear,27516000000,4.0,27516000000,4.0,position:linear;velocity:linear;acceleration:linear,27516000000,4.0,0.5845379842949907,0.17660827510582972,0.1769949513887184
27516000000,-1.803484858,1,4.48,MAIN,MAIN,TRACK_MAIN,False,"1.8976570047828893,-0.087088272392181129,2.9842603055546899","0.57971558190000216,0.046903673688691916,0.012281046544037583","-0.17359167382321594,-0.0063781599123444166,0.0022889388241355002","0.18391585122745724,-0.0020969077127954705,-0.0045857555270685246","1.8229898079256925,-0.13055968168597509,2.9323584652272201","0.60047951011790435,0.054489988512683094,-0.016411214118373003",NOT_RECORDED,NOT_RECORDED,NOT_RECORDED,"0.079853273928165436,1.9981908798217773,-2.9943063259124756","0.032286979258060455,0.59135973453521729,-0.020482877269387245","-0.059106916189193726,-0.10463270545005798,-0.018720222637057304","0.089800029993057251,1.9961189031600952,-2.9859895706176758","0.054150182753801346,0.59507209062576294,-0.011545680463314056",0.1007906480874,0.035146231401463786,0.07718820403587413,0.028477071622084377,0.020408431441880332,0.0883495792029275,4.0,0.0,WAIT_FIRST_COMMAND,scenario.pva_command,linear,27508000000,8.0,27508000000,8.0,body_twist_rotated_by_q_xyzw_to_lio_enu_then_enu_to_ned,exact,27516000000,0.0,27516000000,0.0,position:exact;velocity:exact;acceleration:exact,27516000000,0.0,0.5817395762773667,0.17372388835607458,0.1839849627236699
27544000000,-1.775484858,1,4.496,MAIN,MAIN,TRACK_MAIN,False,"1.9069103610908504,-0.086338631404890093,2.9844570921197988","0.57696195072943901,0.046801365785886534,0.0123170742882317","-0.17059390702691779,-0.0064096359184233065,0.0022140121242031907","0.19078405734222059,-0.0018374016975462593,-0.0047796566981346822","1.8384802407355023,-0.13149561812995911,2.931110516785989","0.59419739913835823,0.0480655913509185,-0.01635546675679634",NOT_RECORDED,NOT_RECORDED,NOT_RECORDED,"0.08173631876707077,2.0215716361999512,-2.9947949647903442","0.032453162595629692,0.59468561410903931,-0.021396379917860031","-0.05392683669924736,-0.074264243245124817,-0.021384102292358875","0.091406131163239479,2.0125314593315125,-2.9856612682342529","0.052399378269910812,0.59038703143596649,-0.01192117971368134",0.09781457929051954,0.02861292673758779,0.07980560814530818,0.02885947585634633,0.024544509958409885,0.1091090319424274,28.0,16.0,WAIT_FIRST_COMMAND,scenario.pva_command,linear,27548000000,4.0,27548000000,4.0,body_twist_rotated_by_q_xyzw_to_lio_enu_then_enu_to_ned,linear,27540000000,4.0,27540000000,4.0,position:linear;velocity:linear;acceleration:linear,27532000000,12.0,0.5789880575175672,0.17072863379351905,0.1908527644523649
27560000000,-1.759484858,1,4.5120000000000005,MAIN,MAIN,TRACK_MAIN,False,"1.9161200476812947,-0.085590631195623323,2.9846544454062678","0.57425715753613282,0.046698587531810359,0.012351878496225599","-0.1674872693504259,-0.0064369508758564953,0.0021360037884849969","0.19752375620667273,-0.0015767911929427947,-0.0049709368185260061","1.8479705140487028,-0.13073001047561519,2.9308539182202589","0.59177085097514726,0.047374539279060442,-0.015515894657896328",NOT_RECORDED,NOT_RECORDED,NOT_RECORDED,"0.082299366593360901,2.0285338759422302,-2.9949422478675842","0.031872369349002838,0.58903120458126068,-0.021765581797808409","-0.053133295848965645,-0.081426925957202911,-0.022365977056324482","0.092303184792399406,2.0218645334243774,-2.9854667186737061","0.051462896168231964,0.58775846660137177,-0.012106309644877911",0.09785918056889306,0.028644996553198875,0.07984283549614873,0.028209928411117136,0.022950098508418098,0.09998091396473917,16.0,24.0,WAIT_FIRST_COMMAND,scenario.pva_command,linear,27568000000,8.0,27568000000,8.0,body_twist_rotated_by_q_xyzw_to_lio_enu_then_enu_to_ned,linear,27556000000,4.0,27556000000,4.0,position:linear;velocity:linear;acceleration:linear,27556000000,4.0,0.5762851811050936,0.16762452757047439,0.19759258778940317
27576000000,-1.743484858,1,4.5280000000000005,MAIN,MAIN,TRACK_MAIN,False,"1.9252868598086117,-0.084844278756648073,2.9848523454448808","0.57160292756014464,0.04659540564087658,0.012385410203290093","-0.1642738628996856,-0.0064600878147297869,0.0020549568702291077","0.20412918984078487,-0.0013151641256108348,-0.005159456101501092","1.8574249515185091,-0.12997435168583493,2.9306103970074724","0.58940907365040474,0.046832184960457435,-0.014635880015852976",NOT_RECORDED,NOT_RECORDED,NOT_RECORDED,"0.082986267904440567,2.0370088020960488,-2.9951226711273193","0.0314995547135671,0.58528815706570947,-0.022173456537226837","-0.051037838061650596,-0.082448297490676239,-0.02313556180646022","0.093176055699586868,2.0311574538548789,-2.9852720896402993","0.050415451948841415,0.58515484134356177,-0.01239792707686623",0.09789867746631971,0.0286765498892396,0.07986180649509421,0.027600090955592595,0.022604779867869212,0.09553528602594105,16.0,16.0,WAIT_FIRST_COMMAND,scenario.pva_command,linear,27568000000,8.0,27568000000,8.0,body_twist_rotated_by_q_xyzw_to_lio_enu_then_enu_to_ned,linear,27572000000,4.0,27572000000,4.0,position:linear;velocity:linear;acceleration:linear,27572000000,4.0,0.5736326673125142,0.16441367830657283,0.20419861847964546
27592000000,-1.727484858,1,4.5440000000000005,MAIN,MAIN,TRACK_MAIN,False,"1.9344116200580377,-0.084099580010689262,2.9850507714885941","0.56900095166847464,0.046491887087714845,0.012417621151500968","-0.16095588235167568,-0.0064790311809404533,0.001970916670407219","0.21059454485007478,-0.0010526095452910722,-0.0053450733686352669","1.8668459952930723,-0.12922841001455496,2.9303804803873996","0.58748452165285225,0.046339692142359223,-0.013744084038997325",NOT_RECORDED,NOT_RECORDED,NOT_RECORDED,"0.083484930296738938,2.043148716290792,-2.9952542781829834","0.030897627274195354,0.57880337039629615,-0.022531716463466484","-0.050284097592035927,-0.092147468278805419,-0.023568985673288505","0.094030324369668961,2.0404184261957803,-2.9850686391194663","0.049444594110051789,0.58254395922025048,-0.012731425619373718",0.09793143354657513,0.028704662950308258,0.07986364133517318,0.027110923721812126,0.021013407054226534,0.08437984519514881,16.0,24.0,WAIT_FIRST_COMMAND,scenario.pva_command,linear,27588000000,4.0,27588000000,4.0,body_twist_rotated_by_q_xyzw_to_lio_enu_then_enu_to_ned,linear,27596000000,4.0,27596000000,4.0,position:linear;velocity:linear;acceleration:linear,27596000000,4.0,0.5710322021389589,0.16109828807647755,0.21066499499627625
27612000000,-1.707484858,1,4.5600000000000005,MAIN,MAIN,TRACK_MAIN,False,"1.9434951777837854,-0.083356539806947155,2.98524970202413","0.56645288486679846,0.046388099084373746,0.012448463825878997","-0.15753561584095443,-0.0064937668541654725,0.0018839307599773369","0.21691395242555878,-0.00078921762483857849,-0.0055276460498198676","1.8784866807481093,-0.12855241355608532,2.9302370772657991","0.58529579547752908,0.044832543747201782,-0.012432146949003874",NOT_RECORDED,NOT_RECORDED,NOT_RECORDED,"0.084355950355529785,2.0538504123687744,-2.9954850673675537","0.030522145330905914,0.57445573806762695,-0.023052018135786057","-0.048358876258134842,-0.092473715543746948,-0.024478510022163391","0.095071457326412201,2.0519485473632812,-2.9848184585571289","0.04825076088309288,0.5793684720993042,-0.013119890354573727",0.0964114130878003,0.026710681715148347,0.07998193572695549,0.026452296330972326,0.020693223815160835,0.0805993378863952,20.0,16.0,WAIT_FIRST_COMMAND,scenario.pva_command,linear,27608000000,4.0,27608000000,4.0,body_twist_rotated_by_q_xyzw_to_lio_enu_then_enu_to_ned,exact,27612000000,0.0,27612000000,0.0,position:exact;velocity:exact;acceleration:exact,27612000000,0.0,0.5684854358400084,0.15768065341522852,0.21698580712154658
27616000000,-1.703484858,1,4.5760000000000005,MAIN,MAIN,TRACK_MAIN,False,"1.9525384085232549,-0.082615161917483609,2.9854491147841609","0.56396034479708312,0.046284109057237871,0.012477891490889181","-0.15401544584636717,-0.006504282165833486,0.0017940490021535749","0.22308148834384056,-0.00052507966022280472,-0.0057070301832632397","1.8807315933921307,-0.12861551943733873,2.9303104853142719","0.58476053518659932,0.044103990369509578,-0.012011916948153555",NOT_RECORDED,NOT_RECORDED,NOT_RECORDED,"0.084603906919558838,2.0568851232528687,-2.9955513079961142","0.030559369673331577,0.57470973332722985,-0.023180266221364338","-0.047490599875648819,-0.088748867313067123,-0.024761445199449856","0.095271563778320953,2.0542416969935098,-2.984766960144043","0.047995703294873238,0.57873330513636267,-0.013194447383284569",0.10155057878243556,0.03286631701454454,0.08010700883805434,0.026207512937726735,0.021848514991535166,0.08041831757091741,4.0,0.0,WAIT_FIRST_COMMAND,scenario.pva_command,linear,27608000000,8.0,27608000000,8.0,body_twist_rotated_by_q_xyzw_to_lio_enu_then_enu_to_ned,linear,27612000000,4.0,27612000000,4.0,position:linear;velocity:linear;acceleration:linear,27612000000,4.0,0.5659939814440835,0.15416316634517524,0.22315509481942222
27640000000,-1.679484858,1,4.5920000000000005,MAIN,MAIN,TRACK_MAIN,False,"1.9615422133871112,-0.081875449033979586,2.9856489867600677","0.5615249102209301,0.046179984623653664,0.012505858227294386","-0.15039785007767748,-0.0065105659170927588,0.00170132357467212","0.22909117296702597,-0.00026028807052719261,-0.0058830804154901828","1.8944468386973208,-0.12830349689124293,2.9304062820515231","0.58109994432134748,0.04171498128475553,-0.010067925340748211",NOT_RECORDED,NOT_RECORDED,NOT_RECORDED,"0.086029034107923508,2.0743194818496704,-2.9959323406219482","0.030706308782100677,0.57532431185245514,-0.023928284179419279","-0.042539211921393871,-0.069361414760351181,-0.026243842206895351","0.096466230228543282,2.0679897665977478,-2.9844598770141602","0.046466868370771408,0.57492570579051971,-0.013676663395017385",0.09853481291459971,0.028773988019186778,0.08047570984497136,0.024990140986886195,0.023671289446698354,0.0920179460901811,24.0,24.0,WAIT_FIRST_COMMAND,scenario.pva_command,linear,27648000000,8.0,27648000000,8.0,body_twist_rotated_by_q_xyzw_to_lio_enu_then_enu_to_ned,linear,27636000000,4.0,27636000000,4.0,position:linear;velocity:linear;acceleration:linear,27636000000,4.0,0.5635594132551294,0.1505483154288154,0.22916684733281686
27656000000,-1.663484858,1,4.6080000000000005,MAIN,MAIN,TRACK_MAIN,False,"1.9705075184249603,-0.081137402764868527,2.9858492942153054","0.55914811948888854,0.046075793568273515,0.012532318969365241","-0.14668540236209537,-0.0065126083967818604,0.0016058089920578111","0.23493697124279045,5.0636020501038104e-06,-0.0060556500013420056","1.903732753491346,-0.12764131203933915,2.9302497031414041","0.57889961960087732,0.041343897155946344,-0.0091431178258767482",NOT_RECORDED,NOT_RECORDED,NOT_RECORDED,"0.086708353211482361,2.082602540651957,-2.9961151281992593","0.030475815758109093,0.57179588079452515,-0.024337439797818661","-0.040471617132425308,-0.069316886365413666,-0.026528422099848587","0.097235646098852158,2.0771082639694214,-2.9842602411905923","0.045473725845416389,0.57240340113639832,-0.01409432307506601",0.09855352524051433,0.02879475490784277,0.08043692983633807,0.024479276929015185,0.023295623011552313,0.08809221410520299,16.0,16.0,WAIT_FIRST_COMMAND,scenario.pva_command,linear,27648000000,8.0,27648000000,8.0,body_twist_rotated_by_q_xyzw_to_lio_enu_then_enu_to_ned,linear,27652000000,4.0,27652000000,4.0,position:linear;velocity:linear;acceleration:linear,27652000000,4.0,0.5611832653417744,0.1468386868532221,0.23501500245583168
27672000000,-1.647484858,1,4.6240000000000006,MAIN,MAIN,TRACK_MAIN,False,"1.9794352739664358,-0.080401023632849566,2.9860500126993537","0.55683146899536595,0.045971603819105422,0.012557229542448478","-0.14288077353105599,-0.0065104013994003451,0.0015075621278920481","0.24061279270432934,0.00027088069219666222,-0.0062245908039766928","1.9129868835857553,-0.12698596921686134,2.9301073233009007","0.57706964566009433,0.040859762948966469,-0.0081827303428005892",NOT_RECORDED,NOT_RECORDED,NOT_RECORDED,"0.087201497207085296,2.0886051257451377,-2.9962483247121177","0.030024034902453423,0.56554692983627319,-0.024692731909453869","-0.039521310478448868,-0.078297309577465057,-0.026854088219503563","0.097983699291944504,2.0861943960189819,-2.9840567906697593","0.044543719540039696,0.56989535689353943,-0.014451791377117237",0.0985653602254891,0.02881453736014496,0.08037879925257836,0.024028390061763594,0.021853023354225978,0.07683222188237648,16.0,24.0,WAIT_FIRST_COMMAND,scenario.pva_command,linear,27668000000,4.0,27668000000,4.0,body_twist_rotated_by_q_xyzw_to_lio_enu_then_enu_to_ned,linear,27676000000,4.0,27676000000,4.0,position:linear;velocity:linear;acceleration:linear,27676000000,4.0,0.5588670300125242,0.14303696555360673,0.24069344594318084
27688000000,-1.631484858,1,4.640000000000001,MAIN,MAIN,TRACK_MAIN,False,"1.9883264539374546,-0.079666311072789459,2.986251117062281","0.55457641161955529,0.045867483423281341,0.012580546700888373","-0.13898673230674596,-0.0065039382430762682,0.00140664223707887","0.24611249147037029,0.0005370674114859586,-0.0063897532948686275","1.9222099446917444,-0.12633234627894888,2.929979567766936","0.57473245824993402,0.040336335087192345,-0.0071568190803071785",NOT_RECORDED,NOT_RECORDED,NOT_RECORDED,"0.088430602103471756,2.1035255789756775,-2.9965823888778687","0.030603990890085697,0.57042418420314789,-0.025266760960221291","-0.035077974200248718,-0.050530960783362389,-0.02793855732306838","0.098710406571626663,2.0952460169792175,-2.9838600158691406","0.043575401417911053,0.56745271384716034,-0.014813154004514217",0.0985677376061712,0.02883199569457827,0.08030200423199556,0.02337019355102321,0.025398152145498506,0.09666872071569467,16.0,16.0,WAIT_FIRST_COMMAND,scenario.pva_command,exact,27688000000,0.0,27688000000,0.0,body_twist_rotated_by_q_xyzw_to_lio_enu_then_enu_to_ned,linear,27692000000,4.0,27692000000,4.0,position:linear;velocity:linear;acceleration:linear,27692000000,4.0,0.5566121562773316,0.13914593638464598,0.24619601102846253
27704000000,-1.615484858,1,4.656000000000001,MAIN,MAIN,TRACK_MAIN,False,"1.9971820551514003,-0.078933263430009892,2.9864525814699077","0.5523843551520411,0.045763500522533362,0.012602228166306906","-0.13500614618878082,-0.0064932137875391427,0.0013031109781124206","0.25142986624520702,0.00080352684837620147,-0.0065509865538087575","1.9313916926342456,-0.1256892653238858,2.9298717181576226","0.5728084031943822,0.03985488068284234,-0.0060820455875624756",NOT_RECORDED,NOT_RECORDED,NOT_RECORDED,"0.089166563004255295,2.1124444007873535,-2.9967832565307617","0.030569439753890038,0.5679936408996582,-0.025688586756587029","-0.032503718510270119,-0.047366917133331299,-0.028350417502224445","0.09939996525645256,2.1042512655258179,-2.9836635589599609","0.042610449716448784,0.56507956981658936,-0.015207783784717321",0.09856921226428796,0.028857360948056802,0.08019460401464151,0.022816328819103282,0.02541184891631042,0.09533487093175315,16.0,0.0,WAIT_FIRST_COMMAND,scenario.pva_command,linear,27708000000,4.0,27708000000,4.0,body_twist_rotated_by_q_xyzw_to_lio_enu_then_enu_to_ned,linear,27692000000,12.0,27692000000,12.0,position:linear;velocity:linear;acceleration:linear,27692000000,12.0,0.5544200482951241,0.13516848535164705,0.25151647802938665
27712000000,-1.607484858,1,4.672000000000001,MAIN,MAIN,TRACK_MAIN,False,"2.0060030965750215,-0.07820187795897432,2.9866543794196008","0.55025666070727475,0.045659723328386415,0.012622232666239575","-0.13094198234078824,-0.0064782244520864563,0.0011970324353434703","0.25655866031863184,0.0010701609682123303,-0.0067081382689043179","1.9354805628601586,-0.12553184248044638,2.9300993993179745","0.57062338717006378,0.039192177059523707,-0.0051540256648135111",NOT_RECORDED,NOT_RECORDED,NOT_RECORDED,"0.089411466072003051,2.1154081026713052,-2.9968503316243491","0.03039242761830489,0.56494228045145667,-0.025861980393528938","-0.031722161297996841,-0.051926766832669578,-0.028402090383072693","0.099739739050467804,2.1087480783462524,-2.9835650126139321","0.042130663370092712,0.56390094757080078,-0.015410426848878464",0.10203930163159257,0.03275449861348429,0.08034311555127861,0.02183397817968665,0.024980966063225887,0.08729705497446093,8.0,24.0,WAIT_FIRST_COMMAND,scenario.pva_command,linear,27708000000,4.0,27708000000,4.0,body_twist_rotated_by_q_xyzw_to_lio_enu_then_enu_to_ned,linear,27716000000,4.0,27716000000,4.0,position:linear;velocity:linear;acceleration:linear,27716000000,4.0,0.5522920638073902,0.1311076009163396,0.25664857402296964
27716000000,-1.603484858,1,4.688000000000001,MAIN,MAIN,TRACK_MAIN,False,"2.0147906185688189,-0.077472150822369967,2.9868564837566716","0.54819464112190097,0.045556220097059896,0.012640519973125153","-0.12679730847712989,-0.0064589682335559062,0.0010884731412466042","0.26149256156600487,0.0013368706132242947,-0.0068610547365802188","1.9372739961004464,-0.12553518987577275,2.9303540428806549","0.56891938490963334,0.038649837037292571,-0.0044946991152507226",NOT_RECORDED,NOT_RECORDED,NOT_RECORDED,"0.089533917605876923,2.1168899536132812,-2.9968838691711426","0.030303921550512314,0.56341660022735596,-0.025948677211999893","-0.031331382691860199,-0.054206691682338715,-0.028427926823496819","0.099909625947475433,2.1109964847564697,-2.983515739440918","0.041890770196914673,0.56331163644790649,-0.015511748380959034",0.10729123126752194,0.038768795828823685,0.08052532887320661,0.021028752506359848,0.025326817783838846,0.08145845797262423,4.0,0.0,WAIT_FIRST_COMMAND,scenario.pva_command,linear,27708000000,8.0,27708000000,8.0,body_twist_rotated_by_q_xyzw_to_lio_enu_then_enu_to_ned,exact,27716000000,0.0,27716000000,0.0,position:exact;velocity:exact;acceleration:exact,27716000000,0.0,0.5502295125577076,0.12696637539705438,0.2615859725778233
27752000000,-1.567484858,1,4.704000000000001,MAIN,MAIN,TRACK_MAIN,False,"2.0235456821016999,-0.076744077090595941,2.9870588666914135","0.54619955933881315,0.045453059104083315,0.0126570509436576","-0.12257529374943132,-0.0064354447242938595,0.00097750209868635585","0.26622520244820791,0.0016035555025276094,-0.0070095808615763811","1.9561608470285872,-0.12466392593946561,2.9310718617507008","0.56141458194266547,0.03674811751595413,-0.0010490911438776848",NOT_RECORDED,NOT_RECORDED,NOT_RECORDED,"0.091484557837247849,2.1404194037119546,-2.997421900431315","0.030812827870249748,0.56290187438329065,-0.026955942933758099","-0.023767120204865932,-0.029818235586086907,-0.029063938496013481","0.10133651768167813,2.1310801108678183,-2.9831000963846841","0.039753595367074013,0.55804174145062768,-0.016516519710421562",0.0998577620105744,0.028919639874341874,0.0809126736946237,0.01813724440985944,0.0264151852268663,0.09845357648954671,36.0,40.0,WAIT_FIRST_COMMAND,scenario.pva_command,linear,27748000000,4.0,27748000000,4.0,body_twist_rotated_by_q_xyzw_to_lio_enu_then_enu_to_ned,linear,27756000000,4.0,27756000000,4.0,position:linear;velocity:linear;acceleration:linear,27756000000,4.0,0.5482336546969944,0.12274800648854446,0.26632229353303105
27768000000,-1.551484858,1,4.720000000000001,MAIN,MAIN,TRACK_MAIN,False,"2.0322693679396249,-0.076017650741660114,2.9872614998167641","0.54427262677701904,0.045350308618625268,0.012671787558486969","-0.1182792096333003,-0.0064076551301270879,0.00086419080318683728","0.27075016001168706,0.0018701142321237985,-0.0071535601569502338","1.9651381668706864,-0.12407753718474709,2.9310585416222898","0.55941057756036705,0.036702431921179592,8.0530811636026173e-05",NOT_RECORDED,NOT_RECORDED,NOT_RECORDED,"0.092274134978652,2.1499204039573669,-2.9976410269737244","0.030987995676696301,0.56164789199829102,-0.02736638393253088","-0.020894447807222605,-0.022238593548536301,-0.029110935982316732","0.10193470492959023,2.1399540305137634,-2.9829275608062744","0.0388523880392313,0.55571867525577545,-0.016986599657684565",0.09987553930613081,0.028940847789329403,0.08078262450296003,0.017437534738704602,0.026909237022768002,0.10115110337126766,16.0,16.0,WAIT_FIRST_COMMAND,scenario.pva_command,exact,27768000000,0.0,27768000000,0.0,body_twist_rotated_by_q_xyzw_to_lio_enu_then_enu_to_ned,linear,27772000000,4.0,27772000000,4.0,position:linear;velocity:linear;acceleration:linear,27772000000,4.0,0.5463056991744533,0.11845579893567539,0.27085110281576197
27784000000,-1.535484858,1,4.736000000000001,MAIN,MAIN,TRACK_MAIN,False,"2.040962775808163,-0.075292864661486436,2.9874643541266117","0.54241500168746448,0.045248036877533426,0.012684692962281752","-0.11391243081487801,-0.0063756022883293961,0.00074861326519398697","0.27506095588838875,0.0021364442748997847,-0.0072928347440760488","1.9740741034878457,-0.1235005668642439,2.9310696187901439","0.55736977584405656,0.035599106595212045,0.0013734083369726711",NOT_RECORDED,NOT_RECORDED,NOT_RECORDED,"0.092819366604089737,2.1564710140228271,-2.9977929592132568","0.030873706564307213,0.55675938725471497,-0.027693133801221848","-0.018409938551485538,-0.027161009609699249,-0.02858527097851038","0.10250468552112579,2.1487888097763062,-2.9827642440795898","0.037904247641563416,0.55344504117965698,-0.017525337636470795",0.09989215790098224,0.02896591349149981,0.08063343860856996,0.01678100228012318,0.025251456703953592,0.09189947683780028,16.0,0.0,WAIT_FIRST_COMMAND,scenario.pva_command,linear,27788000000,4.0,27788000000,4.0,body_twist_rotated_by_q_xyzw_to_lio_enu_then_enu_to_ned,linear,27772000000,12.0,27772000000,12.0,position:linear;velocity:linear;acceleration:linear,27772000000,12.0,0.544446802114247,0.11409316640585511,0.2751659122910727
27800000000,-1.519484858,1,4.752000000000001,MAIN,MAIN,TRACK_MAIN,False,"2.0496270235284477,-0.074569710644643045,2.9876674000347392","0.5406277874945058,0.045146312059086924,0.01269573150414538","-0.10947843607753072,-0.0063392906855948561,0.00063084603234792036","0.27915105629582371,0.0024024419806280561,-0.0074272453526430526","1.9829758501196955,-0.12293510712758268,2.9310985374024523","0.55528929380570691,0.035013917552153113,0.0024947104556202818",NOT_RECORDED,NOT_RECORDED,NOT_RECORDED,"0.093363774940371513,2.1630062460899353,-2.9979450106620789","0.030778699554502964,0.55191151797771454,-0.028012420982122421","-0.015693013090640306,-0.032301930710673332,-0.028000172227621078","0.10306113585829735,2.1576040387153625,-2.9826076030731201","0.036935659125447273,0.55122579634189606,-0.018070254474878311",0.09990809133011229,0.02898339417440485,0.08048497995593491,0.016211189771536478,0.023840130856695063,0.08241835426562752,16.0,24.0,WAIT_FIRST_COMMAND,scenario.pva_command,linear,27808000000,8.0,27808000000,8.0,body_twist_rotated_by_q_xyzw_to_lio_enu_then_enu_to_ned,linear,27796000000,4.0,27796000000,4.0,position:linear;velocity:linear;acceleration:linear,27796000000,4.0,0.5426580651774802,0.10966363362161122,0.2792601796391186
27816000000,-1.503484858,1,4.768000000000001,MAIN,MAIN,TRACK_MAIN,False,"2.0582632461267032,-0.073848179395491237,2.9878706073944219","0.53891203112327624,0.045045202256463801,0.012704868778389833","-0.10498080918845432,-0.0062987264760051009,0.00051096821174523299","0.28301387203703854,0.0026680025759668324,-0.0075566313206589242","1.991116082210167,-0.12266895595117186,2.9321717109309997","0.55182115006550303,0.03411626654940389,0.0051982660234252548",NOT_RECORDED,NOT_RECORDED,NOT_RECORDED,"0.094027889271577195,2.1709703604380288,-2.9981309970219931","0.030886862426996231,0.54900255799293518,-0.028349877335131168","-0.01259538313994805,-0.031723017493883766,-0.027683971760173638","0.10359070201714833,2.1663800875345864,-2.9824676513671875","0.035987560326854386,0.54914489388465881,-0.01855695837487777",0.09997288088665295,0.029003055726297907,0.08037467911845068,0.013752045261988768,0.02338896346515823,0.07838829026679668,16.0,16.0,WAIT_FIRST_COMMAND,scenario.pva_command,linear,27808000000,8.0,27808000000,8.0,body_twist_rotated_by_q_xyzw_to_lio_enu_then_enu_to_ned,linear,27812000000,4.0,27812000000,4.0,position:linear;velocity:linear;acceleration:linear,27812000000,4.0,0.5409405339096127,0.10517083883660716,0.2831273082555954
27820000000,-1.499484858,1,4.784000000000001,MAIN,MAIN,TRACK_MAIN,False,"2.066872594916692,-0.073128260529760514,2.9880739455186811","0.53726872131286818,0.044944775450917129,0.012712071665664126","-0.10042323978530732,-0.0062539174990006163,0.00038906149220846453","0.28664275850060861,0.0029330201644600651,-0.0076808305944467414","1.9929636107628828,-0.12267628608181158,2.9326995812551582","0.55061050539849177,0.033770560285218298,0.0062840162282232579",NOT_RECORDED,NOT_RECORDED,NOT_RECORDED,"0.094148414830366775,2.1724143822987876,-2.9981648127237954","0.030859895050525665,0.54758924245834351,-0.028418911620974541","-0.012158441667755445,-0.033943710227807365,-0.027567422638336819","0.10371790329615276,2.168567736943563,-2.9824342727661133","0.035772414257129036,0.54864269495010376,-0.018674176807204883",0.1048039359582647,0.03456620372043553,0.08036509727060359,0.012704163744953466,0.023486205184943577,0.07206285152861562,4.0,0.0,WAIT_FIRST_COMMAND,scenario.pva_command,linear,27828000000,8.0,27828000000,8.0,body_twist_rotated_by_q_xyzw_to_lio_enu_then_enu_to_ned,linear,27812000000,8.0,27812000000,8.0,position:linear;velocity:linear;acceleration:linear,27812000000,8.0,0.5392951960731068,0.10061853677084732,0.2867606471724179
27848000000,-1.471484858,1,4.800000000000001,MAIN,MAIN,TRACK_MAIN,False,"2.0754562365552029,-0.072409942576556197,2.988277383201194","0.53569878691525652,0.044845099484666473,0.012717308374440961","-0.095809524262868706,-0.0062048732973503662,0.00026521016655317586","0.29003101566066292,0.0031973877265371597,-0.0077996797286467578","2.0076145978837383,-0.1220345749672912,2.9339345710513562","0.5461415118939017,0.033018685943572906,0.0097744823903732937",NOT_RECORDED,NOT_RECORDED,NOT_RECORDED,"0.095711609348654747,2.1911247968673706,-2.998604953289032","0.031671500764787197,0.54901307821273804,-0.029098012950271368","-0.0058785346336662769,-0.01055401936173439,-0.027315804269164801","0.10459404811263084,2.1838550567626953,-2.9822149276733398","0.034275568090379238,0.54510973393917084,-0.019517774693667889",0.10009112503063247,0.02903500826677085,0.08015401610047332,0.009878059697444068,0.024882554900717654,0.08944463233853107,28.0,40.0,WAIT_FIRST_COMMAND,scenario.pva_command,exact,27848000000,0.0,27848000000,0.0,body_twist_rotated_by_q_xyzw_to_lio_enu_then_enu_to_ned,linear,27852000000,4.0,27852000000,4.0,position:linear;velocity:linear;acceleration:linear,27852000000,4.0,0.5377229799651096,0.09601060216739525,0.2901534909962294
27864000000,-1.455484858,1,4.816000000000001,MAIN,MAIN,TRACK_MAIN,False,"2.0840153520701108,-0.071693212980803084,2.9884808887378775","0.53420309518018172,0.044746242033500749,0.012720548482859084","-0.091143566659610542,-0.0061516051351206413,0.00013950115385308326","0.29317188807685213,0.0034609971195131983,-0.0079130138862153476","2.0163410143381251,-0.12151193932881155,2.9340983732216461","0.5446298225720696,0.03271321721742744,0.010714584675372606",NOT_RECORDED,NOT_RECORDED,NOT_RECORDED,"0.096431132405996323,2.1997280120849609,-2.9988083839416504","0.031945656985044479,0.54725924134254456,-0.029414004646241665","-0.0030791996978223324,-0.0058647654950618744,-0.027178787626326084","0.10506398603320122,2.1925443410873413,-2.9821090698242188","0.03347606398165226,0.54314172267913818,-0.019928445108234882",0.10009585144387238,0.02905285686115355,0.0799674974240966,0.009364379346934626,0.024758622919591466,0.08951556633443275,16.0,0.0,WAIT_FIRST_COMMAND,scenario.pva_command,linear,27868000000,4.0,27868000000,4.0,body_twist_rotated_by_q_xyzw_to_lio_enu_then_enu_to_ned,linear,27852000000,12.0,27852000000,12.0,position:linear;velocity:linear;acceleration:linear,27852000000,12.0,0.5362247527202672,0.09135103420183725,0.29329907986281006
27880000000,-1.439484858,1,4.832000000000001,MAIN,MAIN,TRACK_MAIN,False,"2.0925511358609743,-0.070978058106128589,2.988684429949132","0.53278245002566571,0.044648270579093929,0.012721762980919094","-0.086429379544405549,-0.0060941260156455179,1.2024021708578747e-05","0.29605856489437699,0.0037237390775888835,-0.0080206668384255053","2.0250420740899617,-0.12099034870334999,2.9342754470602133","0.54305692481515355,0.03240378175523552,0.011627797308129406",NOT_RECORDED,NOT_RECORDED,NOT_RECORDED,"0.096969472244381905,2.2061595916748047,-2.9989610314369202","0.031990575604140759,0.54274161159992218,-0.029668546747416258","-0.0010883718496188521,-0.010648338124155998,-0.02688119001686573","0.10552157213290532,2.2012131214141846,-2.9820113182067871","0.032699727763732277,0.5412030120690664,-0.020321470064421494",0.10009515498259623,0.029068156589181042,0.07977395212394052,0.008894072323943899,0.023379384537868253,0.08055914532058779,16.0,24.0,WAIT_FIRST_COMMAND,scenario.pva_command,linear,27888000000,8.0,27888000000,8.0,body_twist_rotated_by_q_xyzw_to_lio_enu_then_enu_to_ned,linear,27876000000,4.0,27876000000,4.0,position:linear;velocity:linear;acceleration:linear,27876000000,4.0,0.5348013185982227,0.08664396207989668,0.29619059940614084
27896000000,-1.423484858,1,4.848,MAIN,MAIN,TRACK_MAIN,False,"2.1010647946717409,-0.070264463238193658,2.9888879742027821","0.53143759029450344,0.044551252381031525,0.012720924313042281","-0.081671084903117475,-0.0060324506994984262,-0.00011712899148630385","0.29868417984395279,0.0039855032118506495,-0.0081224709648671789","2.0337193905310094,-0.12047058664598903,2.9344665754636603","0.5415312295294169,0.032188537174688732,0.012590245984902656",NOT_RECORDED,NOT_RECORDED,NOT_RECORDED,"0.097626208017269775,2.2140016158421836,-2.9991474946339927","0.032224932064612709,0.5401979386806488,-0.029939260333776474","0.0015965401350210109,-0.0086676552891731262,-0.026466542234023411","0.10596195111672084,2.2098467350006104,-2.9819293022155762","0.031944050143162407,0.53928799430529273,-0.020750520440439384",0.1000886953019157,0.02908878996314873,0.07956492704225313,0.008466519790859833,0.022916216348090965,0.07806659857056218,16.0,16.0,WAIT_FIRST_COMMAND,scenario.pva_command,linear,27888000000,8.0,27888000000,8.0,body_twist_rotated_by_q_xyzw_to_lio_enu_then_enu_to_ned,linear,27900000000,4.0,27900000000,4.0,position:linear;velocity:linear;acceleration:linear,27892000000,4.0,0.5334534172560197,0.08189365231747055,0.29882118074106045
27912000000,-1.407484858,1,4.864,MAIN,MAIN,TRACK_MAIN,False,"2.1095575465355694,-0.069552412588469642,2.9890914884376798","0.53016918799646007,0.044455254448553416,0.012718006420977646","-0.076872915025166577,-0.0059665957224580013,-0.0002478629542791988","0.30104181124187335,0.0042461780102703295,-0.008218257253446104","2.041992399559319,-0.12010392094796347,2.9349089257197369","0.53909691267929749,0.031824506702701191,0.013978665860090713",NOT_RECORDED,NOT_RECORDED,NOT_RECORDED,"0.098102980603774384,2.21969203154246,-2.9992832342783609","0.032235308239857353,0.5348803699016571,-0.030147653073072433","0.0039097085439910497,-0.016160853207111359,-0.025876610229412716","0.10638982616364956,2.2184529900550842,-2.9818565845489502","0.031182748731225729,0.53739549219608307,-0.021179962437599897",0.10028087647216742,0.029113579358852094,0.07954677454942603,0.00742733851065773,0.0218017178842439,0.0668280175920869,16.0,24.0,WAIT_FIRST_COMMAND,scenario.pva_command,linear,27908000000,4.0,27908000000,4.0,body_twist_rotated_by_q_xyzw_to_lio_enu_then_enu_to_ned,linear,27916000000,4.0,27916000000,4.0,position:linear;velocity:linear;acceleration:linear,27916000000,4.0,0.5321817220050267,0.07710451844753223,0.3011839004591156
27916000000,-1.403484858,1,4.88,MAIN,MAIN,TRACK_MAIN,False,"2.1180306196912824,-0.06884188929847343,2.9892949391880146","0.52897784653632307,0.044360343512005074,0.012712984787070447","-0.072039213390315382,-0.0058965794134818172,-0.00038008021988861218","0.30312448198994346,0.0045056508377055438,-0.0083078553003852473","2.0437688895642974,-0.12012596662013769,2.9352007066666377","0.53775616333132514,0.031550274820878278,0.014601599781625868",NOT_RECORDED,NOT_RECORDED,NOT_RECORDED,"0.098222173750400543,2.2211146354675293,-2.9993171691894531","0.032237902283668518,0.53355097770690918,-0.030199751257896423","0.0044880006462335587,-0.018034152686595917,-0.02572912722826004","0.10649575293064117,2.22060227394104,-2.9818391799926758","0.030991954728960991,0.53692424297332764,-0.021287355571985245",0.10521904361979528,0.03445899008128191,0.07969711593836709,0.006760409994624081,0.021763596018192024,0.06087755578371658,4.0,0.0,WAIT_FIRST_COMMAND,scenario.pva_command,linear,27908000000,8.0,27908000000,8.0,body_twist_rotated_by_q_xyzw_to_lio_enu_then_enu_to_ned,exact,27916000000,0.0,27916000000,0.0,position:exact;velocity:exact;acceleration:exact,27916000000,0.0,0.5309868380524183,0.07228113429968046,0.3032717806371622
27920000000,-1.399484858,1,4.896,MAIN,MAIN,TRACK_MAIN,False,"2.1264852514714345,-0.068132875444459978,2.9894982926083089","0.52786409892777897,0.044266585994003682,0.012705836477885479","-0.06717443555517022,-0.0058224219126743471,-0.00051368040394100811","0.30492515957549671,0.0047638079358995333,-0.0083910933102239182","2.0455453795692753,-0.1201480122923119,2.9354924876135389","0.53641541398335268,0.031276042939055372,0.015224533703161024",NOT_RECORDED,NOT_RECORDED,NOT_RECORDED,"0.098578585311770439,2.2253662347793579,-2.9994189143180847","0.032570630311965942,0.53606222569942474,-0.030313432216644287","0.0058365263976156712,-0.0070147234946489334,-0.025797178037464619","0.10659817606210709,2.2227441668510437,-2.9818263053894043","0.030832431744784117,0.53648662567138672,-0.021389108616858721",0.11033342330396459,0.04008845496143384,0.0798458499389295,0.006180925971307728,0.022672275791806244,0.06668870446207911,4.0,0.0,WAIT_FIRST_COMMAND,scenario.pva_command,linear,27928000000,8.0,27928000000,8.0,body_twist_rotated_by_q_xyzw_to_lio_enu_then_enu_to_ned,linear,27916000000,4.0,27916000000,4.0,position:linear;velocity:linear;acceleration:linear,27916000000,4.0,0.5298693007270786,0.06742825265897301,0.30507778885905995
27960000000,-1.359484858,1,4.912,MAIN,MAIN,TRACK_MAIN,False,"2.134922687161712,-0.067425352042577408,2.9897015144991146","0.52682840599310765,0.044174047980315267,0.012696540188187166","-0.062283150039856849,-0.0057441451892566997,-0.00064856036220084512","0.30643675607144871,0.0050205344234813265,-0.0084677980958182131","2.0661320640986474,-0.11921993123551962,2.9366359599564746","0.53051149411750864,0.030516396964450795,0.018617123566070776",NOT_RECORDED,NOT_RECORDED,NOT_RECORDED,"0.10059443364540736,2.2494095166524253,-2.9999955097834268","0.033833983664711319,0.53659341732660926,-0.030975134422381718","0.013348250339428583,0.020465720444917679,-0.023916624486446381","0.10759130741159122,2.244093656539917,-2.9817306200663247","0.029264139942824841,0.53205488125483191,-0.02264411561191082",0.10114732489837036,0.029210779410105144,0.07976037715408829,0.004490752324625063,0.023159865793492225,0.08840443111166972,40.0,40.0,WAIT_FIRST_COMMAND,scenario.pva_command,linear,27968000000,8.0,27968000000,8.0,body_twist_rotated_by_q_xyzw_to_lio_enu_then_enu_to_ned,linear,27956000000,4.0,27956000000,4.0,position:linear;velocity:linear;acceleration:linear,27956000000,4.0,0.5288295736898193,0.06255083223575846,0.3065948382508771
27976000000,-1.343484858,1,4.928,MAIN,MAIN,TRACK_MAIN,False,"2.1433441788313168,-0.066719299054492726,2.9899045703334219","0.52587115454855393,0.044082795190446056,0.012685076285275099","-0.057370039214656998,-0.005661773059537023,-0.00078461416830499786","0.30765212813620124,0.0052757142959647951,-0.0085377950783400713","2.0746116613836558,-0.11873251348834432,2.9369385145085234","0.52909869167835655,0.030456313263679716,0.019599744798947903",NOT_RECORDED,NOT_RECORDED,NOT_RECORDED,"0.10153878976901372,2.2606708208719888,-3.0002665122350058","0.034563065196077027,0.53931655486424768,-0.031242168198029201","0.017325052370627723,0.038795415312051773,-0.022993803024291992","0.10796681170662244,2.2525842189788818,-2.9817236264546714","0.028645670972764492,0.53047122557957971,-0.023179760202765465",0.10116786298069716,0.029248849183620817,0.0795518458263559,0.004240139750907819,0.0248147075153698,0.10169366701948825,16.0,24.0,WAIT_FIRST_COMMAND,scenario.pva_command,linear,27968000000,8.0,27968000000,8.0,body_twist_rotated_by_q_xyzw_to_lio_enu_then_enu_to_ned,linear,27980000000,4.0,27980000000,4.0,position:linear;velocity:linear;acceleration:linear,27980000000,4.0,0.5278680471276843,0.05765407785284651,0.3078157875302467
27992000000,-1.327484858,1,4.944,MAIN,MAIN,TRACK_MAIN,False,"2.1517509841342637,-0.066014695393488088,2.9901074252837767","0.52499265557586838,0.043992892947944506,0.012671426853674561","-0.052439900186641353,-0.0055753312048804626,-0.00092173309149579108","0.30856407701372746,0.0055292304257509861,-0.0086009082872787745","2.083071225439824,-0.11824377850078434,2.9372553901038527","0.52814665450012066,0.030396636124303801,0.020526180572194522",NOT_RECORDED,NOT_RECORDED,NOT_RECORDED,"0.10177487879991531,2.2634861469268799,-3.0003342628479004","0.034337103366851807,0.53048327565193176,-0.031296052038669586","0.017708513885736465,0.017321066930890083,-0.021379040088504553","0.10833284258842468,2.2610495686531067,-2.9817347526550293","0.028123740572482347,0.52897945046424866,-0.023706922307610512",0.101183615270533,0.029288701084503353,0.07933539240506325,0.003997089102681444,0.02168542931407076,0.07685085854955019,16.0,16.0,WAIT_FIRST_COMMAND,scenario.pva_command,linear,27988000000,4.0,27988000000,4.0,body_twist_rotated_by_q_xyzw_to_lio_enu_then_enu_to_ned,linear,27996000000,4.0,27996000000,4.0,position:linear;velocity:linear;acceleration:linear,27996000000,4.0,0.526985035932748,0.052743502363049234,0.3087334410714213
28008000000,-1.311484858,1,4.96,MAIN,MAIN,TRACK_MAIN,False,"2.1601443650813543,-0.065311518931037427,2.9903100442501147","0.5241931423791506,0.043904406150417186,0.01265557574018894","-0.047497645686270573,-0.005484847189678177,-0.0010598055743545887","0.30916534853352928,0.0057809645621247352,-0.008656960360439836","2.091520478064294,-0.1177524634142568,2.9375865422176335","0.52730224747287047,0.030967515731377793,0.021402937229251112",NOT_RECORDED,NOT_RECORDED,NOT_RECORDED,"0.10283287055790424,2.2761073708534241,-3.0006386041641235","0.035253250971436501,0.5353807657957077,-0.031548654660582542","0.021188220474869013,0.043056060560047626,-0.020513721741735935","0.10868949070572853,2.2694879174232483,-2.9817676544189453","0.027687168680131435,0.52750538289546967,-0.024200787302106619",0.10118823150046359,0.029330312487869745,0.07910513594173386,0.004316237459490939,0.023599869379590264,0.0968341021254398,16.0,16.0,WAIT_FIRST_COMMAND,scenario.pva_command,exact,28008000000,0.0,28008000000,0.0,body_twist_rotated_by_q_xyzw_to_lio_enu_then_enu_to_ned,linear,28012000000,4.0,28012000000,4.0,position:linear;velocity:linear;acceleration:linear,28012000000,4.0,0.5261807778644758,0.0478250256904066,0.3093405489873732
28024000000,-1.295484858,1,4.976,MAIN,MAIN,TRACK_MAIN,False,"2.1685255867824438,-0.064609746503860754,2.9905123918883203","0.52347276872800919,0.043817399239256705,0.012637508599300518","-0.042548304954092231,-0.0053903504793181845,-0.0011987172105326627","0.30944863311064097,0.0060307973312581087,-0.0087057725439448896","2.0999521672866606,-0.11725643984589101,2.9379346842047962","0.5264870011603705,0.031185515400817015,0.022273506956330496",NOT_RECORDED,NOT_RECORDED,NOT_RECORDED,"0.10353712365031242,2.2845112085342407,-3.0008413791656494","0.035695217549800873,0.53451511263847351,-0.031680958345532417","0.022790836170315742,0.049304110929369926,-0.019116287119686604","0.10903941094875336,2.2778964042663574,-2.9818239212036133","0.027356553822755814,0.52604877948760986,-0.024722060188651085",0.10118499654814712,0.02937589558812002,0.0788633490332383,0.0045660045917906905,0.02346393344413421,0.09820257117584459,16.0,0.0,WAIT_FIRST_COMMAND,scenario.pva_command,linear,28028000000,4.0,28028000000,4.0,body_twist_rotated_by_q_xyzw_to_lio_enu_then_enu_to_ned,linear,28012000000,12.0,28012000000,12.0,position:linear;velocity:linear;acceleration:linear,28012000000,12.0,0.5254554316965975,0.04290514020146237,0.30962980723128336
28040000000,-1.279484858,1,4.992,MAIN,MAIN,TRACK_MAIN,False,"2.1768959161589727,-0.06390935392147068,2.9907144326395168","0.52283160698616271,0.043731936169080998,0.012617212938933142","-0.037597024627249453,-0.00529187245815399,-0.0013383507224866698","0.30940656574566106,0.0062786082362077389,-0.0087471646922331336","2.1083671304241913,-0.11675714514920486,2.9382961678041255","0.52515487408042372,0.031500245888402341,0.023069274618176077",NOT_RECORDED,NOT_RECORDED,NOT_RECORDED,"0.10406415536999702,2.2908032536506653,-3.0009933114051819","0.035898379981517792,0.53078261017799377,-0.031752022914588451","0.023631929885596037,0.045548683032393456,-0.01752412086352706","0.10938700474798679,2.2862902283668518,-2.9818923473358154","0.027057707775384188,0.52463498711585999,-0.02523724501952529",0.10117686494593006,0.029421500105972505,0.07861900022996474,0.004970565662242925,0.022152291238259205,0.09003103841773845,16.0,24.0,WAIT_FIRST_COMMAND,scenario.pva_command,linear,28048000000,8.0,28048000000,8.0,body_twist_rotated_by_q_xyzw_to_lio_enu_then_enu_to_ned,linear,28036000000,4.0,28036000000,4.0,position:linear;velocity:linear;acceleration:linear,28036000000,4.0,0.5248090753475746,0.03799120105487258,0.3095938577201765
28056000000,-1.263484858,1,5.008,MAIN,MAIN,TRACK_MAIN,False,"2.1852566206263795,-0.063210315974203624,2.9909161307600893","0.52226964622604655,0.043648080376887222,0.012594678166570505","-0.032649069626270233,-0.0051894464474758761,-0.0014785859392113521","0.30903172602466356,0.0065242756569159899,-0.0087809552680594427","2.1167625868942928,-0.11625288328341774,2.9386695893926733","0.52381249192858925,0.031908284451018162,0.023855649099760904",NOT_RECORDED,NOT_RECORDED,NOT_RECORDED,"0.10470721498131752,2.2984841664632163,-3.0011787811915078","0.036267421518762909,0.52910799781481421,-0.031827816739678383","0.025160754720369976,0.048222089807192482,-0.016175591542075079","0.10973103841145833,2.2946561177571616,-2.9819850921630859","0.026789934063951176,0.52332857251167297,-0.025684233754873276",0.10116643558266675,0.029470637728039914,0.07836984403158773,0.0054566849393903796,0.02170600831576318,0.08816433021115748,16.0,16.0,WAIT_FIRST_COMMAND,scenario.pva_command,linear,28048000000,8.0,28048000000,8.0,body_twist_rotated_by_q_xyzw_to_lio_enu_then_enu_to_ned,linear,28052000000,4.0,28052000000,4.0,position:linear;velocity:linear;acceleration:linear,28052000000,4.0,0.5242417039951958,0.03309196757933706,0.30922528848405945
28072000000,-1.247484858,1,5.024,MAIN,MAIN,TRACK_MAIN,False,"2.1936089667462877,-0.062512606441753771,2.9911174503524482","0.52178679032925501,0.043565894750917433,0.01256989563572658","-0.027709824041579623,-0.0050831077234791411,-0.001619299773971794","0.30831663811935073,0.0067676768502117901,-0.0088069613424955895","2.1251400780713974,-0.11574185950105627,2.9390545022741508","0.5228527473106791,0.032375768239650535,0.024638338297685122",NOT_RECORDED,NOT_RECORDED,NOT_RECORDED,"0.10517414286732674,2.3040644327799478,-3.0013134082158408","0.03640033739308516,0.52453636129697168,-0.031838284805417061","0.025681172808011372,0.04127511878808339,-0.014734117158999046","0.11007137099901836,2.302999178568522,-2.9820957183837891","0.026594150190552075,0.52202430367469788,-0.026094119995832443",0.10115281835040132,0.029524109726301744,0.07811392993037808,0.00601936263040528,0.020740688849446152,0.07728387632110399,16.0,24.0,WAIT_FIRST_COMMAND,scenario.pva_command,linear,28068000000,4.0,28068000000,4.0,body_twist_rotated_by_q_xyzw_to_lio_enu_then_enu_to_ned,linear,28076000000,4.0,28076000000,4.0,position:linear;velocity:linear;acceleration:linear,28076000000,4.0,0.5237532281751083,0.028218689982027558,0.3085166338453338
28088000000,-1.231484858,1,5.04,MAIN,MAIN,TRACK_MAIN,False,"2.2019542188481633,-0.061816198102202791,2.9913183553965395","0.52138285607255241,0.043485441599232622,0.012542858692779546","-0.022784792020203781,-0.0049728935352353343,-0.001760366202035013","0.30725377078689675,0.0070086879498086341,-0.0088249985949301335","2.1335054672869633,-0.11522218034795431,2.9394514166789261","0.52255479974275842,0.03283839429938714,0.025363349120175991",NOT_RECORDED,NOT_RECORDED,NOT_RECORDED,"0.1059892512857914,2.3138159513473511,-3.0015486478805542","0.037019863724708557,0.52605929970741272,-0.031913446262478828","0.027919077314436436,0.054300695657730103,-0.013614086899906397","0.11040861904621124,2.3113158941268921,-2.9822287559509277","0.026399241760373116,0.52085185050964355,-0.026466346345841885",0.10113164619374625,0.029582679960387007,0.07784656033884736,0.006751246136165082,0.020949760979947933,0.08520814494579934,16.0,0.0,WAIT_FIRST_COMMAND,scenario.pva_command,exact,28088000000,0.0,28088000000,0.0,body_twist_rotated_by_q_xyzw_to_lio_enu_then_enu_to_ned,linear,28076000000,12.0,28076000000,12.0,position:linear;velocity:linear;acceleration:linear,28076000000,12.0,0.5233434718630195,0.023387503216076622,0.30746037463345616
28104000000,-1.215484858,1,5.056,MAIN,MAIN,TRACK_MAIN,False,"2.2102936376201736,-0.06112106274155471,2.9915188097821086","0.5210575712001031,0.043406782618009621,0.012513562724153882","-0.017879598652331907,-0.0048588431226621043,-0.0019016562384069902","0.30583553737002234,0.0072471839663055815,-0.0088348813130673109","2.1418590860291431,-0.11469217525379166,2.939862058041339","0.52190672370431557,0.033574310449654511,0.026034620180532788",NOT_RECORDED,NOT_RECORDED,NOT_RECORDED,"0.10686172917485237,2.3242587447166443,-3.0018004179000854","0.037720805965363979,0.52864758670330048,-0.031988648697733879","0.030385184567421675,0.070543514564633369,-0.012559306109324098","0.11074504628777504,2.3196175694465637,-2.982374906539917","0.026223249733448029,0.5197574645280838,-0.026816697791218758",0.10110179003198541,0.02964429232517184,0.07756975704314098,0.007698639753171133,0.021661432074346797,0.09628036077426251,16.0,24.0,WAIT_FIRST_COMMAND,scenario.pva_command,linear,28108000000,4.0,28108000000,4.0,body_twist_rotated_by_q_xyzw_to_lio_enu_then_enu_to_ned,linear,28100000000,4.0,28100000000,4.0,position:linear;velocity:linear;acceleration:linear,28100000000,4.0,0.5230121705412304,0.018625377872896486,0.3060489384423148
28112000000,-1.207484858,1,5.072,MAIN,MAIN,TRACK_MAIN,False,"2.2186284786692276,-0.060427171163784932,2.9917187773417235","0.52081057248109985,0.043329978859537488,0.012482005203865332","-0.012999990857991861,-0.004740997734490604,-0.0020430379155634837","0.30405429579701604,0.007483038787188534,-0.0088364223929291441","2.1455953821257348,-0.11566753166107639,2.9408019425185032","0.52052012080175347,0.031027558099590281,0.027450684969696274",NOT_RECORDED,NOT_RECORDED,NOT_RECORDED,"0.10720993205904961,2.3284314274787903,-3.0019007921218872","0.037950095720589161,0.52849246561527252,-0.031993964686989784","0.031101799104362726,0.073504513129591942,-0.011969067854806781","0.11091357097029686,2.3237590193748474,-2.9824564456939697","0.026163190603256226,0.51926146447658539,-0.026977891102433205",0.1047752579906963,0.033081734215143904,0.07824244950508741,0.005046763410860315,0.021648814923331944,0.09467879595500389,8.0,16.0,WAIT_FIRST_COMMAND,scenario.pva_command,linear,28108000000,4.0,28108000000,4.0,body_twist_rotated_by_q_xyzw_to_lio_enu_then_enu_to_ned,linear,28116000000,4.0,28116000000,4.0,position:linear;velocity:linear;acceleration:linear,28116000000,4.0,0.5227589692487048,0.013987523932088445,0.30427469993874967
28136000000,-1.183484858,1,5.088,MAIN,MAIN,TRACK_MAIN,False,"2.2269599910497195,-0.059734493201396122,2.9919182218845526","0.52064140375349055,0.043255090699936272,0.012448185741419038","-0.0081518382737399975,-0.0046194006462390025,-0.0021843762611808426","0.30190234858167386,0.0077161251768276817,-0.0088294333388528878","2.1563139858006664,-0.11993194172445007,2.9444120593790459","0.51570674987377918,0.020831529566306541,0.03267275044077541",NOT_RECORDED,NOT_RECORDED,NOT_RECORDED,"0.1081948143740495,2.340246319770813,-3.002184828122457","0.038562849164009094,0.52715673049290979,-0.031961312517523766","0.032621458793679871,0.079599533230066299,-0.0098375890714426841","0.1114155687391758,2.336152752240499,-2.982731819152832","0.026087563174466293,0.5178145170211792,-0.027503453195095062",0.10426613228817201,0.029782242790892026,0.0813562133631113,0.007667477137361549,0.021100443827872597,0.09608180089424649,24.0,16.0,WAIT_FIRST_COMMAND,scenario.pva_command,linear,28128000000,8.0,28128000000,8.0,body_twist_rotated_by_q_xyzw_to_lio_enu_then_enu_to_ned,linear,28132000000,4.0,28132000000,4.0,position:linear;velocity:linear;acceleration:linear,28132000000,4.0,0.5225834206154245,0.00962095781209418,0.3021299812331776
28152000000,-1.167484858,1,5.104,MAIN,MAIN,TRACK_MAIN,False,"2.2352894157608567,-0.059042997726501567,2.9921171072309241","0.52054951395340865,0.043182177806583788,0.012412106130063716","-0.0033411341391058613,-0.0044940971781793904,-0.0023255332758733704","0.2993719428233419,0.0079463147764797237,-0.008813724263493361","2.1645653199307473,-0.11959430017211314,2.9449373204080147","0.5155836548951277,0.021999127493897479,0.033185345688747508",NOT_RECORDED,NOT_RECORDED,NOT_RECORDED,"0.10865741098920505,2.345802903175354,-3.0023181835810342","0.038697108626365662,0.52296326557795203,-0.031867636367678642","0.032182487969597183,0.072088945657014847,-0.0080588554653028641","0.11175452545285225,2.3443952004114785,-2.9829378128051758","0.026152545896669228,0.51695311069488525,-0.027878791093826294",0.10437571673287613,0.029856364441749463,0.08123943162890229,0.006876468227575264,0.020111183438153934,0.08451452162604431,16.0,24.0,WAIT_FIRST_COMMAND,scenario.pva_command,linear,28148000000,4.0,28148000000,4.0,body_twist_rotated_by_q_xyzw_to_lio_enu_then_enu_to_ned,linear,28156000000,4.0,28156000000,4.0,position:linear;velocity:linear;acceleration:linear,28156000000,4.0,0.5224849828806886,0.006063678075196023,0.2996070523264465
28168000000,-1.151484858,1,5.12,MAIN,MAIN,TRACK_MAIN,False,"2.2436179842123618,-0.058352652662423732,2.9923153972476517","0.5205342551303751,0.043111299105254131,0.012373770395403438","0.0014260038165367916,-0.0043651347133090157,-0.0024663679109245829","0.29645527020691631,0.0081734781042868132,-0.0087891038878222805","2.1728084282665958,-0.11924585792233283,2.9454710426380948","0.51458148711753449,0.022308137100818012,0.033861262431943928",NOT_RECORDED,NOT_RECORDED,NOT_RECORDED,"0.10981119237840176,2.3596877455711365,-3.0026503205299377","0.039791855961084366,0.53120987117290497,-0.03191964328289032","0.034919105470180511,0.10634751059114933,-0.0069219428114593029","0.11209830641746521,2.3526222705841064,-2.9831633567810059","0.026264163665473461,0.51617580652236938,-0.028188632801175117",0.10448143001915654,0.02993319500431115,0.08111902906028158,0.007097233790200869,0.022517296187790654,0.11242737428611053,16.0,16.0,WAIT_FIRST_COMMAND,scenario.pva_command,exact,28168000000,0.0,28168000000,0.0,body_twist_rotated_by_q_xyzw_to_lio_enu_then_enu_to_ned,linear,28156000000,12.0,28156000000,12.0,position:linear;velocity:linear;acceleration:linear,28172000000,4.0,0.5224630178955016,0.005212567373392057,0.2966981316505515
28184000000,-1.135484858,1,5.136,MAIN,MAIN,TRACK_MAIN,False,"2.2519469166583779,-0.05766342499582694,2.9925130558841415","0.52059488044847058,0.043042512746974237,0.01233318484436341","0.0061433324875572737,-0.0042325627153192436,-0.0026067360460190203","0.29314446700279717,0.0083974845552758359,-0.0087553795411262625","2.1810340514502733,-0.11887987611031364,2.9460174182674739","0.51409005538022567,0.023376079040808628,0.034523588334424274",NOT_RECORDED,NOT_RECORDED,NOT_RECORDED,"0.11050240695476532,2.3680171966552734,-3.0028489828109741","0.040230199694633484,0.53130990266799927,-0.031838715076446533","0.035465361550450325,0.11260620132088661,-0.0055127071682363749","0.11244598589837551,2.3608406782150269,-2.9834003448486328","0.026396358385682106,0.51546148955821991,-0.028471729718148708",0.10458457178979903,0.030013469941374743,0.08099436258788688,0.006901297829903365,0.02243181926425203,0.11391309402058651,16.0,0.0,WAIT_FIRST_COMMAND,scenario.pva_command,linear,28188000000,4.0,28188000000,4.0,body_twist_rotated_by_q_xyzw_to_lio_enu_then_enu_to_ned,linear,28180000000,4.0,28180000000,4.0,position:linear;velocity:linear;acceleration:linear,28172000000,12.0,0.5225167891093415,0.007902543514932527,0.29339538672603444
28200000000,-1.119484858,1,5.152,MAIN,MAIN,TRACK_MAIN,False,"2.2602774205991842,-0.056975280789379246,2.9927100472092945","0.52073054217310855,0.042975876074584196,0.012290358114518396","0.01080448250525734,-0.0040964327465661254,-0.0027464904669767254","0.28943161406697726,0.0086182024013607972,-0.0087123571610100425","2.1892534903500742,-0.11849944170112131,2.9465730297576811","0.51340592019546583,0.024187934574259804,0.035006669758137945",NOT_RECORDED,NOT_RECORDED,NOT_RECORDED,"0.11101988516747952,2.3742637038230896,-3.0029974579811096","0.040421269834041595,0.52837531268596649,-0.03170467633754015","0.035211405716836452,0.10827232524752617,-0.0039968910859897733","0.11280177347362041,2.3690464496612549,-2.9836564064025879","0.026551989372819662,0.51488330960273743,-0.028728754259645939",0.10468163842458166,0.03009618087567623,0.08086560246656738,0.006869036144723535,0.02102104377292517,0.10531172645183197,16.0,24.0,WAIT_FIRST_COMMAND,scenario.pva_command,linear,28208000000,8.0,28208000000,8.0,body_twist_rotated_by_q_xyzw_to_lio_enu_then_enu_to_ned,linear,28196000000,4.0,28196000000,4.0,position:linear;velocity:linear;acceleration:linear,28196000000,4.0,0.522645459541036,0.01187690251449195,0.2896909349657795
28216000000,-1.103484858,1,5.168,MAIN,MAIN,TRACK_MAIN,False,"2.2686106891505666,-0.056288185194954543,2.9929063354491841","0.52094028964380357,0.042911445589019603,0.012245301223766436","0.015402957351341229,-0.0039567984860414684,-0.0028854808434853885","0.28530873684092484,0.0088354987913401573,-0.0086598412933939217","2.1958864074871327,-0.11863802446839647,2.9478814136127154","0.50931468066021135,0.023824151201874182,0.036488867953986641",NOT_RECORDED,NOT_RECORDED,NOT_RECORDED,"0.11165149882435799,2.3818989594777427,-3.0031785567601523","0.040762689585487046,0.52760060628255212,-0.031574969490369163","0.035597571482261024,0.11078340063492458,-0.0026254072242105999","0.11316397786140442,2.3772435585657754,-2.9839296340942383","0.026729934848845005,0.51439222693443298,-0.028941577610870201",0.10584690447654398,0.030180394048537198,0.08181540738049711,0.00954916992691845,0.020557554460295526,0.10340380569329585,16.0,16.0,WAIT_FIRST_COMMAND,scenario.pva_command,linear,28208000000,8.0,28208000000,8.0,body_twist_rotated_by_q_xyzw_to_lio_enu_then_enu_to_ned,linear,28212000000,4.0,28212000000,4.0,position:linear;velocity:linear;acceleration:linear,28212000000,4.0,0.5228480897342651,0.016162714782006704,0.28557684466336314
28220000000,-1.099484858,1,5.184,MAIN,MAIN,TRACK_MAIN,False,"2.2769478993807724,-0.055602102467372405,2.9931018850255477","0.52122306723272871,0.042849276915297885,0.012198027620368479","0.019932132471264907,-0.0038137157473394634,-0.0030235537068348251","0.28076780535170087,0.0090492397508986633,-0.0085976350925154321","2.1971485216877009,-0.1188036288374299,2.9483959330126122","0.50745615330939498,0.023460636166196869,0.037124133735879784",NOT_RECORDED,NOT_RECORDED,NOT_RECORDED,"0.11176618933677673,2.3832873503367105,-3.0032114187876382","0.04078474765022596,0.52663479248682654,-0.031529168287913002","0.035538012782732643,0.1089359646042188,-0.0022658939318110547","0.11325655877590179,2.3792908986409507,-2.9840011596679688","0.026772391051054001,0.51426440477371216,-0.028987134496370952",0.11118001511552981,0.03545276570202986,0.08233458001576098,0.01111443948395597,0.020180239117031602,0.09745880631824659,4.0,0.0,WAIT_FIRST_COMMAND,scenario.pva_command,linear,28228000000,8.0,28228000000,8.0,body_twist_rotated_by_q_xyzw_to_lio_enu_then_enu_to_ned,linear,28212000000,8.0,28212000000,8.0,position:linear;velocity:linear;acceleration:linear,28212000000,8.0,0.523123635697609,0.02051770478566432,0.28104513621705657
28248000000,-1.071484858,1,5.2,MAIN,MAIN,TRACK_MAIN,False,"2.285290210614555,-0.054916995978688543,2.9932966605950728","0.5215777122888916,0.042789424768220896,0.012148553233341963","0.024385254387645716,-0.003667242496628198,-0.0031605524276498986","0.27580073421187379,0.0092592901826065166,-0.0085255403209284486","2.2097519874447893,-0.11867263890976934,2.9501967741314621","0.50398002518312868,0.024366528684273955,0.038826572906185332",NOT_RECORDED,NOT_RECORDED,NOT_RECORDED,"0.11274027079343796,2.3950908184051514,-3.0034900307655334","0.041167860850691795,0.52309916913509369,-0.03123259823769331","0.035132226534187794,0.10672677867114544,-0.00010281888535246253","0.1139133982360363,2.3936166167259216,-2.9845139980316162","0.027178588323295116,0.51340313255786896,-0.029228148516267538",0.10783508417197499,0.030360946501227053,0.08337474927051403,0.013741629553232224,0.019213148471856328,0.09108334101651054,28.0,40.0,WAIT_FIRST_COMMAND,scenario.pva_command,exact,28248000000,0.0,28248000000,0.0,body_twist_rotated_by_q_xyzw_to_lio_enu_then_enu_to_ned,linear,28252000000,4.0,28252000000,4.0,position:linear;velocity:linear;acceleration:linear,28252000000,4.0,0.5234709468291171,0.02486118240806728,0.27608778365631853
28264000000,-1.055484858,1,5.216,MAIN,MAIN,TRACK_MAIN,False,"2.2936387627042976,-0.054232828233032937,2.9934906270894972","0.52200295306841937,0.042731942917796084,0.012096896523206557","0.028755439813497929,-0.003517438870620726,-0.003296317193620002","0.27039938261955854,0.0094655138659193172,-0.0084433573495032999","2.2178216649799412,-0.11828104841747995,2.9508200927233759","0.50449888098969897,0.025085944760547561,0.039144876196947127",NOT_RECORDED,NOT_RECORDED,NOT_RECORDED,"0.11359763890504837,2.4055138826370239,-3.0037342309951782","0.041795376688241959,0.52683925628662109,-0.031098394654691219","0.0356011763215065,0.12350913137197495,0.0010507948463782668","0.11430101096630096,2.4017937183380127,-2.984832763671875","0.027540604583919048,0.51311829686164856,-0.02936170157045126",0.1080332417324888,0.03045352631924774,0.08334816375576987,0.01326763696347632,0.01962966928813485,0.10253570348478958,16.0,0.0,WAIT_FIRST_COMMAND,scenario.pva_command,linear,28268000000,4.0,28268000000,4.0,body_twist_rotated_by_q_xyzw_to_lio_enu_then_enu_to_ned,linear,28252000000,12.0,28252000000,12.0,position:linear;velocity:linear;acceleration:linear,28252000000,12.0,0.5238887638260372,0.029156704239629183,0.2706967165613867
28280000000,-1.039484858,1,5.232,MAIN,MAIN,TRACK_MAIN,False,"2.3019946742678421,-0.053549560882007741,2.9936837497565199","0.52249740665045508,0.042676884154353889,0.012043078533091944","0.033035674765756085,-0.0033643671945436937,-0.0034306849872378642","0.26455555435840239,0.0096677734571785079,-0.0083508851574269904","2.2259002746986432,-0.11787438315734684,2.9514481859009338","0.50488346408108897,0.025962647429571058,0.039512578104626307",NOT_RECORDED,NOT_RECORDED,NOT_RECORDED,"0.11445427685976028,2.4159408211708069,-3.00397789478302","0.042420699261128902,0.53064358234405518,-0.03095151437446475","0.036300382576882839,0.14011785760521889,0.0024007061729207635","0.1146905142813921,2.4099677801132202,-2.9851620197296143","0.027894651051610708,0.51290974020957947,-0.029531492386013269",0.10822145471555145,0.030551458744355286,0.0833074510026586,0.01295283052497221,0.020590161609317918,0.11419696630143887,16.0,24.0,WAIT_FIRST_COMMAND,scenario.pva_command,linear,28288000000,8.0,28288000000,8.0,body_twist_rotated_by_q_xyzw_to_lio_enu_then_enu_to_ned,linear,28276000000,4.0,28276000000,4.0,position:linear;velocity:linear;acceleration:linear,28276000000,4.0,0.5243757165793715,0.033383294824360796,0.2648638224983047
28296000000,-1.023484858,1,5.248,MAIN,MAIN,TRACK_MAIN,False,"2.3103590408928696,-0.052867154740640632,2.9938759942015305","0.52305957683893922,0.04262430025339714,0.011987122940196215","0.037218813678538964,-0.0032080920001056334,-0.0035634895635280328","0.25826099779758849,0.0098659304896108191,-0.0082479213322024236","2.2339814275175316,-0.11745512522322975,2.9520819686789679","0.50509172763297483,0.026704728573049806,0.039880117724776752",NOT_RECORDED,NOT_RECORDED,NOT_RECORDED,"0.11519501730799675,2.4249890645345054,-3.0041876633961997","0.042887689545750618,0.53245870272318518,-0.030753372237086296","0.037194769208629928,0.14997429897387823,0.0041418835753574967","0.11507922659317653,2.41813596089681,-2.9855128924051919","0.028185760602355003,0.51276707649230957,-0.02975205300996701",0.10840611756424555,0.030651951286614906,0.08325749164064782,0.012793831750171373,0.020990118007773475,0.11977698108431661,16.0,16.0,WAIT_FIRST_COMMAND,scenario.pva_command,linear,28288000000,8.0,28288000000,8.0,body_twist_rotated_by_q_xyzw_to_lio_enu_then_enu_to_ned,linear,28292000000,4.0,28292000000,4.0,position:linear;velocity:linear;acceleration:linear,28292000000,4.0,0.5249303220537039,0.037526396093793955,0.25858095013773547
28312000000,-1.007484858,1,5.264,MAIN,MAIN,TRACK_MAIN,False,"2.3187329333076825,-0.052185569803905152,2.9940673264301747","0.523687852050152,0.042574241940147806,0.011929056107608083","0.04129757851662319,-0.0030486800434695871,-0.0036945614277831273","0.25150740589186782,0.010059845373329712,-0.0081342620696505108","2.2419473653422797,-0.11736017093982906,2.9525093892411962","0.50482414714305968,0.026648674087147755,0.039840017391703328",NOT_RECORDED,NOT_RECORDED,NOT_RECORDED,"0.11610546335577965,2.4361359278361001,-3.0044445196787515","0.043602446094155312,0.5376377900441488,-0.030566385015845299","0.038679443920652069,0.17076134930054346,0.0058509345399215817","0.11546532561381657,2.426299730936686,-2.9858835538228354","0.028500346466898918,0.51268100738525391,-0.029964296457668144",0.10895326624016075,0.030756565004055908,0.08357643795484543,0.012754952270951329,0.023302532108174175,0.13603953182863907,16.0,24.0,WAIT_FIRST_COMMAND,scenario.pva_command,linear,28308000000,4.0,28308000000,4.0,body_twist_rotated_by_q_xyzw_to_lio_enu_then_enu_to_ned,linear,28316000000,4.0,28316000000,4.0,position:linear;velocity:linear;acceleration:linear,28316000000,4.0,0.525550982152349,0.04157444197446034,0.2518399132917771
28316000000,-1.003484858,1,5.28,MAIN,MAIN,TRACK_MAIN,False,"2.3271173955180018,-0.051504765263813035,2.9942577128917396","0.52438050318616902,0.042526758853814295,0.011868907136474593","0.045264557888646806,-0.0028862003232216216,-0.0038237278132940977","0.24428641618149527,0.01024937739533216,-0.0080097021739068408","2.2438527642736092,-0.11758533592054327,2.9524583991659532","0.50449904046506311,0.026176346535982671,0.039536733713392953",NOT_RECORDED,NOT_RECORDED,NOT_RECORDED,"0.11633307486772537,2.438922643661499,-3.0045087337493896","0.043781135231256485,0.53893256187438965,-0.030519638210535049","0.039050612598657608,0.17595811188220978,0.006278197281062603","0.11556185036897659,2.4283406734466553,-2.9859762191772461","0.028578992933034897,0.51265949010848999,-0.03001735731959343",0.11422269153951198,0.03618943633589824,0.08393639547035875,0.012766525565673755,0.023689357141100868,0.13727900696712977,4.0,0.0,WAIT_FIRST_COMMAND,scenario.pva_command,linear,28308000000,8.0,28308000000,8.0,body_twist_rotated_by_q_xyzw_to_lio_enu_then_enu_to_ned,exact,28316000000,0.0,28316000000,0.0,position:exact;velocity:exact;acceleration:exact,28316000000,0.0,0.5262359815681598,0.04551737302998253,0.24463249619930985
28320000000,-0.999484858,1,5.296,MAIN,MAIN,TRACK_MAIN,False,"2.3355134429095443,-0.050824699527075523,2.9944471205233874","0.52513568149408485,0.042481899511567778,0.011806707918537884","0.049112206160653926,-0.0027207240983411207,-0.0039508126590849235","0.23658961079227581,0.01043438471950342,-0.0078740350574258988","2.2457581632049393,-0.11781050090125746,2.9524074090907098","0.50417393378706665,0.025704018984817591,0.039233450035082586",NOT_RECORDED,NOT_RECORDED,NOT_RECORDED,"0.11650347150862217,2.4410160779953003,-3.0045565366744995","0.043880770914256573,0.53917008638381958,-0.030454934109002352","0.039185916073620319,0.17758290097117424,0.0067628424149006605","0.11565748043358326,2.4303804636001587,-2.9860742092132568","0.028657282702624798,0.512655109167099,-0.030068710446357727",0.11962627285816459,0.041896280061607415,0.0842966648706005,0.01283138940812428,0.02338113987514286,0.13516210055687836,4.0,0.0,WAIT_FIRST_COMMAND,scenario.pva_command,linear,28328000000,8.0,28328000000,8.0,body_twist_rotated_by_q_xyzw_to_lio_enu_then_enu_to_ned,linear,28316000000,4.0,28316000000,4.0,position:linear;velocity:linear;acceleration:linear,28316000000,4.0,0.5269834856200349,0.049345922367031024,0.23695046053426597
28360000000,-0.959484858,1,5.312,MAIN,MAIN,TRACK_MAIN,False,"2.3439220603164479,-0.050145330233347996,2.9946355167952223","0.52595141641088716,0.042439711272234226,0.01174249318901599","0.052832842569351612,-0.0025523249061687459,-0.004075636587646092","0.22840851643556093,0.010614724386612151,-0.0077270527409759593","2.2657010044391726,-0.11744126314844917,2.9535487669679239","0.50499630047032029,0.026752441774653943,0.03903839543159409",NOT_RECORDED,NOT_RECORDED,NOT_RECORDED,"0.11786548234522343,2.4577798843383789,-3.0049377679824829","0.044385158456861973,0.53507640957832336,-0.02969600772485137","0.038679437711834908,0.17063982412219048,0.011227507144212723","0.11661907285451889,2.450775146484375,-2.9870951175689697","0.02949630469083786,0.5129004567861557,-0.030378506984561682",0.11106483323194898,0.03111023791897319,0.08497555010563622,0.012041517291563197,0.020233115164066697,0.12501876820556265,40.0,40.0,WAIT_FIRST_COMMAND,scenario.pva_command,linear,28368000000,8.0,28368000000,8.0,body_twist_rotated_by_q_xyzw_to_lio_enu_then_enu_to_ned,linear,28356000000,4.0,28356000000,4.0,position:linear;velocity:linear;acceleration:linear,28356000000,4.0,0.527791538075198,0.05305124343480651,0.22878555482844512
28376000000,-0.943484858,1,5.328,MAIN,MAIN,TRACK_MAIN,False,"2.3523442000548265,-0.049466614274055243,2.9948228697562191","0.52682561339453216,0.042400240299694025,0.011676300579848475","0.056418650335526621,-0.0023810785803799472,-0.0041980168826655229","0.21973460440824155,0.010790252314314297,-0.007568545853644415","2.2737892805063864,-0.11700654059139216,2.9541732902387121","0.50619527006518406,0.027930544232281952,0.039108809744938335",NOT_RECORDED,NOT_RECORDED,NOT_RECORDED,"0.11848876004417737,2.4654784202575684,-3.0051111777623496","0.044698411598801613,0.53508973121643066,-0.029377905341486137","0.038599877307812371,0.17234495033820471,0.012702933046966791","0.11700639749566714,2.4589330355326333,-2.9875292778015137","0.029872218767801922,0.51320090889930725,-0.030398904035488766",0.11128748962557886,0.031243015022049053,0.08493041884961455,0.011345110530248875,0.01967038499449097,0.12325047414425097,16.0,16.0,WAIT_FIRST_COMMAND,scenario.pva_command,linear,28368000000,8.0,28368000000,8.0,body_twist_rotated_by_q_xyzw_to_lio_enu_then_enu_to_ned,linear,28372000000,4.0,28372000000,4.0,position:linear;velocity:linear;acceleration:linear,28372000000,4.0,0.5286580589579882,0.056624702971719926,0.22012952733741037
28392000000,-0.927484858,1,5.344,MAIN,MAIN,TRACK_MAIN,False,"2.3607807799218143,-0.048788507811804882,2.9950091480809906","0.52775605174038986,0.042363531526000142,0.011608170673293894","0.059861675777415968,-0.0022070632689504821,-0.0043177674667647103","0.21055929059269118,0.010960823297149425,-0.0073983036328331142","2.2818958418269712,-0.11655772657080256,2.9547991908192452","0.50775530099132016,0.029005345857218749,0.039158850127846714",NOT_RECORDED,NOT_RECORDED,NOT_RECORDED,"0.11894167090455691,2.4710841178894043,-3.0052369038263955","0.044770615175366402,0.53181743621826172,-0.029008779985209305","0.038126045217116676,0.16320546219746271,0.014445145148783922","0.11739242201050122,2.4670828183492026,-2.9879813194274902","0.030215707918008167,0.51355746388435364,-0.03044133757551511",0.11150040866482731,0.031390960501337634,0.08486269532012568,0.010541588858210707,0.018029700496626732,0.11139686535309404,16.0,24.0,WAIT_FIRST_COMMAND,scenario.pva_command,linear,28388000000,4.0,28388000000,4.0,body_twist_rotated_by_q_xyzw_to_lio_enu_then_enu_to_ned,linear,28396000000,4.0,28396000000,4.0,position:linear;velocity:linear;acceleration:linear,28396000000,4.0,0.529580842344528,0.06005775945746454,0.21097414391079372
28412000000,-0.907484858,1,5.36,MAIN,MAIN,TRACK_MAIN,False,"2.3692326811593141,-0.048110966300394242,2.9951943211174292","0.52874038238381971,0.042329628614201087,0.011538147055888515","0.063153827423992226,-0.0020303594521298152,-0.0044346988792292041","0.20087393545692578,0.011126291006545386,-0.0072161139242622463","2.2920711106670915,-0.11641998761918007,2.9561815284924569","0.50922931014929362,0.029118255911911948,0.04002673078083685",NOT_RECORDED,NOT_RECORDED,NOT_RECORDED,"0.11973361670970917,2.480907678604126,-3.005455493927002","0.045178830623626709,0.53227728605270386,-0.028571117669343948","0.038311395794153214,0.1653904914855957,0.016484783962368965","0.11788122355937958,2.4772732257843018,-2.988560676574707","0.030664946883916855,0.51421201229095459,-0.030469603836536407",0.11019087232051335,0.029783979464880785,0.08490926840397985,0.010888445666157672,0.01762809483671782,0.1105667094803272,20.0,16.0,WAIT_FIRST_COMMAND,scenario.pva_command,linear,28408000000,4.0,28408000000,4.0,body_twist_rotated_by_q_xyzw_to_lio_enu_then_enu_to_ned,exact,28412000000,0.0,28412000000,0.0,position:exact;velocity:exact;acceleration:exact,28412000000,0.0,0.530557554144211,0.06334188844638027,0.20131121329345628
28416000000,-0.903484858,1,5.376,MAIN,MAIN,TRACK_MAIN,False,"2.3777007463825761,-0.047433944505413161,2.9953783589352088","0.52977612568841081,0.042298573920885318,0.011466276372752326","0.066286875128461986,-0.001851049960408746,-0.0045486182537419761","0.1906698440544119,0.011286507990813099,-0.0070217631819674553","2.2941181067004455,-0.11674704990755079,2.956936189709058","0.50956735404034026,0.028368504785891001,0.040918319373541991",NOT_RECORDED,NOT_RECORDED,NOT_RECORDED,"0.11995955804983775,2.483722448348999,-3.0055174032847085","0.045359880973895393,0.53376192847887671,-0.028487772370378178","0.038633812218904495,0.170442263285319,0.016919112453858059","0.11797861879070599,2.4793109893798828,-2.9886829058329263","0.030764019737641018,0.5143493811289469,-0.030482551082968712",0.11518751933926145,0.035362779905315535,0.08504839614908556,0.01172653123369227,0.017747944972714105,0.11242952492356555,4.0,0.0,WAIT_FIRST_COMMAND,scenario.pva_command,linear,28408000000,8.0,28408000000,8.0,body_twist_rotated_by_q_xyzw_to_lio_enu_then_enu_to_ned,linear,28412000000,4.0,28412000000,4.0,position:linear;velocity:linear;acceleration:linear,28412000000,4.0,0.5315857298677419,0.06646853487380713,0.19113262372641693
28440000000,-0.879484858,1,5.392,MAIN,MAIN,TRACK_MAIN,False,"2.3861857774732158,-0.046757396525448858,2.995561232375155","0.53086066922009323,0.042270408458432218,0.011392608382260083","0.069252449181561815,-0.0016692199924902562,-0.004659329296118897","0.1799382660241875,0.011441325675150549,-0.0068150364683007281","2.3063980438663076,-0.11741061678464108,2.9597229382675367","0.51208749977477297,0.026572165012706893,0.043572566681406459",NOT_RECORDED,NOT_RECORDED,NOT_RECORDED,"0.12125851958990097,2.4999132752418518,-3.0058729648590088","0.046360759995877743,0.54155939817428589,-0.027974399738013744","0.040431980043649673,0.19691415503621101,0.019480119924992323","0.11856592260301113,2.4915398955345154,-2.9894187450408936","0.031338931992650032,0.51520462334156036,-0.030536905862390995",0.11243817541949451,0.031902424416387076,0.08543742408239684,0.014225574848142781,0.0201531531404123,0.13523933607152522,24.0,24.0,WAIT_FIRST_COMMAND,scenario.pva_command,linear,28448000000,8.0,28448000000,8.0,body_twist_rotated_by_q_xyzw_to_lio_enu_then_enu_to_ned,linear,28436000000,4.0,28436000000,4.0,position:linear;velocity:linear;acceleration:linear,28436000000,4.0,0.5326627723821137,0.06942908153301326,0.18043039720363196
28456000000,-0.863484858,1,5.408,MAIN,MAIN,TRACK_MAIN,False,"2.3946885334366961,-0.046081275813898925,2.9957429130995048","0.53199126550703824,0.042245171856974295,0.011317196011065844","0.072042039424928817,-0.001484957133259357,-0.0047666322620377732","0.16867039559082286,0.011590594361641227,-0.0065957174539316155","2.3145982475975093,-0.11697836488516442,2.9604195164187708","0.51364641630459806,0.027566189417020919,0.043490202950717385",NOT_RECORDED,NOT_RECORDED,NOT_RECORDED,"0.1218790424366792,2.5076783895492554,-3.0060414870580039","0.046663009872039161,0.54192308584849036,-0.027573597307006519","0.040777400135993958,0.19803799192110697,0.021159599845608074","0.11896628886461258,2.4997009038925171,-2.9899218877156577","0.031675356129805245,0.51590103904406226,-0.030513859043518703",0.11264365706796847,0.032095064956839794,0.08534375411649521,0.013796886459221738,0.01955579021969954,0.1339022638851531,16.0,16.0,WAIT_FIRST_COMMAND,scenario.pva_command,linear,28448000000,8.0,28448000000,8.0,body_twist_rotated_by_q_xyzw_to_lio_enu_then_enu_to_ned,linear,28452000000,4.0,28452000000,4.0,position:linear;velocity:linear;acceleration:linear,28452000000,4.0,0.5337859496526283,0.07221482760009965,0.16919677217711007
28472000000,-0.847484858,1,5.424,MAIN,MAIN,TRACK_MAIN,False,"2.4032097282235405,-0.045405535201389902,2.9959233736430311","0.53316502978537272,0.042222902326077172,0.011240095409483231","0.074646994364485408,-0.001298351371752049,-0.0048703239347759331","0.15685737156446677,0.011734163229254357,-0.0063635884178459001","2.3228212164198729,-0.11653147963656627,2.9611152436340915","0.51488416168528983,0.028890854866605822,0.04340312213572943",NOT_RECORDED,NOT_RECORDED,NOT_RECORDED,"0.12233007575074832,2.513335108757019,-3.0061633984247842","0.04672448212901751,0.53888674577077234,-0.027130141233404476","0.039926052093505859,0.18797694643338522,0.023205139363805454","0.11936382204294205,2.5078638792037964,-2.990438143412272","0.032066476841767631,0.51666592558225,-0.030546249200900395",0.11283979225664781,0.03230374732019351,0.08522772544386203,0.0133625760681083,0.017478438455026092,0.12198071541773346,16.0,24.0,WAIT_FIRST_COMMAND,scenario.pva_command,linear,28468000000,4.0,28468000000,4.0,body_twist_rotated_by_q_xyzw_to_lio_enu_then_enu_to_ned,linear,28476000000,4.0,28476000000,4.0,position:linear;velocity:linear;acceleration:linear,28476000000,4.0,0.5349523924721611,0.07481697360335887,0.15742433375547668
28488000000,-0.831484858,1,5.44,MAIN,MAIN,TRACK_MAIN,False,"2.4117500285146036,-0.044730126918819391,2.996102587465078","0.53437893773069334,0.04220363661613058,0.011161366007219509","0.07705852028379212,-0.0011094951191262803,-0.0049701976029395967","0.14449027734070796,0.011871880333843454,-0.0061184302473449304","2.3310676655853171,-0.11606697008694607,2.9618097432226675","0.51650570027427911,0.030037024658576203,0.043466907378908265",NOT_RECORDED,NOT_RECORDED,NOT_RECORDED,"0.12345673143863678,2.5275173187255859,-3.0064654946327209","0.047773039899766445,0.54981042444705963,-0.026782404631376266","0.042122548446059227,0.22196324169635773,0.02447556983679533","0.11976455710828304,2.516036331653595,-2.9909613132476807","0.032480992376804352,0.51752953231334686,-0.030448589473962784",0.11302472316834594,0.032524719587201496,0.08509437484872075,0.013285247883505488,0.02265316496453775,0.15246916876685795,16.0,16.0,WAIT_FIRST_COMMAND,scenario.pva_command,exact,28488000000,0.0,28488000000,0.0,body_twist_rotated_by_q_xyzw_to_lio_enu_then_enu_to_ned,linear,28492000000,4.0,28492000000,4.0,position:linear;velocity:linear;acceleration:linear,28492000000,4.0,0.5361590921778328,0.07722661064658498,0.14510622652852437
28504000000,-0.815484858,1,5.456,MAIN,MAIN,TRACK_MAIN,False,"2.4203100514698832,-0.044055002621009476,2.9962805290024699","0.53562982317550833,0.042187409979447255,0.011081070569469609","0.079267680357446579,-0.00091848322663079518,-0.0050660430381983534","0.13156014090077406,0.012003592608149538,-0.0058600224380479515","2.3393456102083641,-0.11558112732346669,2.962503697325201","0.51841913060358047,0.030975871091987971,0.043175518126682286",NOT_RECORDED,NOT_RECORDED,NOT_RECORDED,"0.12413240224123001,2.5360434055328369,-3.006645679473877","0.0481586754322052,0.55150890350341797,-0.026352230459451675","0.042345147579908371,0.22639115154743195,0.025812452659010887","0.12016879767179489,2.5242187976837158,-2.9914941787719727","0.032887082546949387,0.5184485912322998,-0.030300048179924488",0.11319055447295943,0.032757011677170204,0.08493693923225999,0.01301657879414109,0.022825633124908155,0.15474970448343198,16.0,0.0,TRACK_TRAJECTORY,scenario.pva_command,linear,28508000000,4.0,28508000000,4.0,body_twist_rotated_by_q_xyzw_to_lio_enu_then_enu_to_ned,linear,28492000000,12.0,28492000000,12.0,position:linear;velocity:linear;acceleration:linear,28492000000,12.0,0.5374028983553828,0.07943471251759399,0.1322365183007643
28512000000,-0.807484858,1,5.472,MAIN,MAIN,TRACK_MAIN,False,"2.4288903624406224,-0.043380113410992571,2.9964571737233365","0.53691437581232648,0.042174256131081833,0.010999275253366303","0.081265393764347493,-0.00072541300357598093,-0.005157646473018529","0.11805793481138593,0.012129145861798252,-0.0055881430938896637","2.3435096889938558,-0.1156224237437912,2.9635646340560027","0.51923719891804265,0.030799061060505208,0.044243239557371909",NOT_RECORDED,NOT_RECORDED,NOT_RECORDED,"0.12435753891865413,2.5388901233673096,-3.0067054430643716","0.048186168074607849,0.55004505316416419,-0.02611808603008588","0.041958139588435493,0.22123163441816965,0.026535031075278919","0.1203713243206342,2.5283111731211343,-2.9917618433634439","0.033087423692146935,0.51891187826792395,-0.030224522265295189",0.11657928617988235,0.03679024157138591,0.08489796968764995,0.014207986189972835,0.02090780266400624,0.1478831523773808,8.0,24.0,TRACK_TRAJECTORY,scenario.pva_command,linear,28508000000,4.0,28508000000,4.0,body_twist_rotated_by_q_xyzw_to_lio_enu_then_enu_to_ned,linear,28516000000,4.0,28516000000,4.0,position:linear;velocity:linear;acceleration:linear,28516000000,4.0,0.5386805165311342,0.08143212980661163,0.11881085596234048
28516000000,-0.803484858,1,5.488,MAIN,MAIN,TRACK_MAIN,False,"2.4374914726446448,-0.04270540986491933,2.9966324981818344","0.53822913888259194,0.042164207209351212,0.010916049664786209","0.083042434801242848,-0.00053038423530282763,-0.005244790578396108","0.10397457622482165,0.012248384781300858,-0.0053025689271226639","2.345604281623586,-0.11578518085498556,2.9644520822611709","0.51957690965017944,0.030387539420669501,0.045383808301118031",NOT_RECORDED,NOT_RECORDED,NOT_RECORDED,"0.12447010725736618,2.5403134822845459,-3.0067353248596191","0.048199914395809174,0.54931312799453735,-0.026001013815402985","0.041764635592699051,0.21865187585353851,0.026896320283412933","0.12047258764505386,2.5303573608398438,-2.9918956756591797","0.033187594264745712,0.51914352178573608,-0.030186759307980537",0.12173531932240524,0.04288729439830069,0.084905218888401,0.015458927203098627,0.019668266809756727,0.14369265097190723,4.0,0.0,TRACK_TRAJECTORY,scenario.pva_command,linear,28508000000,8.0,28508000000,8.0,body_twist_rotated_by_q_xyzw_to_lio_enu_then_enu_to_ned,exact,28516000000,0.0,28516000000,0.0,position:exact;velocity:exact;acceleration:exact,28516000000,0.0,0.5399885058519057,0.0832095854656599,0.10482772852689758
28552000000,-0.767484858,1,5.5040000000000004,MAIN,MAIN,TRACK_MAIN,False,"2.4461138368045248,-0.042030842057606876,2.9968064800737855","0.53957050685153263,0.042157293736083346,0.010831466915508514","0.084589431996000997,-0.00033349920115166576,-0.0053272544415896572","0.089300926878856046,0.012361152930054464,-0.005003075258314893","2.3644101837429754,-0.11555001975407794,2.9682811123848287","0.52320064700564095,0.031297401302060643,0.048405424703045992",NOT_RECORDED,NOT_RECORDED,NOT_RECORDED,"0.12582011520862579,2.5574538707733154,-3.0070898532867432","0.048816848546266556,0.54984831809997559,-0.024968696758151054","0.041421660222113132,0.21570370346307755,0.029581440612673759","0.12139172106981277,2.5488312244415283,-2.9931204319000244","0.034108160994946957,0.52160924673080444,-0.029705109540373087",0.1135528644048995,0.03354047641639994,0.08471161237792008,0.018977215603696928,0.0187041263349069,0.1397236954407738,36.0,40.0,TRACK_TRAJECTORY,scenario.pva_command,linear,28548000000,4.0,28548000000,4.0,body_twist_rotated_by_q_xyzw_to_lio_enu_then_enu_to_ned,linear,28556000000,4.0,28556000000,4.0,position:linear;velocity:linear;acceleration:linear,28556000000,4.0,0.5413232767530988,0.08475767143455913,0.09029110922578895
28568000000,-0.751484858,1,5.5200000000000005,MAIN,MAIN,TRACK_MAIN,False,"2.4547578507485035,-0.041356359588722302,2.9969790982932309","0.54093472306887236,0.042153544576562285,0.010745603680734739","0.085896867220895956,-0.00013486269243712101,-0.0054048135438525824","0.07402779309684604,0.012467292748342018,-0.0046894360163511895","2.3727939507377394,-0.1150425410184855,2.9690533065027598","0.52554277805769001,0.03274466101066105,0.047961956041592299",NOT_RECORDED,NOT_RECORDED,NOT_RECORDED,"0.12683206796646118,2.5703715682029724,-3.007351815700531","0.049694894813001156,0.55885861814022064,-0.024555010255426168","0.042893107049167156,0.24064025282859802,0.030457905493676662","0.1218098271638155,2.5570701360702515,-2.9936702251434326","0.034572291187942028,0.52288112044334412,-0.029442666564136744",0.11369953423738934,0.03381949105170095,0.08451393750203097,0.018798636548183745,0.023850318401700023,0.16255638709587739,16.0,16.0,TRACK_TRAJECTORY,scenario.pva_command,exact,28568000000,0.0,28568000000,0.0,body_twist_rotated_by_q_xyzw_to_lio_enu_then_enu_to_ned,linear,28572000000,4.0,28572000000,4.0,position:linear;velocity:linear;acceleration:linear,28572000000,4.0,0.5426810886150625,0.08606684608926862,0.07521660953149749
28584000000,-0.735484858,1,5.5360000000000005,MAIN,MAIN,TRACK_MAIN,False,"2.4634238489737967,-0.040681911609609989,2.9971503329899076","0.54231787741492354,0.042152986899195555,0.010658540256965332","0.086955074806141397,6.5417969590253477e-05,-0.0054772397381686044","0.058145925787648878,0.012566645553331535,-0.0043614237384330679","2.3812234515764046,-0.11451398135710344,2.9698183412544972","0.52808163705819777,0.033927629156050118,0.047465064016377838",NOT_RECORDED,NOT_RECORDED,NOT_RECORDED,"0.12750662863254547,2.578999400138855,-3.0075254440307617","0.050071639940142632,0.56075131893157959,-0.024085139855742455","0.042906584218144417,0.24281302094459534,0.03130712267011404","0.12222914770245552,2.5653336048126221,-2.9942288398742676","0.035038216039538383,0.52428033947944641,-0.029125635512173176",0.11382055011162298,0.034100788734068986,0.084291270550517,0.01876214018625891,0.024140638121573365,0.16368948577202957,16.0,0.0,TRACK_TRAJECTORY,scenario.pva_command,linear,28588000000,4.0,28588000000,4.0,body_twist_rotated_by_q_xyzw_to_lio_enu_then_enu_to_ned,linear,28572000000,12.0,28572000000,12.0,position:linear;velocity:linear;acceleration:linear,28572000000,12.0,0.5440580474074077,0.0871274323574485,0.05964806185612409
28600000000,-0.719484858,1,5.5520000000000005,MAIN,MAIN,TRACK_MAIN,False,"2.4721121021721437,-0.040007446850762962,2.9973201656276536","0.5437159039332542,0.042155646134893865,0.010570360620222985","0.087754240653119098,0.00026723291576669084,-0.0055443012269813519","0.04164602044573229,0.012659051539076982,-0.0040188095700783855","2.3896903425634979,-0.11397098396062609,2.9705747343679194","0.53046746784275534,0.03472942784840307,0.046870990698381985",NOT_RECORDED,NOT_RECORDED,NOT_RECORDED,"0.12801248207688332,2.5854878425598145,-3.0076545476913452","0.050196480937302113,0.55909477174282074,-0.023587354458868504","0.042255135253071785,0.23358210921287537,0.032213291153311729","0.1226496547460556,2.5736129681269326,-2.9947918256123862","0.035494043802221618,0.52573981881141663,-0.028793658750752609",0.11392659642092652,0.034394129421263096,0.08404787734349504,0.018700942042184223,0.021693472013927996,0.15407785764041287,16.0,24.0,TRACK_TRAJECTORY,scenario.pva_command,linear,28608000000,8.0,28608000000,8.0,body_twist_rotated_by_q_xyzw_to_lio_enu_then_enu_to_ned,linear,28596000000,4.0,28596000000,4.0,position:linear;velocity:linear;acceleration:linear,28596000000,4.0,0.5454501033226116,0.087929616410697,0.04371262329345967
28612000000,-0.707484858,1,5.5680000000000005,MAIN,MAIN,TRACK_MAIN,False,"2.48082281471752,-0.039332913649953505,2.9974885790437527","0.54512457844838025,0.042161545936154954,0.010481152484648981","0.088284401347820562,0.0004704697110492484,-0.0056057625399296152","0.024518717151018166,0.012744349776518171,-0.0036613632651222305","2.3955835025795356,-0.11386801630041732,2.9728069192303761","0.53097844448210396,0.034421942944184478,0.048967066161602062",NOT_RECORDED,NOT_RECORDED,NOT_RECORDED,"0.12851831316947937,2.5919873714447021,-3.0077829360961914","0.050474014133214951,0.56054115295410156,-0.023227013647556305","0.042656756937503815,0.23471131920814514,0.032896623015403748","0.12296785414218903,2.5798436800638833,-2.9952176411946616","0.035802585383256279,0.52688521146774292,-0.028540949026743572",0.11588962935489595,0.03664437809744134,0.084124682675623,0.020877906773941225,0.021661599059203812,0.15480735179415403,12.0,16.0,TRACK_TRAJECTORY,scenario.pva_command,linear,28608000000,4.0,28608000000,4.0,body_twist_rotated_by_q_xyzw_to_lio_enu_then_enu_to_ned,linear,28620000000,8.0,28620000000,8.0,position:exact;velocity:exact;acceleration:exact,28612000000,0.0,0.5468530483975172,0.08846344689613984,0.027874567672289692
28624000000,-0.695484858,1,5.5840000000000005,MAIN,MAIN,TRACK_MAIN,False,"2.4895561221152676,-0.038658259981016463,2.9976555575092094","0.54653951616982255,0.042170708135870871,0.010391007361438387","0.088535443274267323,0.0006750133365451827,-0.0056613845115816019","0.0067546005689962385,0.012822378213479979,-0.0032888531857147019","2.4005439510727951,-0.11438082828205473,2.9783732049667697","0.5290091423312886,0.032487374919517323,0.056194993174646761",NOT_RECORDED,NOT_RECORDED,NOT_RECORDED,"0.12885554879903793,2.5963314771652222,-3.0078679323196411","0.050504105165600777,0.5583818256855011,-0.022837813012301922","0.042271994054317474,0.22471889853477478,0.033271219581365585","0.12328676134347916,2.5860825777053833,-2.9956448078155518","0.03609850537031889,0.52805334329605103,-0.02825172571465373",0.1184435859950665,0.0389398125632954,0.08493346977432371,0.028191842991709015,0.019094731515017706,0.14504670035580275,12.0,0.0,TRACK_TRAJECTORY,scenario.pva_command,linear,28628000000,4.0,28628000000,4.0,body_twist_rotated_by_q_xyzw_to_lio_enu_then_enu_to_ned,linear,28620000000,4.0,28620000000,4.0,position:linear;velocity:linear;acceleration:linear,28612000000,12.0,0.5482625141242194,0.08871883471599193,0.014861176507039948
28648000000,-0.671484858,1,5.6000000000000005,MAIN,MAIN,TRACK_MAIN,False,"2.4983120884131047,-0.037983433483292472,2.9978210867899815","0.5479561692816759,0.042183152705841498,0.010300020618141725","0.088497101727710969,0.00088074617154321189,-0.0057109242591659726","-0.011655800049283016,0.012892973674673125,-0.0029010463023243505","2.4127874462318619,-0.11390435412963459,2.9813961952486565","0.53164426745224092,0.033195271569579583,0.057998233819324771",NOT_RECORDED,NOT_RECORDED,NOT_RECORDED,"0.12986737489700317,2.6093976497650146,-3.0081206560134888","0.051069105044007301,0.5612928569316864,-0.022096079774200916","0.043005641549825668,0.22599869221448898,0.034212768077850342","0.12393008917570114,2.5986208915710449,-2.9965052604675293","0.036659454926848412,0.53056243062019348,-0.027631026692688465",0.11553453022435362,0.03527841237617688,0.0850774226830254,0.030583299461241647,0.019899105458370356,0.1466067846250286,24.0,24.0,TRACK_TRAJECTORY,scenario.pva_command,exact,28648000000,0.0,28648000000,0.0,body_twist_rotated_by_q_xyzw_to_lio_enu_then_enu_to_ned,linear,28636000000,12.0,28636000000,12.0,position:linear;velocity:linear;acceleration:linear,28636000000,12.0,0.5496739690496423,0.08868555341157566,0.017621081539250363
28664000000,-0.655484858,1,5.6160000000000005,MAIN,MAIN,TRACK_MAIN,False,"2.5070907035734393,-0.037308381491741205,2.9979851542091551","0.54936982451811645,0.042198897714997297,0.010208291538324143","0.088158960028145827,0.001087547975539338,-0.0057541351603029867","-0.03072201086725812,0.012955971861694948,-0.002497708193735404","2.4213152178981407,-0.11336496597466428,2.9823210990804201","0.53462328237899193,0.034404672372490022,0.057566237387587406",NOT_RECORDED,NOT_RECORDED,NOT_RECORDED,"0.1307106725871563,2.6203086972236633,-3.0083297491073608","0.051695101894438267,0.56684370338916779,-0.021616969257593155","0.044061250984668732,0.23724408820271492,0.034980250522494316","0.12436315044760704,2.607008695602417,-2.9970810413360596","0.037067325785756111,0.53230997920036316,-0.027281547430902719",0.11570393514966298,0.035579939982839016,0.08488471336209688,0.03048940046258617,0.022927543782968813,0.15788375601153104,16.0,24.0,TRACK_TRAJECTORY,scenario.pva_command,linear,28668000000,4.0,28668000000,4.0,body_twist_rotated_by_q_xyzw_to_lio_enu_then_enu_to_ned,linear,28660000000,4.0,28660000000,4.0,position:linear;velocity:linear;acceleration:linear,28660000000,4.0,0.5510827163643932,0.0883532402647823,0.03343557543739916
28680000000,-0.639484858,1,5.632000000000001,MAIN,MAIN,TRACK_MAIN,False,"2.5158918808064996,-0.036633051067722078,2.9981477487100801","0.55077560072483323,0.042217959287347506,0.010115923381570302","0.087510448633651094,0.0012952958702734385,-0.0057907668307426441","-0.050453613462835278,0.013011207353025966,-0.0020786030470475447","2.4298840392299152,-0.11280399604275439,2.9832383879500339","0.5372223553187927,0.035645594403121802,0.056915408355136775",NOT_RECORDED,NOT_RECORDED,NOT_RECORDED,"0.13138555735349655,2.6290702819824219,-3.0084948539733887","0.052061786875128746,0.56876204907894135,-0.021109398920089006","0.043912964873015881,0.23696194589138031,0.035725027322769165","0.12480242550373077,2.6154353022575378,-2.9976625442504883","0.037528913468122482,0.53413671255111694,-0.026901556178927422",0.11585184810491991,0.03587094968898418,0.08468080633947479,0.030230769167284708,0.023265205143926215,0.15826583868608177,16.0,16.0,TRACK_TRAJECTORY,scenario.pva_command,linear,28688000000,8.0,28688000000,8.0,body_twist_rotated_by_q_xyzw_to_lio_enu_then_enu_to_ned,linear,28676000000,4.0,28676000000,4.0,position:linear;velocity:linear;acceleration:linear,28676000000,4.0,0.5524838914810556,0.08771139830114706,0.05214574976800914
28696000000,-0.623484858,1,5.648000000000001,MAIN,MAIN,TRACK_MAIN,False,"2.5247154538645589,-0.035957389030452425,2.9983088609204724","0.55216844640598595,0.042240351559624245,0.010023023443858525","0.086540844253732985,0.0015038643217536452,-0.0058205651020948324","-0.07086024482831732,0.013058513604035094,-0.0016434936576795733","2.4384934542903554,-0.11222467173151625,2.984145167189364","0.53999018468832172,0.036715869307808499,0.056198409317988869",NOT_RECORDED,NOT_RECORDED,NOT_RECORDED,"0.13200440257787704,2.6371210813522339,-3.0086449782053628","0.05234437001248201,0.56944112976392114,-0.020589298258225124","0.043843121578296028,0.2323621561129888,0.036336327592531838","0.12524287154277167,2.6238964001337686,-2.9982485771179199","0.037958560511469841,0.53604534268379211,-0.026475745563705761",0.11598078220673709,0.03615694890535729,0.08446180179176244,0.030009045311681165,0.02262924971650407,0.15487956436458225,16.0,16.0,TRACK_TRAJECTORY,scenario.pva_command,linear,28688000000,8.0,28688000000,8.0,body_twist_rotated_by_q_xyzw_to_lio_enu_then_enu_to_ned,linear,28692000000,4.0,28692000000,4.0,position:linear;velocity:linear;acceleration:linear,28692000000,4.0,0.5538724596017002,0.08674939948008192,0.07207218704936512
28712000000,-0.607484858,1,5.664000000000001,MAIN,MAIN,TRACK_MAIN,False,"2.5335611742968922,-0.035281341989143233,2.9984684832174757","0.55354313725707982,0.042266086638650169,0.0099297031182837836","0.085239268962716608,0.0017131251222920474,-0.0058432719995615834","-0.091951597370560023,0.013097722946975643,-0.0011921414293646349","2.4468240534513774,-0.11205682098498529,2.9853326707345613","0.5423786959765059,0.036644673006558715,0.056002748280302682",NOT_RECORDED,NOT_RECORDED,NOT_RECORDED,"0.13245462626218796,2.6429885625839233,-3.0087533791859946","0.052353650952378906,0.56643487016359961,-0.020042934765418369","0.043082347760597862,0.21638324360052744,0.037063305576642357","0.12569538007179895,2.6323928435643515,-2.9988417625427246","0.038371628150343895,0.53803363442420959,-0.026055291915933292",0.11657766457257886,0.03643296661793112,0.08475676053167518,0.030310263553088718,0.019241444474499915,0.14101363466719993,16.0,24.0,TRACK_TRAJECTORY,scenario.pva_command,linear,28708000000,4.0,28708000000,4.0,body_twist_rotated_by_q_xyzw_to_lio_enu_then_enu_to_ned,linear,28716000000,4.0,28716000000,4.0,position:linear;velocity:linear;acceleration:linear,28716000000,4.0,0.5552432132752039,0.0854564895057352,0.09288739315203609
28716000000,-0.603484858,1,5.680000000000001,MAIN,MAIN,TRACK_MAIN,False,"2.5424287086648008,-0.034604856375822224,2.9986266097937118","0.55489427368399902,0.042295174558417137,0.0098360779561341705","0.0835946893130739,0.0019229473725289603,-0.0058586257196713287","-0.11373741891084421,0.013128666590986104,-0.00072430637415332733","2.4486774084369438,-0.11233183381214421,2.9858460683324366","0.54246978241850952,0.035906636178183071,0.056339755873822055",NOT_RECORDED,NOT_RECORDED,NOT_RECORDED,"0.13256718218326569,2.6444554328918457,-3.0087804794311523","0.052355971187353134,0.56568330526351929,-0.019906343892216682","0.042892154306173325,0.21238851547241211,0.037245050072669983","0.12580850720405579,2.6345169544219971,-2.9989900588989258","0.038474895060062408,0.53853070735931396,-0.025950178503990173",0.12245052697250285,0.04287172722645788,0.08521191926433544,0.030751238653480718,0.017861497340819984,0.1387495340792181,4.0,0.0,TRACK_TRAJECTORY,scenario.pva_command,linear,28708000000,8.0,28708000000,8.0,body_twist_rotated_by_q_xyzw_to_lio_enu_then_enu_to_ned,exact,28716000000,0.0,28716000000,0.0,position:exact;velocity:exact;acceleration:exact,28716000000,0.0,0.5565907699448303,0.08382179491796905,0.11449492113924432
28744000000,-0.575484858,1,5.696000000000001,MAIN,MAIN,TRACK_MAIN,False,"2.5513176357172043,-0.033927878478843709,2.9987832367242939","0.55621627830725373,0.042327623236873446,0.0097422677283351966","0.081595915448851031,0.0021331974634676287,-0.0058663606080135988","-0.13622751268488287,0.013151174622091033,-0.00023974711241225855","2.4629458157682782,-0.11260178297822471,2.9882982915114473","0.54629872675739122,0.035541935001304509,0.056568765116851827",NOT_RECORDED,NOT_RECORDED,NOT_RECORDED,"0.13425713032484055,2.6665583848953247,-3.0091801881790161","0.053749755024909973,0.5797957181930542,-0.019025885500013828","0.045375945046544075,0.23966161906719208,0.038474211469292641","0.12661104649305344,2.6495070457458496,-3.0000371932983398","0.039255846291780472,0.54224312305450439,-0.025274042971432209",0.11878171528640055,0.036950056787679646,0.08645085762692131,0.03177421427238463,0.027796414136395,0.167086725435285,28.0,16.0,TRACK_TRAJECTORY,scenario.pva_command,linear,28748000000,4.0,28748000000,4.0,body_twist_rotated_by_q_xyzw_to_lio_enu_then_enu_to_ned,linear,28732000000,12.0,28732000000,12.0,position:linear;velocity:linear;acceleration:linear,28732000000,12.0,0.5579095694853653,0.08183433348013196,0.1368610466309847
28760000000,-0.559484858,1,5.712000000000001,MAIN,MAIN,TRACK_MAIN,False,"2.5602274435259034,-0.033250354477092903,2.998938362034842","0.55750339345254218,0.042363438432425182,0.0096483964872349226","0.079231600218975018,0.0023437390585029361,-0.0058662071369677271","-0.15943173734288507,0.013165076003200937,0.00026177912717495477","2.4717050424487277,-0.11202746362899255,2.9891991424763549","0.54936405214124007,0.036715754764742155,0.055894796749015013",NOT_RECORDED,NOT_RECORDED,NOT_RECORDED,"0.13476462289690971,2.6732143759727478,-3.0092983841896057","0.053830564953386784,0.57787191867828369,-0.018470140174031258","0.044414806179702282,0.22600535675883293,0.039289377629756927","0.12707976996898651,2.6581162810325623,-3.000640869140625","0.039723661728203297,0.54437388479709625,-0.024867603555321693",0.11889869980957354,0.03719589305680939,0.08626742032544743,0.03156954215540932,0.024983894255999003,0.15629977166754916,16.0,24.0,TRACK_TRAJECTORY,scenario.pva_command,linear,28768000000,8.0,28768000000,8.0,body_twist_rotated_by_q_xyzw_to_lio_enu_then_enu_to_ned,linear,28756000000,4.0,28756000000,4.0,position:linear;velocity:linear;acceleration:linear,28756000000,4.0,0.559193871731167,0.07948302946043038,0.15997458118917574
28776000000,-0.543484858,1,5.728000000000001,MAIN,MAIN,TRACK_MAIN,False,"2.5691575265807742,-0.03257223047488822,2.9990919857704759","0.55874967862681757,0.042402623700153241,0.0095545926287623484","0.076490238290652712,0.002554433075449225,-0.0058578918834402138","-0.18336000694952759,0.013170198574111391,0.00078051650760802005","2.4805104574013863,-0.1114334965971953,2.9900900293827322","0.55240297112937875,0.03770463204224473,0.055296526134621708",NOT_RECORDED,NOT_RECORDED,NOT_RECORDED,"0.13538527488708496,2.6813660860061646,-3.0094417333602905","0.054078539212544761,0.57831615209579468,-0.017917770892381668","0.044130479916930199,0.21847066034873328,0.04015965573489666","0.12755531072616577,2.666775862375895,-3.0012505849202475","0.040175298228859901,0.54659037788709008,-0.024478376532594364",0.11898923223264937,0.03741770119119989,0.08607791736738012,0.03145868364218252,0.024271725067118007,0.15186710941503034,16.0,16.0,TRACK_TRAJECTORY,scenario.pva_command,linear,28768000000,8.0,28768000000,8.0,body_twist_rotated_by_q_xyzw_to_lio_enu_then_enu_to_ned,linear,28772000000,4.0,28772000000,4.0,position:linear;velocity:linear;acceleration:linear,28772000000,4.0,0.5604377539946165,0.07675673637809165,0.1838340433244914
28792000000,-0.527484858,1,5.744000000000001,MAIN,MAIN,TRACK_MAIN,False,"2.5781071828443203,-0.031893452537587796,2.9992441100658183","0.55994900798041414,0.042445180347740474,0.0094609889549215342","0.073360165262812416,0.0027651376685750018,-0.0058411375065952065","-0.2080222909838696,0.0131663690515047,0.0013167105835696358","2.4893637778853077,-0.11082233530948118,2.99097165477927","0.55571878836488431,0.038845201678066384,0.054683964782057358",NOT_RECORDED,NOT_RECORDED,NOT_RECORDED,"0.13583695888519287,2.6873060464859009,-3.0095452070236206","0.054062808553377785,0.57504123449325562,-0.017327968031167984","0.042992426082491875,0.19983484099308649,0.041519319638609886","0.12803339958190918,2.6754711469014487,-3.0018812815348306","0.040627675130963326,0.54888368646303809,-0.024175602321823437",0.11905290410488324,0.03762704820976652,0.0858707615696595,0.03131542766152036,0.020606648102625382,0.13743002224572198,16.0,24.0,TRACK_TRAJECTORY,scenario.pva_command,linear,28788000000,4.0,28788000000,4.0,body_twist_rotated_by_q_xyzw_to_lio_enu_then_enu_to_ned,linear,28796000000,4.0,28796000000,4.0,position:linear;velocity:linear;acceleration:linear,28796000000,4.0,0.5616351085758504,0.07364427147500527,0.20844270327104045
28812000000,-0.507484858,1,5.760000000000001,MAIN,MAIN,TRACK_MAIN,False,"2.587075610765595,-0.031213966727901332,2.9993947392159912","0.56109506775474216,0.042491107391107064,0.0093677227366681937","0.06982955677932523,0.0029757082106305344,-0.0058156627255900872","-0.23342861433959428,0.01315341302894657,0.001870608301427934","2.5004047210580853,-0.11028285149268548,2.9926447875817073","0.5600013729595642,0.039874992298617393,0.054542562912446399",NOT_RECORDED,NOT_RECORDED,NOT_RECORDED,"0.13730677962303162,2.7066707611083984,-3.0098767280578613","0.055439230054616928,0.59037059545516968,-0.016659799963235855","0.045274149626493454,0.23148256540298462,0.042676977813243866","0.12864280243714651,2.6863998572031655,-3.002685546875","0.041271439443031945,0.55170398950576782,-0.023723704119523365",0.11751295038293948,0.035714478891865284,0.08584527627856066,0.03194681039015643,0.032831155826836544,0.17111285718286448,20.0,16.0,TRACK_TRAJECTORY,scenario.pva_command,linear,28808000000,4.0,28808000000,4.0,body_twist_rotated_by_q_xyzw_to_lio_enu_then_enu_to_ned,linear,28820000000,8.0,28820000000,8.0,position:exact;velocity:exact;acceleration:exact,28812000000,0.0,0.562779640263658,0.0701344692165674,0.23380639307390735
28816000000,-0.503484858,1,5.776000000000001,MAIN,MAIN,TRACK_MAIN,False,"2.5960619062531265,-0.030533719142914251,2.9995438797486211","0.56218135371596389,0.042540401509766901,0.0092749357771135799","0.065886427642432466,0.003185997274876895,-0.0057811822973043991","-0.25958905732467485,0.013131154976890325,0.0024424579992320394","2.5025363076639682,-0.11036639871749512,2.9934453667620131","0.56054858601852831,0.039429898295395012,0.055175642700551947",NOT_RECORDED,NOT_RECORDED,NOT_RECORDED,"0.137420025964578,2.708165486653646,-3.0099018414815268","0.055431082223852478,0.58950481812159217,-0.016503429661194485","0.045001460239291191,0.22648709515730539,0.042928173517187439","0.12876527259747186,2.688588579495748,-3.0028471946716309","0.04140410696466764,0.55226573348045349,-0.023629652957121532",0.12311574302324582,0.042244568680403785,0.08604023187384968,0.03267495393921681,0.031064328098806968,0.17006177202958087,4.0,0.0,TRACK_TRAJECTORY,scenario.pva_command,linear,28808000000,8.0,28808000000,8.0,body_twist_rotated_by_q_xyzw_to_lio_enu_then_enu_to_ned,linear,28820000000,4.0,28820000000,4.0,position:linear;velocity:linear;acceleration:linear,28812000000,4.0,0.5638648638283782,0.06621626684487489,0.25993243644227715
28824000000,-0.495484858,1,5.792000000000001,MAIN,MAIN,TRACK_MAIN,False,"2.6050650596067584,-0.029852655951832285,2.9996915404968707","0.56320116857444447,0.042593057001889534,0.0091827744751082907","0.061518630926229889,0.0033958546171187765,-0.0057374069940769878","-0.2865137556616375,0.01309941824267491,0.0030325094067161773","2.5067994808757335,-0.11053349316711443,2.9950465251226253","0.5616430121364564,0.038539710288950244,0.056441802276763042",NOT_RECORDED,NOT_RECORDED,NOT_RECORDED,"0.13764651864767075,2.7111549377441406,-3.0099520683288574","0.05541478656232357,0.58777326345443726,-0.01619068905711174","0.044456081464886665,0.21649615466594696,0.043430564925074577","0.12901249900460243,2.6929792761802673,-3.0031750202178955","0.041653318330645561,0.55341508984565735,-0.023423144593834877",0.12722852520142286,0.04671577615978764,0.08645454337417305,0.03417052846303564,0.028588379850927763,0.16469592966462726,8.0,0.0,TRACK_TRAJECTORY,scenario.pva_command,linear,28828000000,4.0,28828000000,4.0,body_twist_rotated_by_q_xyzw_to_lio_enu_then_enu_to_ned,linear,28820000000,4.0,28820000000,4.0,position:linear;velocity:linear;acceleration:linear,28812000000,12.0,0.5648841015070674,0.0618788462936566,0.286829083349187
28856000000,-0.463484858,1,5.808000000000001,MAIN,MAIN,TRACK_MAIN,False,"2.6140839524078672,-0.029170723434441048,2.999837732673472","0.56414761939000613,0.042649065739079783,0.0090913898891709088","0.056713857089853548,0.0036051271577330901,-0.0056840435814375923","-0.31421290048746897,0.01305802505052378,0.0036410136452973418","2.5247390274490673,-0.10953138548144167,2.9974285307137003","0.56750088449079994,0.039949917750173584,0.055745622674601807",NOT_RECORDED,NOT_RECORDED,NOT_RECORDED,"0.1391206830739975,2.7306302785873413,-3.0102747678756714","0.056223693614204727,0.5928000112374624,-0.014975580231597027","0.044919345527887344,0.20908897121747336,0.045225106800595917","0.13002226501703262,2.7106637159983316,-3.0045127868652344","0.042596699049075447,0.55807694792747498,-0.022536662096778553",0.12019216228443846,0.03828316048870635,0.08632490312173051,0.03462154089946329,0.032246763814593835,0.16275298991245424,32.0,48.0,TRACK_TRAJECTORY,scenario.pva_command,linear,28848000000,8.0,28848000000,8.0,body_twist_rotated_by_q_xyzw_to_lio_enu_then_enu_to_ned,linear,28860000000,4.0,28860000000,4.0,position:linear;velocity:linear;acceleration:linear,28860000000,4.0,0.5658304804815171,0.05711188036886404,0.3145051920578314
28872000000,-0.447484858,1,5.824000000000001,MAIN,MAIN,TRACK_MAIN,False,"2.6231173543682971,-0.028487868020296458,2.9999824699457984","0.56501361496302138,0.04270841712086304,0.0090009378017710251","0.051459633090942702,0.003813658963699007,-0.0056207947958386573","-0.34269673835356684,0.013006796501546458,0.0042682232280759624","2.5338319879689575,-0.10888799662102788,2.9983171608295338","0.57070751000427811,0.040874001899808693,0.054932706265487477",NOT_RECORDED,NOT_RECORDED,NOT_RECORDED,"0.13985902070999146,2.7403926849365234,-3.0104338526725769","0.056612411513924599,0.59515050053596497,-0.014354617102071643","0.044709033332765102,0.20462668687105179,0.046212512999773026","0.13054078817367554,2.7195663452148438,-3.0051934719085693","0.04312168899923563,0.56037229299545288,-0.022111131343990564",0.12016168518513373,0.038396556125300865,0.0861150696918028,0.0344836858274152,0.03361866764417427,0.163646770805942,16.0,16.0,TRACK_TRAJECTORY,scenario.pva_command,linear,28868000000,4.0,28868000000,4.0,body_twist_rotated_by_q_xyzw_to_lio_enu_then_enu_to_ned,linear,28876000000,4.0,28876000000,4.0,position:linear;velocity:linear;acceleration:linear,28876000000,4.0,0.5666969303497791,0.05190598391980229,0.34297004091163763
28888000000,-0.431484858,1,5.840000000000001,MAIN,MAIN,TRACK_MAIN,False,"2.6321649153800335,-0.027804052157166633,3.0001257375120707","0.56607087694545699,0.042766673869010993,0.0089028767892731578","0.10379503923794349,0.003105551640681345,-0.0073619139019645979","7.4639353758863898,-0.10930058560636853,-0.24116669145759514","2.5429780698620235,-0.1082286050085115,2.999192690739978","0.57441378204419202,0.04165023262994403,0.053942774672183419",NOT_RECORDED,NOT_RECORDED,NOT_RECORDED,"0.14002950489521027,2.7426474094390869,-3.0104703903198242","0.056102544069290161,0.58534947037696838,-0.013683093711733818","0.042213539592921734,0.16747765988111496,0.047353136353194714","0.13106051832437515,2.7285128235816956,-3.0058786869049072","0.043578609824180603,0.5626668781042099,-0.021661150269210339",0.12009693039820403,0.0384897640692845,0.08588790121464458,0.034406564270107624,0.02392404799614788,0.08475971193201662,16.0,16.0,TRACK_TRAJECTORY,scenario.pva_command,exact,28888000000,0.0,28888000000,0.0,body_twist_rotated_by_q_xyzw_to_lio_enu_then_enu_to_ned,linear,28892000000,4.0,28892000000,4.0,position:linear;velocity:linear;acceleration:linear,28892000000,4.0,0.5677538968027802,0.10410212484718603,7.468630348764813
28904000000,-0.415484858,1,5.856000000000001,MAIN,MAIN,TRACK_MAIN,False,"2.6412416010511048,-0.027119479689891098,3.0002670388098451","0.56897329510167538,0.04279818818008356,0.0087449558609023394","0.27495036346538759,0.00060878423320060164,-0.012900882988438047","13.450221200611953,-0.19381480219187855,-0.43737841018859147","2.5521959927032896,-0.10754553917221461,3.0000479590494891","0.57805195108709673,0.043520350448972726,0.052968881902229821",NOT_RECORDED,NOT_RECORDED,NOT_RECORDED,"0.14071284234523773,2.7516878843307495,-3.0106143951416016","0.056395662948489189,0.58637520670890808,-0.013034990523010492","0.041638314723968506,0.18691734969615936,0.049173241481184959","0.13158764690160751,2.7375105619430542,-3.0065765380859375","0.04404609277844429,0.5650496780872345,-0.021188934333622456",0.11998966374579165,0.03856711959481833,0.08563459452743724,0.03434094605020918,0.02249716082232283,0.10367698817101281,16.0,0.0,TRACK_TRAJECTORY,scenario.pva_command,linear,28908000000,4.0,28908000000,4.0,body_twist_rotated_by_q_xyzw_to_lio_enu_then_enu_to_ned,linear,28892000000,12.0,28892000000,12.0,position:linear;velocity:linear;acceleration:linear,28892000000,12.0,0.5706476756312647,0.275253529986216,13.45872632891534
28912000000,-0.407484858,1,5.872000000000001,MAIN,MAIN,TRACK_MAIN,False,"2.6503902434992783,-0.026434771394938383,3.0004049841787999","0.57526228950087288,0.042781136734303178,0.0084767057375865727","0.52002957768472324,-0.0028337607838104031,-0.020948039665099425","16.778239326039177,-0.22904136573905612,-0.55669430572539735","2.5566553041293156,-0.10733468149961579,3.000750347403371","0.57934786205527589,0.043829061605687253,0.052825011239937235",NOT_RECORDED,NOT_RECORDED,NOT_RECORDED,"0.14116840064525604,2.7577148675918579,-3.0107103983561196","0.056720827395717301,0.58929819862047828,-0.012717203702777624","0.041774824261665344,0.20768965780735016,0.050190892691413559","0.13185256471236548,2.7420162757237754,-3.006927490234375","0.044286301980415978,0.56625538070996606,-0.020950733684003353",0.12381903565038921,0.043059966653514324,0.08571863160245695,0.03446145246866821,0.02023125165536051,0.3168616352004166,8.0,24.0,TRACK_TRAJECTORY,scenario.pva_command,linear,28908000000,4.0,28908000000,4.0,body_twist_rotated_by_q_xyzw_to_lio_enu_then_enu_to_ned,linear,28916000000,4.0,28916000000,4.0,position:linear;velocity:linear;acceleration:linear,28916000000,4.0,0.5769131493753864,0.5204590399185531,16.789034617246287
28916000000,-0.403484858,1,5.888000000000001,MAIN,MAIN,TRACK_MAIN,False,"2.6596727501424859,-0.025750793271541637,3.0005375377702697","0.58579898818350096,0.042706313527530612,0.0080673326785332955","0.79997033201134315,-0.0065047791925847559,-0.030367335292535127","17.877149143200178,-0.22379295770738677,-0.61078023127760095","2.5588101348450247,-0.1072945902860912,3.0012389186798747","0.5797342307627289,0.043670243307644616,0.05292461377013305",NOT_RECORDED,NOT_RECORDED,NOT_RECORDED,"0.1413961797952652,2.7607283592224121,-3.0107583999633789","0.05688340961933136,0.59075969457626343,-0.01255831029266119","0.041843079030513763,0.21807581186294556,0.050699718296527863","0.13198502361774445,2.7442691326141357,-3.0071029663085938","0.044406406581401825,0.56685823202133179,-0.020831633359193802",0.12970408602420386,0.049914879078075416,0.08586443242069776,0.03458746408181755,0.01567697488171568,0.5842535012921325,4.0,0.0,TRACK_TRAJECTORY,scenario.pva_command,linear,28908000000,8.0,28908000000,8.0,body_twist_rotated_by_q_xyzw_to_lio_enu_then_enu_to_ned,exact,28916000000,0.0,28916000000,0.0,position:exact;velocity:exact;acceleration:exact,28916000000,0.0,0.5874090275340271,0.8005729319078008,17.88897977155382
28952000000,-0.367484858,1,5.904000000000001,MAIN,MAIN,TRACK_MAIN,False,"2.6691600947470895,-0.025068472714196505,3.0006623086086632","0.60087328093227976,0.042574886896817536,0.0075027571385622724","1.0823568777616968,-0.0098231890036841827,-0.040203628646584499","17.148616411194862,-0.18628467517846728,-0.61058376054222996","2.5792203858903027,-0.1061191635693869,3.0039686773504841","0.58052349630122313,0.044645752877257014,0.052088281398617611",NOT_RECORDED,NOT_RECORDED,NOT_RECORDED,"0.14265134433905283,2.7774290243784585,-3.0110146204630532","0.056949458395441376,0.59326038757959998,-0.010842974918584028","0.03434542752802372,0.58717321852842974,0.066687850902477905","0.13320786133408546,2.764728844165802,-3.0086929798126221","0.045394621789455414,0.57192735373973846,-0.019867301918566227",0.12111687657632239,0.039268308498263786,0.08598797445307774,0.03335634857473038,0.016605466141794947,0.49785453406238345,36.0,40.0,TRACK_TRAJECTORY,scenario.pva_command,linear,28948000000,4.0,28948000000,4.0,body_twist_rotated_by_q_xyzw_to_lio_enu_then_enu_to_ned,linear,28956000000,4.0,28956000000,4.0,position:linear;velocity:linear;acceleration:linear,28956000000,4.0,0.6024264370836322,1.083147837387216,17.160494145774067
28968000000,-0.351484858,1,5.92,MAIN,MAIN,TRACK_MAIN,False,"2.6789240096117175,-0.024388649551696409,3.0007767953527829","0.62030664570652816,0.04239629645555372,0.0067828111892392013","1.3409801693423613,-0.012334569105952766,-0.049671193446138316","14.96681325719112,-0.12413403085600892,-0.5663341877037551","2.588473943353923,-0.1053989509856384,3.0048019458246724","0.57195221496811843,0.045957614978982236,0.051860952040303651",NOT_RECORDED,NOT_RECORDED,NOT_RECORDED,"0.14327844604849815,2.785915732383728,-3.0111370086669922","0.056993003003299236,0.60120588541030884,-0.0098991645500063896","0.030287638772279024,0.85685339570045471,0.079625407233834267","0.13376645743846893,2.7738883495330811,-3.0094075202941895","0.045807882212102413,0.57400880753993988,-0.020012740511447191",0.12149109128153764,0.039859346545227874,0.08580979996818673,0.0319148957462614,0.024240762038430026,0.48692159582932454,16.0,16.0,TRACK_TRAJECTORY,scenario.pva_command,exact,28968000000,0.0,28968000000,0.0,body_twist_rotated_by_q_xyzw_to_lio_enu_then_enu_to_ned,linear,28972000000,4.0,28972000000,4.0,position:linear;velocity:linear;acceleration:linear,28972000000,4.0,0.6217907905304326,1.3419564760538478,14.978038681530052
28984000000,-0.335484858,1,5.936,MAIN,MAIN,TRACK_MAIN,False,"2.6890302666671095,-0.023711959511352437,3.0008785876869291","0.64354793670672161,0.042186303010214733,0.00591861981956432","1.5553979661391826,-0.013701597916471176,-0.058142225880939938","11.678418176424278,-0.044360953065822953,-0.48754252743407733","2.5974759517741526,-0.1046494111352573,3.0056355140935205","0.55672672507166931,0.047475481619362776,0.052100933246068862",NOT_RECORDED,NOT_RECORDED,NOT_RECORDED,"0.14413051307201385,2.7978619337081909,-3.0112898349761963","0.05724746361374855,0.62520071864128113,-0.0085701965726912022","0.025771257467567921,1.2639358639717102,0.098099716007709503","0.13433307409286499,2.7830966711044312,-3.0101447105407715","0.046283520758152008,0.57609984278678894,-0.020218604244291782",0.12229346670909443,0.040731925623813975,0.08579991065283919,0.0373258806095194,0.023884928903892256,0.29682463565088774,16.0,0.0,TRACK_TRAJECTORY,scenario.pva_command,linear,28988000000,4.0,28988000000,4.0,body_twist_rotated_by_q_xyzw_to_lio_enu_then_enu_to_ned,linear,28972000000,12.0,28972000000,12.0,position:linear;velocity:linear;acceleration:linear,28972000000,12.0,0.6449563249257401,1.5565445979109498,11.688674720157572
29000000000,-0.319484858,1,5.952,MAIN,MAIN,TRACK_MAIN,False,"2.6995334348780142,-0.02303874766069295,3.0009655272838485","0.66976213406926688,0.041965191458710652,0.0049301661162166341","1.7104949344062756,-0.013694492030509603,-0.065135352139381153","7.6026160321977283,0.046612214244158567,-0.38300151489254486","2.6062165032877678,-0.10387610551308173,3.006476342899393","0.53831332448545255,0.049207282919009873,0.052725417073372562",NOT_RECORDED,NOT_RECORDED,NOT_RECORDED,"0.14498075842857361,2.8100140690803528,-3.0114349722862244","0.057458061724901199,0.6526411771774292,-0.0071093443548306823","0.021676088683307171,1.6639935076236725,0.11726806685328484","0.13490458205342293,2.7923312783241272,-3.010892391204834","0.046763823367655277,0.57831177115440369,-0.020514745730906725",0.1235843729389862,0.04196237596817958,0.08595571649946993,0.051413748928087165,0.02319277930246447,0.07830249431717803,16.0,24.0,TRACK_TRAJECTORY,scenario.pva_command,linear,29008000000,8.0,29008000000,8.0,body_twist_rotated_by_q_xyzw_to_lio_enu_then_enu_to_ned,linear,28996000000,4.0,28996000000,4.0,position:linear;velocity:linear;acceleration:linear,28996000000,4.0,0.671093659681805,1.7117894361865376,7.612399975826063
29016000000,-0.303484858,1,5.968,MAIN,MAIN,TRACK_MAIN,False,"2.7104730013332681,-0.02236900937893627,3.0010358312815999","0.69791205519151056,0.041756126670335333,0.0038440403233529776","1.7960427491551603,-0.012181444871482167,-0.070304135936303275","3.0310980558827483,0.14296071150389489,-0.26078560572594434","2.6138774221510701,-0.10374092452835526,3.0084788961831355","0.51612335814906629,0.049131359408859022,0.056141866554177751",NOT_RECORDED,NOT_RECORDED,NOT_RECORDED,"0.1456004778544108,2.8193443218866983,-3.0115258296330771","0.057318797955910362,0.67449821035067237,-0.0056200848581890268","0.019255244483550388,1.9065686662991841,0.13439548512299856","0.13548757880926132,2.801623503367106,-3.0116596221923828","0.047195718934138618,0.58102014660835266,-0.021312979981303215",0.12652072441998186,0.04355971725849481,0.08741041786758025,0.07367761665718361,0.02817018285285752,0.13157486400792265,16.0,16.0,TRACK_TRAJECTORY,scenario.pva_command,linear,29008000000,8.0,29008000000,8.0,body_twist_rotated_by_q_xyzw_to_lio_enu_then_enu_to_ned,linear,29012000000,4.0,29012000000,4.0,position:linear;velocity:linear;acceleration:linear,29012000000,4.0,0.6991706426489565,1.7974594893687403,3.0456530205464514
29020000000,-0.299484858,1,5.984,MAIN,MAIN,TRACK_MAIN,False,"2.7218707434100966,-0.021702356410531698,3.0010881812164212","0.72683302768697111,0.041583662347316509,0.0026913727819624718","1.8062601960438447,-0.0091190653409004702,-0.073425586040795784","-1.7719381530817149,0.23945736352123587,-0.12825097606850006","2.6155445317798685,-0.1038686409225188,3.0092693605787866","0.50989738435157472,0.048642619440599603,0.057661928452626215",NOT_RECORDED,NOT_RECORDED,NOT_RECORDED,"0.14571267863114676,2.8210948308308921,-3.0115403334299722","0.057230630268653236,0.67798872788747155,-0.0052705284518500166","0.018623481194178265,1.9395841757456462,0.13836104671160379","0.13563399016857147,2.8039596875508628,-3.0118589401245117","0.047317246596018471,0.58185017108917236,-0.021628493443131447",0.134623524266378,0.05236269675927307,0.0880905236827985,0.0804821009359649,0.05135411640758943,0.15086930272360727,4.0,0.0,TRACK_TRAJECTORY,scenario.pva_command,linear,29028000000,8.0,29028000000,8.0,body_twist_rotated_by_q_xyzw_to_lio_enu_then_enu_to_ned,linear,29012000000,8.0,29012000000,8.0,position:linear;velocity:linear;acceleration:linear,29012000000,8.0,0.7280265754752888,1.8077749776591319,1.7926385469898005
29048000000,-0.271484858,2,0.0,MAIN,MAIN,TRACK_MAIN,False,"2.7337292393987593,-0.021038005553062795,3.0011217803536496","0.75530052397079406,0.041472402867966558,0.0015059507487761572","1.7393732732659064,-0.004542816468327493,-0.074388663803995239","-6.569788627188867,0.33147257948191916,0.0079644774581231759","2.6285234414438436,-0.10316225473154791,3.012105986954337","0.46834263218915945,0.049161570901318674,0.065474884992024612",NOT_RECORDED,NOT_RECORDED,NOT_RECORDED,"0.14716377854347229,2.8448499441146851,-3.0116902589797974","0.057423699647188187,0.7492741197347641,-0.0016578389331698418","0.020617577712982893,2.2993972301483154,0.17716047167778015","0.13666734099388123,2.8203774094581604,-3.0132834911346436","0.048096712678670883,0.58868208527565002,-0.024752380326390266",0.13391529046791872,0.0479478934997001,0.09068095541653026,0.12704739382778624,0.01705240414063086,0.5699315065963939,28.0,40.0,TRACK_TRAJECTORY,scenario.pva_command,exact,29048000000,0.0,29048000000,0.0,body_twist_rotated_by_q_xyzw_to_lio_enu_then_enu_to_ned,linear,29052000000,4.0,29052000000,4.0,position:linear;velocity:linear;acceleration:linear,29052000000,4.0,0.7564397593978365,1.7409691824486044,6.578150204258774
29064000000,-0.255484858,2,0.016,MAIN,MAIN,TRACK_MAIN,False,"2.7460324874505209,-0.020374814382908991,3.0011363656494607","0.78236044122541515,0.041439137719367171,0.00031834350063118783","1.6474408281583606,0.00020023753199364648,-0.073964931693401112","-4.9479968138425461,0.26230586825562724,0.044458107850134244","2.6358507073145603,-0.10236317569941228,3.0131951369788466","0.45514212017161243,0.050458190275331938,0.070280618761194402",NOT_RECORDED,NOT_RECORDED,NOT_RECORDED,"0.1478300541639328,2.8563635349273682,-3.0117377042770386","0.057362228631973267,0.78075471520423889,0.00034000270534306765","0.022863748483359814,2.3548662662506104,0.20014747977256775","0.13727392256259918,2.8299049139022827,-3.0141763687133789","0.048512689769268036,0.59491783380508423,-0.027696234174072742",0.1378677991093971,0.05067148762128906,0.092015274310383,0.1461316697524164,0.01601738430559503,0.7189481348667687,16.0,0.0,TRACK_TRAJECTORY,scenario.pva_command,linear,29068000000,4.0,29068000000,4.0,body_twist_rotated_by_q_xyzw_to_lio_enu_then_enu_to_ned,linear,29052000000,12.0,29052000000,12.0,position:linear;velocity:linear;acceleration:linear,29052000000,12.0,0.783457186751092,1.6491004012790076,4.955144131271152
29080000000,-0.239484858,2,0.032,MAIN,MAIN,TRACK_MAIN,False,"2.7587580073641367,-0.019711594650848461,3.0011320278274694","0.80815039349768303,0.041473135451584035,-0.00085795070260636015","1.5802179119507498,0.0038791162541638377,-0.072983062226128312","-3.4798595276916666,0.19841644644242576,0.077753312822321938","2.643062108192701,-0.10154637536623783,3.0143580348437613","0.4501808474057446,0.051521161894786255,0.07529043401813805",NOT_RECORDED,NOT_RECORDED,NOT_RECORDED,"0.1483280286192894,2.8653686046600342,-3.0117581486701965","0.057128448970615864,0.80085998773574829,0.00213757308665663","0.024537596385926008,2.3238288760185242,0.22095759958028793","0.13788604736328125,2.8395159244537354,-3.0151092211405435","0.048928235967954002,0.60236787796020508,-0.030797808120648067",0.14232849216308682,0.05374364581503444,0.0935140407102458,0.15857871639378446,0.017316936536194687,0.7584724796512639,16.0,24.0,TRACK_TRAJECTORY,scenario.pva_command,linear,29088000000,8.0,29088000000,8.0,body_twist_rotated_by_q_xyzw_to_lio_enu_then_enu_to_ned,linear,29076000000,4.0,29076000000,4.0,position:linear;velocity:linear;acceleration:linear,29076000000,4.0,0.8092143199141087,1.58190714776968,3.4863787798144013
29096000000,-0.223484858,2,0.048,MAIN,MAIN,TRACK_MAIN,False,"2.7718885388871768,-0.019047402797522615,3.0011090171766286","0.83304638074281767,0.041558036028367822,-0.002014405538977949","1.5353050624914972,0.0065766226901808993,-0.071493196185009683","-2.158026301586494,0.13960067661450931,0.10797897451490956","2.6502658674990225,-0.10071329943711543,3.0155932450023646","0.45399817338671578,0.052506217616761754,0.079951487584704758",NOT_RECORDED,NOT_RECORDED,NOT_RECORDED,"0.1489359587430954,2.8767170111338296,-3.0117683410644531","0.05709245428442955,0.82781124114990234,0.0042118373870228725","0.027540836793680985,2.2791075706481934,0.24188258747259775","0.13850516080856323,2.8492805957794189,-3.0161054929097495","0.04931765298048655,0.6119074821472168,-0.033911132564147316",0.14721136411720206,0.05708432552837495,0.0951579165727123,0.16451513920632935,0.016539454157812335,0.7633571995314672,16.0,16.0,TRACK_TRAJECTORY,scenario.pva_command,linear,29088000000,8.0,29088000000,8.0,body_twist_rotated_by_q_xyzw_to_lio_enu_then_enu_to_ned,linear,29100000000,4.0,29100000000,4.0,position:linear;velocity:linear;acceleration:linear,29092000000,4.0,0.8340847682681408,1.5369828118683624,2.165231009889615
29112000000,-0.207484858,2,0.064,MAIN,MAIN,TRACK_MAIN,False,"2.7854125356268185,-0.018381546563805324,3.001067714076624","0.85738694577192676,0.041678778341004495,-0.0031432805370728181","1.5104191858253053,0.0083723288683328762,-0.069543430039209903","-0.97530157814194651,0.085658325735961174,0.13526174999617618","2.6573055377654478,-0.10010881134754833,3.0177002984804546","0.46540393190907592,0.05315958249190729,0.08505699217218976",NOT_RECORDED,NOT_RECORDED,NOT_RECORDED,"0.14937810599803925,2.8852005799611411,-3.0117654800415039","0.056833218783140182,0.84282684326171875,0.0060542941015834613","0.028337074133257072,2.2272953987121582,0.25995648403962451","0.13913382962346077,2.8592063784599304,-3.0171549320220947","0.049721080809831619,0.62320433557033539,-0.036509082652628422",0.15286396427554738,0.06067518709403356,0.09732121304505739,0.1651353693434377,0.021216211966200944,0.742002174383778,16.0,24.0,TRACK_TRAJECTORY,scenario.pva_command,linear,29108000000,4.0,29108000000,4.0,body_twist_rotated_by_q_xyzw_to_lio_enu_then_enu_to_ned,linear,29116000000,4.0,29116000000,4.0,position:linear;velocity:linear;acceleration:linear,29116000000,4.0,0.8584051348615327,1.51204249327242,0.9883553298819648
29116000000,-0.203484858,2,0.08,MAIN,MAIN,TRACK_MAIN,False,"2.7993235805249208,-0.017713564619201667,3.0010086166844205","0.88147501631469427,0.041821548948658062,-0.0042375886518185085","1.503391077636921,0.0093426303234682446,-0.067179851545376965","0.075355290262410293,0.036392565162752716,0.15972607126245666","2.6589191534828522,-0.10013690657652426,3.018845147079428","0.46942255669849825,0.053074180560040568,0.086979298224475851",NOT_RECORDED,NOT_RECORDED,NOT_RECORDED,"0.14948864281177521,2.8873214721679688,-3.0117647647857666","0.056768409907817841,0.84658074378967285,0.006514908280223608","0.028536133468151093,2.2143423557281494,0.26447495818138123","0.13929179310798645,2.8617012500762939,-3.0174217224121094","0.049823105335235596,0.62617498636245728,-0.037115622311830521",0.1637838583284608,0.07189306677674984,0.09817457783642565,0.1645244050929621,0.038029003303700175,0.7380687430619376,4.0,0.0,TRACK_TRAJECTORY,scenario.pva_command,linear,29108000000,8.0,29108000000,8.0,body_twist_rotated_by_q_xyzw_to_lio_enu_then_enu_to_ned,exact,29116000000,0.0,29116000000,0.0,position:exact;velocity:exact;acceleration:exact,29116000000,0.0,0.8824767438867936,1.5049203133433087,0.18031987247831752
29144000000,-0.175484858,2,0.096,MAIN,MAIN,TRACK_MAIN,False,"2.8136198304888418,-0.017043207003428994,3.0009323291350398","0.90557970742517291,0.041973731690237742,-0.0052910644098898008","1.512162944694899,0.0095608005672661363,-0.064446575348792806","1.0008300414823588,-0.0083900293572563202,0.18149414523814161","2.6716710555661125,-0.099373951159057838,3.0237703250512586","0.50710777977699883,0.052875116411899133,0.093284105796395067",NOT_RECORDED,NOT_RECORDED,NOT_RECORDED,"0.15115267783403397,2.9209316968917847,-3.0116708278656006","0.05784112773835659,0.93128076195716858,0.011388255283236504","0.035015804693102837,2.287716269493103,0.28886212408542633","0.14042536914348602,2.8796985149383545,-3.0193686485290527","0.050501232966780663,0.6514817476272583,-0.038910089060664177",0.16567854475686494,0.06843028378718995,0.10260867981537809,0.15429196871974998,0.030813863729667126,0.8077705462291623,28.0,16.0,TRACK_TRAJECTORY,scenario.pva_command,linear,29148000000,4.0,29148000000,4.0,body_twist_rotated_by_q_xyzw_to_lio_enu_then_enu_to_ned,linear,29132000000,12.0,29132000000,12.0,position:linear;velocity:linear;acceleration:linear,29132000000,12.0,0.906567369815865,1.5135658364570808,1.0171879321354138
29160000000,-0.159484858,2,0.112,MAIN,MAIN,TRACK_MAIN,False,"2.8283034895434982,-0.016370416367235862,3.0008395502474468","0.92993808423067414,0.042123858167789394,-0.0062981326247360655","1.5347859262953727,0.0090970455585065394,-0.061385778584524847","1.8078535036090249,-0.048879477684317607,0.20068595377567713","2.6799724575161825,-0.098519014850160555,3.0252604470045719","0.53310779938819342,0.053944318853459274,0.092895635100144036",NOT_RECORDED,NOT_RECORDED,NOT_RECORDED,"0.15171052267154059,2.9327171643575034,-3.0116130908330283","0.057809527963399887,0.95332524180412292,0.013470012073715528","0.034726379439234734,2.2909585237503052,0.29722761114438373","0.14108546078205109,2.8902018070220947,-3.0205020904541016","0.05083766020834446,0.66749961177508033,-0.039079550032814346",0.17130927439406043,0.07265142927271959,0.10416418080095412,0.14479979826140485,0.02905916776394231,0.7925119745985557,16.0,24.0,TRACK_TRAJECTORY,scenario.pva_command,linear,29168000000,8.0,29168000000,8.0,body_twist_rotated_by_q_xyzw_to_lio_enu_then_enu_to_ned,linear,29156000000,4.0,29156000000,4.0,position:linear;velocity:linear;acceleration:linear,29156000000,4.0,0.9309129531831186,1.5360399765646293,1.819614889445833
29176000000,-0.143484858,2,0.128,MAIN,MAIN,TRACK_MAIN,False,"2.8433803098701449,-0.015695309998514602,3.0007310627264454","0.95475688502375966,0.042261559101411321,-0.0072538776812270415","1.5694176157058126,0.0080185581733405297,-0.0580377364785769","2.5030015949688904,-0.085262395286794843,0.21741925365556555","2.6886750047502104,-0.097650737478181496,3.0267391406682762","0.56053462410590216,0.054974906440000075,0.091661270603614051",NOT_RECORDED,NOT_RECORDED,NOT_RECORDED,"0.1526059533158938,2.9520370165506997,-3.0115003983179727","0.05834677442908287,0.99849328398704529,0.016093180204431217","0.035829877480864525,2.3801647424697876,0.30305666724840802","0.14175708591938019,2.9009487628936768,-3.0216388702392578","0.051118360832333565,0.6849335332711538,-0.03847540977100531",0.17699390849364088,0.0770339320096673,0.1056218380904216,0.13534658229166396,0.04743142434620719,0.8474188158598187,16.0,24.0,TRACK_TRAJECTORY,scenario.pva_command,linear,29168000000,8.0,29168000000,8.0,body_twist_rotated_by_q_xyzw_to_lio_enu_then_enu_to_ned,linear,29180000000,4.0,29180000000,4.0,position:linear;velocity:linear;acceleration:linear,29180000000,4.0,0.9557192933175352,1.5705108495704363,2.513873066072946
29192000000,-0.127484858,2,0.14400000000000002,MAIN,MAIN,TRACK_MAIN,False,"2.8588591200973807,-0.015018162619762946,3.0006077228514632","0.98021420469733433,0.042377516555694279,-0.0081540133899170343","1.6143195816087976,0.0063895726755604596,-0.054440857949040224","3.0926953241237798,-0.11772199324116318,0.2318095765863645","2.6977872970612076,-0.096768561288532826,3.0281974992451199","0.58885989575642117,0.055627910414869405,0.089893080782300433",NOT_RECORDED,NOT_RECORDED,NOT_RECORDED,"0.15282981097698212,2.956866979598999,-3.011472225189209","0.057715550065040588,0.997435063123703,0.017602987587451935","0.033460574224591255,2.3144742846488953,0.30594927072525024","0.14243534952402115,2.9118689894676208,-3.0227770805358887","0.051392621360719204,0.70328232645988464,-0.037500833161175251",0.18272508207728647,0.08165384687484223,0.10691169925682614,0.12591813980620267,0.02492180471515944,0.7444500849695991,16.0,16.0,TRACK_TRAJECTORY,scenario.pva_command,linear,29188000000,4.0,29188000000,4.0,body_twist_rotated_by_q_xyzw_to_lio_enu_then_enu_to_ned,linear,29196000000,4.0,29196000000,4.0,position:linear;velocity:linear;acceleration:linear,29196000000,4.0,0.9811637115865113,1.615249932740691,3.1036041170463275
29208000000,-0.111484858,2,0.16,MAIN,MAIN,TRACK_MAIN,False,"2.8747513802098532,-0.014339389942950503,3.0004704506431068","1.0064611385228355,0.042463417037686045,-0.0089948534109275027","1.6678548895457788,0.0042714191868702001,-0.050631721207244768","3.5832007898708715,-0.14643807823200949,0.24397022920468756","2.7073157357702646,-0.095877016630617554,3.0296286272086128","0.6159707637867895,0.056276068913883759,0.088134736276160808",NOT_RECORDED,NOT_RECORDED,NOT_RECORDED,"0.15384399890899658,2.9797837734222412,-3.0112984180450439","0.058397644199430943,1.0527732372283936,0.020297378301620483","0.032730527222156525,2.4701516628265381,0.30871295928955078","0.143121637403965,2.9230316877365112,-3.0239057540893555","0.051691680215299129,0.72273971140384674,-0.036363000050187111",0.18850272903961607,0.08645162492914908,0.10808041750275728,0.11874736825229189,0.05026387520536173,0.8432650583873247,16.0,16.0,TRACK_TRAJECTORY,scenario.pva_command,exact,29208000000,0.0,29208000000,0.0,body_twist_rotated_by_q_xyzw_to_lio_enu_then_enu_to_ned,linear,29212000000,4.0,29212000000,4.0,position:linear;velocity:linear;acceleration:linear,29212000000,4.0,1.0073966808219503,1.6686287030960603,3.5944809756104856
29216000000,-0.103484858,2,0.17600000000000002,MAIN,MAIN,TRACK_MAIN,False,"2.8910707624401586,-0.013659532967845551,3.0003202204983799","1.0336233862715274,0.042511905466380055,-0.009773282247448117","1.7284856233608448,0.0017225781571553191,-0.046645109358910176","3.9806291812426857,-0.17158705255203222,0.25401229307520418","2.7124288801309415,-0.095695549348158701,3.0323224675846125","0.62988334228752196,0.056100553339415896,0.090030514503590786",NOT_RECORDED,NOT_RECORDED,NOT_RECORDED,"0.1542951911687851,2.9900714159011841,-3.0112175941467285","0.058630780006448426,1.0766542553901672,0.021545933869977791","0.031923365779221058,2.5355259577433267,0.30992791056632996","0.14346922685702643,2.9286943276723227,-3.0244693756103516","0.051852546632289886,0.73280277848243713,-0.035786044473449387",0.19916569462911893,0.09700436783791581,0.1089265179324412,0.11641700235152042,0.04743489369408797,0.8494374740407955,8.0,0.0,TRACK_TRAJECTORY,scenario.pva_command,linear,29208000000,8.0,29208000000,8.0,body_twist_rotated_by_q_xyzw_to_lio_enu_then_enu_to_ned,linear,29212000000,4.0,29212000000,4.0,position:linear;velocity:linear;acceleration:linear,29212000000,4.0,1.034543418035072,1.7291157519575548,3.9924144374297654
29220000000,-0.099484858,2,0.192,MAIN,MAIN,TRACK_MAIN,False,"2.9078327575094334,-0.012979243009857828,3.0001580522854514","1.0618028166788922,0.042516540013728482,-0.010486726808856177","1.7947704066444854,-0.0012012651652466466,-0.042514046005296992","4.2909367775071043,-0.19334191410204171,0.26204462469063933","2.7149854523112795,-0.095604815706929275,3.0336693877726124","0.63683963153788814,0.056012795552181971,0.090978403617305761",NOT_RECORDED,NOT_RECORDED,NOT_RECORDED,"0.15440832078456879,2.9927201271057129,-3.0111947059631348","0.058551491548617683,1.0807169675827026,0.021991249794761341","0.031065644696354866,2.5392309029897056,0.31038111448287964","0.14364476005236307,2.931550900141398,-3.0247516632080078","0.051936402916908264,0.73793452978134155,-0.035496861984332405",0.21246194480857505,0.11075480108742296,0.10938423034081016,0.11539062739123342,0.027335303625011718,0.7918430087241802,4.0,0.0,TRACK_TRAJECTORY,scenario.pva_command,linear,29228000000,8.0,29228000000,8.0,body_twist_rotated_by_q_xyzw_to_lio_enu_then_enu_to_ned,linear,29212000000,8.0,29212000000,8.0,position:linear;velocity:linear;acceleration:linear,29212000000,8.0,1.062705438548769,1.7952742686599588,4.303276299477057
29256000000,-0.063484858,2,0.20800000000000002,MAIN,MAIN,TRACK_MAIN,False,"2.9250543055821194,-0.012299267443452945,2.9999850028888484","1.0910789922521229,0.042471747817179661,-0.011133128543454487","1.8653619241773627,-0.0044471662632760579,-0.038269830844357651","4.5199249481673354,-0.21187225639095933,0.26817385547177375","2.7389005054648399,-0.093830424392399928,3.0389378544966172","0.69549075727288234,0.057968319753394386,0.090847838899183908",NOT_RECORDED,NOT_RECORDED,NOT_RECORDED,"0.15599429607391357,3.030882716178894,-3.0108428796132407","0.058629175027211509,1.1623310645421345,0.026680299701790016","0.022066660535832245,2.7651659647623696,0.3159833202759425","0.14524663736422858,2.9577148358027139,-3.027285099029541","0.052829249451557793,0.78563136855761206,-0.033501398439208664",0.20692484505229128,0.10229893035303504,0.11150631749898783,0.10695959087328938,0.07469695302149279,0.9420589560515334,36.0,48.0,TRACK_TRAJECTORY,scenario.pva_command,linear,29248000000,8.0,29248000000,8.0,body_twist_rotated_by_q_xyzw_to_lio_enu_then_enu_to_ned,linear,29260000000,4.0,29260000000,4.0,position:linear;velocity:linear;acceleration:linear,29260000000,4.0,1.0919620704253967,1.8657597555449903,4.532827881891422
29272000000,-0.047484858,2,0.224,MAIN,MAIN,TRACK_MAIN,False,"2.9427534513003852,-0.011620436147193967,2.9998021581959824","1.1215106544207167,0.04237278156373981,-0.011710916140827634","1.939004443374071,-0.0079648668808809421,-0.033942075271887681","4.6732401529619585,-0.22734426853581904,0.2725043917674439","2.7501358875490394,-0.092897478331332106,3.0403887826630211","0.72167106810271475,0.059198103277926337,0.089946013362269608",NOT_RECORDED,NOT_RECORDED,NOT_RECORDED,"0.15622098743915558,3.0363962650299072,-3.0107908248901367","0.057877914980053902,1.1618220806121826,0.028115872293710709","0.017275447025895119,2.7102869749069214,0.31988660246133804","0.14598007127642632,2.9697167873382568,-3.0284199714660645","0.053275794722139835,0.80815905332565308,-0.03290159534662962",0.21296656436477157,0.1080776083532277,0.11204229181231368,0.10377529066832919,0.046201112867827306,0.8229690696031251,16.0,16.0,TRACK_TRAJECTORY,scenario.pva_command,linear,29268000000,4.0,29268000000,4.0,body_twist_rotated_by_q_xyzw_to_lio_enu_then_enu_to_ned,linear,29276000000,4.0,29276000000,4.0,position:linear;velocity:linear;acceleration:linear,29276000000,4.0,1.1223719286196934,1.9393178530098112,4.686695806986468
29288000000,-0.031484858,2,0.24000000000000002,MAIN,MAIN,TRACK_MAIN,False,"2.960949022263716,-0.010943648636465846,2.999610625515865","1.1531371690301664,0.042215676945559055,-0.012218978803816692","2.0145313357269035,-0.011706740552746639,-0.02955873798267682","4.75637394186489,-0.23992073526176574,0.27513841485454243","2.7617716290826184,-0.091943752741617757,3.0418241447846395","0.74779494515859324,0.060715898416525527,0.089460799945423858",NOT_RECORDED,NOT_RECORDED,NOT_RECORDED,"0.15724009275436401,3.062586784362793,-3.0105238556861877","0.058185681700706482,1.2274172008037567,0.030442532151937485","0.011551286792382598,2.9377965331077576,0.32424071431159973","0.14672211930155754,2.9820311069488525,-3.0295615196228027","0.053733179345726967,0.83161886036396027,-0.032794998958706856",0.21912241334130608,0.11404438153343947,0.11250190380196871,0.10142100437012283,0.07813233689578743,0.9694312908627482,16.0,16.0,TRACK_TRAJECTORY,scenario.pva_command,exact,29288000000,0.0,29288000000,0.0,body_twist_rotated_by_q_xyzw_to_lio_enu_then_enu_to_ned,linear,29292000000,4.0,29292000000,4.0,position:linear;velocity:linear;acceleration:linear,29292000000,4.0,1.1539743486845306,2.0147821890693596,4.770362269407698
29304000000,-0.015484858,2,0.256,MAIN,MAIN,TRACK_MAIN,False,"2.9796603303191325,-0.010269861869938253,2.9994115264209262","1.1859799321787565,0.041997210987041754,-0.012656640090112322","2.0908625982496214,-0.015627738134025834,-0.025146160571659991","4.7746629550854029,-0.24976103690205653,0.27617588093801737","2.7739277058617455,-0.090964412423821167,3.0432567614651092","0.77439443733813251,0.061853394733648683,0.089470977009147468",NOT_RECORDED,NOT_RECORDED,NOT_RECORDED,"0.15791818499565125,3.0804147720336914,-3.0103391408920288","0.057954071089625359,1.2659174203872681,0.032360345125198364","0.0059344088658690453,3.0463440418243408,0.33080871403217316","0.14747828990221024,2.9946857690811157,-3.0307345390319824","0.054172338917851448,0.85617071390151978,-0.033110847696661949",0.22529964023783308,0.12019386189991225,0.1128103577332763,0.09961336357706772,0.08386214519989947,1.0034138287799685,16.0,0.0,TRACK_TRAJECTORY,scenario.pva_command,linear,29308000000,4.0,29308000000,4.0,body_twist_rotated_by_q_xyzw_to_lio_enu_then_enu_to_ned,linear,29292000000,12.0,29292000000,12.0,position:linear;velocity:linear;acceleration:linear,29292000000,12.0,1.1867907801292479,2.0910722035237903,4.789160680895051
29316000000,-0.003484858,2,0.272,MAIN,MAIN,TRACK_MAIN,False,"2.9989068950275564,-0.0096000787158224792,2.9992059900028072","1.2200437363974532,0.041714861243481248,-0.013023632323466311","2.1670023749212151,-0.019685333330068139,-0.020729103135068542","4.7332889230681028,-0.25702114939805976,0.27571452115087197","2.7833400045230108,-0.091101766612621135,3.0495003238661691","0.79433193925827461,0.060301603141161467,0.097297492707991845",NOT_RECORDED,NOT_RECORDED,NOT_RECORDED,"0.15825657546520233,3.0895125865936279,-3.0102434158325195","0.057527624070644379,1.281043529510498,0.033597495406866074","0.0018169628456234932,3.0682659149169922,0.33627483248710632","0.14804860949516296,3.0042417049407959,-3.0316219329833984","0.054496265947818756,0.87480193376541138,-0.033414222300052643",0.23588372014741762,0.12987117882669744,0.11450271313513967,0.10290866918739601,0.0662895321316787,0.9551478548260769,12.0,24.0,TRACK_TRAJECTORY,scenario.pva_command,linear,29308000000,8.0,29308000000,8.0,body_twist_rotated_by_q_xyzw_to_lio_enu_then_enu_to_ned,exact,29316000000,0.0,29316000000,0.0,position:exact;velocity:exact;acceleration:exact,29316000000,0.0,1.2208261396980808,2.1671909239795384,4.748273622870796
29320000000,0.000515142,2,0.28800000000000003,MAIN,MAIN,TRACK_MAIN,False,"3.0187081886717899,-0.0089353370639779685,2.9989951465330114","1.2553180971729025,0.041366765871218854,-0.013320071574521541","2.2420364781296729,-0.023839468226149987,-0.01633077987158138","4.6372786664929562,-0.26185364429925495,0.27384984155416625","2.7865266442562526,-0.091292861246745682,3.0524430279816408","0.80097575369590324,0.059383520305277472,0.10120947842444858",NOT_RECORDED,NOT_RECORDED,NOT_RECORDED,"0.15842502564191818,3.0941904187202454,-3.0101936459541321","0.057435741648077965,1.2913189828395844,0.034058280289173126","0.00027893879450857639,3.096526563167572,0.3385385200381279","0.14824190363287926,3.0075430274009705,-3.0319235324859619","0.054597730748355389,0.88134536147117615,-0.033668756484985352",0.2520867060914677,0.14617934364896212,0.11547568741995373,0.10509008876073063,0.044546032954632796,0.9135386312622598,4.0,0.0,TRACK_TRAJECTORY,scenario.pva_command,linear,29328000000,8.0,29328000000,8.0,body_twist_rotated_by_q_xyzw_to_lio_enu_then_enu_to_ned,linear,29316000000,4.0,29316000000,4.0,position:linear;velocity:linear;acceleration:linear,29316000000,4.0,1.2560701249194615,2.242222688289597,4.6527319391366975
29352000000,0.032515142,2,0.304,MAIN,MAIN,TRACK_MAIN,False,"3.0390834021716144,-0.0082766995699241133,2.9987801215193159","1.2917785398135198,0.040951684569327157,-0.013546433211260332","2.3151299101157439,-0.028052498817204386,-0.011972894683475926","4.4915040962752864,-0.26440768876323478,0.27067512313701547","2.8128969803347181,-0.090274058375843833,3.0609660626110275","0.85796234871695898,0.059540828341304239,0.11089808952937774",NOT_RECORDED,NOT_RECORDED,NOT_RECORDED,"0.15948852399984995,3.1242627302805581,-3.009873072306315","0.056280367076396942,1.3489761749903362,0.037492084006468453","-0.012699942104518414,3.2133728265762329,0.35867831607659656","0.14980955918629965,3.0345229307810464,-3.0344026883443198","0.055535238236188889,0.93517981966336572,-0.035949961592753731",0.24849739544708907,0.14008413127432673,0.11797039861349078,0.10768381704162389,0.06387434672252065,0.9629541459448849,32.0,40.0,TRACK_TRAJECTORY,scenario.pva_command,linear,29348000000,4.0,29348000000,4.0,body_twist_rotated_by_q_xyzw_to_lio_enu_then_enu_to_ned,linear,29356000000,4.0,29356000000,4.0,position:linear;velocity:linear;acceleration:linear,29356000000,4.0,1.2924984882948847,2.315330817315211,4.507414502241837
29368000000,0.048515142,2,0.32,MAIN,MAIN,TRACK_MAIN,False,"3.0600512312714825,-0.0076252440168129171,2.9985620301488116","1.3293878466586873,0.040468960392817707,-0.013703528019071232","2.3855243844167053,-0.032289140537550637,-0.0076756767777793403","4.3006822135657519,-0.26482904555570252,0.2662814218165907","2.8267019244963056,-0.089317952371109247,3.0627512328616611","0.88535452282825067,0.060750672385034211,0.11355031410483232",NOT_RECORDED,NOT_RECORDED,NOT_RECORDED,"0.16059268265962601,3.1576027870178223,-3.0095192790031433","0.056110657751560211,1.4373709261417389,0.039586761966347694","-0.021794324740767479,3.5079668760299683,0.37006372213363647","0.15061389654874802,3.0485854148864746,-3.0356903076171875","0.056030242703855038,0.96370913088321686,-0.037980950437486172",0.2554326747219842,0.1471024181074107,0.11823075447463365,0.10896079930374018,0.11213808430000481,1.1795390555443415,16.0,16.0,TRACK_TRAJECTORY,scenario.pva_command,exact,29368000000,0.0,29368000000,0.0,body_twist_rotated_by_q_xyzw_to_lio_enu_then_enu_to_ned,linear,29372000000,4.0,29372000000,4.0,position:linear;velocity:linear;acceleration:linear,29372000000,4.0,1.3300742724672432,2.385755245882811,4.317048496491026
29384000000,0.064515142,2,0.336,MAIN,MAIN,TRACK_MAIN,False,"3.0816296823663132,-0.0069820542814181636,2.9983419721084648","1.3680972646310481,0.039918482437373011,-0.01379247889043426","2.4525358473101306,-0.036516413790624369,-0.003457916267419597","4.0693751097503519,-0.26326007305047289,0.2607575684381187","2.841067957970171,-0.088340017577829583,3.0645945390772389","0.91502466763797585,0.061962611406615603,0.11662225093860433",NOT_RECORDED,NOT_RECORDED,NOT_RECORDED,"0.16124925762414932,3.1781308650970459,-3.0093038082122803","0.055433012545108795,1.4829809665679932,0.041374281048774719","-0.029681768268346786,3.6172759532928467,0.38531072437763214","0.15143413096666336,3.0631990432739258,-3.037053108215332","0.056536713615059853,0.99378439784049988,-0.04050932265818119",0.26244706907515203,0.15419601986398318,0.11847711884126862,0.10966181340758333,0.11916258399977114,1.225756009133016,16.0,0.0,TRACK_TRAJECTORY,scenario.pva_command,linear,29388000000,4.0,29388000000,4.0,body_twist_rotated_by_q_xyzw_to_lio_enu_then_enu_to_ned,linear,29372000000,12.0,29372000000,12.0,position:linear;velocity:linear;acceleration:linear,29372000000,12.0,1.3687490066498684,2.4528101206579893,4.086210244152396
29400000000,0.080515142,2,0.35200000000000004,MAIN,MAIN,TRACK_MAIN,False,"3.1038358973308608,-0.0063482118901966615,2.9981210267740881","1.4078476731318996,0.039300649395602773,-0.013814698084224447","2.5155519992576467,-0.040703589478706899,0.00066300022762338603","3.8019899664504573,-0.25983972522947263,0.25419016877488182","2.8558868259980974,-0.087339374787469545,3.0664885126487182","0.94645671702920509,0.063533142721053398,0.1199807730019872",NOT_RECORDED,NOT_RECORDED,NOT_RECORDED,"0.16173578798770905,3.1940094232559204,-3.0091398358345032","0.054541913792490959,1.5129190683364868,0.04303950909525156","-0.036837223917245865,3.6566053032875061,0.40199023485183716","0.15226207301020622,3.0781068801879883,-3.0384535789489746","0.057001023553311825,1.024665892124176,-0.043211181648075581",0.2696524124999629,0.1616263514540435,0.11860098029621234,0.1097857632232157,0.11011986110273046,1.2100195118840311,16.0,24.0,TRACK_TRAJECTORY,scenario.pva_command,linear,29408000000,8.0,29408000000,8.0,body_twist_rotated_by_q_xyzw_to_lio_enu_then_enu_to_ned,linear,29396000000,4.0,29396000000,4.0,position:linear;velocity:linear;acceleration:linear,29396000000,4.0,1.4084638645236798,2.5158813729456515,3.819326777024857
29412000000,0.092515142,2,0.36800000000000005,MAIN,MAIN,TRACK_MAIN,False,"3.1266859967181588,-0.0057247881514771838,2.9979002487586102","1.4485707122796903,0.038616333984824572,-0.013771865054633976","2.5740298163487112,-0.044822134532655489,0.0046710539791667092","3.5027790555227778,-0.2547035516827405,0.24666360352821845","2.8672689095139199,-0.086954947442805949,3.0695315673810688","0.97081827537815046,0.063523936269682058,0.12495816232247917",NOT_RECORDED,NOT_RECORDED,NOT_RECORDED,"0.16221818327903748,3.2101931571960449,-3.0089747905731201","0.053907789289951324,1.5489318370819092,0.044357024133205414","-0.042062681168317795,3.7348473072052002,0.41500341892242432","0.15289197862148285,3.0896368026733398,-3.0395393371582031","0.057242922484874725,1.0487730503082275,-0.045459110289812088",0.2811167190325374,0.17295316502955016,0.11948575223736246,0.11151904475315694,0.1060265812557246,1.234354699778979,12.0,16.0,TRACK_TRAJECTORY,scenario.pva_command,linear,29408000000,4.0,29408000000,4.0,body_twist_rotated_by_q_xyzw_to_lio_enu_then_enu_to_ned,exact,29412000000,0.0,29412000000,0.0,position:exact;velocity:exact;acceleration:exact,29412000000,0.0,1.4491507837323208,2.5744242731029243,3.5206786198621387
29416000000,0.096515142,2,0.384,MAIN,MAIN,TRACK_MAIN,False,"3.1501949406925185,-0.0051128368498327484,2.9976806638105176","1.4901898714916131,0.037866848246368837,-0.013665904849712557","2.6274930717443641,-0.04884565744163271,0.0085515585496732244","3.1758397390593682,-0.24798369760842703,0.23826002832752305","2.8711660865901019,-0.087074626159502441,3.0716191907683625","0.97917015826789733,0.062669698778949109,0.12820852640634456",NOT_RECORDED,NOT_RECORDED,NOT_RECORDED,"0.16242772589127222,3.217702547709147,-3.0089011589686074","0.05368367893000444,1.5676062703132629,0.044813617443044983","-0.044293944413463272,3.7830561399459839,0.41967152059078217","0.15310624490181604,3.0936380624771118,-3.0399257342020669","0.057328063373764358,1.0572293202082317,-0.046340474858880043",0.3000695620972683,0.19223272879385755,0.12032601562176348,0.1132437357905839,0.08493321458171936,1.2323642838834485,4.0,0.0,TRACK_TRAJECTORY,scenario.pva_command,linear,29408000000,8.0,29408000000,8.0,body_twist_rotated_by_q_xyzw_to_lio_enu_then_enu_to_ned,linear,29412000000,4.0,29412000000,4.0,position:linear;velocity:linear;acceleration:linear,29412000000,4.0,1.4907335470323546,2.627960971831425,3.194404765142773
29420000000,0.100515142,2,0.4,MAIN,MAIN,TRACK_MAIN,False,"3.1743764070625886,-0.0045133874886918012,2.9974632650533728","1.5326215384083044,0.037053909716408054,-0.013498967079526336","2.6755298571210129,-0.052749853782836649,0.012291124191100669","2.8251144693876191,-0.23980890381279302,0.22905937373024476","2.8750632636662843,-0.087194304876198919,3.0737068141556558","0.98752204115764408,0.061815461288216147,0.13145889049020998",NOT_RECORDED,NOT_RECORDED,NOT_RECORDED,"0.16263726850350699,3.2252119382222495,-3.0088275273640952","0.053459568570057549,1.5862807035446167,0.045270210752884545","-0.046525207658608757,3.8312649726867676,0.42433962225914001","0.15332051118214926,3.0976393222808838,-3.0403121312459311","0.057413204262653984,1.0656855901082356,-0.047221839427947998",0.31974610347825766,0.21221806857048062,0.12118534618584387,0.11499913487994926,0.06448149788970682,1.2354791832794492,4.0,0.0,TRACK_TRAJECTORY,scenario.pva_command,linear,29428000000,8.0,29428000000,8.0,body_twist_rotated_by_q_xyzw_to_lio_enu_then_enu_to_ned,linear,29412000000,8.0,29412000000,8.0,position:linear;velocity:linear;acceleration:linear,29412000000,8.0,1.5331288250928308,2.6760780323364974,2.844511956766024
29464000000,0.144515142,2,0.41600000000000004,MAIN,MAIN,TRACK_MAIN,False,"3.1992426857799439,-0.0039274390672439426,2.9972490095572715","1.5757760081616357,0.036179608468310386,-0.013273405453935206","2.7177901041141723,-0.056512451751230194,0.015877622243750316","2.4543907890703101,-0.23030450671021202,0.21913934522188944","2.9202590758233224,-0.085214116341626497,3.0830289349877749","1.0856512235742846,0.063003200621175537,0.14825899784760307",NOT_RECORDED,NOT_RECORDED,NOT_RECORDED,"0.1640811413526535,3.2790946960449219,-3.0083144903182983","0.05038708820939064,1.6940949559211731,0.050112148746848106","-0.06723056361079216,3.9619252681732178,0.4846552312374115","0.15571316331624985,3.1434288024902344,-3.0447912216186523","0.058314237743616104,1.1632981896400452,-0.057815717533230782",0.3029811448483232,0.19238336700839673,0.12364889439914513,0.11929385845930474,0.12473299037110627,1.3410892296130248,44.0,40.0,TRACK_TRAJECTORY,scenario.pva_command,linear,29468000000,4.0,29468000000,4.0,body_twist_rotated_by_q_xyzw_to_lio_enu_then_enu_to_ned,linear,29452000000,12.0,29452000000,12.0,position:linear;velocity:linear;acceleration:linear,29452000000,12.0,1.5762471808885445,2.7184239562864314,2.4748932025258163
29480000000,0.160515142,2,0.43200000000000005,MAIN,MAIN,TRACK_MAIN,False,"3.2248045892687109,-0.0033559543776958351,2.9970388152331524","1.6195584529856117,0.035246375026517632,-0.012991757889988471","2.7539831057622566,-0.060113157689271529,0.019300149535116051","2.067301330905531,-0.21959243832317027,0.20857542321601827","2.9378982811608485,-0.084197268087162686,3.0854204325139918","1.1282862264831273,0.063975790757768547,0.15127737690742604",NOT_RECORDED,NOT_RECORDED,NOT_RECORDED,"0.16483332961797714,3.3091564774513245,-3.0080423951148987","0.049181397072970867,1.7655697166919708,0.051958802156150341","-0.076126936823129654,4.1115357875823975,0.5059683620929718","0.15660262107849121,3.1610500812530518,-3.0465586185455322","0.058569233864545822,1.2012337446212769,-0.061704459600150585",0.3109049017103669,0.20052364813416426,0.12380709022146671,0.11564548748174883,0.15176265847501516,1.4557172576936743,16.0,24.0,TRACK_TRAJECTORY,scenario.pva_command,linear,29488000000,8.0,29488000000,8.0,body_twist_rotated_by_q_xyzw_to_lio_enu_then_enu_to_ned,linear,29476000000,4.0,29476000000,4.0,position:linear;velocity:linear;acceleration:linear,29476000000,4.0,1.619994035594801,2.754706705680911,2.089368167389902
29496000000,0.176515142,2,0.448,MAIN,MAIN,TRACK_MAIN,False,"3.2510713779517055,-0.0027998548089327988,2.996833558040823","1.6638698521703672,0.034256949151947408,-0.012656727188939019","2.7838750379503225,-0.063533601616643051,0.022548992778733144","1.6673238179267167,-0.20779122628226243,0.19744086305424846","2.9561832032434734,-0.083165330757428033,3.0878573336661868","1.1727237128658272,0.064973751968135651,0.15390317592125208",NOT_RECORDED,NOT_RECORDED,NOT_RECORDED,"0.16536803543567657,3.332066535949707,-3.0078466335932412","0.047826215003927551,1.8119903008143108,0.053805823748310409","-0.083433759709199265,4.1568777561187744,0.52756456534067786","0.15749993920326233,3.179455041885376,-3.0484259923299155","0.05871949096520742,1.2409658630688984,-0.065248690545558929",0.3189090356767547,0.20860857415291542,0.12404385997417725,0.11205232983860833,0.15432770467384432,1.4792421732822738,16.0,16.0,TRACK_TRAJECTORY,scenario.pva_command,linear,29488000000,8.0,29488000000,8.0,body_twist_rotated_by_q_xyzw_to_lio_enu_then_enu_to_ned,linear,29492000000,4.0,29492000000,4.0,position:linear;velocity:linear;acceleration:linear,29492000000,4.0,1.6642705958676833,2.7846912221164892,1.6917827289428202
29516000000,0.196515142,2,0.464,MAIN,MAIN,TRACK_MAIN,False,"3.278050700338591,-0.0022600156426418432,2.9966340695015994","1.708607882359263,0.033214349498919729,-0.012271162282875833","2.8072864808538509,-0.066757282759981634,0.025615592973027117","1.2577810634026934,-0.195015993826199,0.18580669500625269","2.9807620453495982,-0.082223969900134364,3.0914779170957596","1.231375311015183,0.065081186166300042,0.15776475418009031",NOT_RECORDED,NOT_RECORDED,NOT_RECORDED,"0.16584427654743195,3.3533680438995361,-3.007671594619751","0.046068843454122543,1.8448135852813721,0.056198686361312866","-0.091630503535270691,4.1181812286376953,0.55510568618774414","0.15862929821014404,3.2031979560852051,-3.0508785247802734","0.058877952396869659,1.292056679725647,-0.06935776025056839",0.32213372035867816,0.21228606176786985,0.1240047257652437,0.10740812442933727,0.14369014891429352,1.4339807951814165,20.0,24.0,TRACK_TRAJECTORY,scenario.pva_command,linear,29508000000,8.0,29508000000,8.0,body_twist_rotated_by_q_xyzw_to_lio_enu_then_enu_to_ned,exact,29516000000,0.0,29516000000,0.0,position:exact;velocity:exact;acceleration:exact,29516000000,0.0,1.7089747423811197,2.808196944480507,1.286300341759877
29520000000,0.200515142,2,0.48000000000000004,MAIN,MAIN,TRACK_MAIN,False,"3.3057485470415187,-0.001737261827951649,2.9964411345064441","1.7536677681890818,0.032121844143608039,-0.011838040050975017","2.8240899403825024,-0.06976951508260873,0.028492509800162866","0.8418409708376009,-0.18137845980179837,0.17374172426975959","2.9860301575927828,-0.082143803454052894,3.0923637259395531","1.2439213026721747,0.06469202559604191,0.1586847408671154",NOT_RECORDED,NOT_RECORDED,NOT_RECORDED,"0.16611826047301292,3.3666796088218689,-3.0075703859329224","0.045631177723407745,1.8796003460884094,0.056629723869264126","-0.094318050891160965,4.2009181976318359,0.55935615301132202","0.15885638818144798,3.2081599235534668,-3.0513885021209717","0.058867583051323891,1.3027158379554749,-0.070158211514353752",0.3433456043627276,0.23468099087730776,0.12401695507431215,0.10643151746255107,0.13434214234341402,1.4972724304346994,4.0,0.0,TRACK_TRAJECTORY,scenario.pva_command,linear,29528000000,8.0,29528000000,8.0,body_twist_rotated_by_q_xyzw_to_lio_enu_then_enu_to_ned,linear,29516000000,4.0,29516000000,4.0,position:linear;velocity:linear;acceleration:linear,29516000000,4.0,1.754001879488363,2.8250953257756137,0.8785104169064224
29544000000,0.224515142,2,0.49600000000000005,MAIN,MAIN,TRACK_MAIN,False,"3.3341692180837716,-0.001232364220645149,2.9962554894104816","1.798943093273327,0.030982921984014131,-0.011360447705369045","2.8342073696238921,-0.072557372814259585,0.031173386024893338","0.42251653397093225,-0.16698693866399422,0.16131253097055329","3.0172277094679014,-0.080954950734298564,3.0967161786722768","1.3183429281272516,0.064328591424161197,0.16186616165187048",NOT_RECORDED,NOT_RECORDED,NOT_RECORDED,"0.16720159351825714,3.4204632043838501,-3.0071703195571899","0.043137809261679649,2.0039677619934082,0.059413472190499306","-0.10673104226589203,4.4102506637573242,0.58742055296897888","0.16022178530693054,3.2385765314102173,-3.0545291900634766","0.058769775554537773,1.3678299784660339,-0.074523929506540298",0.34190636257765905,0.23335786271200468,0.12405180790360848,0.100541205986572,0.2109311480807904,1.6934399209971118,24.0,16.0,TRACK_TRAJECTORY,scenario.pva_command,linear,29548000000,4.0,29548000000,4.0,body_twist_rotated_by_q_xyzw_to_lio_enu_then_enu_to_ned,linear,29532000000,12.0,29532000000,12.0,position:linear;velocity:linear;acceleration:linear,29532000000,12.0,1.7992457458786835,2.8353073495436694,0.48210641129454834
29560000000,0.240515142,2,0.512,MAIN,MAIN,TRACK_MAIN,False,"3.3633153028668765,-0.0007460362730002956,2.9960778204047869","1.844326571528619,0.029801265011467955,-0.010841565746634734","2.8376076902873457,-0.0751096359808133,0.033652911893408258","0.0026658367775400649,-0.15194634047582756,0.14858347016247409","3.0386352557183844,-0.079920853094133826,3.0993158699846028","1.368061302419366,0.064669117579236574,0.16329841205685677",NOT_RECORDED,NOT_RECORDED,NOT_RECORDED,"0.16758919879794121,3.4414172768592834,-3.0070274472236633","0.041518245823681355,2.0378438234329224,0.061383558437228203","-0.11279188841581345,4.3783318996429443,0.60753500461578369","0.16113511100411415,3.2595123648643494,-3.056692361831665","0.058660252951085567,1.4124300479888916,-0.077129341661930084",0.3497768996318248,0.24185056453088571,0.12382941562208802,0.09710716106579667,0.20035145981270858,1.6692432374343795,16.0,24.0,TRACK_TRAJECTORY,scenario.pva_command,linear,29568000000,8.0,29568000000,8.0,body_twist_rotated_by_q_xyzw_to_lio_enu_then_enu_to_ned,linear,29556000000,4.0,29556000000,4.0,position:linear;velocity:linear;acceleration:linear,29556000000,4.0,1.8445991861080913,2.838801046194319,0.2125366901860557
29576000000,0.256515142,2,0.528,MAIN,MAIN,TRACK_MAIN,False,"3.3931876721616843,-0.00027893116031466324,2.9959087621563327","1.8897107788441927,0.028580721453651384,-0.010284651488899331","2.8343043141476683,-0.07741673593402229,0.035926789532183659","-0.41500794653240458,-0.13635817090845445,0.13561667182741682","3.0607997354067935,-0.078880729652416021,3.1019327436370849","1.4198599534442102,0.06502434645978819,0.16397328751620815",NOT_RECORDED,NOT_RECORDED,NOT_RECORDED,"0.1680489256978035,3.4675904512405396,-3.0068585475285849","0.039783971384167671,2.0858438014984131,0.063345501820246383","-0.11926817893981934,4.3811826705932617,0.62635359168052673","0.16205026457707086,3.2813659111658731,-3.0589300791422525","0.058472060908873878,1.458627422650655,-0.079471987982590989",0.3576325878263851,0.25017346360927023,0.12369793852586905,0.09320042241043468,0.2034923320972369,1.68321106705628,16.0,16.0,TRACK_TRAJECTORY,scenario.pva_command,linear,29568000000,8.0,29568000000,8.0,body_twist_rotated_by_q_xyzw_to_lio_enu_then_enu_to_ned,linear,29572000000,4.0,29572000000,4.0,position:linear;velocity:linear;acceleration:linear,29572000000,4.0,1.8899548828940296,2.835589009430819,0.45740247937247536
29592000000,0.272515142,2,0.544,MAIN,MAIN,TRACK_MAIN,False,"3.4237854814889093,0.00016836066983052809,2.995748896706973","1.9349888450944954,0.027325279789146353,-0.0096930231545651873","2.8243526644889081,-0.079470700881242612,0.037991697346829841","-0.82795655151330116,-0.12032053124114314,0.12247204087533455","3.0837501090124153,-0.077836117521897202,3.1045554146519012","1.4742546866427639,0.06533732847490388,0.16352095288540006",NOT_RECORDED,NOT_RECORDED,NOT_RECORDED,"0.16837314516305923,3.4870210886001587,-3.0067401329676309","0.038117179647088051,2.1114165782928467,0.065439869960149125","-0.12464737892150879,4.3090696334838867,0.6440105140209198","0.16296049704154333,3.3039185603459678,-3.0612519582112632","0.058233170459667839,1.5058560768763225,-0.08114999781052272",0.3654416663442905,0.25854172588612706,0.12346789811235838,0.08851040145512025,0.1853400147642643,1.6344884296228257,16.0,24.0,TRACK_TRAJECTORY,scenario.pva_command,linear,29588000000,4.0,29588000000,4.0,body_twist_rotated_by_q_xyzw_to_lio_enu_then_enu_to_ned,linear,29596000000,4.0,29596000000,4.0,position:linear;velocity:linear;acceleration:linear,29596000000,4.0,1.935206050076725,2.8257259128888355,0.8455699156356725
29608000000,0.288515142,2,0.56,MAIN,MAIN,TRACK_MAIN,False,"3.4551061852546172,0.00059531353951137989,2.9955987526223522","1.9800551064948855,0.026039043633507435,-0.0090700445386528491","2.807847697548139,-0.081265101415163576,0.039845254420941237","-1.2337866234843329,-0.10392811836126889,0.10920725714423327","3.1075335829176334,-0.076790538917061141,3.1071627870004446","1.5305855683152765,0.065405100903722868,0.16204991581529965",NOT_RECORDED,NOT_RECORDED,NOT_RECORDED,"0.16913999617099762,3.5372315049171448,-3.0064637660980225","0.035852277651429176,2.2273619174957275,0.067124087363481522","-0.13313618674874306,4.4927002191543579,0.65670047700405121","0.16386799514293671,3.3272058367729187,-3.0636076927185059","0.057866270653903484,1.5542269349098206,-0.08248753659427166",0.37315119967976745,0.2669072766831804,0.1231465265023285,0.08334218837601928,0.25421886282808315,1.8238954424590506,16.0,16.0,TRACK_TRAJECTORY,scenario.pva_command,exact,29608000000,0.0,29608000000,0.0,body_twist_rotated_by_q_xyzw_to_lio_enu_then_enu_to_ned,linear,29612000000,4.0,29612000000,4.0,position:linear;velocity:linear;acceleration:linear,29612000000,4.0,1.9802470861631771,2.809306027052637,1.2429628759894447
29616000000,0.296515142,2,0.5760000000000001,MAIN,MAIN,TRACK_MAIN,False,"3.4871455610061419,0.0010014681875516131,2.9954588043816375","2.0248057183004295,0.024726207496858651,-0.0084191102427624287","2.7849214239591999,-0.082794996043537392,0.041485984914944624","-1.6302597175292259,-0.087272224764323725,0.095877775400176585","3.1195335172715324,-0.076273106673125785,3.1061820421619601","1.5584540742708295,0.065500720406487606,0.15724466250840188",NOT_RECORDED,NOT_RECORDED,NOT_RECORDED,"0.1694397528966268,3.5575691858927407,-3.0063565174738565","0.034790037820736565,2.270031213760376,0.068042478213707611","-0.13657415161530176,4.5367968082427979,0.66271812717119849","0.16432033230861029,3.3392150402069092,-3.0648097991943359","0.057640530789891876,1.5788213610649109,-0.08287251740694046",0.39162432253780255,0.2867496569571012,0.12219199263404296,0.07751016010275062,0.2525703274586362,1.888878765593983,8.0,0.0,TRACK_TRAJECTORY,scenario.pva_command,linear,29608000000,8.0,29608000000,8.0,body_twist_rotated_by_q_xyzw_to_lio_enu_then_enu_to_ned,linear,29612000000,4.0,29612000000,4.0,position:linear;velocity:linear;acceleration:linear,29612000000,4.0,2.0249741883827994,2.7864607364793694,1.6354069021590538
29620000000,0.300515142,2,0.5920000000000001,MAIN,MAIN,TRACK_MAIN,False,"3.5198977431739316,0.0013864330357066038,2.9953294719989336","2.0691392278478022,0.023391033413014621,-0.0077436314786536297","2.7557404301964619,-0.084056876718908657,0.042913282464948049","-2.0152922984963535,-0.070440738553910032,0.082536825337283487","3.1255334844484821,-0.07601439055115812,3.1056916697427179","1.5723883272486061,0.065548530157869961,0.15484203585495301",NOT_RECORDED,NOT_RECORDED,NOT_RECORDED,"0.16951091090838113,3.56278928120931,-3.0063315232594809","0.03434386601050695,2.2761831283569336,0.068573993941148118","-0.13763078053792319,4.5136737823486328,0.66597719987233484","0.16454602281252542,3.3453412055969238,-3.0654201507568359","0.057517183323701225,1.5912278890609741,-0.082951486110687256",0.4167659663922143,0.3129741975710049,0.12180976907448089,0.07475080443570822,0.21607284484002665,1.8962398449900169,4.0,0.0,TRACK_TRAJECTORY,scenario.pva_command,linear,29628000000,8.0,29628000000,8.0,body_twist_rotated_by_q_xyzw_to_lio_enu_then_enu_to_ned,linear,29612000000,8.0,29612000000,8.0,position:linear;velocity:linear;acceleration:linear,29612000000,8.0,2.069285927195951,2.757356057340987,2.018211404576709
29656000000,0.336515142,2,0.608,MAIN,MAIN,TRACK_MAIN,False,"3.5533552656648153,0.0017498850878855756,2.9952111208673071","2.112957107940284,0.02203782844012599,-0.0070470224414439673","2.7205034000186403,-0.085048614368345168,0.044127374581590453","-2.3869557409988413,-0.053518143441738941,0.069235411577727696","3.1836643697499429,-0.073669096533220901,3.1088397115812834","1.7014801712207679,0.064832387564956948,0.14456217308483135",NOT_RECORDED,NOT_RECORDED,NOT_RECORDED,"0.17026586333910623,3.621167778968811,-3.0060700178146362","0.030059115029871464,2.3608750502268472,0.073176213850577668","-0.14760131388902664,4.3742767175038653,0.69126824537913001","0.16656223932902017,3.402047554651896,-3.0709396998087564","0.056225340813398361,1.704702655474345,-0.082895970592896148",0.3940442081020226,0.2913945177872648,0.11964536589687504,0.062347302975545166,0.25671134977360144,1.8109902660425383,36.0,40.0,TRACK_TRAJECTORY,scenario.pva_command,linear,29648000000,8.0,29648000000,8.0,body_twist_rotated_by_q_xyzw_to_lio_enu_then_enu_to_ned,linear,29652000000,4.0,29652000000,4.0,position:linear;velocity:linear;acceleration:linear,29652000000,4.0,2.1130837812076964,2.722190155280564,2.3885592819482446
29672000000,0.352515142,2,0.624,MAIN,MAIN,TRACK_MAIN,False,"3.5875091126721643,0.0020915704763563078,2.9951040618162605","2.1561642505758618,0.020670923032849352,-0.0063326872524254087","2.6794386359124807,-0.085769404423165996,0.045129287048889508","-2.7434763294143654,-0.036585518747637047,0.056022313671740542","3.2111472227546805,-0.072630613888251566,3.1111328187342107","1.7609857153940993,0.064439550889294539,0.14039292206554763",NOT_RECORDED,NOT_RECORDED,NOT_RECORDED,"0.17052250107129416,3.6430026292800903,-3.0059837102890015","0.028225039131939411,2.3833051522572837,0.075309558461109802","-0.15111944824457169,4.2615451018015547,0.70026179154713952","0.16744818290074667,3.4286328156789145,-3.0734370549519858","0.055524300783872604,1.756516416867574,-0.082095415641864136",0.4008669972078064,0.2993434705586538,0.11883293804611954,0.059144362106466626,0.237503395025055,1.7501255262654811,16.0,24.0,TRACK_TRAJECTORY,scenario.pva_command,linear,29668000000,4.0,29668000000,4.0,body_twist_rotated_by_q_xyzw_to_lio_enu_then_enu_to_ned,linear,29676000000,4.0,29676000000,4.0,position:linear;velocity:linear;acceleration:linear,29676000000,4.0,2.156272632448929,2.681190863572599,2.7442921436807866
29688000000,0.368515142,2,0.64,MAIN,MAIN,TRACK_MAIN,False,"3.6223487770684533,0.0024113046688767356,2.9950085513735778","2.1986694210184243,0.01929465028604125,-0.005604007471499764","2.6328015805365923,-0.086219712348673178,0.045920808323091013","-3.0832352578852884,-0.019720539399541159,0.042944086097606776","3.2395334529390216,-0.071597924445671979,3.1133580249526895","1.8227049691517865,0.063958320248753017,0.13483436741568933",NOT_RECORDED,NOT_RECORDED,NOT_RECORDED,"0.17111551389098167,3.6991697549819946,-3.0057931542396545","0.025538146495819092,2.49910569190979,0.076812613755464554","-0.15733616426587105,4.3841466903686523,0.70276181399822235","0.16832404956221581,3.4560379981994629,-3.0759203433990479","0.054712468758225441,1.8090782165527344,-0.080536419525742531",0.4074696752875046,0.307159663046351,0.11793885315407335,0.05674012073691809,0.30882292615823764,1.9059886968268935,16.0,16.0,TRACK_TRAJECTORY,scenario.pva_command,exact,29688000000,0.0,29688000000,0.0,body_twist_rotated_by_q_xyzw_to_lio_enu_then_enu_to_ned,linear,29692000000,4.0,29692000000,4.0,position:linear;velocity:linear;acceleration:linear,29692000000,4.0,2.198761221995443,2.6346132015744765,3.083597371524358
29704000000,0.384515142,2,0.656,MAIN,MAIN,TRACK_MAIN,False,"3.6578623257457088,0.0027089723506978818,2.9949247922224069","2.240385672212069,0.017913326049976672,-0.0048643301792319626","2.580872338165197,-0.0864012191738808,0.046504453931518239","-3.4047686303186708,-0.0029974759334974177,0.030045058261669588","3.2691919624359995,-0.07058028753371029,3.1154481378629733","1.8885696911870471,0.063444924609591849,0.12640533830959658",NOT_RECORDED,NOT_RECORDED,NOT_RECORDED,"0.17145166546106339,3.7334924936294556,-3.0056890249252319","0.023381725884974003,2.5508452653884888,0.078673258423805237","-0.16095881909132004,4.3342864513397217,0.70316192507743835","0.16918570548295975,3.4845402240753174,-3.0783939361572266","0.053812034428119659,1.8623172640800476,-0.077838290482759476",0.41347532426264705,0.31456305198531964,0.11687299967838435,0.05604231113070648,0.3191595530148456,1.9084076000166879,16.0,0.0,TRACK_TRAJECTORY,scenario.pva_command,linear,29708000000,4.0,29708000000,4.0,body_twist_rotated_by_q_xyzw_to_lio_enu_then_enu_to_ned,linear,29692000000,12.0,29692000000,12.0,position:linear;velocity:linear;acceleration:linear,29692000000,12.0,2.2404625659027175,2.582736893455563,3.4049025120243894
29716000000,0.396515142,2,0.672,MAIN,MAIN,TRACK_MAIN,False,"3.694036471269325,0.0029845269953824205,2.9948529338444789","2.2812307195384909,0.016531229917091932,-0.004116956628522208","2.5239531961318651,-0.086316767021243551,0.046883430871419995","-3.7067674603861143,0.01351280550633055,0.017367334498325337","3.2922935395673512,-0.070246129205824764,3.1118259921173697","1.9371901230270512,0.062355285200177621,0.11319322514352992",NOT_RECORDED,NOT_RECORDED,NOT_RECORDED,"0.17161153256893158,3.7509124279022217,-3.0056412220001221","0.021968096494674683,2.5658538341522217,0.080210663378238678","-0.16280241310596466,4.2341647148132324,0.70347815752029419","0.16982923448085785,3.5061228275299072,-3.0802478790283203","0.053123790770769119,1.9023535251617432,-0.075593113899230957",0.4247856030303632,0.3291940059768198,0.11389358982544132,0.05208240975428307,0.29466952522701634,1.8691484708340218,12.0,24.0,TRACK_TRAJECTORY,scenario.pva_command,linear,29708000000,8.0,29708000000,8.0,body_twist_rotated_by_q_xyzw_to_lio_enu_then_enu_to_ned,exact,29716000000,0.0,29716000000,0.0,position:exact;velocity:exact;acceleration:exact,29716000000,0.0,2.2812943314400607,2.5258638871925645,3.706832775510321
29720000000,0.400515142,2,0.6880000000000001,MAIN,MAIN,TRACK_MAIN,False,"3.7308566492107404,0.0032379901383834632,2.9947930733403343","2.3211272759174957,0.015152587080251441,-0.0033651314658963271","2.4623661462733102,-0.085970304636388606,0.047061602008819939","-3.9880776715239925,0.029742843167676059,0.0049507940700275754","3.3001370144459052,-0.070206254655877209,3.1097536551307825","1.9532672486926459,0.061874639950365663,0.10764079719875819",NOT_RECORDED,NOT_RECORDED,NOT_RECORDED,"0.17168594896793365,3.7597907781600952,-3.0056203007698059","0.021418364718556404,2.5783905982971191,0.080648194998502731","-0.16363383457064629,4.2178406715393066,0.7026309072971344","0.17003991827368736,3.5135960578918457,-3.0808494091033936","0.052877749316394329,1.9158520102500916,-0.074692146852612495",0.4518068129532252,0.3579525489971937,0.11279348864773778,0.050660217808704736,0.2686937828089806,1.910434843497465,4.0,0.0,TRACK_TRAJECTORY,scenario.pva_command,linear,29728000000,8.0,29728000000,8.0,body_twist_rotated_by_q_xyzw_to_lio_enu_then_enu_to_ned,linear,29716000000,4.0,29716000000,4.0,position:linear;velocity:linear;acceleration:linear,29716000000,4.0,2.3211791736126663,2.4643158738229527,3.988191653016421
29752000000,0.432515142,2,0.7040000000000001,MAIN,MAIN,TRACK_MAIN,False,"3.7683071005244853,0.0034694503673275484,2.9947452564174637","2.3600033472505895,0.013781551062539631,-0.0026120325224145875","2.3964504063731593,-0.085366832917843721,0.047043450477365474","-4.2477000969332579,0.045628579690150883,-0.0071669088327144803","3.3645332159434393,-0.068676235618678139,3.1077602684775263","2.0835793847905135,0.059309432433437254,0.081521608405094342",NOT_RECORDED,NOT_RECORDED,NOT_RECORDED,"0.17213882505893707,3.816571076711019,-3.0054975350697837","0.017417691648006439,2.6370423237482705,0.084344839056332901","-0.16808821012576422,3.979717175165812,0.69211003184318542","0.17170141637325287,3.5748249292373657,-3.0856008529663086","0.050748604660232864,2.0244960387547812,-0.066251982003450394",0.4254535730570319,0.33587701485033955,0.10846281894811355,0.061622163556518623,0.2888668684379551,1.749263947446725,32.0,40.0,TRACK_TRAJECTORY,scenario.pva_command,linear,29748000000,4.0,29748000000,4.0,body_twist_rotated_by_q_xyzw_to_lio_enu_then_enu_to_ned,linear,29756000000,4.0,29756000000,4.0,position:linear;velocity:linear;acceleration:linear,29756000000,4.0,2.3600450319639186,2.398431806952476,4.247951205622961
29768000000,0.448515142,2,0.7200000000000001,MAIN,MAIN,TRACK_MAIN,False,"3.806370958335044,0.0036790620429468287,2.9947094785372266","2.3977924882076858,0.012422187318576087,-0.0018607611741988123","2.3265599416056943,-0.084512350446768109,0.046834044077176729","-4.4847904795795017,0.061109362105262965,-0.018950345091336251","3.3981060036307182,-0.067730037890205624,3.1090190084923872","2.149613464690546,0.057863796839673347,0.070661033865050182",NOT_RECORDED,NOT_RECORDED,NOT_RECORDED,"0.17254844680428505,3.8783029913902283,-3.0054048895835876","0.014521597884595394,2.7476826310157776,0.085462316870689392","-0.17206287011504173,4.0432829856872559,0.68052972853183746","0.17250975221395493,3.6069021224975586,-3.0878643989562988","0.049606114625930786,2.0791679620742798,-0.060948776081204414",0.42993743897404174,0.34223700242713356,0.10701341944527604,0.07158970670188144,0.35974538172694454,1.8665104235655545,16.0,16.0,TRACK_TRAJECTORY,scenario.pva_command,exact,29768000000,0.0,29768000000,0.0,body_twist_rotated_by_q_xyzw_to_lio_enu_then_enu_to_ned,linear,29756000000,12.0,29756000000,12.0,position:linear;velocity:linear;acceleration:linear,29772000000,4.0,2.39782538765339,2.328565422518112,4.485246828820341
29784000000,0.464515142,2,0.7360000000000001,MAIN,MAIN,TRACK_MAIN,False,"3.8450303384990727,0.0038670437646041835,2.9946856862114473","2.4344340183569,0.011078457707356314,-0.0011143332725783335","2.2530609859796451,-0.083413799016681889,0.046438999673695039","-4.6986594721930608,0.076127941836404034,-0.030366310659216522","3.4329966226875501,-0.066813173518563751,3.1100550052025002","2.2158665991880309,0.056709645145592159,0.058564725894702983",NOT_RECORDED,NOT_RECORDED,NOT_RECORDED,"0.17277448624372482,3.9159026145935059,-3.0053601264953613","0.012304504401981831,2.7930701971054077,0.086921244859695435","-0.17426784336566925,3.9504785537719727,0.666634202003479","0.17330833524465561,3.6396154761314392,-3.0900659561157227","0.048439411446452141,2.133955717086792,-0.055190449580550194",0.43367909316118264,0.3485422615929082,0.1050598332223799,0.08239645085005602,0.3687604072754399,1.8433540755304512,16.0,0.0,TRACK_TRAJECTORY,scenario.pva_command,linear,29788000000,4.0,29788000000,4.0,body_twist_rotated_by_q_xyzw_to_lio_enu_then_enu_to_ned,linear,29780000000,4.0,29780000000,4.0,position:linear;velocity:linear;acceleration:linear,29772000000,12.0,2.434459480808243,2.2550827588141105,4.699374257492254
29800000000,0.480515142,2,0.752,MAIN,MAIN,TRACK_MAIN,False,"3.8842664333084262,0.0040336765943561875,2.9946737784395769","2.4698731986374556,0.0097542058366154646,-0.00037567064385362475","2.1763295637818993,-0.082079009163194952,0.045864447596532382","-4.888772637268783,0.090630474698856101,-0.041383826561679549","3.4688724649547185,-0.065916248371635983,3.1109105050901742","2.2807347026169693,0.055131808285067897,0.046790452647820203",NOT_RECORDED,NOT_RECORDED,NOT_RECORDED,"0.17292628809809685,3.944599449634552,-3.0053362846374512","0.010343411238864064,2.8136885166168213,0.088482119143009186","-0.17553484067320824,3.7972661852836609,0.65172724425792694","0.17408706992864609,3.6735020081202188,-3.092137654622396","0.047192866603533425,2.1889369885126748,-0.048664468651016556",0.4369852601287998,0.35423714592214817,0.10324613632389308,0.09215942190452818,0.3549254376730312,1.767145634041841,16.0,24.0,TRACK_TRAJECTORY,scenario.pva_command,linear,29808000000,8.0,29808000000,8.0,body_twist_rotated_by_q_xyzw_to_lio_enu_then_enu_to_ned,linear,29796000000,4.0,29796000000,4.0,position:linear;velocity:linear;acceleration:linear,29796000000,4.0,2.469892488147521,2.1783596767957443,4.889787766657465
29816000000,0.496515142,2,0.768,MAIN,MAIN,TRACK_MAIN,False,"3.9240596076995007,0.0041793020534980135,2.9946736082772984","2.50406136817569,0.008453143278717384,0.00035240684132075047","2.0967490110213678,-0.080516645693738537,0.045116996038319701","-5.0547504470663114,0.10456652089979124,-0.051974138895993949","3.5052953114211003,-0.065587752999375304,3.1071237858616012","2.3437255633155591,0.052690946898943387,0.028616516145957348",NOT_RECORDED,NOT_RECORDED,NOT_RECORDED,"0.17309504499038061,3.9801332553227744,-3.0053164164225259","0.0082274815067648888,2.8481366634368896,0.089766856282949448","-0.17620574186245599,3.6717716455459595,0.63367531696955359","0.17484837025403976,3.7082721789677939,-3.0940958658854165","0.045835693677266441,2.2439155181248984,-0.041791424776117005",0.4391765251547899,0.3595870255641064,0.10095033819733237,0.10090895815093973,0.3556815166948916,1.7177344691741356,16.0,16.0,TRACK_TRAJECTORY,scenario.pva_command,linear,29808000000,8.0,29808000000,8.0,body_twist_rotated_by_q_xyzw_to_lio_enu_then_enu_to_ned,linear,29820000000,4.0,29820000000,4.0,position:linear;velocity:linear;acceleration:linear,29812000000,4.0,2.5040756608800345,2.0987793806840145,5.056099044770003
29820000000,0.500515142,2,0.784,MAIN,MAIN,TRACK_MAIN,False,"3.9643894973343761,0.0043043199055347427,2.9946849845274586","2.5369560414441397,0.0071788366580675285,0.0010671886289357595","2.0147074968726466,-0.078736153217293103,0.044203695453556485","-5.196368283609857,0.11788904503826547,-0.062110718831371647","3.514455672153304,-0.065646074997917386,3.1050315926772663","2.3591193870633318,0.051900282518215782,0.022446279979791251",NOT_RECORDED,NOT_RECORDED,NOT_RECORDED,"0.17312281827131906,3.9866725603739419,-3.0053144296010337","0.007769349031150341,2.8504605293273926,0.0901050865650177","-0.17610793312390646,3.6261048316955566,0.62864216168721521","0.17503869533538818,3.7169647216796875,-3.0945854187011719","0.045496400445699692,2.2576601505279541,-0.04007316380739212",0.4685188136237302,0.39040942420831654,0.10024782380459457,0.10317796963214652,0.326493179701882,1.748943733133819,4.0,0.0,TRACK_TRAJECTORY,scenario.pva_command,linear,29828000000,8.0,29828000000,8.0,body_twist_rotated_by_q_xyzw_to_lio_enu_then_enu_to_ned,exact,29820000000,0.0,29820000000,0.0,position:linear;velocity:linear;acceleration:linear,29812000000,8.0,2.5369664228773807,2.016729938903584,5.198076462234876
29848000000,0.528515142,3,0.0,MAIN,MAIN,TRACK_MAIN,False,"4.0052351079192441,0.0044091857395235166,2.9947076735442328","2.5685209657637604,0.0059346956100506387,0.0017660802730080239","1.9305955451198553,-0.076747701674120511,0.043132002957459073","-5.3135564386882734,0.13055441610522667,-0.071769262608968321","3.5812080919472993,-0.064776575805069792,3.1009090183236223","2.4727957547799235,0.047809060362108011,-0.0071285638890016267",NOT_RECORDED,NOT_RECORDED,NOT_RECORDED,"0.17343688756227493,4.0729223489761353,-3.0053148865699768","0.0035081948153674603,2.9586865901947021,0.091607708483934402","-0.17707123607397079,3.5005308985710144,0.58964824676513672","0.17631321027874947,3.7805882096290588,-3.0976290702819824","0.042953122407197952,2.3534559607505798,-0.026575787924230099",0.442565594581784,0.3690398336822424,0.09716938970384,0.12410298104210957,0.40119043710003777,1.6956334126246995,28.0,40.0,TRACK_TRAJECTORY,scenario.pva_command,exact,29848000000,0.0,29848000000,0.0,body_twist_rotated_by_q_xyzw_to_lio_enu_then_enu_to_ned,linear,29852000000,4.0,29852000000,4.0,position:linear;velocity:linear;acceleration:linear,29852000000,4.0,2.5685284291242554,1.9326018053981047,5.3156445808336
29864000000,0.544515142,3,0.016,MAIN,MAIN,TRACK_MAIN,False,"4.0465749628558187,0.00449440885195796,2.9947414015738283","2.5987379532163488,0.0047240807512262109,0.0024467173620436526","1.8469817398651858,-0.074540387734536584,0.041929813786583593","-5.1433384820274402,0.145093466000036,-0.078451280094210568","3.6212785729181953,-0.064019798864588612,3.1006790230300334","2.5390057149744161,0.046462535172356934,-0.021553804444455003",NOT_RECORDED,NOT_RECORDED,NOT_RECORDED,"0.17355698347091675,4.1133759021759033,-3.0053290128707886","0.0013788621872663498,2.9952186346054077,0.092391658574342728","-0.17661586403846741,3.3714526891708374,0.56390741467475891","0.17700891941785812,3.8183891773223877,-3.0991373062133789","0.041413659229874611,2.4078987836837769,-0.018239917699247599",0.44361469271519777,0.3728376198667348,0.09535742369827227,0.13710601337206613,0.40767933324148825,1.6436148653286358,16.0,0.0,TRACK_TRAJECTORY,scenario.pva_command,linear,29868000000,4.0,29868000000,4.0,body_twist_rotated_by_q_xyzw_to_lio_enu_then_enu_to_ned,linear,29852000000,12.0,29852000000,12.0,position:linear;velocity:linear;acceleration:linear,29852000000,12.0,2.5987433988087187,1.8489607692115106,5.145982652315168
29880000000,0.560515142,3,0.032,MAIN,MAIN,TRACK_MAIN,False,"4.0883876979803695,0.0045605543175919958,2.9947858614099299","2.6276375990429597,0.0035505764081492541,0.0031072778790689603","1.765846970602827,-0.072113063733697816,0.040623300827822832","-5.0034471478987941,0.15806630205737837,-0.084807300097506519","3.6623271521072698,-0.06328652779456552,3.1002364830228544","2.6033154584560094,0.044952626309884357,-0.035447243489337789",NOT_RECORDED,NOT_RECORDED,NOT_RECORDED,"0.1736307255923748,4.1441335678100586,-3.005348801612854","-0.00045762304216623306,3.0071002840995789,0.09325607493519783","-0.17532996833324432,3.1891034841537476,0.53745003044605255","0.17769050225615501,3.8567835688591003,-3.1005411148071289","0.039818848483264446,2.4621456861495972,-0.0097085534944199026",0.4441290903547861,0.37649115357111895,0.09333767546704208,0.14830477500423145,0.3915276373116198,1.539636843249183,16.0,24.0,TRACK_TRAJECTORY,scenario.pva_command,linear,29888000000,8.0,29888000000,8.0,body_twist_rotated_by_q_xyzw_to_lio_enu_then_enu_to_ned,linear,29876000000,4.0,29876000000,4.0,position:linear;velocity:linear;acceleration:linear,29876000000,4.0,2.6276418351200186,1.7677856403190941,5.006661621860669
29896000000,0.576515142,3,0.048,MAIN,MAIN,TRACK_MAIN,False,"4.1306525326760335,0.0046082430076143967,2.994840718698947","2.6552557449047915,0.0024175049771389648,0.0037461349839622471","1.6867170579559716,-0.069490281468149881,0.039217794266628025","-4.8925005771092094,0.16953621905145141,-0.090823213283952126","3.7043335313483547,-0.062579835791078661,3.0995870226457067","2.6668964346766963,0.043237229946968311,-0.049430509037653024",NOT_RECORDED,NOT_RECORDED,NOT_RECORDED,"0.1737056647737821,4.1821072896321612,-3.0053815841674805","-0.0024212782736867666,3.0321630636850991,0.093777645379304886","-0.17373261849085489,3.0353081623713174,0.50871092081069946","0.17833884805440903,3.8963683446248374,-3.1017160415649414","0.038142101218303047,2.5159065723419189,-0.00096194768169273947",0.444110253221197,0.3793711364442006,0.09153589952690784,0.15925859021995592,0.38935000771780093,1.4593801110548439,16.0,16.0,TRACK_TRAJECTORY,scenario.pva_command,linear,29888000000,8.0,29888000000,8.0,body_twist_rotated_by_q_xyzw_to_lio_enu_then_enu_to_ned,linear,29892000000,4.0,29892000000,4.0,position:linear;velocity:linear;acceleration:linear,29892000000,4.0,2.6552594880176086,1.688603378003642,4.896279534774892
29916000000,0.596515142,3,0.064,MAIN,MAIN,TRACK_MAIN,False,"4.173349200041975,0.0046381458519721766,2.9949056137495722","2.6816208227362663,0.001327804086967778,0.0043617488823299543","1.6091399820339261,-0.066695587618012614,0.037718841931443682","-4.8091106930874297,0.17956556176128946,-0.096485923614297323","3.7582056559947095,-0.062480133242410099,3.0985168306772288","2.7456162715463956,0.038897580266062395,-0.067029098570191098",NOT_RECORDED,NOT_RECORDED,NOT_RECORDED,"0.173760786652565,4.2169513702392578,-3.0054185390472412","-0.0044891438446938992,3.0325798988342285,0.094429999589920044","-0.1714310348033905,2.7799298763275146,0.47007012367248535","0.17912060022354126,3.9469897747039795,-3.1029558181762695","0.036042291671037674,2.5827102661132812,0.010509456507861614",0.4331100435523808,0.37203152342880375,0.08981877087897673,0.17245576017630904,0.3646449225547768,1.280456217160986,20.0,24.0,TRACK_TRAJECTORY,scenario.pva_command,linear,29908000000,8.0,29908000000,8.0,body_twist_rotated_by_q_xyzw_to_lio_enu_then_enu_to_ned,exact,29916000000,0.0,29916000000,0.0,position:exact;velocity:exact;acceleration:exact,29916000000,0.0,2.681624698732046,1.6109632193891035,4.813429025423997
29920000000,0.600515142,3,0.08,MAIN,MAIN,TRACK_MAIN,False,"4.2164578311784169,0.0046509778110962298,2.9949801629526744","2.7067542100926336,0.00028404255912480204,0.0049526701780927117","1.5326859819101639,-0.063751538946902511,0.036132193080977017","-4.751883201884068,0.18821572497076364,-0.10178334834494608","3.7691524133602483,-0.062688262553239574,3.09827630938396","2.7611690845322148,0.037427663915279061,-0.070484508628233439",NOT_RECORDED,NOT_RECORDED,NOT_RECORDED,"0.17377270758152008,4.2275176048278809,-3.0054322481155396","-0.0049772710772231221,3.0397135019302368,0.094443734735250473","-0.17092674970626831,2.7445544004440308,0.46188222616910934","0.17926909402012825,3.957403302192688,-3.1031429767608643","0.035609240643680096,2.595887303352356,0.012812054017558694",0.4639900903789711,0.4036791940815009,0.08973983156927438,0.17506423356585937,0.3475186566961197,1.314583565781229,4.0,0.0,TRACK_TRAJECTORY,scenario.pva_command,linear,29928000000,8.0,29928000000,8.0,body_twist_rotated_by_q_xyzw_to_lio_enu_then_enu_to_ned,linear,29916000000,4.0,29916000000,4.0,position:linear;velocity:linear;acceleration:linear,29916000000,4.0,2.706758756054234,1.5344367413610973,4.756698326935876
29924000000,0.604515142,4,0.012,EMERGENCY,EMERGENCY,EMERGENCY_BRAKE,True,"3.8245529587418399,-0.062690670484205138,3.0968664150663208","2.7921864815041193,0.034486741483235828,-0.077430924240817989","-0.021892504580511469,-0.00027039782295699126,-0.0087607357947777926","-3.5939999568032177,-0.044390067863327436,-1.4144288571775843","3.7800991707257867,-0.062896391864069034,3.0980357880906912","2.7767218975180343,0.035957747564495726,-0.073939918686275766",NOT_RECORDED,NOT_RECORDED,NOT_RECORDED,"0.17378462851047516,4.2380838394165039,-3.0054459571838379","-0.0054653983097523451,3.0468471050262451,0.094457469880580902","-0.17042246460914612,2.7091789245605469,0.45369432866573334","0.17941758781671524,3.9678168296813965,-3.103330135345459","0.035176189616322517,2.6090643405914307,0.015114651527255774",0.044469641594378176,0.07112218070621902,0.08966745221312934,0.17767970982572484,0.2583372019340987,2.772303875654192,4.0,0.0,TRACK_TRAJECTORY,scenario.pva_command,linear,29928000000,4.0,29928000000,4.0,body_twist_rotated_by_q_xyzw_to_lio_enu_then_enu_to_ned,linear,29916000000,8.0,29916000000,8.0,position:linear;velocity:linear;acceleration:linear,29916000000,8.0,2.7934727904279417,0.023581886342196556,3.862565877709159
29960000000,0.640515142,4,0.028,EMERGENCY,EMERGENCY,EMERGENCY_BRAKE,True,"3.8692219255583931,-0.062138956936012672,3.0956251579736693","2.7911870942696053,0.034474397891779231,-0.077820014542607202","-0.1144708324079213,-0.0014138475459189964,-0.043818071040361763","-7.884364187740724,-0.097381042170157736,-2.8936790688049894","3.8823260773104589,-0.0620688880058647,3.0948631674657774","2.9186390006395362,0.030333734413037362,-0.10661222376301635",NOT_RECORDED,NOT_RECORDED,NOT_RECORDED,"0.15701579488813877,4.2470450401306152,-3.031084418296814","-0.026661803014576435,3.0027225613594055,0.089040031656622887","-0.19992289319634438,1.6673773229122162,0.36598671227693558","0.18068014085292816,4.0639715194702148,-3.1044812202453613","0.031298824585974216,2.7260534763336182,0.036568736657500267",0.013126474482139477,0.09445742093478231,0.08630633977903222,0.20492975786138976,0.2204785197750589,1.8215875831864465,36.0,40.0,TRACK_TRAJECTORY,scenario.pva_command,linear,29968000000,8.0,29968000000,8.0,body_twist_rotated_by_q_xyzw_to_lio_enu_then_enu_to_ned,linear,29956000000,4.0,29956000000,4.0,position:linear;velocity:linear;acceleration:linear,29956000000,4.0,2.7924845270816836,0.12257892880403098,8.399170212916435
29976000000,0.656515142,4,0.044000000000000004,EMERGENCY,EMERGENCY,EMERGENCY_BRAKE,True,"3.91386021864801,-0.06158762224392389,3.094372252466437","2.788181083171779,0.03443727016828612,-0.078940916908146364","-0.27124881640105863,-0.0033502374826404331,-0.09911584099471657","-11.622851758586476,-0.14355569964668685,-3.9523693916712408","3.9294519662400114,-0.061592276703287617,3.0930415968515996","2.996589082292322,0.028826528490795755,-0.12629165800724759",NOT_RECORDED,NOT_RECORDED,NOT_RECORDED,"0.10660151143868764,3.9605612754821777,-3.1072922547658286","-0.077401891350746155,2.570426901181539,0.074836215625206634","-0.29988182584444684,-0.95730928579966224,0.3132859965165456","0.18119255950053534,4.1082899570465088,-3.1046326955159507","0.029506732088824112,2.7771673202514648,0.045692726969718933",0.015648426726095163,0.09421810078469439,0.08479056640058086,0.2337574812031513,0.24483000305546893,0.7774823509791412,16.0,16.0,TRACK_TRAJECTORY,scenario.pva_command,linear,29968000000,8.0,29968000000,8.0,body_twist_rotated_by_q_xyzw_to_lio_enu_then_enu_to_ned,linear,29972000000,4.0,29972000000,4.0,position:linear;velocity:linear;acceleration:linear,29972000000,4.0,2.78951095113389,0.2888097893532268,12.277317094919292
29992000000,0.672515142,4,0.060000000000000005,EMERGENCY,EMERGENCY,EMERGENCY_BRAKE,True,"3.9584278872324328,-0.061037159846386045,3.0930936778720408","2.7822108968605264,0.03436353144299438,-0.081065643828869757","-0.48358337948968694,-0.0059728156068811463,-0.16829820876715534","-14.832831355744418,-0.18320267067349796,-4.6368014873641057","3.977939422371743,-0.061130865882811837,3.090859217196452","3.1066848178777433,0.02836451768768302,-0.15587242260734774",NOT_RECORDED,NOT_RECORDED,NOT_RECORDED,"0.10696932176748912,3.9903407096862793,-3.1064647833506265","-0.077584102749824524,2.5466163555781045,0.0758595031996568","-0.29662530620892841,-1.2482616504033408,0.30966151754061383","0.1816763604680697,4.1534988880157471,-3.10456911722819","0.027689492019514244,2.8290185928344727,0.053576692938804626",0.01963928712618038,0.09460936362065049,0.08313868167626415,0.2959111429092398,0.26089109717216324,0.8301778805581662,16.0,24.0,TRACK_TRAJECTORY,scenario.pva_command,linear,29988000000,4.0,29988000000,4.0,body_twist_rotated_by_q_xyzw_to_lio_enu_then_enu_to_ned,linear,29996000000,4.0,29996000000,4.0,position:linear;velocity:linear;acceleration:linear,29996000000,4.0,2.783603773081233,0.5120672285151369,15.541762360804475
30008000000,0.688515142,4,0.076,EMERGENCY,EMERGENCY,EMERGENCY_BRAKE,True,"4.0028707500726455,-0.060488238944541535,3.091771843603182","2.772454282026998,0.034243025933873038,-0.084370354361466657","-0.74320534358603274,-0.0091794479784903134,-0.24573391583165871","-17.537671665618493,-0.21661058563117408,-4.9912459898792489","4.0284430150741297,-0.060662500028725419,3.0881090211324969","3.2673083376730143,0.029808832576892097,-0.20010703043614897",NOT_RECORDED,NOT_RECORDED,NOT_RECORDED,"0.10747477598488331,4.0312641859054565,-3.1053182482719421","-0.077530793845653534,2.5364453196525574,0.077670363709330559","-0.29350235313177109,-1.5633313357830048,0.33116069436073303","0.18212152272462845,4.1997661590576172,-3.1042814254760742","0.025842376053333282,2.8793656826019287,0.061935178935527802",0.025833841616827974,0.09577842883691728,0.08116396225801704,0.41183333637293895,0.2612250121713174,0.8722063356578676,16.0,16.0,TRACK_TRAJECTORY,scenario.pva_command,exact,30008000000,0.0,30008000000,0.0,body_twist_rotated_by_q_xyzw_to_lio_enu_then_enu_to_ned,linear,29996000000,12.0,29996000000,12.0,position:linear;velocity:linear;acceleration:linear,30012000000,4.0,2.7739491140700516,0.7828305068084556,18.23538823629294
30012000000,0.692515142,4,0.09200000000000001,EMERGENCY,EMERGENCY,EMERGENCY_BRAKE,True,"4.047122512378456,-0.059941678355939297,3.0903870314532913","2.7582183010198906,0.034067195057244801,-0.088946687410184244","-1.042219429584786,-0.012872618743406445,-0.32648378558540114","-19.760741374612646,-0.24406807490029861,-5.057942505620237","4.0416337409630589,-0.060664661355664694,3.0871963629748604","3.2983865955106912,0.02965452770381817,-0.20631301617937475",NOT_RECORDED,NOT_RECORDED,NOT_RECORDED,"0.10761260986328125,4.0424237251281738,-3.1050050258636475","-0.07749783992767334,2.5350391864776611,0.078188709914684296","-0.29273274540901184,-1.6441085338592529,0.33862912654876709","0.18222959339618683,4.2114211718241377,-3.1041908264160156","0.02537810740371545,2.8918271064758301,0.064064343770345047",0.0063898107489677655,0.0773123828065113,0.08060770143424546,0.4307477111918321,0.24974268413475756,0.663882289000637,4.0,0.0,TRACK_TRAJECTORY,scenario.pva_command,linear,30008000000,4.0,30008000000,4.0,body_twist_rotated_by_q_xyzw_to_lio_enu_then_enu_to_ned,linear,30020000000,8.0,30020000000,8.0,position:exact;velocity:exact;acceleration:exact,30012000000,0.0,2.7598623666881226,1.09223564580521,20.39924634121745
30016000000,0.696515142,4,0.10800000000000001,EMERGENCY,EMERGENCY,EMERGENCY_BRAKE,True,"4.0911067869999611,-0.059398421550476074,3.0889186607189925","2.7389333494617243,0.033829003538408661,-0.094812575066066829","-1.3731042573630989,-0.016959430133657378,-0.40626822690727721","-21.525409169130832,-0.26586376886145452,-4.8770996133985269","4.0548244668519891,-0.060666822682603969,3.0862837048172236","3.3294648533483682,0.029500222830744244,-0.21251900192260051",NOT_RECORDED,NOT_RECORDED,NOT_RECORDED,"0.10779584075013797,4.0572588443756104,-3.1045716206232705","-0.077407356351613998,2.536855379740397,0.079380949338277176","-0.29203935960928601,-1.7462546825408936,0.3601449926694234","0.18233766406774521,4.2230761845906573,-3.104100227355957","0.024913838754097622,2.9042885303497314,0.066193508605162307",0.03639998062301942,0.0700774530756424,0.0800856228401794,0.449674427282819,0.2311864370608252,0.46587290128021575,4.0,0.0,TRACK_TRAJECTORY,scenario.pva_command,linear,30008000000,8.0,30008000000,8.0,body_twist_rotated_by_q_xyzw_to_lio_enu_then_enu_to_ned,linear,30020000000,4.0,30020000000,4.0,position:linear;velocity:linear;acceleration:linear,30012000000,4.0,2.7407826835896127,1.4320463665864693,22.072608003611784
30056000000,0.736515142,4,0.12400000000000001,EMERGENCY,EMERGENCY,EMERGENCY_BRAKE,True,"4.1347390199008478,-0.058859512868567908,3.0873463844686886","2.7141471738651264,0.033522865522262441,-0.1019225360031317","-1.7287123457805882,-0.021351602467360266,-0.48143473771642803","-22.855043735576981,-0.28228629789522491,-4.4868948644334807","4.1921137018639021,-0.059875312559441299,3.07696107855066","3.546237162259251,0.027489953681005729,-0.23713126940560461",NOT_RECORDED,NOT_RECORDED,NOT_RECORDED,"0.10934909681479137,4.1830166180928545,-3.1007751226425171","-0.076861927906672164,2.5145730574925742,0.091454145809014634","-0.28469366331895191,-2.8020496368408203,0.55295765399932861","0.18327537924051285,4.3433039983113604,-3.1023049354553223","0.019733310677111149,3.009205381075541,0.084023747593164444",0.058315868838461495,0.1037757449451045,0.07538688672730696,0.5584847471037905,0.2283072879684086,1.1074825095448197,40.0,40.0,TRACK_TRAJECTORY,scenario.pva_command,linear,30048000000,8.0,30048000000,8.0,body_twist_rotated_by_q_xyzw_to_lio_enu_then_enu_to_ned,linear,30052000000,4.0,30052000000,4.0,position:linear;velocity:linear;acceleration:linear,30052000000,4.0,2.716267083196751,1.79462577493533,23.29302331672717
30072000000,0.752515142,4,0.14,EMERGENCY,EMERGENCY,EMERGENCY_BRAKE,True,"4.1779283199135646,-0.058326074921551507,3.0856510252763516","2.6835188892491089,0.033144570683925373,-0.11017744893148113","-2.1022701126793324,-0.025965474148721624,-0.54892540853076788","-23.773013760355038,-0.29362429238219312,-3.923474782352351","4.2491519948847225,-0.059449077217038161,3.0731965342507652","3.6020871772055734,0.025377234132007875,-0.23517652021404761",NOT_RECORDED,NOT_RECORDED,NOT_RECORDED,"0.10971126457055409,4.2123395601908369,-3.0997961759567261","-0.076940466960271195,2.4715726772944131,0.095281290511290237","-0.28102620939413708,-3.2105045318603516,0.59439694881439209","0.18358404189348221,4.3927227656046552,-3.1012425422668457","0.017511387355625629,3.0430771907170615,0.090855617076158524",0.07231312022903744,0.10832024777364899,0.07436840460925807,0.5773928988322697,0.23929439569440072,1.1381156213220114,16.0,24.0,TRACK_TRAJECTORY,scenario.pva_command,linear,30068000000,4.0,30068000000,4.0,body_twist_rotated_by_q_xyzw_to_lio_enu_then_enu_to_ned,linear,30076000000,4.0,30076000000,4.0,position:linear;velocity:linear;acceleration:linear,30076000000,4.0,2.6859842258985145,2.1729088652410646,24.09639086757313
30088000000,0.768515142,4,0.156,EMERGENCY,EMERGENCY,EMERGENCY_BRAKE,True,"4.220579192776361,-0.057799287174315768,3.0838153587396078","2.6468129967553535,0.032691210339360677,-0.11943380610735115","-2.4873778748838742,-0.030722001668037274,-0.60624442602551054","-24.302687929868963,-0.30016638270294199,-3.2209548631902991","4.3070343633609056,-0.059056535947955284,3.0694653700252936","3.6556143020031597,0.022648153572063116,-0.23135341503832846",NOT_RECORDED,NOT_RECORDED,NOT_RECORDED,"0.11060606688261032,4.2847864627838135,-3.0971006155014038","-0.076550344005227089,2.4604958891868591,0.10925769247114658","-0.27938313782215118,-3.8884924650192261,0.74574820697307587","0.18385007977485657,4.4427042007446289,-3.1000220775604248","0.015072747832164168,3.0725834965705872,0.097148345783352852",0.08764701575856691,0.11387204671188662,0.0741456565865614,0.5983254193741155,0.21622057038369033,1.4298306753676382,16.0,16.0,TRACK_TRAJECTORY,scenario.pva_command,exact,30088000000,0.0,30088000000,0.0,body_twist_rotated_by_q_xyzw_to_lio_enu_then_enu_to_ned,linear,30092000000,4.0,30092000000,4.0,position:linear;velocity:linear;acceleration:linear,30092000000,4.0,2.6497079441077647,2.560375917308884,24.517040822754545
30104000000,0.784515142,4,0.17200000000000001,EMERGENCY,EMERGENCY,EMERGENCY_BRAKE,True,"4.2625931794521774,-0.057280365710163261,3.081824753101206","2.6038934012644868,0.032161103555998119,-0.12951244690009639","-2.8780098482012191,-0.035546759601692381,-0.65142557659169442","-24.467434930522685,-0.302201199238055,-2.41141957539037","4.3659211545650782,-0.058716787121287313,3.0658529090486786","3.7011804921052627,0.019196898877238591,-0.22242237905739104",NOT_RECORDED,NOT_RECORDED,NOT_RECORDED,"0.11113755032420158,4.3278172016143799,-3.0953658819198608","-0.076456274837255478,2.4167776107788086,0.11802153661847115","-0.27510051429271698,-4.4172399044036865,0.82783877849578857","0.18405365943908691,4.4934093952178955,-3.0985817909240723","0.012451201677322388,3.0963373184204102,0.10161828249692917",0.10456497286300437,0.12069088372501831,0.07474915358605236,0.6168260686203746,0.21666124470519363,1.5677170615610692,16.0,0.0,TRACK_TRAJECTORY,scenario.pva_command,linear,30108000000,4.0,30108000000,4.0,body_twist_rotated_by_q_xyzw_to_lio_enu_then_enu_to_ned,linear,30092000000,12.0,30092000000,12.0,position:linear;velocity:linear;acceleration:linear,30092000000,12.0,2.607310617404978,2.9510268620090883,24.587835244542337
30112000000,0.792515142,4,0.188,EMERGENCY,EMERGENCY,EMERGENCY_BRAKE,True,"4.3038703987293925,-0.05677054417790179,3.0796676732929589","2.5547174290123658,0.031553723263356599,-0.14020677141611151","-3.2685141474208335,-0.040369940612161419,-0.68299974989471057","-24.290623448720169,-0.30001737236811515,-1.5249223598035337","4.3951287300218373,-0.058931608424027081,3.0639708277822213","3.7204205635146526,0.016799417802703925,-0.21626041907927948",NOT_RECORDED,NOT_RECORDED,NOT_RECORDED,"0.11131314809123675,4.3420341014862061,-3.0947540203730264","-0.076484619329373046,2.3877046902974448,0.12097085143129031","-0.27240681151549023,-4.6417661507924395,0.85123439629872644","0.18414740761121115,4.5188513596852617,-3.0978337923685708","0.011121983950336773,3.1074980099995932,0.10357940445343654",0.09262366969595551,0.108000460041719,0.07573778088792638,0.6232201063185286,0.19983883251486664,1.4028417838350202,8.0,24.0,TRACK_TRAJECTORY,scenario.pva_command,linear,30108000000,4.0,30108000000,4.0,body_twist_rotated_by_q_xyzw_to_lio_enu_then_enu_to_ned,linear,30116000000,4.0,30116000000,4.0,position:linear;velocity:linear;acceleration:linear,30116000000,4.0,2.5587564788979553,3.3393566928903247,24.340291414744105
30116000000,0.796515142,4,0.20400000000000001,EMERGENCY,EMERGENCY,EMERGENCY_BRAKE,True,"4.3443109941044469,-0.056271055921166033,3.0773360577212459","2.4993298452063542,0.030869622363666686,-0.15129043417968921","-3.653612786314651,-0.045126355448008214,-0.69996244243282935","-23.795622170865329,-0.2939035324737056,-0.58948562968860818","4.4096146076775531,-0.059231366933433838,3.0629918617599179","3.7282690873985169,0.015264750401875393,-0.21233121809640226",NOT_RECORDED,NOT_RECORDED,NOT_RECORDED,"0.11140094697475433,4.3491425514221191,-3.0944480895996094","-0.076498791575431824,2.3731682300567627,0.12244550883769989","-0.27105996012687683,-4.7540292739868164,0.86293220520019531","0.18419428169727325,4.5315723419189453,-3.0974597930908203","0.010457375086843967,3.1130783557891846,0.10455996543169022",0.06692593925207112,0.08847710254349386,0.07647989898592496,0.6245777693901428,0.1681569480186179,1.1351306460669555,4.0,0.0,TRACK_TRAJECTORY,scenario.pva_command,linear,30108000000,8.0,30108000000,8.0,body_twist_rotated_by_q_xyzw_to_lio_enu_then_enu_to_ned,exact,30116000000,0.0,30116000000,0.0,position:exact;velocity:exact;acceleration:exact,30116000000,0.0,2.504094927153995,3.720332001460953,23.804737072536373
30152000000,0.832515142,4,0.22,EMERGENCY,EMERGENCY,EMERGENCY_BRAKE,True,"4.3838164849463119,-0.055783117289969084,3.074825576113168","2.4378568716416078,0.030110359842493249,-0.16252451787081418","-4.0284016776370652,-0.04975543294388593,-0.70174126109572454","-23.005799783362143,-0.2841483099354094,0.36889922928763319","4.5435679517142979,-0.059942262860507217,3.0556551506013552","3.7855758583815584,0.0046665490974289641,-0.16657911835771463",NOT_RECORDED,NOT_RECORDED,NOT_RECORDED,"0.11234471574425697,4.4255545139312744,-3.0906598567962646","-0.076425539950529739,2.2295671701431274,0.14144856234391531","-0.25880521535873413,-5.860637903213501,1.0245287815729778","0.18439837545156479,4.6477854251861572,-3.0936840375264487","0.0040146191604435444,3.1406248013178506,0.10161895677447319",0.16095134308449816,0.14855619083667307,0.08279888456928906,0.6482145583162705,0.23490145507511634,1.8721600308782718,36.0,40.0,TRACK_TRAJECTORY,scenario.pva_command,linear,30148000000,4.0,30148000000,4.0,body_twist_rotated_by_q_xyzw_to_lio_enu_then_enu_to_ned,linear,30156000000,4.0,30156000000,4.0,position:linear;velocity:linear;acceleration:linear,30156000000,4.0,2.4434539036554774,4.089368713752867,23.01051174084474
30168000000,0.848515142,4,0.23600000000000002,EMERGENCY,EMERGENCY,EMERGENCY_BRAKE,True,"4.4222910219428258,-0.055307912134484195,3.07213577674244","2.37050020431735,0.029278426879357965,-0.17366418711989431","-4.3883506331249338,-0.054201220020537025,-0.68816342672300002","-21.944524972614509,-0.27104033513380976,1.3262718590505544","4.604226704769915,-0.059880335373677193,3.0531235334584554","3.7991821231399254,0.0012614347096354976,-0.13868107306437999",NOT_RECORDED,NOT_RECORDED,NOT_RECORDED,"0.11317025497555733,4.4923936128616333,-3.0866687893867493","-0.076387496665120125,2.1560559868812561,0.16229799762368202","-0.25611264258623123,-6.666589617729187,1.15534707903862","0.18440938368439674,4.6997376680374146,-3.0920217037200928","0.00088912651699502021,3.1442503333091736,0.094967583194375038",0.18298351055416703,0.16048344785456797,0.08639849028410394,0.6563891049834065,0.23933407624897463,2.334395351803992,16.0,16.0,TRACK_TRAJECTORY,scenario.pva_command,exact,30168000000,0.0,30168000000,0.0,body_twist_rotated_by_q_xyzw_to_lio_enu_then_enu_to_ned,linear,30172000000,4.0,30172000000,4.0,position:linear;velocity:linear;acceleration:linear,30172000000,4.0,2.377033381094414,4.442311104974399,21.98623742665126
30184000000,0.864515142,4,0.252,EMERGENCY,EMERGENCY,EMERGENCY_BRAKE,True,"4.4596425468288885,-0.05484657748105648,3.0692701313541129","2.2975310310531545,0.028377172958361917,-0.18446482235942693","-4.7293033634975803,-0.058412381684793332,-0.6594232776627228","-20.635166425026426,-0.25486823844948997,2.2607029291176195","4.6650633183091497,-0.059894895493619947,3.0511977962909382","3.8017561152591446,-0.0031298988886781301,-0.10461276264021532",NOT_RECORDED,NOT_RECORDED,NOT_RECORDED,"0.11365471407771111,4.5316174030303955,-3.0841133594512939","-0.076352424919605255,2.0740804672241211,0.17449088394641876","-0.24911738932132721,-7.2025995254516602,1.2500423789024353","0.18435259163379669,4.7516827583312988,-3.0905098915100098","-0.0024754251644480973,3.1398491859436035,0.083550982177257538",0.20627599997318471,0.17367255076451207,0.09065131045845357,0.6622422593039908,0.24697757508458154,2.54997906411477,16.0,0.0,TRACK_TRAJECTORY,scenario.pva_command,linear,30188000000,4.0,30188000000,4.0,body_twist_rotated_by_q_xyzw_to_lio_enu_then_enu_to_ned,linear,30172000000,12.0,30172000000,12.0,position:linear;velocity:linear;acceleration:linear,30172000000,12.0,2.3050989942484845,4.7754121674937196,20.760198191280093
30200000000,0.880515142,4,0.268,EMERGENCY,EMERGENCY,EMERGENCY_BRAKE,True,"4.4957838563965167,-0.054400190390444622,3.0662359861072166","2.2192840491052288,0.027410731978808184,-0.19468763373260339","-5.0474774784567886,-0.062342201029575994,-0.61604977332993682","-19.101092827001828,-0.23592065026303327,3.1522941365983677","4.7258767731226206,-0.059970881112827772,3.0498208794319352","3.7950646940047603,-0.0070131810421707966,-0.065814290771046197",NOT_RECORDED,NOT_RECORDED,NOT_RECORDED,"0.11400765180587769,4.5601925849914551,-3.0820520520210266","-0.076324217021465302,1.987196147441864,0.18342338129878044","-0.24076256155967712,-7.6326714754104614,1.3304997980594635","0.18425920605659485,4.8035670518875122,-3.0891110897064209","-0.0059071748983114958,3.1311943531036377,0.069557293318212032",0.23074496451669554,0.1881648226671507,0.09544965177462426,0.6638818139140664,0.25446535545234034,2.688029141354874,16.0,24.0,TRACK_TRAJECTORY,scenario.pva_command,linear,30208000000,8.0,30208000000,8.0,body_twist_rotated_by_q_xyzw_to_lio_enu_then_enu_to_ned,linear,30196000000,4.0,30196000000,4.0,position:linear;velocity:linear;acceleration:linear,30196000000,4.0,2.2279758332551354,5.085315405043977,19.360897811377285
30212000000,0.892515142,4,0.28400000000000003,EMERGENCY,EMERGENCY,EMERGENCY_BRAKE,True,"4.5306335707867618,-0.053969755998292721,3.0630444268544039","2.1361514827826897,0.026383948365824372,-0.20410475505884845","-5.3394644866868006,-0.065948579233895438,-0.55887399776519819","-17.365672864944628,-0.21448620095502213,3.9831782061944896","4.7709279178354569,-0.060341867585390445,3.0458540543386192","3.7816733777583194,-0.010529777239939021,-0.038593017656243164",NOT_RECORDED,NOT_RECORDED,NOT_RECORDED,"0.11435365676879883,4.5882062911987305,-3.0799028873443604","-0.076310828328132629,1.9162833690643311,0.19277967512607574","-0.23571169376373291,-8.0107173919677734,1.4031805992126465","0.18414565920829773,4.8423714637756348,-3.0882177352905273","-0.0084852352738380432,3.1197209358215332,0.055922258645296097",0.2409927093023119,0.19184225880820188,0.10031305021358977,0.6621823903813677,0.2429330402102079,2.806646617633693,12.0,16.0,TRACK_TRAJECTORY,scenario.pva_command,linear,30208000000,4.0,30208000000,4.0,body_twist_rotated_by_q_xyzw_to_lio_enu_then_enu_to_ned,exact,30212000000,0.0,30212000000,0.0,position:exact;velocity:exact;acceleration:exact,30212000000,0.0,2.1460424089853603,5.369038122892271,17.8179209506883
30216000000,0.896515142,4,0.30000000000000004,EMERGENCY,EMERGENCY,EMERGENCY_BRAKE,True,"4.564117006063487,-0.05355619673783206,3.0597100670776962","2.0485771010638483,0.025302303180985218,-0.21250381785629635","-5.6022297958543286,-0.069194035562851502,-0.48899666319310187","-15.452275225258795,-0.19085352090604057,4.7375188901997198","4.7855761949291855,-0.060664623665138362,3.0424842176233855","3.773172007701338,-0.012189407601764403,-0.031559340716858765",NOT_RECORDED,NOT_RECORDED,NOT_RECORDED,"0.11442805454134941,4.5942297776540117,-3.0793972015380859","-0.076276908318201705,1.8930294116338093,0.19478571166594824","-0.23336264491081238,-8.0948034922281895,1.42672864596049","0.18409006049235663,4.8552034695943194,-3.0880142847696939","-0.0093843218249579276,3.113553206125895,0.050512344265977539",0.22224183214655277,0.1728226016522864,0.10268565746353579,0.6598969982062138,0.18662087552788098,2.668185944730043,4.0,0.0,TRACK_TRAJECTORY,scenario.pva_command,linear,30208000000,8.0,30208000000,8.0,body_twist_rotated_by_q_xyzw_to_lio_enu_then_enu_to_ned,linear,30212000000,4.0,30212000000,4.0,position:linear;velocity:linear;acceleration:linear,30212000000,4.0,2.0597247918479122,5.623956279766895,16.163332575263933
30248000000,0.928515142,4,0.316,EMERGENCY,EMERGENCY,EMERGENCY_BRAKE,True,"4.5961669510690033,-0.053160342744813023,3.0562507667994092","1.9570502352124861,0.02417184023293514,-0.21969200542120437","-5.8331127126085489,-0.072045707367633341,-0.40775561358080614","-13.384268594348278,-0.16531124049667112,5.4015109684999381","4.9040746123800449,-0.062015443176379692,3.0326528892090914","3.6944017003953102,-0.021965141202208355,0.048198356076159965",NOT_RECORDED,NOT_RECORDED,NOT_RECORDED,"0.11543303355574608,4.675597071647644,-3.0719742774963379","-0.076401367783546448,1.6685192584991455,0.22279930114746094","-0.21857366338372231,-9.1136226654052734,1.6025146543979645","0.18358688428997993,4.9574201107025146,-3.086723804473877","-0.016679608495905995,3.0568374991416931,0.0041047228151001036",0.30893753498799054,0.23881535222356076,0.11689867647556093,0.6397278012074022,0.3055728227127065,3.494376218712999,32.0,40.0,TRACK_TRAJECTORY,scenario.pva_command,exact,30248000000,0.0,30248000000,0.0,body_twist_rotated_by_q_xyzw_to_lio_enu_then_enu_to_ned,linear,30252000000,4.0,30252000000,4.0,position:linear;velocity:linear;acceleration:linear,30252000000,4.0,1.9694909185501426,5.847790962607353,14.434067145289207
30264000000,0.944515142,4,0.332,EMERGENCY,EMERGENCY,EMERGENCY_BRAKE,True,"4.626724348561571,-0.052782923444666945,3.0526872907873566","1.8620997963941406,0.022999092188010811,-0.225499586964301","-6.0298264425810961,-0.074475350085519379,-0.3166933281965536","-11.185021658617011,-0.13814799010749712,5.9633802485731131","4.9627910955298891,-0.062406137550400975,3.0338241675406499","3.6399591773025102,-0.026191903775774777,0.09604864153780962",NOT_RECORDED,NOT_RECORDED,NOT_RECORDED,"0.11584195867180824,4.7087054252624512,-3.0686131715774536","-0.07633933424949646,1.554521381855011,0.23422523587942123","-0.20973692089319229,-9.4959392547607422,1.6913074254989624","0.18322622776031494,5.0075669288635254,-3.0867404937744141","-0.020427841693162918,3.0150692462921143,-0.023103473358787596",0.33673325063945314,0.25778210210369185,0.12245833123594063,0.6291594772794378,0.32333997743315723,3.731192521941982,16.0,0.0,TRACK_TRAJECTORY,scenario.pva_command,linear,30268000000,4.0,30268000000,4.0,body_twist_rotated_by_q_xyzw_to_lio_enu_then_enu_to_ned,linear,30252000000,12.0,30252000000,12.0,position:linear;velocity:linear;acceleration:linear,30252000000,12.0,1.875845055886451,6.038596539722187,12.676186270324932
30280000000,0.960515142,4,0.34800000000000003,EMERGENCY,EMERGENCY,EMERGENCY_BRAKE,True,"4.6557388806347477,-0.052424560321898114,3.0490429143734148","1.7642882932923818,0.021791006680863746,-0.22978293180407333","-6.190458090386068,-0.076459337239877384,-0.21752442516820758","-8.8779031044689347,-0.10965240011910182,6.4133835654893225","5.0205980184605492,-0.062855769337607628,3.0357125699829934","3.5755708859587569,-0.030455557347558462,0.14459697591885043",NOT_RECORDED,NOT_RECORDED,NOT_RECORDED,"0.11613424122333527,4.7323698997497559,-3.0659926533699036","-0.076159922406077385,1.4459671974182129,0.24217689037322998","-0.19961118698120117,-9.7557978630065918,1.7807198762893677","0.18282662332057953,5.0572668313980103,-3.0870256423950195","-0.024181552231311798,2.9683298468589783,-0.051522511057555676",0.3652515553123407,0.2779760556393889,0.12787803392433314,0.6143646300987663,0.3332811347744435,3.8949190095212973,16.0,24.0,TRACK_TRAJECTORY,scenario.pva_command,linear,30288000000,8.0,30288000000,8.0,body_twist_rotated_by_q_xyzw_to_lio_enu_then_enu_to_ned,linear,30276000000,4.0,30276000000,4.0,position:linear;velocity:linear;acceleration:linear,30276000000,4.0,1.779322406302238,6.194750541758905,10.952656113440227
30296000000,0.976515142,4,0.36400000000000005,EMERGENCY,EMERGENCY,EMERGENCY_BRAKE,True,"4.6831694584186216,-0.052085760871705716,3.0453429852045368","1.6642058497250947,0.020554872425082856,-0.23242700361698726","-6.3134686596200309,-0.077978660440164535,-0.11210316504177209","-6.4862816183079772,-0.080113100912068358,6.743808781910726","5.0773758391539374,-0.063366447217900107,3.038321798367722","3.5004289667400434,-0.034533842331169483,0.19189927807154028",NOT_RECORDED,NOT_RECORDED,NOT_RECORDED,"0.11647703126072884,4.76012380917867,-3.062712550163269","-0.076011763264735535,1.327101190884908,0.25138360510269803","-0.18994494527578354,-10.023876508076986,1.8623032768567402","0.18235003699858984,5.1059215863545733,-3.0878826777140298","-0.027937937527894974,2.9116988182067871,-0.08181554451584816",0.3944302492982446,0.29887133159882734,0.13354832945793577,0.5989700511258677,0.3511751968463844,4.104005760501317,16.0,16.0,TRACK_TRAJECTORY,scenario.pva_command,linear,30288000000,8.0,30288000000,8.0,body_twist_rotated_by_q_xyzw_to_lio_enu_then_enu_to_ned,linear,30292000000,4.0,30292000000,4.0,position:linear;velocity:linear;acceleration:linear,30292000000,4.0,1.6804838365929042,6.314945313072852,9.35720173064116
30312000000,0.992515142,4,0.38,EMERGENCY,EMERGENCY,EMERGENCY_BRAKE,True,"4.708984616062879,-0.051766913733835872,3.0416144492453125","1.5624642222607612,0.019298245323817027,-0.23334733474464603","-6.3976930528620111,-0.079018929381927311,-0.0023909543399200928","-4.0335258865381718,-0.049818722866980303,6.9489747880915544","5.1321833095603413,-0.064531320966304581,3.0371215573857047","3.4117922919941117,-0.039286873691069847,0.22801770365987525",NOT_RECORDED,NOT_RECORDED,NOT_RECORDED,"0.1167159415781498,4.7794665495554609,-3.0602830648422241","-0.075651428351799652,1.2192743221918743,0.25796819974978763","-0.17892282456159592,-10.17213217417399,1.949017624060313","0.18181179712216058,5.1536771456400556,-3.089182217915853","-0.031698334962129593,2.8483366966247559,-0.1110253818333149",0.4234149859738286,0.32062224137160544,0.14017379558393675,0.5755232377927457,0.3569326757723368,4.248026231090049,16.0,24.0,TRACK_TRAJECTORY,scenario.pva_command,linear,30308000000,4.0,30308000000,4.0,body_twist_rotated_by_q_xyzw_to_lio_enu_then_enu_to_ned,linear,30316000000,4.0,30316000000,4.0,position:linear;velocity:linear;acceleration:linear,30316000000,4.0,1.5799107084737205,6.398181468706726,8.03492772761857
30316000000,0.996515142,4,0.396,EMERGENCY,EMERGENCY,EMERGENCY_BRAKE,True,"4.733162809001751,-0.051468285008663642,3.0378853493511579","1.4596908178347368,0.018028874580397682,-0.23249148055788785","-6.44234007167349,-0.079570371846801394,0.10957615087948369","-1.5430045955633602,-0.019057896364419347,7.0252315018782845","5.1449518510698597,-0.065282136087971676,3.0336030566860486","3.3850908355056974,-0.041129440503945756,0.22976843903480387",NOT_RECORDED,NOT_RECORDED,NOT_RECORDED,"0.11677566915750504,4.7843022346496582,-3.0596756935119629","-0.075561344623565674,1.1923176050186157,0.25961434841156006","-0.17616729438304901,-10.209196090698242,1.9706962108612061","0.18167723715305328,5.1656160354614258,-3.0895071029663086","-0.032638434320688248,2.832496166229248,-0.11832784116268158",0.41204292941328524,0.30915221825828804,0.14236375446748503,0.5637836221041267,0.2845754979313371,4.304191948848084,4.0,0.0,TRACK_TRAJECTORY,scenario.pva_command,linear,30308000000,8.0,30308000000,8.0,body_twist_rotated_by_q_xyzw_to_lio_enu_then_enu_to_ned,exact,30316000000,0.0,30316000000,0.0,position:exact;velocity:exact;acceleration:exact,30316000000,0.0,1.4781997877559303,6.44376318435178,7.192711869686322
30344000000,1.024515142,4,0.41200000000000003,EMERGENCY,EMERGENCY,EMERGENCY_BRAKE,True,"4.7556926165008093,-0.051190015755505261,3.034184304731216","1.3565227113655338,0.016754628808961333,-0.22983995387781297","-6.4469924165984365,-0.079627833702512002,0.22171994146484941","0.96191356821249485,0.011880748215030046,6.9709598687093077","5.2352526243941542,-0.068307262919536232,3.0270243297836674","3.1931924853532112,-0.049502377743816044,0.2606312395302246",NOT_RECORDED,NOT_RECORDED,NOT_RECORDED,"0.11742320656776428,4.8367295265197754,-3.0522469282150269","-0.075391862541437149,0.9485589861869812,0.27327615022659302","-0.16105592995882034,-10.591377258300781,1.9921980500221252","0.18054569512605667,5.2456557750701904,-3.0930638313293457","-0.038801884278655052,2.7026809453964233,-0.15901286154985428",0.47991881246976453,0.3659113861374475,0.15490800736033578,0.5010412818666131,0.42049028536103,4.699360501602512,28.0,16.0,TRACK_TRAJECTORY,scenario.pva_command,linear,30348000000,4.0,30348000000,4.0,body_twist_rotated_by_q_xyzw_to_lio_enu_then_enu_to_ned,linear,30332000000,12.0,30332000000,12.0,position:linear;velocity:linear;acceleration:linear,30332000000,12.0,1.3759582073724406,6.4512953384588645,7.037023543803526
30360000000,1.040515142,4,0.42800000000000005,EMERGENCY,EMERGENCY,EMERGENCY_BRAKE,True,"4.7765728484856309,-0.050932120673160101,3.0305399796200776","1.2536006633711043,0.015483422145072243,-0.22540663945375472","-6.4116066871632507,-0.079190778902873515,0.33195255161234005","3.4578599183854095,0.042708580490784853,6.7865718616152506","5.2855440742758883,-0.069125790220588429,3.031327961697686","3.0780351864121056,-0.053074582270914453,0.28004054979875637",NOT_RECORDED,NOT_RECORDED,NOT_RECORDED,"0.11782130474845569,4.8689613342285156,-3.0472939411799111","-0.075409799814224243,0.79375328620274865,0.2794700066248576","-0.15239583204189935,-10.799019336700439,1.9570133487383525","0.17983092367649078,5.2900207837422686,-3.0954532623291016","-0.042251210659742355,2.6230021317799888,-0.17779187113046646",0.5092969067349544,0.38955795006278765,0.1589983791367414,0.46650511087262464,0.47185170949847727,4.949152819432057,16.0,24.0,TRACK_TRAJECTORY,scenario.pva_command,linear,30368000000,8.0,30368000000,8.0,body_twist_rotated_by_q_xyzw_to_lio_enu_then_enu_to_ned,linear,30356000000,4.0,30356000000,4.0,position:linear;velocity:linear;acceleration:linear,30356000000,4.0,1.2737984584209663,6.420682517214327,7.616835095424594
30376000000,1.056515142,4,0.444,EMERGENCY,EMERGENCY,EMERGENCY_BRAKE,True,"4.7958125566523151,-0.050694487962682992,3.0269805494773894","1.1515631375851139,0.014223140356344845,-0.21923868849818323","-6.3365133818768005,-0.078263289487789642,0.4382089553073536","5.9214657685514851,0.073136970082262831,6.4745104812187577","5.3340740166432923,-0.069991676092936939,3.0358781894324993","2.9584738415200973,-0.056186996966507162,0.2934840741143338",NOT_RECORDED,NOT_RECORDED,NOT_RECORDED,"0.11817874883611997,4.8979015350341797,-3.0423969825108848","-0.075402051210403442,0.63547537724177039,0.28234072526295978","-0.14341705789168677,-10.927195072174072,1.8935133417447407","0.17905189096927643,5.3328839937845869,-3.0981502532958984","-0.045552711933851242,2.5379137198130288,-0.19266188889741898",0.5386807484754987,0.4134392461644662,0.16302286324915288,0.4326072318169611,0.5275993919475722,5.149323476510069,16.0,24.0,TRACK_TRAJECTORY,scenario.pva_command,linear,30368000000,8.0,30368000000,8.0,body_twist_rotated_by_q_xyzw_to_lio_enu_then_enu_to_ned,linear,30380000000,4.0,30380000000,4.0,position:linear;velocity:linear;acceleration:linear,30380000000,4.0,1.172333382660782,6.3521298845109255,8.774302925927016
30392000000,1.072515142,4,0.46,EMERGENCY,EMERGENCY,EMERGENCY_BRAKE,True,"4.8134309498598702,-0.050476880372386373,3.0235331730344512","1.0510403185732295,0.012981566953066461,-0.21141589327854371","-6.222416898230458,-0.076854065583253667,0.53847946276597014","8.3293624323067235,0.10287728660887963,6.0392497557346445","5.3807983184318351,-0.070902709260391494,3.0406051329857298","2.835222150475682,-0.058746578177053928,0.3020872496195865",NOT_RECORDED,NOT_RECORDED,NOT_RECORDED,"0.11844633705914021,4.9195661544799805,-3.0385030508041382","-0.075127791613340378,0.49480065703392029,0.28331442177295685","-0.13330680876970291,-10.955486059188843,1.8436619937419891","0.17822367325425148,5.3744140863418579,-3.1010367870330811","-0.048776859417557716,2.4488464593887329,-0.20480320602655411",0.5679915467879922,0.43767488151993394,0.16677187792276,0.3985596004274292,0.5677457340535558,5.299030903235274,16.0,16.0,TRACK_TRAJECTORY,scenario.pva_command,linear,30388000000,4.0,30388000000,4.0,body_twist_rotated_by_q_xyzw_to_lio_enu_then_enu_to_ned,linear,30396000000,4.0,30396000000,4.0,position:linear;velocity:linear;acceleration:linear,30396000000,4.0,1.0721711394538829,6.2461459104476065,10.288896922263511
30412000000,1.092515142,4,0.47600000000000003,EMERGENCY,EMERGENCY,EMERGENCY_BRAKE,True,"4.8294572138044494,-0.050278937425072515,3.0202234785068924","0.95264812934939669,0.011766309298819777,-0.20204954176603807","-6.0703955326980079,-0.07497642540134794,0.6308422168764567","10.658181223247183,0.13164089969005199,5.4872947409697304","5.4362140399429562,-0.072291945259935528,3.0494292650019328","2.6788750233576395,-0.062873619515159504,0.31427371451813746",NOT_RECORDED,NOT_RECORDED,NOT_RECORDED,"0.11872334778308868,4.9419946670532227,-3.0341658592224121","-0.074586905539035797,0.32771146297454834,0.28215324878692627","-0.11941424757242203,-10.891395568847656,1.7839387655258179","0.17709096272786459,5.4238258997599287,-3.1049416859944663","-0.052675849447647728,2.3296194076538086,-0.21791936953862509",0.607858039795811,0.4713561293970367,0.1705223154329207,0.3624467401032085,0.6359397130003989,5.392140879239517,20.0,16.0,TRACK_TRAJECTORY,scenario.pva_command,linear,30408000000,4.0,30408000000,4.0,body_twist_rotated_by_q_xyzw_to_lio_enu_then_enu_to_ned,linear,30420000000,8.0,30420000000,8.0,position:exact;velocity:exact;acceleration:exact,30412000000,0.0,0.9739101199367867,6.1035469434059,11.988517835342453
30416000000,1.096515142,4,0.49200000000000005,EMERGENCY,EMERGENCY,EMERGENCY_BRAKE,True,"4.8439302349754616,-0.050100178827495886,3.0170750722925042","0.85698224899211706,0.010584724721105467,-0.19128075234133124","-5.8819014807357028,-0.072648305240244099,0.71349568964073384","12.884553454968994,0.15913917894519836,4.827181520323137","5.4467415577731311,-0.072730936086106826,3.0534092367546029","2.6470018061423843,-0.063993242877483203,0.32068197658565029",NOT_RECORDED,NOT_RECORDED,NOT_RECORDED,"0.11875633895397186,4.9446656703948975,-3.0336142381032309","-0.074375237027804061,0.30124709010124207,0.28197494149208069","-0.11658418054382007,-10.855079491933187,1.7813437183698018","0.17686057339111963,5.4336109956105547,-3.105733553568522","-0.053450699274738632,2.3054622411727905,-0.2204964260260264",0.6043292261460909,0.46736498643788643,0.17041861532680083,0.3560864560835895,0.5694604445205603,5.564050104371744,4.0,0.0,TRACK_TRAJECTORY,scenario.pva_command,linear,30408000000,8.0,30408000000,8.0,body_twist_rotated_by_q_xyzw_to_lio_enu_then_enu_to_ned,linear,30420000000,4.0,30420000000,4.0,position:linear;velocity:linear;acceleration:linear,30412000000,4.0,0.8781337812094887,5.925463602493145,13.760040859037373
30420000000,1.100515142,4,0.508,EMERGENCY,EMERGENCY,EMERGENCY_BRAKE,True,"4.8568982288935283,-0.049940009062055445,3.0141090784733335","0.76461213026073604,0.0094438466219647042,-0.17927828855720973","-5.6587608367823066,-0.069892259484203356,0.78479117861581571","14.985110441068144,0.18508349399373469,4.0694772047858407","5.4572690756033051,-0.07316992691227811,3.0573892085072725","2.6151285889271292,-0.065112866239806902,0.32709023865316306",NOT_RECORDED,NOT_RECORDED,NOT_RECORDED,"0.11878933012485504,4.9473366737365723,-3.0330626169840493","-0.074163568516572312,0.27478271722793579,0.28179663419723511","-0.11375411351521809,-10.818763415018717,1.7787486712137859","0.17663018405437469,5.4433960914611816,-3.1065254211425781","-0.054225549101829529,2.2813050746917725,-0.22307348251342773",0.6023769188125463,0.46486043789537834,0.17037800992400653,0.3498230379616807,0.5073786208848112,5.761882247261724,4.0,0.0,TRACK_TRAJECTORY,scenario.pva_command,linear,30428000000,8.0,30428000000,8.0,body_twist_rotated_by_q_xyzw_to_lio_enu_then_enu_to_ned,exact,30420000000,0.0,30420000000,0.0,position:linear;velocity:linear;acceleration:linear,30412000000,8.0,0.7854053735039518,5.71334895922437,15.528954747536295
