run,source,event,sim_time_ns,observer_steady_ns,px4_boot_us,log_wall_s,nav_state,executor_in_charge,failsafe,result,detail
external-mode-check-20260922T012707-197705,adapter_log,hold_request_log,,,,1790040486.718883176,,,,,[WARN] [1790040486.718883176] [px4_navigation_external_mode]: Avoidance Mission requesting PX4 Hold handover
external-mode-check-20260922T012707-197705,runner_vehicle_status_change,vehicle_status_change,8512000000,89321194047086,8524000,,4,0,False,,
external-mode-check-20260922T012707-197705,runner_vehicle_status_change,vehicle_status_change,8716000000,89321452738254,8596000,,26,1,False,,
external-mode-check-20260922T012707-197705,runner_vehicle_status_change,vehicle_status_change,8916000000,89321700546560,8836000,,4,0,False,,
external-mode-check-20260922T012707-197705,runner_vehicle_status_change,vehicle_status_change,9856000000,89322836099660,9856000,,17,0,False,,
external-mode-check-20260922T012707-197705,runner_vehicle_status_change,vehicle_status_change,16648000000,89331326607383,16648000,,4,0,False,,
external-mode-check-20260922T012707-197705,runner_vehicle_status_change,vehicle_status_change,20880000000,89336616591971,20800000,,26,1,False,,
external-mode-check-20260922T012707-197705,runner_event,external_mode_entered,8716000000,89321452696839,,,,,,,{}
external-mode-check-20260922T012707-197705,runner_event,external_mode_exit_observed,8916000000,89321700486302,,,,,,,{}
external-mode-check-20260922T012707-197705,runner_event,external_mode_entered,20880000000,89336616556235,,,,,,,{}
external-mode-gui-20260922T013029-201643,adapter_log,mission_completed_log,,,,1790040718.673665130,,,,,[INFO] [1790040718.673665130] [px4_navigation_external_mode]: Avoidance Mission completed; handing over to PX4 Hold
external-mode-gui-20260922T013029-201643,runner_vehicle_status_change,vehicle_status_change,9036000000,89521431111507,9036000,,4,0,False,,
external-mode-gui-20260922T013029-201643,runner_vehicle_status_change,vehicle_status_change,9236000000,89521681838439,9072000,,26,1,False,,
external-mode-gui-20260922T013029-201643,runner_vehicle_status_change,vehicle_status_change,9372000000,89522429698747,9312000,,4,0,False,,
external-mode-gui-20260922T013029-201643,runner_vehicle_status_change,vehicle_status_change,10316000000,89523087404791,10320000,,17,0,False,,
external-mode-gui-20260922T013029-201643,runner_vehicle_status_change,vehicle_status_change,17088000000,89531496113309,17088000,,4,0,False,,
external-mode-gui-20260922T013029-201643,runner_vehicle_status_change,vehicle_status_change,21320000000,89536786713492,21312000,,26,1,False,,
external-mode-gui-20260922T013029-201643,runner_vehicle_status_change,vehicle_status_change,62328000000,89588089686587,62196000,,4,1,False,,
external-mode-gui-20260922T013029-201643,runner_event,external_mode_entered,9236000000,89521681776656,,,,,,,{}
external-mode-gui-20260922T013029-201643,runner_event,external_mode_exit_observed,9372000000,89522429662084,,,,,,,{}
external-mode-gui-20260922T013029-201643,runner_event,external_mode_entered,21320000000,89536786643646,,,,,,,{}
external-mode-gui-20260922T013029-201643,runner_event,external_mode_exit_observed,62328000000,89588089629669,,,,,,,{}
external-mode-gui-20260922T013317-205860,runner_vehicle_status_change,vehicle_status_change,0,89690451558658,9584000,,4,0,False,,
external-mode-gui-20260922T013317-205860,runner_vehicle_status_change,vehicle_status_change,9800000000,89690721297201,9800000,,26,1,False,,
external-mode-gui-20260922T013317-205860,runner_vehicle_status_change,vehicle_status_change,9988000000,89690956613600,9872000,,4,0,False,,
external-mode-gui-20260922T013317-205860,runner_vehicle_status_change,vehicle_status_change,10880000000,89692070918022,10880000,,17,0,False,,
external-mode-gui-20260922T013317-205860,runner_vehicle_status_change,vehicle_status_change,17660000000,89700546726962,17660000,,4,0,False,,
external-mode-gui-20260922T013317-205860,runner_vehicle_status_change,vehicle_status_change,21892000000,89705836136640,21800000,,26,1,False,,
external-mode-gui-20260922T013317-205860,runner_event,external_mode_entered,9800000000,89690721238707,,,,,,,{}
external-mode-gui-20260922T013317-205860,runner_event,external_mode_exit_observed,9988000000,89690956530345,,,,,,,{}
external-mode-gui-20260922T013317-205860,runner_event,external_mode_entered,21892000000,89705836091967,,,,,,,{}
external-mode-gui-20260922T013610-212855,adapter_log,hold_request_log,,,,1790041023.216381628,,,,,[WARN] [1790041023.216381628] [px4_navigation_external_mode]: Avoidance Mission requesting PX4 Hold handover
external-mode-gui-20260922T013610-212855,adapter_log,hold_completion_callback_log,,,,1790041030.432018545,,,,Deactivated,[INFO] [1790041030.432018545] [px4_navigation_external_mode]: PX4 Hold handover completed with result=Deactivated
external-mode-gui-20260922T013610-212855,adapter_log,executor_deactivated_log,,,,1790041030.432031580,,,,,[INFO] [1790041030.432031580] [px4_navigation_external_mode]: Avoidance Mission executor deactivated (mode_exit)
external-mode-gui-20260922T013610-212855,adapter_log,hold_request_log,,,,1790041065.028369920,,,,,[WARN] [1790041065.028369920] [px4_navigation_external_mode]: Avoidance Mission requesting PX4 Hold handover
external-mode-gui-20260922T013610-212855,adapter_log,hold_completion_callback_log,,,,1790041072.942277534,,,,Deactivated,[INFO] [1790041072.942277534] [px4_navigation_external_mode]: PX4 Hold handover completed with result=Deactivated
external-mode-gui-20260922T013610-212855,adapter_log,executor_deactivated_log,,,,1790041072.942291497,,,,,[INFO] [1790041072.942291497] [px4_navigation_external_mode]: Avoidance Mission executor deactivated (mode_exit)
external-mode-gui-20260922T013610-212855,adapter_log,hold_request_log,,,,1790041079.218099762,,,,,[WARN] [1790041079.218099762] [px4_navigation_external_mode]: Avoidance Mission requesting PX4 Hold handover
external-mode-gui-20260922T013610-212855,adapter_log,hold_completion_callback_log,,,,1790041083.903102819,,,,Deactivated,[INFO] [1790041083.903102819] [px4_navigation_external_mode]: PX4 Hold handover completed with result=Deactivated
external-mode-gui-20260922T013610-212855,adapter_log,executor_deactivated_log,,,,1790041083.903113999,,,,,[INFO] [1790041083.903113999] [px4_navigation_external_mode]: Avoidance Mission executor deactivated (mode_exit)
external-mode-gui-20260922T013610-212855,adapter_log,hold_request_log,,,,1790041090.183701655,,,,,[WARN] [1790041090.183701655] [px4_navigation_external_mode]: Avoidance Mission requesting PX4 Hold handover
external-mode-gui-20260922T013610-212855,adapter_log,hold_completion_callback_log,,,,1790041108.416882717,,,,Deactivated,[INFO] [1790041108.416882717] [px4_navigation_external_mode]: PX4 Hold handover completed with result=Deactivated
external-mode-gui-20260922T013610-212855,adapter_log,executor_deactivated_log,,,,1790041108.416893713,,,,,[INFO] [1790041108.416893713] [px4_navigation_external_mode]: Avoidance Mission executor deactivated (mode_exit)
external-mode-gui-20260922T013610-212855,adapter_log,hold_request_log,,,,1790041119.552999104,,,,,[WARN] [1790041119.552999104] [px4_navigation_external_mode]: Avoidance Mission requesting PX4 Hold handover
external-mode-gui-20260922T013610-212855,runner_vehicle_status_change,vehicle_status_change,9196000000,89862596175387,9196000,,4,0,False,,
external-mode-gui-20260922T013610-212855,runner_vehicle_status_change,vehicle_status_change,10216000000,89863870690694,10216000,,26,1,False,,
external-mode-gui-20260922T013610-212855,runner_vehicle_status_change,vehicle_status_change,10404000000,89864105937525,10300000,,4,0,False,,
external-mode-gui-20260922T013610-212855,runner_vehicle_status_change,vehicle_status_change,11412000000,89865365220564,11296000,,17,0,False,,
external-mode-gui-20260922T013610-212855,runner_vehicle_status_change,vehicle_status_change,18100000000,89873726286642,18100000,,4,0,False,,
external-mode-gui-20260922T013610-212855,runner_vehicle_status_change,vehicle_status_change,22324000000,89879055883609,22180000,,26,1,False,,
external-mode-gui-20260922T013610-212855,runner_vehicle_status_change,vehicle_status_change,33132000000,89892516160404,33052000,,4,1,False,,
external-mode-gui-20260922T013610-212855,runner_vehicle_status_change,vehicle_status_change,38800000000,89899601321468,38800000,,26,1,False,,
external-mode-gui-20260922T013610-212855,runner_vehicle_status_change,vehicle_status_change,66496000000,89934220190912,66496000,,4,1,False,,
external-mode-gui-20260922T013610-212855,runner_vehicle_status_change,vehicle_status_change,72808000000,89942110860951,72808000,,26,1,False,,
external-mode-gui-20260922T013610-212855,runner_vehicle_status_change,vehicle_status_change,77840000000,89948456483275,77848000,,4,1,False,,
external-mode-gui-20260922T013610-212855,runner_vehicle_status_change,vehicle_status_change,81576000000,89953071556814,81412000,,26,1,False,,
external-mode-gui-20260922T013610-212855,runner_vehicle_status_change,vehicle_status_change,86620000000,89959376481302,86620000,,4,1,False,,
external-mode-gui-20260922T013610-212855,runner_vehicle_status_change,vehicle_status_change,105076000000,89982445513598,105076000,,26,1,False,,
external-mode-gui-20260922T013610-212855,runner_vehicle_status_change,vehicle_status_change,110128000000,89988760836454,110128000,,4,1,False,,
external-mode-gui-20260922T013610-212855,runner_event,external_mode_entered,10216000000,89863870629790,,,,,,,{}
external-mode-gui-20260922T013610-212855,runner_event,external_mode_exit_observed,10404000000,89864105896254,,,,,,,{}
external-mode-gui-20260922T013610-212855,runner_event,external_mode_entered,22324000000,89879055822772,,,,,,,{}
external-mode-gui-20260922T013610-212855,runner_event,external_mode_exit_observed,33132000000,89892516055466,,,,,,,{}
external-mode-gui-20260922T013610-212855,runner_event,px4_hold_handover_requested,33132000000,89892516135465,,,,,,,"{""executor_in_charge"": 1, ""nav_state"": 4}"
external-mode-gui-20260922T013610-212855,runner_event,external_mode_entered,38800000000,89899601269672,,,,,,,{}
external-mode-gui-20260922T014008-217087,adapter_log,mission_completed_log,,,,1790041305.172712999,,,,,[INFO] [1790041305.172712999] [px4_navigation_external_mode]: Avoidance Mission completed; handing over to PX4 Hold
external-mode-gui-20260922T014008-217087,runner_vehicle_status_change,vehicle_status_change,11296000000,90104861227003,11296000,,4,0,False,,
external-mode-gui-20260922T014008-217087,runner_vehicle_status_change,vehicle_status_change,11500000000,90105117081540,11368000,,26,1,False,,
external-mode-gui-20260922T014008-217087,runner_vehicle_status_change,vehicle_status_change,11696000000,90105688741663,11620000,,4,0,False,,
external-mode-gui-20260922T014008-217087,runner_vehicle_status_change,vehicle_status_change,12604000000,90106495757638,12604000,,17,0,False,,
external-mode-gui-20260922T014008-217087,runner_vehicle_status_change,vehicle_status_change,19408000000,90114999943163,19408000,,4,0,False,,
external-mode-gui-20260922T014008-217087,runner_vehicle_status_change,vehicle_status_change,23624000000,90120313199244,23584000,,26,1,False,,
external-mode-gui-20260922T014008-217087,runner_vehicle_status_change,vehicle_status_change,66904000000,90174370692606,66904000,,4,1,False,,
external-mode-gui-20260922T014008-217087,runner_event,external_mode_entered,11500000000,90105116994152,,,,,,,{}
external-mode-gui-20260922T014008-217087,runner_event,external_mode_exit_observed,11696000000,90105688660852,,,,,,,{}
external-mode-gui-20260922T014008-217087,runner_event,external_mode_entered,23624000000,90120313151604,,,,,,,{}
external-mode-gui-20260922T014008-217087,runner_event,external_mode_exit_observed,66904000000,90174370645953,,,,,,,{}
external-mode-gui-20260922T014226-221089,adapter_log,mission_completed_log,,,,1790041443.183534642,,,,,[INFO] [1790041443.183534642] [px4_navigation_external_mode]: Avoidance Mission completed; handing over to PX4 Hold
external-mode-gui-20260922T014226-221089,adapter_log,hold_completion_callback_log,,,,1790041460.623090547,,,,Deactivated,[INFO] [1790041460.623090547] [px4_navigation_external_mode]: PX4 Hold handover completed with result=Deactivated
external-mode-gui-20260922T014226-221089,adapter_log,executor_deactivated_log,,,,1790041460.623109713,,,,,[INFO] [1790041460.623109713] [px4_navigation_external_mode]: Avoidance Mission executor deactivated (mode_exit)
external-mode-gui-20260922T014226-221089,adapter_log,hold_request_log,,,,1790041466.899332967,,,,,[WARN] [1790041466.899332967] [px4_navigation_external_mode]: Avoidance Mission requesting PX4 Hold handover
external-mode-gui-20260922T014226-221089,runner_vehicle_status_change,vehicle_status_change,0,90240796526925,9536000,,4,0,False,,
external-mode-gui-20260922T014226-221089,runner_vehicle_status_change,vehicle_status_change,9932000000,90241291944526,9932000,,26,1,False,,
external-mode-gui-20260922T014226-221089,runner_vehicle_status_change,vehicle_status_change,10120000000,90241527503469,10004000,,4,0,False,,
external-mode-gui-20260922T014226-221089,runner_vehicle_status_change,vehicle_status_change,11000000000,90242628218847,11000000,,17,0,False,,
external-mode-gui-20260922T014226-221089,runner_vehicle_status_change,vehicle_status_change,16916000000,90250022456385,16916000,,4,0,False,,
external-mode-gui-20260922T014226-221089,runner_vehicle_status_change,vehicle_status_change,21200000000,90255377959989,21200000,,26,1,False,,
external-mode-gui-20260922T014226-221089,runner_vehicle_status_change,vehicle_status_change,66800000000,90312377420975,66800000,,4,1,False,,
external-mode-gui-20260922T014226-221089,runner_vehicle_status_change,vehicle_status_change,80732000000,90329791795488,80732000,,26,1,False,,
external-mode-gui-20260922T014226-221089,runner_vehicle_status_change,vehicle_status_change,85772000000,90336091426476,85772000,,4,1,False,,
external-mode-gui-20260922T014226-221089,runner_event,external_mode_entered,9932000000,90241291882014,,,,,,,{}
external-mode-gui-20260922T014226-221089,runner_event,external_mode_exit_observed,10120000000,90241527444074,,,,,,,{}
external-mode-gui-20260922T014226-221089,runner_event,external_mode_entered,21200000000,90255377909950,,,,,,,{}
external-mode-gui-20260922T014226-221089,runner_event,external_mode_exit_observed,66800000000,90312377345839,,,,,,,{}
external-mode-gui-20260922T014226-221089,runner_event,external_mode_entered,80732000000,90329791728141,,,,,,,{}
external-mode-gui-20260922T014501-225072,adapter_log,mission_completed_log,,,,1790041623.494466584,,,,,[INFO] [1790041623.494466584] [px4_navigation_external_mode]: Avoidance Mission completed; handing over to PX4 Hold
external-mode-gui-20260922T014501-225072,adapter_log,hold_completion_callback_log,,,,1790041628.839901255,,,,Deactivated,[INFO] [1790041628.839901255] [px4_navigation_external_mode]: PX4 Hold handover completed with result=Deactivated
external-mode-gui-20260922T014501-225072,adapter_log,executor_deactivated_log,,,,1790041628.839907940,,,,,[INFO] [1790041628.839907940] [px4_navigation_external_mode]: Avoidance Mission executor deactivated (mode_exit)
external-mode-gui-20260922T014501-225072,adapter_log,hold_request_log,,,,1790041635.115181465,,,,,[WARN] [1790041635.115181465] [px4_navigation_external_mode]: Avoidance Mission requesting PX4 Hold handover
external-mode-gui-20260922T014501-225072,runner_vehicle_status_change,vehicle_status_change,10324000000,90396989276852,10332000,,4,0,False,,
external-mode-gui-20260922T014501-225072,runner_vehicle_status_change,vehicle_status_change,10532000000,90397202587955,10416000,,26,1,False,,
external-mode-gui-20260922T014501-225072,runner_vehicle_status_change,vehicle_status_change,10728000000,90397491567090,10680000,,4,0,False,,
external-mode-gui-20260922T014501-225072,runner_vehicle_status_change,vehicle_status_change,11676000000,90398631683584,11676000,,17,0,False,,
external-mode-gui-20260922T014501-225072,runner_vehicle_status_change,vehicle_status_change,18492000000,90407151977912,18492000,,4,0,False,,
external-mode-gui-20260922T014501-225072,runner_vehicle_status_change,vehicle_status_change,22724000000,90412495606951,22656000,,26,1,False,,
external-mode-gui-20260922T014501-225072,runner_vehicle_status_change,vehicle_status_change,86928000000,90492736714852,86928000,,4,1,False,,
external-mode-gui-20260922T014501-225072,runner_vehicle_status_change,vehicle_status_change,91148000000,90498015919325,91176000,,26,1,False,,
external-mode-gui-20260922T014501-225072,runner_vehicle_status_change,vehicle_status_change,96216000000,90504307122763,96216000,,4,1,False,,
external-mode-gui-20260922T014501-225072,runner_event,external_mode_entered,10532000000,90397202521580,,,,,,,{}
external-mode-gui-20260922T014501-225072,runner_event,external_mode_exit_observed,10728000000,90397491503955,,,,,,,{}
external-mode-gui-20260922T014501-225072,runner_event,external_mode_entered,22724000000,90412495540126,,,,,,,{}
external-mode-gui-20260922T014501-225072,runner_event,external_mode_exit_observed,86928000000,90492736651326,,,,,,,{}
external-mode-gui-20260922T014501-225072,runner_event,external_mode_entered,91148000000,90498015869809,,,,,,,{}
external-mode-gui-20260922T014758-229248,adapter_log,hold_request_log,,,,1790041747.560522380,,,,,[WARN] [1790041747.560522380] [px4_navigation_external_mode]: Avoidance Mission requesting PX4 Hold handover
external-mode-gui-20260922T014758-229248,adapter_log,hold_completion_callback_log,,,,1790041784.459158162,,,,Deactivated,[INFO] [1790041784.459158162] [px4_navigation_external_mode]: PX4 Hold handover completed with result=Deactivated
external-mode-gui-20260922T014758-229248,adapter_log,executor_deactivated_log,,,,1790041784.459172829,,,,,[INFO] [1790041784.459172829] [px4_navigation_external_mode]: Avoidance Mission executor deactivated (failsafe)
external-mode-gui-20260922T014758-229248,runner_vehicle_status_change,vehicle_status_change,24112000000,90592451281607,24160000,,4,0,False,,
external-mode-gui-20260922T014758-229248,runner_vehicle_status_change,vehicle_status_change,25368000000,90593923085279,25216000,,26,1,False,,
external-mode-gui-20260922T014758-229248,runner_vehicle_status_change,vehicle_status_change,25568000000,90594172778762,25492000,,4,0,False,,
external-mode-gui-20260922T014758-229248,runner_vehicle_status_change,vehicle_status_change,26500000000,90595337213503,26500000,,17,0,False,,
external-mode-gui-20260922T014758-229248,runner_vehicle_status_change,vehicle_status_change,33316000000,90603857520900,33316000,,4,0,False,,
external-mode-gui-20260922T014758-229248,runner_vehicle_status_change,vehicle_status_change,43596000000,90616708249830,43432000,,26,1,False,,
external-mode-gui-20260922T014758-229248,runner_vehicle_status_change,vehicle_status_change,43796000000,90616958987473,43636000,,4,1,False,,
external-mode-gui-20260922T014758-229248,runner_vehicle_status_change,vehicle_status_change,73128000000,90653664506365,73132000,,12,0,True,,
external-mode-gui-20260922T014758-229248,runner_event,external_mode_entered,25368000000,90593923024883,,,,,,,{}
external-mode-gui-20260922T014758-229248,runner_event,external_mode_exit_observed,25568000000,90594172705740,,,,,,,{}
external-mode-gui-20260922T014758-229248,runner_event,external_mode_entered,43596000000,90616708200794,,,,,,,{}
external-mode-gui-20260922T014758-229248,runner_event,px4_hold_handover_requested,48928000000,90623433527341,,,,,,,"{""position_residual_m"": 3.5845565708149447, ""velocity_residual_m_s"": 2.2472401959696935}"
external-mode-gui-20260922T015008-233245,adapter_log,hold_request_log,,,,1790041891.442024600,,,,,[WARN] [1790041891.442024600] [px4_navigation_external_mode]: Avoidance Mission requesting PX4 Hold handover
external-mode-gui-20260922T015008-233245,adapter_log,hold_completion_callback_log,,,,1790041903.287664654,,,,Deactivated,[INFO] [1790041903.287664654] [px4_navigation_external_mode]: PX4 Hold handover completed with result=Deactivated
external-mode-gui-20260922T015008-233245,adapter_log,executor_deactivated_log,,,,1790041903.287676024,,,,,[INFO] [1790041903.287676024] [px4_navigation_external_mode]: Avoidance Mission executor deactivated (mode_exit)
external-mode-gui-20260922T015008-233245,adapter_log,hold_request_log,,,,1790041916.244096499,,,,,[WARN] [1790041916.244096499] [px4_navigation_external_mode]: Avoidance Mission requesting PX4 Hold handover
external-mode-gui-20260922T015008-233245,adapter_log,hold_completion_callback_log,,,,1790041921.568263001,,,,Deactivated,[INFO] [1790041921.568263001] [px4_navigation_external_mode]: PX4 Hold handover completed with result=Deactivated
external-mode-gui-20260922T015008-233245,adapter_log,executor_deactivated_log,,,,1790041921.568270313,,,,,[INFO] [1790041921.568270313] [px4_navigation_external_mode]: Avoidance Mission executor deactivated (mode_exit)
external-mode-gui-20260922T015008-233245,adapter_log,mission_completed_log,,,,1790041965.102941841,,,,,[INFO] [1790041965.102941841] [px4_navigation_external_mode]: Avoidance Mission completed; handing over to PX4 Hold
external-mode-gui-20260922T015008-233245,runner_vehicle_status_change,vehicle_status_change,24756000000,90722956579280,24756000,,4,0,False,,
external-mode-gui-20260922T015008-233245,runner_vehicle_status_change,vehicle_status_change,25928000000,90724486129754,25800000,,26,1,False,,
external-mode-gui-20260922T015008-233245,runner_vehicle_status_change,vehicle_status_change,26124000000,90724719739031,26124000,,4,0,False,,
external-mode-gui-20260922T015008-233245,runner_vehicle_status_change,vehicle_status_change,27116000000,90725949841582,27120000,,17,0,False,,
external-mode-gui-20260922T015008-233245,runner_vehicle_status_change,vehicle_status_change,33916000000,90734453028726,33936000,,4,0,False,,
external-mode-gui-20260922T015008-233245,runner_vehicle_status_change,vehicle_status_change,38196000000,90739757270212,38196000,,26,1,False,,
external-mode-gui-20260922T015008-233245,runner_vehicle_status_change,vehicle_status_change,55020000000,90760836071811,54900000,,4,1,False,,
external-mode-gui-20260922T015008-233245,runner_vehicle_status_change,vehicle_status_change,64324000000,90772456145150,64356000,,26,1,False,,
external-mode-gui-20260922T015008-233245,runner_vehicle_status_change,vehicle_status_change,74720000000,90785461850726,74748000,,4,1,False,,
external-mode-gui-20260922T015008-233245,runner_vehicle_status_change,vehicle_status_change,78948000000,90790738159801,78888000,,26,1,False,,
external-mode-gui-20260922T015008-233245,runner_vehicle_status_change,vehicle_status_change,113936000000,90834478282627,113832000,,4,1,False,,
external-mode-gui-20260922T015008-233245,runner_event,external_mode_entered,25928000000,90724486082298,,,,,,,{}
external-mode-gui-20260922T015008-233245,runner_event,external_mode_exit_observed,26124000000,90724719678682,,,,,,,{}
external-mode-gui-20260922T015008-233245,runner_event,external_mode_entered,38196000000,90739757185945,,,,,,,{}
external-mode-gui-20260922T015008-233245,runner_event,external_mode_exit_observed,55020000000,90760835987461,,,,,,,{}
external-mode-gui-20260922T015008-233245,runner_event,px4_hold_handover_requested,55020000000,90760836055266,,,,,,,"{""executor_in_charge"": 1, ""nav_state"": 4}"
external-mode-gui-20260922T015008-233245,runner_event,external_mode_entered,64324000000,90772456071547,,,,,,,{}
external-mode-gui-20260922T015333-237627,adapter_log,mission_completed_log,,,,1790042154.137871530,,,,,[INFO] [1790042154.137871530] [px4_navigation_external_mode]: Avoidance Mission completed; handing over to PX4 Hold
external-mode-gui-20260922T015333-237627,runner_vehicle_status_change,vehicle_status_change,9996000000,90908725418805,9996000,,4,0,False,,
external-mode-gui-20260922T015333-237627,runner_vehicle_status_change,vehicle_status_change,10200000000,90908980346414,10092000,,26,1,False,,
external-mode-gui-20260922T015333-237627,runner_vehicle_status_change,vehicle_status_change,10396000000,90909224721455,10296000,,4,0,False,,
external-mode-gui-20260922T015333-237627,runner_vehicle_status_change,vehicle_status_change,11304000000,90910361357363,11304000,,17,0,False,,
external-mode-gui-20260922T015333-237627,runner_vehicle_status_change,vehicle_status_change,18072000000,90918819966874,18072000,,4,0,False,,
external-mode-gui-20260922T015333-237627,runner_vehicle_status_change,vehicle_status_change,22304000000,90924109852642,22224000,,26,1,False,,
external-mode-gui-20260922T015333-237627,runner_vehicle_status_change,vehicle_status_change,101688000000,91023340760142,101688000,,4,1,False,,
external-mode-gui-20260922T015333-237627,runner_event,external_mode_entered,10200000000,90908980266611,,,,,,,{}
external-mode-gui-20260922T015333-237627,runner_event,external_mode_exit_observed,10396000000,90909224680568,,,,,,,{}
external-mode-gui-20260922T015333-237627,runner_event,external_mode_entered,22304000000,90924109801609,,,,,,,{}
external-mode-gui-20260922T015333-237627,runner_event,external_mode_exit_observed,101688000000,91023340704327,,,,,,,{}
external-mode-gui-20260922T015649-241674,adapter_log,hold_request_log,,,,1790042350.640361796,,,,,[WARN] [1790042350.640361796] [px4_navigation_external_mode]: Avoidance Mission requesting PX4 Hold handover
external-mode-gui-20260922T015649-241674,adapter_log,hold_completion_callback_log,,,,1790042359.745450825,,,,Deactivated,[INFO] [1790042359.745450825] [px4_navigation_external_mode]: PX4 Hold handover completed with result=Deactivated
external-mode-gui-20260922T015649-241674,adapter_log,executor_deactivated_log,,,,1790042359.745461968,,,,,[INFO] [1790042359.745461968] [px4_navigation_external_mode]: Avoidance Mission executor deactivated (mode_exit)
external-mode-gui-20260922T015649-241674,adapter_log,mission_completed_log,,,,1790042469.315147789,,,,,[INFO] [1790042469.315147789] [px4_navigation_external_mode]: Avoidance Mission completed; handing over to PX4 Hold
external-mode-gui-20260922T015649-241674,runner_vehicle_status_change,vehicle_status_change,9924000000,91105618013322,9924000,,4,0,False,,
external-mode-gui-20260922T015649-241674,runner_vehicle_status_change,vehicle_status_change,10124000000,91105867803848,9984000,,26,1,False,,
external-mode-gui-20260922T015649-241674,runner_vehicle_status_change,vehicle_status_change,10324000000,91106118313728,10212000,,4,0,False,,
external-mode-gui-20260922T015649-241674,runner_vehicle_status_change,vehicle_status_change,11220000000,91107238581547,11220000,,17,0,False,,
external-mode-gui-20260922T015649-241674,runner_vehicle_status_change,vehicle_status_change,18012000000,91115727824153,18012000,,4,0,False,,
external-mode-gui-20260922T015649-241674,runner_vehicle_status_change,vehicle_status_change,22416000000,91121233262601,22416000,,26,1,False,,
external-mode-gui-20260922T015649-241674,runner_vehicle_status_change,vehicle_status_change,101304000000,91219843115101,101304000,,4,1,False,,
external-mode-gui-20260922T015649-241674,runner_vehicle_status_change,vehicle_status_change,108524000000,91228922099175,108504000,,26,1,False,,
external-mode-gui-20260922T015649-241674,runner_vehicle_status_change,vehicle_status_change,196228000000,91338537271312,196236000,,4,1,False,,
external-mode-gui-20260922T015649-241674,runner_event,external_mode_entered,10124000000,91105867737937,,,,,,,{}
external-mode-gui-20260922T015649-241674,runner_event,external_mode_exit_observed,10324000000,91106118251473,,,,,,,{}
external-mode-gui-20260922T015649-241674,runner_event,external_mode_entered,22416000000,91121233174595,,,,,,,{}
external-mode-gui-20260922T015649-241674,runner_event,external_mode_exit_observed,101304000000,91219843043421,,,,,,,{}
external-mode-gui-20260922T015649-241674,runner_event,px4_hold_handover_requested,101304000000,91219843099855,,,,,,,"{""executor_in_charge"": 1, ""nav_state"": 4}"
external-mode-gui-20260922T015649-241674,runner_event,external_mode_entered,108524000000,91228922036982,,,,,,,{}
external-mode-gui-20260922T020310-247206,adapter_log,executor_deactivated_log,,,,1790042623.887336694,,,,,[INFO] [1790042623.887336694] [px4_navigation_external_mode]: Avoidance Mission executor deactivated (mode_exit)
external-mode-gui-20260922T020310-247206,adapter_log,hold_request_log,,,,1790042930.303581708,,,,,[WARN] [1790042930.303581708] [px4_navigation_external_mode]: Avoidance Mission requesting PX4 Hold handover
external-mode-gui-20260922T020310-247206,runner_vehicle_status_change,vehicle_status_change,0,91486109973863,8828000,,4,0,False,,
external-mode-gui-20260922T020310-247206,runner_vehicle_status_change,vehicle_status_change,9096000000,91486445302273,8948000,,26,1,False,,
external-mode-gui-20260922T020310-247206,runner_vehicle_status_change,vehicle_status_change,14384000000,91493055612124,14228000,,4,0,False,,
external-mode-gui-20260922T020310-247206,runner_vehicle_status_change,vehicle_status_change,15220000000,91494143492666,15224000,,17,0,False,,
external-mode-gui-20260922T020310-247206,runner_vehicle_status_change,vehicle_status_change,21980000000,91502551084927,21980000,,4,0,False,,
external-mode-gui-20260922T020310-247206,runner_vehicle_status_change,vehicle_status_change,26384000000,91508054906100,26384000,,26,1,False,,
external-mode-gui-20260922T020310-247206,runner_vehicle_status_change,vehicle_status_change,259532000000,91799523980644,259556000,,4,1,False,,
external-mode-gui-20260922T020310-247206,runner_event,external_mode_entered,9096000000,91486445234446,,,,,,,{}
external-mode-gui-20260922T020310-247206,runner_event,external_mode_exit_observed,14384000000,91493055534802,,,,,,,{}
external-mode-gui-20260922T020310-247206,runner_event,external_mode_entered,26384000000,91508054812668,,,,,,,{}
external-mode-gui-20260922T020310-247206,runner_event,external_mode_exit_observed,259532000000,91799523841973,,,,,,,{}
external-mode-gui-20260922T020310-247206,runner_event,px4_hold_handover_requested,259532000000,91799523951041,,,,,,,"{""executor_in_charge"": 1, ""nav_state"": 4}"
external-mode-gui-20260922T021353-252477,adapter_log,hold_request_log,,,,1790043419.291784352,,,,,[WARN] [1790043419.291784352] [px4_navigation_external_mode]: Avoidance Mission requesting PX4 Hold handover
external-mode-gui-20260922T021353-252477,runner_vehicle_status_change,vehicle_status_change,11712000000,92134148402459,11712000,,4,0,False,,
external-mode-gui-20260922T021353-252477,runner_vehicle_status_change,vehicle_status_change,11912000000,92134398087304,11808000,,26,1,False,,
external-mode-gui-20260922T021353-252477,runner_vehicle_status_change,vehicle_status_change,12112000000,92134647583842,12012000,,4,0,False,,
external-mode-gui-20260922T021353-252477,runner_vehicle_status_change,vehicle_status_change,13008000000,92135767088175,13008000,,17,0,False,,
external-mode-gui-20260922T021353-252477,runner_vehicle_status_change,vehicle_status_change,19748000000,92144233116819,19776000,,4,0,False,,
external-mode-gui-20260922T021353-252477,runner_vehicle_status_change,vehicle_status_change,24012000000,92149522637633,24012000,,26,1,False,,
external-mode-gui-20260922T021353-252477,runner_vehicle_status_change,vehicle_status_change,135192000000,92288497463266,135192000,,4,1,False,,
external-mode-gui-20260922T021353-252477,runner_event,external_mode_entered,11912000000,92134398010421,,,,,,,{}
external-mode-gui-20260922T021353-252477,runner_event,external_mode_exit_observed,12112000000,92134647539626,,,,,,,{}
external-mode-gui-20260922T021353-252477,runner_event,external_mode_entered,24012000000,92149522566239,,,,,,,{}
external-mode-gui-20260922T021353-252477,runner_event,px4_hold_handover_requested,127596000000,92279004688450,,,,,,,"{""position_residual_m"": 2.968744496209321, ""velocity_residual_m_s"": 1.0306341817292013}"
external-mode-gui-20260922T021353-252477,runner_event,external_mode_exit_observed,135192000000,92288497372797,,,,,,,{}
external-mode-gui-20260922T021353-252477,runner_event,px4_hold_handover_requested,135192000000,92288497441433,,,,,,,"{""executor_in_charge"": 1, ""nav_state"": 4}"
external-mode-gui-20260922T021832-256944,adapter_log,mission_completed_log,,,,1790043645.205866664,,,,,[INFO] [1790043645.205866664] [px4_navigation_external_mode]: Avoidance Mission completed; handing over to PX4 Hold
external-mode-gui-20260922T021832-256944,adapter_log,hold_completion_callback_log,,,,1790043786.075028993,,,,Deactivated,[INFO] [1790043786.075028993] [px4_navigation_external_mode]: PX4 Hold handover completed with result=Deactivated
external-mode-gui-20260922T021832-256944,adapter_log,executor_deactivated_log,,,,1790043786.075051073,,,,,[INFO] [1790043786.075051073] [px4_navigation_external_mode]: Avoidance Mission executor deactivated (mode_exit)
external-mode-gui-20260922T021832-256944,adapter_log,hold_request_log,,,,1790043792.355711993,,,,,[WARN] [1790043792.355711993] [px4_navigation_external_mode]: Avoidance Mission requesting PX4 Hold handover
external-mode-gui-20260922T021832-256944,adapter_log,hold_completion_callback_log,,,,1790043800.854780238,,,,Deactivated,[INFO] [1790043800.854780238] [px4_navigation_external_mode]: PX4 Hold handover completed with result=Deactivated
external-mode-gui-20260922T021832-256944,adapter_log,executor_deactivated_log,,,,1790043800.854794044,,,,,[INFO] [1790043800.854794044] [px4_navigation_external_mode]: Avoidance Mission executor deactivated (mode_exit)
external-mode-gui-20260922T021832-256944,adapter_log,hold_request_log,,,,1790043807.130443018,,,,,[WARN] [1790043807.130443018] [px4_navigation_external_mode]: Avoidance Mission requesting PX4 Hold handover
external-mode-gui-20260922T021832-256944,adapter_log,hold_completion_callback_log,,,,1790043813.199451997,,,,Deactivated,[INFO] [1790043813.199451997] [px4_navigation_external_mode]: PX4 Hold handover completed with result=Deactivated
external-mode-gui-20260922T021832-256944,adapter_log,executor_deactivated_log,,,,1790043813.199461977,,,,,[INFO] [1790043813.199461977] [px4_navigation_external_mode]: Avoidance Mission executor deactivated (mode_exit)
external-mode-gui-20260922T021832-256944,runner_vehicle_status_change,vehicle_status_change,9904000000,92409138186787,9904000,,4,0,False,,
external-mode-gui-20260922T021832-256944,runner_vehicle_status_change,vehicle_status_change,10108000000,92409394754839,10012000,,26,1,False,,
external-mode-gui-20260922T021832-256944,runner_vehicle_status_change,vehicle_status_change,10308000000,92409644698067,10204000,,4,0,False,,
external-mode-gui-20260922T021832-256944,runner_vehicle_status_change,vehicle_status_change,11200000000,92410759551755,11200000,,17,0,False,,
external-mode-gui-20260922T021832-256944,runner_vehicle_status_change,vehicle_status_change,18004000000,92419263370200,18004000,,4,0,False,,
external-mode-gui-20260922T021832-256944,runner_vehicle_status_change,vehicle_status_change,22236000000,92424588715911,22120000,,26,1,False,,
external-mode-gui-20260922T021832-256944,runner_vehicle_status_change,vehicle_status_change,94116000000,92514450717952,94120000,,4,1,False,,
external-mode-gui-20260922T021832-256944,runner_vehicle_status_change,vehicle_status_change,206712000000,92655242973719,206644000,,26,1,False,,
external-mode-gui-20260922T021832-256944,runner_vehicle_status_change,vehicle_status_change,211728000000,92661555144097,211756000,,4,1,False,,
external-mode-gui-20260922T021832-256944,runner_vehicle_status_change,vehicle_status_change,218532000000,92670047865049,218536000,,26,1,False,,
external-mode-gui-20260922T021832-256944,runner_vehicle_status_change,vehicle_status_change,223576000000,92676323369928,223576000,,4,1,False,,
external-mode-gui-20260922T021832-256944,runner_vehicle_status_change,vehicle_status_change,231796000000,92686597825522,231796000,,26,1,False,,
external-mode-gui-20260922T021832-256944,runner_event,external_mode_entered,10108000000,92409394686230,,,,,,,{}
external-mode-gui-20260922T021832-256944,runner_event,external_mode_exit_observed,10308000000,92409644624718,,,,,,,{}
external-mode-gui-20260922T021832-256944,runner_event,external_mode_entered,22236000000,92424588674596,,,,,,,{}
external-mode-gui-20260922T021832-256944,runner_event,external_mode_exit_observed,94116000000,92514450655884,,,,,,,{}
external-mode-gui-20260922T021832-256944,runner_event,external_mode_entered,206712000000,92655242924520,,,,,,,{}
external-mode-check-20260923T033714-53651,adapter_log,hold_request_log,,,,1790134693.320620970,,,,,[WARN] [1790134693.320620970] [px4_navigation_external_mode]: Avoidance Mission requesting PX4 Hold handover
external-mode-check-20260923T033714-53651,runner_vehicle_status_change,vehicle_status_change,6780000000,60659360686784,6780000,,4,0,False,,
external-mode-check-20260923T033714-53651,runner_vehicle_status_change,vehicle_status_change,7988000000,60660870609447,7824000,,26,1,False,,
external-mode-check-20260923T033714-53651,runner_vehicle_status_change,vehicle_status_change,8188000000,60661120539775,8064000,,4,0,False,,
external-mode-check-20260923T033714-53651,runner_vehicle_status_change,vehicle_status_change,9060000000,60662210368146,9060000,,17,0,False,,
external-mode-check-20260923T033714-53651,runner_vehicle_status_change,vehicle_status_change,15816000000,60670689272223,15840000,,4,0,False,,
external-mode-check-20260923T033714-53651,runner_vehicle_status_change,vehicle_status_change,20076000000,60675980218408,19980000,,26,1,False,,
external-mode-check-20260923T033714-53651,runner_event,external_mode_entered,7988000000,60660870559468,,,,,,,{}
external-mode-check-20260923T033714-53651,runner_event,external_mode_exit_observed,8188000000,60661120483088,,,,,,,{}
external-mode-check-20260923T033714-53651,runner_event,external_mode_entered,20076000000,60675980180450,,,,,,,{}
external-mode-check-20260923T034029-57709,adapter_log,hold_request_log,,,,1790134887.062344938,,,,,[WARN] [1790134887.062344938] [px4_navigation_external_mode]: Avoidance Mission requesting PX4 Hold handover
external-mode-check-20260923T034029-57709,runner_vehicle_status_change,vehicle_status_change,7176000000,60854268964318,7176000,,4,0,False,,
external-mode-check-20260923T034029-57709,runner_vehicle_status_change,vehicle_status_change,7376000000,60854519229833,7272000,,26,1,False,,
external-mode-check-20260923T034029-57709,runner_vehicle_status_change,vehicle_status_change,7576000000,60854769339891,7476000,,4,0,False,,
external-mode-check-20260923T034029-57709,runner_vehicle_status_change,vehicle_status_change,8472000000,60855889148655,8472000,,17,0,False,,
external-mode-check-20260923T034029-57709,runner_vehicle_status_change,vehicle_status_change,15300000000,60864424029632,15300000,,4,0,False,,
external-mode-check-20260923T034029-57709,runner_vehicle_status_change,vehicle_status_change,19516000000,60869723415497,19392000,,26,1,False,,
external-mode-check-20260923T034029-57709,runner_event,external_mode_entered,7376000000,60854519191875,,,,,,,{}
external-mode-check-20260923T034029-57709,runner_event,external_mode_exit_observed,7576000000,60854769299905,,,,,,,{}
external-mode-check-20260923T034029-57709,runner_event,external_mode_entered,19516000000,60869723375503,,,,,,,{}
external-mode-check-20260923T034232-61247,adapter_log,hold_request_log,,,,1790135010.488689001,,,,,[WARN] [1790135010.488689001] [px4_navigation_external_mode]: Avoidance Mission requesting PX4 Hold handover
external-mode-check-20260923T034232-61247,runner_vehicle_status_change,vehicle_status_change,0,60977567993694,7136000,,4,0,False,,
external-mode-check-20260923T034232-61247,runner_vehicle_status_change,vehicle_status_change,7460000000,60977967882394,7460000,,26,1,False,,
external-mode-check-20260923T034232-61247,runner_vehicle_status_change,vehicle_status_change,7648000000,60978202907541,7568000,,4,0,False,,
external-mode-check-20260923T034232-61247,runner_vehicle_status_change,vehicle_status_change,8564000000,60979347954613,8564000,,17,0,False,,
external-mode-check-20260923T034232-61247,runner_vehicle_status_change,vehicle_status_change,15392000000,60987882981513,15392000,,4,0,False,,
external-mode-check-20260923T034232-61247,runner_vehicle_status_change,vehicle_status_change,19616000000,60993188435190,19580000,,26,1,False,,
external-mode-check-20260923T034232-61247,runner_vehicle_status_change,vehicle_status_change,34988000000,61012377940506,34988000,,4,1,False,,
external-mode-check-20260923T034232-61247,runner_event,external_mode_entered,7460000000,60977967842855,,,,,,,{}
external-mode-check-20260923T034232-61247,runner_event,external_mode_exit_observed,7648000000,60978202865094,,,,,,,{}
external-mode-check-20260923T034232-61247,runner_event,external_mode_entered,19616000000,60993188390272,,,,,,,{}
external-mode-check-20260923T034232-61247,runner_event,external_mode_exit_observed,34988000000,61012377867761,,,,,,,{}
external-mode-check-20260923T034232-61247,runner_event,px4_hold_handover_requested,34988000000,61012377922620,,,,,,,"{""executor_in_charge"": 1, ""nav_state"": 4}"
external-mode-check-20260923T034522-65026,adapter_log,executor_deactivated_log,,,,1790135146.525239391,,,,,[INFO] [1790135146.525239391] [px4_navigation_external_mode]: Avoidance Mission executor deactivated (mode_exit)
external-mode-check-20260923T034522-65026,adapter_log,hold_request_log,,,,1790135180.362338216,,,,,[WARN] [1790135180.362338216] [px4_navigation_external_mode]: Avoidance Mission requesting PX4 Hold handover
external-mode-check-20260923T034522-65026,runner_vehicle_status_change,vehicle_status_change,6916000000,61147637990122,6936000,,4,0,False,,
external-mode-check-20260923T034522-65026,runner_vehicle_status_change,vehicle_status_change,7116000000,61147894764634,6984000,,26,1,False,,
external-mode-check-20260923T034522-65026,runner_vehicle_status_change,vehicle_status_change,7516000000,61148391174082,7488000,,4,0,False,,
external-mode-check-20260923T034522-65026,runner_vehicle_status_change,vehicle_status_change,8212000000,61149266423223,8220000,,17,0,False,,
external-mode-check-20260923T034522-65026,runner_vehicle_status_change,vehicle_status_change,15016000000,61157751957208,15036000,,4,0,False,,
external-mode-check-20260923T034522-65026,runner_vehicle_status_change,vehicle_status_change,19272000000,61163046117139,19104000,,26,1,False,,
external-mode-check-20260923T034522-65026,runner_vehicle_status_change,vehicle_status_change,34620000000,61182254599116,34632000,,4,1,False,,
external-mode-check-20260923T034522-65026,runner_event,external_mode_entered,7116000000,61147894723110,,,,,,,{}
external-mode-check-20260923T034522-65026,runner_event,external_mode_exit_observed,7516000000,61148391132238,,,,,,,{}
external-mode-check-20260923T034522-65026,runner_event,external_mode_entered,19272000000,61163046064172,,,,,,,{}
external-mode-check-20260923T034522-65026,runner_event,external_mode_exit_observed,34620000000,61182254553149,,,,,,,{}
external-mode-check-20260923T034522-65026,runner_event,px4_hold_handover_requested,34620000000,61182254587657,,,,,,,"{""executor_in_charge"": 1, ""nav_state"": 4}"
external-mode-check-20260922T012707-197705,runner_command_ack_unattributed,vehicle_command_ack_observed,8584000000,89321246556063,,,,,,0,command=100001; no request/target identity
external-mode-check-20260922T012707-197705,runner_command_ack_unattributed,vehicle_command_ack_observed,8788000000,89321501975553,,,,,,0,command=400; no request/target identity
external-mode-check-20260922T012707-197705,runner_command_ack_unattributed,vehicle_command_ack_observed,8824000000,89321546457815,,,,,,0,command=100001; no request/target identity
external-mode-check-20260922T012707-197705,runner_command_ack_unattributed,vehicle_command_ack_observed,9844000000,89322821333232,,,,,,0,command=22; no request/target identity
external-mode-check-20260922T012707-197705,runner_command_ack_unattributed,vehicle_command_ack_observed,20788000000,89336501195611,,,,,,0,command=100001; no request/target identity
external-mode-check-20260922T012707-197705,runner_command_ack_unattributed,vehicle_command_ack_observed,20896000000,89336636222199,,,,,,0,command=100001; no request/target identity
external-mode-check-20260922T012707-197705,runner_command_ack_unattributed,vehicle_command_ack_observed,36304000000,89355896861643,,,,,,0,command=100001; no request/target identity
external-mode-gui-20260922T013029-201643,runner_command_ack_unattributed,vehicle_command_ack_observed,9060000000,89521461132703,,,,,,0,command=100001; no request/target identity
external-mode-gui-20260922T013029-201643,runner_command_ack_unattributed,vehicle_command_ack_observed,9264000000,89521715963543,,,,,,0,command=400; no request/target identity
external-mode-gui-20260922T013029-201643,runner_command_ack_unattributed,vehicle_command_ack_observed,9300000000,89522093586739,,,,,,0,command=100001; no request/target identity
external-mode-gui-20260922T013029-201643,runner_command_ack_unattributed,vehicle_command_ack_observed,10308000000,89523021180485,,,,,,0,command=22; no request/target identity
external-mode-gui-20260922T013029-201643,runner_command_ack_unattributed,vehicle_command_ack_observed,14588000000,89528371100909,,,,,,0,command=512; no request/target identity
external-mode-gui-20260922T013029-201643,runner_command_ack_unattributed,vehicle_command_ack_observed,14688000000,89528496620180,,,,,,0,command=512; no request/target identity
external-mode-gui-20260922T013029-201643,runner_command_ack_unattributed,vehicle_command_ack_observed,14716000000,89528579173182,,,,,,0,command=512; no request/target identity
external-mode-gui-20260922T013029-201643,runner_command_ack_unattributed,vehicle_command_ack_observed,14760000000,89528588231339,,,,,,0,command=512; no request/target identity
external-mode-gui-20260922T013029-201643,runner_command_ack_unattributed,vehicle_command_ack_observed,14764000000,89528595186989,,,,,,0,command=512; no request/target identity
external-mode-gui-20260922T013029-201643,runner_command_ack_unattributed,vehicle_command_ack_observed,14772000000,89528601980763,,,,,,0,command=512; no request/target identity
external-mode-gui-20260922T013029-201643,runner_command_ack_unattributed,vehicle_command_ack_observed,14784000000,89528616525528,,,,,,0,command=512; no request/target identity
external-mode-gui-20260922T013029-201643,runner_command_ack_unattributed,vehicle_command_ack_observed,14792000000,89528627066057,,,,,,0,command=512; no request/target identity
external-mode-gui-20260922T013029-201643,runner_command_ack_unattributed,vehicle_command_ack_observed,14804000000,89528642259791,,,,,,0,command=512; no request/target identity
external-mode-gui-20260922T013029-201643,runner_command_ack_unattributed,vehicle_command_ack_observed,14812000000,89528651348395,,,,,,0,command=512; no request/target identity
external-mode-gui-20260922T013029-201643,runner_command_ack_unattributed,vehicle_command_ack_observed,14820000000,89528716971210,,,,,,0,command=512; no request/target identity
external-mode-gui-20260922T013029-201643,runner_command_ack_unattributed,vehicle_command_ack_observed,14824000000,89528718542915,,,,,,0,command=512; no request/target identity
external-mode-gui-20260922T013029-201643,runner_command_ack_unattributed,vehicle_command_ack_observed,14828000000,89528719743519,,,,,,0,command=512; no request/target identity
external-mode-gui-20260922T013029-201643,runner_command_ack_unattributed,vehicle_command_ack_observed,14832000000,89528720962392,,,,,,0,command=512; no request/target identity
external-mode-gui-20260922T013029-201643,runner_command_ack_unattributed,vehicle_command_ack_observed,14876000000,89528731902286,,,,,,0,command=512; no request/target identity
external-mode-gui-20260922T013029-201643,runner_command_ack_unattributed,vehicle_command_ack_observed,14880000000,89528738937536,,,,,,0,command=512; no request/target identity
external-mode-gui-20260922T013029-201643,runner_command_ack_unattributed,vehicle_command_ack_observed,14892000000,89528751707828,,,,,,0,command=512; no request/target identity
external-mode-gui-20260922T013029-201643,runner_command_ack_unattributed,vehicle_command_ack_observed,14900000000,89528762051973,,,,,,0,command=512; no request/target identity
external-mode-gui-20260922T013029-201643,runner_command_ack_unattributed,vehicle_command_ack_observed,14912000000,89528776614180,,,,,,0,command=512; no request/target identity
external-mode-gui-20260922T013029-201643,runner_command_ack_unattributed,vehicle_command_ack_observed,14920000000,89528831670722,,,,,,0,command=512; no request/target identity
external-mode-gui-20260922T013029-201643,runner_command_ack_unattributed,vehicle_command_ack_observed,14924000000,89528833401975,,,,,,0,command=512; no request/target identity
external-mode-gui-20260922T013029-201643,runner_command_ack_unattributed,vehicle_command_ack_observed,14928000000,89528833971933,,,,,,0,command=512; no request/target identity
external-mode-gui-20260922T013029-201643,runner_command_ack_unattributed,vehicle_command_ack_observed,14932000000,89528834453770,,,,,,0,command=512; no request/target identity
external-mode-gui-20260922T013029-201643,runner_command_ack_unattributed,vehicle_command_ack_observed,14952000000,89528838175296,,,,,,0,command=512; no request/target identity
external-mode-gui-20260922T013029-201643,runner_command_ack_unattributed,vehicle_command_ack_observed,14972000000,89528852614355,,,,,,0,command=512; no request/target identity
external-mode-gui-20260922T013029-201643,runner_command_ack_unattributed,vehicle_command_ack_observed,14980000000,89528862971655,,,,,,0,command=512; no request/target identity
external-mode-gui-20260922T013029-201643,runner_command_ack_unattributed,vehicle_command_ack_observed,14992000000,89528877235179,,,,,,0,command=512; no request/target identity
external-mode-gui-20260922T013029-201643,runner_command_ack_unattributed,vehicle_command_ack_observed,15372000000,89529352404110,,,,,,0,command=401; no request/target identity
external-mode-gui-20260922T013029-201643,runner_command_ack_unattributed,vehicle_command_ack_observed,15496000000,89529506235447,,,,,,2,command=512; no request/target identity
external-mode-gui-20260922T013029-201643,runner_command_ack_unattributed,vehicle_command_ack_observed,16492000000,89530755819227,,,,,,2,command=512; no request/target identity
external-mode-gui-20260922T013029-201643,runner_command_ack_unattributed,vehicle_command_ack_observed,17492000000,89532004876727,,,,,,2,command=512; no request/target identity
external-mode-gui-20260922T013029-201643,runner_command_ack_unattributed,vehicle_command_ack_observed,18492000000,89533255371322,,,,,,2,command=512; no request/target identity
external-mode-gui-20260922T013029-201643,runner_command_ack_unattributed,vehicle_command_ack_observed,19488000000,89534499891558,,,,,,2,command=512; no request/target identity
external-mode-gui-20260922T013029-201643,runner_command_ack_unattributed,vehicle_command_ack_observed,20492000000,89535752736210,,,,,,2,command=512; no request/target identity
external-mode-gui-20260922T013029-201643,runner_command_ack_unattributed,vehicle_command_ack_observed,21300000000,89536760949757,,,,,,0,command=100001; no request/target identity
external-mode-gui-20260922T013029-201643,runner_command_ack_unattributed,vehicle_command_ack_observed,21336000000,89536841145256,,,,,,0,command=100001; no request/target identity
external-mode-gui-20260922T013029-201643,runner_command_ack_unattributed,vehicle_command_ack_observed,62184000000,89587865794278,,,,,,0,command=100001; no request/target identity
external-mode-gui-20260922T013317-205860,runner_command_ack_unattributed,vehicle_command_ack_observed,9788000000,89690706319134,,,,,,0,command=100001; no request/target identity
external-mode-gui-20260922T013317-205860,runner_command_ack_unattributed,vehicle_command_ack_observed,9824000000,89690751572440,,,,,,0,command=400; no request/target identity
external-mode-gui-20260922T013317-205860,runner_command_ack_unattributed,vehicle_command_ack_observed,9860000000,89690796816502,,,,,,0,command=100001; no request/target identity
external-mode-gui-20260922T013317-205860,runner_command_ack_unattributed,vehicle_command_ack_observed,10868000000,89692056638604,,,,,,0,command=22; no request/target identity
external-mode-gui-20260922T013317-205860,runner_command_ack_unattributed,vehicle_command_ack_observed,21788000000,89705706399908,,,,,,0,command=100001; no request/target identity
external-mode-gui-20260922T013317-205860,runner_command_ack_unattributed,vehicle_command_ack_observed,21908000000,89705856246050,,,,,,0,command=100001; no request/target identity
external-mode-gui-20260922T013610-212855,runner_command_ack_unattributed,vehicle_command_ack_observed,9440000000,89862947190649,,,,,,2,command=512; no request/target identity
external-mode-gui-20260922T013610-212855,runner_command_ack_unattributed,vehicle_command_ack_observed,9784000000,89863331613645,,,,,,0,command=512; no request/target identity
external-mode-gui-20260922T013610-212855,runner_command_ack_unattributed,vehicle_command_ack_observed,9788000000,89863337393563,,,,,,0,command=512; no request/target identity
external-mode-gui-20260922T013610-212855,runner_command_ack_unattributed,vehicle_command_ack_observed,9796000000,89863347514732,,,,,,0,command=512; no request/target identity
external-mode-gui-20260922T013610-212855,runner_command_ack_unattributed,vehicle_command_ack_observed,9804000000,89863356984160,,,,,,0,command=512; no request/target identity
external-mode-gui-20260922T013610-212855,runner_command_ack_unattributed,vehicle_command_ack_observed,9816000000,89863370586375,,,,,,0,command=512; no request/target identity
external-mode-gui-20260922T013610-212855,runner_command_ack_unattributed,vehicle_command_ack_observed,9824000000,89863381190049,,,,,,0,command=512; no request/target identity
external-mode-gui-20260922T013610-212855,runner_command_ack_unattributed,vehicle_command_ack_observed,9836000000,89863395981027,,,,,,0,command=512; no request/target identity
external-mode-gui-20260922T013610-212855,runner_command_ack_unattributed,vehicle_command_ack_observed,9840000000,89863463049985,,,,,,0,command=512; no request/target identity
external-mode-gui-20260922T013610-212855,runner_command_ack_unattributed,vehicle_command_ack_observed,9844000000,89863464570800,,,,,,0,command=512; no request/target identity
external-mode-gui-20260922T013610-212855,runner_command_ack_unattributed,vehicle_command_ack_observed,9848000000,89863465780971,,,,,,0,command=512; no request/target identity
external-mode-gui-20260922T013610-212855,runner_command_ack_unattributed,vehicle_command_ack_observed,9852000000,89863466651719,,,,,,0,command=512; no request/target identity
external-mode-gui-20260922T013610-212855,runner_command_ack_unattributed,vehicle_command_ack_observed,9856000000,89863467388737,,,,,,0,command=512; no request/target identity
external-mode-gui-20260922T013610-212855,runner_command_ack_unattributed,vehicle_command_ack_observed,9896000000,89863471644274,,,,,,0,command=512; no request/target identity
external-mode-gui-20260922T013610-212855,runner_command_ack_unattributed,vehicle_command_ack_observed,9904000000,89863481231905,,,,,,0,command=512; no request/target identity
external-mode-gui-20260922T013610-212855,runner_command_ack_unattributed,vehicle_command_ack_observed,9920000000,89863502387917,,,,,,0,command=512; no request/target identity
external-mode-gui-20260922T013610-212855,runner_command_ack_unattributed,vehicle_command_ack_observed,9924000000,89863505954283,,,,,,0,command=512; no request/target identity
external-mode-gui-20260922T013610-212855,runner_command_ack_unattributed,vehicle_command_ack_observed,9936000000,89863521349178,,,,,,0,command=512; no request/target identity
external-mode-gui-20260922T013610-212855,runner_command_ack_unattributed,vehicle_command_ack_observed,9944000000,89863531025072,,,,,,0,command=512; no request/target identity
external-mode-gui-20260922T013610-212855,runner_command_ack_unattributed,vehicle_command_ack_observed,9956000000,89863546187134,,,,,,0,command=512; no request/target identity
external-mode-gui-20260922T013610-212855,runner_command_ack_unattributed,vehicle_command_ack_observed,9960000000,89863603688443,,,,,,0,command=512; no request/target identity
external-mode-gui-20260922T013610-212855,runner_command_ack_unattributed,vehicle_command_ack_observed,9964000000,89863605690254,,,,,,0,command=512; no request/target identity
external-mode-gui-20260922T013610-212855,runner_command_ack_unattributed,vehicle_command_ack_observed,9968000000,89863607309398,,,,,,0,command=512; no request/target identity
external-mode-gui-20260922T013610-212855,runner_command_ack_unattributed,vehicle_command_ack_observed,9972000000,89863608210491,,,,,,0,command=512; no request/target identity
external-mode-gui-20260922T013610-212855,runner_command_ack_unattributed,vehicle_command_ack_observed,9976000000,89863608904698,,,,,,0,command=512; no request/target identity
external-mode-gui-20260922T013610-212855,runner_command_ack_unattributed,vehicle_command_ack_observed,10204000000,89863855862252,,,,,,0,command=100001; no request/target identity
external-mode-gui-20260922T013610-212855,runner_command_ack_unattributed,vehicle_command_ack_observed,10264000000,89863931169342,,,,,,0,command=400; no request/target identity
external-mode-gui-20260922T013610-212855,runner_command_ack_unattributed,vehicle_command_ack_observed,10288000000,89863960516271,,,,,,0,command=100001; no request/target identity
external-mode-gui-20260922T013610-212855,runner_command_ack_unattributed,vehicle_command_ack_observed,10424000000,89864182149374,,,,,,2,command=512; no request/target identity
external-mode-gui-20260922T013610-212855,runner_command_ack_unattributed,vehicle_command_ack_observed,11284000000,89865205957422,,,,,,0,command=22; no request/target identity
external-mode-gui-20260922T013610-212855,runner_command_ack_unattributed,vehicle_command_ack_observed,11424000000,89865433648719,,,,,,2,command=512; no request/target identity
external-mode-gui-20260922T013610-212855,runner_command_ack_unattributed,vehicle_command_ack_observed,12428000000,89866661014217,,,,,,2,command=512; no request/target identity
external-mode-gui-20260922T013610-212855,runner_command_ack_unattributed,vehicle_command_ack_observed,13424000000,89867932917591,,,,,,2,command=512; no request/target identity
external-mode-gui-20260922T013610-212855,runner_command_ack_unattributed,vehicle_command_ack_observed,22168000000,89878810656835,,,,,,0,command=100001; no request/target identity
external-mode-gui-20260922T013610-212855,runner_command_ack_unattributed,vehicle_command_ack_observed,22324000000,89879056813983,,,,,,0,command=100001; no request/target identity
external-mode-gui-20260922T013610-212855,runner_command_ack_unattributed,vehicle_command_ack_observed,33028000000,89892437694991,,,,,,0,command=100001; no request/target identity
external-mode-gui-20260922T013610-212855,runner_command_ack_unattributed,vehicle_command_ack_observed,38788000000,89899586825356,,,,,,0,command=176; no request/target identity
external-mode-gui-20260922T013610-212855,runner_command_ack_unattributed,vehicle_command_ack_observed,38812000000,89899615280484,,,,,,0,command=100001; no request/target identity
external-mode-gui-20260922T013610-212855,runner_command_ack_unattributed,vehicle_command_ack_observed,66440000000,89934207358512,,,,,,0,command=100001; no request/target identity
external-mode-gui-20260922T013610-212855,runner_command_ack_unattributed,vehicle_command_ack_observed,72796000000,89942095780997,,,,,,0,command=176; no request/target identity
external-mode-gui-20260922T013610-212855,runner_command_ack_unattributed,vehicle_command_ack_observed,72820000000,89942126012436,,,,,,0,command=100001; no request/target identity
external-mode-gui-20260922T013610-212855,runner_command_ack_unattributed,vehicle_command_ack_observed,77836000000,89948395497972,,,,,,0,command=100001; no request/target identity
external-mode-gui-20260922T013610-212855,runner_command_ack_unattributed,vehicle_command_ack_observed,81400000000,89952851086309,,,,,,0,command=176; no request/target identity
external-mode-gui-20260922T013610-212855,runner_command_ack_unattributed,vehicle_command_ack_observed,81592000000,89953091047277,,,,,,0,command=100001; no request/target identity
external-mode-gui-20260922T013610-212855,runner_command_ack_unattributed,vehicle_command_ack_observed,86608000000,89959361119141,,,,,,0,command=100001; no request/target identity
external-mode-gui-20260922T013610-212855,runner_command_ack_unattributed,vehicle_command_ack_observed,100684000000,89976955106755,,,,,,0,command=192; no request/target identity
external-mode-gui-20260922T013610-212855,runner_command_ack_unattributed,vehicle_command_ack_observed,105020000000,89982433428873,,,,,,0,command=176; no request/target identity
external-mode-gui-20260922T013610-212855,runner_command_ack_unattributed,vehicle_command_ack_observed,105088000000,89982459918997,,,,,,0,command=100001; no request/target identity
external-mode-gui-20260922T013610-212855,runner_command_ack_unattributed,vehicle_command_ack_observed,110116000000,89988746307259,,,,,,0,command=100001; no request/target identity
external-mode-gui-20260922T014008-217087,runner_command_ack_unattributed,vehicle_command_ack_observed,11324000000,90104966387322,,,,,,0,command=100001; no request/target identity
external-mode-gui-20260922T014008-217087,runner_command_ack_unattributed,vehicle_command_ack_observed,11516000000,90105136366167,,,,,,2,command=512; no request/target identity
external-mode-gui-20260922T014008-217087,runner_command_ack_unattributed,vehicle_command_ack_observed,11524000000,90105199337466,,,,,,0,command=400; no request/target identity
external-mode-gui-20260922T014008-217087,runner_command_ack_unattributed,vehicle_command_ack_observed,11608000000,90105250342034,,,,,,0,command=100001; no request/target identity
external-mode-gui-20260922T014008-217087,runner_command_ack_unattributed,vehicle_command_ack_observed,12516000000,90106386316929,,,,,,2,command=512; no request/target identity
external-mode-gui-20260922T014008-217087,runner_command_ack_unattributed,vehicle_command_ack_observed,12592000000,90106480886165,,,,,,0,command=22; no request/target identity
external-mode-gui-20260922T014008-217087,runner_command_ack_unattributed,vehicle_command_ack_observed,13512000000,90107684821518,,,,,,2,command=512; no request/target identity
external-mode-gui-20260922T014008-217087,runner_command_ack_unattributed,vehicle_command_ack_observed,23572000000,90120206415048,,,,,,0,command=100001; no request/target identity
external-mode-gui-20260922T014008-217087,runner_command_ack_unattributed,vehicle_command_ack_observed,23624000000,90120313923385,,,,,,0,command=100001; no request/target identity
external-mode-gui-20260922T014008-217087,runner_command_ack_unattributed,vehicle_command_ack_observed,66892000000,90174355276943,,,,,,0,command=100001; no request/target identity
external-mode-gui-20260922T014226-221089,runner_command_ack_unattributed,vehicle_command_ack_observed,9920000000,90241276633369,,,,,,0,command=100001; no request/target identity
external-mode-gui-20260922T014226-221089,runner_command_ack_unattributed,vehicle_command_ack_observed,9956000000,90241321822576,,,,,,0,command=400; no request/target identity
external-mode-gui-20260922T014226-221089,runner_command_ack_unattributed,vehicle_command_ack_observed,9992000000,90241366059263,,,,,,0,command=100001; no request/target identity
external-mode-gui-20260922T014226-221089,runner_command_ack_unattributed,vehicle_command_ack_observed,10988000000,90242612328059,,,,,,0,command=22; no request/target identity
external-mode-gui-20260922T014226-221089,runner_command_ack_unattributed,vehicle_command_ack_observed,21188000000,90255360982287,,,,,,0,command=100001; no request/target identity
external-mode-gui-20260922T014226-221089,runner_command_ack_unattributed,vehicle_command_ack_observed,21212000000,90255390952216,,,,,,0,command=100001; no request/target identity
external-mode-gui-20260922T014226-221089,runner_command_ack_unattributed,vehicle_command_ack_observed,66788000000,90312361436346,,,,,,0,command=100001; no request/target identity
external-mode-gui-20260922T014226-221089,runner_command_ack_unattributed,vehicle_command_ack_observed,80720000000,90329776119278,,,,,,0,command=176; no request/target identity
external-mode-gui-20260922T014226-221089,runner_command_ack_unattributed,vehicle_command_ack_observed,80740000000,90329844093100,,,,,,0,command=100001; no request/target identity
external-mode-gui-20260922T014226-221089,runner_command_ack_unattributed,vehicle_command_ack_observed,85724000000,90336080641422,,,,,,0,command=100001; no request/target identity
external-mode-gui-20260922T014501-225072,runner_command_ack_unattributed,vehicle_command_ack_observed,9916000000,90396436015552,,,,,,0,command=512; no request/target identity
external-mode-gui-20260922T014501-225072,runner_command_ack_unattributed,vehicle_command_ack_observed,9928000000,90396447676074,,,,,,0,command=512; no request/target identity
external-mode-gui-20260922T014501-225072,runner_command_ack_unattributed,vehicle_command_ack_observed,9932000000,90396499079787,,,,,,0,command=512; no request/target identity
external-mode-gui-20260922T014501-225072,runner_command_ack_unattributed,vehicle_command_ack_observed,9936000000,90396500166335,,,,,,0,command=512; no request/target identity
external-mode-gui-20260922T014501-225072,runner_command_ack_unattributed,vehicle_command_ack_observed,9940000000,90396500608818,,,,,,0,command=512; no request/target identity
external-mode-gui-20260922T014501-225072,runner_command_ack_unattributed,vehicle_command_ack_observed,9944000000,90396501113632,,,,,,0,command=512; no request/target identity
external-mode-gui-20260922T014501-225072,runner_command_ack_unattributed,vehicle_command_ack_observed,9976000000,90396507898906,,,,,,0,command=512; no request/target identity
external-mode-gui-20260922T014501-225072,runner_command_ack_unattributed,vehicle_command_ack_observed,10404000000,90397041669579,,,,,,0,command=100001; no request/target identity
external-mode-gui-20260922T014501-225072,runner_command_ack_unattributed,vehicle_command_ack_observed,10460000000,90397112516821,,,,,,2,command=512; no request/target identity
external-mode-gui-20260922T014501-225072,runner_command_ack_unattributed,vehicle_command_ack_observed,10596000000,90397282180560,,,,,,0,command=400; no request/target identity
external-mode-gui-20260922T014501-225072,runner_command_ack_unattributed,vehicle_command_ack_observed,10668000000,90397371703274,,,,,,0,command=100001; no request/target identity
external-mode-gui-20260922T014501-225072,runner_command_ack_unattributed,vehicle_command_ack_observed,11460000000,90398363428909,,,,,,2,command=512; no request/target identity
external-mode-gui-20260922T014501-225072,runner_command_ack_unattributed,vehicle_command_ack_observed,11648000000,90398616850965,,,,,,0,command=22; no request/target identity
external-mode-gui-20260922T014501-225072,runner_command_ack_unattributed,vehicle_command_ack_observed,12460000000,90399613875772,,,,,,2,command=512; no request/target identity
external-mode-gui-20260922T014501-225072,runner_command_ack_unattributed,vehicle_command_ack_observed,13424000000,90400869375051,,,,,,2,command=512; no request/target identity
external-mode-gui-20260922T014501-225072,runner_command_ack_unattributed,vehicle_command_ack_observed,22644000000,90412342291338,,,,,,0,command=100001; no request/target identity
external-mode-gui-20260922T014501-225072,runner_command_ack_unattributed,vehicle_command_ack_observed,22724000000,90412496928952,,,,,,0,command=100001; no request/target identity
external-mode-gui-20260922T014501-225072,runner_command_ack_unattributed,vehicle_command_ack_observed,86916000000,90492683026922,,,,,,0,command=100001; no request/target identity
external-mode-gui-20260922T014501-225072,runner_command_ack_unattributed,vehicle_command_ack_observed,91144000000,90498014441552,,,,,,0,command=176; no request/target identity
external-mode-gui-20260922T014501-225072,runner_command_ack_unattributed,vehicle_command_ack_observed,91188000000,90498021565282,,,,,,0,command=100001; no request/target identity
external-mode-gui-20260922T014501-225072,runner_command_ack_unattributed,vehicle_command_ack_observed,96204000000,90504292527143,,,,,,0,command=100001; no request/target identity
external-mode-gui-20260922T014758-229248,runner_command_ack_unattributed,vehicle_command_ack_observed,25204000000,90593717067564,,,,,,0,command=100001; no request/target identity
external-mode-gui-20260922T014758-229248,runner_command_ack_unattributed,vehicle_command_ack_observed,25408000000,90593972668689,,,,,,0,command=400; no request/target identity
external-mode-gui-20260922T014758-229248,runner_command_ack_unattributed,vehicle_command_ack_observed,25428000000,90594058555021,,,,,,0,command=512; no request/target identity
external-mode-gui-20260922T014758-229248,runner_command_ack_unattributed,vehicle_command_ack_observed,25432000000,90594059985248,,,,,,0,command=512; no request/target identity
external-mode-gui-20260922T014758-229248,runner_command_ack_unattributed,vehicle_command_ack_observed,25484000000,90594068075043,,,,,,0,command=100001; no request/target identity
external-mode-gui-20260922T014758-229248,runner_command_ack_unattributed,vehicle_command_ack_observed,25492000000,90594078796622,,,,,,0,command=512; no request/target identity
external-mode-gui-20260922T014758-229248,runner_command_ack_unattributed,vehicle_command_ack_observed,25504000000,90594093526886,,,,,,0,command=512; no request/target identity
external-mode-gui-20260922T014758-229248,runner_command_ack_unattributed,vehicle_command_ack_observed,25512000000,90594103171269,,,,,,0,command=512; no request/target identity
external-mode-gui-20260922T014758-229248,runner_command_ack_unattributed,vehicle_command_ack_observed,25524000000,90594117439089,,,,,,0,command=512; no request/target identity
external-mode-gui-20260922T014758-229248,runner_command_ack_unattributed,vehicle_command_ack_observed,25532000000,90594127869362,,,,,,0,command=512; no request/target identity
external-mode-gui-20260922T014758-229248,runner_command_ack_unattributed,vehicle_command_ack_observed,25544000000,90594143667257,,,,,,0,command=512; no request/target identity
external-mode-gui-20260922T014758-229248,runner_command_ack_unattributed,vehicle_command_ack_observed,25552000000,90594153056813,,,,,,0,command=512; no request/target identity
external-mode-gui-20260922T014758-229248,runner_command_ack_unattributed,vehicle_command_ack_observed,25564000000,90594167780111,,,,,,0,command=512; no request/target identity
external-mode-gui-20260922T014758-229248,runner_command_ack_unattributed,vehicle_command_ack_observed,25572000000,90594178344161,,,,,,0,command=512; no request/target identity
external-mode-gui-20260922T014758-229248,runner_command_ack_unattributed,vehicle_command_ack_observed,25584000000,90594193590208,,,,,,0,command=512; no request/target identity
external-mode-gui-20260922T014758-229248,runner_command_ack_unattributed,vehicle_command_ack_observed,25592000000,90594202730920,,,,,,0,command=512; no request/target identity
external-mode-gui-20260922T014758-229248,runner_command_ack_unattributed,vehicle_command_ack_observed,25604000000,90594217738561,,,,,,0,command=512; no request/target identity
external-mode-gui-20260922T014758-229248,runner_command_ack_unattributed,vehicle_command_ack_observed,26488000000,90595322550960,,,,,,0,command=22; no request/target identity
external-mode-gui-20260922T014758-229248,runner_command_ack_unattributed,vehicle_command_ack_observed,43420000000,90616487813723,,,,,,0,command=176; no request/target identity
external-mode-gui-20260922T014758-229248,runner_command_ack_unattributed,vehicle_command_ack_observed,43612000000,90616728250452,,,,,,0,command=100001; no request/target identity
external-mode-gui-20260922T014758-229248,runner_command_ack_unattributed,vehicle_command_ack_observed,43624000000,90616742851710,,,,,,0,command=100001; no request/target identity
external-mode-gui-20260922T015008-233245,runner_command_ack_unattributed,vehicle_command_ack_observed,25788000000,90724246139313,,,,,,0,command=100001; no request/target identity
external-mode-gui-20260922T015008-233245,runner_command_ack_unattributed,vehicle_command_ack_observed,26068000000,90724596421573,,,,,,0,command=512; no request/target identity
external-mode-gui-20260922T015008-233245,runner_command_ack_unattributed,vehicle_command_ack_observed,26072000000,90724601324024,,,,,,0,command=512; no request/target identity
external-mode-gui-20260922T015008-233245,runner_command_ack_unattributed,vehicle_command_ack_observed,26080000000,90724611779803,,,,,,0,command=400; no request/target identity
external-mode-gui-20260922T015008-233245,runner_command_ack_unattributed,vehicle_command_ack_observed,26088000000,90724621083842,,,,,,0,command=512; no request/target identity
external-mode-gui-20260922T015008-233245,runner_command_ack_unattributed,vehicle_command_ack_observed,26100000000,90724636162655,,,,,,0,command=512; no request/target identity
external-mode-gui-20260922T015008-233245,runner_command_ack_unattributed,vehicle_command_ack_observed,26108000000,90724646122170,,,,,,0,command=512; no request/target identity
external-mode-gui-20260922T015008-233245,runner_command_ack_unattributed,vehicle_command_ack_observed,26120000000,90724661571445,,,,,,0,command=100001; no request/target identity
external-mode-gui-20260922T015008-233245,runner_command_ack_unattributed,vehicle_command_ack_observed,26124000000,90724719972614,,,,,,0,command=512; no request/target identity
external-mode-gui-20260922T015008-233245,runner_command_ack_unattributed,vehicle_command_ack_observed,26128000000,90724722242851,,,,,,0,command=512; no request/target identity
external-mode-gui-20260922T015008-233245,runner_command_ack_unattributed,vehicle_command_ack_observed,26132000000,90724723320869,,,,,,0,command=512; no request/target identity
external-mode-gui-20260922T015008-233245,runner_command_ack_unattributed,vehicle_command_ack_observed,26136000000,90724724586206,,,,,,0,command=512; no request/target identity
external-mode-gui-20260922T015008-233245,runner_command_ack_unattributed,vehicle_command_ack_observed,26140000000,90724725674709,,,,,,0,command=512; no request/target identity
external-mode-gui-20260922T015008-233245,runner_command_ack_unattributed,vehicle_command_ack_observed,26180000000,90724736425671,,,,,,0,command=512; no request/target identity
external-mode-gui-20260922T015008-233245,runner_command_ack_unattributed,vehicle_command_ack_observed,26188000000,90724746342043,,,,,,0,command=512; no request/target identity
external-mode-gui-20260922T015008-233245,runner_command_ack_unattributed,vehicle_command_ack_observed,26200000000,90724761423441,,,,,,0,command=512; no request/target identity
external-mode-gui-20260922T015008-233245,runner_command_ack_unattributed,vehicle_command_ack_observed,27108000000,90725896152606,,,,,,0,command=22; no request/target identity
external-mode-gui-20260922T015008-233245,runner_command_ack_unattributed,vehicle_command_ack_observed,38184000000,90739740632253,,,,,,0,command=100001; no request/target identity
external-mode-gui-20260922T015008-233245,runner_command_ack_unattributed,vehicle_command_ack_observed,38208000000,90739771182233,,,,,,0,command=100001; no request/target identity
external-mode-gui-20260922T015008-233245,runner_command_ack_unattributed,vehicle_command_ack_observed,54888000000,90760621431683,,,,,,0,command=100001; no request/target identity
external-mode-gui-20260922T015008-233245,runner_command_ack_unattributed,vehicle_command_ack_observed,64312000000,90772452952357,,,,,,0,command=176; no request/target identity
external-mode-gui-20260922T015008-233245,runner_command_ack_unattributed,vehicle_command_ack_observed,64368000000,90772470721210,,,,,,0,command=100001; no request/target identity
external-mode-gui-20260922T015008-233245,runner_command_ack_unattributed,vehicle_command_ack_observed,74716000000,90785458646186,,,,,,0,command=100001; no request/target identity
external-mode-gui-20260922T015008-233245,runner_command_ack_unattributed,vehicle_command_ack_observed,78840000000,90790620689091,,,,,,0,command=176; no request/target identity
external-mode-gui-20260922T015008-233245,runner_command_ack_unattributed,vehicle_command_ack_observed,78996000000,90790756631023,,,,,,0,command=100001; no request/target identity
external-mode-gui-20260922T015008-233245,runner_command_ack_unattributed,vehicle_command_ack_observed,113820000000,90834325896750,,,,,,0,command=100001; no request/target identity
external-mode-gui-20260922T015333-237627,runner_command_ack_unattributed,vehicle_command_ack_observed,10080000000,90908830874722,,,,,,0,command=100001; no request/target identity
external-mode-gui-20260922T015333-237627,runner_command_ack_unattributed,vehicle_command_ack_observed,10272000000,90909070216905,,,,,,0,command=400; no request/target identity
external-mode-gui-20260922T015333-237627,runner_command_ack_unattributed,vehicle_command_ack_observed,10284000000,90909084940716,,,,,,0,command=100001; no request/target identity
external-mode-gui-20260922T015333-237627,runner_command_ack_unattributed,vehicle_command_ack_observed,11292000000,90910345178000,,,,,,0,command=22; no request/target identity
external-mode-gui-20260922T015333-237627,runner_command_ack_unattributed,vehicle_command_ack_observed,22212000000,90923995131017,,,,,,0,command=100001; no request/target identity
external-mode-gui-20260922T015333-237627,runner_command_ack_unattributed,vehicle_command_ack_observed,22312000000,90924166655687,,,,,,0,command=100001; no request/target identity
external-mode-gui-20260922T015333-237627,runner_command_ack_unattributed,vehicle_command_ack_observed,101648000000,91023326169839,,,,,,0,command=100001; no request/target identity
external-mode-gui-20260922T015649-241674,runner_command_ack_unattributed,vehicle_command_ack_observed,9812000000,91105478121514,,,,,,0,command=512; no request/target identity
external-mode-gui-20260922T015649-241674,runner_command_ack_unattributed,vehicle_command_ack_observed,9820000000,91105488740186,,,,,,0,command=512; no request/target identity
external-mode-gui-20260922T015649-241674,runner_command_ack_unattributed,vehicle_command_ack_observed,9832000000,91105550497368,,,,,,0,command=512; no request/target identity
external-mode-gui-20260922T015649-241674,runner_command_ack_unattributed,vehicle_command_ack_observed,9836000000,91105552587499,,,,,,0,command=512; no request/target identity
external-mode-gui-20260922T015649-241674,runner_command_ack_unattributed,vehicle_command_ack_observed,9840000000,91105553958494,,,,,,0,command=512; no request/target identity
external-mode-gui-20260922T015649-241674,runner_command_ack_unattributed,vehicle_command_ack_observed,9972000000,91105679471000,,,,,,0,command=100001; no request/target identity
external-mode-gui-20260922T015649-241674,runner_command_ack_unattributed,vehicle_command_ack_observed,10176000000,91105933258713,,,,,,0,command=400; no request/target identity
external-mode-gui-20260922T015649-241674,runner_command_ack_unattributed,vehicle_command_ack_observed,10200000000,91105962776774,,,,,,0,command=100001; no request/target identity
external-mode-gui-20260922T015649-241674,runner_command_ack_unattributed,vehicle_command_ack_observed,11208000000,91107222787097,,,,,,0,command=22; no request/target identity
external-mode-gui-20260922T015649-241674,runner_command_ack_unattributed,vehicle_command_ack_observed,22404000000,91121218800437,,,,,,0,command=100001; no request/target identity
external-mode-gui-20260922T015649-241674,runner_command_ack_unattributed,vehicle_command_ack_observed,22428000000,91121247452729,,,,,,0,command=100001; no request/target identity
external-mode-gui-20260922T015649-241674,runner_command_ack_unattributed,vehicle_command_ack_observed,101292000000,91219827861428,,,,,,0,command=100001; no request/target identity
external-mode-gui-20260922T015649-241674,runner_command_ack_unattributed,vehicle_command_ack_observed,108492000000,91228827342125,,,,,,0,command=176; no request/target identity
external-mode-gui-20260922T015649-241674,runner_command_ack_unattributed,vehicle_command_ack_observed,108576000000,91228932937483,,,,,,0,command=100001; no request/target identity
external-mode-gui-20260922T015649-241674,runner_command_ack_unattributed,vehicle_command_ack_observed,196224000000,91338492661123,,,,,,0,command=100001; no request/target identity
external-mode-gui-20260922T020310-247206,runner_command_ack_unattributed,vehicle_command_ack_observed,0,91486110158500,,,,,,0,command=401; no request/target identity
external-mode-gui-20260922T020310-247206,runner_command_ack_unattributed,vehicle_command_ack_observed,8936000000,91486244755383,,,,,,0,command=100001; no request/target identity
external-mode-gui-20260922T020310-247206,runner_command_ack_unattributed,vehicle_command_ack_observed,9140000000,91486500730808,,,,,,1,command=400; no request/target identity
external-mode-gui-20260922T020310-247206,runner_command_ack_unattributed,vehicle_command_ack_observed,9592000000,91487064084281,,,,,,2,command=512; no request/target identity
external-mode-gui-20260922T020310-247206,runner_command_ack_unattributed,vehicle_command_ack_observed,9920000000,91487535473011,,,,,,0,command=512; no request/target identity
external-mode-gui-20260922T020310-247206,runner_command_ack_unattributed,vehicle_command_ack_observed,9924000000,91487537473190,,,,,,0,command=512; no request/target identity
external-mode-gui-20260922T020310-247206,runner_command_ack_unattributed,vehicle_command_ack_observed,9928000000,91487538731595,,,,,,0,command=512; no request/target identity
external-mode-gui-20260922T020310-247206,runner_command_ack_unattributed,vehicle_command_ack_observed,9932000000,91487539691981,,,,,,0,command=512; no request/target identity
external-mode-gui-20260922T020310-247206,runner_command_ack_unattributed,vehicle_command_ack_observed,9936000000,91487540671929,,,,,,0,command=512; no request/target identity
external-mode-gui-20260922T020310-247206,runner_command_ack_unattributed,vehicle_command_ack_observed,9980000000,91487553168481,,,,,,0,command=512; no request/target identity
external-mode-gui-20260922T020310-247206,runner_command_ack_unattributed,vehicle_command_ack_observed,9984000000,91487554796048,,,,,,0,command=512; no request/target identity
external-mode-gui-20260922T020310-247206,runner_command_ack_unattributed,vehicle_command_ack_observed,9992000000,91487565486232,,,,,,0,command=512; no request/target identity
external-mode-gui-20260922T020310-247206,runner_command_ack_unattributed,vehicle_command_ack_observed,10000000000,91487576655407,,,,,,0,command=512; no request/target identity
external-mode-gui-20260922T020310-247206,runner_command_ack_unattributed,vehicle_command_ack_observed,10012000000,91487591126927,,,,,,0,command=512; no request/target identity
external-mode-gui-20260922T020310-247206,runner_command_ack_unattributed,vehicle_command_ack_observed,10020000000,91487602133556,,,,,,0,command=512; no request/target identity
external-mode-gui-20260922T020310-247206,runner_command_ack_unattributed,vehicle_command_ack_observed,10032000000,91487666446668,,,,,,0,command=512; no request/target identity
external-mode-gui-20260922T020310-247206,runner_command_ack_unattributed,vehicle_command_ack_observed,10036000000,91487667698645,,,,,,0,command=512; no request/target identity
external-mode-gui-20260922T020310-247206,runner_command_ack_unattributed,vehicle_command_ack_observed,10040000000,91487668524466,,,,,,0,command=512; no request/target identity
external-mode-gui-20260922T020310-247206,runner_command_ack_unattributed,vehicle_command_ack_observed,10044000000,91487669214473,,,,,,0,command=512; no request/target identity
external-mode-gui-20260922T020310-247206,runner_command_ack_unattributed,vehicle_command_ack_observed,10048000000,91487669831692,,,,,,0,command=512; no request/target identity
external-mode-gui-20260922T020310-247206,runner_command_ack_unattributed,vehicle_command_ack_observed,10080000000,91487677799944,,,,,,0,command=512; no request/target identity
external-mode-gui-20260922T020310-247206,runner_command_ack_unattributed,vehicle_command_ack_observed,10092000000,91487689515063,,,,,,0,command=512; no request/target identity
external-mode-gui-20260922T020310-247206,runner_command_ack_unattributed,vehicle_command_ack_observed,10100000000,91487700998369,,,,,,0,command=512; no request/target identity
external-mode-gui-20260922T020310-247206,runner_command_ack_unattributed,vehicle_command_ack_observed,10112000000,91487714382400,,,,,,0,command=512; no request/target identity
external-mode-gui-20260922T020310-247206,runner_command_ack_unattributed,vehicle_command_ack_observed,10120000000,91487726477388,,,,,,0,command=512; no request/target identity
external-mode-gui-20260922T020310-247206,runner_command_ack_unattributed,vehicle_command_ack_observed,10132000000,91487740986024,,,,,,0,command=512; no request/target identity
external-mode-gui-20260922T020310-247206,runner_command_ack_unattributed,vehicle_command_ack_observed,10144000000,91487754902654,,,,,,0,command=512; no request/target identity
external-mode-gui-20260922T020310-247206,runner_command_ack_unattributed,vehicle_command_ack_observed,10152000000,91487765210004,,,,,,0,command=512; no request/target identity
external-mode-gui-20260922T020310-247206,runner_command_ack_unattributed,vehicle_command_ack_observed,10156000000,91487813626821,,,,,,0,command=512; no request/target identity
external-mode-gui-20260922T020310-247206,runner_command_ack_unattributed,vehicle_command_ack_observed,10160000000,91487814910747,,,,,,0,command=512; no request/target identity
external-mode-gui-20260922T020310-247206,runner_command_ack_unattributed,vehicle_command_ack_observed,10560000000,91488305390648,,,,,,2,command=512; no request/target identity
external-mode-gui-20260922T020310-247206,runner_command_ack_unattributed,vehicle_command_ack_observed,11612000000,91489591784946,,,,,,2,command=512; no request/target identity
external-mode-gui-20260922T020310-247206,runner_command_ack_unattributed,vehicle_command_ack_observed,12584000000,91490804647309,,,,,,2,command=512; no request/target identity
external-mode-gui-20260922T020310-247206,runner_command_ack_unattributed,vehicle_command_ack_observed,13584000000,91492054900817,,,,,,2,command=512; no request/target identity
external-mode-gui-20260922T020310-247206,runner_command_ack_unattributed,vehicle_command_ack_observed,14180000000,91492800416904,,,,,,0,command=400; no request/target identity
external-mode-gui-20260922T020310-247206,runner_command_ack_unattributed,vehicle_command_ack_observed,14192000000,91492815096538,,,,,,0,command=100001; no request/target identity
external-mode-gui-20260922T020310-247206,runner_command_ack_unattributed,vehicle_command_ack_observed,14216000000,91492843874857,,,,,,0,command=100001; no request/target identity
external-mode-gui-20260922T020310-247206,runner_command_ack_unattributed,vehicle_command_ack_observed,14584000000,91493305368094,,,,,,2,command=512; no request/target identity
external-mode-gui-20260922T020310-247206,runner_command_ack_unattributed,vehicle_command_ack_observed,15212000000,91494089981399,,,,,,0,command=22; no request/target identity
external-mode-gui-20260922T020310-247206,runner_command_ack_unattributed,vehicle_command_ack_observed,26372000000,91508039884685,,,,,,0,command=100001; no request/target identity
external-mode-gui-20260922T020310-247206,runner_command_ack_unattributed,vehicle_command_ack_observed,26396000000,91508069663522,,,,,,0,command=100001; no request/target identity
external-mode-gui-20260922T020310-247206,runner_command_ack_unattributed,vehicle_command_ack_observed,259524000000,91799517672590,,,,,,0,command=100001; no request/target identity
external-mode-gui-20260922T021353-252477,runner_command_ack_unattributed,vehicle_command_ack_observed,11796000000,92134252155550,,,,,,0,command=100001; no request/target identity
external-mode-gui-20260922T021353-252477,runner_command_ack_unattributed,vehicle_command_ack_observed,11976000000,92134478737516,,,,,,0,command=400; no request/target identity
external-mode-gui-20260922T021353-252477,runner_command_ack_unattributed,vehicle_command_ack_observed,12000000000,92134507492326,,,,,,0,command=100001; no request/target identity
external-mode-gui-20260922T021353-252477,runner_command_ack_unattributed,vehicle_command_ack_observed,12372000000,92134972846336,,,,,,2,command=512; no request/target identity
external-mode-gui-20260922T021353-252477,runner_command_ack_unattributed,vehicle_command_ack_observed,12996000000,92135753370579,,,,,,0,command=22; no request/target identity
external-mode-gui-20260922T021353-252477,runner_command_ack_unattributed,vehicle_command_ack_observed,13372000000,92136222740508,,,,,,2,command=512; no request/target identity
external-mode-gui-20260922T021353-252477,runner_command_ack_unattributed,vehicle_command_ack_observed,14340000000,92137491905717,,,,,,2,command=512; no request/target identity
external-mode-gui-20260922T021353-252477,runner_command_ack_unattributed,vehicle_command_ack_observed,24000000000,92149506958922,,,,,,0,command=100001; no request/target identity
external-mode-gui-20260922T021353-252477,runner_command_ack_unattributed,vehicle_command_ack_observed,24020000000,92149581653395,,,,,,0,command=100001; no request/target identity
external-mode-gui-20260922T021353-252477,runner_command_ack_unattributed,vehicle_command_ack_observed,135180000000,92288483092584,,,,,,0,command=100001; no request/target identity
external-mode-gui-20260922T021832-256944,runner_command_ack_unattributed,vehicle_command_ack_observed,9752000000,92409074572032,,,,,,2,command=512; no request/target identity
external-mode-gui-20260922T021832-256944,runner_command_ack_unattributed,vehicle_command_ack_observed,10000000000,92409258346653,,,,,,0,command=100001; no request/target identity
external-mode-gui-20260922T021832-256944,runner_command_ack_unattributed,vehicle_command_ack_observed,10040000000,92409310435137,,,,,,0,command=512; no request/target identity
external-mode-gui-20260922T021832-256944,runner_command_ack_unattributed,vehicle_command_ack_observed,10044000000,92409316586598,,,,,,0,command=512; no request/target identity
external-mode-gui-20260922T021832-256944,runner_command_ack_unattributed,vehicle_command_ack_observed,10052000000,92409324114299,,,,,,0,command=512; no request/target identity
external-mode-gui-20260922T021832-256944,runner_command_ack_unattributed,vehicle_command_ack_observed,10060000000,92409333976882,,,,,,0,command=512; no request/target identity
external-mode-gui-20260922T021832-256944,runner_command_ack_unattributed,vehicle_command_ack_observed,10072000000,92409348719219,,,,,,0,command=512; no request/target identity
external-mode-gui-20260922T021832-256944,runner_command_ack_unattributed,vehicle_command_ack_observed,10080000000,92409360305020,,,,,,0,command=512; no request/target identity
external-mode-gui-20260922T021832-256944,runner_command_ack_unattributed,vehicle_command_ack_observed,10092000000,92409373689291,,,,,,0,command=512; no request/target identity
external-mode-gui-20260922T021832-256944,runner_command_ack_unattributed,vehicle_command_ack_observed,10100000000,92409383566782,,,,,,0,command=512; no request/target identity
external-mode-gui-20260922T021832-256944,runner_command_ack_unattributed,vehicle_command_ack_observed,10112000000,92409398561110,,,,,,0,command=512; no request/target identity
external-mode-gui-20260922T021832-256944,runner_command_ack_unattributed,vehicle_command_ack_observed,10120000000,92409443488643,,,,,,0,command=512; no request/target identity
external-mode-gui-20260922T021832-256944,runner_command_ack_unattributed,vehicle_command_ack_observed,10124000000,92409444757946,,,,,,0,command=512; no request/target identity
external-mode-gui-20260922T021832-256944,runner_command_ack_unattributed,vehicle_command_ack_observed,10128000000,92409445822723,,,,,,0,command=512; no request/target identity
external-mode-gui-20260922T021832-256944,runner_command_ack_unattributed,vehicle_command_ack_observed,10152000000,92409448809973,,,,,,0,command=512; no request/target identity
external-mode-gui-20260922T021832-256944,runner_command_ack_unattributed,vehicle_command_ack_observed,10160000000,92409460535526,,,,,,0,command=512; no request/target identity
external-mode-gui-20260922T021832-256944,runner_command_ack_unattributed,vehicle_command_ack_observed,10172000000,92409474643643,,,,,,0,command=400; no request/target identity
external-mode-gui-20260922T021832-256944,runner_command_ack_unattributed,vehicle_command_ack_observed,10180000000,92409484614419,,,,,,0,command=512; no request/target identity
external-mode-gui-20260922T021832-256944,runner_command_ack_unattributed,vehicle_command_ack_observed,10192000000,92409498590575,,,,,,0,command=512; no request/target identity
external-mode-gui-20260922T021832-256944,runner_command_ack_unattributed,vehicle_command_ack_observed,10200000000,92409508937341,,,,,,0,command=512; no request/target identity
external-mode-gui-20260922T021832-256944,runner_command_ack_unattributed,vehicle_command_ack_observed,10212000000,92409523950235,,,,,,0,command=100001; no request/target identity
external-mode-gui-20260922T021832-256944,runner_command_ack_unattributed,vehicle_command_ack_observed,10704000000,92410139045878,,,,,,2,command=512; no request/target identity
external-mode-gui-20260922T021832-256944,runner_command_ack_unattributed,vehicle_command_ack_observed,11188000000,92410743699296,,,,,,0,command=22; no request/target identity
external-mode-gui-20260922T021832-256944,runner_command_ack_unattributed,vehicle_command_ack_observed,11704000000,92411389393267,,,,,,2,command=512; no request/target identity
external-mode-gui-20260922T021832-256944,runner_command_ack_unattributed,vehicle_command_ack_observed,12704000000,92412638735702,,,,,,2,command=512; no request/target identity
external-mode-gui-20260922T021832-256944,runner_command_ack_unattributed,vehicle_command_ack_observed,13704000000,92413889624811,,,,,,2,command=512; no request/target identity
external-mode-gui-20260922T021832-256944,runner_command_ack_unattributed,vehicle_command_ack_observed,14704000000,92415138732863,,,,,,2,command=512; no request/target identity
external-mode-gui-20260922T021832-256944,runner_command_ack_unattributed,vehicle_command_ack_observed,22108000000,92424393580237,,,,,,0,command=100001; no request/target identity
external-mode-gui-20260922T021832-256944,runner_command_ack_unattributed,vehicle_command_ack_observed,22236000000,92424589759106,,,,,,0,command=100001; no request/target identity
external-mode-gui-20260922T021832-256944,runner_command_ack_unattributed,vehicle_command_ack_observed,94108000000,92514394841978,,,,,,0,command=100001; no request/target identity
external-mode-gui-20260922T021832-256944,runner_command_ack_unattributed,vehicle_command_ack_observed,206632000000,92655188213334,,,,,,0,command=176; no request/target identity
external-mode-gui-20260922T021832-256944,runner_command_ack_unattributed,vehicle_command_ack_observed,206728000000,92655262814777,,,,,,0,command=100001; no request/target identity
external-mode-gui-20260922T021832-256944,runner_command_ack_unattributed,vehicle_command_ack_observed,211724000000,92661553159201,,,,,,0,command=100001; no request/target identity
external-mode-gui-20260922T021832-256944,runner_command_ack_unattributed,vehicle_command_ack_observed,218524000000,92670007796610,,,,,,0,command=176; no request/target identity
external-mode-gui-20260922T021832-256944,runner_command_ack_unattributed,vehicle_command_ack_observed,218532000000,92670048802373,,,,,,0,command=100001; no request/target identity
external-mode-gui-20260922T021832-256944,runner_command_ack_unattributed,vehicle_command_ack_observed,223532000000,92676312100698,,,,,,0,command=100001; no request/target identity
external-mode-gui-20260922T021832-256944,runner_command_ack_unattributed,vehicle_command_ack_observed,227908000000,92681737812786,,,,,,0,command=192; no request/target identity
external-mode-gui-20260922T021832-256944,runner_command_ack_unattributed,vehicle_command_ack_observed,231784000000,92686584085023,,,,,,0,command=176; no request/target identity
external-mode-gui-20260922T021832-256944,runner_command_ack_unattributed,vehicle_command_ack_observed,231808000000,92686613047325,,,,,,0,command=100001; no request/target identity
external-mode-check-20260923T033714-53651,runner_command_ack_unattributed,vehicle_command_ack_observed,7812000000,60660650731826,,,,,,0,command=100001; no request/target identity
external-mode-check-20260923T033714-53651,runner_command_ack_unattributed,vehicle_command_ack_observed,8016000000,60660936111238,,,,,,0,command=400; no request/target identity
external-mode-check-20260923T033714-53651,runner_command_ack_unattributed,vehicle_command_ack_observed,8052000000,60660950117114,,,,,,0,command=100001; no request/target identity
external-mode-check-20260923T033714-53651,runner_command_ack_unattributed,vehicle_command_ack_observed,9048000000,60662194746834,,,,,,0,command=22; no request/target identity
external-mode-check-20260923T033714-53651,runner_command_ack_unattributed,vehicle_command_ack_observed,19968000000,60675844997015,,,,,,0,command=100001; no request/target identity
external-mode-check-20260923T033714-53651,runner_command_ack_unattributed,vehicle_command_ack_observed,20088000000,60675995378672,,,,,,0,command=100001; no request/target identity
external-mode-check-20260923T034029-57709,runner_command_ack_unattributed,vehicle_command_ack_observed,7260000000,60854374380378,,,,,,0,command=100001; no request/target identity
external-mode-check-20260923T034029-57709,runner_command_ack_unattributed,vehicle_command_ack_observed,7452000000,60854613725311,,,,,,0,command=400; no request/target identity
external-mode-check-20260923T034029-57709,runner_command_ack_unattributed,vehicle_command_ack_observed,7464000000,60854628501389,,,,,,0,command=100001; no request/target identity
external-mode-check-20260923T034029-57709,runner_command_ack_unattributed,vehicle_command_ack_observed,8460000000,60855874485960,,,,,,0,command=22; no request/target identity
external-mode-check-20260923T034029-57709,runner_command_ack_unattributed,vehicle_command_ack_observed,19380000000,60869523641873,,,,,,0,command=100001; no request/target identity
external-mode-check-20260923T034029-57709,runner_command_ack_unattributed,vehicle_command_ack_observed,19548000000,60869734640354,,,,,,0,command=100001; no request/target identity
external-mode-check-20260923T034029-57709,runner_command_ack_unattributed,vehicle_command_ack_observed,34908000000,60888934071010,,,,,,0,command=100001; no request/target identity
external-mode-check-20260923T034232-61247,runner_command_ack_unattributed,vehicle_command_ack_observed,7448000000,60977952927729,,,,,,0,command=100001; no request/target identity
external-mode-check-20260923T034232-61247,runner_command_ack_unattributed,vehicle_command_ack_observed,7496000000,60978012459981,,,,,,0,command=400; no request/target identity
external-mode-check-20260923T034232-61247,runner_command_ack_unattributed,vehicle_command_ack_observed,7556000000,60978087774623,,,,,,0,command=100001; no request/target identity
external-mode-check-20260923T034232-61247,runner_command_ack_unattributed,vehicle_command_ack_observed,8552000000,60979333328603,,,,,,0,command=22; no request/target identity
external-mode-check-20260923T034232-61247,runner_command_ack_unattributed,vehicle_command_ack_observed,19568000000,60993102461978,,,,,,0,command=100001; no request/target identity
external-mode-check-20260923T034232-61247,runner_command_ack_unattributed,vehicle_command_ack_observed,19640000000,60993193183623,,,,,,0,command=100001; no request/target identity
external-mode-check-20260923T034232-61247,runner_command_ack_unattributed,vehicle_command_ack_observed,34976000000,61012362630099,,,,,,0,command=100001; no request/target identity
external-mode-check-20260923T034522-65026,runner_command_ack_unattributed,vehicle_command_ack_observed,6672000000,61147296181094,,,,,,0,command=211; no request/target identity
external-mode-check-20260923T034522-65026,runner_command_ack_unattributed,vehicle_command_ack_observed,6972000000,61147671040269,,,,,,0,command=100001; no request/target identity
external-mode-check-20260923T034522-65026,runner_command_ack_unattributed,vehicle_command_ack_observed,7176000000,61147925996682,,,,,,0,command=400; no request/target identity
external-mode-check-20260923T034522-65026,runner_command_ack_unattributed,vehicle_command_ack_observed,7376000000,61148283094646,,,,,,0,command=100001; no request/target identity
external-mode-check-20260923T034522-65026,runner_command_ack_unattributed,vehicle_command_ack_observed,7476000000,61148300597305,,,,,,0,command=100001; no request/target identity
external-mode-check-20260923T034522-65026,runner_command_ack_unattributed,vehicle_command_ack_observed,8208000000,61149215778685,,,,,,0,command=22; no request/target identity
external-mode-check-20260923T034522-65026,runner_command_ack_unattributed,vehicle_command_ack_observed,19092000000,61162820549048,,,,,,0,command=100001; no request/target identity
external-mode-check-20260923T034522-65026,runner_command_ack_unattributed,vehicle_command_ack_observed,19284000000,61163060948426,,,,,,0,command=100001; no request/target identity
external-mode-check-20260923T034522-65026,runner_command_ack_unattributed,vehicle_command_ack_observed,34616000000,61182253662851,,,,,,0,command=100001; no request/target identity
