session_label,session_id,source_git_head,source_tree_sha256,source_content_sha256,px4_sha,px4_binary_sha256,scenario_sha256,raw_file_path,size_bytes,sha256,entry_type
short_stale_420,external-mode-check-20260925T090136-348595,d9ab33c3e2321ac60794da4128863bc7933458ea,5d6bfbdcea29d19d370267cba4667700cee73958,c3bb8eb5d33a56e9ea2fa286d0226e37b4aa053dee281705a4f5f541da32858b,deaff86ee335dd697677bcfc2415a23878e1b895,b69d990830625c54de458282ff109286c5a35597680675bcad0a163ea8640edc,fae0da26aa63dc6a098e6101d99393047746a0be61a173c047984b54201e4bbc,/home/letandat/Dev/uav-navigation/.artifacts/runtime/external-mode-check-20260925T090136-348595/REPORT.html,3150939,c92bfa384dafc0991f42b23a9923313097da993189a7d77bc7a2ec075c277540,file
short_stale_420,external-mode-check-20260925T090136-348595,d9ab33c3e2321ac60794da4128863bc7933458ea,5d6bfbdcea29d19d370267cba4667700cee73958,c3bb8eb5d33a56e9ea2fa286d0226e37b4aa053dee281705a4f5f541da32858b,deaff86ee335dd697677bcfc2415a23878e1b895,b69d990830625c54de458282ff109286c5a35597680675bcad0a163ea8640edc,fae0da26aa63dc6a098e6101d99393047746a0be61a173c047984b54201e4bbc,/home/letandat/Dev/uav-navigation/.artifacts/runtime/external-mode-check-20260925T090136-348595/benchmark_metrics.json,16352,107dcda36edea2df2a8ddec454106a1165492aab54001f3d4ffd424b66d38c2a,file
short_stale_420,external-mode-check-20260925T090136-348595,d9ab33c3e2321ac60794da4128863bc7933458ea,5d6bfbdcea29d19d370267cba4667700cee73958,c3bb8eb5d33a56e9ea2fa286d0226e37b4aa053dee281705a4f5f541da32858b,deaff86ee335dd697677bcfc2415a23878e1b895,b69d990830625c54de458282ff109286c5a35597680675bcad0a163ea8640edc,fae0da26aa63dc6a098e6101d99393047746a0be61a173c047984b54201e4bbc,/home/letandat/Dev/uav-navigation/.artifacts/runtime/external-mode-check-20260925T090136-348595/config_snapshot/external_mode.yaml,948,c6b68c172a2214facc1ab51ea88de472d2a237e2d33a1e877c09b6f85231567b,file
short_stale_420,external-mode-check-20260925T090136-348595,d9ab33c3e2321ac60794da4128863bc7933458ea,5d6bfbdcea29d19d370267cba4667700cee73958,c3bb8eb5d33a56e9ea2fa286d0226e37b4aa053dee281705a4f5f541da32858b,deaff86ee335dd697677bcfc2415a23878e1b895,b69d990830625c54de458282ff109286c5a35597680675bcad0a163ea8640edc,fae0da26aa63dc6a098e6101d99393047746a0be61a173c047984b54201e4bbc,/home/letandat/Dev/uav-navigation/.artifacts/runtime/external-mode-check-20260925T090136-348595/config_snapshot/external_mode_params.yaml,504,8da6681cef5e6c96ffbab7b48fb638fd0dd630576778b600a09b575ac2a7c143,file
short_stale_420,external-mode-check-20260925T090136-348595,d9ab33c3e2321ac60794da4128863bc7933458ea,5d6bfbdcea29d19d370267cba4667700cee73958,c3bb8eb5d33a56e9ea2fa286d0226e37b4aa053dee281705a4f5f541da32858b,deaff86ee335dd697677bcfc2415a23878e1b895,b69d990830625c54de458282ff109286c5a35597680675bcad0a163ea8640edc,fae0da26aa63dc6a098e6101d99393047746a0be61a173c047984b54201e4bbc,/home/letandat/Dev/uav-navigation/.artifacts/runtime/external-mode-check-20260925T090136-348595/config_snapshot/mapping.yaml,915,65a8e5582576157660df8c13cd084c199679a07832564214d63d1e22d842126b,file
short_stale_420,external-mode-check-20260925T090136-348595,d9ab33c3e2321ac60794da4128863bc7933458ea,5d6bfbdcea29d19d370267cba4667700cee73958,c3bb8eb5d33a56e9ea2fa286d0226e37b4aa053dee281705a4f5f541da32858b,deaff86ee335dd697677bcfc2415a23878e1b895,b69d990830625c54de458282ff109286c5a35597680675bcad0a163ea8640edc,fae0da26aa63dc6a098e6101d99393047746a0be61a173c047984b54201e4bbc,/home/letandat/Dev/uav-navigation/.artifacts/runtime/external-mode-check-20260925T090136-348595/config_snapshot/mission.yaml,892,e1490f004ad6b2feb89253e2aee90581d53cd30ad3793f9e36f1a9afa44a7152,file
short_stale_420,external-mode-check-20260925T090136-348595,d9ab33c3e2321ac60794da4128863bc7933458ea,5d6bfbdcea29d19d370267cba4667700cee73958,c3bb8eb5d33a56e9ea2fa286d0226e37b4aa053dee281705a4f5f541da32858b,deaff86ee335dd697677bcfc2415a23878e1b895,b69d990830625c54de458282ff109286c5a35597680675bcad0a163ea8640edc,fae0da26aa63dc6a098e6101d99393047746a0be61a173c047984b54201e4bbc,/home/letandat/Dev/uav-navigation/.artifacts/runtime/external-mode-check-20260925T090136-348595/config_snapshot/navigation_runtime_params.yaml,1134,2f5ec3221966d442cefd592bb2c835459ebe80becbc8039cb919d3f22baa0d91,file
short_stale_420,external-mode-check-20260925T090136-348595,d9ab33c3e2321ac60794da4128863bc7933458ea,5d6bfbdcea29d19d370267cba4667700cee73958,c3bb8eb5d33a56e9ea2fa286d0226e37b4aa053dee281705a4f5f541da32858b,deaff86ee335dd697677bcfc2415a23878e1b895,b69d990830625c54de458282ff109286c5a35597680675bcad0a163ea8640edc,fae0da26aa63dc6a098e6101d99393047746a0be61a173c047984b54201e4bbc,/home/letandat/Dev/uav-navigation/.artifacts/runtime/external-mode-check-20260925T090136-348595/config_snapshot/planner.yaml,3448,6480ff9679e20c3d5f9f5a38efbe7702d9ca98e66c454299019b423d5d298356,file
short_stale_420,external-mode-check-20260925T090136-348595,d9ab33c3e2321ac60794da4128863bc7933458ea,5d6bfbdcea29d19d370267cba4667700cee73958,c3bb8eb5d33a56e9ea2fa286d0226e37b4aa053dee281705a4f5f541da32858b,deaff86ee335dd697677bcfc2415a23878e1b895,b69d990830625c54de458282ff109286c5a35597680675bcad0a163ea8640edc,fae0da26aa63dc6a098e6101d99393047746a0be61a173c047984b54201e4bbc,/home/letandat/Dev/uav-navigation/.artifacts/runtime/external-mode-check-20260925T090136-348595/config_snapshot/scenario_config.yaml,9137,fae0da26aa63dc6a098e6101d99393047746a0be61a173c047984b54201e4bbc,file
short_stale_420,external-mode-check-20260925T090136-348595,d9ab33c3e2321ac60794da4128863bc7933458ea,5d6bfbdcea29d19d370267cba4667700cee73958,c3bb8eb5d33a56e9ea2fa286d0226e37b4aa053dee281705a4f5f541da32858b,deaff86ee335dd697677bcfc2415a23878e1b895,b69d990830625c54de458282ff109286c5a35597680675bcad0a163ea8640edc,fae0da26aa63dc6a098e6101d99393047746a0be61a173c047984b54201e4bbc,/home/letandat/Dev/uav-navigation/.artifacts/runtime/external-mode-check-20260925T090136-348595/config_snapshot/sim.yaml,3386,7a10d650dadf12198afe27e9844d2a0d1ccfeaf2fcdb084643a5459f653380bd,file
short_stale_420,external-mode-check-20260925T090136-348595,d9ab33c3e2321ac60794da4128863bc7933458ea,5d6bfbdcea29d19d370267cba4667700cee73958,c3bb8eb5d33a56e9ea2fa286d0226e37b4aa053dee281705a4f5f541da32858b,deaff86ee335dd697677bcfc2415a23878e1b895,b69d990830625c54de458282ff109286c5a35597680675bcad0a163ea8640edc,fae0da26aa63dc6a098e6101d99393047746a0be61a173c047984b54201e4bbc,/home/letandat/Dev/uav-navigation/.artifacts/runtime/external-mode-check-20260925T090136-348595/execution_timeline.jsonl,52458434,b205950da68d6298ef2c23373afe21cc5194f2efc7d90436c0402c9e6d8a6f08,file
short_stale_420,external-mode-check-20260925T090136-348595,d9ab33c3e2321ac60794da4128863bc7933458ea,5d6bfbdcea29d19d370267cba4667700cee73958,c3bb8eb5d33a56e9ea2fa286d0226e37b4aa053dee281705a4f5f541da32858b,deaff86ee335dd697677bcfc2415a23878e1b895,b69d990830625c54de458282ff109286c5a35597680675bcad0a163ea8640edc,fae0da26aa63dc6a098e6101d99393047746a0be61a173c047984b54201e4bbc,/home/letandat/Dev/uav-navigation/.artifacts/runtime/external-mode-check-20260925T090136-348595/external_mode_params.yaml,504,8da6681cef5e6c96ffbab7b48fb638fd0dd630576778b600a09b575ac2a7c143,file
short_stale_420,external-mode-check-20260925T090136-348595,d9ab33c3e2321ac60794da4128863bc7933458ea,5d6bfbdcea29d19d370267cba4667700cee73958,c3bb8eb5d33a56e9ea2fa286d0226e37b4aa053dee281705a4f5f541da32858b,deaff86ee335dd697677bcfc2415a23878e1b895,b69d990830625c54de458282ff109286c5a35597680675bcad0a163ea8640edc,fae0da26aa63dc6a098e6101d99393047746a0be61a173c047984b54201e4bbc,/home/letandat/Dev/uav-navigation/.artifacts/runtime/external-mode-check-20260925T090136-348595/fast_lio_params.yaml,2791,457c4b660fd772ca199ceeaa70e3cdd1e1134aaa615d971cd0c330f3a146ccee,file
short_stale_420,external-mode-check-20260925T090136-348595,d9ab33c3e2321ac60794da4128863bc7933458ea,5d6bfbdcea29d19d370267cba4667700cee73958,c3bb8eb5d33a56e9ea2fa286d0226e37b4aa053dee281705a4f5f541da32858b,deaff86ee335dd697677bcfc2415a23878e1b895,b69d990830625c54de458282ff109286c5a35597680675bcad0a163ea8640edc,fae0da26aa63dc6a098e6101d99393047746a0be61a173c047984b54201e4bbc,/home/letandat/Dev/uav-navigation/.artifacts/runtime/external-mode-check-20260925T090136-348595/logs/2026-09-25-16-01-47-208655-letandat-Legion-5-Pro-16IAH7H-350782/launch.log,1086,9fc6e338f6117a39373a6b1943787aca0b905725ca4cfbf3fa8fbfd3c8c8036c,file
short_stale_420,external-mode-check-20260925T090136-348595,d9ab33c3e2321ac60794da4128863bc7933458ea,5d6bfbdcea29d19d370267cba4667700cee73958,c3bb8eb5d33a56e9ea2fa286d0226e37b4aa053dee281705a4f5f541da32858b,deaff86ee335dd697677bcfc2415a23878e1b895,b69d990830625c54de458282ff109286c5a35597680675bcad0a163ea8640edc,fae0da26aa63dc6a098e6101d99393047746a0be61a173c047984b54201e4bbc,/home/letandat/Dev/uav-navigation/.artifacts/runtime/external-mode-check-20260925T090136-348595/logs/2026-09-25-16-01-48-525773-letandat-Legion-5-Pro-16IAH7H-351059/launch.log,1639,6c1114a8c2f70553c8cca94cdc5290d8e4bf20a61670fb68d4f0d258399ead98,file
short_stale_420,external-mode-check-20260925T090136-348595,d9ab33c3e2321ac60794da4128863bc7933458ea,5d6bfbdcea29d19d370267cba4667700cee73958,c3bb8eb5d33a56e9ea2fa286d0226e37b4aa053dee281705a4f5f541da32858b,deaff86ee335dd697677bcfc2415a23878e1b895,b69d990830625c54de458282ff109286c5a35597680675bcad0a163ea8640edc,fae0da26aa63dc6a098e6101d99393047746a0be61a173c047984b54201e4bbc,/home/letandat/Dev/uav-navigation/.artifacts/runtime/external-mode-check-20260925T090136-348595/logs/2026-09-25-16-01-52-227498-letandat-Legion-5-Pro-16IAH7H-351324/launch.log,731,5e0ba0b31b369dc9040732fdf6526b734210efa0fcf026b96a627117a9dea93b,file
short_stale_420,external-mode-check-20260925T090136-348595,d9ab33c3e2321ac60794da4128863bc7933458ea,5d6bfbdcea29d19d370267cba4667700cee73958,c3bb8eb5d33a56e9ea2fa286d0226e37b4aa053dee281705a4f5f541da32858b,deaff86ee335dd697677bcfc2415a23878e1b895,b69d990830625c54de458282ff109286c5a35597680675bcad0a163ea8640edc,fae0da26aa63dc6a098e6101d99393047746a0be61a173c047984b54201e4bbc,/home/letandat/Dev/uav-navigation/.artifacts/runtime/external-mode-check-20260925T090136-348595/logs/bridge.log,632,15ecc9476b1706b6b6085f113a9ba7b1e3bc61ba2d1edb7caa35861643b6dfb9,file
short_stale_420,external-mode-check-20260925T090136-348595,d9ab33c3e2321ac60794da4128863bc7933458ea,5d6bfbdcea29d19d370267cba4667700cee73958,c3bb8eb5d33a56e9ea2fa286d0226e37b4aa053dee281705a4f5f541da32858b,deaff86ee335dd697677bcfc2415a23878e1b895,b69d990830625c54de458282ff109286c5a35597680675bcad0a163ea8640edc,fae0da26aa63dc6a098e6101d99393047746a0be61a173c047984b54201e4bbc,/home/letandat/Dev/uav-navigation/.artifacts/runtime/external-mode-check-20260925T090136-348595/logs/bridge_lidar.log,2691,0efc15e9579d67ae28d6250b18232d225f07f2d1977f4a6526b9dd3b05439a36,file
short_stale_420,external-mode-check-20260925T090136-348595,d9ab33c3e2321ac60794da4128863bc7933458ea,5d6bfbdcea29d19d370267cba4667700cee73958,c3bb8eb5d33a56e9ea2fa286d0226e37b4aa053dee281705a4f5f541da32858b,deaff86ee335dd697677bcfc2415a23878e1b895,b69d990830625c54de458282ff109286c5a35597680675bcad0a163ea8640edc,fae0da26aa63dc6a098e6101d99393047746a0be61a173c047984b54201e4bbc,/home/letandat/Dev/uav-navigation/.artifacts/runtime/external-mode-check-20260925T090136-348595/logs/external_mode.log,43304,5456ef655521fa31a69af3ecf77a48a30031761bb0e83151c4a6a87a9634d0ff,file
short_stale_420,external-mode-check-20260925T090136-348595,d9ab33c3e2321ac60794da4128863bc7933458ea,5d6bfbdcea29d19d370267cba4667700cee73958,c3bb8eb5d33a56e9ea2fa286d0226e37b4aa053dee281705a4f5f541da32858b,deaff86ee335dd697677bcfc2415a23878e1b895,b69d990830625c54de458282ff109286c5a35597680675bcad0a163ea8640edc,fae0da26aa63dc6a098e6101d99393047746a0be61a173c047984b54201e4bbc,/home/letandat/Dev/uav-navigation/.artifacts/runtime/external-mode-check-20260925T090136-348595/logs/external_mode_scenario.log,238,bb1608851c8ef7e738b9919663842e7834f89ea87baac313817eebbd377dc888,file
short_stale_420,external-mode-check-20260925T090136-348595,d9ab33c3e2321ac60794da4128863bc7933458ea,5d6bfbdcea29d19d370267cba4667700cee73958,c3bb8eb5d33a56e9ea2fa286d0226e37b4aa053dee281705a4f5f541da32858b,deaff86ee335dd697677bcfc2415a23878e1b895,b69d990830625c54de458282ff109286c5a35597680675bcad0a163ea8640edc,fae0da26aa63dc6a098e6101d99393047746a0be61a173c047984b54201e4bbc,/home/letandat/Dev/uav-navigation/.artifacts/runtime/external-mode-check-20260925T090136-348595/logs/fast_lio_node_351082_1790326908670.log,458,a4326190ee87d11ef776ac84263fec65b60fdbdc0584ca7b9713f5d60cedb0cc,file
short_stale_420,external-mode-check-20260925T090136-348595,d9ab33c3e2321ac60794da4128863bc7933458ea,5d6bfbdcea29d19d370267cba4667700cee73958,c3bb8eb5d33a56e9ea2fa286d0226e37b4aa053dee281705a4f5f541da32858b,deaff86ee335dd697677bcfc2415a23878e1b895,b69d990830625c54de458282ff109286c5a35597680675bcad0a163ea8640edc,fae0da26aa63dc6a098e6101d99393047746a0be61a173c047984b54201e4bbc,/home/letandat/Dev/uav-navigation/.artifacts/runtime/external-mode-check-20260925T090136-348595/logs/gazebo.log,2558,729b16ae715828c8c9d8102f141b90622c21519830d1e3755195463fbc7833ea,file
short_stale_420,external-mode-check-20260925T090136-348595,d9ab33c3e2321ac60794da4128863bc7933458ea,5d6bfbdcea29d19d370267cba4667700cee73958,c3bb8eb5d33a56e9ea2fa286d0226e37b4aa053dee281705a4f5f541da32858b,deaff86ee335dd697677bcfc2415a23878e1b895,b69d990830625c54de458282ff109286c5a35597680675bcad0a163ea8640edc,fae0da26aa63dc6a098e6101d99393047746a0be61a173c047984b54201e4bbc,/home/letandat/Dev/uav-navigation/.artifacts/runtime/external-mode-check-20260925T090136-348595/logs/gz_lidar_bridge_351000_1790326907147.log,2505,86a20038da0a0fd98d1b599658aa4b82651606687b791072e61074df810912b1,file
short_stale_420,external-mode-check-20260925T090136-348595,d9ab33c3e2321ac60794da4128863bc7933458ea,5d6bfbdcea29d19d370267cba4667700cee73958,c3bb8eb5d33a56e9ea2fa286d0226e37b4aa053dee281705a4f5f541da32858b,deaff86ee335dd697677bcfc2415a23878e1b895,b69d990830625c54de458282ff109286c5a35597680675bcad0a163ea8640edc,fae0da26aa63dc6a098e6101d99393047746a0be61a173c047984b54201e4bbc,/home/letandat/Dev/uav-navigation/.artifacts/runtime/external-mode-check-20260925T090136-348595/logs/gz_visibility_bridge_350922_1790326906979.log,71,cca90654f37d045f6b4d5d9dcdc7f274cd9f3208d9f83c228d22e0766ead3829,file
short_stale_420,external-mode-check-20260925T090136-348595,d9ab33c3e2321ac60794da4128863bc7933458ea,5d6bfbdcea29d19d370267cba4667700cee73958,c3bb8eb5d33a56e9ea2fa286d0226e37b4aa053dee281705a4f5f541da32858b,deaff86ee335dd697677bcfc2415a23878e1b895,b69d990830625c54de458282ff109286c5a35597680675bcad0a163ea8640edc,fae0da26aa63dc6a098e6101d99393047746a0be61a173c047984b54201e4bbc,/home/letandat/Dev/uav-navigation/.artifacts/runtime/external-mode-check-20260925T090136-348595/logs/lio.log,3190,7c0acdeaeb367609df43efe6ed5fd561756c8db8eaaeeda20385415fc49309e9,file
short_stale_420,external-mode-check-20260925T090136-348595,d9ab33c3e2321ac60794da4128863bc7933458ea,5d6bfbdcea29d19d370267cba4667700cee73958,c3bb8eb5d33a56e9ea2fa286d0226e37b4aa053dee281705a4f5f541da32858b,deaff86ee335dd697677bcfc2415a23878e1b895,b69d990830625c54de458282ff109286c5a35597680675bcad0a163ea8640edc,fae0da26aa63dc6a098e6101d99393047746a0be61a173c047984b54201e4bbc,/home/letandat/Dev/uav-navigation/.artifacts/runtime/external-mode-check-20260925T090136-348595/logs/mapping.log,205262,8feb5da22fe36ddc35f4ce1149150aed059e6c65a137a3b2719f2704be595928,file
short_stale_420,external-mode-check-20260925T090136-348595,d9ab33c3e2321ac60794da4128863bc7933458ea,5d6bfbdcea29d19d370267cba4667700cee73958,c3bb8eb5d33a56e9ea2fa286d0226e37b4aa053dee281705a4f5f541da32858b,deaff86ee335dd697677bcfc2415a23878e1b895,b69d990830625c54de458282ff109286c5a35597680675bcad0a163ea8640edc,fae0da26aa63dc6a098e6101d99393047746a0be61a173c047984b54201e4bbc,/home/letandat/Dev/uav-navigation/.artifacts/runtime/external-mode-check-20260925T090136-348595/logs/monitor.log,0,e3b0c44298fc1c149afbf4c8996fb92427ae41e4649b934ca495991b7852b855,file
short_stale_420,external-mode-check-20260925T090136-348595,d9ab33c3e2321ac60794da4128863bc7933458ea,5d6bfbdcea29d19d370267cba4667700cee73958,c3bb8eb5d33a56e9ea2fa286d0226e37b4aa053dee281705a4f5f541da32858b,deaff86ee335dd697677bcfc2415a23878e1b895,b69d990830625c54de458282ff109286c5a35597680675bcad0a163ea8640edc,fae0da26aa63dc6a098e6101d99393047746a0be61a173c047984b54201e4bbc,/home/letandat/Dev/uav-navigation/.artifacts/runtime/external-mode-check-20260925T090136-348595/logs/navigation_runtime_node_351038_1790326907291.log,121467,ef03a83d29a902b46850e6c1e20b376030145a1cb122625789ab9db5bb19b24f,file
short_stale_420,external-mode-check-20260925T090136-348595,d9ab33c3e2321ac60794da4128863bc7933458ea,5d6bfbdcea29d19d370267cba4667700cee73958,c3bb8eb5d33a56e9ea2fa286d0226e37b4aa053dee281705a4f5f541da32858b,deaff86ee335dd697677bcfc2415a23878e1b895,b69d990830625c54de458282ff109286c5a35597680675bcad0a163ea8640edc,fae0da26aa63dc6a098e6101d99393047746a0be61a173c047984b54201e4bbc,/home/letandat/Dev/uav-navigation/.artifacts/runtime/external-mode-check-20260925T090136-348595/logs/parameter_bridge_350944_1790326907048.log,632,15ecc9476b1706b6b6085f113a9ba7b1e3bc61ba2d1edb7caa35861643b6dfb9,file
short_stale_420,external-mode-check-20260925T090136-348595,d9ab33c3e2321ac60794da4128863bc7933458ea,5d6bfbdcea29d19d370267cba4667700cee73958,c3bb8eb5d33a56e9ea2fa286d0226e37b4aa053dee281705a4f5f541da32858b,deaff86ee335dd697677bcfc2415a23878e1b895,b69d990830625c54de458282ff109286c5a35597680675bcad0a163ea8640edc,fae0da26aa63dc6a098e6101d99393047746a0be61a173c047984b54201e4bbc,/home/letandat/Dev/uav-navigation/.artifacts/runtime/external-mode-check-20260925T090136-348595/logs/px4_gazebo.log,9054,f781adcf5d9aef026bf34b1b19705e76595a7857d5a4e13d59135eb45ce937f3,file
short_stale_420,external-mode-check-20260925T090136-348595,d9ab33c3e2321ac60794da4128863bc7933458ea,5d6bfbdcea29d19d370267cba4667700cee73958,c3bb8eb5d33a56e9ea2fa286d0226e37b4aa053dee281705a4f5f541da32858b,deaff86ee335dd697677bcfc2415a23878e1b895,b69d990830625c54de458282ff109286c5a35597680675bcad0a163ea8640edc,fae0da26aa63dc6a098e6101d99393047746a0be61a173c047984b54201e4bbc,/home/letandat/Dev/uav-navigation/.artifacts/runtime/external-mode-check-20260925T090136-348595/logs/px4_ingress.log,71,d5527ed74ccb8061b986b325df8ee803d52ea0faabf08443b41d01cc94f8c108,file
short_stale_420,external-mode-check-20260925T090136-348595,d9ab33c3e2321ac60794da4128863bc7933458ea,5d6bfbdcea29d19d370267cba4667700cee73958,c3bb8eb5d33a56e9ea2fa286d0226e37b4aa053dee281705a4f5f541da32858b,deaff86ee335dd697677bcfc2415a23878e1b895,b69d990830625c54de458282ff109286c5a35597680675bcad0a163ea8640edc,fae0da26aa63dc6a098e6101d99393047746a0be61a173c047984b54201e4bbc,/home/letandat/Dev/uav-navigation/.artifacts/runtime/external-mode-check-20260925T090136-348595/logs/px4_navigation_external_mode_node_351392_1790326912315.log,38739,de4f405f68968405748fd72be2b0b86524a48f098c1ee541ce1cbd397ff5bfcc,file
short_stale_420,external-mode-check-20260925T090136-348595,d9ab33c3e2321ac60794da4128863bc7933458ea,5d6bfbdcea29d19d370267cba4667700cee73958,c3bb8eb5d33a56e9ea2fa286d0226e37b4aa053dee281705a4f5f541da32858b,deaff86ee335dd697677bcfc2415a23878e1b895,b69d990830625c54de458282ff109286c5a35597680675bcad0a163ea8640edc,fae0da26aa63dc6a098e6101d99393047746a0be61a173c047984b54201e4bbc,/home/letandat/Dev/uav-navigation/.artifacts/runtime/external-mode-check-20260925T090136-348595/logs/px4_odometry_bridge_external_node_351083_1790326908670.log,1012,5f6f83c8f161a59d90de4fa6db123bebd579061a4e76020be03b826f8c6d3dd2,file
short_stale_420,external-mode-check-20260925T090136-348595,d9ab33c3e2321ac60794da4128863bc7933458ea,5d6bfbdcea29d19d370267cba4667700cee73958,c3bb8eb5d33a56e9ea2fa286d0226e37b4aa053dee281705a4f5f541da32858b,deaff86ee335dd697677bcfc2415a23878e1b895,b69d990830625c54de458282ff109286c5a35597680675bcad0a163ea8640edc,fae0da26aa63dc6a098e6101d99393047746a0be61a173c047984b54201e4bbc,/home/letandat/Dev/uav-navigation/.artifacts/runtime/external-mode-check-20260925T090136-348595/logs/px4_odometry_bridge_node_350975_1790326907074.log,71,d5527ed74ccb8061b986b325df8ee803d52ea0faabf08443b41d01cc94f8c108,file
short_stale_420,external-mode-check-20260925T090136-348595,d9ab33c3e2321ac60794da4128863bc7933458ea,5d6bfbdcea29d19d370267cba4667700cee73958,c3bb8eb5d33a56e9ea2fa286d0226e37b4aa053dee281705a4f5f541da32858b,deaff86ee335dd697677bcfc2415a23878e1b895,b69d990830625c54de458282ff109286c5a35597680675bcad0a163ea8640edc,fae0da26aa63dc6a098e6101d99393047746a0be61a173c047984b54201e4bbc,/home/letandat/Dev/uav-navigation/.artifacts/runtime/external-mode-check-20260925T090136-348595/logs/python3_350580_1790326902090.log,0,e3b0c44298fc1c149afbf4c8996fb92427ae41e4649b934ca495991b7852b855,file
short_stale_420,external-mode-check-20260925T090136-348595,d9ab33c3e2321ac60794da4128863bc7933458ea,5d6bfbdcea29d19d370267cba4667700cee73958,c3bb8eb5d33a56e9ea2fa286d0226e37b4aa053dee281705a4f5f541da32858b,deaff86ee335dd697677bcfc2415a23878e1b895,b69d990830625c54de458282ff109286c5a35597680675bcad0a163ea8640edc,fae0da26aa63dc6a098e6101d99393047746a0be61a173c047984b54201e4bbc,/home/letandat/Dev/uav-navigation/.artifacts/runtime/external-mode-check-20260925T090136-348595/logs/python3_350762_1790326907137.log,4157,fddd219a37c6e1ef66da3e8363fad98f34ee65601aec191ec545a1557775b05f,file
short_stale_420,external-mode-check-20260925T090136-348595,d9ab33c3e2321ac60794da4128863bc7933458ea,5d6bfbdcea29d19d370267cba4667700cee73958,c3bb8eb5d33a56e9ea2fa286d0226e37b4aa053dee281705a4f5f541da32858b,deaff86ee335dd697677bcfc2415a23878e1b895,b69d990830625c54de458282ff109286c5a35597680675bcad0a163ea8640edc,fae0da26aa63dc6a098e6101d99393047746a0be61a173c047984b54201e4bbc,/home/letandat/Dev/uav-navigation/.artifacts/runtime/external-mode-check-20260925T090136-348595/logs/python3_350773_1790326907046.log,0,e3b0c44298fc1c149afbf4c8996fb92427ae41e4649b934ca495991b7852b855,file
short_stale_420,external-mode-check-20260925T090136-348595,d9ab33c3e2321ac60794da4128863bc7933458ea,5d6bfbdcea29d19d370267cba4667700cee73958,c3bb8eb5d33a56e9ea2fa286d0226e37b4aa053dee281705a4f5f541da32858b,deaff86ee335dd697677bcfc2415a23878e1b895,b69d990830625c54de458282ff109286c5a35597680675bcad0a163ea8640edc,fae0da26aa63dc6a098e6101d99393047746a0be61a173c047984b54201e4bbc,/home/letandat/Dev/uav-navigation/.artifacts/runtime/external-mode-check-20260925T090136-348595/logs/python3_351626_1790326914793.log,238,bb1608851c8ef7e738b9919663842e7834f89ea87baac313817eebbd377dc888,file
short_stale_420,external-mode-check-20260925T090136-348595,d9ab33c3e2321ac60794da4128863bc7933458ea,5d6bfbdcea29d19d370267cba4667700cee73958,c3bb8eb5d33a56e9ea2fa286d0226e37b4aa053dee281705a4f5f541da32858b,deaff86ee335dd697677bcfc2415a23878e1b895,b69d990830625c54de458282ff109286c5a35597680675bcad0a163ea8640edc,fae0da26aa63dc6a098e6101d99393047746a0be61a173c047984b54201e4bbc,/home/letandat/Dev/uav-navigation/.artifacts/runtime/external-mode-check-20260925T090136-348595/logs/robot_state_publisher_351081_1790326908672.log,144,29be37ae4931fe95fab64a245c05189b1d054250c4f06c9512179dc462e568ec,file
short_stale_420,external-mode-check-20260925T090136-348595,d9ab33c3e2321ac60794da4128863bc7933458ea,5d6bfbdcea29d19d370267cba4667700cee73958,c3bb8eb5d33a56e9ea2fa286d0226e37b4aa053dee281705a4f5f541da32858b,deaff86ee335dd697677bcfc2415a23878e1b895,b69d990830625c54de458282ff109286c5a35597680675bcad0a163ea8640edc,fae0da26aa63dc6a098e6101d99393047746a0be61a173c047984b54201e4bbc,/home/letandat/Dev/uav-navigation/.artifacts/runtime/external-mode-check-20260925T090136-348595/logs/rosbag.log,4405,100367f2769d86e08766596c44dc4cd826d86a3e9e9320afb8408b39be797197,file
short_stale_420,external-mode-check-20260925T090136-348595,d9ab33c3e2321ac60794da4128863bc7933458ea,5d6bfbdcea29d19d370267cba4667700cee73958,c3bb8eb5d33a56e9ea2fa286d0226e37b4aa053dee281705a4f5f541da32858b,deaff86ee335dd697677bcfc2415a23878e1b895,b69d990830625c54de458282ff109286c5a35597680675bcad0a163ea8640edc,fae0da26aa63dc6a098e6101d99393047746a0be61a173c047984b54201e4bbc,/home/letandat/Dev/uav-navigation/.artifacts/runtime/external-mode-check-20260925T090136-348595/logs/visibility_bridge.log,201,e9f6107044cca1c9cb3d10fd5e894d617502c52780dadbbf56913ef72d07603a,file
short_stale_420,external-mode-check-20260925T090136-348595,d9ab33c3e2321ac60794da4128863bc7933458ea,5d6bfbdcea29d19d370267cba4667700cee73958,c3bb8eb5d33a56e9ea2fa286d0226e37b4aa053dee281705a4f5f541da32858b,deaff86ee335dd697677bcfc2415a23878e1b895,b69d990830625c54de458282ff109286c5a35597680675bcad0a163ea8640edc,fae0da26aa63dc6a098e6101d99393047746a0be61a173c047984b54201e4bbc,/home/letandat/Dev/uav-navigation/.artifacts/runtime/external-mode-check-20260925T090136-348595/logs/world_observation_gate.log,906,8506531570d1e1661a59f23888bf89388850b8d62947c7b879200187a41e3129,file
short_stale_420,external-mode-check-20260925T090136-348595,d9ab33c3e2321ac60794da4128863bc7933458ea,5d6bfbdcea29d19d370267cba4667700cee73958,c3bb8eb5d33a56e9ea2fa286d0226e37b4aa053dee281705a4f5f541da32858b,deaff86ee335dd697677bcfc2415a23878e1b895,b69d990830625c54de458282ff109286c5a35597680675bcad0a163ea8640edc,fae0da26aa63dc6a098e6101d99393047746a0be61a173c047984b54201e4bbc,/home/letandat/Dev/uav-navigation/.artifacts/runtime/external-mode-check-20260925T090136-348595/logs/xrce_agent.log,44050,4912203695cfed8f3d62b645dca1cd2cf084d906165ebb0f2d2394c3510a4af4,file
short_stale_420,external-mode-check-20260925T090136-348595,d9ab33c3e2321ac60794da4128863bc7933458ea,5d6bfbdcea29d19d370267cba4667700cee73958,c3bb8eb5d33a56e9ea2fa286d0226e37b4aa053dee281705a4f5f541da32858b,deaff86ee335dd697677bcfc2415a23878e1b895,b69d990830625c54de458282ff109286c5a35597680675bcad0a163ea8640edc,fae0da26aa63dc6a098e6101d99393047746a0be61a173c047984b54201e4bbc,/home/letandat/Dev/uav-navigation/.artifacts/runtime/external-mode-check-20260925T090136-348595/map_descriptor.json,1643,f9d227ec743ac0d33a01b74957c1eb028818bb03de6adda449317a81e1a09279,file
short_stale_420,external-mode-check-20260925T090136-348595,d9ab33c3e2321ac60794da4128863bc7933458ea,5d6bfbdcea29d19d370267cba4667700cee73958,c3bb8eb5d33a56e9ea2fa286d0226e37b4aa053dee281705a4f5f541da32858b,deaff86ee335dd697677bcfc2415a23878e1b895,b69d990830625c54de458282ff109286c5a35597680675bcad0a163ea8640edc,fae0da26aa63dc6a098e6101d99393047746a0be61a173c047984b54201e4bbc,/home/letandat/Dev/uav-navigation/.artifacts/runtime/external-mode-check-20260925T090136-348595/metadata.json,256279,470e30f925abfadfae019b64d1ac56adbdd893cb16fabc60258e88962a821b49,file
short_stale_420,external-mode-check-20260925T090136-348595,d9ab33c3e2321ac60794da4128863bc7933458ea,5d6bfbdcea29d19d370267cba4667700cee73958,c3bb8eb5d33a56e9ea2fa286d0226e37b4aa053dee281705a4f5f541da32858b,deaff86ee335dd697677bcfc2415a23878e1b895,b69d990830625c54de458282ff109286c5a35597680675bcad0a163ea8640edc,fae0da26aa63dc6a098e6101d99393047746a0be61a173c047984b54201e4bbc,/home/letandat/Dev/uav-navigation/.artifacts/runtime/external-mode-check-20260925T090136-348595/monitor.json,57050,9989075420b142740758ddad44a7cdb930c869864a363f9de630728f4a460d11,file
short_stale_420,external-mode-check-20260925T090136-348595,d9ab33c3e2321ac60794da4128863bc7933458ea,5d6bfbdcea29d19d370267cba4667700cee73958,c3bb8eb5d33a56e9ea2fa286d0226e37b4aa053dee281705a4f5f541da32858b,deaff86ee335dd697677bcfc2415a23878e1b895,b69d990830625c54de458282ff109286c5a35597680675bcad0a163ea8640edc,fae0da26aa63dc6a098e6101d99393047746a0be61a173c047984b54201e4bbc,/home/letandat/Dev/uav-navigation/.artifacts/runtime/external-mode-check-20260925T090136-348595/navigation_runtime_params.yaml,1134,2f5ec3221966d442cefd592bb2c835459ebe80becbc8039cb919d3f22baa0d91,file
short_stale_420,external-mode-check-20260925T090136-348595,d9ab33c3e2321ac60794da4128863bc7933458ea,5d6bfbdcea29d19d370267cba4667700cee73958,c3bb8eb5d33a56e9ea2fa286d0226e37b4aa053dee281705a4f5f541da32858b,deaff86ee335dd697677bcfc2415a23878e1b895,b69d990830625c54de458282ff109286c5a35597680675bcad0a163ea8640edc,fae0da26aa63dc6a098e6101d99393047746a0be61a173c047984b54201e4bbc,/home/letandat/Dev/uav-navigation/.artifacts/runtime/external-mode-check-20260925T090136-348595/perception_timeline.jsonl,64349192,8b9788da6aab5e6fd9b5121d8b399f021ad8fe40663db1566be1743397b1a29f,file
short_stale_420,external-mode-check-20260925T090136-348595,d9ab33c3e2321ac60794da4128863bc7933458ea,5d6bfbdcea29d19d370267cba4667700cee73958,c3bb8eb5d33a56e9ea2fa286d0226e37b4aa053dee281705a4f5f541da32858b,deaff86ee335dd697677bcfc2415a23878e1b895,b69d990830625c54de458282ff109286c5a35597680675bcad0a163ea8640edc,fae0da26aa63dc6a098e6101d99393047746a0be61a173c047984b54201e4bbc,/home/letandat/Dev/uav-navigation/.artifacts/runtime/external-mode-check-20260925T090136-348595/planner.yaml,3448,6480ff9679e20c3d5f9f5a38efbe7702d9ca98e66c454299019b423d5d298356,file
short_stale_420,external-mode-check-20260925T090136-348595,d9ab33c3e2321ac60794da4128863bc7933458ea,5d6bfbdcea29d19d370267cba4667700cee73958,c3bb8eb5d33a56e9ea2fa286d0226e37b4aa053dee281705a4f5f541da32858b,deaff86ee335dd697677bcfc2415a23878e1b895,b69d990830625c54de458282ff109286c5a35597680675bcad0a163ea8640edc,fae0da26aa63dc6a098e6101d99393047746a0be61a173c047984b54201e4bbc,/home/letandat/Dev/uav-navigation/.artifacts/runtime/external-mode-check-20260925T090136-348595/planning_timeline.jsonl,40398078,3fca681cab6c440fb5f2d3aa3dfde415fdf609d53372dcf15031183fd4a95f7a,file
short_stale_420,external-mode-check-20260925T090136-348595,d9ab33c3e2321ac60794da4128863bc7933458ea,5d6bfbdcea29d19d370267cba4667700cee73958,c3bb8eb5d33a56e9ea2fa286d0226e37b4aa053dee281705a4f5f541da32858b,deaff86ee335dd697677bcfc2415a23878e1b895,b69d990830625c54de458282ff109286c5a35597680675bcad0a163ea8640edc,fae0da26aa63dc6a098e6101d99393047746a0be61a173c047984b54201e4bbc,/home/letandat/Dev/uav-navigation/.artifacts/runtime/external-mode-check-20260925T090136-348595/processes.json,16326,d852ad20852c071a522ac1ddffd5c0f24ba2dcea410a7ef2af886bc11d56184a,file
short_stale_420,external-mode-check-20260925T090136-348595,d9ab33c3e2321ac60794da4128863bc7933458ea,5d6bfbdcea29d19d370267cba4667700cee73958,c3bb8eb5d33a56e9ea2fa286d0226e37b4aa053dee281705a4f5f541da32858b,deaff86ee335dd697677bcfc2415a23878e1b895,b69d990830625c54de458282ff109286c5a35597680675bcad0a163ea8640edc,fae0da26aa63dc6a098e6101d99393047746a0be61a173c047984b54201e4bbc,/home/letandat/Dev/uav-navigation/.artifacts/runtime/external-mode-check-20260925T090136-348595/provenance/external_px4_dataman,1208528,55cf902b00539fd43b45029e449392ebfab82acdda744f056fcbe3aa0b0c10c4,file
short_stale_420,external-mode-check-20260925T090136-348595,d9ab33c3e2321ac60794da4128863bc7933458ea,5d6bfbdcea29d19d370267cba4667700cee73958,c3bb8eb5d33a56e9ea2fa286d0226e37b4aa053dee281705a4f5f541da32858b,deaff86ee335dd697677bcfc2415a23878e1b895,b69d990830625c54de458282ff109286c5a35597680675bcad0a163ea8640edc,fae0da26aa63dc6a098e6101d99393047746a0be61a173c047984b54201e4bbc,/home/letandat/Dev/uav-navigation/.artifacts/runtime/external-mode-check-20260925T090136-348595/provenance/external_px4_parameters.bson,1063,d38e25b51085fe0995550161a522e63634678af2836910929415cdaeea68a415,file
short_stale_420,external-mode-check-20260925T090136-348595,d9ab33c3e2321ac60794da4128863bc7933458ea,5d6bfbdcea29d19d370267cba4667700cee73958,c3bb8eb5d33a56e9ea2fa286d0226e37b4aa053dee281705a4f5f541da32858b,deaff86ee335dd697677bcfc2415a23878e1b895,b69d990830625c54de458282ff109286c5a35597680675bcad0a163ea8640edc,fae0da26aa63dc6a098e6101d99393047746a0be61a173c047984b54201e4bbc,/home/letandat/Dev/uav-navigation/.artifacts/runtime/external-mode-check-20260925T090136-348595/provenance/external_px4_parameters_backup.bson,1063,d38e25b51085fe0995550161a522e63634678af2836910929415cdaeea68a415,file
short_stale_420,external-mode-check-20260925T090136-348595,d9ab33c3e2321ac60794da4128863bc7933458ea,5d6bfbdcea29d19d370267cba4667700cee73958,c3bb8eb5d33a56e9ea2fa286d0226e37b4aa053dee281705a4f5f541da32858b,deaff86ee335dd697677bcfc2415a23878e1b895,b69d990830625c54de458282ff109286c5a35597680675bcad0a163ea8640edc,fae0da26aa63dc6a098e6101d99393047746a0be61a173c047984b54201e4bbc,/home/letandat/Dev/uav-navigation/.artifacts/runtime/external-mode-check-20260925T090136-348595/provenance/external_px4_status.txt,285,4165f8bc803e4dbc91afb1a5b198c5d914bea455e5d91ec0ac3165983cf02546,file
short_stale_420,external-mode-check-20260925T090136-348595,d9ab33c3e2321ac60794da4128863bc7933458ea,5d6bfbdcea29d19d370267cba4667700cee73958,c3bb8eb5d33a56e9ea2fa286d0226e37b4aa053dee281705a4f5f541da32858b,deaff86ee335dd697677bcfc2415a23878e1b895,b69d990830625c54de458282ff109286c5a35597680675bcad0a163ea8640edc,fae0da26aa63dc6a098e6101d99393047746a0be61a173c047984b54201e4bbc,/home/letandat/Dev/uav-navigation/.artifacts/runtime/external-mode-check-20260925T090136-348595/provenance/external_px4_tracked.diff,4198,d492bca20bd947a3d24c6657197d3cb84baf534a069825df5d320ff6139758b7,file
short_stale_420,external-mode-check-20260925T090136-348595,d9ab33c3e2321ac60794da4128863bc7933458ea,5d6bfbdcea29d19d370267cba4667700cee73958,c3bb8eb5d33a56e9ea2fa286d0226e37b4aa053dee281705a4f5f541da32858b,deaff86ee335dd697677bcfc2415a23878e1b895,b69d990830625c54de458282ff109286c5a35597680675bcad0a163ea8640edc,fae0da26aa63dc6a098e6101d99393047746a0be61a173c047984b54201e4bbc,/home/letandat/Dev/uav-navigation/.artifacts/runtime/external-mode-check-20260925T090136-348595/px4_mid360_control_bridge.yaml,826,95ac61d0e953ba8f1e2e23484508a29c4ebd5e7bc780bd27acc25932256f6ffe,file
short_stale_420,external-mode-check-20260925T090136-348595,d9ab33c3e2321ac60794da4128863bc7933458ea,5d6bfbdcea29d19d370267cba4667700cee73958,c3bb8eb5d33a56e9ea2fa286d0226e37b4aa053dee281705a4f5f541da32858b,deaff86ee335dd697677bcfc2415a23878e1b895,b69d990830625c54de458282ff109286c5a35597680675bcad0a163ea8640edc,fae0da26aa63dc6a098e6101d99393047746a0be61a173c047984b54201e4bbc,/home/letandat/Dev/uav-navigation/.artifacts/runtime/external-mode-check-20260925T090136-348595/px4_mid360_lidar_bridge.yaml,801,f7b49215915e60ef55d2ba83dec139443a3da7721971808d7673e3586333bce6,file
short_stale_420,external-mode-check-20260925T090136-348595,d9ab33c3e2321ac60794da4128863bc7933458ea,5d6bfbdcea29d19d370267cba4667700cee73958,c3bb8eb5d33a56e9ea2fa286d0226e37b4aa053dee281705a4f5f541da32858b,deaff86ee335dd697677bcfc2415a23878e1b895,b69d990830625c54de458282ff109286c5a35597680675bcad0a163ea8640edc,fae0da26aa63dc6a098e6101d99393047746a0be61a173c047984b54201e4bbc,/home/letandat/Dev/uav-navigation/.artifacts/runtime/external-mode-check-20260925T090136-348595/report.json,43911067,61a4c58c3d8b0d88f40b8751f14a1918b762857f03305804828443535b0d89e5,file
short_stale_420,external-mode-check-20260925T090136-348595,d9ab33c3e2321ac60794da4128863bc7933458ea,5d6bfbdcea29d19d370267cba4667700cee73958,c3bb8eb5d33a56e9ea2fa286d0226e37b4aa053dee281705a4f5f541da32858b,deaff86ee335dd697677bcfc2415a23878e1b895,b69d990830625c54de458282ff109286c5a35597680675bcad0a163ea8640edc,fae0da26aa63dc6a098e6101d99393047746a0be61a173c047984b54201e4bbc,/home/letandat/Dev/uav-navigation/.artifacts/runtime/external-mode-check-20260925T090136-348595/resolved_long_featured.sdf,10967,cb40ad74ddeada92570d33c648387af4ba46282ba823675a6e438df1952ed3c8,file
short_stale_420,external-mode-check-20260925T090136-348595,d9ab33c3e2321ac60794da4128863bc7933458ea,5d6bfbdcea29d19d370267cba4667700cee73958,c3bb8eb5d33a56e9ea2fa286d0226e37b4aa053dee281705a4f5f541da32858b,deaff86ee335dd697677bcfc2415a23878e1b895,b69d990830625c54de458282ff109286c5a35597680675bcad0a163ea8640edc,fae0da26aa63dc6a098e6101d99393047746a0be61a173c047984b54201e4bbc,/home/letandat/Dev/uav-navigation/.artifacts/runtime/external-mode-check-20260925T090136-348595/resolved_mission.yaml,892,e1490f004ad6b2feb89253e2aee90581d53cd30ad3793f9e36f1a9afa44a7152,file
short_stale_420,external-mode-check-20260925T090136-348595,d9ab33c3e2321ac60794da4128863bc7933458ea,5d6bfbdcea29d19d370267cba4667700cee73958,c3bb8eb5d33a56e9ea2fa286d0226e37b4aa053dee281705a4f5f541da32858b,deaff86ee335dd697677bcfc2415a23878e1b895,b69d990830625c54de458282ff109286c5a35597680675bcad0a163ea8640edc,fae0da26aa63dc6a098e6101d99393047746a0be61a173c047984b54201e4bbc,/home/letandat/Dev/uav-navigation/.artifacts/runtime/external-mode-check-20260925T090136-348595/rosbag/metadata.yaml,19373,6cf584927281eabe860e0c374d3f20e5a2bf3927f7f29ef1634ea3b71f588182,file
short_stale_420,external-mode-check-20260925T090136-348595,d9ab33c3e2321ac60794da4128863bc7933458ea,5d6bfbdcea29d19d370267cba4667700cee73958,c3bb8eb5d33a56e9ea2fa286d0226e37b4aa053dee281705a4f5f541da32858b,deaff86ee335dd697677bcfc2415a23878e1b895,b69d990830625c54de458282ff109286c5a35597680675bcad0a163ea8640edc,fae0da26aa63dc6a098e6101d99393047746a0be61a173c047984b54201e4bbc,/home/letandat/Dev/uav-navigation/.artifacts/runtime/external-mode-check-20260925T090136-348595/rosbag/rosbag_0.db3,750292992,cad1f179ff24bbdc46b7b3f93d4b3322272c1ed9b549fe61bdd81e319b52906c,file
short_stale_420,external-mode-check-20260925T090136-348595,d9ab33c3e2321ac60794da4128863bc7933458ea,5d6bfbdcea29d19d370267cba4667700cee73958,c3bb8eb5d33a56e9ea2fa286d0226e37b4aa053dee281705a4f5f541da32858b,deaff86ee335dd697677bcfc2415a23878e1b895,b69d990830625c54de458282ff109286c5a35597680675bcad0a163ea8640edc,fae0da26aa63dc6a098e6101d99393047746a0be61a173c047984b54201e4bbc,/home/letandat/Dev/uav-navigation/.artifacts/runtime/external-mode-check-20260925T090136-348595/runtime.json,248054,f8062c0da0403c3a81f1515087d31d5130f8b30062d1766522337c646675a63d,file
short_stale_420,external-mode-check-20260925T090136-348595,d9ab33c3e2321ac60794da4128863bc7933458ea,5d6bfbdcea29d19d370267cba4667700cee73958,c3bb8eb5d33a56e9ea2fa286d0226e37b4aa053dee281705a4f5f541da32858b,deaff86ee335dd697677bcfc2415a23878e1b895,b69d990830625c54de458282ff109286c5a35597680675bcad0a163ea8640edc,fae0da26aa63dc6a098e6101d99393047746a0be61a173c047984b54201e4bbc,/home/letandat/Dev/uav-navigation/.artifacts/runtime/external-mode-check-20260925T090136-348595/samples.jsonl,91705237,1fe6f8e1183e57e2c47dbc2c83411a6ce7ecad1d6efd6a2c590eabe311304790,file
short_stale_420,external-mode-check-20260925T090136-348595,d9ab33c3e2321ac60794da4128863bc7933458ea,5d6bfbdcea29d19d370267cba4667700cee73958,c3bb8eb5d33a56e9ea2fa286d0226e37b4aa053dee281705a4f5f541da32858b,deaff86ee335dd697677bcfc2415a23878e1b895,b69d990830625c54de458282ff109286c5a35597680675bcad0a163ea8640edc,fae0da26aa63dc6a098e6101d99393047746a0be61a173c047984b54201e4bbc,/home/letandat/Dev/uav-navigation/.artifacts/runtime/external-mode-check-20260925T090136-348595/scenario.json,1628411,2e099404cd0fd555b1018734d1a6b170db9b537615413cb5b1847bc9453fa100,file
short_stale_420,external-mode-check-20260925T090136-348595,d9ab33c3e2321ac60794da4128863bc7933458ea,5d6bfbdcea29d19d370267cba4667700cee73958,c3bb8eb5d33a56e9ea2fa286d0226e37b4aa053dee281705a4f5f541da32858b,deaff86ee335dd697677bcfc2415a23878e1b895,b69d990830625c54de458282ff109286c5a35597680675bcad0a163ea8640edc,fae0da26aa63dc6a098e6101d99393047746a0be61a173c047984b54201e4bbc,/home/letandat/Dev/uav-navigation/.artifacts/runtime/external-mode-check-20260925T090136-348595/scenario.jsonl,56580963,911f97a4fa2569d06a3042094571c34002cd7b512750fd4dbe3433825e2ddb1f,file
short_stale_420,external-mode-check-20260925T090136-348595,d9ab33c3e2321ac60794da4128863bc7933458ea,5d6bfbdcea29d19d370267cba4667700cee73958,c3bb8eb5d33a56e9ea2fa286d0226e37b4aa053dee281705a4f5f541da32858b,deaff86ee335dd697677bcfc2415a23878e1b895,b69d990830625c54de458282ff109286c5a35597680675bcad0a163ea8640edc,fae0da26aa63dc6a098e6101d99393047746a0be61a173c047984b54201e4bbc,/home/letandat/Dev/uav-navigation/.artifacts/runtime/external-mode-check-20260925T090136-348595/scenario_config.yaml,9137,fae0da26aa63dc6a098e6101d99393047746a0be61a173c047984b54201e4bbc,file
short_stale_420,external-mode-check-20260925T090136-348595,d9ab33c3e2321ac60794da4128863bc7933458ea,5d6bfbdcea29d19d370267cba4667700cee73958,c3bb8eb5d33a56e9ea2fa286d0226e37b4aa053dee281705a4f5f541da32858b,deaff86ee335dd697677bcfc2415a23878e1b895,b69d990830625c54de458282ff109286c5a35597680675bcad0a163ea8640edc,fae0da26aa63dc6a098e6101d99393047746a0be61a173c047984b54201e4bbc,/home/letandat/Dev/uav-navigation/.artifacts/runtime/external-mode-check-20260925T090136-348595/state.json,1377,6872f4a878ba23c9f7bdc00d6fe7868697590e32aef655d9253fe7f5ea773a0b,file
short_stale_420,external-mode-check-20260925T090136-348595,d9ab33c3e2321ac60794da4128863bc7933458ea,5d6bfbdcea29d19d370267cba4667700cee73958,c3bb8eb5d33a56e9ea2fa286d0226e37b4aa053dee281705a4f5f541da32858b,deaff86ee335dd697677bcfc2415a23878e1b895,b69d990830625c54de458282ff109286c5a35597680675bcad0a163ea8640edc,fae0da26aa63dc6a098e6101d99393047746a0be61a173c047984b54201e4bbc,/home/letandat/Dev/uav-navigation/.artifacts/runtime/external-mode-check-20260925T090136-348595/world_observation_gate.jsonl,8184,a3f1ff2d1eef37e56a85a1296e3cb85fb32f30dae56e57d3f473dec06d1d776b,file
short_stale_430,external-mode-check-20260925T091243-356218,d9ab33c3e2321ac60794da4128863bc7933458ea,5d6bfbdcea29d19d370267cba4667700cee73958,d87cdabb103084659a30a3f166adb46d3151ba0fcbfcca48d6a03922adb44f76,deaff86ee335dd697677bcfc2415a23878e1b895,b69d990830625c54de458282ff109286c5a35597680675bcad0a163ea8640edc,f1d2987baa51ee6b14212d82e62570eabc08ef63d87275f13542706383e9f0f8,/home/letandat/Dev/uav-navigation/.artifacts/runtime/external-mode-check-20260925T091243-356218/REPORT.html,2375298,8eaa8d3224f268591204e02daefd0a2dd946c88cfaf4c7d594717512c7dd93ca,file
short_stale_430,external-mode-check-20260925T091243-356218,d9ab33c3e2321ac60794da4128863bc7933458ea,5d6bfbdcea29d19d370267cba4667700cee73958,d87cdabb103084659a30a3f166adb46d3151ba0fcbfcca48d6a03922adb44f76,deaff86ee335dd697677bcfc2415a23878e1b895,b69d990830625c54de458282ff109286c5a35597680675bcad0a163ea8640edc,f1d2987baa51ee6b14212d82e62570eabc08ef63d87275f13542706383e9f0f8,/home/letandat/Dev/uav-navigation/.artifacts/runtime/external-mode-check-20260925T091243-356218/benchmark_metrics.json,16353,37a4bf6dec0dfc1ea202a47c3726f8aeb3ed58bf2228a8ffc635af15a87621d5,file
short_stale_430,external-mode-check-20260925T091243-356218,d9ab33c3e2321ac60794da4128863bc7933458ea,5d6bfbdcea29d19d370267cba4667700cee73958,d87cdabb103084659a30a3f166adb46d3151ba0fcbfcca48d6a03922adb44f76,deaff86ee335dd697677bcfc2415a23878e1b895,b69d990830625c54de458282ff109286c5a35597680675bcad0a163ea8640edc,f1d2987baa51ee6b14212d82e62570eabc08ef63d87275f13542706383e9f0f8,/home/letandat/Dev/uav-navigation/.artifacts/runtime/external-mode-check-20260925T091243-356218/config_snapshot/external_mode.yaml,948,c6b68c172a2214facc1ab51ea88de472d2a237e2d33a1e877c09b6f85231567b,file
short_stale_430,external-mode-check-20260925T091243-356218,d9ab33c3e2321ac60794da4128863bc7933458ea,5d6bfbdcea29d19d370267cba4667700cee73958,d87cdabb103084659a30a3f166adb46d3151ba0fcbfcca48d6a03922adb44f76,deaff86ee335dd697677bcfc2415a23878e1b895,b69d990830625c54de458282ff109286c5a35597680675bcad0a163ea8640edc,f1d2987baa51ee6b14212d82e62570eabc08ef63d87275f13542706383e9f0f8,/home/letandat/Dev/uav-navigation/.artifacts/runtime/external-mode-check-20260925T091243-356218/config_snapshot/external_mode_params.yaml,504,8da6681cef5e6c96ffbab7b48fb638fd0dd630576778b600a09b575ac2a7c143,file
short_stale_430,external-mode-check-20260925T091243-356218,d9ab33c3e2321ac60794da4128863bc7933458ea,5d6bfbdcea29d19d370267cba4667700cee73958,d87cdabb103084659a30a3f166adb46d3151ba0fcbfcca48d6a03922adb44f76,deaff86ee335dd697677bcfc2415a23878e1b895,b69d990830625c54de458282ff109286c5a35597680675bcad0a163ea8640edc,f1d2987baa51ee6b14212d82e62570eabc08ef63d87275f13542706383e9f0f8,/home/letandat/Dev/uav-navigation/.artifacts/runtime/external-mode-check-20260925T091243-356218/config_snapshot/mapping.yaml,915,65a8e5582576157660df8c13cd084c199679a07832564214d63d1e22d842126b,file
short_stale_430,external-mode-check-20260925T091243-356218,d9ab33c3e2321ac60794da4128863bc7933458ea,5d6bfbdcea29d19d370267cba4667700cee73958,d87cdabb103084659a30a3f166adb46d3151ba0fcbfcca48d6a03922adb44f76,deaff86ee335dd697677bcfc2415a23878e1b895,b69d990830625c54de458282ff109286c5a35597680675bcad0a163ea8640edc,f1d2987baa51ee6b14212d82e62570eabc08ef63d87275f13542706383e9f0f8,/home/letandat/Dev/uav-navigation/.artifacts/runtime/external-mode-check-20260925T091243-356218/config_snapshot/mission.yaml,892,e1490f004ad6b2feb89253e2aee90581d53cd30ad3793f9e36f1a9afa44a7152,file
short_stale_430,external-mode-check-20260925T091243-356218,d9ab33c3e2321ac60794da4128863bc7933458ea,5d6bfbdcea29d19d370267cba4667700cee73958,d87cdabb103084659a30a3f166adb46d3151ba0fcbfcca48d6a03922adb44f76,deaff86ee335dd697677bcfc2415a23878e1b895,b69d990830625c54de458282ff109286c5a35597680675bcad0a163ea8640edc,f1d2987baa51ee6b14212d82e62570eabc08ef63d87275f13542706383e9f0f8,/home/letandat/Dev/uav-navigation/.artifacts/runtime/external-mode-check-20260925T091243-356218/config_snapshot/navigation_runtime_params.yaml,1134,c2cac560e650be7d8e3b78a1e93ee4dcdde2858189965e793bafd71f105cfb06,file
short_stale_430,external-mode-check-20260925T091243-356218,d9ab33c3e2321ac60794da4128863bc7933458ea,5d6bfbdcea29d19d370267cba4667700cee73958,d87cdabb103084659a30a3f166adb46d3151ba0fcbfcca48d6a03922adb44f76,deaff86ee335dd697677bcfc2415a23878e1b895,b69d990830625c54de458282ff109286c5a35597680675bcad0a163ea8640edc,f1d2987baa51ee6b14212d82e62570eabc08ef63d87275f13542706383e9f0f8,/home/letandat/Dev/uav-navigation/.artifacts/runtime/external-mode-check-20260925T091243-356218/config_snapshot/planner.yaml,3448,6480ff9679e20c3d5f9f5a38efbe7702d9ca98e66c454299019b423d5d298356,file
short_stale_430,external-mode-check-20260925T091243-356218,d9ab33c3e2321ac60794da4128863bc7933458ea,5d6bfbdcea29d19d370267cba4667700cee73958,d87cdabb103084659a30a3f166adb46d3151ba0fcbfcca48d6a03922adb44f76,deaff86ee335dd697677bcfc2415a23878e1b895,b69d990830625c54de458282ff109286c5a35597680675bcad0a163ea8640edc,f1d2987baa51ee6b14212d82e62570eabc08ef63d87275f13542706383e9f0f8,/home/letandat/Dev/uav-navigation/.artifacts/runtime/external-mode-check-20260925T091243-356218/config_snapshot/scenario_config.yaml,9137,f1d2987baa51ee6b14212d82e62570eabc08ef63d87275f13542706383e9f0f8,file
short_stale_430,external-mode-check-20260925T091243-356218,d9ab33c3e2321ac60794da4128863bc7933458ea,5d6bfbdcea29d19d370267cba4667700cee73958,d87cdabb103084659a30a3f166adb46d3151ba0fcbfcca48d6a03922adb44f76,deaff86ee335dd697677bcfc2415a23878e1b895,b69d990830625c54de458282ff109286c5a35597680675bcad0a163ea8640edc,f1d2987baa51ee6b14212d82e62570eabc08ef63d87275f13542706383e9f0f8,/home/letandat/Dev/uav-navigation/.artifacts/runtime/external-mode-check-20260925T091243-356218/config_snapshot/sim.yaml,3386,7a10d650dadf12198afe27e9844d2a0d1ccfeaf2fcdb084643a5459f653380bd,file
short_stale_430,external-mode-check-20260925T091243-356218,d9ab33c3e2321ac60794da4128863bc7933458ea,5d6bfbdcea29d19d370267cba4667700cee73958,d87cdabb103084659a30a3f166adb46d3151ba0fcbfcca48d6a03922adb44f76,deaff86ee335dd697677bcfc2415a23878e1b895,b69d990830625c54de458282ff109286c5a35597680675bcad0a163ea8640edc,f1d2987baa51ee6b14212d82e62570eabc08ef63d87275f13542706383e9f0f8,/home/letandat/Dev/uav-navigation/.artifacts/runtime/external-mode-check-20260925T091243-356218/execution_timeline.jsonl,36063372,66c785caeb6dfca61d2641549fddb45555b94de1bf9e9166d8e51da2273f81da,file
short_stale_430,external-mode-check-20260925T091243-356218,d9ab33c3e2321ac60794da4128863bc7933458ea,5d6bfbdcea29d19d370267cba4667700cee73958,d87cdabb103084659a30a3f166adb46d3151ba0fcbfcca48d6a03922adb44f76,deaff86ee335dd697677bcfc2415a23878e1b895,b69d990830625c54de458282ff109286c5a35597680675bcad0a163ea8640edc,f1d2987baa51ee6b14212d82e62570eabc08ef63d87275f13542706383e9f0f8,/home/letandat/Dev/uav-navigation/.artifacts/runtime/external-mode-check-20260925T091243-356218/external_mode_params.yaml,504,8da6681cef5e6c96ffbab7b48fb638fd0dd630576778b600a09b575ac2a7c143,file
short_stale_430,external-mode-check-20260925T091243-356218,d9ab33c3e2321ac60794da4128863bc7933458ea,5d6bfbdcea29d19d370267cba4667700cee73958,d87cdabb103084659a30a3f166adb46d3151ba0fcbfcca48d6a03922adb44f76,deaff86ee335dd697677bcfc2415a23878e1b895,b69d990830625c54de458282ff109286c5a35597680675bcad0a163ea8640edc,f1d2987baa51ee6b14212d82e62570eabc08ef63d87275f13542706383e9f0f8,/home/letandat/Dev/uav-navigation/.artifacts/runtime/external-mode-check-20260925T091243-356218/fast_lio_params.yaml,2791,457c4b660fd772ca199ceeaa70e3cdd1e1134aaa615d971cd0c330f3a146ccee,file
short_stale_430,external-mode-check-20260925T091243-356218,d9ab33c3e2321ac60794da4128863bc7933458ea,5d6bfbdcea29d19d370267cba4667700cee73958,d87cdabb103084659a30a3f166adb46d3151ba0fcbfcca48d6a03922adb44f76,deaff86ee335dd697677bcfc2415a23878e1b895,b69d990830625c54de458282ff109286c5a35597680675bcad0a163ea8640edc,f1d2987baa51ee6b14212d82e62570eabc08ef63d87275f13542706383e9f0f8,/home/letandat/Dev/uav-navigation/.artifacts/runtime/external-mode-check-20260925T091243-356218/logs/2026-09-25-16-12-53-997211-letandat-Legion-5-Pro-16IAH7H-358385/launch.log,1086,4ebdf1b44e6f63cd9511fcb901ea956a676f782ca617072349e638892f0cdf95,file
short_stale_430,external-mode-check-20260925T091243-356218,d9ab33c3e2321ac60794da4128863bc7933458ea,5d6bfbdcea29d19d370267cba4667700cee73958,d87cdabb103084659a30a3f166adb46d3151ba0fcbfcca48d6a03922adb44f76,deaff86ee335dd697677bcfc2415a23878e1b895,b69d990830625c54de458282ff109286c5a35597680675bcad0a163ea8640edc,f1d2987baa51ee6b14212d82e62570eabc08ef63d87275f13542706383e9f0f8,/home/letandat/Dev/uav-navigation/.artifacts/runtime/external-mode-check-20260925T091243-356218/logs/2026-09-25-16-12-55-328750-letandat-Legion-5-Pro-16IAH7H-358682/launch.log,1639,41c5352b456321f0e53712c0a5de81bf646e7a16c6f6d0e72a23e45cd6ecb803,file
short_stale_430,external-mode-check-20260925T091243-356218,d9ab33c3e2321ac60794da4128863bc7933458ea,5d6bfbdcea29d19d370267cba4667700cee73958,d87cdabb103084659a30a3f166adb46d3151ba0fcbfcca48d6a03922adb44f76,deaff86ee335dd697677bcfc2415a23878e1b895,b69d990830625c54de458282ff109286c5a35597680675bcad0a163ea8640edc,f1d2987baa51ee6b14212d82e62570eabc08ef63d87275f13542706383e9f0f8,/home/letandat/Dev/uav-navigation/.artifacts/runtime/external-mode-check-20260925T091243-356218/logs/2026-09-25-16-12-58-949602-letandat-Legion-5-Pro-16IAH7H-358949/launch.log,731,f78b0d950fff56008166cc86407fb09ae5ca841cc619a4035e19f42def13d881,file
short_stale_430,external-mode-check-20260925T091243-356218,d9ab33c3e2321ac60794da4128863bc7933458ea,5d6bfbdcea29d19d370267cba4667700cee73958,d87cdabb103084659a30a3f166adb46d3151ba0fcbfcca48d6a03922adb44f76,deaff86ee335dd697677bcfc2415a23878e1b895,b69d990830625c54de458282ff109286c5a35597680675bcad0a163ea8640edc,f1d2987baa51ee6b14212d82e62570eabc08ef63d87275f13542706383e9f0f8,/home/letandat/Dev/uav-navigation/.artifacts/runtime/external-mode-check-20260925T091243-356218/logs/bridge.log,632,b5057e12753b66d835cb82c6584ab525764af71288ea26be3ab6e7a9e161fa1a,file
short_stale_430,external-mode-check-20260925T091243-356218,d9ab33c3e2321ac60794da4128863bc7933458ea,5d6bfbdcea29d19d370267cba4667700cee73958,d87cdabb103084659a30a3f166adb46d3151ba0fcbfcca48d6a03922adb44f76,deaff86ee335dd697677bcfc2415a23878e1b895,b69d990830625c54de458282ff109286c5a35597680675bcad0a163ea8640edc,f1d2987baa51ee6b14212d82e62570eabc08ef63d87275f13542706383e9f0f8,/home/letandat/Dev/uav-navigation/.artifacts/runtime/external-mode-check-20260925T091243-356218/logs/bridge_lidar.log,2133,465ceda8febdd3e4f13c7116233da04f6d8aef652ca938feb9a753397af40788,file
short_stale_430,external-mode-check-20260925T091243-356218,d9ab33c3e2321ac60794da4128863bc7933458ea,5d6bfbdcea29d19d370267cba4667700cee73958,d87cdabb103084659a30a3f166adb46d3151ba0fcbfcca48d6a03922adb44f76,deaff86ee335dd697677bcfc2415a23878e1b895,b69d990830625c54de458282ff109286c5a35597680675bcad0a163ea8640edc,f1d2987baa51ee6b14212d82e62570eabc08ef63d87275f13542706383e9f0f8,/home/letandat/Dev/uav-navigation/.artifacts/runtime/external-mode-check-20260925T091243-356218/logs/external_mode.log,28918,7f881a8ee22e963064f97752060e07c1111a358cc4b35c58bb30db22b7e8e47f,file
short_stale_430,external-mode-check-20260925T091243-356218,d9ab33c3e2321ac60794da4128863bc7933458ea,5d6bfbdcea29d19d370267cba4667700cee73958,d87cdabb103084659a30a3f166adb46d3151ba0fcbfcca48d6a03922adb44f76,deaff86ee335dd697677bcfc2415a23878e1b895,b69d990830625c54de458282ff109286c5a35597680675bcad0a163ea8640edc,f1d2987baa51ee6b14212d82e62570eabc08ef63d87275f13542706383e9f0f8,/home/letandat/Dev/uav-navigation/.artifacts/runtime/external-mode-check-20260925T091243-356218/logs/external_mode_scenario.log,238,bbd5b991076a29d86b76d8e38bb2715c5273fc06c98e3d02727c0babdd0091b4,file
short_stale_430,external-mode-check-20260925T091243-356218,d9ab33c3e2321ac60794da4128863bc7933458ea,5d6bfbdcea29d19d370267cba4667700cee73958,d87cdabb103084659a30a3f166adb46d3151ba0fcbfcca48d6a03922adb44f76,deaff86ee335dd697677bcfc2415a23878e1b895,b69d990830625c54de458282ff109286c5a35597680675bcad0a163ea8640edc,f1d2987baa51ee6b14212d82e62570eabc08ef63d87275f13542706383e9f0f8,/home/letandat/Dev/uav-navigation/.artifacts/runtime/external-mode-check-20260925T091243-356218/logs/fast_lio_node_358705_1790327575468.log,458,ec329e2811db050297eb8c904a2f1e58044b195758936acf8dfc3f74a1deadab,file
short_stale_430,external-mode-check-20260925T091243-356218,d9ab33c3e2321ac60794da4128863bc7933458ea,5d6bfbdcea29d19d370267cba4667700cee73958,d87cdabb103084659a30a3f166adb46d3151ba0fcbfcca48d6a03922adb44f76,deaff86ee335dd697677bcfc2415a23878e1b895,b69d990830625c54de458282ff109286c5a35597680675bcad0a163ea8640edc,f1d2987baa51ee6b14212d82e62570eabc08ef63d87275f13542706383e9f0f8,/home/letandat/Dev/uav-navigation/.artifacts/runtime/external-mode-check-20260925T091243-356218/logs/gazebo.log,2558,729b16ae715828c8c9d8102f141b90622c21519830d1e3755195463fbc7833ea,file
short_stale_430,external-mode-check-20260925T091243-356218,d9ab33c3e2321ac60794da4128863bc7933458ea,5d6bfbdcea29d19d370267cba4667700cee73958,d87cdabb103084659a30a3f166adb46d3151ba0fcbfcca48d6a03922adb44f76,deaff86ee335dd697677bcfc2415a23878e1b895,b69d990830625c54de458282ff109286c5a35597680675bcad0a163ea8640edc,f1d2987baa51ee6b14212d82e62570eabc08ef63d87275f13542706383e9f0f8,/home/letandat/Dev/uav-navigation/.artifacts/runtime/external-mode-check-20260925T091243-356218/logs/gz_lidar_bridge_358576_1790327573973.log,1947,0022001e9f14272137a0d6f308560f644199772891b3ff66c442ee8f96d197a1,file
short_stale_430,external-mode-check-20260925T091243-356218,d9ab33c3e2321ac60794da4128863bc7933458ea,5d6bfbdcea29d19d370267cba4667700cee73958,d87cdabb103084659a30a3f166adb46d3151ba0fcbfcca48d6a03922adb44f76,deaff86ee335dd697677bcfc2415a23878e1b895,b69d990830625c54de458282ff109286c5a35597680675bcad0a163ea8640edc,f1d2987baa51ee6b14212d82e62570eabc08ef63d87275f13542706383e9f0f8,/home/letandat/Dev/uav-navigation/.artifacts/runtime/external-mode-check-20260925T091243-356218/logs/gz_visibility_bridge_358567_1790327573946.log,71,4f9cd9f0ad69551dbc6efe99fddf9bd6aff219da2b89dfed5928bf43060f84ea,file
short_stale_430,external-mode-check-20260925T091243-356218,d9ab33c3e2321ac60794da4128863bc7933458ea,5d6bfbdcea29d19d370267cba4667700cee73958,d87cdabb103084659a30a3f166adb46d3151ba0fcbfcca48d6a03922adb44f76,deaff86ee335dd697677bcfc2415a23878e1b895,b69d990830625c54de458282ff109286c5a35597680675bcad0a163ea8640edc,f1d2987baa51ee6b14212d82e62570eabc08ef63d87275f13542706383e9f0f8,/home/letandat/Dev/uav-navigation/.artifacts/runtime/external-mode-check-20260925T091243-356218/logs/lio.log,3771,7e0e7dd3d5619985c9057b44826a951b6ff4f465d751bb968a1b08d73e5044a2,file
short_stale_430,external-mode-check-20260925T091243-356218,d9ab33c3e2321ac60794da4128863bc7933458ea,5d6bfbdcea29d19d370267cba4667700cee73958,d87cdabb103084659a30a3f166adb46d3151ba0fcbfcca48d6a03922adb44f76,deaff86ee335dd697677bcfc2415a23878e1b895,b69d990830625c54de458282ff109286c5a35597680675bcad0a163ea8640edc,f1d2987baa51ee6b14212d82e62570eabc08ef63d87275f13542706383e9f0f8,/home/letandat/Dev/uav-navigation/.artifacts/runtime/external-mode-check-20260925T091243-356218/logs/mapping.log,103221,bde1a8aae84c6e957a8acbccf0e38e6b0f9bc71845779dcd4d04356bcffe9d5b,file
short_stale_430,external-mode-check-20260925T091243-356218,d9ab33c3e2321ac60794da4128863bc7933458ea,5d6bfbdcea29d19d370267cba4667700cee73958,d87cdabb103084659a30a3f166adb46d3151ba0fcbfcca48d6a03922adb44f76,deaff86ee335dd697677bcfc2415a23878e1b895,b69d990830625c54de458282ff109286c5a35597680675bcad0a163ea8640edc,f1d2987baa51ee6b14212d82e62570eabc08ef63d87275f13542706383e9f0f8,/home/letandat/Dev/uav-navigation/.artifacts/runtime/external-mode-check-20260925T091243-356218/logs/monitor.log,0,e3b0c44298fc1c149afbf4c8996fb92427ae41e4649b934ca495991b7852b855,file
short_stale_430,external-mode-check-20260925T091243-356218,d9ab33c3e2321ac60794da4128863bc7933458ea,5d6bfbdcea29d19d370267cba4667700cee73958,d87cdabb103084659a30a3f166adb46d3151ba0fcbfcca48d6a03922adb44f76,deaff86ee335dd697677bcfc2415a23878e1b895,b69d990830625c54de458282ff109286c5a35597680675bcad0a163ea8640edc,f1d2987baa51ee6b14212d82e62570eabc08ef63d87275f13542706383e9f0f8,/home/letandat/Dev/uav-navigation/.artifacts/runtime/external-mode-check-20260925T091243-356218/logs/navigation_runtime_node_358646_1790327574111.log,47400,4a4e4927039689b6f45f6d9c25d0cd763cc2365a3f426dd682c0925f80c59a61,file
short_stale_430,external-mode-check-20260925T091243-356218,d9ab33c3e2321ac60794da4128863bc7933458ea,5d6bfbdcea29d19d370267cba4667700cee73958,d87cdabb103084659a30a3f166adb46d3151ba0fcbfcca48d6a03922adb44f76,deaff86ee335dd697677bcfc2415a23878e1b895,b69d990830625c54de458282ff109286c5a35597680675bcad0a163ea8640edc,f1d2987baa51ee6b14212d82e62570eabc08ef63d87275f13542706383e9f0f8,/home/letandat/Dev/uav-navigation/.artifacts/runtime/external-mode-check-20260925T091243-356218/logs/parameter_bridge_358552_1790327573913.log,632,b5057e12753b66d835cb82c6584ab525764af71288ea26be3ab6e7a9e161fa1a,file
short_stale_430,external-mode-check-20260925T091243-356218,d9ab33c3e2321ac60794da4128863bc7933458ea,5d6bfbdcea29d19d370267cba4667700cee73958,d87cdabb103084659a30a3f166adb46d3151ba0fcbfcca48d6a03922adb44f76,deaff86ee335dd697677bcfc2415a23878e1b895,b69d990830625c54de458282ff109286c5a35597680675bcad0a163ea8640edc,f1d2987baa51ee6b14212d82e62570eabc08ef63d87275f13542706383e9f0f8,/home/letandat/Dev/uav-navigation/.artifacts/runtime/external-mode-check-20260925T091243-356218/logs/px4_gazebo.log,9054,e42e4604cf5748ed7e3c1a5a643c323a7ffdc37062e3da19c6f43581fc987c10,file
short_stale_430,external-mode-check-20260925T091243-356218,d9ab33c3e2321ac60794da4128863bc7933458ea,5d6bfbdcea29d19d370267cba4667700cee73958,d87cdabb103084659a30a3f166adb46d3151ba0fcbfcca48d6a03922adb44f76,deaff86ee335dd697677bcfc2415a23878e1b895,b69d990830625c54de458282ff109286c5a35597680675bcad0a163ea8640edc,f1d2987baa51ee6b14212d82e62570eabc08ef63d87275f13542706383e9f0f8,/home/letandat/Dev/uav-navigation/.artifacts/runtime/external-mode-check-20260925T091243-356218/logs/px4_ingress.log,71,013c9b5c66d72c597616f509a7cfa7d590832167baf056c695ff437113c66033,file
short_stale_430,external-mode-check-20260925T091243-356218,d9ab33c3e2321ac60794da4128863bc7933458ea,5d6bfbdcea29d19d370267cba4667700cee73958,d87cdabb103084659a30a3f166adb46d3151ba0fcbfcca48d6a03922adb44f76,deaff86ee335dd697677bcfc2415a23878e1b895,b69d990830625c54de458282ff109286c5a35597680675bcad0a163ea8640edc,f1d2987baa51ee6b14212d82e62570eabc08ef63d87275f13542706383e9f0f8,/home/letandat/Dev/uav-navigation/.artifacts/runtime/external-mode-check-20260925T091243-356218/logs/px4_navigation_external_mode_node_358990_1790327579042.log,25417,10d936fc6847f643ae0b7844fac23df9df469df8a8d58c85b00314fa97edb0f6,file
short_stale_430,external-mode-check-20260925T091243-356218,d9ab33c3e2321ac60794da4128863bc7933458ea,5d6bfbdcea29d19d370267cba4667700cee73958,d87cdabb103084659a30a3f166adb46d3151ba0fcbfcca48d6a03922adb44f76,deaff86ee335dd697677bcfc2415a23878e1b895,b69d990830625c54de458282ff109286c5a35597680675bcad0a163ea8640edc,f1d2987baa51ee6b14212d82e62570eabc08ef63d87275f13542706383e9f0f8,/home/letandat/Dev/uav-navigation/.artifacts/runtime/external-mode-check-20260925T091243-356218/logs/px4_odometry_bridge_external_node_358706_1790327575467.log,1555,edba63674e142a03912ce015f90d74af875ac08734c81385abddcd9c5448bb04,file
short_stale_430,external-mode-check-20260925T091243-356218,d9ab33c3e2321ac60794da4128863bc7933458ea,5d6bfbdcea29d19d370267cba4667700cee73958,d87cdabb103084659a30a3f166adb46d3151ba0fcbfcca48d6a03922adb44f76,deaff86ee335dd697677bcfc2415a23878e1b895,b69d990830625c54de458282ff109286c5a35597680675bcad0a163ea8640edc,f1d2987baa51ee6b14212d82e62570eabc08ef63d87275f13542706383e9f0f8,/home/letandat/Dev/uav-navigation/.artifacts/runtime/external-mode-check-20260925T091243-356218/logs/px4_odometry_bridge_node_358593_1790327573993.log,71,013c9b5c66d72c597616f509a7cfa7d590832167baf056c695ff437113c66033,file
short_stale_430,external-mode-check-20260925T091243-356218,d9ab33c3e2321ac60794da4128863bc7933458ea,5d6bfbdcea29d19d370267cba4667700cee73958,d87cdabb103084659a30a3f166adb46d3151ba0fcbfcca48d6a03922adb44f76,deaff86ee335dd697677bcfc2415a23878e1b895,b69d990830625c54de458282ff109286c5a35597680675bcad0a163ea8640edc,f1d2987baa51ee6b14212d82e62570eabc08ef63d87275f13542706383e9f0f8,/home/letandat/Dev/uav-navigation/.artifacts/runtime/external-mode-check-20260925T091243-356218/logs/python3_358187_1790327569002.log,0,e3b0c44298fc1c149afbf4c8996fb92427ae41e4649b934ca495991b7852b855,file
short_stale_430,external-mode-check-20260925T091243-356218,d9ab33c3e2321ac60794da4128863bc7933458ea,5d6bfbdcea29d19d370267cba4667700cee73958,d87cdabb103084659a30a3f166adb46d3151ba0fcbfcca48d6a03922adb44f76,deaff86ee335dd697677bcfc2415a23878e1b895,b69d990830625c54de458282ff109286c5a35597680675bcad0a163ea8640edc,f1d2987baa51ee6b14212d82e62570eabc08ef63d87275f13542706383e9f0f8,/home/letandat/Dev/uav-navigation/.artifacts/runtime/external-mode-check-20260925T091243-356218/logs/python3_358365_1790327574089.log,4157,c69ec7c1e571450da03ef59fbb3d2f49a15f3411992677beb5a28c7b81654bcc,file
short_stale_430,external-mode-check-20260925T091243-356218,d9ab33c3e2321ac60794da4128863bc7933458ea,5d6bfbdcea29d19d370267cba4667700cee73958,d87cdabb103084659a30a3f166adb46d3151ba0fcbfcca48d6a03922adb44f76,deaff86ee335dd697677bcfc2415a23878e1b895,b69d990830625c54de458282ff109286c5a35597680675bcad0a163ea8640edc,f1d2987baa51ee6b14212d82e62570eabc08ef63d87275f13542706383e9f0f8,/home/letandat/Dev/uav-navigation/.artifacts/runtime/external-mode-check-20260925T091243-356218/logs/python3_358377_1790327574045.log,0,e3b0c44298fc1c149afbf4c8996fb92427ae41e4649b934ca495991b7852b855,file
short_stale_430,external-mode-check-20260925T091243-356218,d9ab33c3e2321ac60794da4128863bc7933458ea,5d6bfbdcea29d19d370267cba4667700cee73958,d87cdabb103084659a30a3f166adb46d3151ba0fcbfcca48d6a03922adb44f76,deaff86ee335dd697677bcfc2415a23878e1b895,b69d990830625c54de458282ff109286c5a35597680675bcad0a163ea8640edc,f1d2987baa51ee6b14212d82e62570eabc08ef63d87275f13542706383e9f0f8,/home/letandat/Dev/uav-navigation/.artifacts/runtime/external-mode-check-20260925T091243-356218/logs/python3_359252_1790327582244.log,238,bbd5b991076a29d86b76d8e38bb2715c5273fc06c98e3d02727c0babdd0091b4,file
short_stale_430,external-mode-check-20260925T091243-356218,d9ab33c3e2321ac60794da4128863bc7933458ea,5d6bfbdcea29d19d370267cba4667700cee73958,d87cdabb103084659a30a3f166adb46d3151ba0fcbfcca48d6a03922adb44f76,deaff86ee335dd697677bcfc2415a23878e1b895,b69d990830625c54de458282ff109286c5a35597680675bcad0a163ea8640edc,f1d2987baa51ee6b14212d82e62570eabc08ef63d87275f13542706383e9f0f8,/home/letandat/Dev/uav-navigation/.artifacts/runtime/external-mode-check-20260925T091243-356218/logs/robot_state_publisher_358704_1790327575465.log,144,feb1fee618fdac8eb6d7aa402bc5755b5ad0f61ce1adacdf6b66cab72baa4683,file
short_stale_430,external-mode-check-20260925T091243-356218,d9ab33c3e2321ac60794da4128863bc7933458ea,5d6bfbdcea29d19d370267cba4667700cee73958,d87cdabb103084659a30a3f166adb46d3151ba0fcbfcca48d6a03922adb44f76,deaff86ee335dd697677bcfc2415a23878e1b895,b69d990830625c54de458282ff109286c5a35597680675bcad0a163ea8640edc,f1d2987baa51ee6b14212d82e62570eabc08ef63d87275f13542706383e9f0f8,/home/letandat/Dev/uav-navigation/.artifacts/runtime/external-mode-check-20260925T091243-356218/logs/rosbag.log,4405,cf6670a9188dad355bab1d9b9e256e44a483ae43c58bd2f37e5a96c282743541,file
short_stale_430,external-mode-check-20260925T091243-356218,d9ab33c3e2321ac60794da4128863bc7933458ea,5d6bfbdcea29d19d370267cba4667700cee73958,d87cdabb103084659a30a3f166adb46d3151ba0fcbfcca48d6a03922adb44f76,deaff86ee335dd697677bcfc2415a23878e1b895,b69d990830625c54de458282ff109286c5a35597680675bcad0a163ea8640edc,f1d2987baa51ee6b14212d82e62570eabc08ef63d87275f13542706383e9f0f8,/home/letandat/Dev/uav-navigation/.artifacts/runtime/external-mode-check-20260925T091243-356218/logs/visibility_bridge.log,201,9baf9c10f8800a59686fed761ee8d818f239a20f9c903ab2f6007dd94fc6353d,file
short_stale_430,external-mode-check-20260925T091243-356218,d9ab33c3e2321ac60794da4128863bc7933458ea,5d6bfbdcea29d19d370267cba4667700cee73958,d87cdabb103084659a30a3f166adb46d3151ba0fcbfcca48d6a03922adb44f76,deaff86ee335dd697677bcfc2415a23878e1b895,b69d990830625c54de458282ff109286c5a35597680675bcad0a163ea8640edc,f1d2987baa51ee6b14212d82e62570eabc08ef63d87275f13542706383e9f0f8,/home/letandat/Dev/uav-navigation/.artifacts/runtime/external-mode-check-20260925T091243-356218/logs/world_observation_gate.log,906,8506531570d1e1661a59f23888bf89388850b8d62947c7b879200187a41e3129,file
short_stale_430,external-mode-check-20260925T091243-356218,d9ab33c3e2321ac60794da4128863bc7933458ea,5d6bfbdcea29d19d370267cba4667700cee73958,d87cdabb103084659a30a3f166adb46d3151ba0fcbfcca48d6a03922adb44f76,deaff86ee335dd697677bcfc2415a23878e1b895,b69d990830625c54de458282ff109286c5a35597680675bcad0a163ea8640edc,f1d2987baa51ee6b14212d82e62570eabc08ef63d87275f13542706383e9f0f8,/home/letandat/Dev/uav-navigation/.artifacts/runtime/external-mode-check-20260925T091243-356218/logs/xrce_agent.log,44051,1ff30e9377beba0a083802c4296908e07031768de16db366040fb5d1c7f99e4c,file
short_stale_430,external-mode-check-20260925T091243-356218,d9ab33c3e2321ac60794da4128863bc7933458ea,5d6bfbdcea29d19d370267cba4667700cee73958,d87cdabb103084659a30a3f166adb46d3151ba0fcbfcca48d6a03922adb44f76,deaff86ee335dd697677bcfc2415a23878e1b895,b69d990830625c54de458282ff109286c5a35597680675bcad0a163ea8640edc,f1d2987baa51ee6b14212d82e62570eabc08ef63d87275f13542706383e9f0f8,/home/letandat/Dev/uav-navigation/.artifacts/runtime/external-mode-check-20260925T091243-356218/map_descriptor.json,1643,f9d227ec743ac0d33a01b74957c1eb028818bb03de6adda449317a81e1a09279,file
short_stale_430,external-mode-check-20260925T091243-356218,d9ab33c3e2321ac60794da4128863bc7933458ea,5d6bfbdcea29d19d370267cba4667700cee73958,d87cdabb103084659a30a3f166adb46d3151ba0fcbfcca48d6a03922adb44f76,deaff86ee335dd697677bcfc2415a23878e1b895,b69d990830625c54de458282ff109286c5a35597680675bcad0a163ea8640edc,f1d2987baa51ee6b14212d82e62570eabc08ef63d87275f13542706383e9f0f8,/home/letandat/Dev/uav-navigation/.artifacts/runtime/external-mode-check-20260925T091243-356218/metadata.json,256290,a541745ef70832d6436e3e8b988adc31ab9869679abfb20146ccf1c480c42eac,file
short_stale_430,external-mode-check-20260925T091243-356218,d9ab33c3e2321ac60794da4128863bc7933458ea,5d6bfbdcea29d19d370267cba4667700cee73958,d87cdabb103084659a30a3f166adb46d3151ba0fcbfcca48d6a03922adb44f76,deaff86ee335dd697677bcfc2415a23878e1b895,b69d990830625c54de458282ff109286c5a35597680675bcad0a163ea8640edc,f1d2987baa51ee6b14212d82e62570eabc08ef63d87275f13542706383e9f0f8,/home/letandat/Dev/uav-navigation/.artifacts/runtime/external-mode-check-20260925T091243-356218/monitor.json,54741,a0d0a5821a6e3e53d639c7cb74782599b4689f922955f0d146edebfa39dcaf8d,file
short_stale_430,external-mode-check-20260925T091243-356218,d9ab33c3e2321ac60794da4128863bc7933458ea,5d6bfbdcea29d19d370267cba4667700cee73958,d87cdabb103084659a30a3f166adb46d3151ba0fcbfcca48d6a03922adb44f76,deaff86ee335dd697677bcfc2415a23878e1b895,b69d990830625c54de458282ff109286c5a35597680675bcad0a163ea8640edc,f1d2987baa51ee6b14212d82e62570eabc08ef63d87275f13542706383e9f0f8,/home/letandat/Dev/uav-navigation/.artifacts/runtime/external-mode-check-20260925T091243-356218/navigation_runtime_params.yaml,1134,c2cac560e650be7d8e3b78a1e93ee4dcdde2858189965e793bafd71f105cfb06,file
short_stale_430,external-mode-check-20260925T091243-356218,d9ab33c3e2321ac60794da4128863bc7933458ea,5d6bfbdcea29d19d370267cba4667700cee73958,d87cdabb103084659a30a3f166adb46d3151ba0fcbfcca48d6a03922adb44f76,deaff86ee335dd697677bcfc2415a23878e1b895,b69d990830625c54de458282ff109286c5a35597680675bcad0a163ea8640edc,f1d2987baa51ee6b14212d82e62570eabc08ef63d87275f13542706383e9f0f8,/home/letandat/Dev/uav-navigation/.artifacts/runtime/external-mode-check-20260925T091243-356218/perception_timeline.jsonl,43008168,68d79f374bf35390658bf12f51ca82146a0c3971e2a638a0829cbcbcfd59f1e0,file
short_stale_430,external-mode-check-20260925T091243-356218,d9ab33c3e2321ac60794da4128863bc7933458ea,5d6bfbdcea29d19d370267cba4667700cee73958,d87cdabb103084659a30a3f166adb46d3151ba0fcbfcca48d6a03922adb44f76,deaff86ee335dd697677bcfc2415a23878e1b895,b69d990830625c54de458282ff109286c5a35597680675bcad0a163ea8640edc,f1d2987baa51ee6b14212d82e62570eabc08ef63d87275f13542706383e9f0f8,/home/letandat/Dev/uav-navigation/.artifacts/runtime/external-mode-check-20260925T091243-356218/planner.yaml,3448,6480ff9679e20c3d5f9f5a38efbe7702d9ca98e66c454299019b423d5d298356,file
short_stale_430,external-mode-check-20260925T091243-356218,d9ab33c3e2321ac60794da4128863bc7933458ea,5d6bfbdcea29d19d370267cba4667700cee73958,d87cdabb103084659a30a3f166adb46d3151ba0fcbfcca48d6a03922adb44f76,deaff86ee335dd697677bcfc2415a23878e1b895,b69d990830625c54de458282ff109286c5a35597680675bcad0a163ea8640edc,f1d2987baa51ee6b14212d82e62570eabc08ef63d87275f13542706383e9f0f8,/home/letandat/Dev/uav-navigation/.artifacts/runtime/external-mode-check-20260925T091243-356218/planning_timeline.jsonl,25459261,285cef181a02642eb1d61364d931106db62749fba36b28b3edda2ae15d64f8e8,file
short_stale_430,external-mode-check-20260925T091243-356218,d9ab33c3e2321ac60794da4128863bc7933458ea,5d6bfbdcea29d19d370267cba4667700cee73958,d87cdabb103084659a30a3f166adb46d3151ba0fcbfcca48d6a03922adb44f76,deaff86ee335dd697677bcfc2415a23878e1b895,b69d990830625c54de458282ff109286c5a35597680675bcad0a163ea8640edc,f1d2987baa51ee6b14212d82e62570eabc08ef63d87275f13542706383e9f0f8,/home/letandat/Dev/uav-navigation/.artifacts/runtime/external-mode-check-20260925T091243-356218/processes.json,16328,a7ea6beae54b0f26a5fbea1312ce712a80c6cf49a3a4cab84e5729f6d8bf7fde,file
short_stale_430,external-mode-check-20260925T091243-356218,d9ab33c3e2321ac60794da4128863bc7933458ea,5d6bfbdcea29d19d370267cba4667700cee73958,d87cdabb103084659a30a3f166adb46d3151ba0fcbfcca48d6a03922adb44f76,deaff86ee335dd697677bcfc2415a23878e1b895,b69d990830625c54de458282ff109286c5a35597680675bcad0a163ea8640edc,f1d2987baa51ee6b14212d82e62570eabc08ef63d87275f13542706383e9f0f8,/home/letandat/Dev/uav-navigation/.artifacts/runtime/external-mode-check-20260925T091243-356218/provenance/external_px4_dataman,1208528,55cf902b00539fd43b45029e449392ebfab82acdda744f056fcbe3aa0b0c10c4,file
short_stale_430,external-mode-check-20260925T091243-356218,d9ab33c3e2321ac60794da4128863bc7933458ea,5d6bfbdcea29d19d370267cba4667700cee73958,d87cdabb103084659a30a3f166adb46d3151ba0fcbfcca48d6a03922adb44f76,deaff86ee335dd697677bcfc2415a23878e1b895,b69d990830625c54de458282ff109286c5a35597680675bcad0a163ea8640edc,f1d2987baa51ee6b14212d82e62570eabc08ef63d87275f13542706383e9f0f8,/home/letandat/Dev/uav-navigation/.artifacts/runtime/external-mode-check-20260925T091243-356218/provenance/external_px4_parameters.bson,1063,f032d3f95883b86c028a56459f1ae6dadd0e5ba4ecfe115b081f1ba5e1c69b49,file
short_stale_430,external-mode-check-20260925T091243-356218,d9ab33c3e2321ac60794da4128863bc7933458ea,5d6bfbdcea29d19d370267cba4667700cee73958,d87cdabb103084659a30a3f166adb46d3151ba0fcbfcca48d6a03922adb44f76,deaff86ee335dd697677bcfc2415a23878e1b895,b69d990830625c54de458282ff109286c5a35597680675bcad0a163ea8640edc,f1d2987baa51ee6b14212d82e62570eabc08ef63d87275f13542706383e9f0f8,/home/letandat/Dev/uav-navigation/.artifacts/runtime/external-mode-check-20260925T091243-356218/provenance/external_px4_parameters_backup.bson,1063,f032d3f95883b86c028a56459f1ae6dadd0e5ba4ecfe115b081f1ba5e1c69b49,file
short_stale_430,external-mode-check-20260925T091243-356218,d9ab33c3e2321ac60794da4128863bc7933458ea,5d6bfbdcea29d19d370267cba4667700cee73958,d87cdabb103084659a30a3f166adb46d3151ba0fcbfcca48d6a03922adb44f76,deaff86ee335dd697677bcfc2415a23878e1b895,b69d990830625c54de458282ff109286c5a35597680675bcad0a163ea8640edc,f1d2987baa51ee6b14212d82e62570eabc08ef63d87275f13542706383e9f0f8,/home/letandat/Dev/uav-navigation/.artifacts/runtime/external-mode-check-20260925T091243-356218/provenance/external_px4_status.txt,285,4165f8bc803e4dbc91afb1a5b198c5d914bea455e5d91ec0ac3165983cf02546,file
short_stale_430,external-mode-check-20260925T091243-356218,d9ab33c3e2321ac60794da4128863bc7933458ea,5d6bfbdcea29d19d370267cba4667700cee73958,d87cdabb103084659a30a3f166adb46d3151ba0fcbfcca48d6a03922adb44f76,deaff86ee335dd697677bcfc2415a23878e1b895,b69d990830625c54de458282ff109286c5a35597680675bcad0a163ea8640edc,f1d2987baa51ee6b14212d82e62570eabc08ef63d87275f13542706383e9f0f8,/home/letandat/Dev/uav-navigation/.artifacts/runtime/external-mode-check-20260925T091243-356218/provenance/external_px4_tracked.diff,4198,d492bca20bd947a3d24c6657197d3cb84baf534a069825df5d320ff6139758b7,file
short_stale_430,external-mode-check-20260925T091243-356218,d9ab33c3e2321ac60794da4128863bc7933458ea,5d6bfbdcea29d19d370267cba4667700cee73958,d87cdabb103084659a30a3f166adb46d3151ba0fcbfcca48d6a03922adb44f76,deaff86ee335dd697677bcfc2415a23878e1b895,b69d990830625c54de458282ff109286c5a35597680675bcad0a163ea8640edc,f1d2987baa51ee6b14212d82e62570eabc08ef63d87275f13542706383e9f0f8,/home/letandat/Dev/uav-navigation/.artifacts/runtime/external-mode-check-20260925T091243-356218/px4_mid360_control_bridge.yaml,826,95ac61d0e953ba8f1e2e23484508a29c4ebd5e7bc780bd27acc25932256f6ffe,file
short_stale_430,external-mode-check-20260925T091243-356218,d9ab33c3e2321ac60794da4128863bc7933458ea,5d6bfbdcea29d19d370267cba4667700cee73958,d87cdabb103084659a30a3f166adb46d3151ba0fcbfcca48d6a03922adb44f76,deaff86ee335dd697677bcfc2415a23878e1b895,b69d990830625c54de458282ff109286c5a35597680675bcad0a163ea8640edc,f1d2987baa51ee6b14212d82e62570eabc08ef63d87275f13542706383e9f0f8,/home/letandat/Dev/uav-navigation/.artifacts/runtime/external-mode-check-20260925T091243-356218/px4_mid360_lidar_bridge.yaml,801,f7b49215915e60ef55d2ba83dec139443a3da7721971808d7673e3586333bce6,file
short_stale_430,external-mode-check-20260925T091243-356218,d9ab33c3e2321ac60794da4128863bc7933458ea,5d6bfbdcea29d19d370267cba4667700cee73958,d87cdabb103084659a30a3f166adb46d3151ba0fcbfcca48d6a03922adb44f76,deaff86ee335dd697677bcfc2415a23878e1b895,b69d990830625c54de458282ff109286c5a35597680675bcad0a163ea8640edc,f1d2987baa51ee6b14212d82e62570eabc08ef63d87275f13542706383e9f0f8,/home/letandat/Dev/uav-navigation/.artifacts/runtime/external-mode-check-20260925T091243-356218/report.json,27443869,58b4f25f35c93ba61188f33eb113efa828d0703c46e6a64e946d939bf2dfd1f1,file
short_stale_430,external-mode-check-20260925T091243-356218,d9ab33c3e2321ac60794da4128863bc7933458ea,5d6bfbdcea29d19d370267cba4667700cee73958,d87cdabb103084659a30a3f166adb46d3151ba0fcbfcca48d6a03922adb44f76,deaff86ee335dd697677bcfc2415a23878e1b895,b69d990830625c54de458282ff109286c5a35597680675bcad0a163ea8640edc,f1d2987baa51ee6b14212d82e62570eabc08ef63d87275f13542706383e9f0f8,/home/letandat/Dev/uav-navigation/.artifacts/runtime/external-mode-check-20260925T091243-356218/resolved_long_featured.sdf,10967,cb40ad74ddeada92570d33c648387af4ba46282ba823675a6e438df1952ed3c8,file
short_stale_430,external-mode-check-20260925T091243-356218,d9ab33c3e2321ac60794da4128863bc7933458ea,5d6bfbdcea29d19d370267cba4667700cee73958,d87cdabb103084659a30a3f166adb46d3151ba0fcbfcca48d6a03922adb44f76,deaff86ee335dd697677bcfc2415a23878e1b895,b69d990830625c54de458282ff109286c5a35597680675bcad0a163ea8640edc,f1d2987baa51ee6b14212d82e62570eabc08ef63d87275f13542706383e9f0f8,/home/letandat/Dev/uav-navigation/.artifacts/runtime/external-mode-check-20260925T091243-356218/resolved_mission.yaml,892,e1490f004ad6b2feb89253e2aee90581d53cd30ad3793f9e36f1a9afa44a7152,file
short_stale_430,external-mode-check-20260925T091243-356218,d9ab33c3e2321ac60794da4128863bc7933458ea,5d6bfbdcea29d19d370267cba4667700cee73958,d87cdabb103084659a30a3f166adb46d3151ba0fcbfcca48d6a03922adb44f76,deaff86ee335dd697677bcfc2415a23878e1b895,b69d990830625c54de458282ff109286c5a35597680675bcad0a163ea8640edc,f1d2987baa51ee6b14212d82e62570eabc08ef63d87275f13542706383e9f0f8,/home/letandat/Dev/uav-navigation/.artifacts/runtime/external-mode-check-20260925T091243-356218/rosbag/metadata.yaml,19369,33e172943834b50ad0eb06a1b744b91c850e0a875dab79dbc151b909d403b50c,file
short_stale_430,external-mode-check-20260925T091243-356218,d9ab33c3e2321ac60794da4128863bc7933458ea,5d6bfbdcea29d19d370267cba4667700cee73958,d87cdabb103084659a30a3f166adb46d3151ba0fcbfcca48d6a03922adb44f76,deaff86ee335dd697677bcfc2415a23878e1b895,b69d990830625c54de458282ff109286c5a35597680675bcad0a163ea8640edc,f1d2987baa51ee6b14212d82e62570eabc08ef63d87275f13542706383e9f0f8,/home/letandat/Dev/uav-navigation/.artifacts/runtime/external-mode-check-20260925T091243-356218/rosbag/rosbag_0.db3,546312192,27aac26b9e2d28f66757165dab5048dd851ef1a136a75b884e5a71d6c31b69ba,file
short_stale_430,external-mode-check-20260925T091243-356218,d9ab33c3e2321ac60794da4128863bc7933458ea,5d6bfbdcea29d19d370267cba4667700cee73958,d87cdabb103084659a30a3f166adb46d3151ba0fcbfcca48d6a03922adb44f76,deaff86ee335dd697677bcfc2415a23878e1b895,b69d990830625c54de458282ff109286c5a35597680675bcad0a163ea8640edc,f1d2987baa51ee6b14212d82e62570eabc08ef63d87275f13542706383e9f0f8,/home/letandat/Dev/uav-navigation/.artifacts/runtime/external-mode-check-20260925T091243-356218/runtime.json,248054,0d06bd41b342b5600b2ea137d30d56c44f2734750d631024612e4b1b29178ce5,file
short_stale_430,external-mode-check-20260925T091243-356218,d9ab33c3e2321ac60794da4128863bc7933458ea,5d6bfbdcea29d19d370267cba4667700cee73958,d87cdabb103084659a30a3f166adb46d3151ba0fcbfcca48d6a03922adb44f76,deaff86ee335dd697677bcfc2415a23878e1b895,b69d990830625c54de458282ff109286c5a35597680675bcad0a163ea8640edc,f1d2987baa51ee6b14212d82e62570eabc08ef63d87275f13542706383e9f0f8,/home/letandat/Dev/uav-navigation/.artifacts/runtime/external-mode-check-20260925T091243-356218/samples.jsonl,62583738,092a9cf343b6801064883c9cc3e8f95de6949a27b8de5a04f4082d12083ccf26,file
short_stale_430,external-mode-check-20260925T091243-356218,d9ab33c3e2321ac60794da4128863bc7933458ea,5d6bfbdcea29d19d370267cba4667700cee73958,d87cdabb103084659a30a3f166adb46d3151ba0fcbfcca48d6a03922adb44f76,deaff86ee335dd697677bcfc2415a23878e1b895,b69d990830625c54de458282ff109286c5a35597680675bcad0a163ea8640edc,f1d2987baa51ee6b14212d82e62570eabc08ef63d87275f13542706383e9f0f8,/home/letandat/Dev/uav-navigation/.artifacts/runtime/external-mode-check-20260925T091243-356218/scenario.json,1168115,963638d6f2459dc6f913d73728d876fa2b4710b754e9c5a54165233a3dd0f21c,file
short_stale_430,external-mode-check-20260925T091243-356218,d9ab33c3e2321ac60794da4128863bc7933458ea,5d6bfbdcea29d19d370267cba4667700cee73958,d87cdabb103084659a30a3f166adb46d3151ba0fcbfcca48d6a03922adb44f76,deaff86ee335dd697677bcfc2415a23878e1b895,b69d990830625c54de458282ff109286c5a35597680675bcad0a163ea8640edc,f1d2987baa51ee6b14212d82e62570eabc08ef63d87275f13542706383e9f0f8,/home/letandat/Dev/uav-navigation/.artifacts/runtime/external-mode-check-20260925T091243-356218/scenario.jsonl,35813269,92dba1560f4c340e52ef39096b0cfcc607e2d49d231df41c8a8aa4d782eabe6d,file
short_stale_430,external-mode-check-20260925T091243-356218,d9ab33c3e2321ac60794da4128863bc7933458ea,5d6bfbdcea29d19d370267cba4667700cee73958,d87cdabb103084659a30a3f166adb46d3151ba0fcbfcca48d6a03922adb44f76,deaff86ee335dd697677bcfc2415a23878e1b895,b69d990830625c54de458282ff109286c5a35597680675bcad0a163ea8640edc,f1d2987baa51ee6b14212d82e62570eabc08ef63d87275f13542706383e9f0f8,/home/letandat/Dev/uav-navigation/.artifacts/runtime/external-mode-check-20260925T091243-356218/scenario_config.yaml,9137,f1d2987baa51ee6b14212d82e62570eabc08ef63d87275f13542706383e9f0f8,file
short_stale_430,external-mode-check-20260925T091243-356218,d9ab33c3e2321ac60794da4128863bc7933458ea,5d6bfbdcea29d19d370267cba4667700cee73958,d87cdabb103084659a30a3f166adb46d3151ba0fcbfcca48d6a03922adb44f76,deaff86ee335dd697677bcfc2415a23878e1b895,b69d990830625c54de458282ff109286c5a35597680675bcad0a163ea8640edc,f1d2987baa51ee6b14212d82e62570eabc08ef63d87275f13542706383e9f0f8,/home/letandat/Dev/uav-navigation/.artifacts/runtime/external-mode-check-20260925T091243-356218/state.json,1378,638dce1ab94c443e2dc126a61a617611786003a6e1721b7a0cbeb581092e7446,file
short_stale_430,external-mode-check-20260925T091243-356218,d9ab33c3e2321ac60794da4128863bc7933458ea,5d6bfbdcea29d19d370267cba4667700cee73958,d87cdabb103084659a30a3f166adb46d3151ba0fcbfcca48d6a03922adb44f76,deaff86ee335dd697677bcfc2415a23878e1b895,b69d990830625c54de458282ff109286c5a35597680675bcad0a163ea8640edc,f1d2987baa51ee6b14212d82e62570eabc08ef63d87275f13542706383e9f0f8,/home/letandat/Dev/uav-navigation/.artifacts/runtime/external-mode-check-20260925T091243-356218/world_observation_gate.jsonl,7299,9737453053e08c3f8020ce4382e48b432796001ac0853eda8a537f6232277035,file
long_stale_700,external-mode-check-20260925T092009-360731,d9ab33c3e2321ac60794da4128863bc7933458ea,5d6bfbdcea29d19d370267cba4667700cee73958,d87cdabb103084659a30a3f166adb46d3151ba0fcbfcca48d6a03922adb44f76,deaff86ee335dd697677bcfc2415a23878e1b895,b69d990830625c54de458282ff109286c5a35597680675bcad0a163ea8640edc,c12bcb00920cf826adcac99d72ae17e188522ab153775f54ee76bb06bcf09a56,/home/letandat/Dev/uav-navigation/.artifacts/runtime/external-mode-check-20260925T092009-360731/REPORT.html,1166218,7c1e1d8e16a7a6e7e85114f504033901bd25c3d1582718ddbb8742f00c33c034,file
long_stale_700,external-mode-check-20260925T092009-360731,d9ab33c3e2321ac60794da4128863bc7933458ea,5d6bfbdcea29d19d370267cba4667700cee73958,d87cdabb103084659a30a3f166adb46d3151ba0fcbfcca48d6a03922adb44f76,deaff86ee335dd697677bcfc2415a23878e1b895,b69d990830625c54de458282ff109286c5a35597680675bcad0a163ea8640edc,c12bcb00920cf826adcac99d72ae17e188522ab153775f54ee76bb06bcf09a56,/home/letandat/Dev/uav-navigation/.artifacts/runtime/external-mode-check-20260925T092009-360731/benchmark_metrics.json,14218,d2fc9768cbbc2c52532c6bae822b3f1cb138e3e6c5481ed14b49ce03a4c37093,file
long_stale_700,external-mode-check-20260925T092009-360731,d9ab33c3e2321ac60794da4128863bc7933458ea,5d6bfbdcea29d19d370267cba4667700cee73958,d87cdabb103084659a30a3f166adb46d3151ba0fcbfcca48d6a03922adb44f76,deaff86ee335dd697677bcfc2415a23878e1b895,b69d990830625c54de458282ff109286c5a35597680675bcad0a163ea8640edc,c12bcb00920cf826adcac99d72ae17e188522ab153775f54ee76bb06bcf09a56,/home/letandat/Dev/uav-navigation/.artifacts/runtime/external-mode-check-20260925T092009-360731/config_snapshot/external_mode.yaml,948,c6b68c172a2214facc1ab51ea88de472d2a237e2d33a1e877c09b6f85231567b,file
long_stale_700,external-mode-check-20260925T092009-360731,d9ab33c3e2321ac60794da4128863bc7933458ea,5d6bfbdcea29d19d370267cba4667700cee73958,d87cdabb103084659a30a3f166adb46d3151ba0fcbfcca48d6a03922adb44f76,deaff86ee335dd697677bcfc2415a23878e1b895,b69d990830625c54de458282ff109286c5a35597680675bcad0a163ea8640edc,c12bcb00920cf826adcac99d72ae17e188522ab153775f54ee76bb06bcf09a56,/home/letandat/Dev/uav-navigation/.artifacts/runtime/external-mode-check-20260925T092009-360731/config_snapshot/external_mode_params.yaml,504,8da6681cef5e6c96ffbab7b48fb638fd0dd630576778b600a09b575ac2a7c143,file
long_stale_700,external-mode-check-20260925T092009-360731,d9ab33c3e2321ac60794da4128863bc7933458ea,5d6bfbdcea29d19d370267cba4667700cee73958,d87cdabb103084659a30a3f166adb46d3151ba0fcbfcca48d6a03922adb44f76,deaff86ee335dd697677bcfc2415a23878e1b895,b69d990830625c54de458282ff109286c5a35597680675bcad0a163ea8640edc,c12bcb00920cf826adcac99d72ae17e188522ab153775f54ee76bb06bcf09a56,/home/letandat/Dev/uav-navigation/.artifacts/runtime/external-mode-check-20260925T092009-360731/config_snapshot/mapping.yaml,915,65a8e5582576157660df8c13cd084c199679a07832564214d63d1e22d842126b,file
long_stale_700,external-mode-check-20260925T092009-360731,d9ab33c3e2321ac60794da4128863bc7933458ea,5d6bfbdcea29d19d370267cba4667700cee73958,d87cdabb103084659a30a3f166adb46d3151ba0fcbfcca48d6a03922adb44f76,deaff86ee335dd697677bcfc2415a23878e1b895,b69d990830625c54de458282ff109286c5a35597680675bcad0a163ea8640edc,c12bcb00920cf826adcac99d72ae17e188522ab153775f54ee76bb06bcf09a56,/home/letandat/Dev/uav-navigation/.artifacts/runtime/external-mode-check-20260925T092009-360731/config_snapshot/mission.yaml,892,e1490f004ad6b2feb89253e2aee90581d53cd30ad3793f9e36f1a9afa44a7152,file
long_stale_700,external-mode-check-20260925T092009-360731,d9ab33c3e2321ac60794da4128863bc7933458ea,5d6bfbdcea29d19d370267cba4667700cee73958,d87cdabb103084659a30a3f166adb46d3151ba0fcbfcca48d6a03922adb44f76,deaff86ee335dd697677bcfc2415a23878e1b895,b69d990830625c54de458282ff109286c5a35597680675bcad0a163ea8640edc,c12bcb00920cf826adcac99d72ae17e188522ab153775f54ee76bb06bcf09a56,/home/letandat/Dev/uav-navigation/.artifacts/runtime/external-mode-check-20260925T092009-360731/config_snapshot/navigation_runtime_params.yaml,1134,1de4ff93ec7316b28d9acff8cc781f07282625fdff9aae7ab1a748bd17613f7e,file
long_stale_700,external-mode-check-20260925T092009-360731,d9ab33c3e2321ac60794da4128863bc7933458ea,5d6bfbdcea29d19d370267cba4667700cee73958,d87cdabb103084659a30a3f166adb46d3151ba0fcbfcca48d6a03922adb44f76,deaff86ee335dd697677bcfc2415a23878e1b895,b69d990830625c54de458282ff109286c5a35597680675bcad0a163ea8640edc,c12bcb00920cf826adcac99d72ae17e188522ab153775f54ee76bb06bcf09a56,/home/letandat/Dev/uav-navigation/.artifacts/runtime/external-mode-check-20260925T092009-360731/config_snapshot/planner.yaml,3448,6480ff9679e20c3d5f9f5a38efbe7702d9ca98e66c454299019b423d5d298356,file
long_stale_700,external-mode-check-20260925T092009-360731,d9ab33c3e2321ac60794da4128863bc7933458ea,5d6bfbdcea29d19d370267cba4667700cee73958,d87cdabb103084659a30a3f166adb46d3151ba0fcbfcca48d6a03922adb44f76,deaff86ee335dd697677bcfc2415a23878e1b895,b69d990830625c54de458282ff109286c5a35597680675bcad0a163ea8640edc,c12bcb00920cf826adcac99d72ae17e188522ab153775f54ee76bb06bcf09a56,/home/letandat/Dev/uav-navigation/.artifacts/runtime/external-mode-check-20260925T092009-360731/config_snapshot/scenario_config.yaml,9025,c12bcb00920cf826adcac99d72ae17e188522ab153775f54ee76bb06bcf09a56,file
long_stale_700,external-mode-check-20260925T092009-360731,d9ab33c3e2321ac60794da4128863bc7933458ea,5d6bfbdcea29d19d370267cba4667700cee73958,d87cdabb103084659a30a3f166adb46d3151ba0fcbfcca48d6a03922adb44f76,deaff86ee335dd697677bcfc2415a23878e1b895,b69d990830625c54de458282ff109286c5a35597680675bcad0a163ea8640edc,c12bcb00920cf826adcac99d72ae17e188522ab153775f54ee76bb06bcf09a56,/home/letandat/Dev/uav-navigation/.artifacts/runtime/external-mode-check-20260925T092009-360731/config_snapshot/sim.yaml,3386,7a10d650dadf12198afe27e9844d2a0d1ccfeaf2fcdb084643a5459f653380bd,file
long_stale_700,external-mode-check-20260925T092009-360731,d9ab33c3e2321ac60794da4128863bc7933458ea,5d6bfbdcea29d19d370267cba4667700cee73958,d87cdabb103084659a30a3f166adb46d3151ba0fcbfcca48d6a03922adb44f76,deaff86ee335dd697677bcfc2415a23878e1b895,b69d990830625c54de458282ff109286c5a35597680675bcad0a163ea8640edc,c12bcb00920cf826adcac99d72ae17e188522ab153775f54ee76bb06bcf09a56,/home/letandat/Dev/uav-navigation/.artifacts/runtime/external-mode-check-20260925T092009-360731/execution_timeline.jsonl,11801043,45c21c6e1aab85b190ec0ca6f5561176399cc7e155f71b058164aa545864f887,file
long_stale_700,external-mode-check-20260925T092009-360731,d9ab33c3e2321ac60794da4128863bc7933458ea,5d6bfbdcea29d19d370267cba4667700cee73958,d87cdabb103084659a30a3f166adb46d3151ba0fcbfcca48d6a03922adb44f76,deaff86ee335dd697677bcfc2415a23878e1b895,b69d990830625c54de458282ff109286c5a35597680675bcad0a163ea8640edc,c12bcb00920cf826adcac99d72ae17e188522ab153775f54ee76bb06bcf09a56,/home/letandat/Dev/uav-navigation/.artifacts/runtime/external-mode-check-20260925T092009-360731/external_mode_params.yaml,504,8da6681cef5e6c96ffbab7b48fb638fd0dd630576778b600a09b575ac2a7c143,file
long_stale_700,external-mode-check-20260925T092009-360731,d9ab33c3e2321ac60794da4128863bc7933458ea,5d6bfbdcea29d19d370267cba4667700cee73958,d87cdabb103084659a30a3f166adb46d3151ba0fcbfcca48d6a03922adb44f76,deaff86ee335dd697677bcfc2415a23878e1b895,b69d990830625c54de458282ff109286c5a35597680675bcad0a163ea8640edc,c12bcb00920cf826adcac99d72ae17e188522ab153775f54ee76bb06bcf09a56,/home/letandat/Dev/uav-navigation/.artifacts/runtime/external-mode-check-20260925T092009-360731/fast_lio_params.yaml,2791,457c4b660fd772ca199ceeaa70e3cdd1e1134aaa615d971cd0c330f3a146ccee,file
long_stale_700,external-mode-check-20260925T092009-360731,d9ab33c3e2321ac60794da4128863bc7933458ea,5d6bfbdcea29d19d370267cba4667700cee73958,d87cdabb103084659a30a3f166adb46d3151ba0fcbfcca48d6a03922adb44f76,deaff86ee335dd697677bcfc2415a23878e1b895,b69d990830625c54de458282ff109286c5a35597680675bcad0a163ea8640edc,c12bcb00920cf826adcac99d72ae17e188522ab153775f54ee76bb06bcf09a56,/home/letandat/Dev/uav-navigation/.artifacts/runtime/external-mode-check-20260925T092009-360731/logs/2026-09-25-16-20-20-018027-letandat-Legion-5-Pro-16IAH7H-362931/launch.log,1086,ae73005edef2da402c587dc33dab9b5555c67183b05861f64d32237929e81a59,file
long_stale_700,external-mode-check-20260925T092009-360731,d9ab33c3e2321ac60794da4128863bc7933458ea,5d6bfbdcea29d19d370267cba4667700cee73958,d87cdabb103084659a30a3f166adb46d3151ba0fcbfcca48d6a03922adb44f76,deaff86ee335dd697677bcfc2415a23878e1b895,b69d990830625c54de458282ff109286c5a35597680675bcad0a163ea8640edc,c12bcb00920cf826adcac99d72ae17e188522ab153775f54ee76bb06bcf09a56,/home/letandat/Dev/uav-navigation/.artifacts/runtime/external-mode-check-20260925T092009-360731/logs/2026-09-25-16-20-21-425610-letandat-Legion-5-Pro-16IAH7H-363198/launch.log,1639,3ad6291b8ddb56cc1a53f289f0c01ba8b1c60d92a2ac9ba25c5fecbbdd860671,file
long_stale_700,external-mode-check-20260925T092009-360731,d9ab33c3e2321ac60794da4128863bc7933458ea,5d6bfbdcea29d19d370267cba4667700cee73958,d87cdabb103084659a30a3f166adb46d3151ba0fcbfcca48d6a03922adb44f76,deaff86ee335dd697677bcfc2415a23878e1b895,b69d990830625c54de458282ff109286c5a35597680675bcad0a163ea8640edc,c12bcb00920cf826adcac99d72ae17e188522ab153775f54ee76bb06bcf09a56,/home/letandat/Dev/uav-navigation/.artifacts/runtime/external-mode-check-20260925T092009-360731/logs/2026-09-25-16-20-25-118754-letandat-Legion-5-Pro-16IAH7H-363465/launch.log,731,af95d05efe6d92e7ffa0edc4d2618c0068dd7c3b23de5e98768f63741dc56c4e,file
long_stale_700,external-mode-check-20260925T092009-360731,d9ab33c3e2321ac60794da4128863bc7933458ea,5d6bfbdcea29d19d370267cba4667700cee73958,d87cdabb103084659a30a3f166adb46d3151ba0fcbfcca48d6a03922adb44f76,deaff86ee335dd697677bcfc2415a23878e1b895,b69d990830625c54de458282ff109286c5a35597680675bcad0a163ea8640edc,c12bcb00920cf826adcac99d72ae17e188522ab153775f54ee76bb06bcf09a56,/home/letandat/Dev/uav-navigation/.artifacts/runtime/external-mode-check-20260925T092009-360731/logs/bridge.log,632,25eb025e989e13fc01f34534c5d1811caafea53a8d4783fac3f8a73ec7f8d081,file
long_stale_700,external-mode-check-20260925T092009-360731,d9ab33c3e2321ac60794da4128863bc7933458ea,5d6bfbdcea29d19d370267cba4667700cee73958,d87cdabb103084659a30a3f166adb46d3151ba0fcbfcca48d6a03922adb44f76,deaff86ee335dd697677bcfc2415a23878e1b895,b69d990830625c54de458282ff109286c5a35597680675bcad0a163ea8640edc,c12bcb00920cf826adcac99d72ae17e188522ab153775f54ee76bb06bcf09a56,/home/letandat/Dev/uav-navigation/.artifacts/runtime/external-mode-check-20260925T092009-360731/logs/bridge_lidar.log,1203,9f435b742194a05f198eb19a72879579b1db2f4203425d6a395beba5b665267a,file
long_stale_700,external-mode-check-20260925T092009-360731,d9ab33c3e2321ac60794da4128863bc7933458ea,5d6bfbdcea29d19d370267cba4667700cee73958,d87cdabb103084659a30a3f166adb46d3151ba0fcbfcca48d6a03922adb44f76,deaff86ee335dd697677bcfc2415a23878e1b895,b69d990830625c54de458282ff109286c5a35597680675bcad0a163ea8640edc,c12bcb00920cf826adcac99d72ae17e188522ab153775f54ee76bb06bcf09a56,/home/letandat/Dev/uav-navigation/.artifacts/runtime/external-mode-check-20260925T092009-360731/logs/external_mode.log,7090,77bd1b60c1dda9d99d3c0d1d4b113258c491f3f3569329e2e61091bf97547acb,file
long_stale_700,external-mode-check-20260925T092009-360731,d9ab33c3e2321ac60794da4128863bc7933458ea,5d6bfbdcea29d19d370267cba4667700cee73958,d87cdabb103084659a30a3f166adb46d3151ba0fcbfcca48d6a03922adb44f76,deaff86ee335dd697677bcfc2415a23878e1b895,b69d990830625c54de458282ff109286c5a35597680675bcad0a163ea8640edc,c12bcb00920cf826adcac99d72ae17e188522ab153775f54ee76bb06bcf09a56,/home/letandat/Dev/uav-navigation/.artifacts/runtime/external-mode-check-20260925T092009-360731/logs/external_mode_scenario.log,238,326b126f82961a6db0c7bfb1f9bf73598f92e86bd97095f7f66ecae0c19eff9c,file
long_stale_700,external-mode-check-20260925T092009-360731,d9ab33c3e2321ac60794da4128863bc7933458ea,5d6bfbdcea29d19d370267cba4667700cee73958,d87cdabb103084659a30a3f166adb46d3151ba0fcbfcca48d6a03922adb44f76,deaff86ee335dd697677bcfc2415a23878e1b895,b69d990830625c54de458282ff109286c5a35597680675bcad0a163ea8640edc,c12bcb00920cf826adcac99d72ae17e188522ab153775f54ee76bb06bcf09a56,/home/letandat/Dev/uav-navigation/.artifacts/runtime/external-mode-check-20260925T092009-360731/logs/fast_lio_node_363221_1790328021588.log,458,9f01b8441d2317ed848f8bd53c29bcbc048529157a87cd2f386dc1eede758cb7,file
long_stale_700,external-mode-check-20260925T092009-360731,d9ab33c3e2321ac60794da4128863bc7933458ea,5d6bfbdcea29d19d370267cba4667700cee73958,d87cdabb103084659a30a3f166adb46d3151ba0fcbfcca48d6a03922adb44f76,deaff86ee335dd697677bcfc2415a23878e1b895,b69d990830625c54de458282ff109286c5a35597680675bcad0a163ea8640edc,c12bcb00920cf826adcac99d72ae17e188522ab153775f54ee76bb06bcf09a56,/home/letandat/Dev/uav-navigation/.artifacts/runtime/external-mode-check-20260925T092009-360731/logs/gazebo.log,2558,729b16ae715828c8c9d8102f141b90622c21519830d1e3755195463fbc7833ea,file
long_stale_700,external-mode-check-20260925T092009-360731,d9ab33c3e2321ac60794da4128863bc7933458ea,5d6bfbdcea29d19d370267cba4667700cee73958,d87cdabb103084659a30a3f166adb46d3151ba0fcbfcca48d6a03922adb44f76,deaff86ee335dd697677bcfc2415a23878e1b895,b69d990830625c54de458282ff109286c5a35597680675bcad0a163ea8640edc,c12bcb00920cf826adcac99d72ae17e188522ab153775f54ee76bb06bcf09a56,/home/letandat/Dev/uav-navigation/.artifacts/runtime/external-mode-check-20260925T092009-360731/logs/gz_lidar_bridge_363065_1790328019931.log,1017,847ffcf74161a318b5b86cfc008bbba5bc21da14f193e571cb522565cf5ff4f6,file
long_stale_700,external-mode-check-20260925T092009-360731,d9ab33c3e2321ac60794da4128863bc7933458ea,5d6bfbdcea29d19d370267cba4667700cee73958,d87cdabb103084659a30a3f166adb46d3151ba0fcbfcca48d6a03922adb44f76,deaff86ee335dd697677bcfc2415a23878e1b895,b69d990830625c54de458282ff109286c5a35597680675bcad0a163ea8640edc,c12bcb00920cf826adcac99d72ae17e188522ab153775f54ee76bb06bcf09a56,/home/letandat/Dev/uav-navigation/.artifacts/runtime/external-mode-check-20260925T092009-360731/logs/gz_visibility_bridge_363133_1790328020063.log,71,0c893693e9ee521e9ca7361caa2b1f150358b28c6560424d7be172b559263d01,file
long_stale_700,external-mode-check-20260925T092009-360731,d9ab33c3e2321ac60794da4128863bc7933458ea,5d6bfbdcea29d19d370267cba4667700cee73958,d87cdabb103084659a30a3f166adb46d3151ba0fcbfcca48d6a03922adb44f76,deaff86ee335dd697677bcfc2415a23878e1b895,b69d990830625c54de458282ff109286c5a35597680675bcad0a163ea8640edc,c12bcb00920cf826adcac99d72ae17e188522ab153775f54ee76bb06bcf09a56,/home/letandat/Dev/uav-navigation/.artifacts/runtime/external-mode-check-20260925T092009-360731/logs/lio.log,3190,3f30bb8f27ae792952492128dd0c25921c239ea59aa13992d9321c618ee894d4,file
long_stale_700,external-mode-check-20260925T092009-360731,d9ab33c3e2321ac60794da4128863bc7933458ea,5d6bfbdcea29d19d370267cba4667700cee73958,d87cdabb103084659a30a3f166adb46d3151ba0fcbfcca48d6a03922adb44f76,deaff86ee335dd697677bcfc2415a23878e1b895,b69d990830625c54de458282ff109286c5a35597680675bcad0a163ea8640edc,c12bcb00920cf826adcac99d72ae17e188522ab153775f54ee76bb06bcf09a56,/home/letandat/Dev/uav-navigation/.artifacts/runtime/external-mode-check-20260925T092009-360731/logs/mapping.log,34196,d4053a14a8de3e35a4d5f37b91e8136a0281e951a63301e78162f31052050aa4,file
long_stale_700,external-mode-check-20260925T092009-360731,d9ab33c3e2321ac60794da4128863bc7933458ea,5d6bfbdcea29d19d370267cba4667700cee73958,d87cdabb103084659a30a3f166adb46d3151ba0fcbfcca48d6a03922adb44f76,deaff86ee335dd697677bcfc2415a23878e1b895,b69d990830625c54de458282ff109286c5a35597680675bcad0a163ea8640edc,c12bcb00920cf826adcac99d72ae17e188522ab153775f54ee76bb06bcf09a56,/home/letandat/Dev/uav-navigation/.artifacts/runtime/external-mode-check-20260925T092009-360731/logs/monitor.log,0,e3b0c44298fc1c149afbf4c8996fb92427ae41e4649b934ca495991b7852b855,file
long_stale_700,external-mode-check-20260925T092009-360731,d9ab33c3e2321ac60794da4128863bc7933458ea,5d6bfbdcea29d19d370267cba4667700cee73958,d87cdabb103084659a30a3f166adb46d3151ba0fcbfcca48d6a03922adb44f76,deaff86ee335dd697677bcfc2415a23878e1b895,b69d990830625c54de458282ff109286c5a35597680675bcad0a163ea8640edc,c12bcb00920cf826adcac99d72ae17e188522ab153775f54ee76bb06bcf09a56,/home/letandat/Dev/uav-navigation/.artifacts/runtime/external-mode-check-20260925T092009-360731/logs/navigation_runtime_node_363148_1790328020122.log,5015,557215aacf41242e0ad9fb3f63de433719a6c4f352094452decb55f052a482c6,file
long_stale_700,external-mode-check-20260925T092009-360731,d9ab33c3e2321ac60794da4128863bc7933458ea,5d6bfbdcea29d19d370267cba4667700cee73958,d87cdabb103084659a30a3f166adb46d3151ba0fcbfcca48d6a03922adb44f76,deaff86ee335dd697677bcfc2415a23878e1b895,b69d990830625c54de458282ff109286c5a35597680675bcad0a163ea8640edc,c12bcb00920cf826adcac99d72ae17e188522ab153775f54ee76bb06bcf09a56,/home/letandat/Dev/uav-navigation/.artifacts/runtime/external-mode-check-20260925T092009-360731/logs/parameter_bridge_363112_1790328019998.log,632,25eb025e989e13fc01f34534c5d1811caafea53a8d4783fac3f8a73ec7f8d081,file
long_stale_700,external-mode-check-20260925T092009-360731,d9ab33c3e2321ac60794da4128863bc7933458ea,5d6bfbdcea29d19d370267cba4667700cee73958,d87cdabb103084659a30a3f166adb46d3151ba0fcbfcca48d6a03922adb44f76,deaff86ee335dd697677bcfc2415a23878e1b895,b69d990830625c54de458282ff109286c5a35597680675bcad0a163ea8640edc,c12bcb00920cf826adcac99d72ae17e188522ab153775f54ee76bb06bcf09a56,/home/letandat/Dev/uav-navigation/.artifacts/runtime/external-mode-check-20260925T092009-360731/logs/px4_gazebo.log,9054,4f20e5e69ddbe80fc730c2e7856e2d135abf3a7c4ad0436efcc4bc9ffd0158f2,file
long_stale_700,external-mode-check-20260925T092009-360731,d9ab33c3e2321ac60794da4128863bc7933458ea,5d6bfbdcea29d19d370267cba4667700cee73958,d87cdabb103084659a30a3f166adb46d3151ba0fcbfcca48d6a03922adb44f76,deaff86ee335dd697677bcfc2415a23878e1b895,b69d990830625c54de458282ff109286c5a35597680675bcad0a163ea8640edc,c12bcb00920cf826adcac99d72ae17e188522ab153775f54ee76bb06bcf09a56,/home/letandat/Dev/uav-navigation/.artifacts/runtime/external-mode-check-20260925T092009-360731/logs/px4_ingress.log,71,ec8f6771838657a4b6b4b3f35bca03c8a57e58bdc8f680468bbd4b69f075a7d9,file
long_stale_700,external-mode-check-20260925T092009-360731,d9ab33c3e2321ac60794da4128863bc7933458ea,5d6bfbdcea29d19d370267cba4667700cee73958,d87cdabb103084659a30a3f166adb46d3151ba0fcbfcca48d6a03922adb44f76,deaff86ee335dd697677bcfc2415a23878e1b895,b69d990830625c54de458282ff109286c5a35597680675bcad0a163ea8640edc,c12bcb00920cf826adcac99d72ae17e188522ab153775f54ee76bb06bcf09a56,/home/letandat/Dev/uav-navigation/.artifacts/runtime/external-mode-check-20260925T092009-360731/logs/px4_navigation_external_mode_node_363535_1790328025193.log,5147,027e1d522a27eefcb99c8705b4cc4a5775b54caa713c7602319533f2face5d5e,file
long_stale_700,external-mode-check-20260925T092009-360731,d9ab33c3e2321ac60794da4128863bc7933458ea,5d6bfbdcea29d19d370267cba4667700cee73958,d87cdabb103084659a30a3f166adb46d3151ba0fcbfcca48d6a03922adb44f76,deaff86ee335dd697677bcfc2415a23878e1b895,b69d990830625c54de458282ff109286c5a35597680675bcad0a163ea8640edc,c12bcb00920cf826adcac99d72ae17e188522ab153775f54ee76bb06bcf09a56,/home/letandat/Dev/uav-navigation/.artifacts/runtime/external-mode-check-20260925T092009-360731/logs/px4_odometry_bridge_external_node_363222_1790328021587.log,1012,a9a24be53e3dc724a4766bfff0e4b0f61dc838231c988755056b0a4305b23eb2,file
long_stale_700,external-mode-check-20260925T092009-360731,d9ab33c3e2321ac60794da4128863bc7933458ea,5d6bfbdcea29d19d370267cba4667700cee73958,d87cdabb103084659a30a3f166adb46d3151ba0fcbfcca48d6a03922adb44f76,deaff86ee335dd697677bcfc2415a23878e1b895,b69d990830625c54de458282ff109286c5a35597680675bcad0a163ea8640edc,c12bcb00920cf826adcac99d72ae17e188522ab153775f54ee76bb06bcf09a56,/home/letandat/Dev/uav-navigation/.artifacts/runtime/external-mode-check-20260925T092009-360731/logs/px4_odometry_bridge_node_363066_1790328019914.log,71,ec8f6771838657a4b6b4b3f35bca03c8a57e58bdc8f680468bbd4b69f075a7d9,file
long_stale_700,external-mode-check-20260925T092009-360731,d9ab33c3e2321ac60794da4128863bc7933458ea,5d6bfbdcea29d19d370267cba4667700cee73958,d87cdabb103084659a30a3f166adb46d3151ba0fcbfcca48d6a03922adb44f76,deaff86ee335dd697677bcfc2415a23878e1b895,b69d990830625c54de458282ff109286c5a35597680675bcad0a163ea8640edc,c12bcb00920cf826adcac99d72ae17e188522ab153775f54ee76bb06bcf09a56,/home/letandat/Dev/uav-navigation/.artifacts/runtime/external-mode-check-20260925T092009-360731/logs/python3_362718_1790328014980.log,0,e3b0c44298fc1c149afbf4c8996fb92427ae41e4649b934ca495991b7852b855,file
long_stale_700,external-mode-check-20260925T092009-360731,d9ab33c3e2321ac60794da4128863bc7933458ea,5d6bfbdcea29d19d370267cba4667700cee73958,d87cdabb103084659a30a3f166adb46d3151ba0fcbfcca48d6a03922adb44f76,deaff86ee335dd697677bcfc2415a23878e1b895,b69d990830625c54de458282ff109286c5a35597680675bcad0a163ea8640edc,c12bcb00920cf826adcac99d72ae17e188522ab153775f54ee76bb06bcf09a56,/home/letandat/Dev/uav-navigation/.artifacts/runtime/external-mode-check-20260925T092009-360731/logs/python3_362901_1790328020077.log,4157,517c96e4794935d982e2cc26284b5123385ff9e9aae878d517e900ba924dca9b,file
long_stale_700,external-mode-check-20260925T092009-360731,d9ab33c3e2321ac60794da4128863bc7933458ea,5d6bfbdcea29d19d370267cba4667700cee73958,d87cdabb103084659a30a3f166adb46d3151ba0fcbfcca48d6a03922adb44f76,deaff86ee335dd697677bcfc2415a23878e1b895,b69d990830625c54de458282ff109286c5a35597680675bcad0a163ea8640edc,c12bcb00920cf826adcac99d72ae17e188522ab153775f54ee76bb06bcf09a56,/home/letandat/Dev/uav-navigation/.artifacts/runtime/external-mode-check-20260925T092009-360731/logs/python3_362922_1790328020082.log,0,e3b0c44298fc1c149afbf4c8996fb92427ae41e4649b934ca495991b7852b855,file
long_stale_700,external-mode-check-20260925T092009-360731,d9ab33c3e2321ac60794da4128863bc7933458ea,5d6bfbdcea29d19d370267cba4667700cee73958,d87cdabb103084659a30a3f166adb46d3151ba0fcbfcca48d6a03922adb44f76,deaff86ee335dd697677bcfc2415a23878e1b895,b69d990830625c54de458282ff109286c5a35597680675bcad0a163ea8640edc,c12bcb00920cf826adcac99d72ae17e188522ab153775f54ee76bb06bcf09a56,/home/letandat/Dev/uav-navigation/.artifacts/runtime/external-mode-check-20260925T092009-360731/logs/python3_363767_1790328028296.log,238,326b126f82961a6db0c7bfb1f9bf73598f92e86bd97095f7f66ecae0c19eff9c,file
long_stale_700,external-mode-check-20260925T092009-360731,d9ab33c3e2321ac60794da4128863bc7933458ea,5d6bfbdcea29d19d370267cba4667700cee73958,d87cdabb103084659a30a3f166adb46d3151ba0fcbfcca48d6a03922adb44f76,deaff86ee335dd697677bcfc2415a23878e1b895,b69d990830625c54de458282ff109286c5a35597680675bcad0a163ea8640edc,c12bcb00920cf826adcac99d72ae17e188522ab153775f54ee76bb06bcf09a56,/home/letandat/Dev/uav-navigation/.artifacts/runtime/external-mode-check-20260925T092009-360731/logs/robot_state_publisher_363220_1790328021588.log,144,c51786a9c8e265aefea17cd1f54b2ec5a176061394faaf29c0622f98d0ee3b47,file
long_stale_700,external-mode-check-20260925T092009-360731,d9ab33c3e2321ac60794da4128863bc7933458ea,5d6bfbdcea29d19d370267cba4667700cee73958,d87cdabb103084659a30a3f166adb46d3151ba0fcbfcca48d6a03922adb44f76,deaff86ee335dd697677bcfc2415a23878e1b895,b69d990830625c54de458282ff109286c5a35597680675bcad0a163ea8640edc,c12bcb00920cf826adcac99d72ae17e188522ab153775f54ee76bb06bcf09a56,/home/letandat/Dev/uav-navigation/.artifacts/runtime/external-mode-check-20260925T092009-360731/logs/rosbag.log,4405,530b1b7a15303c48fce821802371972a62fa7f5acd4fe4c5c7f26310bd14b643,file
long_stale_700,external-mode-check-20260925T092009-360731,d9ab33c3e2321ac60794da4128863bc7933458ea,5d6bfbdcea29d19d370267cba4667700cee73958,d87cdabb103084659a30a3f166adb46d3151ba0fcbfcca48d6a03922adb44f76,deaff86ee335dd697677bcfc2415a23878e1b895,b69d990830625c54de458282ff109286c5a35597680675bcad0a163ea8640edc,c12bcb00920cf826adcac99d72ae17e188522ab153775f54ee76bb06bcf09a56,/home/letandat/Dev/uav-navigation/.artifacts/runtime/external-mode-check-20260925T092009-360731/logs/visibility_bridge.log,201,5329482d18ac4cd79688674287edc07a63b5f74423aa376ca2f85cc988efd92b,file
long_stale_700,external-mode-check-20260925T092009-360731,d9ab33c3e2321ac60794da4128863bc7933458ea,5d6bfbdcea29d19d370267cba4667700cee73958,d87cdabb103084659a30a3f166adb46d3151ba0fcbfcca48d6a03922adb44f76,deaff86ee335dd697677bcfc2415a23878e1b895,b69d990830625c54de458282ff109286c5a35597680675bcad0a163ea8640edc,c12bcb00920cf826adcac99d72ae17e188522ab153775f54ee76bb06bcf09a56,/home/letandat/Dev/uav-navigation/.artifacts/runtime/external-mode-check-20260925T092009-360731/logs/world_observation_gate.log,906,8506531570d1e1661a59f23888bf89388850b8d62947c7b879200187a41e3129,file
long_stale_700,external-mode-check-20260925T092009-360731,d9ab33c3e2321ac60794da4128863bc7933458ea,5d6bfbdcea29d19d370267cba4667700cee73958,d87cdabb103084659a30a3f166adb46d3151ba0fcbfcca48d6a03922adb44f76,deaff86ee335dd697677bcfc2415a23878e1b895,b69d990830625c54de458282ff109286c5a35597680675bcad0a163ea8640edc,c12bcb00920cf826adcac99d72ae17e188522ab153775f54ee76bb06bcf09a56,/home/letandat/Dev/uav-navigation/.artifacts/runtime/external-mode-check-20260925T092009-360731/logs/xrce_agent.log,44051,17d38b400b6b2ed45e7f32a1d432a408c48f2b1c09d8d8780effef39009cd4de,file
long_stale_700,external-mode-check-20260925T092009-360731,d9ab33c3e2321ac60794da4128863bc7933458ea,5d6bfbdcea29d19d370267cba4667700cee73958,d87cdabb103084659a30a3f166adb46d3151ba0fcbfcca48d6a03922adb44f76,deaff86ee335dd697677bcfc2415a23878e1b895,b69d990830625c54de458282ff109286c5a35597680675bcad0a163ea8640edc,c12bcb00920cf826adcac99d72ae17e188522ab153775f54ee76bb06bcf09a56,/home/letandat/Dev/uav-navigation/.artifacts/runtime/external-mode-check-20260925T092009-360731/map_descriptor.json,1643,f9d227ec743ac0d33a01b74957c1eb028818bb03de6adda449317a81e1a09279,file
long_stale_700,external-mode-check-20260925T092009-360731,d9ab33c3e2321ac60794da4128863bc7933458ea,5d6bfbdcea29d19d370267cba4667700cee73958,d87cdabb103084659a30a3f166adb46d3151ba0fcbfcca48d6a03922adb44f76,deaff86ee335dd697677bcfc2415a23878e1b895,b69d990830625c54de458282ff109286c5a35597680675bcad0a163ea8640edc,c12bcb00920cf826adcac99d72ae17e188522ab153775f54ee76bb06bcf09a56,/home/letandat/Dev/uav-navigation/.artifacts/runtime/external-mode-check-20260925T092009-360731/metadata.json,256294,b2a3ca078f1a1329141ca3a3a113eda02bdb5d1723e43b6d50444520ba7c5228,file
long_stale_700,external-mode-check-20260925T092009-360731,d9ab33c3e2321ac60794da4128863bc7933458ea,5d6bfbdcea29d19d370267cba4667700cee73958,d87cdabb103084659a30a3f166adb46d3151ba0fcbfcca48d6a03922adb44f76,deaff86ee335dd697677bcfc2415a23878e1b895,b69d990830625c54de458282ff109286c5a35597680675bcad0a163ea8640edc,c12bcb00920cf826adcac99d72ae17e188522ab153775f54ee76bb06bcf09a56,/home/letandat/Dev/uav-navigation/.artifacts/runtime/external-mode-check-20260925T092009-360731/monitor.json,54713,2c0d794f589dbd7979a1f413ac291d1600c474221b65db18ed9256cd09a401f8,file
long_stale_700,external-mode-check-20260925T092009-360731,d9ab33c3e2321ac60794da4128863bc7933458ea,5d6bfbdcea29d19d370267cba4667700cee73958,d87cdabb103084659a30a3f166adb46d3151ba0fcbfcca48d6a03922adb44f76,deaff86ee335dd697677bcfc2415a23878e1b895,b69d990830625c54de458282ff109286c5a35597680675bcad0a163ea8640edc,c12bcb00920cf826adcac99d72ae17e188522ab153775f54ee76bb06bcf09a56,/home/letandat/Dev/uav-navigation/.artifacts/runtime/external-mode-check-20260925T092009-360731/navigation_runtime_params.yaml,1134,1de4ff93ec7316b28d9acff8cc781f07282625fdff9aae7ab1a748bd17613f7e,file
long_stale_700,external-mode-check-20260925T092009-360731,d9ab33c3e2321ac60794da4128863bc7933458ea,5d6bfbdcea29d19d370267cba4667700cee73958,d87cdabb103084659a30a3f166adb46d3151ba0fcbfcca48d6a03922adb44f76,deaff86ee335dd697677bcfc2415a23878e1b895,b69d990830625c54de458282ff109286c5a35597680675bcad0a163ea8640edc,c12bcb00920cf826adcac99d72ae17e188522ab153775f54ee76bb06bcf09a56,/home/letandat/Dev/uav-navigation/.artifacts/runtime/external-mode-check-20260925T092009-360731/perception_timeline.jsonl,11583594,911c5d502ccb80cbe291258320e0adbd2974c36c679520c7e81c8497e5ced3da,file
long_stale_700,external-mode-check-20260925T092009-360731,d9ab33c3e2321ac60794da4128863bc7933458ea,5d6bfbdcea29d19d370267cba4667700cee73958,d87cdabb103084659a30a3f166adb46d3151ba0fcbfcca48d6a03922adb44f76,deaff86ee335dd697677bcfc2415a23878e1b895,b69d990830625c54de458282ff109286c5a35597680675bcad0a163ea8640edc,c12bcb00920cf826adcac99d72ae17e188522ab153775f54ee76bb06bcf09a56,/home/letandat/Dev/uav-navigation/.artifacts/runtime/external-mode-check-20260925T092009-360731/planner.yaml,3448,6480ff9679e20c3d5f9f5a38efbe7702d9ca98e66c454299019b423d5d298356,file
long_stale_700,external-mode-check-20260925T092009-360731,d9ab33c3e2321ac60794da4128863bc7933458ea,5d6bfbdcea29d19d370267cba4667700cee73958,d87cdabb103084659a30a3f166adb46d3151ba0fcbfcca48d6a03922adb44f76,deaff86ee335dd697677bcfc2415a23878e1b895,b69d990830625c54de458282ff109286c5a35597680675bcad0a163ea8640edc,c12bcb00920cf826adcac99d72ae17e188522ab153775f54ee76bb06bcf09a56,/home/letandat/Dev/uav-navigation/.artifacts/runtime/external-mode-check-20260925T092009-360731/planning_timeline.jsonl,2120026,4c49bd041182b271fbefc5f09eadb44924c12141a0346d6fecff622c583abe98,file
long_stale_700,external-mode-check-20260925T092009-360731,d9ab33c3e2321ac60794da4128863bc7933458ea,5d6bfbdcea29d19d370267cba4667700cee73958,d87cdabb103084659a30a3f166adb46d3151ba0fcbfcca48d6a03922adb44f76,deaff86ee335dd697677bcfc2415a23878e1b895,b69d990830625c54de458282ff109286c5a35597680675bcad0a163ea8640edc,c12bcb00920cf826adcac99d72ae17e188522ab153775f54ee76bb06bcf09a56,/home/letandat/Dev/uav-navigation/.artifacts/runtime/external-mode-check-20260925T092009-360731/processes.json,16329,d239b79b982cfb7513f851562c3db151b2a72c137a880f253f35def122e6bd74,file
long_stale_700,external-mode-check-20260925T092009-360731,d9ab33c3e2321ac60794da4128863bc7933458ea,5d6bfbdcea29d19d370267cba4667700cee73958,d87cdabb103084659a30a3f166adb46d3151ba0fcbfcca48d6a03922adb44f76,deaff86ee335dd697677bcfc2415a23878e1b895,b69d990830625c54de458282ff109286c5a35597680675bcad0a163ea8640edc,c12bcb00920cf826adcac99d72ae17e188522ab153775f54ee76bb06bcf09a56,/home/letandat/Dev/uav-navigation/.artifacts/runtime/external-mode-check-20260925T092009-360731/provenance/external_px4_dataman,1208528,55cf902b00539fd43b45029e449392ebfab82acdda744f056fcbe3aa0b0c10c4,file
long_stale_700,external-mode-check-20260925T092009-360731,d9ab33c3e2321ac60794da4128863bc7933458ea,5d6bfbdcea29d19d370267cba4667700cee73958,d87cdabb103084659a30a3f166adb46d3151ba0fcbfcca48d6a03922adb44f76,deaff86ee335dd697677bcfc2415a23878e1b895,b69d990830625c54de458282ff109286c5a35597680675bcad0a163ea8640edc,c12bcb00920cf826adcac99d72ae17e188522ab153775f54ee76bb06bcf09a56,/home/letandat/Dev/uav-navigation/.artifacts/runtime/external-mode-check-20260925T092009-360731/provenance/external_px4_parameters.bson,1063,f032d3f95883b86c028a56459f1ae6dadd0e5ba4ecfe115b081f1ba5e1c69b49,file
long_stale_700,external-mode-check-20260925T092009-360731,d9ab33c3e2321ac60794da4128863bc7933458ea,5d6bfbdcea29d19d370267cba4667700cee73958,d87cdabb103084659a30a3f166adb46d3151ba0fcbfcca48d6a03922adb44f76,deaff86ee335dd697677bcfc2415a23878e1b895,b69d990830625c54de458282ff109286c5a35597680675bcad0a163ea8640edc,c12bcb00920cf826adcac99d72ae17e188522ab153775f54ee76bb06bcf09a56,/home/letandat/Dev/uav-navigation/.artifacts/runtime/external-mode-check-20260925T092009-360731/provenance/external_px4_parameters_backup.bson,1063,f032d3f95883b86c028a56459f1ae6dadd0e5ba4ecfe115b081f1ba5e1c69b49,file
long_stale_700,external-mode-check-20260925T092009-360731,d9ab33c3e2321ac60794da4128863bc7933458ea,5d6bfbdcea29d19d370267cba4667700cee73958,d87cdabb103084659a30a3f166adb46d3151ba0fcbfcca48d6a03922adb44f76,deaff86ee335dd697677bcfc2415a23878e1b895,b69d990830625c54de458282ff109286c5a35597680675bcad0a163ea8640edc,c12bcb00920cf826adcac99d72ae17e188522ab153775f54ee76bb06bcf09a56,/home/letandat/Dev/uav-navigation/.artifacts/runtime/external-mode-check-20260925T092009-360731/provenance/external_px4_status.txt,285,4165f8bc803e4dbc91afb1a5b198c5d914bea455e5d91ec0ac3165983cf02546,file
long_stale_700,external-mode-check-20260925T092009-360731,d9ab33c3e2321ac60794da4128863bc7933458ea,5d6bfbdcea29d19d370267cba4667700cee73958,d87cdabb103084659a30a3f166adb46d3151ba0fcbfcca48d6a03922adb44f76,deaff86ee335dd697677bcfc2415a23878e1b895,b69d990830625c54de458282ff109286c5a35597680675bcad0a163ea8640edc,c12bcb00920cf826adcac99d72ae17e188522ab153775f54ee76bb06bcf09a56,/home/letandat/Dev/uav-navigation/.artifacts/runtime/external-mode-check-20260925T092009-360731/provenance/external_px4_tracked.diff,4198,d492bca20bd947a3d24c6657197d3cb84baf534a069825df5d320ff6139758b7,file
long_stale_700,external-mode-check-20260925T092009-360731,d9ab33c3e2321ac60794da4128863bc7933458ea,5d6bfbdcea29d19d370267cba4667700cee73958,d87cdabb103084659a30a3f166adb46d3151ba0fcbfcca48d6a03922adb44f76,deaff86ee335dd697677bcfc2415a23878e1b895,b69d990830625c54de458282ff109286c5a35597680675bcad0a163ea8640edc,c12bcb00920cf826adcac99d72ae17e188522ab153775f54ee76bb06bcf09a56,/home/letandat/Dev/uav-navigation/.artifacts/runtime/external-mode-check-20260925T092009-360731/px4_mid360_control_bridge.yaml,826,95ac61d0e953ba8f1e2e23484508a29c4ebd5e7bc780bd27acc25932256f6ffe,file
long_stale_700,external-mode-check-20260925T092009-360731,d9ab33c3e2321ac60794da4128863bc7933458ea,5d6bfbdcea29d19d370267cba4667700cee73958,d87cdabb103084659a30a3f166adb46d3151ba0fcbfcca48d6a03922adb44f76,deaff86ee335dd697677bcfc2415a23878e1b895,b69d990830625c54de458282ff109286c5a35597680675bcad0a163ea8640edc,c12bcb00920cf826adcac99d72ae17e188522ab153775f54ee76bb06bcf09a56,/home/letandat/Dev/uav-navigation/.artifacts/runtime/external-mode-check-20260925T092009-360731/px4_mid360_lidar_bridge.yaml,801,f7b49215915e60ef55d2ba83dec139443a3da7721971808d7673e3586333bce6,file
long_stale_700,external-mode-check-20260925T092009-360731,d9ab33c3e2321ac60794da4128863bc7933458ea,5d6bfbdcea29d19d370267cba4667700cee73958,d87cdabb103084659a30a3f166adb46d3151ba0fcbfcca48d6a03922adb44f76,deaff86ee335dd697677bcfc2415a23878e1b895,b69d990830625c54de458282ff109286c5a35597680675bcad0a163ea8640edc,c12bcb00920cf826adcac99d72ae17e188522ab153775f54ee76bb06bcf09a56,/home/letandat/Dev/uav-navigation/.artifacts/runtime/external-mode-check-20260925T092009-360731/report.json,2624273,a65fd42ca517df6d1448ee282928c3f3b6aae639d35e572be7fd9177162f45f8,file
long_stale_700,external-mode-check-20260925T092009-360731,d9ab33c3e2321ac60794da4128863bc7933458ea,5d6bfbdcea29d19d370267cba4667700cee73958,d87cdabb103084659a30a3f166adb46d3151ba0fcbfcca48d6a03922adb44f76,deaff86ee335dd697677bcfc2415a23878e1b895,b69d990830625c54de458282ff109286c5a35597680675bcad0a163ea8640edc,c12bcb00920cf826adcac99d72ae17e188522ab153775f54ee76bb06bcf09a56,/home/letandat/Dev/uav-navigation/.artifacts/runtime/external-mode-check-20260925T092009-360731/resolved_long_featured.sdf,10967,cb40ad74ddeada92570d33c648387af4ba46282ba823675a6e438df1952ed3c8,file
long_stale_700,external-mode-check-20260925T092009-360731,d9ab33c3e2321ac60794da4128863bc7933458ea,5d6bfbdcea29d19d370267cba4667700cee73958,d87cdabb103084659a30a3f166adb46d3151ba0fcbfcca48d6a03922adb44f76,deaff86ee335dd697677bcfc2415a23878e1b895,b69d990830625c54de458282ff109286c5a35597680675bcad0a163ea8640edc,c12bcb00920cf826adcac99d72ae17e188522ab153775f54ee76bb06bcf09a56,/home/letandat/Dev/uav-navigation/.artifacts/runtime/external-mode-check-20260925T092009-360731/resolved_mission.yaml,892,e1490f004ad6b2feb89253e2aee90581d53cd30ad3793f9e36f1a9afa44a7152,file
long_stale_700,external-mode-check-20260925T092009-360731,d9ab33c3e2321ac60794da4128863bc7933458ea,5d6bfbdcea29d19d370267cba4667700cee73958,d87cdabb103084659a30a3f166adb46d3151ba0fcbfcca48d6a03922adb44f76,deaff86ee335dd697677bcfc2415a23878e1b895,b69d990830625c54de458282ff109286c5a35597680675bcad0a163ea8640edc,c12bcb00920cf826adcac99d72ae17e188522ab153775f54ee76bb06bcf09a56,/home/letandat/Dev/uav-navigation/.artifacts/runtime/external-mode-check-20260925T092009-360731/rosbag/metadata.yaml,19359,8589ba6dd560ae5b64b41da9f5947a709c9dc699edbef52b5fb4e55f73e5957b,file
long_stale_700,external-mode-check-20260925T092009-360731,d9ab33c3e2321ac60794da4128863bc7933458ea,5d6bfbdcea29d19d370267cba4667700cee73958,d87cdabb103084659a30a3f166adb46d3151ba0fcbfcca48d6a03922adb44f76,deaff86ee335dd697677bcfc2415a23878e1b895,b69d990830625c54de458282ff109286c5a35597680675bcad0a163ea8640edc,c12bcb00920cf826adcac99d72ae17e188522ab153775f54ee76bb06bcf09a56,/home/letandat/Dev/uav-navigation/.artifacts/runtime/external-mode-check-20260925T092009-360731/rosbag/rosbag_0.db3,240259072,d749efa80998c761e357bba74bff3c2aa069a7532ecd5c3602906a0f20af50c8,file
long_stale_700,external-mode-check-20260925T092009-360731,d9ab33c3e2321ac60794da4128863bc7933458ea,5d6bfbdcea29d19d370267cba4667700cee73958,d87cdabb103084659a30a3f166adb46d3151ba0fcbfcca48d6a03922adb44f76,deaff86ee335dd697677bcfc2415a23878e1b895,b69d990830625c54de458282ff109286c5a35597680675bcad0a163ea8640edc,c12bcb00920cf826adcac99d72ae17e188522ab153775f54ee76bb06bcf09a56,/home/letandat/Dev/uav-navigation/.artifacts/runtime/external-mode-check-20260925T092009-360731/runtime.json,248054,7ce6e69d486432b43d9bc5833855c7762099e755b26b5a5053b362dd5b77e2f1,file
long_stale_700,external-mode-check-20260925T092009-360731,d9ab33c3e2321ac60794da4128863bc7933458ea,5d6bfbdcea29d19d370267cba4667700cee73958,d87cdabb103084659a30a3f166adb46d3151ba0fcbfcca48d6a03922adb44f76,deaff86ee335dd697677bcfc2415a23878e1b895,b69d990830625c54de458282ff109286c5a35597680675bcad0a163ea8640edc,c12bcb00920cf826adcac99d72ae17e188522ab153775f54ee76bb06bcf09a56,/home/letandat/Dev/uav-navigation/.artifacts/runtime/external-mode-check-20260925T092009-360731/samples.jsonl,20255345,d8cf574bba78aa7eb8843a6e12c1599680cb55ecd9d7ab681b0fef6e0d3362b2,file
long_stale_700,external-mode-check-20260925T092009-360731,d9ab33c3e2321ac60794da4128863bc7933458ea,5d6bfbdcea29d19d370267cba4667700cee73958,d87cdabb103084659a30a3f166adb46d3151ba0fcbfcca48d6a03922adb44f76,deaff86ee335dd697677bcfc2415a23878e1b895,b69d990830625c54de458282ff109286c5a35597680675bcad0a163ea8640edc,c12bcb00920cf826adcac99d72ae17e188522ab153775f54ee76bb06bcf09a56,/home/letandat/Dev/uav-navigation/.artifacts/runtime/external-mode-check-20260925T092009-360731/scenario.json,106259,00a0e9f76d717e58d3937424a8c130d73a1201baeb4e7938c61c36017744d459,file
long_stale_700,external-mode-check-20260925T092009-360731,d9ab33c3e2321ac60794da4128863bc7933458ea,5d6bfbdcea29d19d370267cba4667700cee73958,d87cdabb103084659a30a3f166adb46d3151ba0fcbfcca48d6a03922adb44f76,deaff86ee335dd697677bcfc2415a23878e1b895,b69d990830625c54de458282ff109286c5a35597680675bcad0a163ea8640edc,c12bcb00920cf826adcac99d72ae17e188522ab153775f54ee76bb06bcf09a56,/home/letandat/Dev/uav-navigation/.artifacts/runtime/external-mode-check-20260925T092009-360731/scenario.jsonl,3178224,b5893a4c85a7fe4262f781b71672d85350e171d1e55655ea3894f03fd1543ed0,file
long_stale_700,external-mode-check-20260925T092009-360731,d9ab33c3e2321ac60794da4128863bc7933458ea,5d6bfbdcea29d19d370267cba4667700cee73958,d87cdabb103084659a30a3f166adb46d3151ba0fcbfcca48d6a03922adb44f76,deaff86ee335dd697677bcfc2415a23878e1b895,b69d990830625c54de458282ff109286c5a35597680675bcad0a163ea8640edc,c12bcb00920cf826adcac99d72ae17e188522ab153775f54ee76bb06bcf09a56,/home/letandat/Dev/uav-navigation/.artifacts/runtime/external-mode-check-20260925T092009-360731/scenario_config.yaml,9025,c12bcb00920cf826adcac99d72ae17e188522ab153775f54ee76bb06bcf09a56,file
long_stale_700,external-mode-check-20260925T092009-360731,d9ab33c3e2321ac60794da4128863bc7933458ea,5d6bfbdcea29d19d370267cba4667700cee73958,d87cdabb103084659a30a3f166adb46d3151ba0fcbfcca48d6a03922adb44f76,deaff86ee335dd697677bcfc2415a23878e1b895,b69d990830625c54de458282ff109286c5a35597680675bcad0a163ea8640edc,c12bcb00920cf826adcac99d72ae17e188522ab153775f54ee76bb06bcf09a56,/home/letandat/Dev/uav-navigation/.artifacts/runtime/external-mode-check-20260925T092009-360731/state.json,1378,aa1eccddf70a34cecdd0ce0e4cc1e4efa2021c65a842ab11a233f0e3585b362a,file
long_stale_700,external-mode-check-20260925T092009-360731,d9ab33c3e2321ac60794da4128863bc7933458ea,5d6bfbdcea29d19d370267cba4667700cee73958,d87cdabb103084659a30a3f166adb46d3151ba0fcbfcca48d6a03922adb44f76,deaff86ee335dd697677bcfc2415a23878e1b895,b69d990830625c54de458282ff109286c5a35597680675bcad0a163ea8640edc,c12bcb00920cf826adcac99d72ae17e188522ab153775f54ee76bb06bcf09a56,/home/letandat/Dev/uav-navigation/.artifacts/runtime/external-mode-check-20260925T092009-360731/world_observation_gate.jsonl,7881,c0cc2f67b0befdeef0bc26da370adf63ddee01e14bf31c1898e40b973938e087,file
nominal_N1,external-mode-check-20260925T092305-366082,d9ab33c3e2321ac60794da4128863bc7933458ea,5d6bfbdcea29d19d370267cba4667700cee73958,d87cdabb103084659a30a3f166adb46d3151ba0fcbfcca48d6a03922adb44f76,deaff86ee335dd697677bcfc2415a23878e1b895,b69d990830625c54de458282ff109286c5a35597680675bcad0a163ea8640edc,c2b991afd9a4b75d165bdbd9e9b37baafc099b9585182cab669e4e8e01c901ec,/home/letandat/Dev/uav-navigation/.artifacts/runtime/external-mode-check-20260925T092305-366082/REPORT.html,2843539,8204babdb09863e70050d6485d490eac68e3e307025a6066e7dec667c00a0720,file
nominal_N1,external-mode-check-20260925T092305-366082,d9ab33c3e2321ac60794da4128863bc7933458ea,5d6bfbdcea29d19d370267cba4667700cee73958,d87cdabb103084659a30a3f166adb46d3151ba0fcbfcca48d6a03922adb44f76,deaff86ee335dd697677bcfc2415a23878e1b895,b69d990830625c54de458282ff109286c5a35597680675bcad0a163ea8640edc,c2b991afd9a4b75d165bdbd9e9b37baafc099b9585182cab669e4e8e01c901ec,/home/letandat/Dev/uav-navigation/.artifacts/runtime/external-mode-check-20260925T092305-366082/benchmark_metrics.json,16355,0f1e35db5e38642ff9183326d32fd46e30bcf1f23c8abf1a7edcecb5ba82ea84,file
nominal_N1,external-mode-check-20260925T092305-366082,d9ab33c3e2321ac60794da4128863bc7933458ea,5d6bfbdcea29d19d370267cba4667700cee73958,d87cdabb103084659a30a3f166adb46d3151ba0fcbfcca48d6a03922adb44f76,deaff86ee335dd697677bcfc2415a23878e1b895,b69d990830625c54de458282ff109286c5a35597680675bcad0a163ea8640edc,c2b991afd9a4b75d165bdbd9e9b37baafc099b9585182cab669e4e8e01c901ec,/home/letandat/Dev/uav-navigation/.artifacts/runtime/external-mode-check-20260925T092305-366082/config_snapshot/external_mode.yaml,948,c6b68c172a2214facc1ab51ea88de472d2a237e2d33a1e877c09b6f85231567b,file
nominal_N1,external-mode-check-20260925T092305-366082,d9ab33c3e2321ac60794da4128863bc7933458ea,5d6bfbdcea29d19d370267cba4667700cee73958,d87cdabb103084659a30a3f166adb46d3151ba0fcbfcca48d6a03922adb44f76,deaff86ee335dd697677bcfc2415a23878e1b895,b69d990830625c54de458282ff109286c5a35597680675bcad0a163ea8640edc,c2b991afd9a4b75d165bdbd9e9b37baafc099b9585182cab669e4e8e01c901ec,/home/letandat/Dev/uav-navigation/.artifacts/runtime/external-mode-check-20260925T092305-366082/config_snapshot/external_mode_params.yaml,504,8da6681cef5e6c96ffbab7b48fb638fd0dd630576778b600a09b575ac2a7c143,file
nominal_N1,external-mode-check-20260925T092305-366082,d9ab33c3e2321ac60794da4128863bc7933458ea,5d6bfbdcea29d19d370267cba4667700cee73958,d87cdabb103084659a30a3f166adb46d3151ba0fcbfcca48d6a03922adb44f76,deaff86ee335dd697677bcfc2415a23878e1b895,b69d990830625c54de458282ff109286c5a35597680675bcad0a163ea8640edc,c2b991afd9a4b75d165bdbd9e9b37baafc099b9585182cab669e4e8e01c901ec,/home/letandat/Dev/uav-navigation/.artifacts/runtime/external-mode-check-20260925T092305-366082/config_snapshot/mapping.yaml,915,65a8e5582576157660df8c13cd084c199679a07832564214d63d1e22d842126b,file
nominal_N1,external-mode-check-20260925T092305-366082,d9ab33c3e2321ac60794da4128863bc7933458ea,5d6bfbdcea29d19d370267cba4667700cee73958,d87cdabb103084659a30a3f166adb46d3151ba0fcbfcca48d6a03922adb44f76,deaff86ee335dd697677bcfc2415a23878e1b895,b69d990830625c54de458282ff109286c5a35597680675bcad0a163ea8640edc,c2b991afd9a4b75d165bdbd9e9b37baafc099b9585182cab669e4e8e01c901ec,/home/letandat/Dev/uav-navigation/.artifacts/runtime/external-mode-check-20260925T092305-366082/config_snapshot/mission.yaml,892,e1490f004ad6b2feb89253e2aee90581d53cd30ad3793f9e36f1a9afa44a7152,file
nominal_N1,external-mode-check-20260925T092305-366082,d9ab33c3e2321ac60794da4128863bc7933458ea,5d6bfbdcea29d19d370267cba4667700cee73958,d87cdabb103084659a30a3f166adb46d3151ba0fcbfcca48d6a03922adb44f76,deaff86ee335dd697677bcfc2415a23878e1b895,b69d990830625c54de458282ff109286c5a35597680675bcad0a163ea8640edc,c2b991afd9a4b75d165bdbd9e9b37baafc099b9585182cab669e4e8e01c901ec,/home/letandat/Dev/uav-navigation/.artifacts/runtime/external-mode-check-20260925T092305-366082/config_snapshot/navigation_runtime_params.yaml,1122,dfc33b2b4939a3de71f2ddadf1fa8c7a6cc3e63bc7745403f05026c81b27df0e,file
nominal_N1,external-mode-check-20260925T092305-366082,d9ab33c3e2321ac60794da4128863bc7933458ea,5d6bfbdcea29d19d370267cba4667700cee73958,d87cdabb103084659a30a3f166adb46d3151ba0fcbfcca48d6a03922adb44f76,deaff86ee335dd697677bcfc2415a23878e1b895,b69d990830625c54de458282ff109286c5a35597680675bcad0a163ea8640edc,c2b991afd9a4b75d165bdbd9e9b37baafc099b9585182cab669e4e8e01c901ec,/home/letandat/Dev/uav-navigation/.artifacts/runtime/external-mode-check-20260925T092305-366082/config_snapshot/planner.yaml,3448,6480ff9679e20c3d5f9f5a38efbe7702d9ca98e66c454299019b423d5d298356,file
nominal_N1,external-mode-check-20260925T092305-366082,d9ab33c3e2321ac60794da4128863bc7933458ea,5d6bfbdcea29d19d370267cba4667700cee73958,d87cdabb103084659a30a3f166adb46d3151ba0fcbfcca48d6a03922adb44f76,deaff86ee335dd697677bcfc2415a23878e1b895,b69d990830625c54de458282ff109286c5a35597680675bcad0a163ea8640edc,c2b991afd9a4b75d165bdbd9e9b37baafc099b9585182cab669e4e8e01c901ec,/home/letandat/Dev/uav-navigation/.artifacts/runtime/external-mode-check-20260925T092305-366082/config_snapshot/scenario_config.yaml,8745,c2b991afd9a4b75d165bdbd9e9b37baafc099b9585182cab669e4e8e01c901ec,file
nominal_N1,external-mode-check-20260925T092305-366082,d9ab33c3e2321ac60794da4128863bc7933458ea,5d6bfbdcea29d19d370267cba4667700cee73958,d87cdabb103084659a30a3f166adb46d3151ba0fcbfcca48d6a03922adb44f76,deaff86ee335dd697677bcfc2415a23878e1b895,b69d990830625c54de458282ff109286c5a35597680675bcad0a163ea8640edc,c2b991afd9a4b75d165bdbd9e9b37baafc099b9585182cab669e4e8e01c901ec,/home/letandat/Dev/uav-navigation/.artifacts/runtime/external-mode-check-20260925T092305-366082/config_snapshot/sim.yaml,3386,7a10d650dadf12198afe27e9844d2a0d1ccfeaf2fcdb084643a5459f653380bd,file
nominal_N1,external-mode-check-20260925T092305-366082,d9ab33c3e2321ac60794da4128863bc7933458ea,5d6bfbdcea29d19d370267cba4667700cee73958,d87cdabb103084659a30a3f166adb46d3151ba0fcbfcca48d6a03922adb44f76,deaff86ee335dd697677bcfc2415a23878e1b895,b69d990830625c54de458282ff109286c5a35597680675bcad0a163ea8640edc,c2b991afd9a4b75d165bdbd9e9b37baafc099b9585182cab669e4e8e01c901ec,/home/letandat/Dev/uav-navigation/.artifacts/runtime/external-mode-check-20260925T092305-366082/execution_timeline.jsonl,46467968,a754fc83241ffa6245f7a9580811a508fd04e98ddddf619f69c0b624ba549a4e,file
nominal_N1,external-mode-check-20260925T092305-366082,d9ab33c3e2321ac60794da4128863bc7933458ea,5d6bfbdcea29d19d370267cba4667700cee73958,d87cdabb103084659a30a3f166adb46d3151ba0fcbfcca48d6a03922adb44f76,deaff86ee335dd697677bcfc2415a23878e1b895,b69d990830625c54de458282ff109286c5a35597680675bcad0a163ea8640edc,c2b991afd9a4b75d165bdbd9e9b37baafc099b9585182cab669e4e8e01c901ec,/home/letandat/Dev/uav-navigation/.artifacts/runtime/external-mode-check-20260925T092305-366082/external_mode_params.yaml,504,8da6681cef5e6c96ffbab7b48fb638fd0dd630576778b600a09b575ac2a7c143,file
nominal_N1,external-mode-check-20260925T092305-366082,d9ab33c3e2321ac60794da4128863bc7933458ea,5d6bfbdcea29d19d370267cba4667700cee73958,d87cdabb103084659a30a3f166adb46d3151ba0fcbfcca48d6a03922adb44f76,deaff86ee335dd697677bcfc2415a23878e1b895,b69d990830625c54de458282ff109286c5a35597680675bcad0a163ea8640edc,c2b991afd9a4b75d165bdbd9e9b37baafc099b9585182cab669e4e8e01c901ec,/home/letandat/Dev/uav-navigation/.artifacts/runtime/external-mode-check-20260925T092305-366082/fast_lio_params.yaml,2791,457c4b660fd772ca199ceeaa70e3cdd1e1134aaa615d971cd0c330f3a146ccee,file
nominal_N1,external-mode-check-20260925T092305-366082,d9ab33c3e2321ac60794da4128863bc7933458ea,5d6bfbdcea29d19d370267cba4667700cee73958,d87cdabb103084659a30a3f166adb46d3151ba0fcbfcca48d6a03922adb44f76,deaff86ee335dd697677bcfc2415a23878e1b895,b69d990830625c54de458282ff109286c5a35597680675bcad0a163ea8640edc,c2b991afd9a4b75d165bdbd9e9b37baafc099b9585182cab669e4e8e01c901ec,/home/letandat/Dev/uav-navigation/.artifacts/runtime/external-mode-check-20260925T092305-366082/logs/2026-09-25-16-23-16-010138-letandat-Legion-5-Pro-16IAH7H-368263/launch.log,1086,499154252e3ef10318589726b7499e234538be8b7a0f878c96cee0404b886a8a,file
nominal_N1,external-mode-check-20260925T092305-366082,d9ab33c3e2321ac60794da4128863bc7933458ea,5d6bfbdcea29d19d370267cba4667700cee73958,d87cdabb103084659a30a3f166adb46d3151ba0fcbfcca48d6a03922adb44f76,deaff86ee335dd697677bcfc2415a23878e1b895,b69d990830625c54de458282ff109286c5a35597680675bcad0a163ea8640edc,c2b991afd9a4b75d165bdbd9e9b37baafc099b9585182cab669e4e8e01c901ec,/home/letandat/Dev/uav-navigation/.artifacts/runtime/external-mode-check-20260925T092305-366082/logs/2026-09-25-16-23-17-612035-letandat-Legion-5-Pro-16IAH7H-368518/launch.log,1639,ca03498015b34b9ca9824c809176769fe3eeb83834d99b377390860959e64b6a,file
nominal_N1,external-mode-check-20260925T092305-366082,d9ab33c3e2321ac60794da4128863bc7933458ea,5d6bfbdcea29d19d370267cba4667700cee73958,d87cdabb103084659a30a3f166adb46d3151ba0fcbfcca48d6a03922adb44f76,deaff86ee335dd697677bcfc2415a23878e1b895,b69d990830625c54de458282ff109286c5a35597680675bcad0a163ea8640edc,c2b991afd9a4b75d165bdbd9e9b37baafc099b9585182cab669e4e8e01c901ec,/home/letandat/Dev/uav-navigation/.artifacts/runtime/external-mode-check-20260925T092305-366082/logs/2026-09-25-16-23-20-774308-letandat-Legion-5-Pro-16IAH7H-368783/launch.log,731,40eeb2b44d85b1838b33c1ec2b3ed993337a033cb1b3d815e67374b0b54bd472,file
nominal_N1,external-mode-check-20260925T092305-366082,d9ab33c3e2321ac60794da4128863bc7933458ea,5d6bfbdcea29d19d370267cba4667700cee73958,d87cdabb103084659a30a3f166adb46d3151ba0fcbfcca48d6a03922adb44f76,deaff86ee335dd697677bcfc2415a23878e1b895,b69d990830625c54de458282ff109286c5a35597680675bcad0a163ea8640edc,c2b991afd9a4b75d165bdbd9e9b37baafc099b9585182cab669e4e8e01c901ec,/home/letandat/Dev/uav-navigation/.artifacts/runtime/external-mode-check-20260925T092305-366082/logs/bridge.log,632,43dc825fe92693e432ad14a874c3e371c2e1f4b47b5312fd2aa501aeecde156e,file
nominal_N1,external-mode-check-20260925T092305-366082,d9ab33c3e2321ac60794da4128863bc7933458ea,5d6bfbdcea29d19d370267cba4667700cee73958,d87cdabb103084659a30a3f166adb46d3151ba0fcbfcca48d6a03922adb44f76,deaff86ee335dd697677bcfc2415a23878e1b895,b69d990830625c54de458282ff109286c5a35597680675bcad0a163ea8640edc,c2b991afd9a4b75d165bdbd9e9b37baafc099b9585182cab669e4e8e01c901ec,/home/letandat/Dev/uav-navigation/.artifacts/runtime/external-mode-check-20260925T092305-366082/logs/bridge_lidar.log,2505,b4485e086eda6c798445e7691c5103c524ea0e1a6b6512d3becf63aa382dec65,file
nominal_N1,external-mode-check-20260925T092305-366082,d9ab33c3e2321ac60794da4128863bc7933458ea,5d6bfbdcea29d19d370267cba4667700cee73958,d87cdabb103084659a30a3f166adb46d3151ba0fcbfcca48d6a03922adb44f76,deaff86ee335dd697677bcfc2415a23878e1b895,b69d990830625c54de458282ff109286c5a35597680675bcad0a163ea8640edc,c2b991afd9a4b75d165bdbd9e9b37baafc099b9585182cab669e4e8e01c901ec,/home/letandat/Dev/uav-navigation/.artifacts/runtime/external-mode-check-20260925T092305-366082/logs/external_mode.log,37687,a95812c6c761b8918650d44c50b4bbb5aac7a2a1dd7c98ce2b25190315aee847,file
nominal_N1,external-mode-check-20260925T092305-366082,d9ab33c3e2321ac60794da4128863bc7933458ea,5d6bfbdcea29d19d370267cba4667700cee73958,d87cdabb103084659a30a3f166adb46d3151ba0fcbfcca48d6a03922adb44f76,deaff86ee335dd697677bcfc2415a23878e1b895,b69d990830625c54de458282ff109286c5a35597680675bcad0a163ea8640edc,c2b991afd9a4b75d165bdbd9e9b37baafc099b9585182cab669e4e8e01c901ec,/home/letandat/Dev/uav-navigation/.artifacts/runtime/external-mode-check-20260925T092305-366082/logs/external_mode_scenario.log,238,a62bb11e4de2589670d7f25370b6f26e964e3840c7a8b6421ddd7332704f4887,file
nominal_N1,external-mode-check-20260925T092305-366082,d9ab33c3e2321ac60794da4128863bc7933458ea,5d6bfbdcea29d19d370267cba4667700cee73958,d87cdabb103084659a30a3f166adb46d3151ba0fcbfcca48d6a03922adb44f76,deaff86ee335dd697677bcfc2415a23878e1b895,b69d990830625c54de458282ff109286c5a35597680675bcad0a163ea8640edc,c2b991afd9a4b75d165bdbd9e9b37baafc099b9585182cab669e4e8e01c901ec,/home/letandat/Dev/uav-navigation/.artifacts/runtime/external-mode-check-20260925T092305-366082/logs/fast_lio_node_368541_1790328197760.log,458,93101bbdf30f79e778a6c84693b35ebbf32267a7db7df1ab2c637e00cc5d427c,file
nominal_N1,external-mode-check-20260925T092305-366082,d9ab33c3e2321ac60794da4128863bc7933458ea,5d6bfbdcea29d19d370267cba4667700cee73958,d87cdabb103084659a30a3f166adb46d3151ba0fcbfcca48d6a03922adb44f76,deaff86ee335dd697677bcfc2415a23878e1b895,b69d990830625c54de458282ff109286c5a35597680675bcad0a163ea8640edc,c2b991afd9a4b75d165bdbd9e9b37baafc099b9585182cab669e4e8e01c901ec,/home/letandat/Dev/uav-navigation/.artifacts/runtime/external-mode-check-20260925T092305-366082/logs/gazebo.log,2558,729b16ae715828c8c9d8102f141b90622c21519830d1e3755195463fbc7833ea,file
nominal_N1,external-mode-check-20260925T092305-366082,d9ab33c3e2321ac60794da4128863bc7933458ea,5d6bfbdcea29d19d370267cba4667700cee73958,d87cdabb103084659a30a3f166adb46d3151ba0fcbfcca48d6a03922adb44f76,deaff86ee335dd697677bcfc2415a23878e1b895,b69d990830625c54de458282ff109286c5a35597680675bcad0a163ea8640edc,c2b991afd9a4b75d165bdbd9e9b37baafc099b9585182cab669e4e8e01c901ec,/home/letandat/Dev/uav-navigation/.artifacts/runtime/external-mode-check-20260925T092305-366082/logs/gz_lidar_bridge_368395_1790328195878.log,2319,fa83ce06efad034d040b3d0d2667343829441a9ebd496908715f464886e11d64,file
nominal_N1,external-mode-check-20260925T092305-366082,d9ab33c3e2321ac60794da4128863bc7933458ea,5d6bfbdcea29d19d370267cba4667700cee73958,d87cdabb103084659a30a3f166adb46d3151ba0fcbfcca48d6a03922adb44f76,deaff86ee335dd697677bcfc2415a23878e1b895,b69d990830625c54de458282ff109286c5a35597680675bcad0a163ea8640edc,c2b991afd9a4b75d165bdbd9e9b37baafc099b9585182cab669e4e8e01c901ec,/home/letandat/Dev/uav-navigation/.artifacts/runtime/external-mode-check-20260925T092305-366082/logs/gz_visibility_bridge_368439_1790328195965.log,71,11a543620d300b2e8efb8c6f287267e5be0465f2ac93f5595f292d020c86cf1f,file
nominal_N1,external-mode-check-20260925T092305-366082,d9ab33c3e2321ac60794da4128863bc7933458ea,5d6bfbdcea29d19d370267cba4667700cee73958,d87cdabb103084659a30a3f166adb46d3151ba0fcbfcca48d6a03922adb44f76,deaff86ee335dd697677bcfc2415a23878e1b895,b69d990830625c54de458282ff109286c5a35597680675bcad0a163ea8640edc,c2b991afd9a4b75d165bdbd9e9b37baafc099b9585182cab669e4e8e01c901ec,/home/letandat/Dev/uav-navigation/.artifacts/runtime/external-mode-check-20260925T092305-366082/logs/lio.log,3190,03be560fe894cb734bf795834442ab0545d0d125e2088730070fe7c098a2fc73,file
nominal_N1,external-mode-check-20260925T092305-366082,d9ab33c3e2321ac60794da4128863bc7933458ea,5d6bfbdcea29d19d370267cba4667700cee73958,d87cdabb103084659a30a3f166adb46d3151ba0fcbfcca48d6a03922adb44f76,deaff86ee335dd697677bcfc2415a23878e1b895,b69d990830625c54de458282ff109286c5a35597680675bcad0a163ea8640edc,c2b991afd9a4b75d165bdbd9e9b37baafc099b9585182cab669e4e8e01c901ec,/home/letandat/Dev/uav-navigation/.artifacts/runtime/external-mode-check-20260925T092305-366082/logs/mapping.log,139110,18fad35f5e290c4c82495f0bdf944bb3c82342d2857a98a681f511c588acdc3e,file
nominal_N1,external-mode-check-20260925T092305-366082,d9ab33c3e2321ac60794da4128863bc7933458ea,5d6bfbdcea29d19d370267cba4667700cee73958,d87cdabb103084659a30a3f166adb46d3151ba0fcbfcca48d6a03922adb44f76,deaff86ee335dd697677bcfc2415a23878e1b895,b69d990830625c54de458282ff109286c5a35597680675bcad0a163ea8640edc,c2b991afd9a4b75d165bdbd9e9b37baafc099b9585182cab669e4e8e01c901ec,/home/letandat/Dev/uav-navigation/.artifacts/runtime/external-mode-check-20260925T092305-366082/logs/monitor.log,0,e3b0c44298fc1c149afbf4c8996fb92427ae41e4649b934ca495991b7852b855,file
nominal_N1,external-mode-check-20260925T092305-366082,d9ab33c3e2321ac60794da4128863bc7933458ea,5d6bfbdcea29d19d370267cba4667700cee73958,d87cdabb103084659a30a3f166adb46d3151ba0fcbfcca48d6a03922adb44f76,deaff86ee335dd697677bcfc2415a23878e1b895,b69d990830625c54de458282ff109286c5a35597680675bcad0a163ea8640edc,c2b991afd9a4b75d165bdbd9e9b37baafc099b9585182cab669e4e8e01c901ec,/home/letandat/Dev/uav-navigation/.artifacts/runtime/external-mode-check-20260925T092305-366082/logs/navigation_runtime_node_368490_1790328196098.log,72378,ec36191389a340a2a757d30d14749eb47b9ba4f49c9e11e8788504496b0dbe01,file
nominal_N1,external-mode-check-20260925T092305-366082,d9ab33c3e2321ac60794da4128863bc7933458ea,5d6bfbdcea29d19d370267cba4667700cee73958,d87cdabb103084659a30a3f166adb46d3151ba0fcbfcca48d6a03922adb44f76,deaff86ee335dd697677bcfc2415a23878e1b895,b69d990830625c54de458282ff109286c5a35597680675bcad0a163ea8640edc,c2b991afd9a4b75d165bdbd9e9b37baafc099b9585182cab669e4e8e01c901ec,/home/letandat/Dev/uav-navigation/.artifacts/runtime/external-mode-check-20260925T092305-366082/logs/parameter_bridge_368401_1790328195932.log,632,43dc825fe92693e432ad14a874c3e371c2e1f4b47b5312fd2aa501aeecde156e,file
nominal_N1,external-mode-check-20260925T092305-366082,d9ab33c3e2321ac60794da4128863bc7933458ea,5d6bfbdcea29d19d370267cba4667700cee73958,d87cdabb103084659a30a3f166adb46d3151ba0fcbfcca48d6a03922adb44f76,deaff86ee335dd697677bcfc2415a23878e1b895,b69d990830625c54de458282ff109286c5a35597680675bcad0a163ea8640edc,c2b991afd9a4b75d165bdbd9e9b37baafc099b9585182cab669e4e8e01c901ec,/home/letandat/Dev/uav-navigation/.artifacts/runtime/external-mode-check-20260925T092305-366082/logs/px4_gazebo.log,9054,41019ffd0d94b1f5898505432248b8eb5636fce8d34dfb44e50f335c0e9f665e,file
nominal_N1,external-mode-check-20260925T092305-366082,d9ab33c3e2321ac60794da4128863bc7933458ea,5d6bfbdcea29d19d370267cba4667700cee73958,d87cdabb103084659a30a3f166adb46d3151ba0fcbfcca48d6a03922adb44f76,deaff86ee335dd697677bcfc2415a23878e1b895,b69d990830625c54de458282ff109286c5a35597680675bcad0a163ea8640edc,c2b991afd9a4b75d165bdbd9e9b37baafc099b9585182cab669e4e8e01c901ec,/home/letandat/Dev/uav-navigation/.artifacts/runtime/external-mode-check-20260925T092305-366082/logs/px4_ingress.log,71,b692f88eee47194019d7ca4e9032fa8cafdad6bb1e7359cb4d95336327100024,file
nominal_N1,external-mode-check-20260925T092305-366082,d9ab33c3e2321ac60794da4128863bc7933458ea,5d6bfbdcea29d19d370267cba4667700cee73958,d87cdabb103084659a30a3f166adb46d3151ba0fcbfcca48d6a03922adb44f76,deaff86ee335dd697677bcfc2415a23878e1b895,b69d990830625c54de458282ff109286c5a35597680675bcad0a163ea8640edc,c2b991afd9a4b75d165bdbd9e9b37baafc099b9585182cab669e4e8e01c901ec,/home/letandat/Dev/uav-navigation/.artifacts/runtime/external-mode-check-20260925T092305-366082/logs/px4_navigation_external_mode_node_368804_1790328200850.log,33540,07ac0d87c01b0ad4c15b65e478e02dc562b3a4ac983f27f4972536df8482fa05,file
nominal_N1,external-mode-check-20260925T092305-366082,d9ab33c3e2321ac60794da4128863bc7933458ea,5d6bfbdcea29d19d370267cba4667700cee73958,d87cdabb103084659a30a3f166adb46d3151ba0fcbfcca48d6a03922adb44f76,deaff86ee335dd697677bcfc2415a23878e1b895,b69d990830625c54de458282ff109286c5a35597680675bcad0a163ea8640edc,c2b991afd9a4b75d165bdbd9e9b37baafc099b9585182cab669e4e8e01c901ec,/home/letandat/Dev/uav-navigation/.artifacts/runtime/external-mode-check-20260925T092305-366082/logs/px4_odometry_bridge_external_node_368542_1790328197759.log,1012,36c3177ced2170846afa41d71a225901f81323f2bfa60982127340d835195986,file
nominal_N1,external-mode-check-20260925T092305-366082,d9ab33c3e2321ac60794da4128863bc7933458ea,5d6bfbdcea29d19d370267cba4667700cee73958,d87cdabb103084659a30a3f166adb46d3151ba0fcbfcca48d6a03922adb44f76,deaff86ee335dd697677bcfc2415a23878e1b895,b69d990830625c54de458282ff109286c5a35597680675bcad0a163ea8640edc,c2b991afd9a4b75d165bdbd9e9b37baafc099b9585182cab669e4e8e01c901ec,/home/letandat/Dev/uav-navigation/.artifacts/runtime/external-mode-check-20260925T092305-366082/logs/px4_odometry_bridge_node_368438_1790328195957.log,71,b692f88eee47194019d7ca4e9032fa8cafdad6bb1e7359cb4d95336327100024,file
nominal_N1,external-mode-check-20260925T092305-366082,d9ab33c3e2321ac60794da4128863bc7933458ea,5d6bfbdcea29d19d370267cba4667700cee73958,d87cdabb103084659a30a3f166adb46d3151ba0fcbfcca48d6a03922adb44f76,deaff86ee335dd697677bcfc2415a23878e1b895,b69d990830625c54de458282ff109286c5a35597680675bcad0a163ea8640edc,c2b991afd9a4b75d165bdbd9e9b37baafc099b9585182cab669e4e8e01c901ec,/home/letandat/Dev/uav-navigation/.artifacts/runtime/external-mode-check-20260925T092305-366082/logs/python3_368067_1790328190957.log,0,e3b0c44298fc1c149afbf4c8996fb92427ae41e4649b934ca495991b7852b855,file
nominal_N1,external-mode-check-20260925T092305-366082,d9ab33c3e2321ac60794da4128863bc7933458ea,5d6bfbdcea29d19d370267cba4667700cee73958,d87cdabb103084659a30a3f166adb46d3151ba0fcbfcca48d6a03922adb44f76,deaff86ee335dd697677bcfc2415a23878e1b895,b69d990830625c54de458282ff109286c5a35597680675bcad0a163ea8640edc,c2b991afd9a4b75d165bdbd9e9b37baafc099b9585182cab669e4e8e01c901ec,/home/letandat/Dev/uav-navigation/.artifacts/runtime/external-mode-check-20260925T092305-366082/logs/python3_368251_1790328196059.log,4157,38eba795e455e3e8b6ec8112fb7f29e3bb9895538a8f2d8acb039536bb179d40,file
nominal_N1,external-mode-check-20260925T092305-366082,d9ab33c3e2321ac60794da4128863bc7933458ea,5d6bfbdcea29d19d370267cba4667700cee73958,d87cdabb103084659a30a3f166adb46d3151ba0fcbfcca48d6a03922adb44f76,deaff86ee335dd697677bcfc2415a23878e1b895,b69d990830625c54de458282ff109286c5a35597680675bcad0a163ea8640edc,c2b991afd9a4b75d165bdbd9e9b37baafc099b9585182cab669e4e8e01c901ec,/home/letandat/Dev/uav-navigation/.artifacts/runtime/external-mode-check-20260925T092305-366082/logs/python3_369085_1790328203552.log,238,a62bb11e4de2589670d7f25370b6f26e964e3840c7a8b6421ddd7332704f4887,file
nominal_N1,external-mode-check-20260925T092305-366082,d9ab33c3e2321ac60794da4128863bc7933458ea,5d6bfbdcea29d19d370267cba4667700cee73958,d87cdabb103084659a30a3f166adb46d3151ba0fcbfcca48d6a03922adb44f76,deaff86ee335dd697677bcfc2415a23878e1b895,b69d990830625c54de458282ff109286c5a35597680675bcad0a163ea8640edc,c2b991afd9a4b75d165bdbd9e9b37baafc099b9585182cab669e4e8e01c901ec,/home/letandat/Dev/uav-navigation/.artifacts/runtime/external-mode-check-20260925T092305-366082/logs/robot_state_publisher_368540_1790328197758.log,144,c3deca036cb97e5526a0e4473db4c9d4925871f2a86d285b7be0368e56c8c9d1,file
nominal_N1,external-mode-check-20260925T092305-366082,d9ab33c3e2321ac60794da4128863bc7933458ea,5d6bfbdcea29d19d370267cba4667700cee73958,d87cdabb103084659a30a3f166adb46d3151ba0fcbfcca48d6a03922adb44f76,deaff86ee335dd697677bcfc2415a23878e1b895,b69d990830625c54de458282ff109286c5a35597680675bcad0a163ea8640edc,c2b991afd9a4b75d165bdbd9e9b37baafc099b9585182cab669e4e8e01c901ec,/home/letandat/Dev/uav-navigation/.artifacts/runtime/external-mode-check-20260925T092305-366082/logs/rosbag.log,4405,a1b18b19836b65f9f13464e93a390a14f5acc020a50b65e9c427f07803962b8c,file
nominal_N1,external-mode-check-20260925T092305-366082,d9ab33c3e2321ac60794da4128863bc7933458ea,5d6bfbdcea29d19d370267cba4667700cee73958,d87cdabb103084659a30a3f166adb46d3151ba0fcbfcca48d6a03922adb44f76,deaff86ee335dd697677bcfc2415a23878e1b895,b69d990830625c54de458282ff109286c5a35597680675bcad0a163ea8640edc,c2b991afd9a4b75d165bdbd9e9b37baafc099b9585182cab669e4e8e01c901ec,/home/letandat/Dev/uav-navigation/.artifacts/runtime/external-mode-check-20260925T092305-366082/logs/visibility_bridge.log,201,3e0c72a5ac75dec67d0c953daf273d08647ab3fb16e21e5d720a9b8a7fe56650,file
nominal_N1,external-mode-check-20260925T092305-366082,d9ab33c3e2321ac60794da4128863bc7933458ea,5d6bfbdcea29d19d370267cba4667700cee73958,d87cdabb103084659a30a3f166adb46d3151ba0fcbfcca48d6a03922adb44f76,deaff86ee335dd697677bcfc2415a23878e1b895,b69d990830625c54de458282ff109286c5a35597680675bcad0a163ea8640edc,c2b991afd9a4b75d165bdbd9e9b37baafc099b9585182cab669e4e8e01c901ec,/home/letandat/Dev/uav-navigation/.artifacts/runtime/external-mode-check-20260925T092305-366082/logs/xrce_agent.log,44051,dd04eb623a689b7c3cd2fd226a4cbd0906446be3b830ce47622eda673815ca74,file
nominal_N1,external-mode-check-20260925T092305-366082,d9ab33c3e2321ac60794da4128863bc7933458ea,5d6bfbdcea29d19d370267cba4667700cee73958,d87cdabb103084659a30a3f166adb46d3151ba0fcbfcca48d6a03922adb44f76,deaff86ee335dd697677bcfc2415a23878e1b895,b69d990830625c54de458282ff109286c5a35597680675bcad0a163ea8640edc,c2b991afd9a4b75d165bdbd9e9b37baafc099b9585182cab669e4e8e01c901ec,/home/letandat/Dev/uav-navigation/.artifacts/runtime/external-mode-check-20260925T092305-366082/map_descriptor.json,1643,f9d227ec743ac0d33a01b74957c1eb028818bb03de6adda449317a81e1a09279,file
nominal_N1,external-mode-check-20260925T092305-366082,d9ab33c3e2321ac60794da4128863bc7933458ea,5d6bfbdcea29d19d370267cba4667700cee73958,d87cdabb103084659a30a3f166adb46d3151ba0fcbfcca48d6a03922adb44f76,deaff86ee335dd697677bcfc2415a23878e1b895,b69d990830625c54de458282ff109286c5a35597680675bcad0a163ea8640edc,c2b991afd9a4b75d165bdbd9e9b37baafc099b9585182cab669e4e8e01c901ec,/home/letandat/Dev/uav-navigation/.artifacts/runtime/external-mode-check-20260925T092305-366082/metadata.json,256290,dcae7bd78dcb91efc13247a416207b0c04bbe870449a9a7d691d3854fcf1a697,file
nominal_N1,external-mode-check-20260925T092305-366082,d9ab33c3e2321ac60794da4128863bc7933458ea,5d6bfbdcea29d19d370267cba4667700cee73958,d87cdabb103084659a30a3f166adb46d3151ba0fcbfcca48d6a03922adb44f76,deaff86ee335dd697677bcfc2415a23878e1b895,b69d990830625c54de458282ff109286c5a35597680675bcad0a163ea8640edc,c2b991afd9a4b75d165bdbd9e9b37baafc099b9585182cab669e4e8e01c901ec,/home/letandat/Dev/uav-navigation/.artifacts/runtime/external-mode-check-20260925T092305-366082/monitor.json,55847,540194aa6f5957594afd044823d7e2e7759513c87fa1cd639087c3d970cc42f9,file
nominal_N1,external-mode-check-20260925T092305-366082,d9ab33c3e2321ac60794da4128863bc7933458ea,5d6bfbdcea29d19d370267cba4667700cee73958,d87cdabb103084659a30a3f166adb46d3151ba0fcbfcca48d6a03922adb44f76,deaff86ee335dd697677bcfc2415a23878e1b895,b69d990830625c54de458282ff109286c5a35597680675bcad0a163ea8640edc,c2b991afd9a4b75d165bdbd9e9b37baafc099b9585182cab669e4e8e01c901ec,/home/letandat/Dev/uav-navigation/.artifacts/runtime/external-mode-check-20260925T092305-366082/navigation_runtime_params.yaml,1122,dfc33b2b4939a3de71f2ddadf1fa8c7a6cc3e63bc7745403f05026c81b27df0e,file
nominal_N1,external-mode-check-20260925T092305-366082,d9ab33c3e2321ac60794da4128863bc7933458ea,5d6bfbdcea29d19d370267cba4667700cee73958,d87cdabb103084659a30a3f166adb46d3151ba0fcbfcca48d6a03922adb44f76,deaff86ee335dd697677bcfc2415a23878e1b895,b69d990830625c54de458282ff109286c5a35597680675bcad0a163ea8640edc,c2b991afd9a4b75d165bdbd9e9b37baafc099b9585182cab669e4e8e01c901ec,/home/letandat/Dev/uav-navigation/.artifacts/runtime/external-mode-check-20260925T092305-366082/perception_timeline.jsonl,56369690,529494f5cf0af62bd6cebe95b707f982bcd408f85010b79a89b66b2f84d1470b,file
nominal_N1,external-mode-check-20260925T092305-366082,d9ab33c3e2321ac60794da4128863bc7933458ea,5d6bfbdcea29d19d370267cba4667700cee73958,d87cdabb103084659a30a3f166adb46d3151ba0fcbfcca48d6a03922adb44f76,deaff86ee335dd697677bcfc2415a23878e1b895,b69d990830625c54de458282ff109286c5a35597680675bcad0a163ea8640edc,c2b991afd9a4b75d165bdbd9e9b37baafc099b9585182cab669e4e8e01c901ec,/home/letandat/Dev/uav-navigation/.artifacts/runtime/external-mode-check-20260925T092305-366082/planner.yaml,3448,6480ff9679e20c3d5f9f5a38efbe7702d9ca98e66c454299019b423d5d298356,file
nominal_N1,external-mode-check-20260925T092305-366082,d9ab33c3e2321ac60794da4128863bc7933458ea,5d6bfbdcea29d19d370267cba4667700cee73958,d87cdabb103084659a30a3f166adb46d3151ba0fcbfcca48d6a03922adb44f76,deaff86ee335dd697677bcfc2415a23878e1b895,b69d990830625c54de458282ff109286c5a35597680675bcad0a163ea8640edc,c2b991afd9a4b75d165bdbd9e9b37baafc099b9585182cab669e4e8e01c901ec,/home/letandat/Dev/uav-navigation/.artifacts/runtime/external-mode-check-20260925T092305-366082/planning_timeline.jsonl,35083300,9565d345ef6b735112939455e5ed96530de23a7ca91cd2e321c640ab062f7798,file
nominal_N1,external-mode-check-20260925T092305-366082,d9ab33c3e2321ac60794da4128863bc7933458ea,5d6bfbdcea29d19d370267cba4667700cee73958,d87cdabb103084659a30a3f166adb46d3151ba0fcbfcca48d6a03922adb44f76,deaff86ee335dd697677bcfc2415a23878e1b895,b69d990830625c54de458282ff109286c5a35597680675bcad0a163ea8640edc,c2b991afd9a4b75d165bdbd9e9b37baafc099b9585182cab669e4e8e01c901ec,/home/letandat/Dev/uav-navigation/.artifacts/runtime/external-mode-check-20260925T092305-366082/processes.json,14794,6de2d2385fefa8d33ed95c0ca0adce5de26bf60d2c303ff2e339594569ac16c2,file
nominal_N1,external-mode-check-20260925T092305-366082,d9ab33c3e2321ac60794da4128863bc7933458ea,5d6bfbdcea29d19d370267cba4667700cee73958,d87cdabb103084659a30a3f166adb46d3151ba0fcbfcca48d6a03922adb44f76,deaff86ee335dd697677bcfc2415a23878e1b895,b69d990830625c54de458282ff109286c5a35597680675bcad0a163ea8640edc,c2b991afd9a4b75d165bdbd9e9b37baafc099b9585182cab669e4e8e01c901ec,/home/letandat/Dev/uav-navigation/.artifacts/runtime/external-mode-check-20260925T092305-366082/provenance/external_px4_dataman,1208528,55cf902b00539fd43b45029e449392ebfab82acdda744f056fcbe3aa0b0c10c4,file
nominal_N1,external-mode-check-20260925T092305-366082,d9ab33c3e2321ac60794da4128863bc7933458ea,5d6bfbdcea29d19d370267cba4667700cee73958,d87cdabb103084659a30a3f166adb46d3151ba0fcbfcca48d6a03922adb44f76,deaff86ee335dd697677bcfc2415a23878e1b895,b69d990830625c54de458282ff109286c5a35597680675bcad0a163ea8640edc,c2b991afd9a4b75d165bdbd9e9b37baafc099b9585182cab669e4e8e01c901ec,/home/letandat/Dev/uav-navigation/.artifacts/runtime/external-mode-check-20260925T092305-366082/provenance/external_px4_parameters.bson,1063,787d73189e05a6e4dbca2eef22e78310fff164c80861c0691f79458f44824556,file
nominal_N1,external-mode-check-20260925T092305-366082,d9ab33c3e2321ac60794da4128863bc7933458ea,5d6bfbdcea29d19d370267cba4667700cee73958,d87cdabb103084659a30a3f166adb46d3151ba0fcbfcca48d6a03922adb44f76,deaff86ee335dd697677bcfc2415a23878e1b895,b69d990830625c54de458282ff109286c5a35597680675bcad0a163ea8640edc,c2b991afd9a4b75d165bdbd9e9b37baafc099b9585182cab669e4e8e01c901ec,/home/letandat/Dev/uav-navigation/.artifacts/runtime/external-mode-check-20260925T092305-366082/provenance/external_px4_parameters_backup.bson,1063,787d73189e05a6e4dbca2eef22e78310fff164c80861c0691f79458f44824556,file
nominal_N1,external-mode-check-20260925T092305-366082,d9ab33c3e2321ac60794da4128863bc7933458ea,5d6bfbdcea29d19d370267cba4667700cee73958,d87cdabb103084659a30a3f166adb46d3151ba0fcbfcca48d6a03922adb44f76,deaff86ee335dd697677bcfc2415a23878e1b895,b69d990830625c54de458282ff109286c5a35597680675bcad0a163ea8640edc,c2b991afd9a4b75d165bdbd9e9b37baafc099b9585182cab669e4e8e01c901ec,/home/letandat/Dev/uav-navigation/.artifacts/runtime/external-mode-check-20260925T092305-366082/provenance/external_px4_status.txt,285,4165f8bc803e4dbc91afb1a5b198c5d914bea455e5d91ec0ac3165983cf02546,file
nominal_N1,external-mode-check-20260925T092305-366082,d9ab33c3e2321ac60794da4128863bc7933458ea,5d6bfbdcea29d19d370267cba4667700cee73958,d87cdabb103084659a30a3f166adb46d3151ba0fcbfcca48d6a03922adb44f76,deaff86ee335dd697677bcfc2415a23878e1b895,b69d990830625c54de458282ff109286c5a35597680675bcad0a163ea8640edc,c2b991afd9a4b75d165bdbd9e9b37baafc099b9585182cab669e4e8e01c901ec,/home/letandat/Dev/uav-navigation/.artifacts/runtime/external-mode-check-20260925T092305-366082/provenance/external_px4_tracked.diff,4198,d492bca20bd947a3d24c6657197d3cb84baf534a069825df5d320ff6139758b7,file
nominal_N1,external-mode-check-20260925T092305-366082,d9ab33c3e2321ac60794da4128863bc7933458ea,5d6bfbdcea29d19d370267cba4667700cee73958,d87cdabb103084659a30a3f166adb46d3151ba0fcbfcca48d6a03922adb44f76,deaff86ee335dd697677bcfc2415a23878e1b895,b69d990830625c54de458282ff109286c5a35597680675bcad0a163ea8640edc,c2b991afd9a4b75d165bdbd9e9b37baafc099b9585182cab669e4e8e01c901ec,/home/letandat/Dev/uav-navigation/.artifacts/runtime/external-mode-check-20260925T092305-366082/px4_mid360_control_bridge.yaml,826,95ac61d0e953ba8f1e2e23484508a29c4ebd5e7bc780bd27acc25932256f6ffe,file
nominal_N1,external-mode-check-20260925T092305-366082,d9ab33c3e2321ac60794da4128863bc7933458ea,5d6bfbdcea29d19d370267cba4667700cee73958,d87cdabb103084659a30a3f166adb46d3151ba0fcbfcca48d6a03922adb44f76,deaff86ee335dd697677bcfc2415a23878e1b895,b69d990830625c54de458282ff109286c5a35597680675bcad0a163ea8640edc,c2b991afd9a4b75d165bdbd9e9b37baafc099b9585182cab669e4e8e01c901ec,/home/letandat/Dev/uav-navigation/.artifacts/runtime/external-mode-check-20260925T092305-366082/px4_mid360_lidar_bridge.yaml,801,f7b49215915e60ef55d2ba83dec139443a3da7721971808d7673e3586333bce6,file
nominal_N1,external-mode-check-20260925T092305-366082,d9ab33c3e2321ac60794da4128863bc7933458ea,5d6bfbdcea29d19d370267cba4667700cee73958,d87cdabb103084659a30a3f166adb46d3151ba0fcbfcca48d6a03922adb44f76,deaff86ee335dd697677bcfc2415a23878e1b895,b69d990830625c54de458282ff109286c5a35597680675bcad0a163ea8640edc,c2b991afd9a4b75d165bdbd9e9b37baafc099b9585182cab669e4e8e01c901ec,/home/letandat/Dev/uav-navigation/.artifacts/runtime/external-mode-check-20260925T092305-366082/report.json,38018147,47ab2aa159ba6952f003f4b7c3c15172d99303e7e8778ab587557dc788db745f,file
nominal_N1,external-mode-check-20260925T092305-366082,d9ab33c3e2321ac60794da4128863bc7933458ea,5d6bfbdcea29d19d370267cba4667700cee73958,d87cdabb103084659a30a3f166adb46d3151ba0fcbfcca48d6a03922adb44f76,deaff86ee335dd697677bcfc2415a23878e1b895,b69d990830625c54de458282ff109286c5a35597680675bcad0a163ea8640edc,c2b991afd9a4b75d165bdbd9e9b37baafc099b9585182cab669e4e8e01c901ec,/home/letandat/Dev/uav-navigation/.artifacts/runtime/external-mode-check-20260925T092305-366082/resolved_long_featured.sdf,10967,cb40ad74ddeada92570d33c648387af4ba46282ba823675a6e438df1952ed3c8,file
nominal_N1,external-mode-check-20260925T092305-366082,d9ab33c3e2321ac60794da4128863bc7933458ea,5d6bfbdcea29d19d370267cba4667700cee73958,d87cdabb103084659a30a3f166adb46d3151ba0fcbfcca48d6a03922adb44f76,deaff86ee335dd697677bcfc2415a23878e1b895,b69d990830625c54de458282ff109286c5a35597680675bcad0a163ea8640edc,c2b991afd9a4b75d165bdbd9e9b37baafc099b9585182cab669e4e8e01c901ec,/home/letandat/Dev/uav-navigation/.artifacts/runtime/external-mode-check-20260925T092305-366082/resolved_mission.yaml,892,e1490f004ad6b2feb89253e2aee90581d53cd30ad3793f9e36f1a9afa44a7152,file
nominal_N1,external-mode-check-20260925T092305-366082,d9ab33c3e2321ac60794da4128863bc7933458ea,5d6bfbdcea29d19d370267cba4667700cee73958,d87cdabb103084659a30a3f166adb46d3151ba0fcbfcca48d6a03922adb44f76,deaff86ee335dd697677bcfc2415a23878e1b895,b69d990830625c54de458282ff109286c5a35597680675bcad0a163ea8640edc,c2b991afd9a4b75d165bdbd9e9b37baafc099b9585182cab669e4e8e01c901ec,/home/letandat/Dev/uav-navigation/.artifacts/runtime/external-mode-check-20260925T092305-366082/rosbag/metadata.yaml,19373,2380cf0c23cb115e3680a62439149176cf69896aeb92c894b44570156db29af4,file
nominal_N1,external-mode-check-20260925T092305-366082,d9ab33c3e2321ac60794da4128863bc7933458ea,5d6bfbdcea29d19d370267cba4667700cee73958,d87cdabb103084659a30a3f166adb46d3151ba0fcbfcca48d6a03922adb44f76,deaff86ee335dd697677bcfc2415a23878e1b895,b69d990830625c54de458282ff109286c5a35597680675bcad0a163ea8640edc,c2b991afd9a4b75d165bdbd9e9b37baafc099b9585182cab669e4e8e01c901ec,/home/letandat/Dev/uav-navigation/.artifacts/runtime/external-mode-check-20260925T092305-366082/rosbag/rosbag_0.db3,660377600,34b44e8aecc0da1db69b1db3f2de5ce6c11bc978f710096a51edfbdee220a144,file
nominal_N1,external-mode-check-20260925T092305-366082,d9ab33c3e2321ac60794da4128863bc7933458ea,5d6bfbdcea29d19d370267cba4667700cee73958,d87cdabb103084659a30a3f166adb46d3151ba0fcbfcca48d6a03922adb44f76,deaff86ee335dd697677bcfc2415a23878e1b895,b69d990830625c54de458282ff109286c5a35597680675bcad0a163ea8640edc,c2b991afd9a4b75d165bdbd9e9b37baafc099b9585182cab669e4e8e01c901ec,/home/letandat/Dev/uav-navigation/.artifacts/runtime/external-mode-check-20260925T092305-366082/runtime.json,247660,5afbbaf6d2b21ca695de11e9c9fcd5e33d30d817e3a7c76b97a7e45e826bb279,file
nominal_N1,external-mode-check-20260925T092305-366082,d9ab33c3e2321ac60794da4128863bc7933458ea,5d6bfbdcea29d19d370267cba4667700cee73958,d87cdabb103084659a30a3f166adb46d3151ba0fcbfcca48d6a03922adb44f76,deaff86ee335dd697677bcfc2415a23878e1b895,b69d990830625c54de458282ff109286c5a35597680675bcad0a163ea8640edc,c2b991afd9a4b75d165bdbd9e9b37baafc099b9585182cab669e4e8e01c901ec,/home/letandat/Dev/uav-navigation/.artifacts/runtime/external-mode-check-20260925T092305-366082/samples.jsonl,80916053,1b2421e22c7be026d6fe4580e2f0edf57eb0109f1a837e88cf69910b9dd3a2db,file
nominal_N1,external-mode-check-20260925T092305-366082,d9ab33c3e2321ac60794da4128863bc7933458ea,5d6bfbdcea29d19d370267cba4667700cee73958,d87cdabb103084659a30a3f166adb46d3151ba0fcbfcca48d6a03922adb44f76,deaff86ee335dd697677bcfc2415a23878e1b895,b69d990830625c54de458282ff109286c5a35597680675bcad0a163ea8640edc,c2b991afd9a4b75d165bdbd9e9b37baafc099b9585182cab669e4e8e01c901ec,/home/letandat/Dev/uav-navigation/.artifacts/runtime/external-mode-check-20260925T092305-366082/scenario.json,1509523,34a10b9cde27d071b7eeea50d9372d4ab53f0566cf8eb44b4b63235039a51932,file
nominal_N1,external-mode-check-20260925T092305-366082,d9ab33c3e2321ac60794da4128863bc7933458ea,5d6bfbdcea29d19d370267cba4667700cee73958,d87cdabb103084659a30a3f166adb46d3151ba0fcbfcca48d6a03922adb44f76,deaff86ee335dd697677bcfc2415a23878e1b895,b69d990830625c54de458282ff109286c5a35597680675bcad0a163ea8640edc,c2b991afd9a4b75d165bdbd9e9b37baafc099b9585182cab669e4e8e01c901ec,/home/letandat/Dev/uav-navigation/.artifacts/runtime/external-mode-check-20260925T092305-366082/scenario.jsonl,49122552,ae02347042098df40ac34c150789927babeb88964962ed249738bbb3723a8bd0,file
nominal_N1,external-mode-check-20260925T092305-366082,d9ab33c3e2321ac60794da4128863bc7933458ea,5d6bfbdcea29d19d370267cba4667700cee73958,d87cdabb103084659a30a3f166adb46d3151ba0fcbfcca48d6a03922adb44f76,deaff86ee335dd697677bcfc2415a23878e1b895,b69d990830625c54de458282ff109286c5a35597680675bcad0a163ea8640edc,c2b991afd9a4b75d165bdbd9e9b37baafc099b9585182cab669e4e8e01c901ec,/home/letandat/Dev/uav-navigation/.artifacts/runtime/external-mode-check-20260925T092305-366082/scenario_config.yaml,8745,c2b991afd9a4b75d165bdbd9e9b37baafc099b9585182cab669e4e8e01c901ec,file
nominal_N1,external-mode-check-20260925T092305-366082,d9ab33c3e2321ac60794da4128863bc7933458ea,5d6bfbdcea29d19d370267cba4667700cee73958,d87cdabb103084659a30a3f166adb46d3151ba0fcbfcca48d6a03922adb44f76,deaff86ee335dd697677bcfc2415a23878e1b895,b69d990830625c54de458282ff109286c5a35597680675bcad0a163ea8640edc,c2b991afd9a4b75d165bdbd9e9b37baafc099b9585182cab669e4e8e01c901ec,/home/letandat/Dev/uav-navigation/.artifacts/runtime/external-mode-check-20260925T092305-366082/state.json,1378,b15371f8ac1d443eb264b837c5ad6ecf2a7d150c1a9b801203757403b40b99a1,file
nominal_N2,external-mode-check-20260925T092630-369436,d9ab33c3e2321ac60794da4128863bc7933458ea,5d6bfbdcea29d19d370267cba4667700cee73958,d87cdabb103084659a30a3f166adb46d3151ba0fcbfcca48d6a03922adb44f76,deaff86ee335dd697677bcfc2415a23878e1b895,b69d990830625c54de458282ff109286c5a35597680675bcad0a163ea8640edc,aecc4e941e02a712f2c9f8fb1375b0bd4b0ae79838b39fc55398ba9cc3bec9d9,/home/letandat/Dev/uav-navigation/.artifacts/runtime/external-mode-check-20260925T092630-369436/REPORT.html,2230160,16823f891698bdcc56f9606f9608da826993c9c696aa239b366d016d292602d5,file
nominal_N2,external-mode-check-20260925T092630-369436,d9ab33c3e2321ac60794da4128863bc7933458ea,5d6bfbdcea29d19d370267cba4667700cee73958,d87cdabb103084659a30a3f166adb46d3151ba0fcbfcca48d6a03922adb44f76,deaff86ee335dd697677bcfc2415a23878e1b895,b69d990830625c54de458282ff109286c5a35597680675bcad0a163ea8640edc,aecc4e941e02a712f2c9f8fb1375b0bd4b0ae79838b39fc55398ba9cc3bec9d9,/home/letandat/Dev/uav-navigation/.artifacts/runtime/external-mode-check-20260925T092630-369436/benchmark_metrics.json,16144,b45198fbe72aca4b1b3a200c1cc6211087dc3992db2f527989e60010f567b6b5,file
nominal_N2,external-mode-check-20260925T092630-369436,d9ab33c3e2321ac60794da4128863bc7933458ea,5d6bfbdcea29d19d370267cba4667700cee73958,d87cdabb103084659a30a3f166adb46d3151ba0fcbfcca48d6a03922adb44f76,deaff86ee335dd697677bcfc2415a23878e1b895,b69d990830625c54de458282ff109286c5a35597680675bcad0a163ea8640edc,aecc4e941e02a712f2c9f8fb1375b0bd4b0ae79838b39fc55398ba9cc3bec9d9,/home/letandat/Dev/uav-navigation/.artifacts/runtime/external-mode-check-20260925T092630-369436/config_snapshot/external_mode.yaml,948,c6b68c172a2214facc1ab51ea88de472d2a237e2d33a1e877c09b6f85231567b,file
nominal_N2,external-mode-check-20260925T092630-369436,d9ab33c3e2321ac60794da4128863bc7933458ea,5d6bfbdcea29d19d370267cba4667700cee73958,d87cdabb103084659a30a3f166adb46d3151ba0fcbfcca48d6a03922adb44f76,deaff86ee335dd697677bcfc2415a23878e1b895,b69d990830625c54de458282ff109286c5a35597680675bcad0a163ea8640edc,aecc4e941e02a712f2c9f8fb1375b0bd4b0ae79838b39fc55398ba9cc3bec9d9,/home/letandat/Dev/uav-navigation/.artifacts/runtime/external-mode-check-20260925T092630-369436/config_snapshot/external_mode_params.yaml,504,8da6681cef5e6c96ffbab7b48fb638fd0dd630576778b600a09b575ac2a7c143,file
nominal_N2,external-mode-check-20260925T092630-369436,d9ab33c3e2321ac60794da4128863bc7933458ea,5d6bfbdcea29d19d370267cba4667700cee73958,d87cdabb103084659a30a3f166adb46d3151ba0fcbfcca48d6a03922adb44f76,deaff86ee335dd697677bcfc2415a23878e1b895,b69d990830625c54de458282ff109286c5a35597680675bcad0a163ea8640edc,aecc4e941e02a712f2c9f8fb1375b0bd4b0ae79838b39fc55398ba9cc3bec9d9,/home/letandat/Dev/uav-navigation/.artifacts/runtime/external-mode-check-20260925T092630-369436/config_snapshot/mapping.yaml,915,65a8e5582576157660df8c13cd084c199679a07832564214d63d1e22d842126b,file
nominal_N2,external-mode-check-20260925T092630-369436,d9ab33c3e2321ac60794da4128863bc7933458ea,5d6bfbdcea29d19d370267cba4667700cee73958,d87cdabb103084659a30a3f166adb46d3151ba0fcbfcca48d6a03922adb44f76,deaff86ee335dd697677bcfc2415a23878e1b895,b69d990830625c54de458282ff109286c5a35597680675bcad0a163ea8640edc,aecc4e941e02a712f2c9f8fb1375b0bd4b0ae79838b39fc55398ba9cc3bec9d9,/home/letandat/Dev/uav-navigation/.artifacts/runtime/external-mode-check-20260925T092630-369436/config_snapshot/mission.yaml,892,e1490f004ad6b2feb89253e2aee90581d53cd30ad3793f9e36f1a9afa44a7152,file
nominal_N2,external-mode-check-20260925T092630-369436,d9ab33c3e2321ac60794da4128863bc7933458ea,5d6bfbdcea29d19d370267cba4667700cee73958,d87cdabb103084659a30a3f166adb46d3151ba0fcbfcca48d6a03922adb44f76,deaff86ee335dd697677bcfc2415a23878e1b895,b69d990830625c54de458282ff109286c5a35597680675bcad0a163ea8640edc,aecc4e941e02a712f2c9f8fb1375b0bd4b0ae79838b39fc55398ba9cc3bec9d9,/home/letandat/Dev/uav-navigation/.artifacts/runtime/external-mode-check-20260925T092630-369436/config_snapshot/navigation_runtime_params.yaml,1122,c04b069e6da30ebeea43e8c9a4eecad88a4ad10cd175efb3201fc10cf673e7ed,file
nominal_N2,external-mode-check-20260925T092630-369436,d9ab33c3e2321ac60794da4128863bc7933458ea,5d6bfbdcea29d19d370267cba4667700cee73958,d87cdabb103084659a30a3f166adb46d3151ba0fcbfcca48d6a03922adb44f76,deaff86ee335dd697677bcfc2415a23878e1b895,b69d990830625c54de458282ff109286c5a35597680675bcad0a163ea8640edc,aecc4e941e02a712f2c9f8fb1375b0bd4b0ae79838b39fc55398ba9cc3bec9d9,/home/letandat/Dev/uav-navigation/.artifacts/runtime/external-mode-check-20260925T092630-369436/config_snapshot/planner.yaml,3448,6480ff9679e20c3d5f9f5a38efbe7702d9ca98e66c454299019b423d5d298356,file
nominal_N2,external-mode-check-20260925T092630-369436,d9ab33c3e2321ac60794da4128863bc7933458ea,5d6bfbdcea29d19d370267cba4667700cee73958,d87cdabb103084659a30a3f166adb46d3151ba0fcbfcca48d6a03922adb44f76,deaff86ee335dd697677bcfc2415a23878e1b895,b69d990830625c54de458282ff109286c5a35597680675bcad0a163ea8640edc,aecc4e941e02a712f2c9f8fb1375b0bd4b0ae79838b39fc55398ba9cc3bec9d9,/home/letandat/Dev/uav-navigation/.artifacts/runtime/external-mode-check-20260925T092630-369436/config_snapshot/scenario_config.yaml,8745,aecc4e941e02a712f2c9f8fb1375b0bd4b0ae79838b39fc55398ba9cc3bec9d9,file
nominal_N2,external-mode-check-20260925T092630-369436,d9ab33c3e2321ac60794da4128863bc7933458ea,5d6bfbdcea29d19d370267cba4667700cee73958,d87cdabb103084659a30a3f166adb46d3151ba0fcbfcca48d6a03922adb44f76,deaff86ee335dd697677bcfc2415a23878e1b895,b69d990830625c54de458282ff109286c5a35597680675bcad0a163ea8640edc,aecc4e941e02a712f2c9f8fb1375b0bd4b0ae79838b39fc55398ba9cc3bec9d9,/home/letandat/Dev/uav-navigation/.artifacts/runtime/external-mode-check-20260925T092630-369436/config_snapshot/sim.yaml,3386,7a10d650dadf12198afe27e9844d2a0d1ccfeaf2fcdb084643a5459f653380bd,file
nominal_N2,external-mode-check-20260925T092630-369436,d9ab33c3e2321ac60794da4128863bc7933458ea,5d6bfbdcea29d19d370267cba4667700cee73958,d87cdabb103084659a30a3f166adb46d3151ba0fcbfcca48d6a03922adb44f76,deaff86ee335dd697677bcfc2415a23878e1b895,b69d990830625c54de458282ff109286c5a35597680675bcad0a163ea8640edc,aecc4e941e02a712f2c9f8fb1375b0bd4b0ae79838b39fc55398ba9cc3bec9d9,/home/letandat/Dev/uav-navigation/.artifacts/runtime/external-mode-check-20260925T092630-369436/execution_timeline.jsonl,34380343,40b7bc1a50501cb08ccdfec7601043aebf67162cae13faa4e6c6c54b07de383e,file
nominal_N2,external-mode-check-20260925T092630-369436,d9ab33c3e2321ac60794da4128863bc7933458ea,5d6bfbdcea29d19d370267cba4667700cee73958,d87cdabb103084659a30a3f166adb46d3151ba0fcbfcca48d6a03922adb44f76,deaff86ee335dd697677bcfc2415a23878e1b895,b69d990830625c54de458282ff109286c5a35597680675bcad0a163ea8640edc,aecc4e941e02a712f2c9f8fb1375b0bd4b0ae79838b39fc55398ba9cc3bec9d9,/home/letandat/Dev/uav-navigation/.artifacts/runtime/external-mode-check-20260925T092630-369436/external_mode_params.yaml,504,8da6681cef5e6c96ffbab7b48fb638fd0dd630576778b600a09b575ac2a7c143,file
nominal_N2,external-mode-check-20260925T092630-369436,d9ab33c3e2321ac60794da4128863bc7933458ea,5d6bfbdcea29d19d370267cba4667700cee73958,d87cdabb103084659a30a3f166adb46d3151ba0fcbfcca48d6a03922adb44f76,deaff86ee335dd697677bcfc2415a23878e1b895,b69d990830625c54de458282ff109286c5a35597680675bcad0a163ea8640edc,aecc4e941e02a712f2c9f8fb1375b0bd4b0ae79838b39fc55398ba9cc3bec9d9,/home/letandat/Dev/uav-navigation/.artifacts/runtime/external-mode-check-20260925T092630-369436/fast_lio_params.yaml,2791,457c4b660fd772ca199ceeaa70e3cdd1e1134aaa615d971cd0c330f3a146ccee,file
nominal_N2,external-mode-check-20260925T092630-369436,d9ab33c3e2321ac60794da4128863bc7933458ea,5d6bfbdcea29d19d370267cba4667700cee73958,d87cdabb103084659a30a3f166adb46d3151ba0fcbfcca48d6a03922adb44f76,deaff86ee335dd697677bcfc2415a23878e1b895,b69d990830625c54de458282ff109286c5a35597680675bcad0a163ea8640edc,aecc4e941e02a712f2c9f8fb1375b0bd4b0ae79838b39fc55398ba9cc3bec9d9,/home/letandat/Dev/uav-navigation/.artifacts/runtime/external-mode-check-20260925T092630-369436/logs/2026-09-25-16-26-41-458309-letandat-Legion-5-Pro-16IAH7H-371625/launch.log,1086,cd3d41e2f25617e470521ab056571092b51d2cb46768cb914a4212b23c1e330a,file
nominal_N2,external-mode-check-20260925T092630-369436,d9ab33c3e2321ac60794da4128863bc7933458ea,5d6bfbdcea29d19d370267cba4667700cee73958,d87cdabb103084659a30a3f166adb46d3151ba0fcbfcca48d6a03922adb44f76,deaff86ee335dd697677bcfc2415a23878e1b895,b69d990830625c54de458282ff109286c5a35597680675bcad0a163ea8640edc,aecc4e941e02a712f2c9f8fb1375b0bd4b0ae79838b39fc55398ba9cc3bec9d9,/home/letandat/Dev/uav-navigation/.artifacts/runtime/external-mode-check-20260925T092630-369436/logs/2026-09-25-16-26-42-705556-letandat-Legion-5-Pro-16IAH7H-371867/launch.log,1683,6cacbc1d2c25b861a15480a5408a166e345f8f059ba42c927912585961e92f8a,file
nominal_N2,external-mode-check-20260925T092630-369436,d9ab33c3e2321ac60794da4128863bc7933458ea,5d6bfbdcea29d19d370267cba4667700cee73958,d87cdabb103084659a30a3f166adb46d3151ba0fcbfcca48d6a03922adb44f76,deaff86ee335dd697677bcfc2415a23878e1b895,b69d990830625c54de458282ff109286c5a35597680675bcad0a163ea8640edc,aecc4e941e02a712f2c9f8fb1375b0bd4b0ae79838b39fc55398ba9cc3bec9d9,/home/letandat/Dev/uav-navigation/.artifacts/runtime/external-mode-check-20260925T092630-369436/logs/2026-09-25-16-26-48-650664-letandat-Legion-5-Pro-16IAH7H-372473/launch.log,731,ecc18c4f45305ec376e50902e01b5f24ae921ff62529b0dc5064a9e7fa459144,file
nominal_N2,external-mode-check-20260925T092630-369436,d9ab33c3e2321ac60794da4128863bc7933458ea,5d6bfbdcea29d19d370267cba4667700cee73958,d87cdabb103084659a30a3f166adb46d3151ba0fcbfcca48d6a03922adb44f76,deaff86ee335dd697677bcfc2415a23878e1b895,b69d990830625c54de458282ff109286c5a35597680675bcad0a163ea8640edc,aecc4e941e02a712f2c9f8fb1375b0bd4b0ae79838b39fc55398ba9cc3bec9d9,/home/letandat/Dev/uav-navigation/.artifacts/runtime/external-mode-check-20260925T092630-369436/logs/bridge.log,632,1e8d4cbb3f61715c7eb432c984c025751af218a79570e54fbc7ec703968bc234,file
nominal_N2,external-mode-check-20260925T092630-369436,d9ab33c3e2321ac60794da4128863bc7933458ea,5d6bfbdcea29d19d370267cba4667700cee73958,d87cdabb103084659a30a3f166adb46d3151ba0fcbfcca48d6a03922adb44f76,deaff86ee335dd697677bcfc2415a23878e1b895,b69d990830625c54de458282ff109286c5a35597680675bcad0a163ea8640edc,aecc4e941e02a712f2c9f8fb1375b0bd4b0ae79838b39fc55398ba9cc3bec9d9,/home/letandat/Dev/uav-navigation/.artifacts/runtime/external-mode-check-20260925T092630-369436/logs/bridge_lidar.log,2133,884ffefe18485072335797dcaa1b1d384a07df77e3c09994770dc49ee67508c6,file
nominal_N2,external-mode-check-20260925T092630-369436,d9ab33c3e2321ac60794da4128863bc7933458ea,5d6bfbdcea29d19d370267cba4667700cee73958,d87cdabb103084659a30a3f166adb46d3151ba0fcbfcca48d6a03922adb44f76,deaff86ee335dd697677bcfc2415a23878e1b895,b69d990830625c54de458282ff109286c5a35597680675bcad0a163ea8640edc,aecc4e941e02a712f2c9f8fb1375b0bd4b0ae79838b39fc55398ba9cc3bec9d9,/home/letandat/Dev/uav-navigation/.artifacts/runtime/external-mode-check-20260925T092630-369436/logs/external_mode.log,25596,ef33c026ae78deb19d60f65fc3028a3ceef12bd94b20a7c4aeb1074886900774,file
nominal_N2,external-mode-check-20260925T092630-369436,d9ab33c3e2321ac60794da4128863bc7933458ea,5d6bfbdcea29d19d370267cba4667700cee73958,d87cdabb103084659a30a3f166adb46d3151ba0fcbfcca48d6a03922adb44f76,deaff86ee335dd697677bcfc2415a23878e1b895,b69d990830625c54de458282ff109286c5a35597680675bcad0a163ea8640edc,aecc4e941e02a712f2c9f8fb1375b0bd4b0ae79838b39fc55398ba9cc3bec9d9,/home/letandat/Dev/uav-navigation/.artifacts/runtime/external-mode-check-20260925T092630-369436/logs/external_mode_scenario.log,238,d9fd20c72656680e5f9d52efa5c7521a0d9d3b1ef9625ab0a1cf457f5d2f94ae,file
nominal_N2,external-mode-check-20260925T092630-369436,d9ab33c3e2321ac60794da4128863bc7933458ea,5d6bfbdcea29d19d370267cba4667700cee73958,d87cdabb103084659a30a3f166adb46d3151ba0fcbfcca48d6a03922adb44f76,deaff86ee335dd697677bcfc2415a23878e1b895,b69d990830625c54de458282ff109286c5a35597680675bcad0a163ea8640edc,aecc4e941e02a712f2c9f8fb1375b0bd4b0ae79838b39fc55398ba9cc3bec9d9,/home/letandat/Dev/uav-navigation/.artifacts/runtime/external-mode-check-20260925T092630-369436/logs/fast_lio_node_371904_1790328402889.log,458,41bdef11fe3959c232c3fb81b09ef29ec768ca684a615c98faf9620a3ae49f81,file
nominal_N2,external-mode-check-20260925T092630-369436,d9ab33c3e2321ac60794da4128863bc7933458ea,5d6bfbdcea29d19d370267cba4667700cee73958,d87cdabb103084659a30a3f166adb46d3151ba0fcbfcca48d6a03922adb44f76,deaff86ee335dd697677bcfc2415a23878e1b895,b69d990830625c54de458282ff109286c5a35597680675bcad0a163ea8640edc,aecc4e941e02a712f2c9f8fb1375b0bd4b0ae79838b39fc55398ba9cc3bec9d9,/home/letandat/Dev/uav-navigation/.artifacts/runtime/external-mode-check-20260925T092630-369436/logs/gazebo.log,2558,729b16ae715828c8c9d8102f141b90622c21519830d1e3755195463fbc7833ea,file
nominal_N2,external-mode-check-20260925T092630-369436,d9ab33c3e2321ac60794da4128863bc7933458ea,5d6bfbdcea29d19d370267cba4667700cee73958,d87cdabb103084659a30a3f166adb46d3151ba0fcbfcca48d6a03922adb44f76,deaff86ee335dd697677bcfc2415a23878e1b895,b69d990830625c54de458282ff109286c5a35597680675bcad0a163ea8640edc,aecc4e941e02a712f2c9f8fb1375b0bd4b0ae79838b39fc55398ba9cc3bec9d9,/home/letandat/Dev/uav-navigation/.artifacts/runtime/external-mode-check-20260925T092630-369436/logs/gz_lidar_bridge_371765_1790328401432.log,1947,719e1486de7e831f82d160616cc9548968c2bafe8f5f16d48adaae56b0238afa,file
nominal_N2,external-mode-check-20260925T092630-369436,d9ab33c3e2321ac60794da4128863bc7933458ea,5d6bfbdcea29d19d370267cba4667700cee73958,d87cdabb103084659a30a3f166adb46d3151ba0fcbfcca48d6a03922adb44f76,deaff86ee335dd697677bcfc2415a23878e1b895,b69d990830625c54de458282ff109286c5a35597680675bcad0a163ea8640edc,aecc4e941e02a712f2c9f8fb1375b0bd4b0ae79838b39fc55398ba9cc3bec9d9,/home/letandat/Dev/uav-navigation/.artifacts/runtime/external-mode-check-20260925T092630-369436/logs/gz_visibility_bridge_371747_1790328401352.log,71,488e91489dcd53ed5fbd1dfe8a3e85c1a8a6542d20cd6abebedd0c2cd5bda075,file
nominal_N2,external-mode-check-20260925T092630-369436,d9ab33c3e2321ac60794da4128863bc7933458ea,5d6bfbdcea29d19d370267cba4667700cee73958,d87cdabb103084659a30a3f166adb46d3151ba0fcbfcca48d6a03922adb44f76,deaff86ee335dd697677bcfc2415a23878e1b895,b69d990830625c54de458282ff109286c5a35597680675bcad0a163ea8640edc,aecc4e941e02a712f2c9f8fb1375b0bd4b0ae79838b39fc55398ba9cc3bec9d9,/home/letandat/Dev/uav-navigation/.artifacts/runtime/external-mode-check-20260925T092630-369436/logs/lio.log,3253,cfae884a122ee8385a45d93b3ac0489fbbe30e99889d879fb92a21e07a5ad951,file
nominal_N2,external-mode-check-20260925T092630-369436,d9ab33c3e2321ac60794da4128863bc7933458ea,5d6bfbdcea29d19d370267cba4667700cee73958,d87cdabb103084659a30a3f166adb46d3151ba0fcbfcca48d6a03922adb44f76,deaff86ee335dd697677bcfc2415a23878e1b895,b69d990830625c54de458282ff109286c5a35597680675bcad0a163ea8640edc,aecc4e941e02a712f2c9f8fb1375b0bd4b0ae79838b39fc55398ba9cc3bec9d9,/home/letandat/Dev/uav-navigation/.artifacts/runtime/external-mode-check-20260925T092630-369436/logs/mapping.log,90118,3ccc8945bef0d9ff40c5e804493fc8bcfbc9e18386689f34cc68c9069a8ae80a,file
nominal_N2,external-mode-check-20260925T092630-369436,d9ab33c3e2321ac60794da4128863bc7933458ea,5d6bfbdcea29d19d370267cba4667700cee73958,d87cdabb103084659a30a3f166adb46d3151ba0fcbfcca48d6a03922adb44f76,deaff86ee335dd697677bcfc2415a23878e1b895,b69d990830625c54de458282ff109286c5a35597680675bcad0a163ea8640edc,aecc4e941e02a712f2c9f8fb1375b0bd4b0ae79838b39fc55398ba9cc3bec9d9,/home/letandat/Dev/uav-navigation/.artifacts/runtime/external-mode-check-20260925T092630-369436/logs/monitor.log,0,e3b0c44298fc1c149afbf4c8996fb92427ae41e4649b934ca495991b7852b855,file
nominal_N2,external-mode-check-20260925T092630-369436,d9ab33c3e2321ac60794da4128863bc7933458ea,5d6bfbdcea29d19d370267cba4667700cee73958,d87cdabb103084659a30a3f166adb46d3151ba0fcbfcca48d6a03922adb44f76,deaff86ee335dd697677bcfc2415a23878e1b895,b69d990830625c54de458282ff109286c5a35597680675bcad0a163ea8640edc,aecc4e941e02a712f2c9f8fb1375b0bd4b0ae79838b39fc55398ba9cc3bec9d9,/home/letandat/Dev/uav-navigation/.artifacts/runtime/external-mode-check-20260925T092630-369436/logs/navigation_runtime_node_371831_1790328401558.log,36124,3e2479750d08d0dc9c8927c0c35debec10fbcd2e45346835655c9340c0400c88,file
nominal_N2,external-mode-check-20260925T092630-369436,d9ab33c3e2321ac60794da4128863bc7933458ea,5d6bfbdcea29d19d370267cba4667700cee73958,d87cdabb103084659a30a3f166adb46d3151ba0fcbfcca48d6a03922adb44f76,deaff86ee335dd697677bcfc2415a23878e1b895,b69d990830625c54de458282ff109286c5a35597680675bcad0a163ea8640edc,aecc4e941e02a712f2c9f8fb1375b0bd4b0ae79838b39fc55398ba9cc3bec9d9,/home/letandat/Dev/uav-navigation/.artifacts/runtime/external-mode-check-20260925T092630-369436/logs/parameter_bridge_371778_1790328401472.log,632,1e8d4cbb3f61715c7eb432c984c025751af218a79570e54fbc7ec703968bc234,file
nominal_N2,external-mode-check-20260925T092630-369436,d9ab33c3e2321ac60794da4128863bc7933458ea,5d6bfbdcea29d19d370267cba4667700cee73958,d87cdabb103084659a30a3f166adb46d3151ba0fcbfcca48d6a03922adb44f76,deaff86ee335dd697677bcfc2415a23878e1b895,b69d990830625c54de458282ff109286c5a35597680675bcad0a163ea8640edc,aecc4e941e02a712f2c9f8fb1375b0bd4b0ae79838b39fc55398ba9cc3bec9d9,/home/letandat/Dev/uav-navigation/.artifacts/runtime/external-mode-check-20260925T092630-369436/logs/px4_gazebo.log,9054,d97e852944adf4f9eb62d32f97ece4f16d49631a591c1eea6709944c5e58b32e,file
nominal_N2,external-mode-check-20260925T092630-369436,d9ab33c3e2321ac60794da4128863bc7933458ea,5d6bfbdcea29d19d370267cba4667700cee73958,d87cdabb103084659a30a3f166adb46d3151ba0fcbfcca48d6a03922adb44f76,deaff86ee335dd697677bcfc2415a23878e1b895,b69d990830625c54de458282ff109286c5a35597680675bcad0a163ea8640edc,aecc4e941e02a712f2c9f8fb1375b0bd4b0ae79838b39fc55398ba9cc3bec9d9,/home/letandat/Dev/uav-navigation/.artifacts/runtime/external-mode-check-20260925T092630-369436/logs/px4_ingress.log,71,79c56a46c88d472240f4dca506bfa62b18bd637b15152aeacb17a985426c3b7a,file
nominal_N2,external-mode-check-20260925T092630-369436,d9ab33c3e2321ac60794da4128863bc7933458ea,5d6bfbdcea29d19d370267cba4667700cee73958,d87cdabb103084659a30a3f166adb46d3151ba0fcbfcca48d6a03922adb44f76,deaff86ee335dd697677bcfc2415a23878e1b895,b69d990830625c54de458282ff109286c5a35597680675bcad0a163ea8640edc,aecc4e941e02a712f2c9f8fb1375b0bd4b0ae79838b39fc55398ba9cc3bec9d9,/home/letandat/Dev/uav-navigation/.artifacts/runtime/external-mode-check-20260925T092630-369436/logs/px4_navigation_external_mode_node_372495_1790328408739.log,22323,851378d1215f158f7d17abf87b764861084692e3b13615008aaac376ea41f123,file
nominal_N2,external-mode-check-20260925T092630-369436,d9ab33c3e2321ac60794da4128863bc7933458ea,5d6bfbdcea29d19d370267cba4667700cee73958,d87cdabb103084659a30a3f166adb46d3151ba0fcbfcca48d6a03922adb44f76,deaff86ee335dd697677bcfc2415a23878e1b895,b69d990830625c54de458282ff109286c5a35597680675bcad0a163ea8640edc,aecc4e941e02a712f2c9f8fb1375b0bd4b0ae79838b39fc55398ba9cc3bec9d9,/home/letandat/Dev/uav-navigation/.artifacts/runtime/external-mode-check-20260925T092630-369436/logs/px4_odometry_bridge_external_node_371905_1790328402886.log,1012,1925ff4bbeb511ee71c89ce0f1120d2bd057211e099f10db86f21edbc14296bb,file
nominal_N2,external-mode-check-20260925T092630-369436,d9ab33c3e2321ac60794da4128863bc7933458ea,5d6bfbdcea29d19d370267cba4667700cee73958,d87cdabb103084659a30a3f166adb46d3151ba0fcbfcca48d6a03922adb44f76,deaff86ee335dd697677bcfc2415a23878e1b895,b69d990830625c54de458282ff109286c5a35597680675bcad0a163ea8640edc,aecc4e941e02a712f2c9f8fb1375b0bd4b0ae79838b39fc55398ba9cc3bec9d9,/home/letandat/Dev/uav-navigation/.artifacts/runtime/external-mode-check-20260925T092630-369436/logs/px4_odometry_bridge_node_371767_1790328401428.log,71,79c56a46c88d472240f4dca506bfa62b18bd637b15152aeacb17a985426c3b7a,file
nominal_N2,external-mode-check-20260925T092630-369436,d9ab33c3e2321ac60794da4128863bc7933458ea,5d6bfbdcea29d19d370267cba4667700cee73958,d87cdabb103084659a30a3f166adb46d3151ba0fcbfcca48d6a03922adb44f76,deaff86ee335dd697677bcfc2415a23878e1b895,b69d990830625c54de458282ff109286c5a35597680675bcad0a163ea8640edc,aecc4e941e02a712f2c9f8fb1375b0bd4b0ae79838b39fc55398ba9cc3bec9d9,/home/letandat/Dev/uav-navigation/.artifacts/runtime/external-mode-check-20260925T092630-369436/logs/python3_371421_1790328396444.log,0,e3b0c44298fc1c149afbf4c8996fb92427ae41e4649b934ca495991b7852b855,file
nominal_N2,external-mode-check-20260925T092630-369436,d9ab33c3e2321ac60794da4128863bc7933458ea,5d6bfbdcea29d19d370267cba4667700cee73958,d87cdabb103084659a30a3f166adb46d3151ba0fcbfcca48d6a03922adb44f76,deaff86ee335dd697677bcfc2415a23878e1b895,b69d990830625c54de458282ff109286c5a35597680675bcad0a163ea8640edc,aecc4e941e02a712f2c9f8fb1375b0bd4b0ae79838b39fc55398ba9cc3bec9d9,/home/letandat/Dev/uav-navigation/.artifacts/runtime/external-mode-check-20260925T092630-369436/logs/python3_371604_1790328401621.log,4157,2a02dbdcaca2d21b8d7bb5f25cd5e64f07dd874ab02dc9dc8fd50b58bbdfd166,file
nominal_N2,external-mode-check-20260925T092630-369436,d9ab33c3e2321ac60794da4128863bc7933458ea,5d6bfbdcea29d19d370267cba4667700cee73958,d87cdabb103084659a30a3f166adb46d3151ba0fcbfcca48d6a03922adb44f76,deaff86ee335dd697677bcfc2415a23878e1b895,b69d990830625c54de458282ff109286c5a35597680675bcad0a163ea8640edc,aecc4e941e02a712f2c9f8fb1375b0bd4b0ae79838b39fc55398ba9cc3bec9d9,/home/letandat/Dev/uav-navigation/.artifacts/runtime/external-mode-check-20260925T092630-369436/logs/python3_372514_1790328411047.log,238,d9fd20c72656680e5f9d52efa5c7521a0d9d3b1ef9625ab0a1cf457f5d2f94ae,file
nominal_N2,external-mode-check-20260925T092630-369436,d9ab33c3e2321ac60794da4128863bc7933458ea,5d6bfbdcea29d19d370267cba4667700cee73958,d87cdabb103084659a30a3f166adb46d3151ba0fcbfcca48d6a03922adb44f76,deaff86ee335dd697677bcfc2415a23878e1b895,b69d990830625c54de458282ff109286c5a35597680675bcad0a163ea8640edc,aecc4e941e02a712f2c9f8fb1375b0bd4b0ae79838b39fc55398ba9cc3bec9d9,/home/letandat/Dev/uav-navigation/.artifacts/runtime/external-mode-check-20260925T092630-369436/logs/robot_state_publisher_371903_1790328402882.log,144,8fe53eee9eae322194244477073a56f5772e43ab86757f4692fdf9ce4dc9fe8b,file
nominal_N2,external-mode-check-20260925T092630-369436,d9ab33c3e2321ac60794da4128863bc7933458ea,5d6bfbdcea29d19d370267cba4667700cee73958,d87cdabb103084659a30a3f166adb46d3151ba0fcbfcca48d6a03922adb44f76,deaff86ee335dd697677bcfc2415a23878e1b895,b69d990830625c54de458282ff109286c5a35597680675bcad0a163ea8640edc,aecc4e941e02a712f2c9f8fb1375b0bd4b0ae79838b39fc55398ba9cc3bec9d9,/home/letandat/Dev/uav-navigation/.artifacts/runtime/external-mode-check-20260925T092630-369436/logs/rosbag.log,4405,70d7f7ba05a312b66151fb2988c67c6069da99fe35cf529cb99e34061a5d95de,file
nominal_N2,external-mode-check-20260925T092630-369436,d9ab33c3e2321ac60794da4128863bc7933458ea,5d6bfbdcea29d19d370267cba4667700cee73958,d87cdabb103084659a30a3f166adb46d3151ba0fcbfcca48d6a03922adb44f76,deaff86ee335dd697677bcfc2415a23878e1b895,b69d990830625c54de458282ff109286c5a35597680675bcad0a163ea8640edc,aecc4e941e02a712f2c9f8fb1375b0bd4b0ae79838b39fc55398ba9cc3bec9d9,/home/letandat/Dev/uav-navigation/.artifacts/runtime/external-mode-check-20260925T092630-369436/logs/visibility_bridge.log,201,0d4ac63832f1c9511e4b9b2384e5d15f9c459d13993ae1f2d588e02ecbe14e66,file
nominal_N2,external-mode-check-20260925T092630-369436,d9ab33c3e2321ac60794da4128863bc7933458ea,5d6bfbdcea29d19d370267cba4667700cee73958,d87cdabb103084659a30a3f166adb46d3151ba0fcbfcca48d6a03922adb44f76,deaff86ee335dd697677bcfc2415a23878e1b895,b69d990830625c54de458282ff109286c5a35597680675bcad0a163ea8640edc,aecc4e941e02a712f2c9f8fb1375b0bd4b0ae79838b39fc55398ba9cc3bec9d9,/home/letandat/Dev/uav-navigation/.artifacts/runtime/external-mode-check-20260925T092630-369436/logs/xrce_agent.log,44051,2464d889857a487257de108f674ac54f60f0d71ca37435915bdf94fcc9b9f684,file
nominal_N2,external-mode-check-20260925T092630-369436,d9ab33c3e2321ac60794da4128863bc7933458ea,5d6bfbdcea29d19d370267cba4667700cee73958,d87cdabb103084659a30a3f166adb46d3151ba0fcbfcca48d6a03922adb44f76,deaff86ee335dd697677bcfc2415a23878e1b895,b69d990830625c54de458282ff109286c5a35597680675bcad0a163ea8640edc,aecc4e941e02a712f2c9f8fb1375b0bd4b0ae79838b39fc55398ba9cc3bec9d9,/home/letandat/Dev/uav-navigation/.artifacts/runtime/external-mode-check-20260925T092630-369436/map_descriptor.json,1643,f9d227ec743ac0d33a01b74957c1eb028818bb03de6adda449317a81e1a09279,file
nominal_N2,external-mode-check-20260925T092630-369436,d9ab33c3e2321ac60794da4128863bc7933458ea,5d6bfbdcea29d19d370267cba4667700cee73958,d87cdabb103084659a30a3f166adb46d3151ba0fcbfcca48d6a03922adb44f76,deaff86ee335dd697677bcfc2415a23878e1b895,b69d990830625c54de458282ff109286c5a35597680675bcad0a163ea8640edc,aecc4e941e02a712f2c9f8fb1375b0bd4b0ae79838b39fc55398ba9cc3bec9d9,/home/letandat/Dev/uav-navigation/.artifacts/runtime/external-mode-check-20260925T092630-369436/metadata.json,256290,40b36aede0071067a5630ed99177fa3bcfcafa4f0543e39e539e2fc09fa84d35,file
nominal_N2,external-mode-check-20260925T092630-369436,d9ab33c3e2321ac60794da4128863bc7933458ea,5d6bfbdcea29d19d370267cba4667700cee73958,d87cdabb103084659a30a3f166adb46d3151ba0fcbfcca48d6a03922adb44f76,deaff86ee335dd697677bcfc2415a23878e1b895,b69d990830625c54de458282ff109286c5a35597680675bcad0a163ea8640edc,aecc4e941e02a712f2c9f8fb1375b0bd4b0ae79838b39fc55398ba9cc3bec9d9,/home/letandat/Dev/uav-navigation/.artifacts/runtime/external-mode-check-20260925T092630-369436/monitor.json,56698,73124e07f23d740c34d029533c12c4ed087f5ec7d2f8675168933b2e5e5da9c1,file
nominal_N2,external-mode-check-20260925T092630-369436,d9ab33c3e2321ac60794da4128863bc7933458ea,5d6bfbdcea29d19d370267cba4667700cee73958,d87cdabb103084659a30a3f166adb46d3151ba0fcbfcca48d6a03922adb44f76,deaff86ee335dd697677bcfc2415a23878e1b895,b69d990830625c54de458282ff109286c5a35597680675bcad0a163ea8640edc,aecc4e941e02a712f2c9f8fb1375b0bd4b0ae79838b39fc55398ba9cc3bec9d9,/home/letandat/Dev/uav-navigation/.artifacts/runtime/external-mode-check-20260925T092630-369436/navigation_runtime_params.yaml,1122,c04b069e6da30ebeea43e8c9a4eecad88a4ad10cd175efb3201fc10cf673e7ed,file
nominal_N2,external-mode-check-20260925T092630-369436,d9ab33c3e2321ac60794da4128863bc7933458ea,5d6bfbdcea29d19d370267cba4667700cee73958,d87cdabb103084659a30a3f166adb46d3151ba0fcbfcca48d6a03922adb44f76,deaff86ee335dd697677bcfc2415a23878e1b895,b69d990830625c54de458282ff109286c5a35597680675bcad0a163ea8640edc,aecc4e941e02a712f2c9f8fb1375b0bd4b0ae79838b39fc55398ba9cc3bec9d9,/home/letandat/Dev/uav-navigation/.artifacts/runtime/external-mode-check-20260925T092630-369436/perception_timeline.jsonl,39996218,cb4143b46085ec1065703dbdaa34e3c3caf9b4db12047ff431cec71b753a2eea,file
nominal_N2,external-mode-check-20260925T092630-369436,d9ab33c3e2321ac60794da4128863bc7933458ea,5d6bfbdcea29d19d370267cba4667700cee73958,d87cdabb103084659a30a3f166adb46d3151ba0fcbfcca48d6a03922adb44f76,deaff86ee335dd697677bcfc2415a23878e1b895,b69d990830625c54de458282ff109286c5a35597680675bcad0a163ea8640edc,aecc4e941e02a712f2c9f8fb1375b0bd4b0ae79838b39fc55398ba9cc3bec9d9,/home/letandat/Dev/uav-navigation/.artifacts/runtime/external-mode-check-20260925T092630-369436/planner.yaml,3448,6480ff9679e20c3d5f9f5a38efbe7702d9ca98e66c454299019b423d5d298356,file
nominal_N2,external-mode-check-20260925T092630-369436,d9ab33c3e2321ac60794da4128863bc7933458ea,5d6bfbdcea29d19d370267cba4667700cee73958,d87cdabb103084659a30a3f166adb46d3151ba0fcbfcca48d6a03922adb44f76,deaff86ee335dd697677bcfc2415a23878e1b895,b69d990830625c54de458282ff109286c5a35597680675bcad0a163ea8640edc,aecc4e941e02a712f2c9f8fb1375b0bd4b0ae79838b39fc55398ba9cc3bec9d9,/home/letandat/Dev/uav-navigation/.artifacts/runtime/external-mode-check-20260925T092630-369436/planning_timeline.jsonl,21932439,64df249ff23048fee27d035ac9ad7757a20faa12a3c04ae4b897d26ccebc2c55,file
nominal_N2,external-mode-check-20260925T092630-369436,d9ab33c3e2321ac60794da4128863bc7933458ea,5d6bfbdcea29d19d370267cba4667700cee73958,d87cdabb103084659a30a3f166adb46d3151ba0fcbfcca48d6a03922adb44f76,deaff86ee335dd697677bcfc2415a23878e1b895,b69d990830625c54de458282ff109286c5a35597680675bcad0a163ea8640edc,aecc4e941e02a712f2c9f8fb1375b0bd4b0ae79838b39fc55398ba9cc3bec9d9,/home/letandat/Dev/uav-navigation/.artifacts/runtime/external-mode-check-20260925T092630-369436/processes.json,14792,ac5df6337184bc8e5ac08195bad0060e3e2464a3a850c6028c8ea17854ab206e,file
nominal_N2,external-mode-check-20260925T092630-369436,d9ab33c3e2321ac60794da4128863bc7933458ea,5d6bfbdcea29d19d370267cba4667700cee73958,d87cdabb103084659a30a3f166adb46d3151ba0fcbfcca48d6a03922adb44f76,deaff86ee335dd697677bcfc2415a23878e1b895,b69d990830625c54de458282ff109286c5a35597680675bcad0a163ea8640edc,aecc4e941e02a712f2c9f8fb1375b0bd4b0ae79838b39fc55398ba9cc3bec9d9,/home/letandat/Dev/uav-navigation/.artifacts/runtime/external-mode-check-20260925T092630-369436/provenance/external_px4_dataman,1208528,55cf902b00539fd43b45029e449392ebfab82acdda744f056fcbe3aa0b0c10c4,file
nominal_N2,external-mode-check-20260925T092630-369436,d9ab33c3e2321ac60794da4128863bc7933458ea,5d6bfbdcea29d19d370267cba4667700cee73958,d87cdabb103084659a30a3f166adb46d3151ba0fcbfcca48d6a03922adb44f76,deaff86ee335dd697677bcfc2415a23878e1b895,b69d990830625c54de458282ff109286c5a35597680675bcad0a163ea8640edc,aecc4e941e02a712f2c9f8fb1375b0bd4b0ae79838b39fc55398ba9cc3bec9d9,/home/letandat/Dev/uav-navigation/.artifacts/runtime/external-mode-check-20260925T092630-369436/provenance/external_px4_parameters.bson,1063,7d73454b7e4de09f2b2b0c88acbbb3bf7de4e4799e0dd509756c3c0e458bd9bf,file
nominal_N2,external-mode-check-20260925T092630-369436,d9ab33c3e2321ac60794da4128863bc7933458ea,5d6bfbdcea29d19d370267cba4667700cee73958,d87cdabb103084659a30a3f166adb46d3151ba0fcbfcca48d6a03922adb44f76,deaff86ee335dd697677bcfc2415a23878e1b895,b69d990830625c54de458282ff109286c5a35597680675bcad0a163ea8640edc,aecc4e941e02a712f2c9f8fb1375b0bd4b0ae79838b39fc55398ba9cc3bec9d9,/home/letandat/Dev/uav-navigation/.artifacts/runtime/external-mode-check-20260925T092630-369436/provenance/external_px4_parameters_backup.bson,1063,7d73454b7e4de09f2b2b0c88acbbb3bf7de4e4799e0dd509756c3c0e458bd9bf,file
nominal_N2,external-mode-check-20260925T092630-369436,d9ab33c3e2321ac60794da4128863bc7933458ea,5d6bfbdcea29d19d370267cba4667700cee73958,d87cdabb103084659a30a3f166adb46d3151ba0fcbfcca48d6a03922adb44f76,deaff86ee335dd697677bcfc2415a23878e1b895,b69d990830625c54de458282ff109286c5a35597680675bcad0a163ea8640edc,aecc4e941e02a712f2c9f8fb1375b0bd4b0ae79838b39fc55398ba9cc3bec9d9,/home/letandat/Dev/uav-navigation/.artifacts/runtime/external-mode-check-20260925T092630-369436/provenance/external_px4_status.txt,285,4165f8bc803e4dbc91afb1a5b198c5d914bea455e5d91ec0ac3165983cf02546,file
nominal_N2,external-mode-check-20260925T092630-369436,d9ab33c3e2321ac60794da4128863bc7933458ea,5d6bfbdcea29d19d370267cba4667700cee73958,d87cdabb103084659a30a3f166adb46d3151ba0fcbfcca48d6a03922adb44f76,deaff86ee335dd697677bcfc2415a23878e1b895,b69d990830625c54de458282ff109286c5a35597680675bcad0a163ea8640edc,aecc4e941e02a712f2c9f8fb1375b0bd4b0ae79838b39fc55398ba9cc3bec9d9,/home/letandat/Dev/uav-navigation/.artifacts/runtime/external-mode-check-20260925T092630-369436/provenance/external_px4_tracked.diff,4198,d492bca20bd947a3d24c6657197d3cb84baf534a069825df5d320ff6139758b7,file
nominal_N2,external-mode-check-20260925T092630-369436,d9ab33c3e2321ac60794da4128863bc7933458ea,5d6bfbdcea29d19d370267cba4667700cee73958,d87cdabb103084659a30a3f166adb46d3151ba0fcbfcca48d6a03922adb44f76,deaff86ee335dd697677bcfc2415a23878e1b895,b69d990830625c54de458282ff109286c5a35597680675bcad0a163ea8640edc,aecc4e941e02a712f2c9f8fb1375b0bd4b0ae79838b39fc55398ba9cc3bec9d9,/home/letandat/Dev/uav-navigation/.artifacts/runtime/external-mode-check-20260925T092630-369436/px4_mid360_control_bridge.yaml,826,95ac61d0e953ba8f1e2e23484508a29c4ebd5e7bc780bd27acc25932256f6ffe,file
nominal_N2,external-mode-check-20260925T092630-369436,d9ab33c3e2321ac60794da4128863bc7933458ea,5d6bfbdcea29d19d370267cba4667700cee73958,d87cdabb103084659a30a3f166adb46d3151ba0fcbfcca48d6a03922adb44f76,deaff86ee335dd697677bcfc2415a23878e1b895,b69d990830625c54de458282ff109286c5a35597680675bcad0a163ea8640edc,aecc4e941e02a712f2c9f8fb1375b0bd4b0ae79838b39fc55398ba9cc3bec9d9,/home/letandat/Dev/uav-navigation/.artifacts/runtime/external-mode-check-20260925T092630-369436/px4_mid360_lidar_bridge.yaml,801,f7b49215915e60ef55d2ba83dec139443a3da7721971808d7673e3586333bce6,file
nominal_N2,external-mode-check-20260925T092630-369436,d9ab33c3e2321ac60794da4128863bc7933458ea,5d6bfbdcea29d19d370267cba4667700cee73958,d87cdabb103084659a30a3f166adb46d3151ba0fcbfcca48d6a03922adb44f76,deaff86ee335dd697677bcfc2415a23878e1b895,b69d990830625c54de458282ff109286c5a35597680675bcad0a163ea8640edc,aecc4e941e02a712f2c9f8fb1375b0bd4b0ae79838b39fc55398ba9cc3bec9d9,/home/letandat/Dev/uav-navigation/.artifacts/runtime/external-mode-check-20260925T092630-369436/report.json,23745276,f2ba6d8ff0ca4ada6bd2a71840a646b1a63395467ab8b44fe601b82f7767e332,file
nominal_N2,external-mode-check-20260925T092630-369436,d9ab33c3e2321ac60794da4128863bc7933458ea,5d6bfbdcea29d19d370267cba4667700cee73958,d87cdabb103084659a30a3f166adb46d3151ba0fcbfcca48d6a03922adb44f76,deaff86ee335dd697677bcfc2415a23878e1b895,b69d990830625c54de458282ff109286c5a35597680675bcad0a163ea8640edc,aecc4e941e02a712f2c9f8fb1375b0bd4b0ae79838b39fc55398ba9cc3bec9d9,/home/letandat/Dev/uav-navigation/.artifacts/runtime/external-mode-check-20260925T092630-369436/resolved_long_featured.sdf,10967,cb40ad74ddeada92570d33c648387af4ba46282ba823675a6e438df1952ed3c8,file
nominal_N2,external-mode-check-20260925T092630-369436,d9ab33c3e2321ac60794da4128863bc7933458ea,5d6bfbdcea29d19d370267cba4667700cee73958,d87cdabb103084659a30a3f166adb46d3151ba0fcbfcca48d6a03922adb44f76,deaff86ee335dd697677bcfc2415a23878e1b895,b69d990830625c54de458282ff109286c5a35597680675bcad0a163ea8640edc,aecc4e941e02a712f2c9f8fb1375b0bd4b0ae79838b39fc55398ba9cc3bec9d9,/home/letandat/Dev/uav-navigation/.artifacts/runtime/external-mode-check-20260925T092630-369436/resolved_mission.yaml,892,e1490f004ad6b2feb89253e2aee90581d53cd30ad3793f9e36f1a9afa44a7152,file
nominal_N2,external-mode-check-20260925T092630-369436,d9ab33c3e2321ac60794da4128863bc7933458ea,5d6bfbdcea29d19d370267cba4667700cee73958,d87cdabb103084659a30a3f166adb46d3151ba0fcbfcca48d6a03922adb44f76,deaff86ee335dd697677bcfc2415a23878e1b895,b69d990830625c54de458282ff109286c5a35597680675bcad0a163ea8640edc,aecc4e941e02a712f2c9f8fb1375b0bd4b0ae79838b39fc55398ba9cc3bec9d9,/home/letandat/Dev/uav-navigation/.artifacts/runtime/external-mode-check-20260925T092630-369436/rosbag/metadata.yaml,19368,780dac7e10ab298830b7bf0448e12fe44f6d6d1bc0f67ed1cb6fb1d85811ead1,file
nominal_N2,external-mode-check-20260925T092630-369436,d9ab33c3e2321ac60794da4128863bc7933458ea,5d6bfbdcea29d19d370267cba4667700cee73958,d87cdabb103084659a30a3f166adb46d3151ba0fcbfcca48d6a03922adb44f76,deaff86ee335dd697677bcfc2415a23878e1b895,b69d990830625c54de458282ff109286c5a35597680675bcad0a163ea8640edc,aecc4e941e02a712f2c9f8fb1375b0bd4b0ae79838b39fc55398ba9cc3bec9d9,/home/letandat/Dev/uav-navigation/.artifacts/runtime/external-mode-check-20260925T092630-369436/rosbag/rosbag_0.db3,536379392,fcf068b04c6155e10cc0c0d68c8513f52a46270e13f799e869112d6fc9504a0f,file
nominal_N2,external-mode-check-20260925T092630-369436,d9ab33c3e2321ac60794da4128863bc7933458ea,5d6bfbdcea29d19d370267cba4667700cee73958,d87cdabb103084659a30a3f166adb46d3151ba0fcbfcca48d6a03922adb44f76,deaff86ee335dd697677bcfc2415a23878e1b895,b69d990830625c54de458282ff109286c5a35597680675bcad0a163ea8640edc,aecc4e941e02a712f2c9f8fb1375b0bd4b0ae79838b39fc55398ba9cc3bec9d9,/home/letandat/Dev/uav-navigation/.artifacts/runtime/external-mode-check-20260925T092630-369436/runtime.json,247660,56bf1dbf7776a9ef3645435afba39346be72ee51b69dde674ee8e95ed0cf7e36,file
nominal_N2,external-mode-check-20260925T092630-369436,d9ab33c3e2321ac60794da4128863bc7933458ea,5d6bfbdcea29d19d370267cba4667700cee73958,d87cdabb103084659a30a3f166adb46d3151ba0fcbfcca48d6a03922adb44f76,deaff86ee335dd697677bcfc2415a23878e1b895,b69d990830625c54de458282ff109286c5a35597680675bcad0a163ea8640edc,aecc4e941e02a712f2c9f8fb1375b0bd4b0ae79838b39fc55398ba9cc3bec9d9,/home/letandat/Dev/uav-navigation/.artifacts/runtime/external-mode-check-20260925T092630-369436/samples.jsonl,59549594,19475890feccbf13677c8646fbca47c3791827241b9f26b2c4376f0b475fa6c2,file
nominal_N2,external-mode-check-20260925T092630-369436,d9ab33c3e2321ac60794da4128863bc7933458ea,5d6bfbdcea29d19d370267cba4667700cee73958,d87cdabb103084659a30a3f166adb46d3151ba0fcbfcca48d6a03922adb44f76,deaff86ee335dd697677bcfc2415a23878e1b895,b69d990830625c54de458282ff109286c5a35597680675bcad0a163ea8640edc,aecc4e941e02a712f2c9f8fb1375b0bd4b0ae79838b39fc55398ba9cc3bec9d9,/home/letandat/Dev/uav-navigation/.artifacts/runtime/external-mode-check-20260925T092630-369436/scenario.json,1096337,5e3d48dc532dc795a3795b41fc92f151dccb6664460464c2715afa853c73aebe,file
nominal_N2,external-mode-check-20260925T092630-369436,d9ab33c3e2321ac60794da4128863bc7933458ea,5d6bfbdcea29d19d370267cba4667700cee73958,d87cdabb103084659a30a3f166adb46d3151ba0fcbfcca48d6a03922adb44f76,deaff86ee335dd697677bcfc2415a23878e1b895,b69d990830625c54de458282ff109286c5a35597680675bcad0a163ea8640edc,aecc4e941e02a712f2c9f8fb1375b0bd4b0ae79838b39fc55398ba9cc3bec9d9,/home/letandat/Dev/uav-navigation/.artifacts/runtime/external-mode-check-20260925T092630-369436/scenario.jsonl,30894391,4d57d5b14c04b984c9327d6ff5cb2c0f1c0c709c87bbab83b98844123695d31a,file
nominal_N2,external-mode-check-20260925T092630-369436,d9ab33c3e2321ac60794da4128863bc7933458ea,5d6bfbdcea29d19d370267cba4667700cee73958,d87cdabb103084659a30a3f166adb46d3151ba0fcbfcca48d6a03922adb44f76,deaff86ee335dd697677bcfc2415a23878e1b895,b69d990830625c54de458282ff109286c5a35597680675bcad0a163ea8640edc,aecc4e941e02a712f2c9f8fb1375b0bd4b0ae79838b39fc55398ba9cc3bec9d9,/home/letandat/Dev/uav-navigation/.artifacts/runtime/external-mode-check-20260925T092630-369436/scenario_config.yaml,8745,aecc4e941e02a712f2c9f8fb1375b0bd4b0ae79838b39fc55398ba9cc3bec9d9,file
nominal_N2,external-mode-check-20260925T092630-369436,d9ab33c3e2321ac60794da4128863bc7933458ea,5d6bfbdcea29d19d370267cba4667700cee73958,d87cdabb103084659a30a3f166adb46d3151ba0fcbfcca48d6a03922adb44f76,deaff86ee335dd697677bcfc2415a23878e1b895,b69d990830625c54de458282ff109286c5a35597680675bcad0a163ea8640edc,aecc4e941e02a712f2c9f8fb1375b0bd4b0ae79838b39fc55398ba9cc3bec9d9,/home/letandat/Dev/uav-navigation/.artifacts/runtime/external-mode-check-20260925T092630-369436/state.json,1378,f3c34dd2a6905f18762f16804502f656dab8c7090622ed6c43c3eacba21fb37f,file
nominal_N3,external-mode-check-20260925T092909-373055,d9ab33c3e2321ac60794da4128863bc7933458ea,5d6bfbdcea29d19d370267cba4667700cee73958,d87cdabb103084659a30a3f166adb46d3151ba0fcbfcca48d6a03922adb44f76,deaff86ee335dd697677bcfc2415a23878e1b895,b69d990830625c54de458282ff109286c5a35597680675bcad0a163ea8640edc,bb7f645d9dfd8af71aaf2c6e196555fd79f5f864cac2d1da54e332e10379729e,/home/letandat/Dev/uav-navigation/.artifacts/runtime/external-mode-check-20260925T092909-373055/REPORT.html,2888111,24f914d25325aee0cc89e01f3624c8a62317c64ab2bf91fa04b59f7ca4b4062a,file
nominal_N3,external-mode-check-20260925T092909-373055,d9ab33c3e2321ac60794da4128863bc7933458ea,5d6bfbdcea29d19d370267cba4667700cee73958,d87cdabb103084659a30a3f166adb46d3151ba0fcbfcca48d6a03922adb44f76,deaff86ee335dd697677bcfc2415a23878e1b895,b69d990830625c54de458282ff109286c5a35597680675bcad0a163ea8640edc,bb7f645d9dfd8af71aaf2c6e196555fd79f5f864cac2d1da54e332e10379729e,/home/letandat/Dev/uav-navigation/.artifacts/runtime/external-mode-check-20260925T092909-373055/benchmark_metrics.json,16261,346e36653fe501ae331bdffb9ea646714d20c249adde7fa99f73efbf09d37763,file
nominal_N3,external-mode-check-20260925T092909-373055,d9ab33c3e2321ac60794da4128863bc7933458ea,5d6bfbdcea29d19d370267cba4667700cee73958,d87cdabb103084659a30a3f166adb46d3151ba0fcbfcca48d6a03922adb44f76,deaff86ee335dd697677bcfc2415a23878e1b895,b69d990830625c54de458282ff109286c5a35597680675bcad0a163ea8640edc,bb7f645d9dfd8af71aaf2c6e196555fd79f5f864cac2d1da54e332e10379729e,/home/letandat/Dev/uav-navigation/.artifacts/runtime/external-mode-check-20260925T092909-373055/config_snapshot/external_mode.yaml,948,c6b68c172a2214facc1ab51ea88de472d2a237e2d33a1e877c09b6f85231567b,file
nominal_N3,external-mode-check-20260925T092909-373055,d9ab33c3e2321ac60794da4128863bc7933458ea,5d6bfbdcea29d19d370267cba4667700cee73958,d87cdabb103084659a30a3f166adb46d3151ba0fcbfcca48d6a03922adb44f76,deaff86ee335dd697677bcfc2415a23878e1b895,b69d990830625c54de458282ff109286c5a35597680675bcad0a163ea8640edc,bb7f645d9dfd8af71aaf2c6e196555fd79f5f864cac2d1da54e332e10379729e,/home/letandat/Dev/uav-navigation/.artifacts/runtime/external-mode-check-20260925T092909-373055/config_snapshot/external_mode_params.yaml,504,8da6681cef5e6c96ffbab7b48fb638fd0dd630576778b600a09b575ac2a7c143,file
nominal_N3,external-mode-check-20260925T092909-373055,d9ab33c3e2321ac60794da4128863bc7933458ea,5d6bfbdcea29d19d370267cba4667700cee73958,d87cdabb103084659a30a3f166adb46d3151ba0fcbfcca48d6a03922adb44f76,deaff86ee335dd697677bcfc2415a23878e1b895,b69d990830625c54de458282ff109286c5a35597680675bcad0a163ea8640edc,bb7f645d9dfd8af71aaf2c6e196555fd79f5f864cac2d1da54e332e10379729e,/home/letandat/Dev/uav-navigation/.artifacts/runtime/external-mode-check-20260925T092909-373055/config_snapshot/mapping.yaml,915,65a8e5582576157660df8c13cd084c199679a07832564214d63d1e22d842126b,file
nominal_N3,external-mode-check-20260925T092909-373055,d9ab33c3e2321ac60794da4128863bc7933458ea,5d6bfbdcea29d19d370267cba4667700cee73958,d87cdabb103084659a30a3f166adb46d3151ba0fcbfcca48d6a03922adb44f76,deaff86ee335dd697677bcfc2415a23878e1b895,b69d990830625c54de458282ff109286c5a35597680675bcad0a163ea8640edc,bb7f645d9dfd8af71aaf2c6e196555fd79f5f864cac2d1da54e332e10379729e,/home/letandat/Dev/uav-navigation/.artifacts/runtime/external-mode-check-20260925T092909-373055/config_snapshot/mission.yaml,892,e1490f004ad6b2feb89253e2aee90581d53cd30ad3793f9e36f1a9afa44a7152,file
nominal_N3,external-mode-check-20260925T092909-373055,d9ab33c3e2321ac60794da4128863bc7933458ea,5d6bfbdcea29d19d370267cba4667700cee73958,d87cdabb103084659a30a3f166adb46d3151ba0fcbfcca48d6a03922adb44f76,deaff86ee335dd697677bcfc2415a23878e1b895,b69d990830625c54de458282ff109286c5a35597680675bcad0a163ea8640edc,bb7f645d9dfd8af71aaf2c6e196555fd79f5f864cac2d1da54e332e10379729e,/home/letandat/Dev/uav-navigation/.artifacts/runtime/external-mode-check-20260925T092909-373055/config_snapshot/navigation_runtime_params.yaml,1122,497dd925f850b3b1f78bafb6908cfc9eb8aa8b26378945e6745f0c3672429806,file
nominal_N3,external-mode-check-20260925T092909-373055,d9ab33c3e2321ac60794da4128863bc7933458ea,5d6bfbdcea29d19d370267cba4667700cee73958,d87cdabb103084659a30a3f166adb46d3151ba0fcbfcca48d6a03922adb44f76,deaff86ee335dd697677bcfc2415a23878e1b895,b69d990830625c54de458282ff109286c5a35597680675bcad0a163ea8640edc,bb7f645d9dfd8af71aaf2c6e196555fd79f5f864cac2d1da54e332e10379729e,/home/letandat/Dev/uav-navigation/.artifacts/runtime/external-mode-check-20260925T092909-373055/config_snapshot/planner.yaml,3448,6480ff9679e20c3d5f9f5a38efbe7702d9ca98e66c454299019b423d5d298356,file
nominal_N3,external-mode-check-20260925T092909-373055,d9ab33c3e2321ac60794da4128863bc7933458ea,5d6bfbdcea29d19d370267cba4667700cee73958,d87cdabb103084659a30a3f166adb46d3151ba0fcbfcca48d6a03922adb44f76,deaff86ee335dd697677bcfc2415a23878e1b895,b69d990830625c54de458282ff109286c5a35597680675bcad0a163ea8640edc,bb7f645d9dfd8af71aaf2c6e196555fd79f5f864cac2d1da54e332e10379729e,/home/letandat/Dev/uav-navigation/.artifacts/runtime/external-mode-check-20260925T092909-373055/config_snapshot/scenario_config.yaml,8745,bb7f645d9dfd8af71aaf2c6e196555fd79f5f864cac2d1da54e332e10379729e,file
nominal_N3,external-mode-check-20260925T092909-373055,d9ab33c3e2321ac60794da4128863bc7933458ea,5d6bfbdcea29d19d370267cba4667700cee73958,d87cdabb103084659a30a3f166adb46d3151ba0fcbfcca48d6a03922adb44f76,deaff86ee335dd697677bcfc2415a23878e1b895,b69d990830625c54de458282ff109286c5a35597680675bcad0a163ea8640edc,bb7f645d9dfd8af71aaf2c6e196555fd79f5f864cac2d1da54e332e10379729e,/home/letandat/Dev/uav-navigation/.artifacts/runtime/external-mode-check-20260925T092909-373055/config_snapshot/sim.yaml,3386,7a10d650dadf12198afe27e9844d2a0d1ccfeaf2fcdb084643a5459f653380bd,file
nominal_N3,external-mode-check-20260925T092909-373055,d9ab33c3e2321ac60794da4128863bc7933458ea,5d6bfbdcea29d19d370267cba4667700cee73958,d87cdabb103084659a30a3f166adb46d3151ba0fcbfcca48d6a03922adb44f76,deaff86ee335dd697677bcfc2415a23878e1b895,b69d990830625c54de458282ff109286c5a35597680675bcad0a163ea8640edc,bb7f645d9dfd8af71aaf2c6e196555fd79f5f864cac2d1da54e332e10379729e,/home/letandat/Dev/uav-navigation/.artifacts/runtime/external-mode-check-20260925T092909-373055/execution_timeline.jsonl,48301175,f8515ee0e0814b7f7b5d8668e57859476f350b7661193d28073e9bd3a8b260d5,file
nominal_N3,external-mode-check-20260925T092909-373055,d9ab33c3e2321ac60794da4128863bc7933458ea,5d6bfbdcea29d19d370267cba4667700cee73958,d87cdabb103084659a30a3f166adb46d3151ba0fcbfcca48d6a03922adb44f76,deaff86ee335dd697677bcfc2415a23878e1b895,b69d990830625c54de458282ff109286c5a35597680675bcad0a163ea8640edc,bb7f645d9dfd8af71aaf2c6e196555fd79f5f864cac2d1da54e332e10379729e,/home/letandat/Dev/uav-navigation/.artifacts/runtime/external-mode-check-20260925T092909-373055/external_mode_params.yaml,504,8da6681cef5e6c96ffbab7b48fb638fd0dd630576778b600a09b575ac2a7c143,file
nominal_N3,external-mode-check-20260925T092909-373055,d9ab33c3e2321ac60794da4128863bc7933458ea,5d6bfbdcea29d19d370267cba4667700cee73958,d87cdabb103084659a30a3f166adb46d3151ba0fcbfcca48d6a03922adb44f76,deaff86ee335dd697677bcfc2415a23878e1b895,b69d990830625c54de458282ff109286c5a35597680675bcad0a163ea8640edc,bb7f645d9dfd8af71aaf2c6e196555fd79f5f864cac2d1da54e332e10379729e,/home/letandat/Dev/uav-navigation/.artifacts/runtime/external-mode-check-20260925T092909-373055/fast_lio_params.yaml,2791,457c4b660fd772ca199ceeaa70e3cdd1e1134aaa615d971cd0c330f3a146ccee,file
nominal_N3,external-mode-check-20260925T092909-373055,d9ab33c3e2321ac60794da4128863bc7933458ea,5d6bfbdcea29d19d370267cba4667700cee73958,d87cdabb103084659a30a3f166adb46d3151ba0fcbfcca48d6a03922adb44f76,deaff86ee335dd697677bcfc2415a23878e1b895,b69d990830625c54de458282ff109286c5a35597680675bcad0a163ea8640edc,bb7f645d9dfd8af71aaf2c6e196555fd79f5f864cac2d1da54e332e10379729e,/home/letandat/Dev/uav-navigation/.artifacts/runtime/external-mode-check-20260925T092909-373055/logs/2026-09-25-16-29-20-265984-letandat-Legion-5-Pro-16IAH7H-375221/launch.log,1086,b01df9dedee7b4e899e77f045443cf76d3695268df8aed03b4df09f8c7d1a3ca,file
nominal_N3,external-mode-check-20260925T092909-373055,d9ab33c3e2321ac60794da4128863bc7933458ea,5d6bfbdcea29d19d370267cba4667700cee73958,d87cdabb103084659a30a3f166adb46d3151ba0fcbfcca48d6a03922adb44f76,deaff86ee335dd697677bcfc2415a23878e1b895,b69d990830625c54de458282ff109286c5a35597680675bcad0a163ea8640edc,bb7f645d9dfd8af71aaf2c6e196555fd79f5f864cac2d1da54e332e10379729e,/home/letandat/Dev/uav-navigation/.artifacts/runtime/external-mode-check-20260925T092909-373055/logs/2026-09-25-16-29-21-607089-letandat-Legion-5-Pro-16IAH7H-375487/launch.log,1639,124d0e0933b92865603df28d29ef720d00314418d8b90b1d59881d9fc7d993e6,file
nominal_N3,external-mode-check-20260925T092909-373055,d9ab33c3e2321ac60794da4128863bc7933458ea,5d6bfbdcea29d19d370267cba4667700cee73958,d87cdabb103084659a30a3f166adb46d3151ba0fcbfcca48d6a03922adb44f76,deaff86ee335dd697677bcfc2415a23878e1b895,b69d990830625c54de458282ff109286c5a35597680675bcad0a163ea8640edc,bb7f645d9dfd8af71aaf2c6e196555fd79f5f864cac2d1da54e332e10379729e,/home/letandat/Dev/uav-navigation/.artifacts/runtime/external-mode-check-20260925T092909-373055/logs/2026-09-25-16-29-25-895933-letandat-Legion-5-Pro-16IAH7H-375752/launch.log,731,1d3600e960aae29e03f70ddb7a13e259e35c8776549bcdae10da89db4f8e8b04,file
nominal_N3,external-mode-check-20260925T092909-373055,d9ab33c3e2321ac60794da4128863bc7933458ea,5d6bfbdcea29d19d370267cba4667700cee73958,d87cdabb103084659a30a3f166adb46d3151ba0fcbfcca48d6a03922adb44f76,deaff86ee335dd697677bcfc2415a23878e1b895,b69d990830625c54de458282ff109286c5a35597680675bcad0a163ea8640edc,bb7f645d9dfd8af71aaf2c6e196555fd79f5f864cac2d1da54e332e10379729e,/home/letandat/Dev/uav-navigation/.artifacts/runtime/external-mode-check-20260925T092909-373055/logs/bridge.log,632,5f59bfc5f21017aa6efb06c9a576411b8c9060775efe29b751a6a6acaf414560,file
nominal_N3,external-mode-check-20260925T092909-373055,d9ab33c3e2321ac60794da4128863bc7933458ea,5d6bfbdcea29d19d370267cba4667700cee73958,d87cdabb103084659a30a3f166adb46d3151ba0fcbfcca48d6a03922adb44f76,deaff86ee335dd697677bcfc2415a23878e1b895,b69d990830625c54de458282ff109286c5a35597680675bcad0a163ea8640edc,bb7f645d9dfd8af71aaf2c6e196555fd79f5f864cac2d1da54e332e10379729e,/home/letandat/Dev/uav-navigation/.artifacts/runtime/external-mode-check-20260925T092909-373055/logs/bridge_lidar.log,2505,8b20946a560bd0cdb76315ef56c3965951bd06ebd3aef0ba93ce1914d0c5b1c8,file
nominal_N3,external-mode-check-20260925T092909-373055,d9ab33c3e2321ac60794da4128863bc7933458ea,5d6bfbdcea29d19d370267cba4667700cee73958,d87cdabb103084659a30a3f166adb46d3151ba0fcbfcca48d6a03922adb44f76,deaff86ee335dd697677bcfc2415a23878e1b895,b69d990830625c54de458282ff109286c5a35597680675bcad0a163ea8640edc,bb7f645d9dfd8af71aaf2c6e196555fd79f5f864cac2d1da54e332e10379729e,/home/letandat/Dev/uav-navigation/.artifacts/runtime/external-mode-check-20260925T092909-373055/logs/external_mode.log,39224,3d5554943ca06e07bcd06e401555b364aa85e8cf8b02dcb2aea0b17eb0f3c97f,file
nominal_N3,external-mode-check-20260925T092909-373055,d9ab33c3e2321ac60794da4128863bc7933458ea,5d6bfbdcea29d19d370267cba4667700cee73958,d87cdabb103084659a30a3f166adb46d3151ba0fcbfcca48d6a03922adb44f76,deaff86ee335dd697677bcfc2415a23878e1b895,b69d990830625c54de458282ff109286c5a35597680675bcad0a163ea8640edc,bb7f645d9dfd8af71aaf2c6e196555fd79f5f864cac2d1da54e332e10379729e,/home/letandat/Dev/uav-navigation/.artifacts/runtime/external-mode-check-20260925T092909-373055/logs/external_mode_scenario.log,238,0f172be6e65d3af485bb82aee86192d8f376bcb068751c8d8c3b7c65726253b7,file
nominal_N3,external-mode-check-20260925T092909-373055,d9ab33c3e2321ac60794da4128863bc7933458ea,5d6bfbdcea29d19d370267cba4667700cee73958,d87cdabb103084659a30a3f166adb46d3151ba0fcbfcca48d6a03922adb44f76,deaff86ee335dd697677bcfc2415a23878e1b895,b69d990830625c54de458282ff109286c5a35597680675bcad0a163ea8640edc,bb7f645d9dfd8af71aaf2c6e196555fd79f5f864cac2d1da54e332e10379729e,/home/letandat/Dev/uav-navigation/.artifacts/runtime/external-mode-check-20260925T092909-373055/logs/fast_lio_node_375510_1790328561774.log,458,e471615f1014b10ccbcd8453b80d4f942ebe31effa838c6e45b3e53bc23f31cf,file
nominal_N3,external-mode-check-20260925T092909-373055,d9ab33c3e2321ac60794da4128863bc7933458ea,5d6bfbdcea29d19d370267cba4667700cee73958,d87cdabb103084659a30a3f166adb46d3151ba0fcbfcca48d6a03922adb44f76,deaff86ee335dd697677bcfc2415a23878e1b895,b69d990830625c54de458282ff109286c5a35597680675bcad0a163ea8640edc,bb7f645d9dfd8af71aaf2c6e196555fd79f5f864cac2d1da54e332e10379729e,/home/letandat/Dev/uav-navigation/.artifacts/runtime/external-mode-check-20260925T092909-373055/logs/gazebo.log,2558,729b16ae715828c8c9d8102f141b90622c21519830d1e3755195463fbc7833ea,file
nominal_N3,external-mode-check-20260925T092909-373055,d9ab33c3e2321ac60794da4128863bc7933458ea,5d6bfbdcea29d19d370267cba4667700cee73958,d87cdabb103084659a30a3f166adb46d3151ba0fcbfcca48d6a03922adb44f76,deaff86ee335dd697677bcfc2415a23878e1b895,b69d990830625c54de458282ff109286c5a35597680675bcad0a163ea8640edc,bb7f645d9dfd8af71aaf2c6e196555fd79f5f864cac2d1da54e332e10379729e,/home/letandat/Dev/uav-navigation/.artifacts/runtime/external-mode-check-20260925T092909-373055/logs/gz_lidar_bridge_375413_1790328560271.log,2319,b663d88fb628d7960723c7966435da62fb897cdc71c4a4e08f6572ac28029c83,file
nominal_N3,external-mode-check-20260925T092909-373055,d9ab33c3e2321ac60794da4128863bc7933458ea,5d6bfbdcea29d19d370267cba4667700cee73958,d87cdabb103084659a30a3f166adb46d3151ba0fcbfcca48d6a03922adb44f76,deaff86ee335dd697677bcfc2415a23878e1b895,b69d990830625c54de458282ff109286c5a35597680675bcad0a163ea8640edc,bb7f645d9dfd8af71aaf2c6e196555fd79f5f864cac2d1da54e332e10379729e,/home/letandat/Dev/uav-navigation/.artifacts/runtime/external-mode-check-20260925T092909-373055/logs/gz_visibility_bridge_375367_1790328560166.log,71,74a724fd2ef8d0a7748108cfb6de94541229f78a35997febefebe53c89c62da4,file
nominal_N3,external-mode-check-20260925T092909-373055,d9ab33c3e2321ac60794da4128863bc7933458ea,5d6bfbdcea29d19d370267cba4667700cee73958,d87cdabb103084659a30a3f166adb46d3151ba0fcbfcca48d6a03922adb44f76,deaff86ee335dd697677bcfc2415a23878e1b895,b69d990830625c54de458282ff109286c5a35597680675bcad0a163ea8640edc,bb7f645d9dfd8af71aaf2c6e196555fd79f5f864cac2d1da54e332e10379729e,/home/letandat/Dev/uav-navigation/.artifacts/runtime/external-mode-check-20260925T092909-373055/logs/lio.log,5313,e45aba23330a1393a88b09c916a363866f670578c8fbb235f45552a61cac8def,file
nominal_N3,external-mode-check-20260925T092909-373055,d9ab33c3e2321ac60794da4128863bc7933458ea,5d6bfbdcea29d19d370267cba4667700cee73958,d87cdabb103084659a30a3f166adb46d3151ba0fcbfcca48d6a03922adb44f76,deaff86ee335dd697677bcfc2415a23878e1b895,b69d990830625c54de458282ff109286c5a35597680675bcad0a163ea8640edc,bb7f645d9dfd8af71aaf2c6e196555fd79f5f864cac2d1da54e332e10379729e,/home/letandat/Dev/uav-navigation/.artifacts/runtime/external-mode-check-20260925T092909-373055/logs/mapping.log,127461,7aaa474eeee9064f0247ad6b6c09a9a5a46e6e8ce36d6e7720e77213474bdd9f,file
nominal_N3,external-mode-check-20260925T092909-373055,d9ab33c3e2321ac60794da4128863bc7933458ea,5d6bfbdcea29d19d370267cba4667700cee73958,d87cdabb103084659a30a3f166adb46d3151ba0fcbfcca48d6a03922adb44f76,deaff86ee335dd697677bcfc2415a23878e1b895,b69d990830625c54de458282ff109286c5a35597680675bcad0a163ea8640edc,bb7f645d9dfd8af71aaf2c6e196555fd79f5f864cac2d1da54e332e10379729e,/home/letandat/Dev/uav-navigation/.artifacts/runtime/external-mode-check-20260925T092909-373055/logs/monitor.log,0,e3b0c44298fc1c149afbf4c8996fb92427ae41e4649b934ca495991b7852b855,file
nominal_N3,external-mode-check-20260925T092909-373055,d9ab33c3e2321ac60794da4128863bc7933458ea,5d6bfbdcea29d19d370267cba4667700cee73958,d87cdabb103084659a30a3f166adb46d3151ba0fcbfcca48d6a03922adb44f76,deaff86ee335dd697677bcfc2415a23878e1b895,b69d990830625c54de458282ff109286c5a35597680675bcad0a163ea8640edc,bb7f645d9dfd8af71aaf2c6e196555fd79f5f864cac2d1da54e332e10379729e,/home/letandat/Dev/uav-navigation/.artifacts/runtime/external-mode-check-20260925T092909-373055/logs/navigation_runtime_node_375451_1790328560381.log,68885,cd9bf987c6a98f52032661d37334865ee9e49155d43df80e6fd4f091befecc1d,file
nominal_N3,external-mode-check-20260925T092909-373055,d9ab33c3e2321ac60794da4128863bc7933458ea,5d6bfbdcea29d19d370267cba4667700cee73958,d87cdabb103084659a30a3f166adb46d3151ba0fcbfcca48d6a03922adb44f76,deaff86ee335dd697677bcfc2415a23878e1b895,b69d990830625c54de458282ff109286c5a35597680675bcad0a163ea8640edc,bb7f645d9dfd8af71aaf2c6e196555fd79f5f864cac2d1da54e332e10379729e,/home/letandat/Dev/uav-navigation/.artifacts/runtime/external-mode-check-20260925T092909-373055/logs/parameter_bridge_375372_1790328560199.log,632,5f59bfc5f21017aa6efb06c9a576411b8c9060775efe29b751a6a6acaf414560,file
nominal_N3,external-mode-check-20260925T092909-373055,d9ab33c3e2321ac60794da4128863bc7933458ea,5d6bfbdcea29d19d370267cba4667700cee73958,d87cdabb103084659a30a3f166adb46d3151ba0fcbfcca48d6a03922adb44f76,deaff86ee335dd697677bcfc2415a23878e1b895,b69d990830625c54de458282ff109286c5a35597680675bcad0a163ea8640edc,bb7f645d9dfd8af71aaf2c6e196555fd79f5f864cac2d1da54e332e10379729e,/home/letandat/Dev/uav-navigation/.artifacts/runtime/external-mode-check-20260925T092909-373055/logs/px4_gazebo.log,9054,8b2d64e833317c623a960d17f9c2deba63e828456a83f51e843439f14b93db4d,file
nominal_N3,external-mode-check-20260925T092909-373055,d9ab33c3e2321ac60794da4128863bc7933458ea,5d6bfbdcea29d19d370267cba4667700cee73958,d87cdabb103084659a30a3f166adb46d3151ba0fcbfcca48d6a03922adb44f76,deaff86ee335dd697677bcfc2415a23878e1b895,b69d990830625c54de458282ff109286c5a35597680675bcad0a163ea8640edc,bb7f645d9dfd8af71aaf2c6e196555fd79f5f864cac2d1da54e332e10379729e,/home/letandat/Dev/uav-navigation/.artifacts/runtime/external-mode-check-20260925T092909-373055/logs/px4_ingress.log,71,55d7a3d700d0c93b3630acab898a85cdfb721d7c7d75506a2f01685064aa4ba6,file
nominal_N3,external-mode-check-20260925T092909-373055,d9ab33c3e2321ac60794da4128863bc7933458ea,5d6bfbdcea29d19d370267cba4667700cee73958,d87cdabb103084659a30a3f166adb46d3151ba0fcbfcca48d6a03922adb44f76,deaff86ee335dd697677bcfc2415a23878e1b895,b69d990830625c54de458282ff109286c5a35597680675bcad0a163ea8640edc,bb7f645d9dfd8af71aaf2c6e196555fd79f5f864cac2d1da54e332e10379729e,/home/letandat/Dev/uav-navigation/.artifacts/runtime/external-mode-check-20260925T092909-373055/logs/px4_navigation_external_mode_node_375930_1790328565976.log,34963,b56ff79cfddfda05f2ac0e9ddde9fa47387df4e40afd7c81eb095677ada39253,file
nominal_N3,external-mode-check-20260925T092909-373055,d9ab33c3e2321ac60794da4128863bc7933458ea,5d6bfbdcea29d19d370267cba4667700cee73958,d87cdabb103084659a30a3f166adb46d3151ba0fcbfcca48d6a03922adb44f76,deaff86ee335dd697677bcfc2415a23878e1b895,b69d990830625c54de458282ff109286c5a35597680675bcad0a163ea8640edc,bb7f645d9dfd8af71aaf2c6e196555fd79f5f864cac2d1da54e332e10379729e,/home/letandat/Dev/uav-navigation/.artifacts/runtime/external-mode-check-20260925T092909-373055/logs/px4_odometry_bridge_external_node_375511_1790328561774.log,3021,8030b323d564d5cb74a464ae4c99a0adc0c1987540e7378082ea49c96e852897,file
nominal_N3,external-mode-check-20260925T092909-373055,d9ab33c3e2321ac60794da4128863bc7933458ea,5d6bfbdcea29d19d370267cba4667700cee73958,d87cdabb103084659a30a3f166adb46d3151ba0fcbfcca48d6a03922adb44f76,deaff86ee335dd697677bcfc2415a23878e1b895,b69d990830625c54de458282ff109286c5a35597680675bcad0a163ea8640edc,bb7f645d9dfd8af71aaf2c6e196555fd79f5f864cac2d1da54e332e10379729e,/home/letandat/Dev/uav-navigation/.artifacts/runtime/external-mode-check-20260925T092909-373055/logs/px4_odometry_bridge_node_375416_1790328560277.log,71,55d7a3d700d0c93b3630acab898a85cdfb721d7c7d75506a2f01685064aa4ba6,file
nominal_N3,external-mode-check-20260925T092909-373055,d9ab33c3e2321ac60794da4128863bc7933458ea,5d6bfbdcea29d19d370267cba4667700cee73958,d87cdabb103084659a30a3f166adb46d3151ba0fcbfcca48d6a03922adb44f76,deaff86ee335dd697677bcfc2415a23878e1b895,b69d990830625c54de458282ff109286c5a35597680675bcad0a163ea8640edc,bb7f645d9dfd8af71aaf2c6e196555fd79f5f864cac2d1da54e332e10379729e,/home/letandat/Dev/uav-navigation/.artifacts/runtime/external-mode-check-20260925T092909-373055/logs/python3_375042_1790328555275.log,0,e3b0c44298fc1c149afbf4c8996fb92427ae41e4649b934ca495991b7852b855,file
nominal_N3,external-mode-check-20260925T092909-373055,d9ab33c3e2321ac60794da4128863bc7933458ea,5d6bfbdcea29d19d370267cba4667700cee73958,d87cdabb103084659a30a3f166adb46d3151ba0fcbfcca48d6a03922adb44f76,deaff86ee335dd697677bcfc2415a23878e1b895,b69d990830625c54de458282ff109286c5a35597680675bcad0a163ea8640edc,bb7f645d9dfd8af71aaf2c6e196555fd79f5f864cac2d1da54e332e10379729e,/home/letandat/Dev/uav-navigation/.artifacts/runtime/external-mode-check-20260925T092909-373055/logs/python3_375218_1790328560492.log,4157,2c6d538f0c3375c52540debe1f7d138f75fc0afe37630ab7071189ac523dac1e,file
nominal_N3,external-mode-check-20260925T092909-373055,d9ab33c3e2321ac60794da4128863bc7933458ea,5d6bfbdcea29d19d370267cba4667700cee73958,d87cdabb103084659a30a3f166adb46d3151ba0fcbfcca48d6a03922adb44f76,deaff86ee335dd697677bcfc2415a23878e1b895,b69d990830625c54de458282ff109286c5a35597680675bcad0a163ea8640edc,bb7f645d9dfd8af71aaf2c6e196555fd79f5f864cac2d1da54e332e10379729e,/home/letandat/Dev/uav-navigation/.artifacts/runtime/external-mode-check-20260925T092909-373055/logs/python3_376054_1790328568255.log,238,0f172be6e65d3af485bb82aee86192d8f376bcb068751c8d8c3b7c65726253b7,file
nominal_N3,external-mode-check-20260925T092909-373055,d9ab33c3e2321ac60794da4128863bc7933458ea,5d6bfbdcea29d19d370267cba4667700cee73958,d87cdabb103084659a30a3f166adb46d3151ba0fcbfcca48d6a03922adb44f76,deaff86ee335dd697677bcfc2415a23878e1b895,b69d990830625c54de458282ff109286c5a35597680675bcad0a163ea8640edc,bb7f645d9dfd8af71aaf2c6e196555fd79f5f864cac2d1da54e332e10379729e,/home/letandat/Dev/uav-navigation/.artifacts/runtime/external-mode-check-20260925T092909-373055/logs/robot_state_publisher_375509_1790328561771.log,144,e79204af46762a3915b2d316a67c153e6f0368d25a9a62a282ca62c7be9df0a1,file
nominal_N3,external-mode-check-20260925T092909-373055,d9ab33c3e2321ac60794da4128863bc7933458ea,5d6bfbdcea29d19d370267cba4667700cee73958,d87cdabb103084659a30a3f166adb46d3151ba0fcbfcca48d6a03922adb44f76,deaff86ee335dd697677bcfc2415a23878e1b895,b69d990830625c54de458282ff109286c5a35597680675bcad0a163ea8640edc,bb7f645d9dfd8af71aaf2c6e196555fd79f5f864cac2d1da54e332e10379729e,/home/letandat/Dev/uav-navigation/.artifacts/runtime/external-mode-check-20260925T092909-373055/logs/rosbag.log,4405,94568b7d3eda712a01f741a31dd9a68a89e0b8bab6314e97b5855383060af1de,file
nominal_N3,external-mode-check-20260925T092909-373055,d9ab33c3e2321ac60794da4128863bc7933458ea,5d6bfbdcea29d19d370267cba4667700cee73958,d87cdabb103084659a30a3f166adb46d3151ba0fcbfcca48d6a03922adb44f76,deaff86ee335dd697677bcfc2415a23878e1b895,b69d990830625c54de458282ff109286c5a35597680675bcad0a163ea8640edc,bb7f645d9dfd8af71aaf2c6e196555fd79f5f864cac2d1da54e332e10379729e,/home/letandat/Dev/uav-navigation/.artifacts/runtime/external-mode-check-20260925T092909-373055/logs/visibility_bridge.log,201,04b19ccca5c958ac1cfd1f2915106141a024cd5e7bf9010cf84c6afcb685cfea,file
nominal_N3,external-mode-check-20260925T092909-373055,d9ab33c3e2321ac60794da4128863bc7933458ea,5d6bfbdcea29d19d370267cba4667700cee73958,d87cdabb103084659a30a3f166adb46d3151ba0fcbfcca48d6a03922adb44f76,deaff86ee335dd697677bcfc2415a23878e1b895,b69d990830625c54de458282ff109286c5a35597680675bcad0a163ea8640edc,bb7f645d9dfd8af71aaf2c6e196555fd79f5f864cac2d1da54e332e10379729e,/home/letandat/Dev/uav-navigation/.artifacts/runtime/external-mode-check-20260925T092909-373055/logs/xrce_agent.log,44051,5d5758ca74e5f7e041edf15664c2de24e3274d30a9635d9bf1aab1a7bdc280d0,file
nominal_N3,external-mode-check-20260925T092909-373055,d9ab33c3e2321ac60794da4128863bc7933458ea,5d6bfbdcea29d19d370267cba4667700cee73958,d87cdabb103084659a30a3f166adb46d3151ba0fcbfcca48d6a03922adb44f76,deaff86ee335dd697677bcfc2415a23878e1b895,b69d990830625c54de458282ff109286c5a35597680675bcad0a163ea8640edc,bb7f645d9dfd8af71aaf2c6e196555fd79f5f864cac2d1da54e332e10379729e,/home/letandat/Dev/uav-navigation/.artifacts/runtime/external-mode-check-20260925T092909-373055/map_descriptor.json,1643,f9d227ec743ac0d33a01b74957c1eb028818bb03de6adda449317a81e1a09279,file
nominal_N3,external-mode-check-20260925T092909-373055,d9ab33c3e2321ac60794da4128863bc7933458ea,5d6bfbdcea29d19d370267cba4667700cee73958,d87cdabb103084659a30a3f166adb46d3151ba0fcbfcca48d6a03922adb44f76,deaff86ee335dd697677bcfc2415a23878e1b895,b69d990830625c54de458282ff109286c5a35597680675bcad0a163ea8640edc,bb7f645d9dfd8af71aaf2c6e196555fd79f5f864cac2d1da54e332e10379729e,/home/letandat/Dev/uav-navigation/.artifacts/runtime/external-mode-check-20260925T092909-373055/metadata.json,256290,a5a5ae4fe076ccda90565214e5d2858e977b69458b79fde1bd90842210b716f2,file
nominal_N3,external-mode-check-20260925T092909-373055,d9ab33c3e2321ac60794da4128863bc7933458ea,5d6bfbdcea29d19d370267cba4667700cee73958,d87cdabb103084659a30a3f166adb46d3151ba0fcbfcca48d6a03922adb44f76,deaff86ee335dd697677bcfc2415a23878e1b895,b69d990830625c54de458282ff109286c5a35597680675bcad0a163ea8640edc,bb7f645d9dfd8af71aaf2c6e196555fd79f5f864cac2d1da54e332e10379729e,/home/letandat/Dev/uav-navigation/.artifacts/runtime/external-mode-check-20260925T092909-373055/monitor.json,54708,6cad7c110fce719112c03a7a25cc90e1985b068e8e48e25b46c599069dae3719,file
nominal_N3,external-mode-check-20260925T092909-373055,d9ab33c3e2321ac60794da4128863bc7933458ea,5d6bfbdcea29d19d370267cba4667700cee73958,d87cdabb103084659a30a3f166adb46d3151ba0fcbfcca48d6a03922adb44f76,deaff86ee335dd697677bcfc2415a23878e1b895,b69d990830625c54de458282ff109286c5a35597680675bcad0a163ea8640edc,bb7f645d9dfd8af71aaf2c6e196555fd79f5f864cac2d1da54e332e10379729e,/home/letandat/Dev/uav-navigation/.artifacts/runtime/external-mode-check-20260925T092909-373055/navigation_runtime_params.yaml,1122,497dd925f850b3b1f78bafb6908cfc9eb8aa8b26378945e6745f0c3672429806,file
nominal_N3,external-mode-check-20260925T092909-373055,d9ab33c3e2321ac60794da4128863bc7933458ea,5d6bfbdcea29d19d370267cba4667700cee73958,d87cdabb103084659a30a3f166adb46d3151ba0fcbfcca48d6a03922adb44f76,deaff86ee335dd697677bcfc2415a23878e1b895,b69d990830625c54de458282ff109286c5a35597680675bcad0a163ea8640edc,bb7f645d9dfd8af71aaf2c6e196555fd79f5f864cac2d1da54e332e10379729e,/home/letandat/Dev/uav-navigation/.artifacts/runtime/external-mode-check-20260925T092909-373055/perception_timeline.jsonl,59320639,20a7b7d955be912674cf1f3eb77ca7b987e7381b06749b72778d77569e531c75,file
nominal_N3,external-mode-check-20260925T092909-373055,d9ab33c3e2321ac60794da4128863bc7933458ea,5d6bfbdcea29d19d370267cba4667700cee73958,d87cdabb103084659a30a3f166adb46d3151ba0fcbfcca48d6a03922adb44f76,deaff86ee335dd697677bcfc2415a23878e1b895,b69d990830625c54de458282ff109286c5a35597680675bcad0a163ea8640edc,bb7f645d9dfd8af71aaf2c6e196555fd79f5f864cac2d1da54e332e10379729e,/home/letandat/Dev/uav-navigation/.artifacts/runtime/external-mode-check-20260925T092909-373055/planner.yaml,3448,6480ff9679e20c3d5f9f5a38efbe7702d9ca98e66c454299019b423d5d298356,file
nominal_N3,external-mode-check-20260925T092909-373055,d9ab33c3e2321ac60794da4128863bc7933458ea,5d6bfbdcea29d19d370267cba4667700cee73958,d87cdabb103084659a30a3f166adb46d3151ba0fcbfcca48d6a03922adb44f76,deaff86ee335dd697677bcfc2415a23878e1b895,b69d990830625c54de458282ff109286c5a35597680675bcad0a163ea8640edc,bb7f645d9dfd8af71aaf2c6e196555fd79f5f864cac2d1da54e332e10379729e,/home/letandat/Dev/uav-navigation/.artifacts/runtime/external-mode-check-20260925T092909-373055/planning_timeline.jsonl,36739088,ab788d9d180706b74f4c078e50d08515cac07aad71d94dae369fd15a02727ca9,file
nominal_N3,external-mode-check-20260925T092909-373055,d9ab33c3e2321ac60794da4128863bc7933458ea,5d6bfbdcea29d19d370267cba4667700cee73958,d87cdabb103084659a30a3f166adb46d3151ba0fcbfcca48d6a03922adb44f76,deaff86ee335dd697677bcfc2415a23878e1b895,b69d990830625c54de458282ff109286c5a35597680675bcad0a163ea8640edc,bb7f645d9dfd8af71aaf2c6e196555fd79f5f864cac2d1da54e332e10379729e,/home/letandat/Dev/uav-navigation/.artifacts/runtime/external-mode-check-20260925T092909-373055/processes.json,14789,1a85a414e2fc8d104a06a109e77f3b92be4cbd3a9398eb5e3b53fcb055a146b9,file
nominal_N3,external-mode-check-20260925T092909-373055,d9ab33c3e2321ac60794da4128863bc7933458ea,5d6bfbdcea29d19d370267cba4667700cee73958,d87cdabb103084659a30a3f166adb46d3151ba0fcbfcca48d6a03922adb44f76,deaff86ee335dd697677bcfc2415a23878e1b895,b69d990830625c54de458282ff109286c5a35597680675bcad0a163ea8640edc,bb7f645d9dfd8af71aaf2c6e196555fd79f5f864cac2d1da54e332e10379729e,/home/letandat/Dev/uav-navigation/.artifacts/runtime/external-mode-check-20260925T092909-373055/provenance/external_px4_dataman,1208528,55cf902b00539fd43b45029e449392ebfab82acdda744f056fcbe3aa0b0c10c4,file
nominal_N3,external-mode-check-20260925T092909-373055,d9ab33c3e2321ac60794da4128863bc7933458ea,5d6bfbdcea29d19d370267cba4667700cee73958,d87cdabb103084659a30a3f166adb46d3151ba0fcbfcca48d6a03922adb44f76,deaff86ee335dd697677bcfc2415a23878e1b895,b69d990830625c54de458282ff109286c5a35597680675bcad0a163ea8640edc,bb7f645d9dfd8af71aaf2c6e196555fd79f5f864cac2d1da54e332e10379729e,/home/letandat/Dev/uav-navigation/.artifacts/runtime/external-mode-check-20260925T092909-373055/provenance/external_px4_parameters.bson,1063,d38e25b51085fe0995550161a522e63634678af2836910929415cdaeea68a415,file
nominal_N3,external-mode-check-20260925T092909-373055,d9ab33c3e2321ac60794da4128863bc7933458ea,5d6bfbdcea29d19d370267cba4667700cee73958,d87cdabb103084659a30a3f166adb46d3151ba0fcbfcca48d6a03922adb44f76,deaff86ee335dd697677bcfc2415a23878e1b895,b69d990830625c54de458282ff109286c5a35597680675bcad0a163ea8640edc,bb7f645d9dfd8af71aaf2c6e196555fd79f5f864cac2d1da54e332e10379729e,/home/letandat/Dev/uav-navigation/.artifacts/runtime/external-mode-check-20260925T092909-373055/provenance/external_px4_parameters_backup.bson,1063,d38e25b51085fe0995550161a522e63634678af2836910929415cdaeea68a415,file
nominal_N3,external-mode-check-20260925T092909-373055,d9ab33c3e2321ac60794da4128863bc7933458ea,5d6bfbdcea29d19d370267cba4667700cee73958,d87cdabb103084659a30a3f166adb46d3151ba0fcbfcca48d6a03922adb44f76,deaff86ee335dd697677bcfc2415a23878e1b895,b69d990830625c54de458282ff109286c5a35597680675bcad0a163ea8640edc,bb7f645d9dfd8af71aaf2c6e196555fd79f5f864cac2d1da54e332e10379729e,/home/letandat/Dev/uav-navigation/.artifacts/runtime/external-mode-check-20260925T092909-373055/provenance/external_px4_status.txt,285,4165f8bc803e4dbc91afb1a5b198c5d914bea455e5d91ec0ac3165983cf02546,file
nominal_N3,external-mode-check-20260925T092909-373055,d9ab33c3e2321ac60794da4128863bc7933458ea,5d6bfbdcea29d19d370267cba4667700cee73958,d87cdabb103084659a30a3f166adb46d3151ba0fcbfcca48d6a03922adb44f76,deaff86ee335dd697677bcfc2415a23878e1b895,b69d990830625c54de458282ff109286c5a35597680675bcad0a163ea8640edc,bb7f645d9dfd8af71aaf2c6e196555fd79f5f864cac2d1da54e332e10379729e,/home/letandat/Dev/uav-navigation/.artifacts/runtime/external-mode-check-20260925T092909-373055/provenance/external_px4_tracked.diff,4198,d492bca20bd947a3d24c6657197d3cb84baf534a069825df5d320ff6139758b7,file
nominal_N3,external-mode-check-20260925T092909-373055,d9ab33c3e2321ac60794da4128863bc7933458ea,5d6bfbdcea29d19d370267cba4667700cee73958,d87cdabb103084659a30a3f166adb46d3151ba0fcbfcca48d6a03922adb44f76,deaff86ee335dd697677bcfc2415a23878e1b895,b69d990830625c54de458282ff109286c5a35597680675bcad0a163ea8640edc,bb7f645d9dfd8af71aaf2c6e196555fd79f5f864cac2d1da54e332e10379729e,/home/letandat/Dev/uav-navigation/.artifacts/runtime/external-mode-check-20260925T092909-373055/px4_mid360_control_bridge.yaml,826,95ac61d0e953ba8f1e2e23484508a29c4ebd5e7bc780bd27acc25932256f6ffe,file
nominal_N3,external-mode-check-20260925T092909-373055,d9ab33c3e2321ac60794da4128863bc7933458ea,5d6bfbdcea29d19d370267cba4667700cee73958,d87cdabb103084659a30a3f166adb46d3151ba0fcbfcca48d6a03922adb44f76,deaff86ee335dd697677bcfc2415a23878e1b895,b69d990830625c54de458282ff109286c5a35597680675bcad0a163ea8640edc,bb7f645d9dfd8af71aaf2c6e196555fd79f5f864cac2d1da54e332e10379729e,/home/letandat/Dev/uav-navigation/.artifacts/runtime/external-mode-check-20260925T092909-373055/px4_mid360_lidar_bridge.yaml,801,f7b49215915e60ef55d2ba83dec139443a3da7721971808d7673e3586333bce6,file
nominal_N3,external-mode-check-20260925T092909-373055,d9ab33c3e2321ac60794da4128863bc7933458ea,5d6bfbdcea29d19d370267cba4667700cee73958,d87cdabb103084659a30a3f166adb46d3151ba0fcbfcca48d6a03922adb44f76,deaff86ee335dd697677bcfc2415a23878e1b895,b69d990830625c54de458282ff109286c5a35597680675bcad0a163ea8640edc,bb7f645d9dfd8af71aaf2c6e196555fd79f5f864cac2d1da54e332e10379729e,/home/letandat/Dev/uav-navigation/.artifacts/runtime/external-mode-check-20260925T092909-373055/report.json,39329421,6279f71d25b9916e6080513588f9b7722b7d60761dba32fbb0f962e9a8dc1bb9,file
nominal_N3,external-mode-check-20260925T092909-373055,d9ab33c3e2321ac60794da4128863bc7933458ea,5d6bfbdcea29d19d370267cba4667700cee73958,d87cdabb103084659a30a3f166adb46d3151ba0fcbfcca48d6a03922adb44f76,deaff86ee335dd697677bcfc2415a23878e1b895,b69d990830625c54de458282ff109286c5a35597680675bcad0a163ea8640edc,bb7f645d9dfd8af71aaf2c6e196555fd79f5f864cac2d1da54e332e10379729e,/home/letandat/Dev/uav-navigation/.artifacts/runtime/external-mode-check-20260925T092909-373055/resolved_long_featured.sdf,10967,cb40ad74ddeada92570d33c648387af4ba46282ba823675a6e438df1952ed3c8,file
nominal_N3,external-mode-check-20260925T092909-373055,d9ab33c3e2321ac60794da4128863bc7933458ea,5d6bfbdcea29d19d370267cba4667700cee73958,d87cdabb103084659a30a3f166adb46d3151ba0fcbfcca48d6a03922adb44f76,deaff86ee335dd697677bcfc2415a23878e1b895,b69d990830625c54de458282ff109286c5a35597680675bcad0a163ea8640edc,bb7f645d9dfd8af71aaf2c6e196555fd79f5f864cac2d1da54e332e10379729e,/home/letandat/Dev/uav-navigation/.artifacts/runtime/external-mode-check-20260925T092909-373055/resolved_mission.yaml,892,e1490f004ad6b2feb89253e2aee90581d53cd30ad3793f9e36f1a9afa44a7152,file
nominal_N3,external-mode-check-20260925T092909-373055,d9ab33c3e2321ac60794da4128863bc7933458ea,5d6bfbdcea29d19d370267cba4667700cee73958,d87cdabb103084659a30a3f166adb46d3151ba0fcbfcca48d6a03922adb44f76,deaff86ee335dd697677bcfc2415a23878e1b895,b69d990830625c54de458282ff109286c5a35597680675bcad0a163ea8640edc,bb7f645d9dfd8af71aaf2c6e196555fd79f5f864cac2d1da54e332e10379729e,/home/letandat/Dev/uav-navigation/.artifacts/runtime/external-mode-check-20260925T092909-373055/rosbag/metadata.yaml,19373,e66fb7abc78b966da9560fb46f1bd4d7e9c94755d1a77c440a7f238676acf96b,file
nominal_N3,external-mode-check-20260925T092909-373055,d9ab33c3e2321ac60794da4128863bc7933458ea,5d6bfbdcea29d19d370267cba4667700cee73958,d87cdabb103084659a30a3f166adb46d3151ba0fcbfcca48d6a03922adb44f76,deaff86ee335dd697677bcfc2415a23878e1b895,b69d990830625c54de458282ff109286c5a35597680675bcad0a163ea8640edc,bb7f645d9dfd8af71aaf2c6e196555fd79f5f864cac2d1da54e332e10379729e,/home/letandat/Dev/uav-navigation/.artifacts/runtime/external-mode-check-20260925T092909-373055/rosbag/rosbag_0.db3,710512640,73d1164c6cb93e47e1f39db3e5afd5c79ab025ba919bf28d8ea553527c2f30fb,file
nominal_N3,external-mode-check-20260925T092909-373055,d9ab33c3e2321ac60794da4128863bc7933458ea,5d6bfbdcea29d19d370267cba4667700cee73958,d87cdabb103084659a30a3f166adb46d3151ba0fcbfcca48d6a03922adb44f76,deaff86ee335dd697677bcfc2415a23878e1b895,b69d990830625c54de458282ff109286c5a35597680675bcad0a163ea8640edc,bb7f645d9dfd8af71aaf2c6e196555fd79f5f864cac2d1da54e332e10379729e,/home/letandat/Dev/uav-navigation/.artifacts/runtime/external-mode-check-20260925T092909-373055/runtime.json,247660,f5e8e716c0db8b58e7f62e30b15e187b96a9335519409f354828fa3a7d9c6778,file
nominal_N3,external-mode-check-20260925T092909-373055,d9ab33c3e2321ac60794da4128863bc7933458ea,5d6bfbdcea29d19d370267cba4667700cee73958,d87cdabb103084659a30a3f166adb46d3151ba0fcbfcca48d6a03922adb44f76,deaff86ee335dd697677bcfc2415a23878e1b895,b69d990830625c54de458282ff109286c5a35597680675bcad0a163ea8640edc,bb7f645d9dfd8af71aaf2c6e196555fd79f5f864cac2d1da54e332e10379729e,/home/letandat/Dev/uav-navigation/.artifacts/runtime/external-mode-check-20260925T092909-373055/samples.jsonl,84623348,9029b4af8ec074086c48763f1e3e565fd5d5ba5112652de5f02382802cb40798,file
nominal_N3,external-mode-check-20260925T092909-373055,d9ab33c3e2321ac60794da4128863bc7933458ea,5d6bfbdcea29d19d370267cba4667700cee73958,d87cdabb103084659a30a3f166adb46d3151ba0fcbfcca48d6a03922adb44f76,deaff86ee335dd697677bcfc2415a23878e1b895,b69d990830625c54de458282ff109286c5a35597680675bcad0a163ea8640edc,bb7f645d9dfd8af71aaf2c6e196555fd79f5f864cac2d1da54e332e10379729e,/home/letandat/Dev/uav-navigation/.artifacts/runtime/external-mode-check-20260925T092909-373055/scenario.json,1528566,bd273c05fc151cb0a528b0b8f7713bff0484258e6ad5cec237e429e250a6afc2,file
nominal_N3,external-mode-check-20260925T092909-373055,d9ab33c3e2321ac60794da4128863bc7933458ea,5d6bfbdcea29d19d370267cba4667700cee73958,d87cdabb103084659a30a3f166adb46d3151ba0fcbfcca48d6a03922adb44f76,deaff86ee335dd697677bcfc2415a23878e1b895,b69d990830625c54de458282ff109286c5a35597680675bcad0a163ea8640edc,bb7f645d9dfd8af71aaf2c6e196555fd79f5f864cac2d1da54e332e10379729e,/home/letandat/Dev/uav-navigation/.artifacts/runtime/external-mode-check-20260925T092909-373055/scenario.jsonl,51510830,ba9d11cfe49a6e428d43ef79b92f015db4dbdf6d5503abec274c3caf120df770,file
nominal_N3,external-mode-check-20260925T092909-373055,d9ab33c3e2321ac60794da4128863bc7933458ea,5d6bfbdcea29d19d370267cba4667700cee73958,d87cdabb103084659a30a3f166adb46d3151ba0fcbfcca48d6a03922adb44f76,deaff86ee335dd697677bcfc2415a23878e1b895,b69d990830625c54de458282ff109286c5a35597680675bcad0a163ea8640edc,bb7f645d9dfd8af71aaf2c6e196555fd79f5f864cac2d1da54e332e10379729e,/home/letandat/Dev/uav-navigation/.artifacts/runtime/external-mode-check-20260925T092909-373055/scenario_config.yaml,8745,bb7f645d9dfd8af71aaf2c6e196555fd79f5f864cac2d1da54e332e10379729e,file
nominal_N3,external-mode-check-20260925T092909-373055,d9ab33c3e2321ac60794da4128863bc7933458ea,5d6bfbdcea29d19d370267cba4667700cee73958,d87cdabb103084659a30a3f166adb46d3151ba0fcbfcca48d6a03922adb44f76,deaff86ee335dd697677bcfc2415a23878e1b895,b69d990830625c54de458282ff109286c5a35597680675bcad0a163ea8640edc,bb7f645d9dfd8af71aaf2c6e196555fd79f5f864cac2d1da54e332e10379729e,/home/letandat/Dev/uav-navigation/.artifacts/runtime/external-mode-check-20260925T092909-373055/state.json,1376,b4eb20a764c49fbf3c6a14d4dd417cfadd9d0457eb9c72f449c41b601ccacc86,file
