record_time_ns,header_ns,timebase_ns,point_count,offset_min_ns,offset_max_ns,offset_regressions,scan_start_ns,scan_end_ns,frame_id,imu_sample_count,first_imu_ns,last_imu_ns,start_bracket,end_bracket,maximum_imu_gap_ns
1701245214302987347,1701245214258688450,1701245214258688450,6528,0,32635000,0,1701245214258688450,1701245214291323450,livox_frame,1,1701245214304233295,1701245214304233295,0,0,0
1701245214337028674,1701245214292727709,1701245214292727709,6528,0,32635000,0,1701245214292727709,1701245214325362709,livox_frame,5,1701245214304233295,1701245214326237213,0,1,6082215
1701245214369395990,1701245214325081587,1701245214325081587,6528,0,32635000,0,1701245214325081587,1701245214357716587,livox_frame,8,1701245214320154998,1701245214362395489,1,1,6484400
1701245214403583900,1701245214359238863,1701245214359238863,6528,0,32635000,0,1701245214359238863,1701245214391873863,livox_frame,8,1701245214356187744,1701245214396339140,1,1,6207745
1701245214435882279,1701245214391548395,1701245214391548395,6528,0,32635000,0,1701245214391548395,1701245214424183395,livox_frame,7,1701245214390331035,1701245214425308542,1,1,6127817
1701245214469848631,1701245214425586462,1701245214425586462,6528,0,32635000,0,1701245214425586462,1701245214458221462,livox_frame,7,1701245214425308542,1701245214459192518,1,1,6119335
1701245214503150305,1701245214458816767,1701245214458816767,6528,0,32635000,0,1701245214458816767,1701245214491451767,livox_frame,8,1701245214453139323,1701245214495350726,1,1,8055247
1701245214536841686,1701245214492572784,1701245214492572546,6528,0,32635000,0,1701245214492572546,1701245214525207546,livox_frame,8,1701245214489447740,1701245214529193401,1,1,6145782
1701245214569935602,1701245214525591373,1701245214525591373,6528,0,32635000,0,1701245214525591373,1701245214558226373,livox_frame,8,1701245214523216927,1701245214562167206,1,1,6494999
1701245214603081785,1701245214558746815,1701245214558746815,6528,0,32635000,0,1701245214558746815,1701245214591381815,livox_frame,7,1701245214558190679,1701245214592161969,1,1,6015583
1701245214637175064,1701245214592751503,1701245214592751741,6528,0,32635000,0,1701245214592751741,1701245214625386741,livox_frame,7,1701245214592161969,1701245214626299573,1,1,6359029
1701245214669305278,1701245214624883413,1701245214624883413,6528,0,32635000,0,1701245214624883413,1701245214657518413,livox_frame,8,1701245214620419200,1701245214660291599,1,1,6140243
1701245214703526237,1701245214659218550,1701245214659218550,6528,0,32635000,0,1701245214659218550,1701245214691853550,livox_frame,8,1701245214654331890,1701245214696192133,1,1,6143950
1701245214735859396,1701245214691558838,1701245214691558838,6528,0,32635000,0,1701245214691558838,1701245214724193838,livox_frame,7,1701245214690195453,1701245214724258527,1,1,6197936
1701245214769944649,1701245214725608349,1701245214725608349,6528,0,32635000,0,1701245214725608349,1701245214758243349,livox_frame,7,1701245214724258527,1701245214760279535,1,1,6234905
1701245214803331616,1701245214758815050,1701245214758815050,6528,0,32635000,0,1701245214758815050,1701245214791450050,livox_frame,8,1701245214754298852,1701245214794174850,1,1,6032880
1701245214836930325,1701245214792543411,1701245214792543411,6528,0,32635000,0,1701245214792543411,1701245214825178411,livox_frame,8,1701245214788141970,1701245214828179061,1,1,6054527
1701245214869940374,1701245214825553179,1701245214825553179,6528,0,32635000,0,1701245214825553179,1701245214858188179,livox_frame,7,1701245214822124534,1701245214858499628,1,1,6350670
1701245214903232837,1701245214858688116,1701245214858687878,6528,0,32635000,0,1701245214858687878,1701245214891322878,livox_frame,8,1701245214858499628,1701245214896376694,1,1,6236330
1701245214937097245,1701245214892739296,1701245214892739296,6528,0,32635000,0,1701245214892739296,1701245214925374296,livox_frame,7,1701245214890833100,1701245214926306309,1,1,6141120
1701245214969549365,1701245214925077200,1701245214925077200,6528,0,32635000,0,1701245214925077200,1701245214957712200,livox_frame,8,1701245214920165189,1701245214960212670,1,1,6344823
1701245215003652386,1701245214959249258,1701245214959249258,6528,0,32635000,0,1701245214959249258,1701245214991884258,livox_frame,8,1701245214954510851,1701245214994290553,1,1,6232745
1701245215036189447,1701245214991620779,1701245214991620779,6528,0,32635000,0,1701245214991620779,1701245215024255779,livox_frame,8,1701245214990153972,1701245215030309099,1,1,6097233
1701245215070112957,1701245215025641441,1701245215025641441,6528,0,32635000,0,1701245215025641441,1701245215058276441,livox_frame,8,1701245215024233975,1701245215064195791,1,1,6075124
1701245215103265240,1701245215058775663,1701245215058775663,6528,0,32635000,0,1701245215058775663,1701245215091410663,livox_frame,7,1701245215058197132,1701245215092114568,1,1,6042000
1701245215136852497,1701245215092559814,1701245215092559814,6528,0,32635000,0,1701245215092559814,1701245215125194814,livox_frame,7,1701245215092114568,1701245215128513716,1,1,6441827
1701245215169954900,1701245215125562191,1701245215125562191,6528,0,32635000,0,1701245215125562191,1701245215158197191,livox_frame,8,1701245215122234800,1701245215162472464,1,1,6282941
1701245215203177800,1701245215158719778,1701245215158719778,6528,0,32635000,0,1701245215158719778,1701245215191354778,livox_frame,8,1701245215156216722,1701245215196151449,1,1,6255742
1701245215237144967,1701245215192741156,1701245215192741156,6528,0,32635000,0,1701245215192741156,1701245215225376156,livox_frame,7,1701245215190303037,1701245215226169283,1,1,6050873
1701245215269458150,1701245215225139618,1701245215225139618,6528,0,32635000,0,1701245215225139618,1701245215257774618,livox_frame,8,1701245215220136308,1701245215260304124,1,1,6209376
1701245215303748205,1701245215259278536,1701245215259278536,6528,0,32635000,0,1701245215259278536,1701245215291913536,livox_frame,8,1701245215254344352,1701245215294296556,1,1,6127375
1701245215335853612,1701245215291577578,1701245215291577578,6528,0,32635000,0,1701245215291577578,1701245215324212578,livox_frame,8,1701245215288364451,1701245215330316445,1,1,6145980
1701245215369808629,1701245215325571299,1701245215325571299,6528,0,32635000,0,1701245215325571299,1701245215358206299,livox_frame,8,1701245215324170465,1701245215364128530,1,1,6145980
1701245215403147722,1701245215358787775,1701245215358787775,6528,0,32635000,0,1701245215358787775,1701245215391422775,livox_frame,7,1701245215358151311,1701245215392360892,1,1,6143463
1701245215436928489,1701245215392517328,1701245215392517328,6528,0,32635000,0,1701245215392517328,1701245215425152328,livox_frame,7,1701245215392360892,1701245215428197711,1,1,6094636
1701245215469821710,1701245215425532341,1701245215425532341,6528,0,32635000,0,1701245215425532341,1701245215458167341,livox_frame,8,1701245215422295444,1701245215462286549,1,1,6161498
1701245215502988067,1701245215458700895,1701245215458700895,6528,0,32635000,0,1701245215458700895,1701245215491335895,livox_frame,8,1701245215456125051,1701245215496111452,1,1,6161498
1701245215537071447,1701245215492814302,1701245215492814302,6528,0,32635000,0,1701245215492814302,1701245215525449302,livox_frame,8,1701245215490148027,1701245215530339262,1,1,6181429
1701245215569368707,1701245215525070429,1701245215525070429,6528,0,32635000,0,1701245215525070429,1701245215557705429,livox_frame,7,1701245215524423756,1701245215560156056,1,1,6140687
1701245215603647826,1701245215559267282,1701245215559267282,6528,0,32635000,0,1701245215559267282,1701245215591902282,livox_frame,8,1701245215554153506,1701245215594192606,1,1,6120560
1701245215635851319,1701245215591532469,1701245215591532469,6528,0,32635000,0,1701245215591532469,1701245215624167469,livox_frame,8,1701245215588111033,1701245215628127704,1,1,6081573
1701245215669994411,1701245215625598907,1701245215625598907,6528,0,32635000,0,1701245215625598907,1701245215658233907,livox_frame,8,1701245215624110329,1701245215662364102,1,1,6264639
1701245215703139302,1701245215658757210,1701245215658757210,6528,0,32635000,0,1701245215658757210,1701245215691392210,livox_frame,7,1701245215656499158,1701245215692148204,1,1,6153689
1701245215736965170,1701245215692527771,1701245215692527771,6528,0,32635000,0,1701245215692527771,1701245215725162771,livox_frame,7,1701245215692148204,1701245215726206658,1,1,6240609
1701245215769905428,1701245215725536108,1701245215725536108,6528,0,32635000,0,1701245215725536108,1701245215758171108,livox_frame,8,1701245215720341653,1701245215762175826,1,1,6155710
1701245215803169707,1701245215758759737,1701245215758759737,6528,0,32635000,0,1701245215758759737,1701245215791394737,livox_frame,8,1701245215756103760,1701245215796222330,1,1,6072066
1701245215837178262,1701245215792749643,1701245215792749643,6528,0,32635000,0,1701245215792749643,1701245215825384643,livox_frame,8,1701245215790329788,1701245215830118791,1,1,6092615
1701245215869564349,1701245215825079441,1701245215825079441,6528,0,32635000,0,1701245215825079441,1701245215857714441,livox_frame,7,1701245215824174480,1701245215860154689,1,1,6067813
1701245215903556586,1701245215859229088,1701245215859229088,6528,0,32635000,0,1701245215859229088,1701245215891864088,livox_frame,8,1701245215854151940,1701245215894492215,1,1,6327435
1701245215936014630,1701245215891565561,1701245215891565561,6528,0,32635000,0,1701245215891565561,1701245215924200561,livox_frame,8,1701245215888164780,1701245215928190178,1,1,6327435
1701245215970032698,1701245215925575018,1701245215925575018,6528,0,32635000,0,1701245215925575018,1701245215958210018,livox_frame,8,1701245215922325990,1701245215962176669,1,1,6083244
1701245216003168777,1701245215958769321,1701245215958769321,6528,0,32635000,0,1701245215958769321,1701245215991404321,livox_frame,7,1701245215956239826,1701245215992118653,1,1,6060256
1701245216035649425,1701245215991218328,1701245215991218328,6528,0,32635000,0,1701245215991218328,1701245216023853328,livox_frame,8,1701245215986129365,1701245216026342891,1,1,6213827
1701245216069899380,1701245216025551558,1701245216025551558,6528,0,32635000,0,1701245216025551558,1701245216058186558,livox_frame,8,1701245216020129064,1701245216060232933,1,1,6213827
1701245216102983641,1701245216058684349,1701245216058684349,6528,0,32635000,0,1701245216058684349,1701245216091319349,livox_frame,8,1701245216054324570,1701245216094125517,1,1,6103468
1701245216137081441,1701245216092743874,1701245216092743874,6528,0,32635000,0,1701245216092743874,1701245216125378874,livox_frame,8,1701245216090227037,1701245216130152923,1,1,6162657
1701245216169125077,1701245216124831676,1701245216124831676,6528,0,32635000,0,1701245216124831676,1701245216157466676,livox_frame,7,1701245216124130893,1701245216158315270,1,1,6343167
1701245216203535318,1701245216159263849,1701245216159263849,6528,0,32635000,0,1701245216159263849,1701245216191898849,livox_frame,7,1701245216158315270,1701245216192334174,1,1,6253088
1701245216235877026,1701245216191557407,1701245216191557407,6528,0,32635000,0,1701245216191557407,1701245216224192407,livox_frame,8,1701245216186309920,1701245216228234500,1,1,6095637
1701245216269852128,1701245216225582123,1701245216225582123,6528,0,32635000,0,1701245216225582123,1701245216258217123,livox_frame,8,1701245216222203635,1701245216262190287,1,1,6094440
1701245216303034115,1701245216258769512,1701245216258769512,6528,0,32635000,0,1701245216258769512,1701245216291404512,livox_frame,8,1701245216256171589,1701245216296352637,1,1,6176446
1701245216336983051,1701245216292663813,1701245216292663813,6528,0,32635000,0,1701245216292663813,1701245216325298813,livox_frame,7,1701245216290379547,1701245216326156168,1,1,6010196
1701245216369832046,1701245216325544357,1701245216325544357,6528,0,32635000,0,1701245216325544357,1701245216358179357,livox_frame,8,1701245216320182799,1701245216360121109,1,1,6118745
1701245216402951232,1701245216358714819,1701245216358714819,6528,0,32635000,0,1701245216358714819,1701245216391349819,livox_frame,8,1701245216354131474,1701245216394204505,1,1,6066391
1701245216437030968,1701245216392805099,1701245216392805099,6528,0,32635000,0,1701245216392805099,1701245216425440099,livox_frame,8,1701245216388138114,1701245216429218953,1,1,7028744
1701245216469372379,1701245216425082684,1701245216425082684,6528,0,32635000,0,1701245216425082684,1701245216457717684,livox_frame,8,1701245216423205368,1701245216463298984,1,1,6228599
1701245216503294648,1701245216459010363,1701245216459010363,6528,0,32635000,0,1701245216459010363,1701245216491645363,livox_frame,7,1701245216457318886,1701245216493175398,1,1,6023552
1701245216535930529,1701245216491551161,1701245216491551161,6528,0,32635000,0,1701245216491551161,1701245216524186161,livox_frame,8,1701245216487151846,1701245216527168947,1,1,6238748
1701245216569906793,1701245216525586605,1701245216525586605,6528,0,32635000,0,1701245216525586605,1701245216558221605,livox_frame,8,1701245216521084968,1701245216561201649,1,1,6325155
1701245216603255833,1701245216558785677,1701245216558785915,6528,0,32635000,0,1701245216558785915,1701245216591420915,livox_frame,8,1701245216555424530,1701245216597136261,1,1,6062668
1701245216636819194,1701245216592530489,1701245216592530489,6528,0,32635000,0,1701245216592530489,1701245216625165489,livox_frame,7,1701245216591147773,1701245216625295968,1,1,6123301
1701245216669282462,1701245216624962807,1701245216624962807,6528,0,32635000,0,1701245216624962807,1701245216657597807,livox_frame,8,1701245216619172667,1701245216659425005,1,1,6268920
1701245216702981171,1701245216658671141,1701245216658671141,6528,0,32635000,0,1701245216658671141,1701245216691306141,livox_frame,8,1701245216653156085,1701245216695337162,1,1,6268920
1701245216737102544,1701245216692755699,1701245216692755699,6528,0,32635000,0,1701245216692755699,1701245216725390699,livox_frame,8,1701245216689347738,1701245216729115091,1,1,6163277
1701245216769439471,1701245216725092173,1701245216725092173,6528,0,32635000,0,1701245216725092173,1701245216757727173,livox_frame,8,1701245216723341602,1701245216763088552,1,1,6069377
1701245216803483771,1701245216759207726,1701245216759207726,6528,0,32635000,0,1701245216759207726,1701245216791842726,livox_frame,7,1701245216757108455,1701245216793343080,1,1,6225605
1701245216836048624,1701245216791709185,1701245216791709185,6528,0,32635000,0,1701245216791709185,1701245216824344185,livox_frame,8,1701245216787117475,1701245216827188996,1,1,6225605
1701245216869881843,1701245216825570107,1701245216825570107,6528,0,32635000,0,1701245216825570107,1701245216858205107,livox_frame,8,1701245216821214533,1701245216861175335,1,1,6104437
1701245216903077980,1701245216858744860,1701245216858744860,6528,0,32635000,0,1701245216858744860,1701245216891379860,livox_frame,8,1701245216855210049,1701245216897179046,1,1,6156349
1701245216936767319,1701245216892512560,1701245216892512560,6528,0,32635000,0,1701245216892512560,1701245216925147560,livox_frame,7,1701245216891233782,1701245216925486061,1,1,6198552
1701245216969852623,1701245216925550938,1701245216925550938,6528,0,32635000,0,1701245216925550938,1701245216958185938,livox_frame,7,1701245216925486061,1701245216959201378,1,1,6075750
1701245217003019719,1701245216958721638,1701245216958721638,6528,0,32635000,0,1701245216958721638,1701245216991356638,livox_frame,8,1701245216953168461,1701245216993336920,1,1,6111818
1701245217037130907,1701245216992742300,1701245216992742300,6528,0,32635000,0,1701245216992742300,1701245217025377300,livox_frame,8,1701245216989149185,1701245217029141950,1,1,6106792
1701245217069448167,1701245217025070190,1701245217025070190,6528,0,32635000,0,1701245217025070190,1701245217057705190,livox_frame,8,1701245217023099280,1701245217063300235,1,1,6179165
1701245217103497278,1701245217059239388,1701245217059239388,6528,0,32635000,0,1701245217059239388,1701245217091874388,livox_frame,8,1701245217057312109,1701245217097086390,1,1,6260632
1701245217135818717,1701245217091569901,1701245217091569901,6528,0,32635000,0,1701245217091569901,1701245217124204901,livox_frame,7,1701245217091186814,1701245217127097429,1,1,6253282
1701245217169810755,1701245217125601053,1701245217125601053,6528,0,32635000,0,1701245217125601053,1701245217158236053,livox_frame,8,1701245217121074728,1701245217161120368,1,1,6233262
1701245217203107818,1701245217158762932,1701245217158762932,6528,0,32635000,0,1701245217158762932,1701245217191397932,livox_frame,8,1701245217155359513,1701245217195325496,1,1,6108772
1701245217236908458,1701245217192536592,1701245217192536592,6528,0,32635000,0,1701245217192536592,1701245217225171592,livox_frame,8,1701245217189366256,1701245217229302096,1,1,6043175
1701245217269814152,1701245217225550413,1701245217225550413,6528,0,32635000,0,1701245217225550413,1701245217258185413,livox_frame,7,1701245217223372538,1701245217259153161,1,1,6035877
1701245217302986464,1701245217258645296,1701245217258645296,6528,0,32635000,0,1701245217258645296,1701245217291280296,livox_frame,8,1701245217253121017,1701245217293060066,1,1,6232288
1701245217337018858,1701245217292716503,1701245217292716503,6528,0,32635000,0,1701245217292716503,1701245217325351503,livox_frame,8,1701245217287090677,1701245217329258331,1,1,7853394
1701245217369413035,1701245217325094461,1701245217325094461,6528,0,32635000,0,1701245217325094461,1701245217357729461,livox_frame,8,1701245217321404937,1701245217363064085,1,1,7853394
1701245217403497456,1701245217359208345,1701245217359208345,6528,0,32635000,0,1701245217359208345,1701245217391843345,livox_frame,8,1701245217357136173,1701245217397096165,1,1,6048107
1701245217435882620,1701245217391524553,1701245217391524553,6528,0,32635000,0,1701245217391524553,1701245217424159553,livox_frame,7,1701245217391083900,1701245217426307960,1,1,7241891
1701245217469919676,1701245217425613165,1701245217425613165,6528,0,32635000,0,1701245217425613165,1701245217458248165,livox_frame,8,1701245217420295312,1701245217460297981,1,1,6328964
1701245217503070742,1701245217458757162,1701245217458757162,6528,0,32635000,0,1701245217458757162,1701245217491392162,livox_frame,8,1701245217454283946,1701245217496073954,1,1,6075007
1701245217536894901,1701245217492529154,1701245217492529154,6528,0,32635000,0,1701245217492529154,1701245217525164154,livox_frame,8,1701245217490149964,1701245217530143085,1,1,6127479
1701245217569907520,1701245217525558710,1701245217525558710,6528,0,32635000,0,1701245217525558710,1701245217558193710,livox_frame,7,1701245217524075983,1701245217558321923,1,1,6067102
1701245217603126078,1701245217558691263,1701245217558691263,6528,0,32635000,0,1701245217558691263,1701245217591326263,livox_frame,7,1701245217558321923,1701245217592292632,1,1,6200264
1701245217637184376,1701245217592749357,1701245217592749357,6528,0,32635000,0,1701245217592749357,1701245217625384357,livox_frame,7,1701245217592292632,1701245217628131123,1,1,6031271
1701245217669392400,1701245217625072241,1701245217625072002,6528,0,32635000,0,1701245217625072002,1701245217657707002,livox_frame,8,1701245217622099852,1701245217662179547,1,1,6073179
1701245217703476917,1701245217659198284,1701245217659198284,6528,0,32635000,0,1701245217659198284,1701245217691833284,livox_frame,8,1701245217656138227,1701245217696402714,1,1,6084160
1701245217735990272,1701245217691550970,1701245217691550970,6528,0,32635000,0,1701245217691550970,1701245217724185970,livox_frame,7,1701245217690318554,1701245217726420992,1,1,6186815
1701245217769874159,1701245217725555182,1701245217725555182,6528,0,32635000,0,1701245217725555182,1701245217758190182,livox_frame,8,1701245217720234177,1701245217760304753,1,1,6186815
1701245217803133980,1701245217758765936,1701245217758765697,6528,0,32635000,0,1701245217758765697,1701245217791400697,livox_frame,8,1701245217754130412,1701245217794137447,1,1,6174341
1701245217836912464,1701245217792546511,1701245217792546511,6528,0,32635000,0,1701245217792546511,1701245217825181511,livox_frame,8,1701245217788132859,1701245217830189327,1,1,6240216
1701245217869816675,1701245217825511217,1701245217825511217,6528,0,32635000,0,1701245217825511217,1701245217858146217,livox_frame,7,1701245217824231246,1701245217858194224,1,1,6066331
1701245217903027242,1701245217858682156,1701245217858682156,6528,0,32635000,0,1701245217858682156,1701245217891317156,livox_frame,7,1701245217858194224,1701245217892099580,1,1,6026715
1701245217937000046,1701245217892721891,1701245217892721891,6528,0,32635000,0,1701245217892721891,1701245217925356891,livox_frame,7,1701245217892099580,1701245217928081090,1,1,6076210
1701245217969525771,1701245217925069571,1701245217925069571,6528,0,32635000,0,1701245217925069571,1701245217957704571,livox_frame,8,1701245217922114400,1701245217962197620,1,1,6322338
1701245218003480402,1701245217959239960,1701245217959239960,6528,0,32635000,0,1701245217959239960,1701245217991874960,livox_frame,8,1701245217956306669,1701245217996112581,1,1,6111184
1701245218035761499,1701245217991471529,1701245217991471529,6528,0,32635000,0,1701245217991471529,1701245218024106529,livox_frame,7,1701245217990185914,1701245218026123020,1,1,6154549
1701245218069884866,1701245218025590897,1701245218025590897,6528,0,32635000,0,1701245218025590897,1701245218058225897,livox_frame,8,1701245218020070101,1701245218060140354,1,1,6063621
1701245218103078103,1701245218058764696,1701245218058764696,6528,0,32635000,0,1701245218058764696,1701245218091399696,livox_frame,8,1701245218054177356,1701245218094332612,1,1,6160570
1701245218136868046,1701245218092513800,1701245218092513800,6528,0,32635000,0,1701245218092513800,1701245218125148800,livox_frame,8,1701245218088223162,1701245218128087723,1,1,6138127
1701245218169302767,1701245218124939680,1701245218124939680,6528,0,32635000,0,1701245218124939680,1701245218157574680,livox_frame,7,1701245218122224576,1701245218158144563,1,1,6064567
1701245218203145394,1701245218158703804,1701245218158703804,6528,0,32635000,0,1701245218158703804,1701245218191338804,livox_frame,7,1701245218158144563,1701245218192089450,1,1,6052336
1701245218237282703,1701245218192756653,1701245218192756653,6528,0,32635000,0,1701245218192756653,1701245218225391653,livox_frame,7,1701245218192089450,1701245218226307220,1,1,6248041
1701245218269538556,1701245218225128174,1701245218225128174,6528,0,32635000,0,1701245218225128174,1701245218257763174,livox_frame,8,1701245218220339929,1701245218260294887,1,1,6309951
1701245218303559257,1701245218259225607,1701245218259225607,6528,0,32635000,0,1701245218259225607,1701245218291860607,livox_frame,8,1701245218256226100,1701245218296114860,1,1,5993488
1701245218335976801,1701245218291592598,1701245218291592598,6528,0,32635000,0,1701245218291592598,1701245218324227598,livox_frame,8,1701245218290133328,1701245218330112461,1,1,6231645
1701245218369841536,1701245218325552225,1701245218325552225,6528,0,32635000,0,1701245218325552225,1701245218358187225,livox_frame,7,1701245218324086844,1701245218360201662,1,1,6089845
1701245218403127424,1701245218358761787,1701245218358761787,6528,0,32635000,0,1701245218358761787,1701245218391396787,livox_frame,8,1701245218354288980,1701245218394134320,1,1,6123249
1701245218436835057,1701245218392506599,1701245218392506599,6528,0,32635000,0,1701245218392506599,1701245218425141599,livox_frame,8,1701245218388276963,1701245218429139180,1,1,6057319
1701245218469781782,1701245218425524473,1701245218425524473,6528,0,32635000,0,1701245218425524473,1701245218458159473,livox_frame,8,1701245218423081861,1701245218463351919,1,1,6176819
1701245218502982527,1701245218458682060,1701245218458682060,6528,0,32635000,0,1701245218458682060,1701245218491317060,livox_frame,7,1701245218457436272,1701245218491414415,1,1,6199429
1701245218536947260,1701245218492723942,1701245218492723942,6528,0,32635000,0,1701245218492723942,1701245218525358942,livox_frame,7,1701245218491414415,1701245218527154576,1,1,6233088
1701245218569353695,1701245218525099039,1701245218525099039,6528,0,32635000,0,1701245218525099039,1701245218557734039,livox_frame,8,1701245218521163148,1701245218561084248,1,1,6092833
1701245218603458215,1701245218559207678,1701245218559207678,6528,0,32635000,0,1701245218559207678,1701245218591842678,livox_frame,8,1701245218555213522,1701245218595339108,1,1,6190673
1701245218635943880,1701245218591540575,1701245218591540575,6528,0,32635000,0,1701245218591540575,1701245218624175575,livox_frame,8,1701245218589148435,1701245218629330785,1,1,6190673
1701245218669771679,1701245218625541925,1701245218625541925,6528,0,32635000,0,1701245218625541925,1701245218658176925,livox_frame,7,1701245218623309776,1701245218659208965,1,1,6124635
1701245218703095355,1701245218658745527,1701245218658745527,6528,0,32635000,0,1701245218658745527,1701245218691380527,livox_frame,8,1701245218653084330,1701245218693103170,1,1,6124635
1701245218736928452,1701245218692523956,1701245218692523956,6528,0,32635000,0,1701245218692523956,1701245218725158956,livox_frame,8,1701245218687079034,1701245218729292619,1,1,7597871
1701245218769876020,1701245218725540638,1701245218725540638,6528,0,32635000,0,1701245218725540638,1701245218758175638,livox_frame,8,1701245218723196571,1701245218763285545,1,1,6168447
1701245218803148621,1701245218758719683,1701245218758719683,6528,0,32635000,0,1701245218758719683,1701245218791354683,livox_frame,8,1701245218757143482,1701245218797078728,1,1,6142063
1701245218837133379,1701245218792820454,1701245218792820454,6528,0,32635000,0,1701245218792820454,1701245218825455454,livox_frame,8,1701245218791063285,1701245218831102855,1,1,6041191
1701245218869477021,1701245218825052977,1701245218825052977,6528,0,32635000,0,1701245218825052977,1701245218857687977,livox_frame,8,1701245218821103017,1701245218859337557,1,1,6153727
1701245218903572805,1701245218859211683,1701245218859211683,6528,0,32635000,0,1701245218859211683,1701245218891846683,livox_frame,8,1701245218855324109,1701245218895241245,1,1,6166832
1701245218935999219,1701245218891597509,1701245218891597509,6528,0,32635000,0,1701245218891597509,1701245218924232509,livox_frame,8,1701245218889074413,1701245218929093240,1,1,6166832
1701245218969857290,1701245218925569057,1701245218925569057,6528,0,32635000,0,1701245218925569057,1701245218958204057,livox_frame,7,1701245218923082458,1701245218959098786,1,1,6085522
1701245219003230299,1701245218958760023,1701245218958760023,6528,0,32635000,0,1701245218958760023,1701245218991395023,livox_frame,8,1701245218953095791,1701245218993215785,1,1,6217267
1701245219036849219,1701245218992510796,1701245218992510796,6528,0,32635000,0,1701245218992510796,1701245219025145796,livox_frame,8,1701245218987360308,1701245219027213474,1,1,6316720
1701245219069804512,1701245219025561333,1701245219025561333,6528,0,32635000,0,1701245219025561333,1701245219058196333,livox_frame,8,1701245219021081472,1701245219061121085,1,1,6132002
1701245219103166116,1701245219058696270,1701245219058696270,6528,0,32635000,0,1701245219058696270,1701245219091331270,livox_frame,8,1701245219055185323,1701245219097069686,1,1,6274929
1701245219137073586,1701245219092718601,1701245219092718601,6528,0,32635000,0,1701245219092718601,1701245219125353601,livox_frame,8,1701245219091074837,1701245219131119639,1,1,6212750
1701245219169426287,1701245219125086784,1701245219125086784,6528,0,32635000,0,1701245219125086784,1701245219157721784,livox_frame,8,1701245219119210159,1701245219159148797,1,1,6083712
1701245219203547141,1701245219159219503,1701245219159219503,6528,0,32635000,0,1701245219159219503,1701245219191854503,livox_frame,7,1701245219159148797,1701245219195112625,1,1,6044764
1701245219235860328,1701245219191522598,1701245219191522598,6528,0,32635000,0,1701245219191522598,1701245219224157598,livox_frame,8,1701245219189109432,1701245219229109647,1,1,6239048
1701245219269836716,1701245219225546122,1701245219225546122,6528,0,32635000,0,1701245219225546122,1701245219258181122,livox_frame,8,1701245219223315839,1701245219263193865,1,1,6250900
1701245219302959646,1701245219258723497,1701245219258723497,6528,0,32635000,0,1701245219258723497,1701245219291358497,livox_frame,7,1701245219257425037,1701245219293107825,1,1,6125551
1701245219336833775,1701245219292492867,1701245219292492867,6528,0,32635000,0,1701245219292492867,1701245219325127867,livox_frame,8,1701245219287060212,1701245219327087799,1,1,6154492
1701245219369760536,1701245219325495958,1701245219325495958,6528,0,32635000,0,1701245219325495958,1701245219358130958,livox_frame,8,1701245219321056312,1701245219361173505,1,1,6192102
1701245219403057990,1701245219358732939,1701245219358732939,6528,0,32635000,0,1701245219358732939,1701245219391367939,livox_frame,8,1701245219355282730,1701245219395290926,1,1,6109822
1701245219436917717,1701245219392716169,1701245219392716408,6528,0,32635000,0,1701245219392716408,1701245219425351408,livox_frame,8,1701245219391169815,1701245219431071342,1,1,6106159
1701245219469310061,1701245219425073147,1701245219425073147,6528,0,32635000,0,1701245219425073147,1701245219457708147,livox_frame,8,1701245219419073375,1701245219459091186,1,1,6106159
1701245219503494775,1701245219459188223,1701245219459188223,6528,0,32635000,0,1701245219459188223,1701245219491823223,livox_frame,7,1701245219459091186,1701245219493184698,1,1,6354611
1701245219535875504,1701245219491555929,1701245219491555929,6528,0,32635000,0,1701245219491555929,1701245219524190929,livox_frame,8,1701245219489088003,1701245219529338991,1,1,6196141
1701245219569907121,1701245219525554180,1701245219525554180,6528,0,32635000,0,1701245219525554180,1701245219558189180,livox_frame,8,1701245219523142850,1701245219563030910,1,1,6199322
1701245219603274317,1701245219558765888,1701245219558765888,6528,0,32635000,0,1701245219558765888,1701245219591400888,livox_frame,8,1701245219557095070,1701245219597054895,1,1,6206927
1701245219636943827,1701245219592485428,1701245219592485428,6528,0,32635000,0,1701245219592485428,1701245219625120428,livox_frame,7,1701245219591157387,1701245219625330690,1,1,6194187
1701245219670014154,1701245219625499487,1701245219625499487,6528,0,32635000,0,1701245219625499487,1701245219658134487,livox_frame,7,1701245219625330690,1701245219661144037,1,1,6127763
1701245219703011804,1701245219658652782,1701245219658652782,6528,0,32635000,0,1701245219658652782,1701245219691287782,livox_frame,8,1701245219655341686,1701245219695181548,1,1,6097116
1701245219737079556,1701245219692794085,1701245219692794085,6528,0,32635000,0,1701245219692794085,1701245219725429085,livox_frame,8,1701245219689084432,1701245219731080949,1,1,6157477
1701245219769519678,1701245219725051641,1701245219725051641,6528,0,32635000,0,1701245219725051641,1701245219757686641,livox_frame,8,1701245219719135655,1701245219759186869,1,1,6157477
1701245219803539203,1701245219759193897,1701245219759193897,6528,0,32635000,0,1701245219759193897,1701245219791828897,livox_frame,7,1701245219759186869,1701245219793080980,1,1,6110296
1701245219835877315,1701245219791520357,1701245219791520357,6528,0,32635000,0,1701245219791520357,1701245219824155357,livox_frame,8,1701245219787142354,1701245219827121179,1,1,6249419
1701245219869932443,1701245219825585365,1701245219825585365,6528,0,32635000,0,1701245219825585365,1701245219858220365,livox_frame,8,1701245219823096721,1701245219863122539,1,1,6249659
1701245219903297589,1701245219858739376,1701245219858739376,6528,0,32635000,0,1701245219858739376,1701245219891374376,livox_frame,8,1701245219857079299,1701245219897244331,1,1,6107197
1701245219936793763,1701245219892493963,1701245219892493963,6528,0,32635000,0,1701245219892493963,1701245219925128963,livox_frame,7,1701245219891137134,1701245219925298697,1,1,6211712
1701245219969308096,1701245219924923658,1701245219924923658,6528,0,32635000,0,1701245219924923658,1701245219957558658,livox_frame,8,1701245219921083186,1701245219961102759,1,1,6065523
1701245220003010522,1701245219958709955,1701245219958709955,6528,0,32635000,0,1701245219958709955,1701245219991344955,livox_frame,8,1701245219955152120,1701245219995285148,1,1,6182719
1701245220037020129,1701245219992707253,1701245219992707253,6528,0,32635000,0,1701245219992707253,1701245220025342253,livox_frame,8,1701245219989102429,1701245220029229473,1,1,7842726
1701245220069373448,1701245220025036573,1701245220025036573,6528,0,32635000,0,1701245220025036573,1701245220057671573,livox_frame,8,1701245220019202809,1701245220059122981,1,1,6183780
1701245220103507828,1701245220059235811,1701245220059235811,6528,0,32635000,0,1701245220059235811,1701245220091870811,livox_frame,7,1701245220059122981,1701245220093122900,1,1,6150954
1701245220135869780,1701245220091582060,1701245220091582060,6528,0,32635000,0,1701245220091582060,1701245220124217060,livox_frame,8,1701245220087073009,1701245220127193236,1,1,6317032
1701245220169822080,1701245220125585318,1701245220125585318,6528,0,32635000,0,1701245220125585318,1701245220158220318,livox_frame,8,1701245220121032960,1701245220161291352,1,1,6228429
1701245220203113170,1701245220158743382,1701245220158743382,6528,0,32635000,0,1701245220158743382,1701245220191378382,livox_frame,8,1701245220155367552,1701245220197078570,1,1,6110749
1701245220235606208,1701245220191179991,1701245220191179991,6528,0,32635000,0,1701245220191179991,1701245220223814991,livox_frame,7,1701245220191070098,1701245220225346970,1,1,6272193
1701245220269826360,1701245220225508213,1701245220225507975,6528,0,32635000,0,1701245220225507975,1701245220258142975,livox_frame,7,1701245220225346970,1701245220259291902,1,1,6062620
1701245220303018651,1701245220258710384,1701245220258710146,6528,0,32635000,0,1701245220258710146,1701245220291345146,livox_frame,8,1701245220253383143,1701245220295296735,1,1,6088186
1701245220336995272,1701245220292776823,1701245220292776585,6528,0,32635000,0,1701245220292776585,1701245220325411585,livox_frame,8,1701245220289208549,1701245220329052254,1,1,6088186
1701245220369441580,1701245220325056791,1701245220325056791,6528,0,32635000,0,1701245220325056791,1701245220357691791,livox_frame,8,1701245220323062937,1701245220363152260,1,1,6112556
1701245220403655838,1701245220359227896,1701245220359227896,6528,0,32635000,0,1701245220359227896,1701245220391862896,livox_frame,7,1701245220357372978,1701245220393202101,1,1,6261962
1701245220435903978,1701245220391536236,1701245220391536236,6528,0,32635000,0,1701245220391536236,1701245220424171236,livox_frame,8,1701245220387072604,1701245220426296710,1,1,6160711
1701245220469770572,1701245220425547361,1701245220425547361,6528,0,32635000,0,1701245220425547361,1701245220458182361,livox_frame,8,1701245220421156933,1701245220462082358,1,1,6145791
1701245220503189095,1701245220458814859,1701245220458815098,6528,0,32635000,0,1701245220458815098,1701245220491450098,livox_frame,8,1701245220456137126,1701245220496052128,1,1,6068885
1701245220536872712,1701245220492553949,1701245220492553949,6528,0,32635000,0,1701245220492553949,1701245220525188949,livox_frame,7,1701245220490071000,1701245220526290113,1,1,6129629
1701245220569888522,1701245220525497198,1701245220525497198,6528,0,32635000,0,1701245220525497198,1701245220558132198,livox_frame,8,1701245220520160484,1701245220560197748,1,1,6196344
1701245220603095379,1701245220558715343,1701245220558715343,6528,0,32635000,0,1701245220558715343,1701245220591350343,livox_frame,8,1701245220554154699,1701245220594074561,1,1,6043049
1701245220637063006,1701245220592706442,1701245220592706442,6528,0,32635000,0,1701245220592706442,1701245220625341442,livox_frame,8,1701245220588088479,1701245220628131002,1,1,6207121
1701245220669639330,1701245220625046968,1701245220625046968,6528,0,32635000,0,1701245220625046968,1701245220657681968,livox_frame,8,1701245220624114326,1701245220664168770,1,1,7836286
1701245220703582308,1701245220659218073,1701245220659218073,6528,0,32635000,0,1701245220659218073,1701245220691853073,livox_frame,7,1701245220656332484,1701245220692045678,1,1,7836286
1701245220735969792,1701245220691522121,1701245220691522121,6528,0,32635000,0,1701245220691522121,1701245220724157121,livox_frame,8,1701245220686074115,1701245220726090364,1,1,6140693
1701245220769896315,1701245220725573301,1701245220725573301,6528,0,32635000,0,1701245220725573301,1701245220758208301,livox_frame,8,1701245220720102162,1701245220761043559,1,1,6800036
1701245220803097531,1701245220758739233,1701245220758739233,6528,0,32635000,0,1701245220758739233,1701245220791374233,livox_frame,8,1701245220755424381,1701245220795277165,1,1,6134807
1701245220836828768,1701245220792533875,1701245220792533636,6528,0,32635000,0,1701245220792533636,1701245220825168636,livox_frame,7,1701245220789331845,1701245220825192410,1,1,6238647
1701245220869834258,1701245220825542688,1701245220825542688,6528,0,32635000,0,1701245220825542688,1701245220858177688,livox_frame,7,1701245220825192410,1701245220859153283,1,1,6040720
1701245220902990317,1701245220858668327,1701245220858668327,6528,0,32635000,0,1701245220858668327,1701245220891303327,livox_frame,8,1701245220853127510,1701245220893024607,1,1,6061549
1701245220937117291,1701245220892840862,1701245220892840862,6528,0,32635000,0,1701245220892840862,1701245220925475862,livox_frame,8,1701245220887064521,1701245220927294114,1,1,6220004
1701245220969454022,1701245220925049782,1701245220925049782,6528,0,32635000,0,1701245220925049782,1701245220957684782,livox_frame,8,1701245220923170209,1701245220962178950,1,1,6815088
1701245221003663799,1701245220959205866,1701245220959205866,6528,0,32635000,0,1701245220959205866,1701245220991840866,livox_frame,7,1701245220956200314,1701245220992040015,1,1,6014025
1701245221035834654,1701245220991516590,1701245220991516590,6528,0,32635000,0,1701245220991516590,1701245221024151590,livox_frame,8,1701245220986073443,1701245221026351237,1,1,6199805
1701245221069874417,1701245221025548697,1701245221025548697,6528,0,32635000,0,1701245221025548697,1701245221058183697,livox_frame,8,1701245221020151432,1701245221060266702,1,1,6199805
1701245221103123374,1701245221058719158,1701245221058719158,6528,0,32635000,0,1701245221058719158,1701245221091354158,livox_frame,8,1701245221054387057,1701245221096051332,1,1,6120914
1701245221136824466,1701245221092512608,1701245221092512608,6528,0,32635000,0,1701245221092512608,1701245221125147608,livox_frame,8,1701245221090194079,1701245221130154876,1,1,6080524
1701245221169735167,1701245221125522852,1701245221125522852,6528,0,32635000,0,1701245221125522852,1701245221158157852,livox_frame,7,1701245221124074352,1701245221158180754,1,1,6110632
1701245221203207547,1701245221158797503,1701245221158797503,6528,0,32635000,0,1701245221158797503,1701245221191432503,livox_frame,7,1701245221158180754,1701245221194143403,1,1,7844520
1701245221236909023,1701245221192674637,1701245221192674637,6528,0,32635000,0,1701245221192674637,1701245221225309637,livox_frame,8,1701245221186298883,1701245221228252651,1,1,7844520
1701245221269348376,1701245221225035429,1701245221225035429,6528,0,32635000,0,1701245221225035429,1701245221257670429,livox_frame,8,1701245221222124986,1701245221262086542,1,1,6127665
1701245221303428568,1701245221259179831,1701245221259179831,6528,0,32635000,0,1701245221259179831,1701245221291814831,livox_frame,7,1701245221256066994,1701245221292291069,1,1,6251854
1701245221335870977,1701245221291532755,1701245221291532755,6528,0,32635000,0,1701245221291532755,1701245221324167755,livox_frame,8,1701245221286341897,1701245221326113162,1,1,6327219
1701245221369920921,1701245221325627327,1701245221325627327,6528,0,32635000,0,1701245221325627327,1701245221358262327,livox_frame,8,1701245221320066825,1701245221360177651,1,1,6259826
1701245221403079291,1701245221358738899,1701245221358738899,6528,0,32635000,0,1701245221358738899,1701245221391373899,livox_frame,8,1701245221354175299,1701245221394152498,1,1,6032113
1701245221436873959,1701245221392518044,1701245221392518044,6528,0,32635000,0,1701245221392518044,1701245221425153044,livox_frame,7,1701245221388120385,1701245221425328733,1,1,7132668
1701245221469917412,1701245221425521374,1701245221425521374,6528,0,32635000,0,1701245221425521374,1701245221458156374,livox_frame,8,1701245221425328733,1701245221465207353,1,1,7913318
1701245221502983813,1701245221458655596,1701245221458655596,6528,0,32635000,0,1701245221458655596,1701245221491290596,livox_frame,7,1701245221457294035,1701245221493041906,1,1,7913318
1701245221536982857,1701245221492698431,1701245221492698431,6528,0,32635000,0,1701245221492698431,1701245221525333431,livox_frame,8,1701245221487039921,1701245221527042122,1,1,6066841
1701245221569401268,1701245221525079966,1701245221525079966,6528,0,32635000,0,1701245221525079966,1701245221557714966,livox_frame,8,1701245221521062622,1701245221561149731,1,1,6299906
1701245221603771409,1701245221559342146,1701245221559342146,6528,0,32635000,0,1701245221559342146,1701245221591977146,livox_frame,8,1701245221555427104,1701245221597110143,1,1,6219921
1701245221635877930,1701245221591538668,1701245221591538668,6528,0,32635000,0,1701245221591538668,1701245221624173668,livox_frame,7,1701245221591156865,1701245221625148878,1,1,6079180
1701245221669855348,1701245221625569820,1701245221625569820,6528,0,32635000,0,1701245221625569820,1701245221658204820,livox_frame,7,1701245221625148878,1701245221659200309,1,1,6210651
1701245221703083322,1701245221658709049,1701245221658709049,6528,0,32635000,0,1701245221658709049,1701245221691344049,livox_frame,8,1701245221655346301,1701245221695332726,1,1,6194415
1701245221736815906,1701245221692479372,1701245221692479610,6528,0,32635000,0,1701245221692479610,1701245221725114610,livox_frame,8,1701245221689322448,1701245221729038770,1,1,6012751
1701245221770037978,1701245221725673676,1701245221725673676,6528,0,32635000,0,1701245221725673676,1701245221758308676,livox_frame,8,1701245221723026019,1701245221763112764,1,1,6136037
1701245221803361409,1701245221758890867,1701245221758890629,6528,0,32635000,0,1701245221758890629,1701245221791525629,livox_frame,7,1701245221757029043,1701245221793010704,1,1,6406695
1701245221837013731,1701245221792788744,1701245221792788744,6528,0,32635000,0,1701245221792788744,1701245221825423744,livox_frame,8,1701245221787096662,1701245221827189066,1,1,6170439
1701245221869295061,1701245221825034380,1701245221825034618,6528,0,32635000,0,1701245221825034618,1701245221857669618,livox_frame,8,1701245221821158153,1701245221861057749,1,1,6365959
1701245221903486212,1701245221859196663,1701245221859196663,6528,0,32635000,0,1701245221859196663,1701245221891831663,livox_frame,8,1701245221855318347,1701245221895177727,1,1,6152507
1701245221935846259,1701245221891564131,1701245221891564131,6528,0,32635000,0,1701245221891564131,1701245221924199131,livox_frame,7,1701245221889025220,1701245221925324899,1,1,6203430
1701245221969858882,1701245221925581217,1701245221925581217,6528,0,32635000,0,1701245221925581217,1701245221958216217,livox_frame,7,1701245221925324899,1701245221959118580,1,1,6037456
1701245222003132450,1701245221958731413,1701245221958731413,6528,0,32635000,0,1701245221958731413,1701245221991366413,livox_frame,8,1701245221953169456,1701245221993069864,1,1,6061334
1701245222035534604,1701245221991263628,1701245221991263866,6528,0,32635000,0,1701245221991263866,1701245222023898866,livox_frame,8,1701245221987204792,1701245222029146403,1,1,6064138
1701245222069725247,1701245222025487900,1701245222025487900,6528,0,32635000,0,1701245222025487900,1701245222058122900,livox_frame,8,1701245222023104347,1701245222063426762,1,1,6273327
1701245222103287847,1701245222058691263,1701245222058691263,6528,0,32635000,0,1701245222058691263,1701245222091326263,livox_frame,8,1701245222057181382,1701245222097051403,1,1,6245380
1701245222137095266,1701245222092715740,1701245222092715740,6528,0,32635000,0,1701245222092715740,1701245222125350740,livox_frame,7,1701245222091105152,1701245222127155695,1,1,6132191
1701245222169497856,1701245222125058889,1701245222125058889,6528,0,32635000,0,1701245222125058889,1701245222157693889,livox_frame,8,1701245222121023504,1701245222161084415,1,1,6175597
1701245222203494391,1701245222159218550,1701245222159218550,6528,0,32635000,0,1701245222159218550,1701245222191853550,livox_frame,8,1701245222155114190,1701245222195207410,1,1,7565216
1701245222235975711,1701245222191624403,1701245222191624403,6528,0,32635000,0,1701245222191624403,1701245222224259403,livox_frame,7,1701245222189178787,1701245222225348206,1,1,6127165
1701245222269831288,1701245222225548744,1701245222225548744,6528,0,32635000,0,1701245222225548744,1701245222258183744,livox_frame,7,1701245222225348206,1701245222259037743,1,1,6055468
1701245222303520564,1701245222258773088,1701245222258773088,6528,0,32635000,0,1701245222258773088,1701245222291408088,livox_frame,8,1701245222253080470,1701245222293069161,1,1,6140269
1701245222336836701,1701245222292505026,1701245222292505026,6528,0,32635000,0,1701245222292505026,1701245222325140026,livox_frame,8,1701245222287030456,1701245222327194257,1,1,6314699
1701245222369719233,1701245222325490713,1701245222325490713,6528,0,32635000,0,1701245222325490713,1701245222358125713,livox_frame,8,1701245222321316114,1701245222363025387,1,1,6143781
1701245222402990253,1701245222358680487,1701245222358680487,6528,0,32635000,0,1701245222358680487,1701245222391315487,livox_frame,8,1701245222357056304,1701245222397116510,1,1,6097219
1701245222436901111,1701245222392702579,1701245222392702579,6528,0,32635000,0,1701245222392702579,1701245222425337579,livox_frame,7,1701245222391028483,1701245222426118145,1,1,7045851
1701245222469165155,1701245222424824715,1701245222424824715,6528,0,32635000,0,1701245222424824715,1701245222457459715,livox_frame,8,1701245222419072294,1701245222460201991,1,1,7045851
1701245222503525968,1701245222459182501,1701245222459182501,6528,0,32635000,0,1701245222459182501,1701245222491817501,livox_frame,8,1701245222454177710,1701245222494201221,1,1,6063646
1701245222536002000,1701245222491648436,1701245222491648436,6528,0,32635000,0,1701245222491648436,1701245222524283436,livox_frame,8,1701245222488182398,1701245222530118133,1,1,6058960
1701245222569793047,1701245222525525331,1701245222525525331,6528,0,32635000,0,1701245222525525331,1701245222558160331,livox_frame,8,1701245222524081419,1701245222564041561,1,1,6036714
1701245222603163037,1701245222558784246,1701245222558784246,6528,0,32635000,0,1701245222558784246,1701245222591419246,livox_frame,7,1701245222558054013,1701245222592149924,1,1,6137122
1701245222635700596,1701245222591265440,1701245222591265440,6528,0,32635000,0,1701245222591265440,1701245222623900440,livox_frame,8,1701245222586379049,1701245222628125333,1,1,6173932
1701245222669792474,1701245222625498772,1701245222625498772,6528,0,32635000,0,1701245222625498772,1701245222658133772,livox_frame,8,1701245222622134099,1701245222662152691,1,1,6050291
1701245222703047049,1701245222658664227,1701245222658664227,6528,0,32635000,0,1701245222658664227,1701245222691299227,livox_frame,8,1701245222656108831,1701245222696018245,1,1,6227069
1701245222737004815,1701245222692710876,1701245222692710876,6528,0,32635000,0,1701245222692710876,1701245222725345876,livox_frame,7,1701245222690057496,1701245222726293328,1,1,6168268
1701245222769345621,1701245222725027561,1701245222725027561,6528,0,32635000,0,1701245222725027561,1701245222757662561,livox_frame,8,1701245222720142029,1701245222760059301,1,1,6151299
1701245222803348787,1701245222758989811,1701245222758989811,6528,0,32635000,0,1701245222758989811,1701245222791624811,livox_frame,8,1701245222754102981,1701245222794051017,1,1,6034785
1701245222835923942,1701245222791499376,1701245222791499376,6528,0,32635000,0,1701245222791499376,1701245222824134376,livox_frame,8,1701245222788127763,1701245222828419238,1,1,6261723
1701245222869835150,1701245222825580120,1701245222825580120,6528,0,32635000,0,1701245222825580120,1701245222858215120,livox_frame,7,1701245222822361193,1701245222858326851,1,1,6209034
1701245222903335314,1701245222858796597,1701245222858796597,6528,0,32635000,0,1701245222858796597,1701245222891431597,livox_frame,7,1701245222858326851,1701245222892137459,1,1,6102985
1701245222936881839,1701245222892491341,1701245222892491341,6528,0,32635000,0,1701245222892491341,1701245222925126341,livox_frame,7,1701245222892137459,1701245222928011619,1,1,6074853
1701245222969245335,1701245222924913645,1701245222924913645,6528,0,32635000,0,1701245222924913645,1701245222957548645,livox_frame,8,1701245222922064310,1701245222962133285,1,1,6391381
1701245223003108271,1701245222958767653,1701245222958767653,6528,0,32635000,0,1701245222958767653,1701245222991402653,livox_frame,8,1701245222956102577,1701245222996071237,1,1,6030708
1701245223037008231,1701245222992717981,1701245222992717981,6528,0,32635000,0,1701245222992717981,1701245223025352981,livox_frame,8,1701245222990077990,1701245223030072392,1,1,6066046
1701245223069520710,1701245223025077105,1701245223025076866,6528,0,32635000,0,1701245223025076866,1701245223057711866,livox_frame,7,1701245223024080766,1701245223060044316,1,1,6035647
1701245223103723544,1701245223059256792,1701245223059256792,6528,0,32635000,0,1701245223059256792,1701245223091891792,livox_frame,8,1701245223054020448,1701245223094132767,1,1,6315080
1701245223135992402,1701245223091506481,1701245223091506481,6528,0,32635000,0,1701245223091506481,1701245223124141481,livox_frame,8,1701245223088151819,1701245223128120113,1,1,6068140
1701245223169946108,1701245223125685930,1701245223125685930,6528,0,32635000,0,1701245223125685930,1701245223158320930,livox_frame,8,1701245223122121574,1701245223162428248,1,1,6081231
1701245223203089473,1701245223158742428,1701245223158742428,6528,0,32635000,0,1701245223158742428,1701245223191377428,livox_frame,7,1701245223158061499,1701245223192033360,1,1,6032423
1701245223235414700,1701245223191172123,1701245223191172123,6528,0,32635000,0,1701245223191172123,1701245223223807123,livox_frame,8,1701245223186053463,1701245223226186592,1,1,6085333
1701245223270015501,1701245223225523949,1701245223225523949,6528,0,32635000,0,1701245223225523949,1701245223258158949,livox_frame,8,1701245223220101259,1701245223262157454,1,1,6125063
1701245223302962495,1701245223258668184,1701245223258668184,6528,0,32635000,0,1701245223258668184,1701245223291303184,livox_frame,8,1701245223256072758,1701245223296030294,1,1,6084696
1701245223336910037,1701245223292692184,1701245223292692184,6528,0,32635000,0,1701245223292692184,1701245223325327184,livox_frame,8,1701245223290024019,1701245223330043173,1,1,6032418
1701245223369393051,1701245223325052023,1701245223325051785,6528,0,32635000,0,1701245223325051785,1701245223357686785,livox_frame,7,1701245223324062081,1701245223358414938,1,1,6196387
1701245223403478618,1701245223359209538,1701245223359209538,6528,0,32635000,0,1701245223359209538,1701245223391844538,livox_frame,7,1701245223358414938,1701245223394101479,1,1,6132985
1701245223435853361,1701245223391504526,1701245223391504526,6528,0,32635000,0,1701245223391504526,1701245223424139526,livox_frame,8,1701245223388124198,1701245223428056768,1,1,6010626
1701245223469825002,1701245223425621986,1701245223425621986,6528,0,32635000,0,1701245223425621986,1701245223458256986,livox_frame,8,1701245223422094545,1701245223462287558,1,1,6286134
1701245223503333540,1701245223458750963,1701245223458750963,6528,0,32635000,0,1701245223458750963,1701245223491385963,livox_frame,7,1701245223456001424,1701245223492158967,1,1,6286134
1701245223536835259,1701245223492472649,1701245223492472649,6528,0,32635000,0,1701245223492472649,1701245223525107649,livox_frame,7,1701245223492158967,1701245223526038226,1,1,6050520
1701245223569727229,1701245223525497198,1701245223525497198,6528,0,32635000,0,1701245223525497198,1701245223558132198,livox_frame,8,1701245223519987706,1701245223560043392,1,1,6157567
1701245223602886092,1701245223558636189,1701245223558636189,6528,0,32635000,0,1701245223558636189,1701245223591271189,livox_frame,8,1701245223554081589,1701245223596058564,1,1,6185498
1701245223637133772,1701245223592780828,1701245223592780828,6528,0,32635000,0,1701245223592780828,1701245223625415828,livox_frame,8,1701245223590179996,1701245223630161583,1,1,6176373
1701245223669374087,1701245223625084162,1701245223625084162,6528,0,32635000,0,1701245223625084162,1701245223657719162,livox_frame,7,1701245223624373251,1701245223658001963,1,1,5929039
1701245223703537830,1701245223659182310,1701245223659182310,6528,0,32635000,0,1701245223659182310,1701245223691817310,livox_frame,7,1701245223658001963,1701245223692001888,1,1,6101005
1701245223735872596,1701245223691513538,1701245223691513538,6528,0,32635000,0,1701245223691513538,1701245223724148538,livox_frame,8,1701245223687990987,1701245223728151419,1,1,6117483
1701245223769861803,1701245223725546598,1701245223725546598,6528,0,32635000,0,1701245223725546598,1701245223758181598,livox_frame,8,1701245223722033936,1701245223762068928,1,1,6127337
1701245223803033087,1701245223758729219,1701245223758729219,6528,0,32635000,0,1701245223758729219,1701245223791364219,livox_frame,8,1701245223756139599,1701245223796137479,1,1,6031297
1701245223835656981,1701245223791339636,1701245223791339397,6528,0,32635000,0,1701245223791339397,1701245223823974397,livox_frame,7,1701245223790134450,1701245223826125018,1,1,6102409
1701245223869970346,1701245223825522900,1701245223825522900,6528,0,32635000,0,1701245223825522900,1701245223858157900,livox_frame,8,1701245223820022609,1701245223860199582,1,1,6376835
1701245223903070962,1701245223858665466,1701245223858665466,6528,0,32635000,0,1701245223858665466,1701245223891300466,livox_frame,8,1701245223854189225,1701245223894240815,1,1,6110179
1701245223937067840,1701245223892704010,1701245223892704010,6528,0,32635000,0,1701245223892704010,1701245223925339010,livox_frame,8,1701245223888299114,1701245223930137968,1,1,6132871
1701245223969421755,1701245223925061703,1701245223925061703,6528,0,32635000,0,1701245223925061703,1701245223957696703,livox_frame,7,1701245223924005097,1701245223958062759,1,1,6132871
1701245224003496645,1701245223959189177,1701245223959189177,6528,0,32635000,0,1701245223959189177,1701245223991824177,livox_frame,7,1701245223958062759,1701245223992098115,1,1,6095558
1701245224035826060,1701245223991510868,1701245223991510868,6528,0,32635000,0,1701245223991510868,1701245224024145868,livox_frame,8,1701245223986217474,1701245224026227288,1,1,6099114
1701245224069985624,1701245224025674582,1701245224025674582,6528,0,32635000,0,1701245224025674582,1701245224058309582,livox_frame,8,1701245224022119919,1701245224062013725,1,1,6168324
1701245224103062374,1701245224058717012,1701245224058717012,6528,0,32635000,0,1701245224058717012,1701245224091352012,livox_frame,8,1701245224056074471,1701245224095989516,1,1,6027121
1701245224136723552,1701245224092466116,1701245224092466116,6528,0,32635000,0,1701245224092466116,1701245224125101116,livox_frame,8,1701245224090058413,1701245224130168294,1,1,6164379
1701245224169761562,1701245224125486135,1701245224125486135,6528,0,32635000,0,1701245224125486135,1701245224158121135,livox_frame,7,1701245224124188903,1701245224160022510,1,1,6059115
1701245224202910466,1701245224158671141,1701245224158671141,6528,0,32635000,0,1701245224158671141,1701245224191306141,livox_frame,8,1701245224154083134,1701245224194037195,1,1,6160840
1701245224236914647,1701245224192703247,1701245224192703247,6528,0,32635000,0,1701245224192703247,1701245224225338247,livox_frame,8,1701245224188087802,1701245224230161895,1,1,6178332
1701245224269342257,1701245224225053549,1701245224225053549,6528,0,32635000,0,1701245224225053549,1701245224257688549,livox_frame,7,1701245224224034249,1701245224258265999,1,1,6127646
1701245224303517302,1701245224259019375,1701245224259019136,6528,0,32635000,0,1701245224259019136,1701245224291654136,livox_frame,7,1701245224258265999,1701245224291981421,1,1,7827770
1701245224335833430,1701245224291498423,1701245224291498423,6528,0,32635000,0,1701245224291498423,1701245224324133423,livox_frame,8,1701245224286011816,1701245224326032220,1,1,6058040
1701245224369833207,1701245224325554609,1701245224325554609,6528,0,32635000,0,1701245224325554609,1701245224358189609,livox_frame,8,1701245224322032587,1701245224362175308,1,1,6273035
1701245224403080242,1701245224358733892,1701245224358733892,6528,0,32635000,0,1701245224358733892,1701245224391368892,livox_frame,8,1701245224356000577,1701245224396092249,1,1,6221042
1701245224436769206,1701245224392484903,1701245224392484903,6528,0,32635000,0,1701245224392484903,1701245224425119903,livox_frame,8,1701245224390308563,1701245224430063179,1,1,6125583
1701245224469887419,1701245224425492764,1701245224425492764,6528,0,32635000,0,1701245224425492764,1701245224458127764,livox_frame,7,1701245224424123300,1701245224460055218,1,1,6066050
1701245224503091853,1701245224458625555,1701245224458625555,6528,0,32635000,0,1701245224458625555,1701245224491260555,livox_frame,8,1701245224454077969,1701245224494184077,1,1,6239816
1701245224537069337,1701245224492727041,1701245224492727041,6528,0,32635000,0,1701245224492727041,1701245224525362041,livox_frame,8,1701245224488071868,1701245224528114477,1,1,6153631
1701245224569389817,1701245224525058031,1701245224525058031,6528,0,32635000,0,1701245224525058031,1701245224557693031,livox_frame,8,1701245224522034241,1701245224562109667,1,1,6083476
1701245224603587425,1701245224559208870,1701245224559208870,6528,0,32635000,0,1701245224559208870,1701245224591843870,livox_frame,7,1701245224556125403,1701245224592051620,1,1,6036107
1701245224635822384,1701245224591484308,1701245224591484308,6528,0,32635000,0,1701245224591484308,1701245224624119308,livox_frame,8,1701245224586015513,1701245224626291456,1,1,6116740
1701245224669865314,1701245224625524044,1701245224625524044,6528,0,32635000,0,1701245224625524044,1701245224658159044,livox_frame,8,1701245224620174716,1701245224660346886,1,1,6243558
1701245224703046662,1701245224658705950,1701245224658705950,6528,0,32635000,0,1701245224658705950,1701245224691340950,livox_frame,8,1701245224654306232,1701245224696014267,1,1,6095415
1701245224736771159,1701245224692457914,1701245224692457914,6528,0,32635000,0,1701245224692457914,1701245224725092914,livox_frame,8,1701245224690006281,1701245224730023693,1,1,6079632
1701245224769805094,1701245224725496769,1701245224725496769,6528,0,32635000,0,1701245224725496769,1701245224758131769,livox_frame,7,1701245224724060840,1701245224760260126,1,1,7815477
1701245224803007385,1701245224758660793,1701245224758660793,6528,0,32635000,0,1701245224758660793,1701245224791295793,livox_frame,8,1701245224754103418,1701245224794144369,1,1,6156708
1701245224837058066,1701245224792700529,1701245224792700529,6528,0,32635000,0,1701245224792700529,1701245224825335529,livox_frame,8,1701245224788111419,1701245224828073455,1,1,6035227
1701245224869437129,1701245224825038195,1701245224825038195,6528,0,32635000,0,1701245224825038195,1701245224857673195,livox_frame,8,1701245224822063795,1701245224862015582,1,1,7448260
1701245224903640625,1701245224859173775,1701245224859174013,6528,0,32635000,0,1701245224859174013,1701245224891809013,livox_frame,8,1701245224856042127,1701245224898353433,1,1,8044716
1701245224936015081,1701245224891505241,1701245224891505241,6528,0,32635000,0,1701245224891505241,1701245224924140241,livox_frame,7,1701245224890308717,1701245224926038458,1,1,8044716
1701245224970028535,1701245224925550222,1701245224925550222,6528,0,32635000,0,1701245224925550222,1701245224958185222,livox_frame,8,1701245224920108051,1701245224960029134,1,1,6066006
1701245225003104463,1701245224958723068,1701245224958723068,6528,0,32635000,0,1701245224958723068,1701245224991358068,livox_frame,8,1701245224954074658,1701245224995988398,1,1,6012828
1701245225036910663,1701245224992508650,1701245224992508650,6528,0,32635000,0,1701245224992508650,1701245225025143650,livox_frame,8,1701245224990017441,1701245225030088751,1,1,6115709
1701245225069825690,1701245225025480270,1701245225025480270,6528,0,32635000,0,1701245225025480270,1701245225058115270,livox_frame,8,1701245225024145862,1701245225063956617,1,1,6034670
1701245225102998231,1701245225058616161,1701245225058616161,6528,0,32635000,0,1701245225058616161,1701245225091251161,livox_frame,7,1701245225058044397,1701245225091974760,1,1,6076154
1701245225137303422,1701245225092811584,1701245225092811584,6528,0,32635000,0,1701245225092811584,1701245225125446584,livox_frame,7,1701245225091974760,1701245225127977466,1,1,6079935
1701245225169429731,1701245225124957323,1701245225124957561,6528,0,32635000,0,1701245225124957561,1701245225157592561,livox_frame,8,1701245225121978663,1701245225162080189,1,1,6281759
1701245225203593239,1701245225159205437,1701245225159205437,6528,0,32635000,0,1701245225159205437,1701245225191840437,livox_frame,8,1701245225156090995,1701245225195962856,1,1,6011233
1701245225236030775,1701245225191505909,1701245225191505909,6528,0,32635000,0,1701245225191505909,1701245225224140909,livox_frame,7,1701245225190090098,1701245225226057947,1,1,6141429
1701245225269938524,1701245225225522518,1701245225225522518,6528,0,32635000,0,1701245225225522518,1701245225258157518,livox_frame,8,1701245225219997813,1701245225260135494,1,1,6125631
1701245225303123082,1701245225258722544,1701245225258722544,6528,0,32635000,0,1701245225258722544,1701245225291357544,livox_frame,8,1701245225254130771,1701245225296060791,1,1,7788867
1701245225336856604,1701245225292470932,1701245225292470932,6528,0,32635000,0,1701245225292470932,1701245225325105932,livox_frame,8,1701245225290088249,1701245225328049864,1,1,6071755
1701245225369789088,1701245225325494051,1701245225325494051,6528,0,32635000,0,1701245225325494051,1701245225358129051,livox_frame,8,1701245225323990102,1701245225364036392,1,1,6108124
1701245225403165639,1701245225358690262,1701245225358690262,6528,0,32635000,0,1701245225358690262,1701245225391325262,livox_frame,7,1701245225358105969,1701245225392283914,1,1,7713946
1701245225437112675,1701245225392694473,1701245225392694473,6528,0,32635000,0,1701245225392694473,1701245225425329473,livox_frame,7,1701245225392283914,1701245225426704562,1,1,6477732
1701245225469341013,1701245225424829006,1701245225424829006,6528,0,32635000,0,1701245225424829006,1701245225457464006,livox_frame,8,1701245225420226830,1701245225461069281,1,1,6477732
1701245225503515711,1701245225459173679,1701245225459173679,6528,0,32635000,0,1701245225459173679,1701245225491808679,livox_frame,8,1701245225455168276,1701245225496989064,1,1,6056185
1701245225535815760,1701245225491498709,1701245225491498709,6528,0,32635000,0,1701245225491498709,1701245225524133709,livox_frame,7,1701245225490961976,1701245225525203870,1,1,6104043
1701245225569788891,1701245225525501013,1701245225525501013,6528,0,32635000,0,1701245225525501013,1701245225558136013,livox_frame,7,1701245225525203870,1701245225559024494,1,1,6013458
1701245225603015225,1701245225558712482,1701245225558712482,6528,0,32635000,0,1701245225558712482,1701245225591347482,livox_frame,8,1701245225553044013,1701245225595128851,1,1,6145198
1701245225635519844,1701245225591171265,1701245225591171265,6528,0,32635000,0,1701245225591171265,1701245225623806265,livox_frame,8,1701245225588983653,1701245225629087470,1,1,6264057
1701245225669756357,1701245225625467062,1701245225625467062,6528,0,32635000,0,1701245225625467062,1701245225658102062,livox_frame,8,1701245225623014957,1701245225663338383,1,1,6221201
1701245225703032208,1701245225658641815,1701245225658641815,6528,0,32635000,0,1701245225658641815,1701245225691276815,livox_frame,7,1701245225657128420,1701245225693042490,1,1,6209963
1701245225737060700,1701245225692672968,1701245225692672968,6528,0,32635000,0,1701245225692672968,1701245225725307968,livox_frame,8,1701245225687059817,1701245225727029081,1,1,6073126
1701245225769457722,1701245225725045443,1701245225725045443,6528,0,32635000,0,1701245225725045443,1701245225757680443,livox_frame,8,1701245225720955955,1701245225760972752,1,1,6130663
1701245225803455621,1701245225759172201,1701245225759172201,6528,0,32635000,0,1701245225759172201,1701245225791807201,livox_frame,8,1701245225755176855,1701245225797151477,1,1,6222089
1701245225835799280,1701245225791484356,1701245225791484356,6528,0,32635000,0,1701245225791484356,1701245225824119356,livox_frame,7,1701245225791156134,1701245225825067707,1,1,6016006
1701245225869927703,1701245225825525999,1701245225825525999,6528,0,32635000,0,1701245225825525999,1701245225858160999,livox_frame,7,1701245225825067707,1701245225858986471,1,1,6017686
1701245225903155040,1701245225858706713,1701245225858706713,6528,0,32635000,0,1701245225858706713,1701245225891341713,livox_frame,8,1701245225853007611,1701245225892938127,1,1,7637560
1701245225936763959,1701245225892483473,1701245225892483473,6528,0,32635000,0,1701245225892483473,1701245225925118473,livox_frame,8,1701245225888995289,1701245225927290329,1,1,6376125
1701245225969765403,1701245225925468683,1701245225925468683,6528,0,32635000,0,1701245225925468683,1701245225958103683,livox_frame,8,1701245225923167749,1701245225962955094,1,1,6037938
1701245226003007663,1701245225958671808,1701245225958671808,6528,0,32635000,0,1701245225958671808,1701245225991306808,livox_frame,8,1701245225957042449,1701245225996951969,1,1,6072190
1701245226036949175,1701245225992675781,1701245225992675781,6528,0,32635000,0,1701245225992675781,1701245226025310781,livox_frame,7,1701245225991022383,1701245226025321259,1,1,6254206
1701245226069516976,1701245226025131702,1701245226025131702,6528,0,32635000,0,1701245226025131702,1701245226057766702,livox_frame,8,1701245226019303401,1701245226061182961,1,1,7773548
1701245226103558238,1701245226059199095,1701245226059199095,6528,0,32635000,0,1701245226059199095,1701245226091834095,livox_frame,8,1701245226055219439,1701245226095055453,1,1,6047818
1701245226136014083,1701245226091558218,1701245226091558218,6528,0,32635000,0,1701245226091558218,1701245226124193218,livox_frame,8,1701245226089007635,1701245226128944950,1,1,6063581
1701245226169901309,1701245226125526428,1701245226125526428,6528,0,32635000,0,1701245226125526428,1701245226158161428,livox_frame,7,1701245226122976961,1701245226159315253,1,1,6355673
1701245226203181387,1701245226158771515,1701245226158771515,6528,0,32635000,0,1701245226158771515,1701245226191406515,livox_frame,8,1701245226153010108,1701245226193102066,1,1,6408121
1701245226236861613,1701245226192472935,1701245226192472935,6528,0,32635000,0,1701245226192472935,1701245226225107935,livox_frame,8,1701245226187075821,1701245226227149396,1,1,6203365
1701245226269875571,1701245226225488663,1701245226225488663,6528,0,32635000,0,1701245226225488663,1701245226258123663,livox_frame,8,1701245226221383252,1701245226262975111,1,1,6170152
1701245226303053960,1701245226258639097,1701245226258639097,6528,0,32635000,0,1701245226258639097,1701245226291274097,livox_frame,8,1701245226256973277,1701245226297062960,1,1,6325879
1701245226336922775,1701245226292584896,1701245226292584896,6528,0,32635000,0,1701245226292584896,1701245226325219896,livox_frame,8,1701245226291084597,1701245226331046108,1,1,6100039
1701245226369333106,1701245226325036764,1701245226325036764,6528,0,32635000,0,1701245226325036764,1701245226357671764,livox_frame,8,1701245226319174502,1701245226360987151,1,1,6117650
1701245226403529797,1701245226359221458,1701245226359221458,6528,0,32635000,0,1701245226359221458,1701245226391856458,livox_frame,8,1701245226355090789,1701245226395234497,1,1,6234926
1701245226435938843,1701245226391486883,1701245226391486883,6528,0,32635000,0,1701245226391486883,1701245226424121883,livox_frame,8,1701245226388999571,1701245226429342879,1,1,7969006
1701245226469892390,1701245226425527811,1701245226425527811,6528,0,32635000,0,1701245226425527811,1701245226458162811,livox_frame,8,1701245226423159590,1701245226463105223,1,1,6183289
1701245226503081551,1701245226458706141,1701245226458706141,6528,0,32635000,0,1701245226458706141,1701245226491341141,livox_frame,7,1701245226457179894,1701245226493085088,1,1,6164388
1701245226536748232,1701245226492457151,1701245226492457151,6528,0,32635000,0,1701245226492457151,1701245226525092151,livox_frame,8,1701245226486965602,1701245226526989775,1,1,6134003
1701245226569804264,1701245226525459766,1701245226525459766,6528,0,32635000,0,1701245226525459766,1701245226558094766,livox_frame,8,1701245226520960635,1701245226561060020,1,1,6324991
1701245226602973301,1701245226558669090,1701245226558669090,6528,0,32635000,0,1701245226558669090,1701245226591304090,livox_frame,8,1701245226557141049,1701245226597004573,1,1,6148101
1701245226637138584,1701245226592803955,1701245226592803717,6528,0,32635000,0,1701245226592803717,1701245226625438717,livox_frame,8,1701245226591100637,1701245226631048915,1,1,6087056
1701245226669330886,1701245226624995470,1701245226624995470,6528,0,32635000,0,1701245226624995470,1701245226657630470,livox_frame,8,1701245226619024054,1701245226659016891,1,1,6087056
1701245226703552467,1701245226659160137,1701245226659160137,6528,0,32635000,0,1701245226659160137,1701245226691795137,livox_frame,7,1701245226659016891,1701245226695324594,1,1,6220378
1701245226735809250,1701245226691477537,1701245226691477537,6528,0,32635000,0,1701245226691477537,1701245226724112537,livox_frame,8,1701245226689143953,1701245226728946048,1,1,6238781
1701245226769796343,1701245226725533724,1701245226725533724,6528,0,32635000,0,1701245226725533724,1701245226758168724,livox_frame,8,1701245226722955173,1701245226763006257,1,1,6094822
1701245226803012547,1701245226758698702,1701245226758698702,6528,0,32635000,0,1701245226758698702,1701245226791333702,livox_frame,7,1701245226756979052,1701245226793000893,1,1,6232443
1701245226836740597,1701245226792461395,1701245226792461395,6528,0,32635000,0,1701245226792461395,1701245226825096395,livox_frame,8,1701245226786938068,1701245226827166261,1,1,6232751
1701245226869248051,1701245226824883699,1701245226824883699,6528,0,32635000,0,1701245226824883699,1701245226857518699,livox_frame,8,1701245226821070575,1701245226860967761,1,1,6211834
1701245226903000050,1701245226858636141,1701245226858636141,6528,0,32635000,0,1701245226858636141,1701245226891271141,livox_frame,8,1701245226855085856,1701245226897017773,1,1,6098129
1701245226937055750,1701245226892678976,1701245226892678976,6528,0,32635000,0,1701245226892678976,1701245226925313976,livox_frame,8,1701245226891141650,1701245226931142633,1,1,6146157
1701245226969465096,1701245226925048351,1701245226925048351,6528,0,32635000,0,1701245226925048351,1701245226957683351,livox_frame,8,1701245226919036660,1701245226960141786,1,1,6787518
1701245227003644856,1701245226959212542,1701245226959212542,6528,0,32635000,0,1701245226959212542,1701245226991847542,livox_frame,8,1701245226954250982,1701245226994105388,1,1,6146661
1701245227035899656,1701245226991479397,1701245226991479397,6528,0,32635000,0,1701245226991479397,1701245227024114397,livox_frame,8,1701245226988176950,1701245227028041734,1,1,6049187
1701245227069997438,1701245227025513411,1701245227025513411,6528,0,32635000,0,1701245227025513411,1701245227058148411,livox_frame,7,1701245227021992547,1701245227058185875,1,1,6147422
1701245227103063329,1701245227058699608,1701245227058699608,6528,0,32635000,0,1701245227058699608,1701245227091334608,livox_frame,7,1701245227058185875,1701245227091973474,1,1,6029007
1701245227136924695,1701245227092607975,1701245227092607975,6528,0,32635000,0,1701245227092607975,1701245227125242975,livox_frame,7,1701245227091973474,1701245227125997757,1,1,6054911
1701245227169750805,1701245227125476360,1701245227125476360,6528,0,32635000,0,1701245227125476360,1701245227158111360,livox_frame,8,1701245227119987342,1701245227160007492,1,1,6173734
1701245227202932646,1701245227158634901,1701245227158634901,6528,0,32635000,0,1701245227158634901,1701245227191269901,livox_frame,8,1701245227155959802,1701245227196089757,1,1,6290467
1701245227237018398,1701245227192685366,1701245227192685366,6528,0,32635000,0,1701245227192685366,1701245227225320366,livox_frame,8,1701245227190253949,1701245227230096896,1,1,6109945
1701245227269183060,1701245227224861383,1701245227224861383,6528,0,32635000,0,1701245227224861383,1701245227257496383,livox_frame,7,1701245227224192266,1701245227260111113,1,1,6235480
1701245227303480723,1701245227259156942,1701245227259156942,6528,0,32635000,0,1701245227259156942,1701245227291791942,livox_frame,8,1701245227254072973,1701245227293954104,1,1,6051745
1701245227335859074,1701245227291517496,1701245227291517496,6528,0,32635000,0,1701245227291517496,1701245227324152496,livox_frame,8,1701245227287959201,1701245227328068511,1,1,7661428
1701245227369723550,1701245227325509548,1701245227325509548,6528,0,32635000,0,1701245227325509548,1701245227358144548,livox_frame,8,1701245227322121547,1701245227363984728,1,1,7793190
1701245227402951571,1701245227358711958,1701245227358711958,6528,0,32635000,0,1701245227358711958,1701245227391346958,livox_frame,7,1701245227357982860,1701245227392020989,1,1,6050322
1701245227436716731,1701245227392469645,1701245227392469883,6528,0,32635000,0,1701245227392469883,1701245227425104883,livox_frame,7,1701245227392020989,1701245227426116979,1,1,6145139
1701245227469777270,1701245227425462246,1701245227425462246,6528,0,32635000,0,1701245227425462246,1701245227458097246,livox_frame,8,1701245227419971840,1701245227461170952,1,1,7234008
1701245227502893377,1701245227458614588,1701245227458614588,6528,0,32635000,0,1701245227458614588,1701245227491249588,livox_frame,8,1701245227455320654,1701245227495148713,1,1,6138621
1701245227536976750,1701245227492668867,1701245227492668867,6528,0,32635000,0,1701245227492668867,1701245227525303867,livox_frame,8,1701245227489010092,1701245227529085070,1,1,6147826
1701245227569313760,1701245227525039434,1701245227525039434,6528,0,32635000,0,1701245227525039434,1701245227557674434,livox_frame,7,1701245227522978348,1701245227558983373,1,1,6106722
1701245227603590816,1701245227559154510,1701245227559154510,6528,0,32635000,0,1701245227559154510,1701245227591789510,livox_frame,7,1701245227558983373,1701245227593057635,1,1,6174990
1701245227635765340,1701245227591458797,1701245227591458797,6528,0,32635000,0,1701245227591458797,1701245227624093797,livox_frame,8,1701245227587112645,1701245227629041414,1,1,7705603
1701245227669951822,1701245227625556231,1701245227625556231,6528,0,32635000,0,1701245227625556231,1701245227658191231,livox_frame,8,1701245227623035681,1701245227662965739,1,1,6032545
1701245227703104617,1701245227658752203,1701245227658752203,6528,0,32635000,0,1701245227658752203,1701245227691387203,livox_frame,8,1701245227656933194,1701245227697173460,1,1,6235597
1701245227736775568,1701245227692456484,1701245227692456484,6528,0,32635000,0,1701245227692456484,1701245227725091484,livox_frame,7,1701245227690937863,1701245227725114662,1,1,6235597
1701245227769868491,1701245227725475550,1701245227725475550,6528,0,32635000,0,1701245227725475550,1701245227758110550,livox_frame,7,1701245227725114662,1701245227759060201,1,1,6190637
1701245227803038610,1701245227758661032,1701245227758661032,6528,0,32635000,0,1701245227758661032,1701245227791296032,livox_frame,8,1701245227755067172,1701245227795085982,1,1,6128358
1701245227837153459,1701245227792798042,1701245227792798042,6528,0,32635000,0,1701245227792798042,1701245227825433042,livox_frame,8,1701245227789054838,1701245227829199457,1,1,6115641
1701245227869478573,1701245227825045824,1701245227825045824,6528,0,32635000,0,1701245227825045824,1701245227857680824,livox_frame,8,1701245227823083816,1701245227863021969,1,1,6128121
1701245227903524641,1701245227859164715,1701245227859164715,6528,0,32635000,0,1701245227859164715,1701245227891799715,livox_frame,7,1701245227857147815,1701245227892951554,1,1,6074892
1701245227935809310,1701245227891503334,1701245227891503334,6528,0,32635000,0,1701245227891503334,1701245227924138334,livox_frame,8,1701245227887020162,1701245227927002492,1,1,6121915
1701245227969915001,1701245227925558329,1701245227925558329,6528,0,32635000,0,1701245227925558329,1701245227958193329,livox_frame,8,1701245227920928480,1701245227962138365,1,1,7003368
1701245228003090095,1701245227958735466,1701245227958735466,6528,0,32635000,0,1701245227958735466,1701245227991370466,livox_frame,8,1701245227955945606,1701245227996000464,1,1,6206249
1701245228035494286,1701245227991144896,1701245227991144896,6528,0,32635000,0,1701245227991144896,1701245228023779896,livox_frame,7,1701245227990335589,1701245228025985516,1,1,6102832
1701245228069817465,1701245228025493145,1701245228025493145,6528,0,32635000,0,1701245228025493145,1701245228058128145,livox_frame,8,1701245228019975962,1701245228060055341,1,1,6096628
1701245228102969686,1701245228058626413,1701245228058626413,6528,0,32635000,0,1701245228058626413,1701245228091261413,livox_frame,8,1701245228053958713,1701245228094052369,1,1,6134833
1701245228137118000,1701245228092753887,1701245228092753887,6528,0,32635000,0,1701245228092753887,1701245228125388887,livox_frame,8,1701245228088134004,1701245228128068785,1,1,6092616
1701245228169357574,1701245228125050545,1701245228125050545,6528,0,32635000,0,1701245228125050545,1701245228157685545,livox_frame,7,1701245228122127605,1701245228158002956,1,1,6036174
1701245228203474497,1701245228159162998,1701245228159162760,6528,0,32635000,0,1701245228159162760,1701245228191797760,livox_frame,7,1701245228158002956,1701245228192052984,1,1,6116338
1701245228235926888,1701245228191476583,1701245228191476583,6528,0,32635000,0,1701245228191476583,1701245228224111583,livox_frame,8,1701245228185936646,1701245228228105934,1,1,7515461
1701245228269836192,1701245228225529671,1701245228225529671,6528,0,32635000,0,1701245228225529671,1701245228258164671,livox_frame,8,1701245228222137635,1701245228262184114,1,1,6179759
1701245228303083222,1701245228258688688,1701245228258688688,6528,0,32635000,0,1701245228258688688,1701245228291323688,livox_frame,8,1701245228256043846,1701245228295926119,1,1,6241167
1701245228336738376,1701245228292473316,1701245228292473316,6528,0,32635000,0,1701245228292473316,1701245228325108316,livox_frame,8,1701245228289992720,1701245228330026579,1,1,6045635
1701245228369790396,1701245228325453997,1701245228325453997,6528,0,32635000,0,1701245228325453997,1701245228358088997,livox_frame,7,1701245228324025232,1701245228358163465,1,1,6104366
1701245228403065111,1701245228358658314,1701245228358658314,6528,0,32635000,0,1701245228358658314,1701245228391293314,livox_frame,7,1701245228358163465,1701245228393953185,1,1,6033327
1701245228437033714,1701245228392672539,1701245228392672539,6528,0,32635000,0,1701245228392672539,1701245228425307539,livox_frame,8,1701245228388017374,1701245228427998104,1,1,6094634
1701245228469517892,1701245228425019026,1701245228425019026,6528,0,32635000,0,1701245228425019026,1701245228457654026,livox_frame,8,1701245228422000935,1701245228462907376,1,1,6924868
1701245228503465274,1701245228459145546,1701245228459145546,6528,0,32635000,0,1701245228459145546,1701245228491780546,livox_frame,8,1701245228456932127,1701245228497022652,1,1,6484972
1701245228535841639,1701245228491471052,1701245228491471052,6528,0,32635000,0,1701245228491471052,1701245228524106052,livox_frame,7,1701245228491016977,1701245228526997771,1,1,6092111
1701245228569810607,1701245228525511503,1701245228525511503,6528,0,32635000,0,1701245228525511503,1701245228558146503,livox_frame,8,1701245228520905660,1701245228560946853,1,1,6094353
1701245228603051822,1701245228558704615,1701245228558704615,6528,0,32635000,0,1701245228558704615,1701245228591339615,livox_frame,8,1701245228555081332,1701245228595154478,1,1,6225130
1701245228636774697,1701245228592459679,1701245228592459679,6528,0,32635000,0,1701245228592459679,1701245228625094679,livox_frame,8,1701245228590995513,1701245228629160857,1,1,6067490
1701245228669398380,1701245228624957323,1701245228624957561,6528,0,32635000,0,1701245228624957561,1701245228657592561,livox_frame,7,1701245228623142780,1701245228658955883,1,1,6075090
1701245228703029739,1701245228658635855,1701245228658635855,6528,0,32635000,0,1701245228658635855,1701245228691270855,livox_frame,8,1701245228652911620,1701245228692940248,1,1,6196073
1701245228737106292,1701245228692799807,1701245228692799807,6528,0,32635000,0,1701245228692799807,1701245228725434807,livox_frame,8,1701245228686978305,1701245228729055808,1,1,7557369
1701245228769129114,1701245228724808693,1701245228724808693,6528,0,32635000,0,1701245228724808693,1701245228757443693,livox_frame,8,1701245228722925756,1701245228763044619,1,1,6373618
1701245228803476997,1701245228759185314,1701245228759185314,6528,0,32635000,0,1701245228759185314,1701245228791820314,livox_frame,8,1701245228757161567,1701245228797004910,1,1,6298879
1701245228835821813,1701245228791472197,1701245228791472197,6528,0,32635000,0,1701245228791472197,1701245228824107197,livox_frame,7,1701245228790995483,1701245228825278671,1,1,6220699
1701245228869853916,1701245228825526953,1701245228825526953,6528,0,32635000,0,1701245228825526953,1701245228858161953,livox_frame,7,1701245228825278671,1701245228859249480,1,1,6281516
1701245228903019156,1701245228858684778,1701245228858684778,6528,0,32635000,0,1701245228858684778,1701245228891319778,livox_frame,8,1701245228855218133,1701245228895015126,1,1,6087632
1701245228936638011,1701245228892433405,1701245228892433405,6528,0,32635000,0,1701245228892433405,1701245228925068405,livox_frame,8,1701245228888979059,1701245228928980843,1,1,6040446
1701245228969755355,1701245228925448179,1701245228925448179,6528,0,32635000,0,1701245228925448179,1701245228958083179,livox_frame,7,1701245228923038164,1701245228958963578,1,1,6063655
1701245229002919651,1701245228958603859,1701245228958603859,6528,0,32635000,0,1701245228958603859,1701245228991238859,livox_frame,8,1701245228952958643,1701245228993144840,1,1,6344442
1701245229036972790,1701245228992668867,1701245228992668867,6528,0,32635000,0,1701245228992668867,1701245229025303867,livox_frame,8,1701245228987062256,1701245229027117618,1,1,6088239
1701245229069397918,1701245229024998188,1701245229024998188,6528,0,32635000,0,1701245229024998188,1701245229057633188,livox_frame,8,1701245229021029379,1701245229061103655,1,1,6144176
1701245229103468596,1701245229059134960,1701245229059134960,6528,0,32635000,0,1701245229059134960,1701245229091769960,livox_frame,8,1701245229055067109,1701245229096937463,1,1,6249235
1701245229135669009,1701245229091450930,1701245229091450930,6528,0,32635000,0,1701245229091450930,1701245229124085930,livox_frame,7,1701245229090966465,1701245229125124659,1,1,6142229
1701245229169742326,1701245229125518084,1701245229125518084,6528,0,32635000,0,1701245229125518084,1701245229158153084,livox_frame,7,1701245229125124659,1701245229160656250,1,1,6613809
1701245229202942000,1701245229158696175,1701245229158696175,6528,0,32635000,0,1701245229158696175,1701245229191331175,livox_frame,8,1701245229154042441,1701245229195011000,1,1,6613809
1701245229236680418,1701245229192449331,1701245229192449331,6528,0,32635000,0,1701245229192449331,1701245229225084331,livox_frame,8,1701245229188939729,1701245229228974772,1,1,6084549
1701245229269784873,1701245229225478888,1701245229225478888,6528,0,32635000,0,1701245229225478888,1701245229258113888,livox_frame,8,1701245229222955561,1701245229263046831,1,1,6414216
1701245229302945045,1701245229258611202,1701245229258611202,6528,0,32635000,0,1701245229258611202,1701245229291246202,livox_frame,7,1701245229257074193,1701245229292939783,1,1,6079786
1701245229336889432,1701245229292579651,1701245229292579651,6528,0,32635000,0,1701245229292579651,1701245229325214651,livox_frame,8,1701245229286962804,1701245229326892333,1,1,6255802
1701245229369362321,1701245229325011492,1701245229325011492,6528,0,32635000,0,1701245229325011492,1701245229357646492,livox_frame,8,1701245229320898175,1701245229360984207,1,1,6187135
1701245229403665312,1701245229359176874,1701245229359176874,6528,0,32635000,0,1701245229359176874,1701245229391811874,livox_frame,8,1701245229355136950,1701245229395204382,1,1,6126280
1701245229435845825,1701245229391471386,1701245229391471386,6528,0,32635000,0,1701245229391471386,1701245229424106386,livox_frame,7,1701245229389149423,1701245229425028156,1,1,6054959
1701245229469888903,1701245229425498009,1701245229425498009,6528,0,32635000,0,1701245229425498009,1701245229458133009,livox_frame,7,1701245229425028156,1701245229459908452,1,1,6019705
1701245229503169564,1701245229458685637,1701245229458685637,6528,0,32635000,0,1701245229458685637,1701245229491320637,livox_frame,8,1701245229453928816,1701245229494092160,1,1,6387736
1701245229536919238,1701245229492471457,1701245229492471457,6528,0,32635000,0,1701245229492471457,1701245229525106457,livox_frame,8,1701245229487911537,1701245229528109978,1,1,6607211
1701245229569759072,1701245229525455713,1701245229525455713,6528,0,32635000,0,1701245229525455713,1701245229558090713,livox_frame,8,1701245229522198911,1701245229563929864,1,1,6142443
1701245229603012908,1701245229558661461,1701245229558661461,6528,0,32635000,0,1701245229558661461,1701245229591296461,livox_frame,7,1701245229557948579,1701245229591931373,1,1,6344008
1701245229637018393,1701245229592738867,1701245229592738867,6528,0,32635000,0,1701245229592738867,1701245229625373867,livox_frame,7,1701245229591931373,1701245229626278586,1,1,6222896
1701245229669279132,1701245229624990225,1701245229624990225,6528,0,32635000,0,1701245229624990225,1701245229657625225,livox_frame,8,1701245229620055690,1701245229662089898,1,1,6222896
1701245229703425656,1701245229659136057,1701245229659136057,6528,0,32635000,0,1701245229659136057,1701245229691771057,livox_frame,8,1701245229656151669,1701245229696040228,1,1,6118992
1701245229735848809,1701245229691476107,1701245229691476345,6528,0,32635000,0,1701245229691476345,1701245229724111345,livox_frame,8,1701245229690049053,1701245229729957373,1,1,6217043
1701245229769854921,1701245229725538254,1701245229725538254,6528,0,32635000,0,1701245229725538254,1701245229758173254,livox_frame,7,1701245229723907540,1701245229758216923,1,1,6313850
1701245229803016601,1701245229758689880,1701245229758689880,6528,0,32635000,0,1701245229758689880,1701245229791324880,livox_frame,7,1701245229758216923,1701245229794132043,1,1,6454244
1701245229835681244,1701245229791163206,1701245229791163206,6528,0,32635000,0,1701245229791163206,1701245229823798206,livox_frame,8,1701245229788003808,1701245229827936594,1,1,6128235
1701245229869779559,1701245229825476408,1701245229825476408,6528,0,32635000,0,1701245229825476408,1701245229858111408,livox_frame,8,1701245229822022454,1701245229862116870,1,1,6371595
1701245229903032245,1701245229858585835,1701245229858585835,6528,0,32635000,0,1701245229858585835,1701245229891220835,livox_frame,7,1701245229857951843,1701245229892106956,1,1,6222825
1701245229937034967,1701245229892610073,1701245229892610073,6528,0,32635000,0,1701245229892610073,1701245229925245073,livox_frame,7,1701245229892106956,1701245229926121738,1,1,6189255
1701245229969231911,1701245229924988985,1701245229924988985,6528,0,32635000,0,1701245229924988985,1701245229957623985,livox_frame,8,1701245229919932483,1701245229960955868,1,1,6189255
1701245230003540202,1701245229959154129,1701245229959154129,6528,0,32635000,0,1701245229959154129,1701245229991789129,livox_frame,8,1701245229954937339,1701245229994973972,1,1,6161247
1701245230035746095,1701245229991451025,1701245229991451263,6528,0,32635000,0,1701245229991451263,1701245230024086263,livox_frame,8,1701245229989083432,1701245230029178910,1,1,6102054
1701245230069877152,1701245230025496006,1701245230025496006,6528,0,32635000,0,1701245230025496006,1701245230058131006,livox_frame,7,1701245230023163791,1701245230058940346,1,1,6186850
1701245230103134767,1701245230058747530,1701245230058747768,6528,0,32635000,0,1701245230058747768,1701245230091382768,livox_frame,8,1701245230052942858,1701245230092912237,1,1,6001500
1701245230136893269,1701245230092443943,1701245230092443943,6528,0,32635000,0,1701245230092443943,1701245230125078943,livox_frame,8,1701245230086910737,1701245230126888117,1,1,6021318
1701245230169822315,1701245230125481844,1701245230125481844,6528,0,32635000,0,1701245230125481844,1701245230158116844,livox_frame,8,1701245230120938805,1701245230161159713,1,1,6373167
1701245230203014790,1701245230158641338,1701245230158641338,6528,0,32635000,0,1701245230158641338,1701245230191276338,livox_frame,8,1701245230157060951,1701245230197006904,1,1,6101626
1701245230237082312,1701245230192688942,1701245230192688942,6528,0,32635000,0,1701245230192688942,1701245230225323942,livox_frame,8,1701245230190905278,1701245230230927011,1,1,6101626
1701245230269159403,1701245230224805593,1701245230224805593,6528,0,32635000,0,1701245230224805593,1701245230257440593,livox_frame,8,1701245230218969383,1701245230260894933,1,1,6256868
1701245230303527305,1701245230259143114,1701245230259143114,6528,0,32635000,0,1701245230259143114,1701245230291778114,livox_frame,8,1701245230254883611,1701245230295014671,1,1,6239568
1701245230335942695,1701245230291496038,1701245230291496038,6528,0,32635000,0,1701245230291496038,1701245230324131038,livox_frame,8,1701245230288993509,1701245230328940618,1,1,6154605
1701245230369852633,1701245230325504065,1701245230325504065,6528,0,32635000,0,1701245230325504065,1701245230358139065,livox_frame,7,1701245230322893983,1701245230358975010,1,1,6096412
1701245230402995842,1701245230358677387,1701245230358677387,6528,0,32635000,0,1701245230358677387,1701245230391312387,livox_frame,8,1701245230352951537,1701245230393189447,1,1,6166832
1701245230436694975,1701245230392440081,1701245230392440081,6528,0,32635000,0,1701245230392440081,1701245230425075081,livox_frame,8,1701245230387059800,1701245230427038109,1,1,6129647
1701245230469883856,1701245230425466776,1701245230425466776,6528,0,32635000,0,1701245230425466776,1701245230458101776,livox_frame,8,1701245230420995163,1701245230461102561,1,1,6154547
1701245230502902932,1701245230458606243,1701245230458606243,6528,0,32635000,0,1701245230458606243,1701245230491241243,livox_frame,8,1701245230454948014,1701245230496884561,1,1,6154547
1701245230536928270,1701245230492655039,1701245230492655039,6528,0,32635000,0,1701245230492655039,1701245230525290039,livox_frame,7,1701245230490945679,1701245230525300155,1,1,6247296
1701245230569491142,1701245230525006533,1701245230525006533,6528,0,32635000,0,1701245230525006533,1701245230557641533,livox_frame,8,1701245230519052859,1701245230559068230,1,1,6247296
1701245230603491573,1701245230559141874,1701245230559141874,6528,0,32635000,0,1701245230559141874,1701245230591776874,livox_frame,7,1701245230559068230,1701245230594932168,1,1,6061949
1701245230635753363,1701245230591465235,1701245230591465235,6528,0,32635000,0,1701245230591465235,1701245230624100235,livox_frame,8,1701245230589014406,1701245230629106043,1,1,6217450
1701245230669927855,1701245230625541210,1701245230625541210,6528,0,32635000,0,1701245230625541210,1701245230658176210,livox_frame,8,1701245230623106044,1701245230664086600,1,1,7007636
1701245230703193882,1701245230658678770,1701245230658678770,6528,0,32635000,0,1701245230658678770,1701245230691313770,livox_frame,7,1701245230658092971,1701245230691901306,1,1,6086576
1701245230736766364,1701245230692452192,1701245230692452192,6528,0,32635000,0,1701245230692452192,1701245230725087192,livox_frame,7,1701245230691901306,1701245230726085418,1,1,6086178
1701245230769197194,1701245230724855661,1701245230724855661,6528,0,32635000,0,1701245230724855661,1701245230757490661,livox_frame,8,1701245230721946912,1701245230759665280,1,1,6229421
1701245230802897650,1701245230758588076,1701245230758588076,6528,0,32635000,0,1701245230758588076,1701245230791223076,livox_frame,8,1701245230753665280,1701245230794665280,1,1,6000000
1701245230837019039,1701245230792711496,1701245230792711496,6528,0,32635000,0,1701245230792711496,1701245230825346496,livox_frame,8,1701245230788665280,1701245230828665280,1,1,6000000
1701245230869169870,1701245230824808121,1701245230824808121,6528,0,32635000,0,1701245230824808121,1701245230857443121,livox_frame,7,1701245230822665280,1701245230857664000,1,1,6000000
1701245230903418298,1701245230859155178,1701245230859155178,6528,0,32635000,0,1701245230859155178,1701245230891790178,livox_frame,8,1701245230857664000,1701245230897664000,1,1,6000000
1701245230936018323,1701245230891469479,1701245230891469479,6528,0,32635000,0,1701245230891469479,1701245230924104479,livox_frame,8,1701245230886664000,1701245230926664000,1,1,6000000
1701245230969865010,1701245230925489187,1701245230925489187,6528,0,32635000,0,1701245230925489187,1701245230958124187,livox_frame,8,1701245230920664000,1701245230961662720,1,1,6000000
1701245231003181245,1701245230958694696,1701245230958694696,6528,0,32635000,0,1701245230958694696,1701245230991329696,livox_frame,8,1701245230955662720,1701245230995662720,1,1,6000000
1701245231035628654,1701245230991153240,1701245230991153240,6528,0,32635000,0,1701245230991153240,1701245231023788240,livox_frame,7,1701245230989662720,1701245231024662720,1,1,6000000
1701245231069911958,1701245231025472164,1701245231025472164,6528,0,32635000,0,1701245231025472164,1701245231058107164,livox_frame,7,1701245231024662720,1701245231059661440,1,1,6000000
1701245231103000675,1701245231058594704,1701245231058594942,6528,0,32635000,0,1701245231058594942,1701245231091229942,livox_frame,8,1701245231053661440,1701245231093661440,1,1,6000000
1701245231136935014,1701245231092704773,1701245231092704773,6528,0,32635000,0,1701245231092704773,1701245231125339773,livox_frame,8,1701245231088661440,1701245231127661440,1,1,6000000
1701245231169377690,1701245231124988079,1701245231124988079,6528,0,32635000,0,1701245231124988079,1701245231157623079,livox_frame,8,1701245231122661440,1701245231162660160,1,1,6000000
1701245231203481154,1701245231159207821,1701245231159208059,6528,0,32635000,0,1701245231159208059,1701245231191843059,livox_frame,8,1701245231156660160,1701245231197660160,1,1,6000000
1701245231235920528,1701245231191462755,1701245231191462755,6528,0,32635000,0,1701245231191462755,1701245231224097755,livox_frame,8,1701245231185660160,1701245231226660160,1,1,6000000
1701245231269926259,1701245231225519180,1701245231225519180,6528,0,32635000,0,1701245231225519180,1701245231258154180,livox_frame,8,1701245231220660160,1701245231260659136,1,1,6000000
1701245231303049717,1701245231258652925,1701245231258652925,6528,0,32635000,0,1701245231258652925,1701245231291287925,livox_frame,8,1701245231254659136,1701245231295659136,1,1,6000000
1701245231336667496,1701245231292420626,1701245231292420626,6528,0,32635000,0,1701245231292420626,1701245231325055626,livox_frame,8,1701245231289659136,1701245231329659136,1,1,6000000
1701245231369717272,1701245231325458288,1701245231325458288,6528,0,32635000,0,1701245231325458288,1701245231358093288,livox_frame,7,1701245231324659136,1701245231358657856,1,1,6000000
1701245231402958279,1701245231358640909,1701245231358640909,6528,0,32635000,0,1701245231358640909,1701245231391275909,livox_frame,8,1701245231352657856,1701245231392657856,1,1,6000000
1701245231437135664,1701245231392790794,1701245231392790794,6528,0,32635000,0,1701245231392790794,1701245231425425794,livox_frame,7,1701245231392657856,1701245231427657856,1,1,6000000
1701245231469431499,1701245231425048113,1701245231425048113,6528,0,32635000,0,1701245231425048113,1701245231457683113,livox_frame,8,1701245231421657856,1701245231462656576,1,1,6000000
1701245231503402709,1701245231459135771,1701245231459135771,6528,0,32635000,0,1701245231459135771,1701245231491770771,livox_frame,8,1701245231456656576,1701245231496656576,1,1,6000000
1701245231535765731,1701245231491510630,1701245231491510630,6528,0,32635000,0,1701245231491510630,1701245231524145630,livox_frame,8,1701245231485656576,1701245231525656576,1,1,6000000
1701245231569721512,1701245231525482178,1701245231525482178,6528,0,32635000,0,1701245231525482178,1701245231558117178,livox_frame,8,1701245231519656576,1701245231560655296,1,1,6000000
1701245231602916848,1701245231558674574,1701245231558674574,6528,0,32635000,0,1701245231558674574,1701245231591309574,livox_frame,8,1701245231554655296,1701245231594655296,1,1,6000000
1701245231635550029,1701245231591144562,1701245231591144323,6528,0,32635000,0,1701245231591144323,1701245231623779323,livox_frame,8,1701245231588655296,1701245231629655296,1,1,6000000
1701245231669765154,1701245231625477076,1701245231625477076,6528,0,32635000,0,1701245231625477076,1701245231658112076,livox_frame,8,1701245231623655296,1701245231663654016,1,1,6000000
1701245231702982692,1701245231658660650,1701245231658660650,6528,0,32635000,0,1701245231658660650,1701245231691295650,livox_frame,7,1701245231657654016,1701245231692654016,1,1,6000000
1701245231737128354,1701245231692579985,1701245231692580223,6528,0,32635000,0,1701245231692580223,1701245231725215223,livox_frame,8,1701245231686654016,1701245231727654016,1,1,6000000
1701245231769204325,1701245231724792719,1701245231724792719,6528,0,32635000,0,1701245231724792719,1701245231757427719,livox_frame,8,1701245231721654016,1701245231762652736,1,1,6000000
1701245231803582856,1701245231759130955,1701245231759130955,6528,0,32635000,0,1701245231759130955,1701245231791765955,livox_frame,8,1701245231756652736,1701245231796652736,1,1,6000000
1701245231835846248,1701245231791449308,1701245231791449308,6528,0,32635000,0,1701245231791449308,1701245231824084308,livox_frame,7,1701245231790652736,1701245231825652736,1,1,6000000
1701245231869939614,1701245231825510502,1701245231825510502,6528,0,32635000,0,1701245231825510502,1701245231858145502,livox_frame,8,1701245231819652736,1701245231859651456,1,1,6000000
1701245231903102380,1701245231858662128,1701245231858662128,6528,0,32635000,0,1701245231858662128,1701245231891297128,livox_frame,8,1701245231854651456,1701245231894651456,1,1,6000000
1701245231936802696,1701245231892450809,1701245231892450809,6528,0,32635000,0,1701245231892450809,1701245231925085809,livox_frame,8,1701245231888651456,1701245231928651456,1,1,6000000
1701245231969764794,1701245231925444841,1701245231925444841,6528,0,32635000,0,1701245231925444841,1701245231958079841,livox_frame,8,1701245231923651456,1701245231963650176,1,1,6000000
1701245232002932888,1701245231958610058,1701245231958610058,6528,0,32635000,0,1701245231958610058,1701245231991245058,livox_frame,7,1701245231957650176,1701245231992650176,1,1,6000000
1701245232037005233,1701245231992656946,1701245231992656946,6528,0,32635000,0,1701245231992656946,1701245232025291946,livox_frame,7,1701245231992650176,1701245232026650176,1,1,6000000
1701245232069492006,1701245232025141954,1701245232025141954,6528,0,32635000,0,1701245232025141954,1701245232057776954,livox_frame,8,1701245232020650176,1701245232061648896,1,1,6000000
1701245232103467931,1701245232059181452,1701245232059181690,6528,0,32635000,0,1701245232059181690,1701245232091816690,livox_frame,8,1701245232055648896,1701245232096648896,1,1,6000000
1701245232135818643,1701245232091489553,1701245232091489553,6528,0,32635000,0,1701245232091489553,1701245232124124553,livox_frame,7,1701245232090648896,1701245232124648896,1,1,6000000
1701245232169771132,1701245232125507116,1701245232125507116,6528,0,32635000,0,1701245232125507116,1701245232158142116,livox_frame,7,1701245232124648896,1701245232159647872,1,1,6000000
1701245232202909209,1701245232158683062,1701245232158683062,6528,0,32635000,0,1701245232158683062,1701245232191318062,livox_frame,8,1701245232153647872,1701245232193647872,1,1,6000000
1701245232236726850,1701245232192474127,1701245232192474127,6528,0,32635000,0,1701245232192474127,1701245232225109127,livox_frame,8,1701245232187647872,1701245232228647872,1,1,6000000
1701245232269791469,1701245232225478649,1701245232225478649,6528,0,32635000,0,1701245232225478649,1701245232258113649,livox_frame,8,1701245232222647872,1701245232263646592,1,1,6000000
1701245232302914715,1701245232258591413,1701245232258591413,6528,0,32635000,0,1701245232258591413,1701245232291226413,livox_frame,7,1701245232257646592,1701245232291646592,1,1,6000000
1701245232336873439,1701245232292557240,1701245232292557240,6528,0,32635000,0,1701245232292557240,1701245232325192240,livox_frame,7,1701245232291646592,1701245232326646592,1,1,6000000
1701245232369254513,1701245232324999094,1701245232324999094,6528,0,32635000,0,1701245232324999094,1701245232357634094,livox_frame,8,1701245232320646592,1701245232360645312,1,1,6000000
1701245232403364596,1701245232359141588,1701245232359141588,6528,0,32635000,0,1701245232359141588,1701245232391776588,livox_frame,8,1701245232355645312,1701245232395645312,1,1,6000000
1701245232435696725,1701245232391439199,1701245232391439199,6528,0,32635000,0,1701245232391439199,1701245232424074199,livox_frame,7,1701245232389645312,1701245232424645312,1,1,6000000
1701245232469848478,1701245232425531626,1701245232425531626,6528,0,32635000,0,1701245232425531626,1701245232458166626,livox_frame,7,1701245232424645312,1701245232458643776,1,1,6000000
1701245232502981515,1701245232458653688,1701245232458653688,6528,0,32635000,0,1701245232458653688,1701245232491288688,livox_frame,7,1701245232458643776,1701245232493643776,1,1,6000000
1701245232536711030,1701245232492435694,1701245232492435694,6528,0,32635000,0,1701245232492435694,1701245232525070694,livox_frame,8,1701245232487643776,1701245232528643776,1,1,6000000
1701245232569927449,1701245232525571823,1701245232525571823,6528,0,32635000,0,1701245232525571823,1701245232558206823,livox_frame,8,1701245232522643776,1701245232562642496,1,1,6000000
1701245232603152736,1701245232558742523,1701245232558742523,6528,0,32635000,0,1701245232558742523,1701245232591377523,livox_frame,7,1701245232556642496,1701245232591642496,1,1,6000000
1701245232637024355,1701245232592669010,1701245232592669010,6528,0,32635000,0,1701245232592669010,1701245232625304010,livox_frame,7,1701245232591642496,1701245232625642496,1,1,6000000
1701245232669413991,1701245232625005245,1701245232625005245,6528,0,32635000,0,1701245232625005245,1701245232657640245,livox_frame,8,1701245232620642496,1701245232660641216,1,1,6000000
1701245232703491968,1701245232659103394,1701245232659103394,6528,0,32635000,0,1701245232659103394,1701245232691738394,livox_frame,8,1701245232654641216,1701245232694641216,1,1,6000000
1701245232735956887,1701245232691485882,1701245232691485882,6528,0,32635000,0,1701245232691485882,1701245232724120882,livox_frame,8,1701245232688641216,1701245232729641216,1,1,6000000
1701245232769844330,1701245232725486040,1701245232725486040,6528,0,32635000,0,1701245232725486040,1701245232758121040,livox_frame,7,1701245232723641216,1701245232758639936,1,1,6000000
1701245232803112914,1701245232758683681,1701245232758683681,6528,0,32635000,0,1701245232758683681,1701245232791318681,livox_frame,7,1701245232758639936,1701245232792639936,1,1,6000000
1701245232835501501,1701245232791114092,1701245232791114092,6528,0,32635000,0,1701245232791114092,1701245232823749092,livox_frame,8,1701245232786639936,1701245232827639936,1,1,6000000
1701245232869838685,1701245232825447798,1701245232825447798,6528,0,32635000,0,1701245232825447798,1701245232858082798,livox_frame,8,1701245232821639936,1701245232862638912,1,1,6000000
1701245232902949807,1701245232858567238,1701245232858567238,6528,0,32635000,0,1701245232858567238,1701245232891202238,livox_frame,8,1701245232856638912,1701245232896638912,1,1,6000000
1701245232936803492,1701245232892565489,1701245232892565489,6528,0,32635000,0,1701245232892565489,1701245232925200489,livox_frame,7,1701245232890638912,1701245232925638912,1,1,6000000
1701245232969394668,1701245232925048828,1701245232925048828,6528,0,32635000,0,1701245232925048828,1701245232957683828,livox_frame,8,1701245232919638912,1701245232959637632,1,1,6000000
1701245233003387555,1701245232959160805,1701245232959160805,6528,0,32635000,0,1701245232959160805,1701245232991795805,livox_frame,8,1701245232953637632,1701245232994637632,1,1,6000000
1701245233035869916,1701245232991448879,1701245232991448879,6528,0,32635000,0,1701245232991448879,1701245233024083879,livox_frame,8,1701245232988637632,1701245233029637632,1,1,6000000
1701245233069753792,1701245233025521755,1701245233025521755,6528,0,32635000,0,1701245233025521755,1701245233058156755,livox_frame,8,1701245233023637632,1701245233063636096,1,1,6000000
1701245233102952332,1701245233058649540,1701245233058649540,6528,0,32635000,0,1701245233058649540,1701245233091284540,livox_frame,7,1701245233057636096,1701245233092636096,1,1,6000000
1701245233136769596,1701245233092432022,1701245233092432022,6528,0,32635000,0,1701245233092432022,1701245233125067022,livox_frame,8,1701245233086636096,1701245233126636096,1,1,6000000
1701245233169155718,1701245233124879837,1701245233124879837,6528,0,32635000,0,1701245233124879837,1701245233157514837,livox_frame,8,1701245233121636096,1701245233161634816,1,1,6000000
1701245233202914486,1701245233158634901,1701245233158634901,6528,0,32635000,0,1701245233158634901,1701245233191269901,livox_frame,8,1701245233155634816,1701245233195634816,1,1,6000000
1701245233236910771,1701245233192642212,1701245233192642212,6528,0,32635000,0,1701245233192642212,1701245233225277212,livox_frame,8,1701245233190634816,1701245233230634816,1,1,6000000
1701245233269324690,1701245233225005627,1701245233225005627,6528,0,32635000,0,1701245233225005627,1701245233257640627,livox_frame,7,1701245233224634816,1701245233259633536,1,1,6000000
1701245233303380709,1701245233259116173,1701245233259116411,6528,0,32635000,0,1701245233259116411,1701245233291751411,livox_frame,8,1701245233253633536,1701245233293633536,1,1,6000000
1701245233335853663,1701245233291445255,1701245233291445255,6528,0,32635000,0,1701245233291445255,1701245233324080255,livox_frame,8,1701245233288633536,1701245233328633536,1,1,6000000
1701245233369759865,1701245233325474977,1701245233325474977,6528,0,32635000,0,1701245233325474977,1701245233358109977,livox_frame,8,1701245233322633536,1701245233362632256,1,1,6000000
1701245233403154304,1701245233358772993,1701245233358772993,6528,0,32635000,0,1701245233358772993,1701245233391407993,livox_frame,7,1701245233357632256,1701245233391632256,1,1,6000000
1701245233435517211,1701245233391156197,1701245233391156197,6528,0,32635000,0,1701245233391156197,1701245233423791197,livox_frame,8,1701245233386632256,1701245233426632256,1,1,6000000
1701245233469916205,1701245233425462723,1701245233425462723,6528,0,32635000,0,1701245233425462723,1701245233458097723,livox_frame,8,1701245233420632256,1701245233460630720,1,1,6000000
1701245233502898365,1701245233458596945,1701245233458596945,6528,0,32635000,0,1701245233458596945,1701245233491231945,livox_frame,8,1701245233455630720,1701245233495630720,1,1,6000000
1701245233536898425,1701245233492634058,1701245233492634058,6528,0,32635000,0,1701245233492634058,1701245233525269058,livox_frame,8,1701245233489630720,1701245233530630720,1,1,6000000
1701245233569341135,1701245233524980783,1701245233524980783,6528,0,32635000,0,1701245233524980783,1701245233557615783,livox_frame,7,1701245233524630720,1701245233558629696,1,1,6000000
1701245233603389690,1701245233559115887,1701245233559115648,6528,0,32635000,0,1701245233559115648,1701245233591750648,livox_frame,7,1701245233558629696,1701245233593629696,1,1,6000000
1701245233635825357,1701245233591439247,1701245233591439486,6528,0,32635000,0,1701245233591439486,1701245233624074486,livox_frame,8,1701245233587629696,1701245233627629696,1,1,6000000
1701245233669772769,1701245233625508308,1701245233625508308,6528,0,32635000,0,1701245233625508308,1701245233658143308,livox_frame,8,1701245233622629696,1701245233662628416,1,1,6000000
1701245233703004113,1701245233658659697,1701245233658659697,6528,0,32635000,0,1701245233658659697,1701245233691294697,livox_frame,7,1701245233657628416,1701245233691628416,1,1,6000000
1701245233736725789,1701245233692436695,1701245233692436695,6528,0,32635000,0,1701245233692436695,1701245233725071695,livox_frame,7,1701245233691628416,1701245233725628416,1,1,6000000
1701245233769784581,1701245233725431442,1701245233725431442,6528,0,32635000,0,1701245233725431442,1701245233758066442,livox_frame,8,1701245233720628416,1701245233760627136,1,1,6000000
1701245233803057546,1701245233758643389,1701245233758643389,6528,0,32635000,0,1701245233758643389,1701245233791278389,livox_frame,8,1701245233754627136,1701245233795627136,1,1,6000000
1701245233836936045,1701245233792632818,1701245233792632818,6528,0,32635000,0,1701245233792632818,1701245233825267818,livox_frame,8,1701245233789627136,1701245233829627136,1,1,6000000
1701245233869355942,1701245233824963808,1701245233824963808,6528,0,32635000,0,1701245233824963808,1701245233857598808,livox_frame,7,1701245233823627136,1701245233858625856,1,1,6000000
1701245233903433411,1701245233859103680,1701245233859103680,6528,0,32635000,0,1701245233859103680,1701245233891738680,livox_frame,7,1701245233858625856,1701245233893625856,1,1,6000000
1701245233935843268,1701245233891493082,1701245233891493082,6528,0,32635000,0,1701245233891493082,1701245233924128082,livox_frame,8,1701245233887625856,1701245233927625856,1,1,6000000
1701245233969800352,1701245233925494671,1701245233925494909,6528,0,32635000,0,1701245233925494909,1701245233958129909,livox_frame,8,1701245233922625856,1701245233962624320,1,1,6000000
1701245234003098252,1701245233958688259,1701245233958688259,6528,0,32635000,0,1701245233958688259,1701245233991323259,livox_frame,8,1701245233956624320,1701245233996624320,1,1,6000000
1701245234035562540,1701245233991128922,1701245233991128922,6528,0,32635000,0,1701245233991128922,1701245234023763922,livox_frame,7,1701245233990624320,1701245234025624320,1,1,6000000
1701245234069785343,1701245234025424719,1701245234025424719,6528,0,32635000,0,1701245234025424719,1701245234058059719,livox_frame,8,1701245234019624320,1701245234060623040,1,1,6000000
1701245234103025271,1701245234058595181,1701245234058595181,6528,0,32635000,0,1701245234058595181,1701245234091230181,livox_frame,8,1701245234054623040,1701245234094623040,1,1,6000000
1701245234136841707,1701245234092552423,1701245234092552423,6528,0,32635000,0,1701245234092552423,1701245234125187423,livox_frame,8,1701245234088623040,1701245234129623040,1,1,6000000
1701245234169319536,1701245234124974012,1701245234124974012,6528,0,32635000,0,1701245234124974012,1701245234157609012,livox_frame,7,1701245234123623040,1701245234158621760,1,1,6000000
1701245234203439560,1701245234159149170,1701245234159148932,6528,0,32635000,0,1701245234159148932,1701245234191783932,livox_frame,7,1701245234158621760,1701245234192621760,1,1,6000000
1701245234235756456,1701245234191435575,1701245234191435575,6528,0,32635000,0,1701245234191435575,1701245234224070575,livox_frame,8,1701245234187621760,1701245234227621760,1,1,6000000
1701245234269799956,1701245234225493431,1701245234225493431,6528,0,32635000,0,1701245234225493431,1701245234258128431,livox_frame,8,1701245234221621760,1701245234261620480,1,1,6000000
1701245234302985000,1701245234258651495,1701245234258651495,6528,0,32635000,0,1701245234258651495,1701245234291286495,livox_frame,8,1701245234256620480,1701245234296620480,1,1,6000000
1701245234336697702,1701245234292388201,1701245234292388201,6528,0,32635000,0,1701245234292388201,1701245234325023201,livox_frame,8,1701245234290620480,1701245234331620480,1,1,7000000
1701245234369753217,1701245234325448036,1701245234325448036,6528,0,32635000,0,1701245234325448036,1701245234358083036,livox_frame,7,1701245234324620480,1701245234359619456,1,1,7000000
1701245234402928105,1701245234358618736,1701245234358618736,6528,0,32635000,0,1701245234358618736,1701245234391253736,livox_frame,8,1701245234353619456,1701245234394619456,1,1,6000000
1701245234436913897,1701245234392640114,1701245234392639875,6528,0,32635000,0,1701245234392639875,1701245234425274875,livox_frame,8,1701245234388619456,1701245234429619456,1,1,6000000
1701245234469230301,1701245234424969196,1701245234424969196,6528,0,32635000,0,1701245234424969196,1701245234457604196,livox_frame,7,1701245234423619456,1701245234457618176,1,1,6000000
1701245234503643765,1701245234459164381,1701245234459164381,6528,0,32635000,0,1701245234459164381,1701245234491799381,livox_frame,7,1701245234457618176,1701245234492618176,1,1,6000000
1701245234535731852,1701245234491431475,1701245234491431475,6528,0,32635000,0,1701245234491431475,1701245234524066475,livox_frame,8,1701245234486618176,1701245234526618176,1,1,6000000
1701245234569743792,1701245234525484562,1701245234525484562,6528,0,32635000,0,1701245234525484562,1701245234558119562,livox_frame,8,1701245234520618176,1701245234561616896,1,1,6000000
1701245234603055840,1701245234558720112,1701245234558720112,6528,0,32635000,0,1701245234558720112,1701245234591355112,livox_frame,8,1701245234555616896,1701245234595616896,1,1,6000000
1701245234635534651,1701245234591146708,1701245234591146708,6528,0,32635000,0,1701245234591146708,1701245234623781708,livox_frame,7,1701245234589616896,1701245234624616896,1,1,6000000
1701245234669712157,1701245234625433922,1701245234625433922,6528,0,32635000,0,1701245234625433922,1701245234658068922,livox_frame,7,1701245234624616896,1701245234659615616,1,1,6000000
1701245234702993829,1701245234658620119,1701245234658620119,6528,0,32635000,0,1701245234658620119,1701245234691255119,livox_frame,8,1701245234653615616,1701245234693615616,1,1,6000000
1701245234736765155,1701245234692551613,1701245234692551613,6528,0,32635000,0,1701245234692551613,1701245234725186613,livox_frame,8,1701245234688615616,1701245234728615616,1,1,6000000
1701245234769014430,1701245234724769831,1701245234724769831,6528,0,32635000,0,1701245234724769831,1701245234757404831,livox_frame,7,1701245234722615616,1701245234757614336,1,1,6000000
1701245234803450653,1701245234759153843,1701245234759153843,6528,0,32635000,0,1701245234759153843,1701245234791788843,livox_frame,8,1701245234757614336,1701245234797614336,1,1,6000000
1701245234835665428,1701245234791424036,1701245234791424036,6528,0,32635000,0,1701245234791424036,1701245234824059036,livox_frame,8,1701245234785614336,1701245234826614336,1,1,6000000
1701245234869759485,1701245234825409174,1701245234825409174,6528,0,32635000,0,1701245234825409174,1701245234858044174,livox_frame,8,1701245234820614336,1701245234860613056,1,1,6000000
1701245234903038827,1701245234858652830,1701245234858652830,6528,0,32635000,0,1701245234858652830,1701245234891287830,livox_frame,8,1701245234854613056,1701245234895613056,1,1,6000000
1701245234936816594,1701245234892455339,1701245234892455339,6528,0,32635000,0,1701245234892455339,1701245234925090339,livox_frame,8,1701245234889613056,1701245234929613056,1,1,6000000
1701245234969708821,1701245234925417185,1701245234925417185,6528,0,32635000,0,1701245234925417185,1701245234958052185,livox_frame,7,1701245234924613056,1701245234958612288,1,1,6000000
1701245235002976833,1701245234958619833,1701245234958619833,6528,0,32635000,0,1701245234958619833,1701245234991254833,livox_frame,7,1701245234958612288,1701245234993612288,1,1,6000000
1701245235037004206,1701245234992715597,1701245234992715597,6528,0,32635000,0,1701245234992715597,1701245235025350597,livox_frame,8,1701245234987612288,1701245235027612288,1,1,6000000
1701245235069373459,1701245235024963379,1701245235024963379,6528,0,32635000,0,1701245235024963379,1701245235057598379,livox_frame,8,1701245235021612288,1701245235062611008,1,1,6000000
1701245235103499012,1701245235059142590,1701245235059142590,6528,0,32635000,0,1701245235059142590,1701245235091777590,livox_frame,8,1701245235056611008,1701245235097611008,1,1,6000000
1701245235135855854,1701245235091467857,1701245235091467857,6528,0,32635000,0,1701245235091467857,1701245235124102857,livox_frame,8,1701245235085611008,1701245235125611008,1,1,6000000
1701245235169771614,1701245235125484228,1701245235125484228,6528,0,32635000,0,1701245235125484228,1701245235158119228,livox_frame,8,1701245235119611008,1701245235160609728,1,1,6000000
1701245235203056514,1701245235158659697,1701245235158659697,6528,0,32635000,0,1701245235158659697,1701245235191294697,livox_frame,8,1701245235154609728,1701245235194609728,1,1,6000000
1701245235235491595,1701245235191116810,1701245235191116810,6528,0,32635000,0,1701245235191116810,1701245235223751810,livox_frame,8,1701245235189609728,1701245235229609728,1,1,6000000
1701245235269806561,1701245235225435972,1701245235225435972,6528,0,32635000,0,1701245235225435972,1701245235258070972,livox_frame,7,1701245235223609728,1701245235258608448,1,1,6000000
1701245235302921412,1701245235258579493,1701245235258579493,6528,0,32635000,0,1701245235258579493,1701245235291214493,livox_frame,8,1701245235252608448,1701245235292608448,1,1,6000000
1701245235336782139,1701245235292556047,1701245235292556047,6528,0,32635000,0,1701245235292556047,1701245235325191047,livox_frame,8,1701245235287608448,1701245235327608448,1,1,6000000
1701245235369203966,1701245235324970961,1701245235324970961,6528,0,32635000,0,1701245235324970961,1701245235357605961,livox_frame,8,1701245235321608448,1701245235361606912,1,1,6000000
1701245235403346988,1701245235359131336,1701245235359131336,6528,0,32635000,0,1701245235359131336,1701245235391766336,livox_frame,8,1701245235355606912,1701245235396606912,1,1,6000000
1701245235435767018,1701245235391420841,1701245235391420841,6528,0,32635000,0,1701245235391420841,1701245235424055841,livox_frame,7,1701245235390606912,1701245235425606912,1,1,6000000
1701245235469798239,1701245235425481558,1701245235425481558,6528,0,32635000,0,1701245235425481558,1701245235458116558,livox_frame,8,1701245235419606912,1701245235460605632,1,1,6000000
1701245235503079039,1701245235458684444,1701245235458684444,6528,0,32635000,0,1701245235458684444,1701245235491319444,livox_frame,8,1701245235454605632,1701245235494605632,1,1,6000000
1701245235536701015,1701245235492432833,1701245235492432833,6528,0,32635000,0,1701245235492432833,1701245235525067833,livox_frame,8,1701245235488605632,1701245235528605632,1,1,6000000
1701245235569690333,1701245235525431395,1701245235525431395,6528,0,32635000,0,1701245235525431395,1701245235558066395,livox_frame,8,1701245235523605632,1701245235563604352,1,1,6000000
1701245235602878938,1701245235558619499,1701245235558619499,6528,0,32635000,0,1701245235558619499,1701245235591254499,livox_frame,7,1701245235557604352,1701245235592604352,1,1,6000000
1701245235636837536,1701245235592617273,1701245235592617273,6528,0,32635000,0,1701245235592617273,1701245235625252273,livox_frame,7,1701245235592604352,1701245235626604352,1,1,6000000
1701245235669195959,1701245235624880075,1701245235624880075,6528,0,32635000,0,1701245235624880075,1701245235657515075,livox_frame,8,1701245235620604352,1701245235661602816,1,1,6000000
1701245235703418855,1701245235659102201,1701245235659102201,6528,0,32635000,0,1701245235659102201,1701245235691737201,livox_frame,8,1701245235655602816,1701245235695602816,1,1,6000000
1701245235735780363,1701245235691435814,1701245235691435814,6528,0,32635000,0,1701245235691435814,1701245235724070814,livox_frame,7,1701245235690602816,1701245235724602816,1,1,6000000
1701245235769808963,1701245235725484610,1701245235725484610,6528,0,32635000,0,1701245235725484610,1701245235758119610,livox_frame,7,1701245235724602816,1701245235758601280,1,1,6000000
1701245235803007251,1701245235758667469,1701245235758667469,6528,0,32635000,0,1701245235758667469,1701245235791302469,livox_frame,7,1701245235758601280,1701245235793601280,1,1,6000000
1701245235836712241,1701245235792401314,1701245235792401314,6528,0,32635000,0,1701245235792401314,1701245235825036314,livox_frame,8,1701245235787601280,1701245235828601280,1,1,6000000
1701245235869781900,1701245235825437546,1701245235825437546,6528,0,32635000,0,1701245235825437546,1701245235858072546,livox_frame,8,1701245235822601280,1701245235863599744,1,1,6000000
1701245235902997333,1701245235858609200,1701245235858609200,6528,0,32635000,0,1701245235858609200,1701245235891244200,livox_frame,7,1701245235857599744,1701245235891599744,1,1,6000000
1701245235936830141,1701245235892553568,1701245235892553568,6528,0,32635000,0,1701245235892553568,1701245235925188568,livox_frame,7,1701245235891599744,1701245235926599744,1,1,6000000
1701245235969402925,1701245235925089121,1701245235925089121,6528,0,32635000,0,1701245235925089121,1701245235957724121,livox_frame,8,1701245235920599744,1701245235960598464,1,1,6000000
1701245236003467305,1701245235959128380,1701245235959128380,6528,0,32635000,0,1701245235959128380,1701245235991763380,livox_frame,8,1701245235955598464,1701245235995598464,1,1,6000000
1701245236035706043,1701245235991413593,1701245235991413593,6528,0,32635000,0,1701245235991413593,1701245236024048593,livox_frame,7,1701245235989598464,1701245236024598464,1,1,6000000
1701245236069903580,1701245236025490999,1701245236025490999,6528,0,32635000,0,1701245236025490999,1701245236058125999,livox_frame,7,1701245236024598464,1701245236058596928,1,1,6000000
1701245236102982047,1701245236058671474,1701245236058671474,6528,0,32635000,0,1701245236058671474,1701245236091306474,livox_frame,7,1701245236058596928,1701245236093596928,1,1,6000000
1701245236136764337,1701245236092402220,1701245236092402220,6528,0,32635000,0,1701245236092402220,1701245236125037220,livox_frame,8,1701245236087596928,1701245236127596928,1,1,6000000
1701245236169852936,1701245236125425577,1701245236125425577,6528,0,32635000,0,1701245236125425577,1701245236158060577,livox_frame,8,1701245236122596928,1701245236162595648,1,1,6000000
1701245236203001605,1701245236158608198,1701245236158608198,6528,0,32635000,0,1701245236158608198,1701245236191243198,livox_frame,7,1701245236156595648,1701245236191595648,1,1,6000000
1701245236237047346,1701245236192623615,1701245236192623615,6528,0,32635000,0,1701245236192623615,1701245236225258615,livox_frame,7,1701245236191595648,1701245236226595648,1,1,6000000
1701245236269318841,1701245236224951744,1701245236224951744,6528,0,32635000,0,1701245236224951744,1701245236257586744,livox_frame,8,1701245236220595648,1701245236260594112,1,1,6000000
1701245236303459811,1701245236259108305,1701245236259108305,6528,0,32635000,0,1701245236259108305,1701245236291743305,livox_frame,8,1701245236254594112,1701245236294594112,1,1,6000000
1701245236335848386,1701245236291427851,1701245236291427851,6528,0,32635000,0,1701245236291427851,1701245236324062851,livox_frame,8,1701245236289594112,1701245236329594112,1,1,6000000
1701245236369790029,1701245236325457811,1701245236325457811,6528,0,32635000,0,1701245236325457811,1701245236358092811,livox_frame,7,1701245236323594112,1701245236358592832,1,1,6000000
1701245236402988510,1701245236358658791,1701245236358658791,6528,0,32635000,0,1701245236358658791,1701245236391293791,livox_frame,7,1701245236358592832,1701245236392592832,1,1,6000000
1701245236435507370,1701245236391083956,1701245236391083956,6528,0,32635000,0,1701245236391083956,1701245236423718956,livox_frame,8,1701245236386592832,1701245236427592832,1,1,6000000
1701245236469817896,1701245236425430059,1701245236425430059,6528,0,32635000,0,1701245236425430059,1701245236458065059,livox_frame,8,1701245236421592832,1701245236461591552,1,1,6000000
1701245236502977765,1701245236458585739,1701245236458585739,6528,0,32635000,0,1701245236458585739,1701245236491220739,livox_frame,8,1701245236456591552,1701245236496591552,1,1,6000000
1701245236537161720,1701245236492701530,1701245236492701530,6528,0,32635000,0,1701245236492701530,1701245236525336530,livox_frame,7,1701245236490591552,1701245236525591552,1,1,6000000
1701245236569387572,1701245236524968386,1701245236524968386,6528,0,32635000,0,1701245236524968386,1701245236557603386,livox_frame,8,1701245236519591552,1701245236559590016,1,1,6000000
1701245236603492596,1701245236559111118,1701245236559111118,6528,0,32635000,0,1701245236559111118,1701245236591746118,livox_frame,8,1701245236553590016,1701245236594590016,1,1,6000000
1701245236635888496,1701245236591425896,1701245236591425896,6528,0,32635000,0,1701245236591425896,1701245236624060896,livox_frame,8,1701245236588590016,1701245236629590016,1,1,7000000
1701245236669957926,1701245236625504494,1701245236625504494,6528,0,32635000,0,1701245236625504494,1701245236658139494,livox_frame,8,1701245236622590016,1701245236663588480,1,1,7000000
1701245236703124423,1701245236658641577,1701245236658641577,6528,0,32635000,0,1701245236658641577,1701245236691276577,livox_frame,7,1701245236657588480,1701245236692588480,1,1,6000000
1701245236736807900,1701245236692447424,1701245236692447424,6528,0,32635000,0,1701245236692447424,1701245236725082424,livox_frame,8,1701245236686588480,1701245236726588480,1,1,6000000
1701245236769825163,1701245236725441694,1701245236725441694,6528,0,32635000,0,1701245236725441694,1701245236758076694,livox_frame,8,1701245236721588480,1701245236761586688,1,1,6000000
1701245236803060609,1701245236758628845,1701245236758628845,6528,0,32635000,0,1701245236758628845,1701245236791263845,livox_frame,8,1701245236755586688,1701245236795586688,1,1,6000000
1701245236836891933,1701245236792550564,1701245236792550564,6528,0,32635000,0,1701245236792550564,1701245236825185564,livox_frame,8,1701245236790586688,1701245236830586688,1,1,6000000
1701245236869280400,1701245236824804306,1701245236824804306,6528,0,32635000,0,1701245236824804306,1701245236857439306,livox_frame,7,1701245236824586688,1701245236859585152,1,1,6000000
1701245236903425650,1701245236859096766,1701245236859096766,6528,0,32635000,0,1701245236859096766,1701245236891731766,livox_frame,8,1701245236853585152,1701245236893585152,1,1,6000000
1701245236935800592,1701245236891419888,1701245236891419888,6528,0,32635000,0,1701245236891419888,1701245236924054888,livox_frame,8,1701245236887585152,1701245236928585152,1,1,6000000
1701245236969847522,1701245236925469875,1701245236925469875,6528,0,32635000,0,1701245236925469875,1701245236958104875,livox_frame,8,1701245236922585152,1701245236963583616,1,1,6000000
1701245237003037114,1701245236958650112,1701245236958650112,6528,0,32635000,0,1701245236958650112,1701245236991285112,livox_frame,7,1701245236957583616,1701245236992583616,1,1,6000000
1701245237035804371,1701245236991168022,1701245236991168022,6528,0,32635000,0,1701245236991168022,1701245237023803022,livox_frame,8,1701245236986583616,1701245237026583616,1,1,6000000
1701245237069155167,1701245237024781942,1701245237024781704,6528,0,32635000,0,1701245237024781704,1701245237057416704,livox_frame,8,1701245237020583616,1701245237060582080,1,1,6000000
1701245237103194321,1701245237058710098,1701245237058710098,6528,0,32635000,0,1701245237058710098,1701245237091345098,livox_frame,8,1701245237055582080,1701245237095582080,1,1,6000000
1701245237136992809,1701245237092600822,1701245237092600822,6528,0,32635000,0,1701245237092600822,1701245237125235822,livox_frame,8,1701245237089582080,1701245237130582080,1,1,6000000
1701245237169275040,1701245237124948740,1701245237124948740,6528,0,32635000,0,1701245237124948740,1701245237157583740,livox_frame,7,1701245237124582080,1701245237158580544,1,1,6000000
1701245237203514009,1701245237159131289,1701245237159131289,6528,0,32635000,0,1701245237159131289,1701245237191766289,livox_frame,7,1701245237158580544,1701245237193580544,1,1,6000000
1701245237235957040,1701245237191627502,1701245237191627502,6528,0,32635000,0,1701245237191627502,1701245237224262502,livox_frame,8,1701245237187580544,1701245237228580544,1,1,6000000
1701245237269877228,1701245237225450516,1701245237225450516,6528,0,32635000,0,1701245237225450516,1701245237258085516,livox_frame,8,1701245237222580544,1701245237262579520,1,1,6000000
1701245237303052238,1701245237258631706,1701245237258631706,6528,0,32635000,0,1701245237258631706,1701245237291266706,livox_frame,7,1701245237257579520,1701245237291579520,1,1,6000000
1701245237336867585,1701245237292458534,1701245237292458534,6528,0,32635000,0,1701245237292458534,1701245237325093534,livox_frame,7,1701245237291579520,1701245237325579520,1,1,6000000
1701245237369828405,1701245237325409889,1701245237325409889,6528,0,32635000,0,1701245237325409889,1701245237358044889,livox_frame,8,1701245237320579520,1701245237360578240,1,1,6000000
1701245237403173267,1701245237358646154,1701245237358646154,6528,0,32635000,0,1701245237358646154,1701245237391281154,livox_frame,8,1701245237354578240,1701245237394578240,1,1,6000000
1701245237437003652,1701245237392650127,1701245237392650127,6528,0,32635000,0,1701245237392650127,1701245237425285127,livox_frame,8,1701245237389578240,1701245237429578240,1,1,6000000
1701245237469285661,1701245237424915314,1701245237424915075,6528,0,32635000,0,1701245237424915075,1701245237457550075,livox_frame,7,1701245237423578240,1701245237458576960,1,1,6000000
1701245237503464609,1701245237459144592,1701245237459144592,6528,0,32635000,0,1701245237459144592,1701245237491779592,livox_frame,7,1701245237458576960,1701245237493576960,1,1,6000000
1701245237535905875,1701245237491429329,1701245237491429329,6528,0,32635000,0,1701245237491429329,1701245237524064329,livox_frame,8,1701245237487576960,1701245237527576960,1,1,6000000
1701245237569926967,1701245237525499105,1701245237525499105,6528,0,32635000,0,1701245237525499105,1701245237558134105,livox_frame,8,1701245237521576960,1701245237561575424,1,1,6000000
1701245237603192023,1701245237558651686,1701245237558651686,6528,0,32635000,0,1701245237558651686,1701245237591286686,livox_frame,8,1701245237556575424,1701245237596575424,1,1,6000000
1701245237636647451,1701245237592380047,1701245237592380047,6528,0,32635000,0,1701245237592380047,1701245237625015047,livox_frame,7,1701245237590575424,1701245237625575424,1,1,6000000
1701245237669122369,1701245237624823093,1701245237624823093,6528,0,32635000,0,1701245237624823093,1701245237657458093,livox_frame,8,1701245237619575424,1701245237660574144,1,1,7000000
1701245237702970575,1701245237658568144,1701245237658568144,6528,0,32635000,0,1701245237658568144,1701245237691203144,livox_frame,8,1701245237654574144,1701245237694574144,1,1,6000000
1701245237736934026,1701245237692543268,1701245237692543268,6528,0,32635000,0,1701245237692543268,1701245237725178268,livox_frame,8,1701245237688574144,1701245237728574144,1,1,6000000
1701245237769279433,1701245237724980593,1701245237724980354,6528,0,32635000,0,1701245237724980354,1701245237757615354,livox_frame,8,1701245237723574144,1701245237763572864,1,1,6000000
1701245237803537835,1701245237759124756,1701245237759124756,6528,0,32635000,0,1701245237759124756,1701245237791759756,livox_frame,8,1701245237757572864,1701245237797572864,1,1,6000000
1701245237835911932,1701245237791519165,1701245237791519165,6528,0,32635000,0,1701245237791519165,1701245237824154165,livox_frame,8,1701245237786572864,1701245237826572864,1,1,6000000
1701245237869952630,1701245237825555563,1701245237825555563,6528,0,32635000,0,1701245237825555563,1701245237858190563,livox_frame,8,1701245237820572864,1701245237861571584,1,1,6000000
1701245237903042340,1701245237858640194,1701245237858640194,6528,0,32635000,0,1701245237858640194,1701245237891275194,livox_frame,8,1701245237855571584,1701245237896571584,1,1,6000000
1701245237936649701,1701245237892407656,1701245237892407656,6528,0,32635000,0,1701245237892407656,1701245237925042656,livox_frame,8,1701245237890571584,1701245237930571584,1,1,6000000
1701245237969710689,1701245237925403357,1701245237925403357,6528,0,32635000,0,1701245237925403357,1701245237958038357,livox_frame,7,1701245237924571584,1701245237959570304,1,1,6000000
1701245238002875077,1701245237958607912,1701245237958607912,6528,0,32635000,0,1701245237958607912,1701245237991242912,livox_frame,8,1701245237953570304,1701245237993570304,1,1,6000000
1701245238036850821,1701245237992608786,1701245237992608786,6528,0,32635000,0,1701245237992608786,1701245238025243786,livox_frame,8,1701245237988570304,1701245238028570304,1,1,6000000
1701245238069345112,1701245238024965286,1701245238024965286,6528,0,32635000,0,1701245238024965286,1701245238057600286,livox_frame,8,1701245238022570304,1701245238062569024,1,1,6000000
1701245238103501861,1701245238059116840,1701245238059116840,6528,0,32635000,0,1701245238059116840,1701245238091751840,livox_frame,8,1701245238057569024,1701245238097569024,1,1,6000000
1701245238135880888,1701245238091419935,1701245238091419935,6528,0,32635000,0,1701245238091419935,1701245238124054935,livox_frame,8,1701245238086569024,1701245238126569024,1,1,6000000
1701245238169774870,1701245238125460625,1701245238125460863,6528,0,32635000,0,1701245238125460863,1701245238158095863,livox_frame,8,1701245238120569024,1701245238160568000,1,1,6000000
1701245238202981522,1701245238158651829,1701245238158651829,6528,0,32635000,0,1701245238158651829,1701245238191286829,livox_frame,8,1701245238155568000,1701245238195568000,1,1,6000000
1701245238235432393,1701245238191089630,1701245238191089630,6528,0,32635000,0,1701245238191089630,1701245238223724630,livox_frame,7,1701245238189568000,1701245238224568000,1,1,6000000
1701245238269754245,1701245238225396156,1701245238225396156,6528,0,32635000,0,1701245238225396156,1701245238258031156,livox_frame,7,1701245238224568000,1701245238259566720,1,1,6000000
1701245238302911430,1701245238258611441,1701245238258611441,6528,0,32635000,0,1701245238258611441,1701245238291246441,livox_frame,8,1701245238253566720,1701245238293566720,1,1,6000000
1701245238337010227,1701245238292709827,1701245238292709827,6528,0,32635000,0,1701245238292709827,1701245238325344827,livox_frame,8,1701245238287566720,1701245238328566720,1,1,6000000
1701245238369276196,1701245238324973822,1701245238324973822,6528,0,32635000,0,1701245238324973822,1701245238357608822,livox_frame,8,1701245238322566720,1701245238362565440,1,1,6000000
1701245238403414223,1701245238359089851,1701245238359089851,6528,0,32635000,0,1701245238359089851,1701245238391724851,livox_frame,8,1701245238356565440,1701245238397565440,1,1,6000000
1701245238435776898,1701245238391419411,1701245238391419411,6528,0,32635000,0,1701245238391419411,1701245238424054411,livox_frame,8,1701245238385565440,1701245238425565440,1,1,6000000
1701245238469793686,1701245238425477743,1701245238425477505,6528,0,32635000,0,1701245238425477505,1701245238458112505,livox_frame,8,1701245238420565440,1701245238460564160,1,1,6000000
1701245238503027242,1701245238458643198,1701245238458643198,6528,0,32635000,0,1701245238458643198,1701245238491278198,livox_frame,8,1701245238454564160,1701245238495564160,1,1,6000000
1701245238536794627,1701245238492410660,1701245238492410660,6528,0,32635000,0,1701245238492410660,1701245238525045660,livox_frame,8,1701245238489564160,1701245238530564160,1,1,6000000
1701245238569697668,1701245238525442839,1701245238525442839,6528,0,32635000,0,1701245238525442839,1701245238558077839,livox_frame,7,1701245238524564160,1701245238558562880,1,1,6000000
1701245238602847587,1701245238558588982,1701245238558588982,6528,0,32635000,0,1701245238558588982,1701245238591223982,livox_frame,7,1701245238558562880,1701245238593562880,1,1,6000000
1701245238636892686,1701245238592535973,1701245238592535973,6528,0,32635000,0,1701245238592535973,1701245238625170973,livox_frame,8,1701245238587562880,1701245238627562880,1,1,6000000
1701245238669086258,1701245238624742985,1701245238624742985,6528,0,32635000,0,1701245238624742985,1701245238657377985,livox_frame,8,1701245238622562880,1701245238662561344,1,1,6000000
1701245238703405682,1701245238659092426,1701245238659092426,6528,0,32635000,0,1701245238659092426,1701245238691727426,livox_frame,8,1701245238656561344,1701245238696561344,1,1,6000000
1701245238735580051,1701245238691337585,1701245238691337347,6528,0,32635000,0,1701245238691337347,1701245238723972347,livox_frame,7,1701245238690561344,1701245238725561344,1,1,6000000
1701245238769864914,1701245238725620747,1701245238725620747,6528,0,32635000,0,1701245238725620747,1701245238758255747,livox_frame,7,1701245238725561344,1701245238760560064,1,1,6000000
1701245238802903193,1701245238758635044,1701245238758635044,6528,0,32635000,0,1701245238758635044,1701245238791270044,livox_frame,8,1701245238754560064,1701245238795560064,1,1,6000000
1701245238835502715,1701245238791231632,1701245238791231632,6528,0,32635000,0,1701245238791231632,1701245238823866632,livox_frame,8,1701245238789560064,1701245238829560064,1,1,6000000
1701245238869751921,1701245238825401068,1701245238825401068,6528,0,32635000,0,1701245238825401068,1701245238858036068,livox_frame,7,1701245238823560064,1701245238858558784,1,1,6000000
1701245238902880980,1701245238858563662,1701245238858563662,6528,0,32635000,0,1701245238858563662,1701245238891198662,livox_frame,7,1701245238858558784,1701245238892558784,1,1,6000000
1701245238937003502,1701245238892550230,1701245238892550230,6528,0,32635000,0,1701245238892550230,1701245238925185230,livox_frame,8,1701245238886558784,1701245238927558784,1,1,6000000
1701245238969319463,1701245238924973965,1701245238924974203,6528,0,32635000,0,1701245238924974203,1701245238957609203,livox_frame,8,1701245238921558784,1701245238961557504,1,1,6000000
1701245239003506841,1701245238959135771,1701245238959135771,6528,0,32635000,0,1701245238959135771,1701245238991770771,livox_frame,8,1701245238955557504,1701245238996557504,1,1,6000000
1701245239035780015,1701245238991405964,1701245238991406202,6528,0,32635000,0,1701245238991406202,1701245239024041202,livox_frame,7,1701245238990557504,1701245239025557504,1,1,6000000
1701245239069939733,1701245239025463581,1701245239025463581,6528,0,32635000,0,1701245239025463581,1701245239058098581,livox_frame,8,1701245239019557504,1701245239060555968,1,1,6000000
1701245239103005757,1701245239058669806,1701245239058669806,6528,0,32635000,0,1701245239058669806,1701245239091304806,livox_frame,8,1701245239054555968,1701245239094555968,1,1,6000000
1701245239135388486,1701245239091046095,1701245239091046095,6528,0,32635000,0,1701245239091046095,1701245239123681095,livox_frame,8,1701245239088555968,1701245239128555968,1,1,6000000
1701245239169675402,1701245239125397444,1701245239125397444,6528,0,32635000,0,1701245239125397444,1701245239158032444,livox_frame,8,1701245239123555968,1701245239163554688,1,1,6000000
1701245239202915175,1701245239158577442,1701245239158577442,6528,0,32635000,0,1701245239158577442,1701245239191212442,livox_frame,7,1701245239157554688,1701245239192554688,1,1,6000000
1701245239236969409,1701245239192578554,1701245239192578554,6528,0,32635000,0,1701245239192578554,1701245239225213554,livox_frame,7,1701245239192554688,1701245239226554688,1,1,6000000
1701245239269498019,1701245239224996090,1701245239224996090,6528,0,32635000,0,1701245239224996090,1701245239257631090,livox_frame,8,1701245239220554688,1701245239261553408,1,1,6000000
1701245239303436679,1701245239259070396,1701245239259070396,6528,0,32635000,0,1701245239259070396,1701245239291705396,livox_frame,8,1701245239255553408,1701245239296553408,1,1,6000000
1701245239335723634,1701245239291410923,1701245239291410923,6528,0,32635000,0,1701245239291410923,1701245239324045923,livox_frame,7,1701245239290553408,1701245239324553408,1,1,6000000
1701245239369760439,1701245239325448275,1701245239325448275,6528,0,32635000,0,1701245239325448275,1701245239358083275,livox_frame,7,1701245239324553408,1701245239359551872,1,1,6000000
1701245239402979471,1701245239358641148,1701245239358641148,6528,0,32635000,0,1701245239358641148,1701245239391276148,livox_frame,8,1701245239353551872,1701245239393551872,1,1,6000000
1701245239435438228,1701245239391099453,1701245239391099453,6528,0,32635000,0,1701245239391099453,1701245239423734453,livox_frame,8,1701245239388551872,1701245239428551872,1,1,6000000
1701245239469853540,1701245239425410509,1701245239425410509,6528,0,32635000,0,1701245239425410509,1701245239458045509,livox_frame,8,1701245239422551872,1701245239462550336,1,1,6000000
1701245239502857039,1701245239458564043,1701245239458564043,6528,0,32635000,0,1701245239458564043,1701245239491199043,livox_frame,7,1701245239456550336,1701245239491550336,1,1,6000000
1701245239536810094,1701245239492525339,1701245239492525339,6528,0,32635000,0,1701245239492525339,1701245239525160339,livox_frame,7,1701245239491550336,1701245239526550336,1,1,6000000
1701245239569223837,1701245239524944067,1701245239524944067,6528,0,32635000,0,1701245239524944067,1701245239557579067,livox_frame,8,1701245239520550336,1701245239560549312,1,1,6000000
1701245239603348180,1701245239559112549,1701245239559112549,6528,0,32635000,0,1701245239559112549,1701245239591747549,livox_frame,8,1701245239555549312,1701245239595549312,1,1,6000000
1701245239635706006,1701245239591416836,1701245239591416836,6528,0,32635000,0,1701245239591416836,1701245239624051836,livox_frame,7,1701245239589549312,1701245239624549312,1,1,6000000
1701245239669803083,1701245239625444651,1701245239625444651,6528,0,32635000,0,1701245239625444651,1701245239658079651,livox_frame,7,1701245239624549312,1701245239658548032,1,1,6000000
1701245239703022378,1701245239658681154,1701245239658681154,6528,0,32635000,0,1701245239658681154,1701245239691316154,livox_frame,7,1701245239658548032,1701245239693548032,1,1,6000000
1701245239736730450,1701245239692413330,1701245239692413330,6528,0,32635000,0,1701245239692413330,1701245239725048330,livox_frame,8,1701245239687548032,1701245239727548032,1,1,7000000
1701245239769685103,1701245239725392580,1701245239725392580,6528,0,32635000,0,1701245239725392580,1701245239758027580,livox_frame,8,1701245239722548032,1701245239762547008,1,1,6000000
1701245239802953826,1701245239758596182,1701245239758596182,6528,0,32635000,0,1701245239758596182,1701245239791231182,livox_frame,7,1701245239756547008,1701245239791547008,1,1,6000000
1701245239836865525,1701245239792570829,1701245239792570829,6528,0,32635000,0,1701245239792570829,1701245239825205829,livox_frame,7,1701245239791547008,1701245239825547008,1,1,6000000
1701245239869425568,1701245239824942112,1701245239824942112,6528,0,32635000,0,1701245239824942112,1701245239857577112,livox_frame,8,1701245239820547008,1701245239860545728,1,1,6000000
1701245239903135161,1701245239858831882,1701245239858831882,6528,0,32635000,0,1701245239858831882,1701245239891466882,livox_frame,8,1701245239854545728,1701245239894545728,1,1,6000000
1701245239935738112,1701245239891416311,1701245239891416311,6528,0,32635000,0,1701245239891416311,1701245239924051311,livox_frame,8,1701245239889545728,1701245239929545728,1,1,6000000
1701245239969729763,1701245239925461292,1701245239925461292,6528,0,32635000,0,1701245239925461292,1701245239958096292,livox_frame,7,1701245239923545728,1701245239958544448,1,1,6000000
1701245240002977043,1701245239958625078,1701245239958625078,6528,0,32635000,0,1701245239958625078,1701245239991260078,livox_frame,7,1701245239958544448,1701245239992544448,1,1,6000000
1701245240036765750,1701245239992440224,1701245239992440224,6528,0,32635000,0,1701245239992440224,1701245240025075224,livox_frame,8,1701245239987544448,1701245240027544448,1,1,6000000
1701245240069694069,1701245240025385141,1701245240025385141,6528,0,32635000,0,1701245240025385141,1701245240058020141,livox_frame,8,1701245240021544448,1701245240062543168,1,1,6000000
1701245240102982104,1701245240058693886,1701245240058693886,6528,0,32635000,0,1701245240058693886,1701245240091328886,livox_frame,8,1701245240056543168,1701245240096543168,1,1,6000000
1701245240136870250,1701245240092539787,1701245240092539787,6528,0,32635000,0,1701245240092539787,1701245240125174787,livox_frame,7,1701245240090543168,1701245240125543168,1,1,6000000
1701245240169183324,1701245240124921322,1701245240124921322,6528,0,32635000,0,1701245240124921322,1701245240157556322,livox_frame,8,1701245240119543168,1701245240160541888,1,1,6000000
1701245240203461122,1701245240159094334,1701245240159094334,6528,0,32635000,0,1701245240159094334,1701245240191729334,livox_frame,8,1701245240154541888,1701245240194541888,1,1,6000000
1701245240235779262,1701245240191394567,1701245240191394567,6528,0,32635000,0,1701245240191394567,1701245240224029567,livox_frame,8,1701245240189541888,1701245240229541888,1,1,6000000
1701245240269737692,1701245240225448847,1701245240225448847,6528,0,32635000,0,1701245240225448847,1701245240258083847,livox_frame,8,1701245240223541888,1701245240263540608,1,1,6000000
1701245240302894592,1701245240258602142,1701245240258602142,6528,0,32635000,0,1701245240258602142,1701245240291237142,livox_frame,7,1701245240257540608,1701245240292540608,1,1,6000000
1701245240336641763,1701245240292402267,1701245240292402267,6528,0,32635000,0,1701245240292402267,1701245240325037267,livox_frame,8,1701245240286540608,1701245240327540608,1,1,6000000
1701245240369151760,1701245240324797153,1701245240324797153,6528,0,32635000,0,1701245240324797153,1701245240357432153,livox_frame,8,1701245240321540608,1701245240361539328,1,1,6000000
1701245240402847618,1701245240358586550,1701245240358586550,6528,0,32635000,0,1701245240358586550,1701245240391221550,livox_frame,8,1701245240355539328,1701245240396539328,1,1,6000000
1701245240436937319,1701245240392610312,1701245240392610312,6528,0,32635000,0,1701245240392610312,1701245240425245312,livox_frame,7,1701245240390539328,1701245240425539328,1,1,6000000
1701245240469196891,1701245240424754381,1701245240424754381,6528,0,32635000,0,1701245240424754381,1701245240457389381,livox_frame,8,1701245240419539328,1701245240459537792,1,1,6000000
1701245240503403652,1701245240459095478,1701245240459095478,6528,0,32635000,0,1701245240459095478,1701245240491730478,livox_frame,8,1701245240454537792,1701245240493537792,1,1,6000000
1701245240535773349,1701245240491427660,1701245240491427660,6528,0,32635000,0,1701245240491427660,1701245240524062660,livox_frame,8,1701245240488537792,1701245240528537792,1,1,6000000
1701245240569713317,1701245240525436640,1701245240525436640,6528,0,32635000,0,1701245240525436640,1701245240558071640,livox_frame,8,1701245240522537792,1701245240563536512,1,1,6000000
1701245240602952811,1701245240558613539,1701245240558613539,6528,0,32635000,0,1701245240558613539,1701245240591248539,livox_frame,7,1701245240557536512,1701245240591536512,1,1,6000000
1701245240635401233,1701245240591058254,1701245240591058254,6528,0,32635000,0,1701245240591058254,1701245240623693254,livox_frame,8,1701245240585536512,1701245240626536512,1,1,6000000
1701245240669752470,1701245240625373840,1701245240625374079,6528,0,32635000,0,1701245240625374079,1701245240658009079,livox_frame,8,1701245240620536512,1701245240661535232,1,1,6000000
1701245240702887068,1701245240658569098,1701245240658569098,6528,0,32635000,0,1701245240658569098,1701245240691204098,livox_frame,8,1701245240655535232,1701245240695535232,1,1,6000000
1701245240736814057,1701245240692524195,1701245240692524195,6528,0,32635000,0,1701245240692524195,1701245240725159195,livox_frame,8,1701245240690535232,1701245240730535232,1,1,6000000
1701245240769245663,1701245240724929094,1701245240724929094,6528,0,32635000,0,1701245240724929094,1701245240757564094,livox_frame,7,1701245240724535232,1701245240758533952,1,1,6000000
1701245240803441273,1701245240759099722,1701245240759099722,6528,0,32635000,0,1701245240759099722,1701245240791734722,livox_frame,7,1701245240758533952,1701245240793533952,1,1,6000000
1701245240835726512,1701245240791388750,1701245240791388750,6528,0,32635000,0,1701245240791388750,1701245240824023750,livox_frame,8,1701245240787533952,1701245240828533952,1,1,6000000
1701245240869810146,1701245240825440884,1701245240825440884,6528,0,32635000,0,1701245240825440884,1701245240858075884,livox_frame,8,1701245240822533952,1701245240862532672,1,1,6000000
1701245240902942558,1701245240858613729,1701245240858613729,6528,0,32635000,0,1701245240858613729,1701245240891248729,livox_frame,7,1701245240856532672,1701245240891532672,1,1,6000000
1701245240936646735,1701245240892387867,1701245240892387867,6528,0,32635000,0,1701245240892387867,1701245240925022867,livox_frame,7,1701245240891532672,1701245240926532672,1,1,6000000
1701245240969668696,1701245240925415993,1701245240925415993,6528,0,32635000,0,1701245240925415993,1701245240958050993,livox_frame,8,1701245240920532672,1701245240960531392,1,1,6000000
1701245241003124648,1701245240958692551,1701245240958692551,6528,0,32635000,0,1701245240958692551,1701245240991327551,livox_frame,8,1701245240955531392,1701245240994531392,1,1,6000000
1701245241036813396,1701245240992591858,1701245240992591858,6528,0,32635000,0,1701245240992591858,1701245241025226858,livox_frame,8,1701245240989531392,1701245241029531392,1,1,6000000
1701245241069369847,1701245241025010109,1701245241025010109,6528,0,32635000,0,1701245241025010109,1701245241057645109,livox_frame,7,1701245241023531392,1701245241058530112,1,1,6000000
1701245241103378244,1701245241059062004,1701245241059062004,6528,0,32635000,0,1701245241059062004,1701245241091697004,livox_frame,7,1701245241058530112,1701245241093530112,1,1,6000000
1701245241135725290,1701245241091410398,1701245241091410398,6528,0,32635000,0,1701245241091410398,1701245241124045398,livox_frame,8,1701245241087530112,1701245241138519616,1,1,16989504
1701245241169760135,1701245241125483751,1701245241125483751,6528,0,32635000,0,1701245241125483751,1701245241158118751,livox_frame,5,1701245241121530112,1701245241162519616,1,1,16989504
1701245241203011357,1701245241158637762,1701245241158637762,6528,0,32635000,0,1701245241158637762,1701245241191272762,livox_frame,7,1701245241156519616,1701245241191519616,1,1,6000000
1701245241235404921,1701245241191041231,1701245241191041231,6528,0,32635000,0,1701245241191041231,1701245241223676231,livox_frame,8,1701245241185519616,1701245241225519616,1,1,6000000
1701245241269710257,1701245241225416422,1701245241225416422,6528,0,32635000,0,1701245241225416422,1701245241258051422,livox_frame,8,1701245241219519616,1701245241259518080,1,1,6000000
1701245241303025269,1701245241258594990,1701245241258594990,6528,0,32635000,0,1701245241258594990,1701245241291229990,livox_frame,8,1701245241254518080,1701245241294518080,1,1,6000000
1701245241336907607,1701245241292561054,1701245241292561054,6528,0,32635000,0,1701245241292561054,1701245241325196054,livox_frame,8,1701245241288518080,1701245241329518080,1,1,6000000
1701245241369099054,1701245241324732304,1701245241324732542,6528,0,32635000,0,1701245241324732542,1701245241357367542,livox_frame,7,1701245241323518080,1701245241358516544,1,1,6000000
1701245241403332237,1701245241358938217,1701245241358938217,6528,0,32635000,0,1701245241358938217,1701245241391573217,livox_frame,7,1701245241358516544,1701245241392516544,1,1,6000000
1701245241435852411,1701245241391474009,1701245241391474009,6528,0,32635000,0,1701245241391474009,1701245241424109009,livox_frame,8,1701245241386516544,1701245241427516544,1,1,6000000
1701245241469869863,1701245241425454140,1701245241425454140,6528,0,32635000,0,1701245241425454140,1701245241458089140,livox_frame,8,1701245241421516544,1701245241462515264,1,1,6000000
1701245241503114578,1701245241458727360,1701245241458727360,6528,0,32635000,0,1701245241458727360,1701245241491362360,livox_frame,8,1701245241456515264,1701245241496515264,1,1,6000000
1701245241536726804,1701245241492387295,1701245241492387295,6528,0,32635000,0,1701245241492387295,1701245241525022295,livox_frame,7,1701245241490515264,1701245241525515264,1,1,6000000
1701245241569654629,1701245241525415897,1701245241525415897,6528,0,32635000,0,1701245241525415897,1701245241558050897,livox_frame,8,1701245241519515264,1701245241559513728,1,1,6000000
1701245241602924960,1701245241558591843,1701245241558591843,6528,0,32635000,0,1701245241558591843,1701245241591226843,livox_frame,8,1701245241554513728,1701245241594513728,1,1,6000000
1701245241636869951,1701245241592535734,1701245241592535734,6528,0,32635000,0,1701245241592535734,1701245241625170734,livox_frame,8,1701245241588513728,1701245241628513728,1,1,6000000
1701245241669153399,1701245241624776125,1701245241624776125,6528,0,32635000,0,1701245241624776125,1701245241657411125,livox_frame,7,1701245241623513728,1701245241657512192,1,1,6000000
1701245241703377713,1701245241659119368,1701245241659119368,6528,0,32635000,0,1701245241659119368,1701245241691754368,livox_frame,7,1701245241657512192,1701245241692512192,1,1,6000000
1701245241735633736,1701245241691406488,1701245241691406488,6528,0,32635000,0,1701245241691406488,1701245241724041488,livox_frame,8,1701245241686512192,1701245241727512192,1,1,6000000
1701245241769818787,1701245241725465775,1701245241725465775,6528,0,32635000,0,1701245241725465775,1701245241758100775,livox_frame,8,1701245241721512192,1701245241761510656,1,1,6000000
1701245241802942952,1701245241758601427,1701245241758601427,6528,0,32635000,0,1701245241758601427,1701245241791236427,livox_frame,8,1701245241755510656,1701245241796510656,1,1,6000000
1701245241835372659,1701245241791059971,1701245241791059971,6528,0,32635000,0,1701245241791059971,1701245241823694971,livox_frame,7,1701245241790510656,1701245241825510656,1,1,6000000
1701245241869818633,1701245241825402021,1701245241825402021,6528,0,32635000,0,1701245241825402021,1701245241858037021,livox_frame,8,1701245241819510656,1701245241859509120,1,1,6000000
1701245241903103455,1701245241858634949,1701245241858634949,6528,0,32635000,0,1701245241858634949,1701245241891269949,livox_frame,8,1701245241854509120,1701245241894509120,1,1,6000000
1701245241936856258,1701245241892513037,1701245241892513037,6528,0,32635000,0,1701245241892513037,1701245241925148037,livox_frame,8,1701245241888509120,1701245241928509120,1,1,6000000
1701245241969217758,1701245241924934149,1701245241924934149,6528,0,32635000,0,1701245241924934149,1701245241957569149,livox_frame,8,1701245241923509120,1701245241963507840,1,1,6000000
1701245242003491012,1701245241959145308,1701245241959145308,6528,0,32635000,0,1701245241959145308,1701245241991780308,livox_frame,7,1701245241957507840,1701245241992507840,1,1,6000000
1701245242035866582,1701245241991488695,1701245241991488695,6528,0,32635000,0,1701245241991488695,1701245242024123695,livox_frame,8,1701245241986507840,1701245242026507840,1,1,6000000
1701245242069778732,1701245242025441170,1701245242025441170,6528,0,32635000,0,1701245242025441170,1701245242058076170,livox_frame,8,1701245242021507840,1701245242061506560,1,1,6000000
1701245242102992531,1701245242058609962,1701245242058609962,6528,0,32635000,0,1701245242058609962,1701245242091244962,livox_frame,8,1701245242055506560,1701245242096506560,1,1,6000000
1701245242136770125,1701245242092370033,1701245242092370033,6528,0,32635000,0,1701245242092370033,1701245242125005033,livox_frame,7,1701245242090506560,1701245242125506560,1,1,6000000
1701245242169702508,1701245242125390530,1701245242125390530,6528,0,32635000,0,1701245242125390530,1701245242158025530,livox_frame,8,1701245242119506560,1701245242159505024,1,1,6000000
1701245242202922140,1701245242158589125,1701245242158589125,6528,0,32635000,0,1701245242158589125,1701245242191224125,livox_frame,8,1701245242153505024,1701245242194505024,1,1,6000000
1701245242236835427,1701245242192509174,1701245242192509174,6528,0,32635000,0,1701245242192509174,1701245242225144174,livox_frame,8,1701245242188505024,1701245242228505024,1,1,6000000
1701245242269264005,1701245242224928141,1701245242224928379,6528,0,32635000,0,1701245242224928379,1701245242257563379,livox_frame,8,1701245242223505024,1701245242263503488,1,1,6000000
1701245242303218678,1701245242258869410,1701245242258869410,6528,0,32635000,0,1701245242258869410,1701245242291504410,livox_frame,7,1701245242257503488,1701245242292503488,1,1,6000000
1701245242335759810,1701245242291393995,1701245242291393995,6528,0,32635000,0,1701245242291393995,1701245242324028995,livox_frame,8,1701245242286503488,1701245242326503488,1,1,6000000
1701245242369777335,1701245242325467825,1701245242325467825,6528,0,32635000,0,1701245242325467825,1701245242358102825,livox_frame,8,1701245242321503488,1701245242361501696,1,1,6000000
1701245242402974224,1701245242358618736,1701245242358618736,6528,0,32635000,0,1701245242358618736,1701245242391253736,livox_frame,8,1701245242355501696,1701245242395501696,1,1,6000000
1701245242435793590,1701245242391202927,1701245242391202688,6528,0,32635000,0,1701245242391202688,1701245242423837688,livox_frame,7,1701245242389501696,1701245242424501696,1,1,6000000
1701245242469860646,1701245242425537586,1701245242425537586,6528,0,32635000,0,1701245242425537586,1701245242458172586,livox_frame,7,1701245242424501696,1701245242459500160,1,1,6000000
1701245242503022609,1701245242458580971,1701245242458580971,6528,0,32635000,0,1701245242458580971,1701245242491215971,livox_frame,8,1701245242453500160,1701245242493500160,1,1,6000000
1701245242536753154,1701245242492502451,1701245242492502451,6528,0,32635000,0,1701245242492502451,1701245242525137451,livox_frame,8,1701245242488500160,1701245242528500160,1,1,7000000
1701245242569347338,1701245242524958372,1701245242524958372,6528,0,32635000,0,1701245242524958372,1701245242557593372,livox_frame,8,1701245242522500160,1701245242562498880,1,1,6000000
1701245242603451338,1701245242559130669,1701245242559130669,6528,0,32635000,0,1701245242559130669,1701245242591765669,livox_frame,8,1701245242557498880,1701245242597498880,1,1,6000000
1701245242635886870,1701245242591383696,1701245242591383696,6528,0,32635000,0,1701245242591383696,1701245242624018696,livox_frame,8,1701245242585498880,1701245242626498880,1,1,6000000
1701245242669788104,1701245242625427246,1701245242625427246,6528,0,32635000,0,1701245242625427246,1701245242658062246,livox_frame,8,1701245242620498880,1701245242660497088,1,1,6000000
1701245242702976613,1701245242658596516,1701245242658596516,6528,0,32635000,0,1701245242658596516,1701245242691231516,livox_frame,8,1701245242654497088,1701245242695497088,1,1,6000000
1701245242736652481,1701245242692356110,1701245242692356110,6528,0,32635000,0,1701245242692356110,1701245242724991110,livox_frame,8,1701245242689497088,1701245242729497088,1,1,6000000
1701245242769730896,1701245242725409985,1701245242725409985,6528,0,32635000,0,1701245242725409985,1701245242758044985,livox_frame,7,1701245242724497088,1701245242758495552,1,1,6000000
1701245242802879937,1701245242758576870,1701245242758576870,6528,0,32635000,0,1701245242758576870,1701245242791211870,livox_frame,7,1701245242758495552,1701245242793495552,1,1,6000000
1701245242836794647,1701245242792504311,1701245242792504311,6528,0,32635000,0,1701245242792504311,1701245242825139311,livox_frame,8,1701245242787495552,1701245242827495552,1,1,6000000
1701245242869184398,1701245242824727535,1701245242824727535,6528,0,32635000,0,1701245242824727535,1701245242857362535,livox_frame,8,1701245242821495552,1701245242862494528,1,1,6000000
1701245242903363395,1701245242859053373,1701245242859053373,6528,0,32635000,0,1701245242859053373,1701245242891688373,livox_frame,8,1701245242856494528,1701245242896494528,1,1,6000000
1701245242935749205,1701245242891400814,1701245242891400576,6528,0,32635000,0,1701245242891400576,1701245242924035576,livox_frame,7,1701245242890494528,1701245242925494528,1,1,6000000
1701245242969778860,1701245242925445318,1701245242925445318,6528,0,32635000,0,1701245242925445318,1701245242958080318,livox_frame,8,1701245242919494528,1701245242960493248,1,1,6000000
1701245243003049196,1701245242958598137,1701245242958598137,6528,0,32635000,0,1701245242958598137,1701245242991233137,livox_frame,8,1701245242954493248,1701245242995493248,1,1,6000000
1701245243035511748,1701245242991098404,1701245242991098404,6528,0,32635000,0,1701245242991098404,1701245243023733404,livox_frame,8,1701245242989493248,1701245243029493248,1,1,6000000
1701245243069627993,1701245243025371552,1701245243025371552,6528,0,32635000,0,1701245243025371552,1701245243058006552,livox_frame,7,1701245243023493248,1701245243058491968,1,1,6000000
1701245243102885448,1701245243058558941,1701245243058558941,6528,0,32635000,0,1701245243058558941,1701245243091193941,livox_frame,7,1701245243058491968,1701245243092491968,1,1,6000000
1701245243136923478,1701245243092544556,1701245243092544556,6528,0,32635000,0,1701245243092544556,1701245243125179556,livox_frame,7,1701245243092491968,1701245243127491968,1,1,6000000
1701245243169185965,1701245243124783754,1701245243124783993,6528,0,32635000,0,1701245243124783993,1701245243157418993,livox_frame,8,1701245243121491968,1701245243161490688,1,1,6000000
1701245243203398909,1701245243159071922,1701245243159071922,6528,0,32635000,0,1701245243159071922,1701245243191706922,livox_frame,8,1701245243156490688,1701245243196490688,1,1,6000000
1701245243235779647,1701245243191377640,1701245243191377640,6528,0,32635000,0,1701245243191377640,1701245243224012640,livox_frame,7,1701245243190490688,1701245243225490688,1,1,6000000
1701245243269766484,1701245243225468397,1701245243225468397,6528,0,32635000,0,1701245243225468397,1701245243258103397,livox_frame,8,1701245243219490688,1701245243259489408,1,1,6000000
1701245243303052072,1701245243258627415,1701245243258627415,6528,0,32635000,0,1701245243258627415,1701245243291262415,livox_frame,8,1701245243254489408,1701245243294489408,1,1,6000000
1701245243336706939,1701245243292356491,1701245243292356491,6528,0,32635000,0,1701245243292356491,1701245243324991491,livox_frame,8,1701245243288489408,1701245243328489408,1,1,6000000
1701245243369705016,1701245243325397015,1701245243325397015,6528,0,32635000,0,1701245243325397015,1701245243358032015,livox_frame,8,1701245243323489408,1701245243363487616,1,1,6000000
1701245243403288572,1701245243358795881,1701245243358795881,6528,0,32635000,0,1701245243358795881,1701245243391430881,livox_frame,7,1701245243357487616,1701245243392487616,1,1,6000000
1701245243436803678,1701245243392509937,1701245243392509937,6528,0,32635000,0,1701245243392509937,1701245243425144937,livox_frame,7,1701245243392487616,1701245243426487616,1,1,6000000
1701245243469055129,1701245243424688101,1701245243424688101,6528,0,32635000,0,1701245243424688101,1701245243457323101,livox_frame,8,1701245243420487616,1701245243461486336,1,1,6000000
1701245243503293770,1701245243459034204,1701245243459034204,6528,0,32635000,0,1701245243459034204,1701245243491669204,livox_frame,8,1701245243455486336,1701245243496486336,1,1,6000000
1701245243535646884,1701245243491379023,1701245243491379023,6528,0,32635000,0,1701245243491379023,1701245243524014023,livox_frame,7,1701245243490486336,1701245243524486336,1,1,6000000
1701245243569713217,1701245243525416136,1701245243525416136,6528,0,32635000,0,1701245243525416136,1701245243558051136,livox_frame,7,1701245243524486336,1701245243559485056,1,1,6000000
1701245243602913764,1701245243558614254,1701245243558614254,6528,0,32635000,0,1701245243558614254,1701245243591249254,livox_frame,8,1701245243553485056,1701245243593485056,1,1,6000000
1701245243635403298,1701245243591034651,1701245243591034651,6528,0,32635000,0,1701245243591034651,1701245243623669651,livox_frame,8,1701245243588485056,1701245243628485056,1,1,6000000
1701245243669683926,1701245243625377655,1701245243625377417,6528,0,32635000,0,1701245243625377417,1701245243658012417,livox_frame,8,1701245243622485056,1701245243662483776,1,1,6000000
1701245243702857181,1701245243658530474,1701245243658530474,6528,0,32635000,0,1701245243658530474,1701245243691165474,livox_frame,7,1701245243657483776,1701245243691483776,1,1,6000000
1701245243736797564,1701245243692487240,1701245243692487240,6528,0,32635000,0,1701245243692487240,1701245243725122240,livox_frame,7,1701245243691483776,1701245243726483776,1,1,6000000
1701245243769193921,1701245243724851370,1701245243724851370,6528,0,32635000,0,1701245243724851370,1701245243757486370,livox_frame,8,1701245243720483776,1701245243761482240,1,1,6000000
1701245243803393831,1701245243759081841,1701245243759081602,6528,0,32635000,0,1701245243759081602,1701245243791716602,livox_frame,8,1701245243755482240,1701245243795482240,1,1,6000000
1701245243835802456,1701245243791382074,1701245243791382074,6528,0,32635000,0,1701245243791382074,1701245243824017074,livox_frame,7,1701245243789482240,1701245243824482240,1,1,6000000
1701245243869894496,1701245243825459242,1701245243825459242,6528,0,32635000,0,1701245243825459242,1701245243858094242,livox_frame,7,1701245243824482240,1701245243859480960,1,1,6000000
1701245243903252897,1701245243858687162,1701245243858687162,6528,0,32635000,0,1701245243858687162,1701245243891322162,livox_frame,8,1701245243853480960,1701245243893480960,1,1,6000000
1701245243935526069,1701245243891039371,1701245243891039610,6528,0,32635000,0,1701245243891039610,1701245243923674610,livox_frame,8,1701245243888480960,1701245243928480960,1,1,6000000
1701245243969247167,1701245243924782515,1701245243924782515,6528,0,32635000,0,1701245243924782515,1701245243957417515,livox_frame,8,1701245243922480960,1701245243962479680,1,1,6000000
1701245244002929177,1701245243958577156,1701245243958577156,6528,0,32635000,0,1701245243958577156,1701245243991212156,livox_frame,7,1701245243956479680,1701245243991479680,1,1,6000000
1701245244037074884,1701245243992743969,1701245243992743969,6528,0,32635000,0,1701245243992743969,1701245244025378969,livox_frame,7,1701245243991479680,1701245244025479680,1,1,6000000
1701245244069436639,1701245244025057077,1701245244025057077,6528,0,32635000,0,1701245244025057077,1701245244057692077,livox_frame,8,1701245244020479680,1701245244060478400,1,1,6000000
1701245244103403215,1701245244059041023,1701245244059041023,6528,0,32635000,0,1701245244059041023,1701245244091676023,livox_frame,8,1701245244054478400,1701245244095478400,1,1,6000000
1701245244135753072,1701245244091401815,1701245244091401815,6528,0,32635000,0,1701245244091401815,1701245244124036815,livox_frame,7,1701245244089478400,1701245244124478400,1,1,6000000
1701245244169953676,1701245244125591278,1701245244125591278,6528,0,32635000,0,1701245244125591278,1701245244158226278,livox_frame,7,1701245244124478400,1701245244158477120,1,1,6000000
1701245244202914062,1701245244158599854,1701245244158599854,6528,0,32635000,0,1701245244158599854,1701245244191234854,livox_frame,7,1701245244158477120,1701245244193477120,1,1,6000000
1701245244235350672,1701245244191044569,1701245244191044569,6528,0,32635000,0,1701245244191044569,1701245244223679569,livox_frame,8,1701245244187477120,1701245244227477120,1,1,6000000
1701245244270017975,1701245244225380898,1701245244225380898,6528,0,32635000,0,1701245244225380898,1701245244258015898,livox_frame,8,1701245244221477120,1701245244262475840,1,1,6000000
1701245244302952466,1701245244258546829,1701245244258547068,6528,0,32635000,0,1701245244258547068,1701245244291182068,livox_frame,8,1701245244256475840,1701245244296475840,1,1,6000000
1701245244336768783,1701245244292486668,1701245244292486668,6528,0,32635000,0,1701245244292486668,1701245244325121668,livox_frame,7,1701245244290475840,1701245244325475840,1,1,6000000
1701245244369213001,1701245244324916363,1701245244324916363,6528,0,32635000,0,1701245244324916363,1701245244357551363,livox_frame,8,1701245244319475840,1701245244360474560,1,1,6000000
1701245244403405839,1701245244359103680,1701245244359103680,6528,0,32635000,0,1701245244359103680,1701245244391738680,livox_frame,8,1701245244354474560,1701245244394474560,1,1,6000000
1701245244435747503,1701245244391387701,1701245244391387701,6528,0,32635000,0,1701245244391387701,1701245244424022701,livox_frame,8,1701245244389474560,1701245244429474560,1,1,6000000
1701245244469726637,1701245244425424099,1701245244425424099,6528,0,32635000,0,1701245244425424099,1701245244458059099,livox_frame,7,1701245244423474560,1701245244458473280,1,1,6000000
1701245244503057318,1701245244458606005,1701245244458606005,6528,0,32635000,0,1701245244458606005,1701245244491241005,livox_frame,7,1701245244458473280,1701245244492473280,1,1,6000000
1701245244535415185,1701245244491008043,1701245244491008043,6528,0,32635000,0,1701245244491008043,1701245244523643043,livox_frame,8,1701245244486473280,1701245244526473280,1,1,6000000
1701245244569797568,1701245244525413513,1701245244525413513,6528,0,32635000,0,1701245244525413513,1701245244558048513,livox_frame,8,1701245244521473280,1701245244561472256,1,1,6000000
1701245244602998263,1701245244558577299,1701245244558577299,6528,0,32635000,0,1701245244558577299,1701245244591212299,livox_frame,8,1701245244555472256,1701245244596472256,1,1,6000000
1701245244637032368,1701245244592525244,1701245244592525244,6528,0,32635000,0,1701245244592525244,1701245244625160244,livox_frame,7,1701245244590472256,1701245244625472256,1,1,6000000
1701245244669173434,1701245244624755621,1701245244624755621,6528,0,32635000,0,1701245244624755621,1701245244657390621,livox_frame,8,1701245244619472256,1701245244659470976,1,1,6000000
1701245244703523136,1701245244659132242,1701245244659132242,6528,0,32635000,0,1701245244659132242,1701245244691767242,livox_frame,8,1701245244653470976,1701245244693470976,1,1,6000000
1701245244735778253,1701245244691372633,1701245244691372633,6528,0,32635000,0,1701245244691372633,1701245244724007633,livox_frame,8,1701245244688470976,1701245244728470976,1,1,6000000
1701245244769846215,1701245244725411892,1701245244725411892,6528,0,32635000,0,1701245244725411892,1701245244758046892,livox_frame,8,1701245244722470976,1701245244763469696,1,1,6000000
1701245244803052193,1701245244758624077,1701245244758624077,6528,0,32635000,0,1701245244758624077,1701245244791259077,livox_frame,7,1701245244757469696,1701245244791469696,1,1,6000000
1701245244835365414,1701245244791025877,1701245244791025877,6528,0,32635000,0,1701245244791025877,1701245244823660877,livox_frame,8,1701245244786469696,1701245244826469696,1,1,6000000
1701245244869729426,1701245244825380802,1701245244825380802,6528,0,32635000,0,1701245244825380802,1701245244858015802,livox_frame,8,1701245244820469696,1701245244861468672,1,1,6000000
1701245244902920178,1701245244858545780,1701245244858545542,6528,0,32635000,0,1701245244858545542,1701245244891180542,livox_frame,8,1701245244855468672,1701245244895468672,1,1,6000000
1701245244936833874,1701245244892524719,1701245244892524719,6528,0,32635000,0,1701245244892524719,1701245244925159719,livox_frame,8,1701245244890468672,1701245244930468672,1,1,6000000
1701245244969245205,1701245244924899340,1701245244924899340,6528,0,32635000,0,1701245244924899340,1701245244957534340,livox_frame,7,1701245244924468672,1701245244958467392,1,1,6000000
1701245245003474647,1701245244959148884,1701245244959148884,6528,0,32635000,0,1701245244959148884,1701245244991783884,livox_frame,7,1701245244958467392,1701245244993467392,1,1,6000000
1701245245035745488,1701245244991361856,1701245244991361856,6528,0,32635000,0,1701245244991361856,1701245245023996856,livox_frame,8,1701245244987467392,1701245245027467392,1,1,6000000
1701245245069688410,1701245245025408268,1701245245025408268,6528,0,32635000,0,1701245245025408268,1701245245058043268,livox_frame,8,1701245245022467392,1701245245062466112,1,1,6000000
1701245245103081767,1701245245058633327,1701245245058633327,6528,0,32635000,0,1701245245058633327,1701245245091268327,livox_frame,7,1701245245056466112,1701245245091466112,1,1,6000000
1701245245136646807,1701245245092346430,1701245245092346430,6528,0,32635000,0,1701245245092346430,1701245245124981430,livox_frame,7,1701245245091466112,1701245245126466112,1,1,6000000
1701245245169622433,1701245245125363827,1701245245125363588,6528,0,32635000,0,1701245245125363588,1701245245157998588,livox_frame,8,1701245245120466112,1701245245160464576,1,1,6000000
1701245245202801144,1701245245158550501,1701245245158550501,6528,0,32635000,0,1701245245158550501,1701245245191185501,livox_frame,8,1701245245154464576,1701245245195464576,1,1,6000000
1701245245236738368,1701245245192486286,1701245245192486286,6528,0,32635000,0,1701245245192486286,1701245245225121286,livox_frame,8,1701245245189464576,1701245245229464576,1,1,6000000
1701245245269144991,1701245245224772215,1701245245224772215,6528,0,32635000,0,1701245245224772215,1701245245257407215,livox_frame,7,1701245245223464576,1701245245258463296,1,1,6000000
1701245245303461286,1701245245259061337,1701245245259061337,6528,0,32635000,0,1701245245259061337,1701245245291696337,livox_frame,7,1701245245258463296,1701245245292463296,1,1,6000000
1701245245335843399,1701245245291399717,1701245245291399717,6528,0,32635000,0,1701245245291399717,1701245245324034717,livox_frame,8,1701245245287463296,1701245245327463296,1,1,6000000
1701245245369807779,1701245245325423479,1701245245325423479,6528,0,32635000,0,1701245245325423479,1701245245358058479,livox_frame,8,1701245245321463296,1701245245362462016,1,1,6000000
1701245245403000681,1701245245358643532,1701245245358643532,6528,0,32635000,0,1701245245358643532,1701245245391278532,livox_frame,7,1701245245356462016,1701245245391462016,1,1,6000000
1701245245436702302,1701245245392400503,1701245245392400503,6528,0,32635000,0,1701245245392400503,1701245245425035503,livox_frame,7,1701245245391462016,1701245245425462016,1,1,6000000
1701245245469122696,1701245245424777508,1701245245424777508,6528,0,32635000,0,1701245245424777508,1701245245457412508,livox_frame,8,1701245245419462016,1701245245460460736,1,1,6000000
1701245245502907694,1701245245458583355,1701245245458583355,6528,0,32635000,0,1701245245458583355,1701245245491218355,livox_frame,8,1701245245454460736,1701245245494460736,1,1,6000000
1701245245536852918,1701245245492521286,1701245245492521286,6528,0,32635000,0,1701245245492521286,1701245245525156286,livox_frame,8,1701245245489460736,1701245245529460736,1,1,6000000
1701245245569272913,1701245245524932384,1701245245524932384,6528,0,32635000,0,1701245245524932384,1701245245557567384,livox_frame,7,1701245245523460736,1701245245558459456,1,1,6000000
1701245245603351631,1701245245559039831,1701245245559039831,6528,0,32635000,0,1701245245559039831,1701245245591674831,livox_frame,7,1701245245558459456,1701245245592459456,1,1,6000000
1701245245635717445,1701245245591351271,1701245245591351271,6528,0,32635000,0,1701245245591351271,1701245245623986271,livox_frame,8,1701245245586459456,1701245245627459456,1,1,6000000
1701245245669730431,1701245245625388622,1701245245625388622,6528,0,32635000,0,1701245245625388622,1701245245658023622,livox_frame,8,1701245245621459456,1701245245661457920,1,1,6000000
1701245245702963247,1701245245658580303,1701245245658580303,6528,0,32635000,0,1701245245658580303,1701245245691215303,livox_frame,8,1701245245655457920,1701245245696457920,1,1,6000000
1701245245736611996,1701245245692332029,1701245245692332029,6528,0,32635000,0,1701245245692332029,1701245245724967029,livox_frame,7,1701245245690457920,1701245245725457920,1,1,6000000
1701245245769790840,1701245245725368977,1701245245725368977,6528,0,32635000,0,1701245245725368977,1701245245758003977,livox_frame,8,1701245245719457920,1701245245759456640,1,1,6000000
1701245245802860914,1701245245758558273,1701245245758558273,6528,0,32635000,0,1701245245758558273,1701245245791193273,livox_frame,8,1701245245754456640,1701245245794456640,1,1,6000000
1701245245836897921,1701245245792573452,1701245245792573452,6528,0,32635000,0,1701245245792573452,1701245245825208452,livox_frame,8,1701245245788456640,1701245245828456640,1,1,6000000
1701245245869051693,1701245245824743748,1701245245824743748,6528,0,32635000,0,1701245245824743748,1701245245857378748,livox_frame,7,1701245245823456640,1701245245857455360,1,1,6000000
1701245245903338939,1701245245859040737,1701245245859040737,6528,0,32635000,0,1701245245859040737,1701245245891675737,livox_frame,7,1701245245857455360,1701245245892455360,1,1,6000000
1701245245935732190,1701245245891365051,1701245245891365051,6528,0,32635000,0,1701245245891365051,1701245245924000051,livox_frame,8,1701245245886455360,1701245245926455360,1,1,6000000
1701245245969669980,1701245245925397873,1701245245925397635,6528,0,32635000,0,1701245245925397635,1701245245958032635,livox_frame,8,1701245245920455360,1701245245961454080,1,1,6000000
1701245246002883922,1701245245958575010,1701245245958575010,6528,0,32635000,0,1701245245958575010,1701245245991210010,livox_frame,8,1701245245955454080,1701245245996454080,1,1,6000000
1701245246035273333,1701245245991032362,1701245245991032362,6528,0,32635000,0,1701245245991032362,1701245246023667362,livox_frame,7,1701245245990454080,1701245246024454080,1,1,6000000
1701245246069706338,1701245246025348663,1701245246025348663,6528,0,32635000,0,1701245246025348663,1701245246057983663,livox_frame,7,1701245246024454080,1701245246059452800,1,1,6000000
1701245246102945924,1701245246058569193,1701245246058569193,6528,0,32635000,0,1701245246058569193,1701245246091204193,livox_frame,8,1701245246053452800,1701245246093452800,1,1,6000000
1701245246136849118,1701245246092490911,1701245246092490911,6528,0,32635000,0,1701245246092490911,1701245246125125911,livox_frame,8,1701245246088452800,1701245246128452800,1,1,6000000
1701245246169148272,1701245246124758244,1701245246124758244,6528,0,32635000,0,1701245246124758244,1701245246157393244,livox_frame,7,1701245246122452800,1701245246157451520,1,1,6000000
1701245246203381576,1701245246159066200,1701245246159066200,6528,0,32635000,0,1701245246159066200,1701245246191701200,livox_frame,8,1701245246157451520,1701245246197451520,1,1,6000000
1701245246235835492,1701245246191371441,1701245246191371441,6528,0,32635000,0,1701245246191371441,1701245246224006441,livox_frame,8,1701245246186451520,1701245246226451520,1,1,6000000
1701245246269752211,1701245246225421429,1701245246225421429,6528,0,32635000,0,1701245246225421429,1701245246258056429,livox_frame,8,1701245246220451520,1701245246261450240,1,1,6000000
1701245246302967624,1701245246258580208,1701245246258580208,6528,0,32635000,0,1701245246258580208,1701245246291215208,livox_frame,8,1701245246255450240,1701245246295450240,1,1,6000000
1701245246336665704,1701245246292404890,1701245246292404890,6528,0,32635000,0,1701245246292404890,1701245246325039890,livox_frame,8,1701245246289450240,1701245246330450240,1,1,6000000
1701245246369665738,1701245246325358629,1701245246325358629,6528,0,32635000,0,1701245246325358629,1701245246357993629,livox_frame,7,1701245246324450240,1701245246359448960,1,1,6000000
1701245246402904254,1701245246358562708,1701245246358562708,6528,0,32635000,0,1701245246358562708,1701245246391197708,livox_frame,8,1701245246353448960,1701245246393448960,1,1,6000000
1701245246436845000,1701245246392496347,1701245246392496347,6528,0,32635000,0,1701245246392496347,1701245246425131347,livox_frame,8,1701245246387448960,1701245246427448960,1,1,6000000
1701245246469365508,1701245246424937248,1701245246424937248,6528,0,32635000,0,1701245246424937248,1701245246457572248,livox_frame,8,1701245246422448960,1701245246462447680,1,1,6000000
1701245246503389327,1701245246459033012,1701245246459033012,6528,0,32635000,0,1701245246459033012,1701245246491668012,livox_frame,8,1701245246456447680,1701245246497447680,1,1,6000000
1701245246535687488,1701245246491383076,1701245246491383076,6528,0,32635000,0,1701245246491383076,1701245246524018076,livox_frame,8,1701245246485447680,1701245246526447680,1,1,7000000
1701245246569720534,1701245246525375128,1701245246525375128,6528,0,32635000,0,1701245246525375128,1701245246558010128,livox_frame,8,1701245246519447680,1701245246560446400,1,1,7000000
1701245246602999616,1701245246558579206,1701245246558579206,6528,0,32635000,0,1701245246558579206,1701245246591214206,livox_frame,8,1701245246554446400,1701245246595446400,1,1,6000000
1701245246636667789,1701245246592370033,1701245246592369795,6528,0,32635000,0,1701245246592369795,1701245246625004795,livox_frame,8,1701245246589446400,1701245246629446400,1,1,6000000
1701245246669645929,1701245246625377178,1701245246625377178,6528,0,32635000,0,1701245246625377178,1701245246658012178,livox_frame,7,1701245246624446400,1701245246658444864,1,1,6000000
1701245246702853721,1701245246658540964,1701245246658540964,6528,0,32635000,0,1701245246658540964,1701245246691175964,livox_frame,7,1701245246658444864,1701245246692444864,1,1,6000000
1701245246736717342,1701245246692480087,1701245246692480087,6528,0,32635000,0,1701245246692480087,1701245246725115087,livox_frame,7,1701245246692444864,1701245246727444864,1,1,6000000
1701245246769220686,1701245246724897861,1701245246724897861,6528,0,32635000,0,1701245246724897861,1701245246757532861,livox_frame,8,1701245246721444864,1701245246762443584,1,1,6000000
1701245246803434860,1701245246759049416,1701245246759049416,6528,0,32635000,0,1701245246759049416,1701245246791684416,livox_frame,8,1701245246756443584,1701245246796443584,1,1,6000000
1701245246835753247,1701245246791366339,1701245246791366339,6528,0,32635000,0,1701245246791366339,1701245246824001339,livox_frame,7,1701245246790443584,1701245246825443584,1,1,6000000
1701245246869807989,1701245246825408936,1701245246825408936,6528,0,32635000,0,1701245246825408936,1701245246858043936,livox_frame,8,1701245246819443584,1701245246860442048,1,1,6000000
1701245246903090295,1701245246858684778,1701245246858684778,6528,0,32635000,0,1701245246858684778,1701245246891319778,livox_frame,8,1701245246854442048,1701245246894442048,1,1,6000000
1701245246935371849,1701245246890995026,1701245246890995026,6528,0,32635000,0,1701245246890995026,1701245246923630026,livox_frame,8,1701245246889442048,1701245246929442048,1,1,6000000
1701245246969848071,1701245246925489664,1701245246925489664,6528,0,32635000,0,1701245246925489664,1701245246958124664,livox_frame,7,1701245246923442048,1701245246958440768,1,1,6000000
1701245247002929435,1701245246958559752,1701245246958559752,6528,0,32635000,0,1701245246958559752,1701245246991194752,livox_frame,7,1701245246958440768,1701245246992440768,1,1,6000000
1701245247036818904,1701245246992517710,1701245246992517710,6528,0,32635000,0,1701245246992517710,1701245247025152710,livox_frame,7,1701245246992440768,1701245247026440768,1,1,6000000
1701245247069197813,1701245247024744511,1701245247024744511,6528,0,32635000,0,1701245247024744511,1701245247057379511,livox_frame,8,1701245247021440768,1701245247061439488,1,1,6000000
1701245247103340225,1701245247059043884,1701245247059043884,6528,0,32635000,0,1701245247059043884,1701245247091678884,livox_frame,8,1701245247055439488,1701245247096439488,1,1,6000000
1701245247135833316,1701245247091425419,1701245247091425657,6528,0,32635000,0,1701245247091425657,1701245247124060657,livox_frame,7,1701245247090439488,1701245247125439488,1,1,6000000
1701245247169782376,1701245247125402689,1701245247125402689,6528,0,32635000,0,1701245247125402689,1701245247158037689,livox_frame,8,1701245247119439488,1701245247159438208,1,1,6000000
1701245247202940036,1701245247158567429,1701245247158567429,6528,0,32635000,0,1701245247158567429,1701245247191202429,livox_frame,8,1701245247153438208,1701245247194438208,1,1,6000000
1701245247235460572,1701245247191016197,1701245247191016197,6528,0,32635000,0,1701245247191016197,1701245247223651197,livox_frame,8,1701245247188438208,1701245247228438208,1,1,6000000
1701245247269740636,1701245247225347757,1701245247225347757,6528,0,32635000,0,1701245247225347757,1701245247257982757,livox_frame,8,1701245247223438208,1701245247263436672,1,1,6000000
1701245247302941397,1701245247258535862,1701245247258535862,6528,0,32635000,0,1701245247258535862,1701245247291170862,livox_frame,7,1701245247257436672,1701245247291436672,1,1,6000000
1701245247336771201,1701245247292486668,1701245247292486668,6528,0,32635000,0,1701245247292486668,1701245247325121668,livox_frame,7,1701245247291436672,1701245247326436672,1,1,6000000
1701245247369211042,1701245247324902773,1701245247324902773,6528,0,32635000,0,1701245247324902773,1701245247357537773,livox_frame,8,1701245247320436672,1701245247361434880,1,1,6000000
1701245247403327836,1701245247359034777,1701245247359034777,6528,0,32635000,0,1701245247359034777,1701245247391669777,livox_frame,8,1701245247355434880,1701245247395434880,1,1,6000000
1701245247435812086,1701245247391360283,1701245247391360283,6528,0,32635000,0,1701245247391360283,1701245247423995283,livox_frame,7,1701245247390434880,1701245247424434880,1,1,6000000
1701245247469656650,1701245247425383091,1701245247425383091,6528,0,32635000,0,1701245247425383091,1701245247458018091,livox_frame,7,1701245247424434880,1701245247459433600,1,1,6000000
1701245247502836484,1701245247458594322,1701245247458594322,6528,0,32635000,0,1701245247458594322,1701245247491229322,livox_frame,8,1701245247453433600,1701245247493433600,1,1,6000000
1701245247536568105,1701245247492323399,1701245247492323399,6528,0,32635000,0,1701245247492323399,1701245247524958399,livox_frame,8,1701245247487433600,1701245247527433600,1,1,6000000
1701245247569669589,1701245247525358915,1701245247525358915,6528,0,32635000,0,1701245247525358915,1701245247557993915,livox_frame,8,1701245247522433600,1701245247562432320,1,1,6000000
1701245247602858037,1701245247558546066,1701245247558546066,6528,0,32635000,0,1701245247558546066,1701245247591181066,livox_frame,7,1701245247556432320,1701245247591432320,1,1,6000000
1701245247636846122,1701245247592497826,1701245247592497826,6528,0,32635000,0,1701245247592497826,1701245247625132826,livox_frame,7,1701245247591432320,1701245247626432320,1,1,6000000
1701245247669271365,1701245247624829769,1701245247624829769,6528,0,32635000,0,1701245247624829769,1701245247657464769,livox_frame,8,1701245247620432320,1701245247660430784,1,1,6000000
1701245247703417601,1701245247659086704,1701245247659086704,6528,0,32635000,0,1701245247659086704,1701245247691721704,livox_frame,8,1701245247654430784,1701245247695430784,1,1,6000000
1701245247735753736,1701245247691375256,1701245247691375256,6528,0,32635000,0,1701245247691375256,1701245247724010256,livox_frame,7,1701245247689430784,1701245247724430784,1,1,6000000
1701245247769825548,1701245247725409269,1701245247725409269,6528,0,32635000,0,1701245247725409269,1701245247758044269,livox_frame,7,1701245247724430784,1701245247758429248,1,1,6000000
1701245247803016346,1701245247758659363,1701245247758659363,6528,0,32635000,0,1701245247758659363,1701245247791294363,livox_frame,7,1701245247758429248,1701245247793429248,1,1,6000000
1701245247836696063,1701245247792368174,1701245247792368174,6528,0,32635000,0,1701245247792368174,1701245247825003174,livox_frame,8,1701245247787429248,1701245247827429248,1,1,6000000
1701245247869761078,1701245247825335503,1701245247825335503,6528,0,32635000,0,1701245247825335503,1701245247857970503,livox_frame,8,1701245247822429248,1701245247862427712,1,1,6000000
1701245247903007456,1701245247858561993,1701245247858561993,6528,0,32635000,0,1701245247858561993,1701245247891196993,livox_frame,8,1701245247856427712,1701245247896427712,1,1,6000000
1701245247936924075,1701245247892478466,1701245247892478466,6528,0,32635000,0,1701245247892478466,1701245247925113466,livox_frame,7,1701245247890427712,1701245247925427712,1,1,6000000
1701245247969193468,1701245247924746513,1701245247924746513,6528,0,32635000,0,1701245247924746513,1701245247957381513,livox_frame,8,1701245247919427712,1701245247960426432,1,1,6000000
1701245248003497277,1701245247959066391,1701245247959066391,6528,0,32635000,0,1701245247959066391,1701245247991701391,livox_frame,8,1701245247954426432,1701245247994426432,1,1,6000000
1701245248035770796,1701245247991344452,1701245247991344452,6528,0,32635000,0,1701245247991344452,1701245248023979452,livox_frame,8,1701245247989426432,1701245248028426432,1,1,6000000
1701245248069777329,1701245248025392532,1701245248025392532,6528,0,32635000,0,1701245248025392532,1701245248058027532,livox_frame,8,1701245248023426432,1701245248063425152,1,1,6000000
1701245248102892451,1701245248058579206,1701245248058579206,6528,0,32635000,0,1701245248058579206,1701245248091214206,livox_frame,7,1701245248057425152,1701245248092425152,1,1,6000000
1701245248136656339,1701245248092336893,1701245248092336893,6528,0,32635000,0,1701245248092336893,1701245248124971893,livox_frame,8,1701245248086425152,1701245248127425152,1,1,6000000
1701245248169683966,1701245248125388145,1701245248125388145,6528,0,32635000,0,1701245248125388145,1701245248158023145,livox_frame,8,1701245248121425152,1701245248161423872,1,1,6000000
1701245248202965419,1701245248158543587,1701245248158543587,6528,0,32635000,0,1701245248158543587,1701245248191178587,livox_frame,8,1701245248155423872,1701245248196423872,1,1,6000000
1701245248236895335,1701245248192509651,1701245248192509651,6528,0,32635000,0,1701245248192509651,1701245248225144651,livox_frame,7,1701245248190423872,1701245248225423872,1,1,6000000
1701245248269092804,1701245248224747181,1701245248224747181,6528,0,32635000,0,1701245248224747181,1701245248257382181,livox_frame,8,1701245248219423872,1701245248259422336,1,1,6000000
1701245248303395367,1701245248259035587,1701245248259035587,6528,0,32635000,0,1701245248259035587,1701245248291670587,livox_frame,8,1701245248253422336,1701245248293422336,1,1,6000000
1701245248335767162,1701245248291406870,1701245248291406870,6528,0,32635000,0,1701245248291406870,1701245248324041870,livox_frame,8,1701245248288422336,1701245248328422336,1,1,6000000
1701245248369770763,1701245248325410128,1701245248325410128,6528,0,32635000,0,1701245248325410128,1701245248358045128,livox_frame,8,1701245248322422336,1701245248363420544,1,1,6000000
1701245248403096961,1701245248358669996,1701245248358669996,6528,0,32635000,0,1701245248358669996,1701245248391304996,livox_frame,7,1701245248357420544,1701245248391420544,1,1,6000000
1701245248435489612,1701245248391026020,1701245248391026020,6528,0,32635000,0,1701245248391026020,1701245248423661020,livox_frame,8,1701245248385420544,1701245248426420544,1,1,6000000
1701245248469721994,1701245248425346136,1701245248425346136,6528,0,32635000,0,1701245248425346136,1701245248457981136,livox_frame,8,1701245248420420544,1701245248461419008,1,1,6000000
1701245248506756847,1701245248458590984,1701245248458590984,6528,0,32635000,0,1701245248458590984,1701245248491225984,livox_frame,8,1701245248455419008,1701245248495419008,1,1,6000000
1701245248536898116,1701245248492509365,1701245248492509365,6528,0,32635000,0,1701245248492509365,1701245248525144365,livox_frame,8,1701245248489419008,1701245248530419008,1,1,6000000
1701245248569006004,1701245248524738789,1701245248524738789,6528,0,32635000,0,1701245248524738789,1701245248557373789,livox_frame,7,1701245248524419008,1701245248558417728,1,1,6000000
1701245248603377036,1701245248559054852,1701245248559054852,6528,0,32635000,0,1701245248559054852,1701245248591689852,livox_frame,7,1701245248558417728,1701245248593417728,1,1,6000000
1701245248635833509,1701245248591335535,1701245248591335535,6528,0,32635000,0,1701245248591335535,1701245248623970535,livox_frame,8,1701245248587417728,1701245248628417728,1,1,6000000
1701245248669860658,1701245248625424147,1701245248625424147,6528,0,32635000,0,1701245248625424147,1701245248658059147,livox_frame,8,1701245248622417728,1701245248662416192,1,1,6000000
1701245248703005634,1701245248658545971,1701245248658545971,6528,0,32635000,0,1701245248658545971,1701245248691180971,livox_frame,7,1701245248656416192,1701245248691416192,1,1,6000000
1701245248736693563,1701245248692346811,1701245248692346811,6528,0,32635000,0,1701245248692346811,1701245248724981811,livox_frame,7,1701245248691416192,1701245248726416192,1,1,6000000
1701245248769699256,1701245248725373268,1701245248725373268,6528,0,32635000,0,1701245248725373268,1701245248758008268,livox_frame,8,1701245248720416192,1701245248760414656,1,1,6000000
1701245248802932852,1701245248758546591,1701245248758546591,6528,0,32635000,0,1701245248758546591,1701245248791181591,livox_frame,8,1701245248754414656,1701245248794414656,1,1,6000000
1701245248836829015,1701245248792531490,1701245248792531490,6528,0,32635000,0,1701245248792531490,1701245248825166490,livox_frame,8,1701245248789414656,1701245248829414656,1,1,6000000
1701245248869345307,1701245248824733019,1701245248824733019,6528,0,32635000,0,1701245248824733019,1701245248857368019,livox_frame,7,1701245248823414656,1701245248858413120,1,1,6000000
1701245248903507270,1701245248859081268,1701245248859081268,6528,0,32635000,0,1701245248859081268,1701245248891716268,livox_frame,7,1701245248858413120,1701245248892413120,1,1,6000000
1701245248935755288,1701245248891396523,1701245248891396523,6528,0,32635000,0,1701245248891396523,1701245248924031523,livox_frame,8,1701245248886413120,1701245248927413120,1,1,6000000
1701245248969703368,1701245248925407887,1701245248925407887,6528,0,32635000,0,1701245248925407887,1701245248958042887,livox_frame,8,1701245248921413120,1701245248962411584,1,1,6000000
1701245249002859002,1701245248958567381,1701245248958567381,6528,0,32635000,0,1701245248958567381,1701245248991202381,livox_frame,7,1701245248956411584,1701245248991411584,1,1,6000000
1701245249035372259,1701245248990991831,1701245248990991831,6528,0,32635000,0,1701245248990991831,1701245249023626831,livox_frame,8,1701245248985411584,1701245249025411584,1,1,7000000
1701245249069691920,1701245249025361776,1701245249025361538,6528,0,32635000,0,1701245249025361538,1701245249057996538,livox_frame,8,1701245249019411584,1701245249059410048,1,1,6000000
1701245249102913944,1701245249058568478,1701245249058568478,6528,0,32635000,0,1701245249058568478,1701245249091203478,livox_frame,8,1701245249054410048,1701245249094410048,1,1,6000000
1701245249136825323,1701245249092464685,1701245249092464685,6528,0,32635000,0,1701245249092464685,1701245249125099685,livox_frame,8,1701245249088410048,1701245249128410048,1,1,6000000
1701245249169218627,1701245249124901295,1701245249124901295,6528,0,32635000,0,1701245249124901295,1701245249157536295,livox_frame,8,1701245249123410048,1701245249163408768,1,1,6000000
1701245249203301347,1701245249159057856,1701245249159057856,6528,0,32635000,0,1701245249159057856,1701245249191692856,livox_frame,7,1701245249157408768,1701245249192408768,1,1,6000000
1701245249235674027,1701245249191342354,1701245249191342354,6528,0,32635000,0,1701245249191342354,1701245249223977354,livox_frame,8,1701245249186408768,1701245249227408768,1,1,6000000
1701245249269852229,1701245249225388765,1701245249225388765,6528,0,32635000,0,1701245249225388765,1701245249258023765,livox_frame,8,1701245249221408768,1701245249261407488,1,1,6000000
1701245249302957686,1701245249258635759,1701245249258635759,6528,0,32635000,0,1701245249258635759,1701245249291270759,livox_frame,8,1701245249255407488,1701245249295407488,1,1,6000000
1701245249336733032,1701245249292346954,1701245249292346954,6528,0,32635000,0,1701245249292346954,1701245249324981954,livox_frame,8,1701245249290407488,1701245249330407488,1,1,6000000
1701245249369743175,1701245249325352907,1701245249325352907,6528,0,32635000,0,1701245249325352907,1701245249357987907,livox_frame,7,1701245249324407488,1701245249359406208,1,1,6000000
1701245249403029188,1701245249358592033,1701245249358592033,6528,0,32635000,0,1701245249358592033,1701245249391227033,livox_frame,8,1701245249353406208,1701245249393406208,1,1,6000000
1701245249436890052,1701245249392501593,1701245249392501593,6528,0,32635000,0,1701245249392501593,1701245249425136593,livox_frame,8,1701245249387406208,1701245249428406208,1,1,6000000
1701245249469278739,1701245249424798012,1701245249424798012,6528,0,32635000,0,1701245249424798012,1701245249457433012,livox_frame,8,1701245249422406208,1701245249463404928,1,1,6000000
1701245249503628710,1701245249459184170,1701245249459184170,6528,0,32635000,0,1701245249459184170,1701245249491819170,livox_frame,8,1701245249457404928,1701245249497404928,1,1,6000000
1701245249535648669,1701245249491353512,1701245249491353512,6528,0,32635000,0,1701245249491353512,1701245249523988512,livox_frame,8,1701245249486404928,1701245249526404928,1,1,6000000
1701245249569620012,1701245249525384665,1701245249525384665,6528,0,32635000,0,1701245249525384665,1701245249558019665,livox_frame,8,1701245249520404928,1701245249560403136,1,1,6000000
1701245249602890662,1701245249558565617,1701245249558565617,6528,0,32635000,0,1701245249558565617,1701245249591200617,livox_frame,8,1701245249555403136,1701245249595403136,1,1,6000000
1701245249635384298,1701245249590984344,1701245249590984344,6528,0,32635000,0,1701245249590984344,1701245249623619344,livox_frame,8,1701245249589403136,1701245249629403136,1,1,6000000
1701245249669653552,1701245249625342607,1701245249625342607,6528,0,32635000,0,1701245249625342607,1701245249657977607,livox_frame,7,1701245249623403136,1701245249658401856,1,1,6000000
1701245249702741803,1701245249658506155,1701245249658506155,6528,0,32635000,0,1701245249658506155,1701245249691141155,livox_frame,7,1701245249658401856,1701245249693401856,1,1,6000000
1701245249736861323,1701245249692492962,1701245249692492962,6528,0,32635000,0,1701245249692492962,1701245249725127962,livox_frame,8,1701245249687401856,1701245249727401856,1,1,6000000
1701245249769406387,1701245249724986792,1701245249724986792,6528,0,32635000,0,1701245249724986792,1701245249757621792,livox_frame,8,1701245249722401856,1701245249762400576,1,1,6000000
1701245249803336181,1701245249759057522,1701245249759057522,6528,0,32635000,0,1701245249759057522,1701245249791692522,livox_frame,8,1701245249756400576,1701245249796400576,1,1,6000000
1701245249835651231,1701245249791335583,1701245249791335583,6528,0,32635000,0,1701245249791335583,1701245249823970583,livox_frame,8,1701245249785400576,1701245249825400576,1,1,6000000
1701245249869714996,1701245249825379610,1701245249825379610,6528,0,32635000,0,1701245249825379610,1701245249858014610,livox_frame,8,1701245249820400576,1701245249860399296,1,1,6000000
1701245249902878531,1701245249858561277,1701245249858561277,6528,0,32635000,0,1701245249858561277,1701245249891196277,livox_frame,8,1701245249854399296,1701245249894399296,1,1,6000000
1701245249935312392,1701245249891019344,1701245249891019344,6528,0,32635000,0,1701245249891019344,1701245249923654344,livox_frame,8,1701245249889399296,1701245249929399296,1,1,6000000
1701245249969630217,1701245249925386906,1701245249925386906,6528,0,32635000,0,1701245249925386906,1701245249958021906,livox_frame,7,1701245249923399296,1701245249958397760,1,1,6000000
1701245250002970910,1701245249958653450,1701245249958653450,6528,0,32635000,0,1701245249958653450,1701245249991288450,livox_frame,7,1701245249958397760,1701245249992397760,1,1,6000000
1701245250036801992,1701245249992484093,1701245249992484093,6528,0,32635000,0,1701245249992484093,1701245250025119093,livox_frame,7,1701245249992397760,1701245250027397760,1,1,6000000
1701245250069196111,1701245250024771929,1701245250024771929,6528,0,32635000,0,1701245250024771929,1701245250057406929,livox_frame,8,1701245250021397760,1701245250062396480,1,1,6000000
1701245250103288484,1701245250059015274,1701245250059015274,6528,0,32635000,0,1701245250059015274,1701245250091650274,livox_frame,8,1701245250056396480,1701245250096396480,1,1,6000000
1701245250135659698,1701245250091346502,1701245250091346502,6528,0,32635000,0,1701245250091346502,1701245250123981502,livox_frame,7,1701245250090396480,1701245250125396480,1,1,6000000
1701245250169664378,1701245250125393867,1701245250125393867,6528,0,32635000,0,1701245250125393867,1701245250158028867,livox_frame,8,1701245250119396480,1701245250159395456,1,1,6000000
1701245250202859027,1701245250158571959,1701245250158571959,6528,0,32635000,0,1701245250158571959,1701245250191206959,livox_frame,8,1701245250154395456,1701245250194395456,1,1,6000000
1701245250235336585,1701245250191033363,1701245250191033363,6528,0,32635000,0,1701245250191033363,1701245250223668363,livox_frame,8,1701245250188395456,1701245250229395456,1,1,6000000
1701245250270044882,1701245250225610256,1701245250225610256,6528,0,32635000,0,1701245250225610256,1701245250258245256,livox_frame,8,1701245250223395456,1701245250263394176,1,1,6000000
1701245250302868237,1701245250258551359,1701245250258551359,6528,0,32635000,0,1701245250258551359,1701245250291186359,livox_frame,7,1701245250257394176,1701245250292394176,1,1,6000000
1701245250336762818,1701245250292447805,1701245250292447805,6528,0,32635000,0,1701245250292447805,1701245250325082805,livox_frame,7,1701245250292394176,1701245250327394176,1,1,6000000
1701245250369247777,1701245250324882984,1701245250324882984,6528,0,32635000,0,1701245250324882984,1701245250357517984,livox_frame,8,1701245250321394176,1701245250361392896,1,1,6000000
1701245250403381759,1701245250359017611,1701245250359017611,6528,0,32635000,0,1701245250359017611,1701245250391652611,livox_frame,8,1701245250356392896,1701245250396392896,1,1,6000000
1701245250435703285,1701245250391338587,1701245250391338587,6528,0,32635000,0,1701245250391338587,1701245250423973587,livox_frame,7,1701245250390392896,1701245250425392896,1,1,6000000
1701245250469849899,1701245250425509930,1701245250425509930,6528,0,32635000,0,1701245250425509930,1701245250458144930,livox_frame,7,1701245250425392896,1701245250459391360,1,1,6000000
1701245250502948808,1701245250458566904,1701245250458566904,6528,0,32635000,0,1701245250458566904,1701245250491201904,livox_frame,8,1701245250454391360,1701245250494391360,1,1,6000000
1701245250535304096,1701245250490971327,1701245250490971327,6528,0,32635000,0,1701245250490971327,1701245250523606327,livox_frame,8,1701245250488391360,1701245250528391360,1,1,6000000
1701245250569623383,1701245250525367975,1701245250525367975,6528,0,32635000,0,1701245250525367975,1701245250558002975,livox_frame,8,1701245250522391360,1701245250563390336,1,1,6000000
1701245250603002364,1701245250558517933,1701245250558517933,6528,0,32635000,0,1701245250558517933,1701245250591152933,livox_frame,7,1701245250557390336,1701245250592390336,1,1,6000000
1701245250636815229,1701245250592494488,1701245250592494488,6528,0,32635000,0,1701245250592494488,1701245250625129488,livox_frame,7,1701245250592390336,1701245250626390336,1,1,6000000
1701245250669192394,1701245250624810219,1701245250624810219,6528,0,32635000,0,1701245250624810219,1701245250657445219,livox_frame,8,1701245250620390336,1701245250661389056,1,1,6000000
1701245250703469627,1701245250659057856,1701245250659057856,6528,0,32635000,0,1701245250659057856,1701245250691692856,livox_frame,8,1701245250655389056,1701245250695389056,1,1,6000000
1701245250735599031,1701245250691330910,1701245250691330910,6528,0,32635000,0,1701245250691330910,1701245250723965910,livox_frame,7,1701245250690389056,1701245250724389056,1,1,6000000
1701245250769617365,1701245250725374460,1701245250725374460,6528,0,32635000,0,1701245250725374460,1701245250758009460,livox_frame,7,1701245250724389056,1701245250758387776,1,1,6000000
1701245250802816772,1701245250758553505,1701245250758553505,6528,0,32635000,0,1701245250758553505,1701245250791188505,livox_frame,7,1701245250758387776,1701245250793387776,1,1,6000000
1701245250836773982,1701245250792390347,1701245250792390347,6528,0,32635000,0,1701245250792390347,1701245250825025347,livox_frame,8,1701245250787387776,1701245250828387776,1,1,6000000
1701245250869679217,1701245250825327158,1701245250825327158,6528,0,32635000,0,1701245250825327158,1701245250857962158,livox_frame,8,1701245250822387776,1701245250862386496,1,1,6000000
1701245250902834012,1701245250858524323,1701245250858524323,6528,0,32635000,0,1701245250858524323,1701245250891159323,livox_frame,7,1701245250856386496,1701245250891386496,1,1,6000000
1701245250936838677,1701245250892481565,1701245250892481565,6528,0,32635000,0,1701245250892481565,1701245250925116565,livox_frame,7,1701245250891386496,1701245250926386496,1,1,6000000
1701245250969058049,1701245250924725056,1701245250924725056,6528,0,32635000,0,1701245250924725056,1701245250957360056,livox_frame,8,1701245250920386496,1701245250960385216,1,1,6000000
1701245251003355922,1701245250959007978,1701245250959007978,6528,0,32635000,0,1701245250959007978,1701245250991642978,livox_frame,8,1701245250955385216,1701245250994385216,1,1,6000000
1701245251035602839,1701245250991322279,1701245250991322279,6528,0,32635000,0,1701245250991322279,1701245251023957279,livox_frame,8,1701245250989385216,1701245251029385216,1,1,6000000
1701245251069771558,1701245251025405884,1701245251025405884,6528,0,32635000,0,1701245251025405884,1701245251058040884,livox_frame,7,1701245251023385216,1701245251058383680,1,1,6000000
1701245251102863229,1701245251058542490,1701245251058542490,6528,0,32635000,0,1701245251058542490,1701245251091177490,livox_frame,7,1701245251058383680,1701245251093383680,1,1,6000000
1701245251135320294,1701245251091002226,1701245251091001987,6528,0,32635000,0,1701245251091001987,1701245251123636987,livox_frame,8,1701245251087383680,1701245251128383680,1,1,7000000
1701245251168994421,1701245251124679327,1701245251124679327,6528,0,32635000,0,1701245251124679327,1701245251157314327,livox_frame,8,1701245251121383680,1701245251162382400,1,1,7000000
1701245251202878204,1701245251158521414,1701245251158521414,6528,0,32635000,0,1701245251158521414,1701245251191156414,livox_frame,7,1701245251156382400,1701245251191382400,1,1,6000000
1701245251236787242,1701245251192487001,1701245251192487001,6528,0,32635000,0,1701245251192487001,1701245251225122001,livox_frame,7,1701245251191382400,1701245251225382400,1,1,6000000
1701245251269035203,1701245251224686146,1701245251224686146,6528,0,32635000,0,1701245251224686146,1701245251257321146,livox_frame,8,1701245251220382400,1701245251259381120,1,1,6000000
1701245251303250468,1701245251258988142,1701245251258987904,6528,0,32635000,0,1701245251258987904,1701245251291622904,livox_frame,8,1701245251254381120,1701245251294381120,1,1,6000000
1701245251335670080,1701245251291342735,1701245251291342735,6528,0,32635000,0,1701245251291342735,1701245251323977735,livox_frame,8,1701245251288381120,1701245251329381120,1,1,6000000
1701245251369631970,1701245251325363636,1701245251325363636,6528,0,32635000,0,1701245251325363636,1701245251357998636,livox_frame,7,1701245251323381120,1701245251358379584,1,1,6000000
1701245251402910718,1701245251358582258,1701245251358582258,6528,0,32635000,0,1701245251358582258,1701245251391217258,livox_frame,7,1701245251358379584,1701245251392379584,1,1,6000000
1701245251435463433,1701245251391000032,1701245251391000032,6528,0,32635000,0,1701245251391000032,1701245251423635032,livox_frame,8,1701245251386379584,1701245251427379584,1,1,6000000
1701245251469770633,1701245251425336361,1701245251425336361,6528,0,32635000,0,1701245251425336361,1701245251457971361,livox_frame,8,1701245251421379584,1701245251461378304,1,1,6000000
1701245251502912276,1701245251458512306,1701245251458512306,6528,0,32635000,0,1701245251458512306,1701245251491147306,livox_frame,8,1701245251456378304,1701245251496378304,1,1,6000000
1701245251536849386,1701245251492491245,1701245251492491245,6528,0,32635000,0,1701245251492491245,1701245251525126245,livox_frame,8,1701245251490378304,1701245251530378304,1,1,6000000
1701245251569046986,1701245251524725437,1701245251524725437,6528,0,32635000,0,1701245251524725437,1701245251557360437,livox_frame,7,1701245251524378304,1701245251559376768,1,1,6000000
1701245251603297250,1701245251559021711,1701245251559021950,6528,0,32635000,0,1701245251559021950,1701245251591656950,livox_frame,8,1701245251553376768,1701245251594376768,1,1,6000000
1701245251635603980,1701245251591320276,1701245251591320276,6528,0,32635000,0,1701245251591320276,1701245251623955276,livox_frame,8,1701245251588376768,1701245251628376768,1,1,6000000
1701245251669702540,1701245251625386000,1701245251625386000,6528,0,32635000,0,1701245251625386000,1701245251658021000,livox_frame,8,1701245251622376768,1701245251663375232,1,1,6000000
1701245251702971853,1701245251658569574,1701245251658569574,6528,0,32635000,0,1701245251658569574,1701245251691204574,livox_frame,7,1701245251657375232,1701245251692375232,1,1,6000000
1701245251736760576,1701245251692353725,1701245251692353725,6528,0,32635000,0,1701245251692353725,1701245251724988725,livox_frame,8,1701245251686375232,1701245251726375232,1,1,6000000
1701245251769212746,1701245251724738598,1701245251724738598,6528,0,32635000,0,1701245251724738598,1701245251757373598,livox_frame,8,1701245251720375232,1701245251761373952,1,1,6000000
1701245251802993771,1701245251758540630,1701245251758540630,6528,0,32635000,0,1701245251758540630,1701245251791175630,livox_frame,8,1701245251755373952,1701245251795373952,1,1,6000000
1701245251836801229,1701245251792464495,1701245251792464495,6528,0,32635000,0,1701245251792464495,1701245251825099495,livox_frame,8,1701245251790373952,1701245251830373952,1,1,6000000
1701245251869431862,1701245251824902058,1701245251824902058,6528,0,32635000,0,1701245251824902058,1701245251857537058,livox_frame,7,1701245251824373952,1701245251858372672,1,1,6000000
1701245251903333773,1701245251859039783,1701245251859039783,6528,0,32635000,0,1701245251859039783,1701245251891674783,livox_frame,7,1701245251858372672,1701245251893372672,1,1,6000000
1701245251935667140,1701245251891322851,1701245251891322851,6528,0,32635000,0,1701245251891322851,1701245251923957851,livox_frame,8,1701245251887372672,1701245251928372672,1,1,6000000
1701245251969653664,1701245251925351143,1701245251925351143,6528,0,32635000,0,1701245251925351143,1701245251957986143,livox_frame,8,1701245251922372672,1701245251962371392,1,1,6000000
1701245252002892159,1701245251958556652,1701245251958556652,6528,0,32635000,0,1701245251958556652,1701245251991191652,livox_frame,7,1701245251957371392,1701245251991371392,1,1,6000000
1701245252035378805,1701245251991057873,1701245251991057873,6528,0,32635000,0,1701245251991057873,1701245252023692873,livox_frame,8,1701245251985371392,1701245252025371392,1,1,6000000
1701245252069641256,1701245252025347233,1701245252025347233,6528,0,32635000,0,1701245252025347233,1701245252057982233,livox_frame,8,1701245252020371392,1701245252060369600,1,1,6000000
1701245252102870268,1701245252058548927,1701245252058548927,6528,0,32635000,0,1701245252058548927,1701245252091183927,livox_frame,8,1701245252054369600,1701245252094369600,1,1,6000000
1701245252136732796,1701245252092448950,1701245252092448950,6528,0,32635000,0,1701245252092448950,1701245252125083950,livox_frame,8,1701245252089369600,1701245252129369600,1,1,6000000
1701245252169042802,1701245252124790192,1701245252124790192,6528,0,32635000,0,1701245252124790192,1701245252157425192,livox_frame,7,1701245252123369600,1701245252158368320,1,1,6000000
1701245252203358352,1701245252159076214,1701245252159076214,6528,0,32635000,0,1701245252159076214,1701245252191711214,livox_frame,7,1701245252158368320,1701245252192368320,1,1,6000000
1701245252235674819,1701245252191324949,1701245252191324949,6528,0,32635000,0,1701245252191324949,1701245252223959949,livox_frame,8,1701245252187368320,1701245252227368320,1,1,6000000
1701245252269950888,1701245252225468159,1701245252225468159,6528,0,32635000,0,1701245252225468159,1701245252258103159,livox_frame,8,1701245252221368320,1701245252261366784,1,1,6000000
1701245252302879618,1701245252258557796,1701245252258557796,6528,0,32635000,0,1701245252258557796,1701245252291192796,livox_frame,8,1701245252256366784,1701245252296366784,1,1,6000000
1701245252336753647,1701245252292494297,1701245252292494297,6528,0,32635000,0,1701245252292494297,1701245252325129297,livox_frame,7,1701245252290366784,1701245252325366784,1,1,6000000
1701245252369761937,1701245252325323820,1701245252325323820,6528,0,32635000,0,1701245252325323820,1701245252357958820,livox_frame,8,1701245252319366784,1701245252359365504,1,1,6000000
1701245252402928909,1701245252358521461,1701245252358521223,6528,0,32635000,0,1701245252358521223,1701245252391156223,livox_frame,8,1701245252353365504,1701245252394365504,1,1,6000000
1701245252436912205,1701245252392540216,1701245252392540216,6528,0,32635000,0,1701245252392540216,1701245252425175216,livox_frame,8,1701245252388365504,1701245252428365504,1,1,6000000
1701245252469106391,1701245252424726248,1701245252424726248,6528,0,32635000,0,1701245252424726248,1701245252457361248,livox_frame,7,1701245252423365504,1701245252457364224,1,1,6000000
1701245252503185048,1701245252458813667,1701245252458813667,6528,0,32635000,0,1701245252458813667,1701245252491448667,livox_frame,7,1701245252457364224,1701245252492364224,1,1,6000000
1701245252535654562,1701245252491332769,1701245252491332769,6528,0,32635000,0,1701245252491332769,1701245252523967769,livox_frame,8,1701245252486364224,1701245252526364224,1,1,6000000
1701245252569811342,1701245252525362968,1701245252525362968,6528,0,32635000,0,1701245252525362968,1701245252557997968,livox_frame,8,1701245252521364224,1701245252561362688,1,1,6000000
1701245252603069399,1701245252558675766,1701245252558675766,6528,0,32635000,0,1701245252558675766,1701245252591310766,livox_frame,8,1701245252555362688,1701245252596362688,1,1,7000000
1701245252635505746,1701245252591027737,1701245252591027737,6528,0,32635000,0,1701245252591027737,1701245252623662737,livox_frame,7,1701245252589362688,1701245252624362688,1,1,7000000
1701245252669810509,1701245252625338316,1701245252625338316,6528,0,32635000,0,1701245252625338316,1701245252657973316,livox_frame,7,1701245252624362688,1701245252659361152,1,1,6000000
1701245252702788099,1701245252658499479,1701245252658499479,6528,0,32635000,0,1701245252658499479,1701245252691134479,livox_frame,8,1701245252653361152,1701245252694361152,1,1,6000000
1701245252736798830,1701245252692461252,1701245252692461252,6528,0,32635000,0,1701245252692461252,1701245252725096252,livox_frame,8,1701245252688361152,1701245252728361152,1,1,6000000
1701245252769215448,1701245252724870920,1701245252724870920,6528,0,32635000,0,1701245252724870920,1701245252757505920,livox_frame,8,1701245252722361152,1701245252762359872,1,1,6000000
1701245252803442123,1701245252759006023,1701245252759006023,6528,0,32635000,0,1701245252759006023,1701245252791641023,livox_frame,8,1701245252757359872,1701245252797359872,1,1,6000000
1701245252835756766,1701245252791316509,1701245252791316509,6528,0,32635000,0,1701245252791316509,1701245252823951509,livox_frame,8,1701245252786359872,1701245252826359872,1,1,6000000
1701245252869836531,1701245252825365067,1701245252825365067,6528,0,32635000,0,1701245252825365067,1701245252858000067,livox_frame,8,1701245252820359872,1701245252860358592,1,1,6000000
1701245252902976016,1701245252858524323,1701245252858524323,6528,0,32635000,0,1701245252858524323,1701245252891159323,livox_frame,8,1701245252854358592,1701245252895358592,1,1,6000000
1701245252936947635,1701245252892536640,1701245252892536640,6528,0,32635000,0,1701245252892536640,1701245252925171640,livox_frame,8,1701245252889358592,1701245252930358592,1,1,6000000
1701245252969634640,1701245252925307035,1701245252925307035,6528,0,32635000,0,1701245252925307035,1701245252957942035,livox_frame,7,1701245252924358592,1701245252958357312,1,1,6000000
1701245253002769082,1701245252958504200,1701245252958504200,6528,0,32635000,0,1701245252958504200,1701245252991139200,livox_frame,8,1701245252958357312,1701245252995357312,1,1,6000000
1701245253036737646,1701245252992468834,1701245252992468834,6528,0,32635000,0,1701245252992468834,1701245253025103834,livox_frame,8,1701245252990357312,1701245253025357312,1,1,5000000
1701245253068979509,1701245253024717093,1701245253024717093,6528,0,32635000,0,1701245253024717093,1701245253057352093,livox_frame,9,1701245253020357312,1701245253060355776,1,1,5000000
1701245253103314843,1701245253058978081,1701245253058978081,6528,0,32635000,0,1701245253058978081,1701245253091613081,livox_frame,9,1701245253055355776,1701245253095355776,1,1,5000000
1701245253135620829,1701245253091357708,1701245253091357708,6528,0,32635000,0,1701245253091357708,1701245253123992708,livox_frame,8,1701245253090355776,1701245253125355776,1,1,5000000
1701245253169579993,1701245253125355244,1701245253125355244,6528,0,32635000,0,1701245253125355244,1701245253157990244,livox_frame,9,1701245253120355776,1701245253160354240,1,1,5000000
1701245253202814728,1701245253158565998,1701245253158565998,6528,0,32635000,0,1701245253158565998,1701245253191200998,livox_frame,9,1701245253155354240,1701245253194354240,1,1,5000000
1701245253235270323,1701245253190988302,1701245253190988302,6528,0,32635000,0,1701245253190988302,1701245253223623302,livox_frame,8,1701245253189354240,1701245253224354240,1,1,5000000
1701245253269678946,1701245253225317955,1701245253225317955,6528,0,32635000,0,1701245253225317955,1701245253257952955,livox_frame,8,1701245253224354240,1701245253259352704,1,1,5000000
1701245253302918286,1701245253258508205,1701245253258508205,6528,0,32635000,0,1701245253258508205,1701245253291143205,livox_frame,9,1701245253254352704,1701245253294352704,1,1,5000000
1701245253336916682,1701245253292443037,1701245253292443037,6528,0,32635000,0,1701245253292443037,1701245253325078037,livox_frame,9,1701245253289352704,1701245253329352704,1,1,5000000
1701245253369153227,1701245253324723244,1701245253324723244,6528,0,32635000,0,1701245253324723244,1701245253357358244,livox_frame,8,1701245253324352704,1701245253359351424,1,1,5000000
1701245253403410573,1701245253359028816,1701245253359028816,6528,0,32635000,0,1701245253359028816,1701245253391663816,livox_frame,9,1701245253354351424,1701245253394351424,1,1,5000000
1701245253435735576,1701245253391325474,1701245253391325474,6528,0,32635000,0,1701245253391325474,1701245253423960474,livox_frame,8,1701245253389351424,1701245253424351424,1,1,5000000
1701245253469821226,1701245253425370216,1701245253425370216,6528,0,32635000,0,1701245253425370216,1701245253458005216,livox_frame,8,1701245253424351424,1701245253458349888,1,1,5000000
1701245253503071131,1701245253458550215,1701245253458550215,6528,0,32635000,0,1701245253458550215,1701245253491185215,livox_frame,7,1701245253458349888,1701245253491349888,1,1,6000000
1701245253536656306,1701245253492285013,1701245253492285013,6528,0,32635000,0,1701245253492285013,1701245253524920013,livox_frame,7,1701245253491349888,1701245253527349888,1,1,6000000
1701245253569707981,1701245253525334597,1701245253525334597,6528,0,32635000,0,1701245253525334597,1701245253557969597,livox_frame,8,1701245253521349888,1701245253563348352,1,1,6000000
1701245253602995768,1701245253558529139,1701245253558529139,6528,0,32635000,0,1701245253558529139,1701245253591164139,livox_frame,7,1701245253557348352,1701245253593348352,1,1,6000000
1701245253636783154,1701245253592493534,1701245253592493534,6528,0,32635000,0,1701245253592493534,1701245253625128534,livox_frame,8,1701245253587348352,1701245253629348352,1,1,6000000
1701245253669231819,1701245253624878168,1701245253624878168,6528,0,32635000,0,1701245253624878168,1701245253657513168,livox_frame,7,1701245253623348352,1701245253660346816,1,1,7000000
1701245253703502005,1701245253659185171,1701245253659185171,6528,0,32635000,0,1701245253659185171,1701245253691820171,livox_frame,8,1701245253654346816,1701245253696346816,1,1,6000000
1701245253735650238,1701245253691350222,1701245253691350222,6528,0,32635000,0,1701245253691350222,1701245253723985222,livox_frame,7,1701245253690346816,1701245253726346816,1,1,6000000
1701245253769637708,1701245253725379944,1701245253725379944,6528,0,32635000,0,1701245253725379944,1701245253758014944,livox_frame,8,1701245253720346816,1701245253762345280,1,1,6000000
1701245253802800748,1701245253758530855,1701245253758530855,6528,0,32635000,0,1701245253758530855,1701245253791165855,livox_frame,7,1701245253756345280,1701245253792345280,1,1,6000000
1701245253835264838,1701245253790998220,1701245253790998220,6528,0,32635000,0,1701245253790998220,1701245253823633220,livox_frame,8,1701245253786345280,1701245253828345280,1,1,6000000
1701245253869678433,1701245253825327635,1701245253825327635,6528,0,32635000,0,1701245253825327635,1701245253857962635,livox_frame,7,1701245253822345280,1701245253858344000,1,1,6000000
1701245253902912439,1701245253858528137,1701245253858528137,6528,0,32635000,0,1701245253858528137,1701245253891163137,livox_frame,7,1701245253858344000,1701245253894344000,1,1,6000000
1701245253936782207,1701245253892453671,1701245253892453671,6528,0,32635000,0,1701245253892453671,1701245253925088671,livox_frame,8,1701245253888344000,1701245253930344000,1,1,6000000
1701245253968955247,1701245253924720526,1701245253924720764,6528,0,32635000,0,1701245253924720764,1701245253957355764,livox_frame,7,1701245253924344000,1701245253960342464,1,1,6000000
1701245254003095773,1701245253958804369,1701245253958804369,6528,0,32635000,0,1701245253958804369,1701245253991439369,livox_frame,8,1701245253954342464,1701245253996342464,1,1,6000000
1701245254035536174,1701245253991310835,1701245253991310835,6528,0,32635000,0,1701245253991310835,1701245254023945835,livox_frame,7,1701245253990342464,1701245254027342464,1,1,7000000
1701245254069617933,1701245254025363207,1701245254025363207,6528,0,32635000,0,1701245254025363207,1701245254057998207,livox_frame,8,1701245254020342464,1701245254063340928,1,1,7000000
1701245254102796450,1701245254058522224,1701245254058521986,6528,0,32635000,0,1701245254058521986,1701245254091156986,livox_frame,7,1701245254057340928,1701245254093340928,1,1,6000000
1701245254136728549,1701245254092318058,1701245254092318058,6528,0,32635000,0,1701245254092318058,1701245254124953058,livox_frame,8,1701245254087340928,1701245254129340928,1,1,6000000
1701245254169686395,1701245254125317574,1701245254125317574,6528,0,32635000,0,1701245254125317574,1701245254157952574,livox_frame,7,1701245254123340928,1701245254159339392,1,1,6000000
1701245254202969189,1701245254158515692,1701245254158515692,6528,0,32635000,0,1701245254158515692,1701245254191150692,livox_frame,8,1701245254153339392,1701245254195339392,1,1,6000000
1701245254236805355,1701245254192443371,1701245254192443371,6528,0,32635000,0,1701245254192443371,1701245254225078371,livox_frame,7,1701245254189339392,1701245254225339392,1,1,6000000
1701245254269303556,1701245254224720478,1701245254224720478,6528,0,32635000,0,1701245254224720478,1701245254257355478,livox_frame,8,1701245254219339392,1701245254261337600,1,1,6000000
1701245254303356399,1701245254259006262,1701245254259006262,6528,0,32635000,0,1701245254259006262,1701245254291641262,livox_frame,8,1701245254255337600,1701245254297337600,1,1,6000000
1701245254335662299,1701245254291323900,1701245254291323900,6528,0,32635000,0,1701245254291323900,1701245254323958900,livox_frame,8,1701245254285337600,1701245254327337600,1,1,6000000
1701245254369726438,1701245254325387001,1701245254325387001,6528,0,32635000,0,1701245254325387001,1701245254358022001,livox_frame,8,1701245254321337600,1701245254363336064,1,1,6000000
1701245254402793840,1701245254358523846,1701245254358523846,6528,0,32635000,0,1701245254358523846,1701245254391158846,livox_frame,7,1701245254357336064,1701245254393336064,1,1,6000000
1701245254435326976,1701245254390986681,1701245254390986681,6528,0,32635000,0,1701245254390986681,1701245254423621681,livox_frame,8,1701245254387336064,1701245254429336064,1,1,6000000
1701245254469740099,1701245254425344706,1701245254425344706,6528,0,32635000,0,1701245254425344706,1701245254457979706,livox_frame,7,1701245254423336064,1701245254459334528,1,1,6000000
1701245254502874487,1701245254458550930,1701245254458550930,6528,0,32635000,0,1701245254458550930,1701245254491185930,livox_frame,8,1701245254453334528,1701245254496334528,1,1,7000000
1701245254536684540,1701245254492450476,1701245254492450476,6528,0,32635000,0,1701245254492450476,1701245254525085476,livox_frame,7,1701245254490334528,1701245254526334528,1,1,6000000
1701245254569049184,1701245254524703979,1701245254524703979,6528,0,32635000,0,1701245254524703979,1701245254557338979,livox_frame,8,1701245254520334528,1701245254562332992,1,1,6000000
1701245254603298613,1701245254559000015,1701245254559000015,6528,0,32635000,0,1701245254559000015,1701245254591635015,livox_frame,7,1701245254556332992,1701245254592332992,1,1,6000000
1701245254635754128,1701245254591339827,1701245254591339827,6528,0,32635000,0,1701245254591339827,1701245254623974827,livox_frame,8,1701245254586332992,1701245254628332992,1,1,6000000
1701245254669617496,1701245254625344753,1701245254625344753,6528,0,32635000,0,1701245254625344753,1701245254657979753,livox_frame,7,1701245254622332992,1701245254658331456,1,1,6000000
1701245254702844669,1701245254658527374,1701245254658527374,6528,0,32635000,0,1701245254658527374,1701245254691162374,livox_frame,7,1701245254658331456,1701245254694331456,1,1,6000000
1701245254735204681,1701245254690943003,1701245254690943003,6528,0,32635000,0,1701245254690943003,1701245254723578003,livox_frame,7,1701245254688331456,1701245254724331456,1,1,6000000
1701245254769581797,1701245254725314140,1701245254725314140,6528,0,32635000,0,1701245254725314140,1701245254757949140,livox_frame,7,1701245254724331456,1701245254760329920,1,1,6000000
1701245254802927118,1701245254758542538,1701245254758542538,6528,0,32635000,0,1701245254758542538,1701245254791177538,livox_frame,8,1701245254754329920,1701245254796329920,1,1,6000000
1701245254836749059,1701245254792438030,1701245254792438030,6528,0,32635000,0,1701245254792438030,1701245254825073030,livox_frame,7,1701245254790329920,1701245254826329920,1,1,6000000
1701245254869019881,1701245254824704885,1701245254824704647,6528,0,32635000,0,1701245254824704647,1701245254857339647,livox_frame,8,1701245254820329920,1701245254863328384,1,1,7000000
1701245254903309858,1701245254858999729,1701245254858999729,6528,0,32635000,0,1701245254858999729,1701245254891634729,livox_frame,7,1701245254856328384,1701245254893328384,1,1,7000000
1701245254935709638,1701245254891305923,1701245254891305923,6528,0,32635000,0,1701245254891305923,1701245254923940923,livox_frame,8,1701245254887328384,1701245254929328384,1,1,6000000
1701245254969796650,1701245254925373077,1701245254925373077,6528,0,32635000,0,1701245254925373077,1701245254958008077,livox_frame,7,1701245254923328384,1701245254959326592,1,1,6000000
1701245255003037212,1701245254958578110,1701245254958578110,6528,0,32635000,0,1701245254958578110,1701245254991213110,livox_frame,8,1701245254953326592,1701245254995326592,1,1,6000000
1701245255035381652,1701245254990982771,1701245254990982771,6528,0,32635000,0,1701245254990982771,1701245255023617771,livox_frame,7,1701245254989326592,1701245255025326592,1,1,6000000
1701245255069731638,1701245255025321960,1701245255025321960,6528,0,32635000,0,1701245255025321960,1701245255057956960,livox_frame,8,1701245255019326592,1701245255061325056,1,1,6000000
1701245255103204327,1701245255058564425,1701245255058564425,6528,0,32635000,0,1701245255058564425,1701245255091199425,livox_frame,7,1701245255055325056,1701245255091325056,1,1,6000000
1701245255136732364,1701245255092415333,1701245255092415333,6528,0,32635000,0,1701245255092415333,1701245255125050333,livox_frame,7,1701245255091325056,1701245255127325056,1,1,6000000
1701245255169217643,1701245255124861240,1701245255124861240,6528,0,32635000,0,1701245255124861240,1701245255157496240,livox_frame,8,1701245255121325056,1701245255163323776,1,1,6000000
1701245255203453428,1701245255159067154,1701245255159067154,6528,0,32635000,0,1701245255159067154,1701245255191702154,livox_frame,7,1701245255157323776,1701245255193323776,1,1,6000000
1701245255235683664,1701245255191308975,1701245255191308975,6528,0,32635000,0,1701245255191308975,1701245255223943975,livox_frame,8,1701245255187323776,1701245255229323776,1,1,6000000
1701245255269641301,1701245255225353956,1701245255225353956,6528,0,32635000,0,1701245255225353956,1701245255257988956,livox_frame,7,1701245255223323776,1701245255260322496,1,1,7000000
1701245255302868899,1701245255258579016,1701245255258579016,6528,0,32635000,0,1701245255258579016,1701245255291214016,livox_frame,8,1701245255253322496,1701245255295322496,1,1,7000000
1701245255336801481,1701245255292337894,1701245255292337894,6528,0,32635000,0,1701245255292337894,1701245255324972894,livox_frame,7,1701245255289322496,1701245255326322496,1,1,7000000
1701245255369712305,1701245255325454235,1701245255325454235,6528,0,32635000,0,1701245255325454235,1701245255358089235,livox_frame,8,1701245255319322496,1701245255362321216,1,1,7000000
1701245255402884656,1701245255358471632,1701245255358471632,6528,0,32635000,0,1701245255358471632,1701245255391106632,livox_frame,7,1701245255356321216,1701245255392321216,1,1,6000000
1701245255436717176,1701245255392437220,1701245255392437220,6528,0,32635000,0,1701245255392437220,1701245255425072220,livox_frame,7,1701245255392321216,1701245255427321216,1,1,6000000
1701245255469234054,1701245255424706459,1701245255424706459,6528,0,32635000,0,1701245255424706459,1701245255457341459,livox_frame,8,1701245255422321216,1701245255462319680,1,1,6000000
1701245255503258475,1701245255458979845,1701245255458979845,6528,0,32635000,0,1701245255458979845,1701245255491614845,livox_frame,8,1701245255456319680,1701245255497319680,1,1,6000000
1701245255535567083,1701245255491314411,1701245255491314411,6528,0,32635000,0,1701245255491314411,1701245255523949411,livox_frame,8,1701245255485319680,1701245255525319680,1,1,6000000
1701245255569655726,1701245255525352955,1701245255525352955,6528,0,32635000,0,1701245255525352955,1701245255557987955,livox_frame,7,1701245255525319680,1701245255560318400,1,1,7000000
1701245255602878449,1701245255558559179,1701245255558559179,6528,0,32635000,0,1701245255558559179,1701245255591194179,livox_frame,8,1701245255554318400,1701245255594318400,1,1,6000000
1701245255635340724,1701245255591023684,1701245255591023684,6528,0,32635000,0,1701245255591023684,1701245255623658684,livox_frame,8,1701245255589318400,1701245255629318400,1,1,6000000
1701245255669612863,1701245255625301361,1701245255625301123,6528,0,32635000,0,1701245255625301123,1701245255657936123,livox_frame,8,1701245255623318400,1701245255663317120,1,1,6000000
1701245255702839486,1701245255658521891,1701245255658521891,6528,0,32635000,0,1701245255658521891,1701245255691156891,livox_frame,7,1701245255657317120,1701245255692317120,1,1,6000000
1701245255736731855,1701245255692423344,1701245255692423344,6528,0,32635000,0,1701245255692423344,1701245255725058344,livox_frame,7,1701245255692317120,1701245255727317120,1,1,6000000
1701245255769345533,1701245255724833250,1701245255724833250,6528,0,32635000,0,1701245255724833250,1701245255757468250,livox_frame,8,1701245255721317120,1701245255761315840,1,1,6000000
1701245255803479656,1701245255758985043,1701245255758985043,6528,0,32635000,0,1701245255758985043,1701245255791620043,livox_frame,8,1701245255756315840,1701245255796315840,1,1,6000000
1701245255835639544,1701245255791309595,1701245255791309595,6528,0,32635000,0,1701245255791309595,1701245255823944595,livox_frame,7,1701245255790315840,1701245255825315840,1,1,6000000
1701245255869700913,1701245255825376034,1701245255825376034,6528,0,32635000,0,1701245255825376034,1701245255858011034,livox_frame,7,1701245255825315840,1701245255859314560,1,1,6000000
1701245255902926575,1701245255858530760,1701245255858530760,6528,0,32635000,0,1701245255858530760,1701245255891165760,livox_frame,8,1701245255854314560,1701245255894314560,1,1,6000000
1701245255935518371,1701245255891057968,1701245255891057968,6528,0,32635000,0,1701245255891057968,1701245255923692968,livox_frame,8,1701245255888314560,1701245255928314560,1,1,6000000
1701245255969169096,1701245255924718380,1701245255924718380,6528,0,32635000,0,1701245255924718380,1701245255957353380,livox_frame,8,1701245255922314560,1701245255963313280,1,1,6000000
1701245256002909543,1701245255958502054,1701245255958502054,6528,0,32635000,0,1701245255958502054,1701245255991137054,livox_frame,7,1701245255957313280,1701245255992313280,1,1,6000000
1701245256036787974,1701245255992469549,1701245255992469549,6528,0,32635000,0,1701245255992469549,1701245256025104549,livox_frame,7,1701245255992313280,1701245256026313280,1,1,6000000
1701245256069102752,1701245256024695635,1701245256024695635,6528,0,32635000,0,1701245256024695635,1701245256057330635,livox_frame,8,1701245256020313280,1701245256061312000,1,1,6000000
1701245256103345370,1701245256059006929,1701245256059006929,6528,0,32635000,0,1701245256059006929,1701245256091641929,livox_frame,8,1701245256055312000,1701245256095312000,1,1,6000000
1701245256135647984,1701245256091320753,1701245256091320753,6528,0,32635000,0,1701245256091320753,1701245256123955753,livox_frame,7,1701245256090312000,1701245256124312000,1,1,6000000
1701245256169686714,1701245256125414610,1701245256125414610,6528,0,32635000,0,1701245256125414610,1701245256158049610,livox_frame,7,1701245256124312000,1701245256159310720,1,1,6000000
1701245256202862039,1701245256158534765,1701245256158534765,6528,0,32635000,0,1701245256158534765,1701245256191169765,livox_frame,8,1701245256153310720,1701245256193310720,1,1,6000000
1701245256235454858,1701245256191035509,1701245256191035509,6528,0,32635000,0,1701245256191035509,1701245256223670509,livox_frame,8,1701245256187310720,1701245256228310720,1,1,6000000
1701245256269661560,1701245256225305557,1701245256225305557,6528,0,32635000,0,1701245256225305557,1701245256257940557,livox_frame,8,1701245256222310720,1701245256262309440,1,1,6000000
1701245256302887211,1701245256258525372,1701245256258525372,6528,0,32635000,0,1701245256258525372,1701245256291160372,livox_frame,7,1701245256256309440,1701245256291309440,1,1,6000000
1701245256336767489,1701245256292444944,1701245256292444944,6528,0,32635000,0,1701245256292444944,1701245256325079944,livox_frame,7,1701245256291309440,1701245256326309440,1,1,6000000
1701245256369012365,1701245256324692965,1701245256324692965,6528,0,32635000,0,1701245256324692965,1701245256357327965,livox_frame,8,1701245256320309440,1701245256360308160,1,1,6000000
1701245256403330601,1701245256358997583,1701245256358997583,6528,0,32635000,0,1701245256358997583,1701245256391632583,livox_frame,8,1701245256355308160,1701245256395308160,1,1,6000000
1701245256435727971,1701245256391298294,1701245256391298294,6528,0,32635000,0,1701245256391298294,1701245256423933294,livox_frame,7,1701245256389308160,1701245256424308160,1,1,6000000
1701245256469711040,1701245256425363302,1701245256425363302,6528,0,32635000,0,1701245256425363302,1701245256457998302,livox_frame,7,1701245256424308160,1701245256458306624,1,1,6000000
1701245256502869514,1701245256458524227,1701245256458524227,6528,0,32635000,0,1701245256458524227,1701245256491159227,livox_frame,7,1701245256458306624,1701245256492306624,1,1,6000000
1701245256536785821,1701245256492322445,1701245256492322445,6528,0,32635000,0,1701245256492322445,1701245256524957445,livox_frame,7,1701245256492306624,1701245256527306624,1,1,6000000
1701245256569705376,1701245256525311947,1701245256525311947,6528,0,32635000,0,1701245256525311947,1701245256557946947,livox_frame,8,1701245256521306624,1701245256562305344,1,1,6000000
1701245256602982891,1701245256558536530,1701245256558536530,6528,0,32635000,0,1701245256558536530,1701245256591171530,livox_frame,7,1701245256556305344,1701245256591305344,1,1,6000000
1701245256636892944,1701245256592509031,1701245256592509031,6528,0,32635000,0,1701245256592509031,1701245256625144031,livox_frame,7,1701245256591305344,1701245256625305344,1,1,6000000
1701245256669216670,1701245256624739170,1701245256624739170,6528,0,32635000,0,1701245256624739170,1701245256657374170,livox_frame,8,1701245256620305344,1701245256660303808,1,1,6000000
1701245256703390076,1701245256659006119,1701245256659006119,6528,0,32635000,0,1701245256659006119,1701245256691641119,livox_frame,8,1701245256654303808,1701245256694303808,1,1,6000000
1701245256735658305,1701245256691311359,1701245256691311359,6528,0,32635000,0,1701245256691311359,1701245256723946359,livox_frame,8,1701245256689303808,1701245256729303808,1,1,6000000
1701245256769780731,1701245256725351572,1701245256725351572,6528,0,32635000,0,1701245256725351572,1701245256757986572,livox_frame,8,1701245256723303808,1701245256763302528,1,1,6000000
1701245256803011950,1701245256758574009,1701245256758574009,6528,0,32635000,0,1701245256758574009,1701245256791209009,livox_frame,7,1701245256757302528,1701245256792302528,1,1,6000000
1701245256835331708,1701245256790985107,1701245256790985107,6528,0,32635000,0,1701245256790985107,1701245256823620107,livox_frame,8,1701245256786302528,1701245256827302528,1,1,6000000
1701245256869532571,1701245256825302601,1701245256825302601,6528,0,32635000,0,1701245256825302601,1701245256857937601,livox_frame,8,1701245256821302528,1701245256861301248,1,1,6000000
1701245256902804434,1701245256858474255,1701245256858474255,6528,0,32635000,0,1701245256858474255,1701245256891109255,livox_frame,8,1701245256856301248,1701245256896301248,1,1,6000000
1701245256936761606,1701245256892422438,1701245256892422438,6528,0,32635000,0,1701245256892422438,1701245256925057438,livox_frame,7,1701245256890301248,1701245256925301248,1,1,6000000
1701245256969247259,1701245256924774647,1701245256924774647,6528,0,32635000,0,1701245256924774647,1701245256957409647,livox_frame,8,1701245256919301248,1701245256959299712,1,1,6000000
1701245257003402040,1701245256958990335,1701245256958990335,6528,0,32635000,0,1701245256958990335,1701245256991625335,livox_frame,8,1701245256954299712,1701245256994299712,1,1,6000000
1701245257035617552,1701245256991281986,1701245256991281986,6528,0,32635000,0,1701245256991281986,1701245257023916986,livox_frame,8,1701245256988299712,1701245257028299712,1,1,6000000
1701245257069706993,1701245257025364399,1701245257025364399,6528,0,32635000,0,1701245257025364399,1701245257057999399,livox_frame,8,1701245257023299712,1701245257063298432,1,1,6000000
1701245257102982258,1701245257058703184,1701245257058703184,6528,0,32635000,0,1701245257058703184,1701245257091338184,livox_frame,7,1701245257057298432,1701245257092298432,1,1,6000000
1701245257135204638,1701245257090952396,1701245257090952396,6528,0,32635000,0,1701245257090952396,1701245257123587396,livox_frame,8,1701245257086298432,1701245257126298432,1,1,6000000
1701245257169528014,1701245257125289917,1701245257125289917,6528,0,32635000,0,1701245257125289917,1701245257157924917,livox_frame,8,1701245257120298432,1701245257161296384,1,1,6000000
1701245257202793357,1701245257158529043,1701245257158529043,6528,0,32635000,0,1701245257158529043,1701245257191164043,livox_frame,8,1701245257155296384,1701245257196296384,1,1,6000000
1701245257236690736,1701245257192445517,1701245257192445517,6528,0,32635000,0,1701245257192445517,1701245257225080517,livox_frame,8,1701245257190296384,1701245257230296384,1,1,6000000
1701245257268991795,1701245257224699736,1701245257224699736,6528,0,32635000,0,1701245257224699736,1701245257257334736,livox_frame,7,1701245257224296384,1701245257259295104,1,1,6000000
1701245257303279921,1701245257258975029,1701245257258975029,6528,0,32635000,0,1701245257258975029,1701245257291610029,livox_frame,8,1701245257253295104,1701245257293295104,1,1,6000000
1701245257335743151,1701245257291335106,1701245257291335106,6528,0,32635000,0,1701245257291335106,1701245257323970106,livox_frame,8,1701245257288295104,1701245257328295104,1,1,6000000
1701245257369728784,1701245257325355530,1701245257325355530,6528,0,32635000,0,1701245257325355530,1701245257357990530,livox_frame,8,1701245257322295104,1701245257362293824,1,1,6000000
1701245257402987066,1701245257358551025,1701245257358551025,6528,0,32635000,0,1701245257358551025,1701245257391186025,livox_frame,7,1701245257357293824,1701245257391293824,1,1,6000000
1701245257435486314,1701245257391000032,1701245257391000032,6528,0,32635000,0,1701245257391000032,1701245257423635032,livox_frame,8,1701245257385293824,1701245257426293824,1,1,6000000
1701245257469717828,1701245257425314188,1701245257425314426,6528,0,32635000,0,1701245257425314426,1701245257457949426,livox_frame,8,1701245257420293824,1701245257461292544,1,1,6000000
1701245257502844466,1701245257458531141,1701245257458531141,6528,0,32635000,0,1701245257458531141,1701245257491166141,livox_frame,8,1701245257455292544,1701245257495292544,1,1,6000000
1701245257536735528,1701245257492406607,1701245257492406607,6528,0,32635000,0,1701245257492406607,1701245257525041607,livox_frame,8,1701245257489292544,1701245257530292544,1,1,6000000
1701245257569147764,1701245257524695158,1701245257524695158,6528,0,32635000,0,1701245257524695158,1701245257557330158,livox_frame,7,1701245257524292544,1701245257559291264,1,1,6000000
1701245257603406652,1701245257559031487,1701245257559031487,6528,0,32635000,0,1701245257559031487,1701245257591666487,livox_frame,8,1701245257553291264,1701245257593291264,1,1,6000000
1701245257635674755,1701245257591294050,1701245257591294050,6528,0,32635000,0,1701245257591294050,1701245257623929050,livox_frame,8,1701245257588291264,1701245257628291264,1,1,6000000
1701245257669660731,1701245257625340223,1701245257625340223,6528,0,32635000,0,1701245257625340223,1701245257657975223,livox_frame,8,1701245257622291264,1701245257662289728,1,1,6000000
1701245257702789557,1701245257658484459,1701245257658484459,6528,0,32635000,0,1701245257658484459,1701245257691119459,livox_frame,7,1701245257657289728,1701245257691289728,1,1,6000000
1701245257736578728,1701245257692303181,1701245257692303181,6528,0,32635000,0,1701245257692303181,1701245257724938181,livox_frame,7,1701245257691289728,1701245257725289728,1,1,6000000
1701245257769525615,1701245257725313425,1701245257725313663,6528,0,32635000,0,1701245257725313663,1701245257757948663,livox_frame,7,1701245257725289728,1701245257760288448,1,1,6000000
1701245257802807770,1701245257758469343,1701245257758469343,6528,0,32635000,0,1701245257758469343,1701245257791104343,livox_frame,8,1701245257754288448,1701245257795288448,1,1,6000000
1701245257836975506,1701245257792442799,1701245257792442799,6528,0,32635000,0,1701245257792442799,1701245257825077799,livox_frame,8,1701245257789288448,1701245257830288448,1,1,6000000
1701245257869039678,1701245257824684143,1701245257824684143,6528,0,32635000,0,1701245257824684143,1701245257857319143,livox_frame,7,1701245257824288448,1701245257858286912,1,1,6000000
1701245257903206019,1701245257858993292,1701245257858993530,6528,0,32635000,0,1701245257858993530,1701245257891628530,livox_frame,7,1701245257858286912,1701245257893286912,1,1,6000000
1701245257935542139,1701245257891293764,1701245257891293764,6528,0,32635000,0,1701245257891293764,1701245257923928764,livox_frame,8,1701245257887286912,1701245257927286912,1,1,6000000
1701245257969657896,1701245257925350666,1701245257925350666,6528,0,32635000,0,1701245257925350666,1701245257957985666,livox_frame,8,1701245257922286912,1701245257962285632,1,1,6000000
1701245258003019420,1701245257958683252,1701245257958683014,6528,0,32635000,0,1701245257958683014,1701245257991318014,livox_frame,8,1701245257956285632,1701245257996285632,1,1,6000000
1701245258035328113,1701245257990945816,1701245257990945816,6528,0,32635000,0,1701245257990945816,1701245258023580816,livox_frame,8,1701245257985285632,1701245258025285632,1,1,6000000
1701245258069676821,1701245258025304079,1701245258025304079,6528,0,32635000,0,1701245258025304079,1701245258057939079,livox_frame,7,1701245258025285632,1701245258060284352,1,1,6000000
1701245258103001938,1701245258058606863,1701245258058606863,6528,0,32635000,0,1701245258058606863,1701245258091241863,livox_frame,8,1701245258054284352,1701245258094284352,1,1,6000000
1701245258136910956,1701245258092434645,1701245258092434645,6528,0,32635000,0,1701245258092434645,1701245258125069645,livox_frame,8,1701245258088284352,1701245258129284352,1,1,6000000
1701245258169298656,1701245258124876022,1701245258124876022,6528,0,32635000,0,1701245258124876022,1701245258157511022,livox_frame,7,1701245258123284352,1701245258158283072,1,1,6000000
1701245258203285484,1701245258158972263,1701245258158972263,6528,0,32635000,0,1701245258158972263,1701245258191607263,livox_frame,7,1701245258158283072,1701245258192283072,1,1,6000000
1701245258235661917,1701245258191285610,1701245258191285610,6528,0,32635000,0,1701245258191285610,1701245258223920610,livox_frame,8,1701245258187283072,1701245258227283072,1,1,6000000
1701245258269669667,1701245258225335836,1701245258225335836,6528,0,32635000,0,1701245258225335836,1701245258257970836,livox_frame,8,1701245258221283072,1701245258261281536,1,1,6000000
1701245258302872391,1701245258258531332,1701245258258531332,6528,0,32635000,0,1701245258258531332,1701245258291166332,livox_frame,8,1701245258255281536,1701245258296281536,1,1,6000000
1701245258335315133,1701245258290936947,1701245258290936708,6528,0,32635000,0,1701245258290936708,1701245258323571708,livox_frame,7,1701245258290281536,1701245258324281536,1,1,6000000
1701245258369809308,1701245258325281382,1701245258325281382,6528,0,32635000,0,1701245258325281382,1701245258357916382,livox_frame,7,1701245258324281536,1701245258359280256,1,1,6000000
1701245258402927049,1701245258358533859,1701245258358533859,6528,0,32635000,0,1701245258358533859,1701245258391168859,livox_frame,8,1701245258353280256,1701245258394280256,1,1,6000000
1701245258436783455,1701245258392434835,1701245258392434835,6528,0,32635000,0,1701245258392434835,1701245258425069835,livox_frame,8,1701245258388280256,1701245258428280256,1,1,6000000
1701245258469160521,1701245258424756050,1701245258424756050,6528,0,32635000,0,1701245258424756050,1701245258457391050,livox_frame,8,1701245258423280256,1701245258463278976,1,1,6000000
1701245258503271533,1701245258459003687,1701245258459003687,6528,0,32635000,0,1701245258459003687,1701245258491638687,livox_frame,7,1701245258457278976,1701245258492278976,1,1,6000000
1701245258535640783,1701245258491313934,1701245258491313934,6528,0,32635000,0,1701245258491313934,1701245258523948934,livox_frame,8,1701245258486278976,1701245258526278976,1,1,6000000
1701245258569787407,1701245258525350571,1701245258525350571,6528,0,32635000,0,1701245258525350571,1701245258557985571,livox_frame,8,1701245258520278976,1701245258561277440,1,1,6000000
1701245258602812089,1701245258558513641,1701245258558513641,6528,0,32635000,0,1701245258558513641,1701245258591148641,livox_frame,8,1701245258555277440,1701245258595277440,1,1,6000000
1701245258635262054,1701245258590943813,1701245258590943813,6528,0,32635000,0,1701245258590943813,1701245258623578813,livox_frame,7,1701245258589277440,1701245258624277440,1,1,6000000
1701245258669570617,1701245258625283957,1701245258625283718,6528,0,32635000,0,1701245258625283718,1701245258657918718,livox_frame,7,1701245258624277440,1701245258659275904,1,1,6000000
1701245258702793284,1701245258658549309,1701245258658549309,6528,0,32635000,0,1701245258658549309,1701245258691184309,livox_frame,8,1701245258653275904,1701245258693275904,1,1,6000000
1701245258736638170,1701245258692405939,1701245258692405939,6528,0,32635000,0,1701245258692405939,1701245258725040939,livox_frame,8,1701245258688275904,1701245258728275904,1,1,6000000
1701245258768918724,1701245258724683523,1701245258724683523,6528,0,32635000,0,1701245258724683523,1701245258757318523,livox_frame,8,1701245258722275904,1701245258762274368,1,1,6000000
1701245258803314554,1701245258758967876,1701245258758967876,6528,0,32635000,0,1701245258758967876,1701245258791602876,livox_frame,8,1701245258757274368,1701245258797274368,1,1,6000000
1701245258835548675,1701245258791304588,1701245258791304827,6528,0,32635000,0,1701245258791304827,1701245258823939827,livox_frame,7,1701245258791274368,1701245258825274368,1,1,6000000
1701245258869566139,1701245258825335264,1701245258825335264,6528,0,32635000,0,1701245258825335264,1701245258857970264,livox_frame,7,1701245258825274368,1701245258860272832,1,1,6000000
1701245258902905202,1701245258858553886,1701245258858553886,6528,0,32635000,0,1701245258858553886,1701245258891188886,livox_frame,8,1701245258854272832,1701245258895272832,1,1,6000000
1701245258935202058,1701245258890928268,1701245258890928507,6528,0,32635000,0,1701245258890928507,1701245258923563507,livox_frame,7,1701245258889272832,1701245258924272832,1,1,6000000
1701245258969708260,1701245258925297260,1701245258925297260,6528,0,32635000,0,1701245258925297260,1701245258957932260,livox_frame,7,1701245258924272832,1701245258958271296,1,1,6000000
1701245259002798455,1701245258958474636,1701245258958474636,6528,0,32635000,0,1701245258958474636,1701245258991109636,livox_frame,7,1701245258958271296,1701245258993271296,1,1,6000000
1701245259036861836,1701245258992432594,1701245258992432594,6528,0,32635000,0,1701245258992432594,1701245259025067594,livox_frame,8,1701245258987271296,1701245259027271296,1,1,6000000
1701245259069133238,1701245259024688721,1701245259024688721,6528,0,32635000,0,1701245259024688721,1701245259057323721,livox_frame,8,1701245259022271296,1701245259062269760,1,1,6000000
1701245259103354578,1701245259058970690,1701245259058970690,6528,0,32635000,0,1701245259058970690,1701245259091605690,livox_frame,8,1701245259056269760,1701245259096269760,1,1,6000000
1701245259135613053,1701245259091283083,1701245259091283321,6528,0,32635000,0,1701245259091283321,1701245259123918321,livox_frame,7,1701245259090269760,1701245259125269760,1,1,6000000
1701245259169659848,1701245259125335455,1701245259125335455,6528,0,32635000,0,1701245259125335455,1701245259157970455,livox_frame,7,1701245259125269760,1701245259160268224,1,1,6000000
1701245259202838835,1701245259158508062,1701245259158508062,6528,0,32635000,0,1701245259158508062,1701245259191143062,livox_frame,8,1701245259154268224,1701245259194268224,1,1,6000000
1701245259236666925,1701245259192323446,1701245259192323446,6528,0,32635000,0,1701245259192323446,1701245259224958446,livox_frame,8,1701245259188268224,1701245259229268224,1,1,6000000
1701245259269574434,1701245259225278378,1701245259225278378,6528,0,32635000,0,1701245259225278378,1701245259257913378,livox_frame,7,1701245259223268224,1701245259258266688,1,1,6000000
1701245259302825872,1701245259258469582,1701245259258469582,6528,0,32635000,0,1701245259258469582,1701245259291104582,livox_frame,7,1701245259258266688,1701245259292266688,1,1,6000000
1701245259336680676,1701245259292383671,1701245259292383671,6528,0,32635000,0,1701245259292383671,1701245259325018671,livox_frame,7,1701245259292266688,1701245259326266688,1,1,6000000
1701245259368990164,1701245259324686050,1701245259324686050,6528,0,32635000,0,1701245259324686050,1701245259357321050,livox_frame,8,1701245259321266688,1701245259361264896,1,1,6000000
1701245259403225989,1701245259359000921,1701245259359000921,6528,0,32635000,0,1701245259359000921,1701245259391635921,livox_frame,8,1701245259355264896,1701245259396264896,1,1,6000000
1701245259435570885,1701245259391276836,1701245259391276836,6528,0,32635000,0,1701245259391276836,1701245259423911836,livox_frame,7,1701245259390264896,1701245259424264896,1,1,6000000
1701245259469544428,1701245259425332785,1701245259425332785,6528,0,32635000,0,1701245259425332785,1701245259457967785,livox_frame,7,1701245259424264896,1701245259459263360,1,1,6000000
1701245259502757620,1701245259458506823,1701245259458506823,6528,0,32635000,0,1701245259458506823,1701245259491141823,livox_frame,8,1701245259453263360,1701245259494263360,1,1,6000000
1701245259536598427,1701245259492344856,1701245259492344856,6528,0,32635000,0,1701245259492344856,1701245259524979856,livox_frame,8,1701245259488263360,1701245259528263360,1,1,6000000
1701245259569550253,1701245259525279284,1701245259525279284,6528,0,32635000,0,1701245259525279284,1701245259557914284,livox_frame,8,1701245259523263360,1701245259562261824,1,1,6000000
1701245259602806583,1701245259558464050,1701245259558464050,6528,0,32635000,0,1701245259558464050,1701245259591099050,livox_frame,7,1701245259557261824,1701245259591261824,1,1,6000000
1701245259636719844,1701245259592405796,1701245259592405796,6528,0,32635000,0,1701245259592405796,1701245259625040796,livox_frame,7,1701245259591261824,1701245259626261824,1,1,6000000
1701245259669046505,1701245259624691725,1701245259624691725,6528,0,32635000,0,1701245259624691725,1701245259657326725,livox_frame,8,1701245259620261824,1701245259660260288,1,1,6000000
1701245259703356162,1701245259659014225,1701245259659014225,6528,0,32635000,0,1701245259659014225,1701245259691649225,livox_frame,8,1701245259655260288,1701245259695260288,1,1,6000000
1701245259735668787,1701245259691259146,1701245259691259146,6528,0,32635000,0,1701245259691259146,1701245259723894146,livox_frame,7,1701245259689260288,1701245259724260288,1,1,6000000
1701245259769690477,1701245259725326538,1701245259725326538,6528,0,32635000,0,1701245259725326538,1701245259757961538,livox_frame,7,1701245259724260288,1701245259759258752,1,1,6000000
1701245259802896246,1701245259758525372,1701245259758525372,6528,0,32635000,0,1701245259758525372,1701245259791160372,livox_frame,8,1701245259753258752,1701245259793258752,1,1,6000000
1701245259835433224,1701245259790987968,1701245259790987968,6528,0,32635000,0,1701245259790987968,1701245259823622968,livox_frame,8,1701245259788258752,1701245259828258752,1,1,6000000
1701245259869680206,1701245259825304270,1701245259825304270,6528,0,32635000,0,1701245259825304270,1701245259857939270,livox_frame,8,1701245259822258752,1701245259862257216,1,1,6000000
1701245259902900966,1701245259858456135,1701245259858456135,6528,0,32635000,0,1701245259858456135,1701245259891091135,livox_frame,7,1701245259857257216,1701245259891257216,1,1,6000000
1701245259936782840,1701245259892402411,1701245259892402411,6528,0,32635000,0,1701245259892402411,1701245259925037411,livox_frame,7,1701245259891257216,1701245259925257216,1,1,6000000
1701245259969221157,1701245259924830437,1701245259924830437,6528,0,32635000,0,1701245259924830437,1701245259957465437,livox_frame,8,1701245259920257216,1701245259960255680,1,1,6000000
1701245260003324087,1701245259958995342,1701245259958995342,6528,0,32635000,0,1701245259958995342,1701245259991630342,livox_frame,8,1701245259954255680,1701245259995255680,1,1,6000000
1701245260035576901,1701245259991285324,1701245259991285324,6528,0,32635000,0,1701245259991285324,1701245260023920324,livox_frame,8,1701245259989255680,1701245260029255680,1,1,6000000
1701245260069607711,1701245260025332451,1701245260025332451,6528,0,32635000,0,1701245260025332451,1701245260057967451,livox_frame,7,1701245260023255680,1701245260058253632,1,1,6000000
1701245260102905310,1701245260058496714,1701245260058496714,6528,0,32635000,0,1701245260058496714,1701245260091131714,livox_frame,7,1701245260058253632,1701245260092253632,1,1,6000000
1701245260136577010,1701245260092289209,1701245260092289209,6528,0,32635000,0,1701245260092289209,1701245260124924209,livox_frame,7,1701245260092253632,1701245260127253632,1,1,6000000
1701245260169599303,1701245260125326157,1701245260125326157,6528,0,32635000,0,1701245260125326157,1701245260157961157,livox_frame,8,1701245260121253632,1701245260161252096,1,1,6000000
1701245260202736369,1701245260158467054,1701245260158467054,6528,0,32635000,0,1701245260158467054,1701245260191102054,livox_frame,8,1701245260156252096,1701245260196252096,1,1,6000000
1701245260236617936,1701245260192404270,1701245260192404270,6528,0,32635000,0,1701245260192404270,1701245260225039270,livox_frame,7,1701245260190252096,1701245260225252096,1,1,6000000
1701245260269074899,1701245260224830151,1701245260224830151,6528,0,32635000,0,1701245260224830151,1701245260257465151,livox_frame,8,1701245260219252096,1701245260259250560,1,1,6000000
1701245260303315466,1701245260258984089,1701245260258984089,6528,0,32635000,0,1701245260258984089,1701245260291619089,livox_frame,8,1701245260254250560,1701245260294250560,1,1,6000000
1701245260335524156,1701245260291290998,1701245260291290760,6528,0,32635000,0,1701245260291290760,1701245260323925760,livox_frame,8,1701245260288250560,1701245260329250560,1,1,6000000
1701245260369618848,1701245260325359106,1701245260325359106,6528,0,32635000,0,1701245260325359106,1701245260357994106,livox_frame,7,1701245260323250560,1701245260358249024,1,1,6000000
1701245260402765340,1701245260358498573,1701245260358498573,6528,0,25830000,1,1701245260358498573,1701245260384328573,livox_frame,6,1701245260358249024,1701245260386249024,1,1,6000000
