accepted_residual_count,buffer_acceptance_ratio,buffer_accepted_lidar_count,clock_domain,config_path,config_sha256,core_accepted_imu_count,core_accepted_lidar_count,corrected_estimate_valid,correction_attempt_count,correction_failure_count,correction_success_count,correction_success_ratio,covariance_maximum_asymmetry,covariance_minimum_eigenvalue,covariance_trace,deskew_applied,deskew_us,estimate_validity,final_increment_norm,ikfom_update_us,imu_samples_per_scan,invalid_timestamp_rejected_count,iteration_count,last_lidar_correction_time_ns,level,lidar_update_status,map_insert_crop_us,map_point_count,missing_bracket_rejected_count,output_time_ns,overlap_rejected_count,predicted_estimate_valid,prediction_us,preprocessing_us,processing_queue_high_water_mark,raw_lidar_count,reason,record_time_ns,registered_scan_valid,residual_build_us,residual_rms_m,ros_maximum_imu_gap_ns,ros_received_imu_count,ros_received_lidar_count,snapshot_us,status,synchronization_ratio,synchronized_group_count,total_processing_us
0,1.000000,1,,/home/letandat/Dev/uav-navigation/src/navigation_estimator/fast_lio_ros/config/mid360_mutual_avoidance_uav1.yaml,ee37646f3b4668f13cad1febce5b79dcaa5f896c91709a9ca80740c72dcb0a3e,1,1,false,0,0,0,0.000000,0.000000,0.000000,0.017000,false,0,UNAVAILABLE,0.000000,0,0,0,0,-1,1,NOT_ATTEMPTED,0,0,1,-1,0,false,0,0,1,1,No IMU sample at or before LiDAR scan start,1785256486610845889,false,0,0.000000,0,1,1,0,COLLECTING_IMU,0.000000,0,0
0,1.000000,2,,/home/letandat/Dev/uav-navigation/src/navigation_estimator/fast_lio_ros/config/mid360_mutual_avoidance_uav1.yaml,ee37646f3b4668f13cad1febce5b79dcaa5f896c91709a9ca80740c72dcb0a3e,6,2,false,0,0,0,0.000000,0.000000,0.000000,0.017000,false,0,UNAVAILABLE,0.000000,0,0,0,0,-1,1,NOT_ATTEMPTED,0,0,2,-1,0,false,0,0,1,2,No IMU sample at or before LiDAR scan start,1785256486643545848,false,0,0.000000,6082215,6,2,0,COLLECTING_IMU,0.000000,0,0
0,1.000000,3,sensor_time,/home/letandat/Dev/uav-navigation/src/navigation_estimator/fast_lio_ros/config/mid360_mutual_avoidance_uav1.yaml,ee37646f3b4668f13cad1febce5b79dcaa5f896c91709a9ca80740c72dcb0a3e,12,3,false,0,0,0,0.000000,0.000000,0.000000,0.017000,false,0,UNAVAILABLE,0.000000,0,8,0,0,-1,1,NOT_ATTEMPTED,0,0,2,-1,0,false,0,0,1,3,IMU_INITIALIZATION_NOT_READY,1785256486676111523,false,0,0.000000,6484400,12,3,0,COLLECTING_IMU,0.333333,1,0
0,1.000000,4,sensor_time,/home/letandat/Dev/uav-navigation/src/navigation_estimator/fast_lio_ros/config/mid360_mutual_avoidance_uav1.yaml,ee37646f3b4668f13cad1febce5b79dcaa5f896c91709a9ca80740c72dcb0a3e,18,4,false,0,0,0,0.000000,0.000000,0.000000,0.017000,false,0,UNAVAILABLE,0.000000,0,8,0,0,-1,1,NOT_ATTEMPTED,0,0,2,-1,0,false,0,0,1,4,IMU_INITIALIZATION_NOT_READY,1785256486710075527,false,0,0.000000,6484400,18,4,0,COLLECTING_IMU,0.500000,2,0
0,1.000000,5,,/home/letandat/Dev/uav-navigation/src/navigation_estimator/fast_lio_ros/config/mid360_mutual_avoidance_uav1.yaml,ee37646f3b4668f13cad1febce5b79dcaa5f896c91709a9ca80740c72dcb0a3e,23,5,false,0,0,0,0.000000,0.000000,0.000000,0.017000,false,0,UNAVAILABLE,0.000000,0,8,0,0,-1,1,NOT_ATTEMPTED,0,0,2,-1,1,false,0,0,1,5,OVERLAPPING_LIDAR_INTERVAL previous_synchronized_end_ns=1701245214391873863 current_scan_start_ns=1701245214391548395 current_scan_end_ns=1701245214424183395 overlap_duration_ns=325468 scan_index=2,1785256486742463688,false,0,0.000000,6484400,23,5,0,COLLECTING_IMU,0.400000,2,0
0,1.000000,6,sensor_time,/home/letandat/Dev/uav-navigation/src/navigation_estimator/fast_lio_ros/config/mid360_mutual_avoidance_uav1.yaml,ee37646f3b4668f13cad1febce5b79dcaa5f896c91709a9ca80740c72dcb0a3e,29,6,false,0,0,0,0.000000,0.000000,0.000000,0.017000,false,0,UNAVAILABLE,0.000000,0,13,0,0,-1,1,NOT_ATTEMPTED,0,0,2,-1,1,false,0,0,1,6,IMU_INITIALIZATION_NOT_READY,1785256486776571055,false,0,0.000000,6484400,29,6,0,COLLECTING_IMU,0.500000,3,0
0,1.000000,7,sensor_time,/home/letandat/Dev/uav-navigation/src/navigation_estimator/fast_lio_ros/config/mid360_mutual_avoidance_uav1.yaml,ee37646f3b4668f13cad1febce5b79dcaa5f896c91709a9ca80740c72dcb0a3e,35,7,false,0,0,0,0.000000,0.000000,0.000000,0.017000,false,0,UNAVAILABLE,0.000000,0,8,0,0,-1,1,NOT_ATTEMPTED,0,0,2,-1,1,false,0,0,1,7,IMU_INITIALIZATION_NOT_READY,1785256486809810865,false,0,0.000000,8055247,35,7,0,COLLECTING_IMU,0.571429,4,0
0,1.000000,8,sensor_time,/home/letandat/Dev/uav-navigation/src/navigation_estimator/fast_lio_ros/config/mid360_mutual_avoidance_uav1.yaml,ee37646f3b4668f13cad1febce5b79dcaa5f896c91709a9ca80740c72dcb0a3e,41,8,false,0,0,0,0.000000,0.000000,0.000000,0.017000,false,0,UNAVAILABLE,0.000000,0,8,0,0,-1,1,NOT_ATTEMPTED,0,0,2,-1,1,false,0,0,1,8,IMU_INITIALIZATION_NOT_READY,1785256486843403216,false,0,0.000000,8055247,41,8,0,COLLECTING_IMU,0.625000,5,0
0,1.000000,9,sensor_time,/home/letandat/Dev/uav-navigation/src/navigation_estimator/fast_lio_ros/config/mid360_mutual_avoidance_uav1.yaml,ee37646f3b4668f13cad1febce5b79dcaa5f896c91709a9ca80740c72dcb0a3e,47,9,false,0,0,0,0.000000,0.000000,0.000000,0.017000,false,0,UNAVAILABLE,0.000000,0,8,0,0,-1,1,NOT_ATTEMPTED,0,0,2,-1,1,false,0,0,1,9,IMU_INITIALIZATION_NOT_READY,1785256486876624583,false,0,0.000000,8055247,47,9,0,COLLECTING_IMU,0.666667,6,0
0,1.000000,10,sensor_time,/home/letandat/Dev/uav-navigation/src/navigation_estimator/fast_lio_ros/config/mid360_mutual_avoidance_uav1.yaml,ee37646f3b4668f13cad1febce5b79dcaa5f896c91709a9ca80740c72dcb0a3e,52,10,false,0,0,0,0.000000,0.000000,0.000000,0.017000,false,0,UNAVAILABLE,0.000000,0,7,0,0,-1,1,NOT_ATTEMPTED,0,0,2,-1,1,false,0,0,1,10,IMU_INITIALIZATION_NOT_READY,1785256486909763508,false,0,0.000000,8055247,52,10,0,COLLECTING_IMU,0.700000,7,0
0,1.000000,11,sensor_time,/home/letandat/Dev/uav-navigation/src/navigation_estimator/fast_lio_ros/config/mid360_mutual_avoidance_uav1.yaml,ee37646f3b4668f13cad1febce5b79dcaa5f896c91709a9ca80740c72dcb0a3e,58,11,false,0,0,0,0.000000,0.000000,0.000000,0.017000,false,0,UNAVAILABLE,0.000000,0,8,0,0,-1,1,NOT_ATTEMPTED,0,0,2,-1,1,false,0,0,1,11,IMU_INITIALIZATION_NOT_READY,1785256486943960643,false,0,0.000000,8055247,58,11,0,COLLECTING_IMU,0.727273,8,0
0,1.000000,12,,/home/letandat/Dev/uav-navigation/src/navigation_estimator/fast_lio_ros/config/mid360_mutual_avoidance_uav1.yaml,ee37646f3b4668f13cad1febce5b79dcaa5f896c91709a9ca80740c72dcb0a3e,64,12,false,0,0,0,0.000000,0.000000,0.000000,0.017000,false,0,UNAVAILABLE,0.000000,0,8,0,0,-1,1,NOT_ATTEMPTED,0,0,2,-1,2,false,0,0,1,12,OVERLAPPING_LIDAR_INTERVAL previous_synchronized_end_ns=1701245214625386741 current_scan_start_ns=1701245214624883413 current_scan_end_ns=1701245214657518413 overlap_duration_ns=503328 scan_index=9,1785256486976017086,false,0,0.000000,8055247,64,12,0,COLLECTING_IMU,0.666667,8,0
0,1.000000,13,sensor_time,/home/letandat/Dev/uav-navigation/src/navigation_estimator/fast_lio_ros/config/mid360_mutual_avoidance_uav1.yaml,ee37646f3b4668f13cad1febce5b79dcaa5f896c91709a9ca80740c72dcb0a3e,70,13,false,0,0,0,0.000000,0.000000,0.000000,0.017000,false,0,UNAVAILABLE,0.000000,0,14,0,0,-1,1,NOT_ATTEMPTED,0,0,2,-1,2,false,0,0,1,13,IMU_INITIALIZATION_NOT_READY,1785256487010149171,false,0,0.000000,8055247,70,13,0,COLLECTING_IMU,0.692308,9,0
0,1.000000,14,,/home/letandat/Dev/uav-navigation/src/navigation_estimator/fast_lio_ros/config/mid360_mutual_avoidance_uav1.yaml,ee37646f3b4668f13cad1febce5b79dcaa5f896c91709a9ca80740c72dcb0a3e,75,14,false,0,0,0,0.000000,0.000000,0.000000,0.017000,false,0,UNAVAILABLE,0.000000,0,14,0,0,-1,1,NOT_ATTEMPTED,0,0,2,-1,3,false,0,0,1,14,OVERLAPPING_LIDAR_INTERVAL previous_synchronized_end_ns=1701245214691853550 current_scan_start_ns=1701245214691558838 current_scan_end_ns=1701245214724193838 overlap_duration_ns=294712 scan_index=11,1785256487042441519,false,0,0.000000,8055247,75,14,0,COLLECTING_IMU,0.642857,9,0
0,1.000000,15,sensor_time,/home/letandat/Dev/uav-navigation/src/navigation_estimator/fast_lio_ros/config/mid360_mutual_avoidance_uav1.yaml,ee37646f3b4668f13cad1febce5b79dcaa5f896c91709a9ca80740c72dcb0a3e,81,15,false,0,0,0,0.000000,0.000000,0.000000,0.017000,false,0,UNAVAILABLE,0.000000,0,13,0,0,-1,1,NOT_ATTEMPTED,0,0,2,-1,3,false,0,0,1,15,IMU_INITIALIZATION_NOT_READY,1785256487076599779,false,0,0.000000,8055247,82,15,0,COLLECTING_IMU,0.666667,10,0
0,1.000000,16,sensor_time,/home/letandat/Dev/uav-navigation/src/navigation_estimator/fast_lio_ros/config/mid360_mutual_avoidance_uav1.yaml,ee37646f3b4668f13cad1febce5b79dcaa5f896c91709a9ca80740c72dcb0a3e,87,16,false,0,0,0,0.000000,0.000000,0.000000,0.017000,false,0,UNAVAILABLE,0.000000,0,8,0,0,-1,1,NOT_ATTEMPTED,0,0,2,-1,3,false,0,0,1,16,IMU_INITIALIZATION_NOT_READY,1785256487110100012,false,0,0.000000,8055247,87,16,0,COLLECTING_IMU,0.687500,11,0
0,1.000000,17,sensor_time,/home/letandat/Dev/uav-navigation/src/navigation_estimator/fast_lio_ros/config/mid360_mutual_avoidance_uav1.yaml,ee37646f3b4668f13cad1febce5b79dcaa5f896c91709a9ca80740c72dcb0a3e,93,17,false,0,0,0,0.000000,0.000000,0.000000,0.017000,false,0,UNAVAILABLE,0.000000,0,8,0,0,-1,1,NOT_ATTEMPTED,0,0,2,-1,3,false,0,0,1,17,IMU_INITIALIZATION_NOT_READY,1785256487143517850,false,0,0.000000,8055247,93,17,0,COLLECTING_IMU,0.705882,12,0
0,1.000000,18,sensor_time,/home/letandat/Dev/uav-navigation/src/navigation_estimator/fast_lio_ros/config/mid360_mutual_avoidance_uav1.yaml,ee37646f3b4668f13cad1febce5b79dcaa5f896c91709a9ca80740c72dcb0a3e,99,18,false,0,0,0,0.000000,0.000000,0.000000,0.017000,false,0,UNAVAILABLE,0.000000,0,7,0,0,-1,1,NOT_ATTEMPTED,0,0,2,-1,3,false,0,0,1,18,IMU_INITIALIZATION_NOT_READY,1785256487176626669,false,0,0.000000,8055247,99,18,0,COLLECTING_IMU,0.722222,13,0
0,1.000000,19,sensor_time,/home/letandat/Dev/uav-navigation/src/navigation_estimator/fast_lio_ros/config/mid360_mutual_avoidance_uav1.yaml,ee37646f3b4668f13cad1febce5b79dcaa5f896c91709a9ca80740c72dcb0a3e,105,19,false,0,0,0,0.000000,0.000000,0.000000,0.017000,false,0,UNAVAILABLE,0.000000,0,9,0,0,-1,1,NOT_ATTEMPTED,0,0,2,-1,3,false,0,0,1,19,IMU_INITIALIZATION_NOT_READY,1785256487209841946,false,0,0.000000,8055247,105,19,0,COLLECTING_IMU,0.736842,14,0
0,1.000000,20,sensor_time,/home/letandat/Dev/uav-navigation/src/navigation_estimator/fast_lio_ros/config/mid360_mutual_avoidance_uav1.yaml,ee37646f3b4668f13cad1febce5b79dcaa5f896c91709a9ca80740c72dcb0a3e,110,20,false,0,0,0,0.000000,0.000000,0.000000,0.017000,false,0,UNAVAILABLE,0.000000,0,7,0,0,-1,1,NOT_ATTEMPTED,0,0,2,-1,3,false,0,0,1,20,IMU_INITIALIZATION_NOT_READY,1785256487243843647,false,0,0.000000,8055247,110,20,0,COLLECTING_IMU,0.750000,15,0
0,1.000000,21,,/home/letandat/Dev/uav-navigation/src/navigation_estimator/fast_lio_ros/config/mid360_mutual_avoidance_uav1.yaml,ee37646f3b4668f13cad1febce5b79dcaa5f896c91709a9ca80740c72dcb0a3e,116,21,false,0,0,0,0.000000,0.000000,0.000000,0.017000,false,0,UNAVAILABLE,0.000000,0,7,0,0,-1,1,NOT_ATTEMPTED,0,0,2,-1,4,false,0,0,1,21,OVERLAPPING_LIDAR_INTERVAL previous_synchronized_end_ns=1701245214925374296 current_scan_start_ns=1701245214925077200 current_scan_end_ns=1701245214957712200 overlap_duration_ns=297096 scan_index=18,1785256487276177862,false,0,0.000000,8055247,116,21,0,COLLECTING_IMU,0.714286,15,0
0,1.000000,22,sensor_time,/home/letandat/Dev/uav-navigation/src/navigation_estimator/fast_lio_ros/config/mid360_mutual_avoidance_uav1.yaml,ee37646f3b4668f13cad1febce5b79dcaa5f896c91709a9ca80740c72dcb0a3e,122,22,false,0,0,0,0.000000,0.000000,0.000000,0.017000,false,0,UNAVAILABLE,0.000000,0,14,0,0,-1,1,NOT_ATTEMPTED,0,0,2,-1,4,false,0,0,1,22,IMU_INITIALIZATION_NOT_READY,1785256487310293937,false,0,0.000000,8055247,122,22,0,COLLECTING_IMU,0.727273,16,0
0,1.000000,23,,/home/letandat/Dev/uav-navigation/src/navigation_estimator/fast_lio_ros/config/mid360_mutual_avoidance_uav1.yaml,ee37646f3b4668f13cad1febce5b79dcaa5f896c91709a9ca80740c72dcb0a3e,127,23,false,0,0,0,0.000000,0.000000,0.000000,0.017000,false,0,UNAVAILABLE,0.000000,0,14,0,0,-1,1,NOT_ATTEMPTED,0,0,2,-1,5,false,0,0,1,23,OVERLAPPING_LIDAR_INTERVAL previous_synchronized_end_ns=1701245214991884258 current_scan_start_ns=1701245214991620779 current_scan_end_ns=1701245215024255779 overlap_duration_ns=263479 scan_index=20,1785256487342768197,false,0,0.000000,8055247,128,23,0,COLLECTING_IMU,0.695652,16,0
0,1.000000,24,sensor_time,/home/letandat/Dev/uav-navigation/src/navigation_estimator/fast_lio_ros/config/mid360_mutual_avoidance_uav1.yaml,ee37646f3b4668f13cad1febce5b79dcaa5f896c91709a9ca80740c72dcb0a3e,133,24,false,0,0,0,0.000000,0.000000,0.000000,0.017000,false,0,UNAVAILABLE,0.000000,0,14,0,0,-1,1,NOT_ATTEMPTED,0,0,2,-1,5,false,0,0,1,24,IMU_INITIALIZATION_NOT_READY,1785256487376662843,false,0,0.000000,8055247,134,24,0,COLLECTING_IMU,0.708333,17,0
0,1.000000,25,sensor_time,/home/letandat/Dev/uav-navigation/src/navigation_estimator/fast_lio_ros/config/mid360_mutual_avoidance_uav1.yaml,ee37646f3b4668f13cad1febce5b79dcaa5f896c91709a9ca80740c72dcb0a3e,139,25,false,0,0,0,0.000000,0.000000,0.000000,0.017000,false,0,UNAVAILABLE,0.000000,0,7,0,0,-1,1,NOT_ATTEMPTED,0,0,2,-1,5,false,0,0,1,25,IMU_INITIALIZATION_NOT_READY,1785256487409861143,false,0,0.000000,8055247,139,25,0,COLLECTING_IMU,0.720000,18,0
0,1.000000,26,sensor_time,/home/letandat/Dev/uav-navigation/src/navigation_estimator/fast_lio_ros/config/mid360_mutual_avoidance_uav1.yaml,ee37646f3b4668f13cad1febce5b79dcaa5f896c91709a9ca80740c72dcb0a3e,145,26,false,0,0,0,0.000000,0.000000,0.000000,0.017000,false,0,UNAVAILABLE,0.000000,0,8,0,0,-1,1,NOT_ATTEMPTED,0,0,2,-1,5,false,0,0,1,26,IMU_INITIALIZATION_NOT_READY,1785256487443677686,false,0,0.000000,8055247,145,26,0,COLLECTING_IMU,0.730769,19,0
0,1.000000,27,sensor_time,/home/letandat/Dev/uav-navigation/src/navigation_estimator/fast_lio_ros/config/mid360_mutual_avoidance_uav1.yaml,ee37646f3b4668f13cad1febce5b79dcaa5f896c91709a9ca80740c72dcb0a3e,151,27,false,0,0,0,0.000000,0.000000,0.000000,0.017000,false,0,UNAVAILABLE,0.000000,0,8,0,0,-1,1,NOT_ATTEMPTED,0,0,2,-1,5,false,0,0,1,27,IMU_INITIALIZATION_NOT_READY,1785256487476542674,false,0,0.000000,8055247,151,27,0,COLLECTING_IMU,0.740741,20,0
0,1.000000,28,sensor_time,/home/letandat/Dev/uav-navigation/src/navigation_estimator/fast_lio_ros/config/mid360_mutual_avoidance_uav1.yaml,ee37646f3b4668f13cad1febce5b79dcaa5f896c91709a9ca80740c72dcb0a3e,157,28,false,0,0,0,0.000000,0.000000,0.000000,0.017000,false,0,UNAVAILABLE,0.000000,0,8,0,0,-1,1,NOT_ATTEMPTED,0,0,2,-1,5,false,0,0,1,28,IMU_INITIALIZATION_NOT_READY,1785256487509714760,false,0,0.000000,8055247,157,28,0,COLLECTING_IMU,0.750000,21,0
0,1.000000,29,sensor_time,/home/letandat/Dev/uav-navigation/src/navigation_estimator/fast_lio_ros/config/mid360_mutual_avoidance_uav1.yaml,ee37646f3b4668f13cad1febce5b79dcaa5f896c91709a9ca80740c72dcb0a3e,162,29,false,0,0,0,0.000000,0.000000,0.000000,0.017000,false,0,UNAVAILABLE,0.000000,0,7,0,0,-1,1,NOT_ATTEMPTED,0,0,2,-1,5,false,0,0,1,29,IMU_INITIALIZATION_NOT_READY,1785256487543646453,false,0,0.000000,8055247,162,29,0,COLLECTING_IMU,0.758621,22,0
0,1.000000,30,,/home/letandat/Dev/uav-navigation/src/navigation_estimator/fast_lio_ros/config/mid360_mutual_avoidance_uav1.yaml,ee37646f3b4668f13cad1febce5b79dcaa5f896c91709a9ca80740c72dcb0a3e,168,30,false,0,0,0,0.000000,0.000000,0.000000,0.017000,false,0,UNAVAILABLE,0.000000,0,7,0,0,-1,1,NOT_ATTEMPTED,0,0,2,-1,6,false,0,0,1,30,OVERLAPPING_LIDAR_INTERVAL previous_synchronized_end_ns=1701245215225376156 current_scan_start_ns=1701245215225139618 current_scan_end_ns=1701245215257774618 overlap_duration_ns=236538 scan_index=27,1785256487576083890,false,0,0.000000,8055247,168,30,0,COLLECTING_IMU,0.733333,22,0
0,1.000000,31,sensor_time,/home/letandat/Dev/uav-navigation/src/navigation_estimator/fast_lio_ros/config/mid360_mutual_avoidance_uav1.yaml,ee37646f3b4668f13cad1febce5b79dcaa5f896c91709a9ca80740c72dcb0a3e,174,31,false,0,0,0,0.000000,0.000000,0.000000,0.017000,false,0,UNAVAILABLE,0.000000,0,14,0,0,-1,1,NOT_ATTEMPTED,0,0,2,-1,6,false,0,0,1,31,IMU_INITIALIZATION_NOT_READY,1785256487610321373,false,0,0.000000,8055247,174,31,0,COLLECTING_IMU,0.741935,23,0
0,1.000000,32,,/home/letandat/Dev/uav-navigation/src/navigation_estimator/fast_lio_ros/config/mid360_mutual_avoidance_uav1.yaml,ee37646f3b4668f13cad1febce5b79dcaa5f896c91709a9ca80740c72dcb0a3e,180,32,false,0,0,0,0.000000,0.000000,0.000000,0.017000,false,0,UNAVAILABLE,0.000000,0,14,0,0,-1,1,NOT_ATTEMPTED,0,0,2,-1,7,false,0,0,1,32,OVERLAPPING_LIDAR_INTERVAL previous_synchronized_end_ns=1701245215291913536 current_scan_start_ns=1701245215291577578 current_scan_end_ns=1701245215324212578 overlap_duration_ns=335958 scan_index=29,1785256487642401393,false,0,0.000000,8055247,180,32,0,COLLECTING_IMU,0.718750,23,0
0,1.000000,33,sensor_time,/home/letandat/Dev/uav-navigation/src/navigation_estimator/fast_lio_ros/config/mid360_mutual_avoidance_uav1.yaml,ee37646f3b4668f13cad1febce5b79dcaa5f896c91709a9ca80740c72dcb0a3e,185,33,false,0,0,0,0.000000,0.000000,0.000000,0.017000,false,0,UNAVAILABLE,0.000000,0,14,0,0,-1,1,NOT_ATTEMPTED,0,0,2,-1,7,false,0,0,1,33,IMU_INITIALIZATION_NOT_READY,1785256487676387214,false,0,0.000000,8055247,186,33,0,COLLECTING_IMU,0.727273,24,0
0,1.000000,34,sensor_time,/home/letandat/Dev/uav-navigation/src/navigation_estimator/fast_lio_ros/config/mid360_mutual_avoidance_uav1.yaml,ee37646f3b4668f13cad1febce5b79dcaa5f896c91709a9ca80740c72dcb0a3e,191,34,false,0,0,0,0.000000,0.000000,0.000000,0.017000,false,0,UNAVAILABLE,0.000000,0,7,0,0,-1,1,NOT_ATTEMPTED,0,0,2,-1,7,false,0,0,1,34,IMU_INITIALIZATION_NOT_READY,1785256487709586365,false,0,0.000000,8055247,191,34,0,COLLECTING_IMU,0.735294,25,0
0,1.000000,35,sensor_time,/home/letandat/Dev/uav-navigation/src/navigation_estimator/fast_lio_ros/config/mid360_mutual_avoidance_uav1.yaml,ee37646f3b4668f13cad1febce5b79dcaa5f896c91709a9ca80740c72dcb0a3e,197,35,false,0,0,0,0.000000,0.000000,0.000000,0.017000,false,0,UNAVAILABLE,0.000000,0,8,0,0,-1,1,NOT_ATTEMPTED,0,0,2,-1,7,false,0,0,1,35,IMU_INITIALIZATION_NOT_READY,1785256487743411712,false,0,0.000000,8055247,197,35,0,COLLECTING_IMU,0.742857,26,0
0,1.000000,36,sensor_time,/home/letandat/Dev/uav-navigation/src/navigation_estimator/fast_lio_ros/config/mid360_mutual_avoidance_uav1.yaml,ee37646f3b4668f13cad1febce5b79dcaa5f896c91709a9ca80740c72dcb0a3e,203,36,false,0,0,0,0.000000,0.000000,0.000000,0.017000,false,0,UNAVAILABLE,0.000000,0,8,0,0,-1,1,NOT_ATTEMPTED,0,0,2,-1,7,false,0,0,1,36,SCAN_PRECEDES_IMU_INITIALIZATION_EPOCH,1785256487776349184,false,0,0.000000,8055247,203,36,0,INITIALIZING_MAP,0.750000,27,0
0,1.000000,37,sensor_time,/home/letandat/Dev/uav-navigation/src/navigation_estimator/fast_lio_ros/config/mid360_mutual_avoidance_uav1.yaml,ee37646f3b4668f13cad1febce5b79dcaa5f896c91709a9ca80740c72dcb0a3e,209,37,false,0,0,0,0.000000,0.000000,0.000000,0.017425,true,904,PREDICTED_ONLY,0.000000,0,8,0,0,-1,1,NOT_ATTEMPTED,0,0,2,1701245215491335895,7,true,233,241,1,37,INITIAL_MAP_REFERENCE_CAPTURED,1785256487815294905,false,0,0.000000,8055247,210,37,0,INITIALIZING_MAP,0.756757,28,0
185,1.000000,38,sensor_time,/home/letandat/Dev/uav-navigation/src/navigation_estimator/fast_lio_ros/config/mid360_mutual_avoidance_uav1.yaml,ee37646f3b4668f13cad1febce5b79dcaa5f896c91709a9ca80740c72dcb0a3e,215,38,false,1,1,0,0.000000,0.000000,0.000000,0.018768,true,857,PREDICTED_ONLY,0.017740,7875,8,0,10,-1,1,REJECTED,0,0,2,1701245215525449302,7,true,134,157,1,38,IKFOM_LIDAR_UPDATE_NOT_CONVERGED,1785256487852864053,false,7029,0.128659,8055247,216,38,0,INITIALIZING_MAP,0.763158,29,0
185,1.000000,39,,/home/letandat/Dev/uav-navigation/src/navigation_estimator/fast_lio_ros/config/mid360_mutual_avoidance_uav1.yaml,ee37646f3b4668f13cad1febce5b79dcaa5f896c91709a9ca80740c72dcb0a3e,220,39,false,1,1,0,0.000000,0.000000,0.000000,0.018768,true,857,UNAVAILABLE,0.017740,7875,8,0,10,-1,1,NOT_ATTEMPTED,0,0,2,-1,8,false,134,157,1,39,OVERLAPPING_LIDAR_INTERVAL previous_synchronized_end_ns=1701245215525449302 current_scan_start_ns=1701245215525070429 current_scan_end_ns=1701245215557705429 overlap_duration_ns=378873 scan_index=36,1785256487876244590,false,7029,0.128659,8055247,220,39,0,INITIALIZING_MAP,0.743590,29,0
1426,1.000000,40,sensor_time,/home/letandat/Dev/uav-navigation/src/navigation_estimator/fast_lio_ros/config/mid360_mutual_avoidance_uav1.yaml,ee37646f3b4668f13cad1febce5b79dcaa5f896c91709a9ca80740c72dcb0a3e,226,40,true,2,1,1,0.500000,0.000000,0.000000,0.014324,true,836,CORRECTED,0.000939,30720,13,0,6,1701245215591902282,0,SUCCEEDED,29813,3842,2,1701245215591902282,8,true,226,240,12,40,LIDAR_CORRECTION_CONVERGED,1785256487972812382,true,24487,0.104139,8055247,237,41,302,TRACKING,0.750000,30,62391
1426,1.000000,41,,/home/letandat/Dev/uav-navigation/src/navigation_estimator/fast_lio_ros/config/mid360_mutual_avoidance_uav1.yaml,ee37646f3b4668f13cad1febce5b79dcaa5f896c91709a9ca80740c72dcb0a3e,232,41,false,2,1,1,0.500000,0.000000,0.000000,0.014324,true,836,UNAVAILABLE,0.000939,30720,13,0,6,1701245215591902282,1,NOT_ATTEMPTED,29813,3842,2,-1,9,false,226,240,12,41,OVERLAPPING_LIDAR_INTERVAL previous_synchronized_end_ns=1701245215591902282 current_scan_start_ns=1701245215591532469 current_scan_end_ns=1701245215624167469 overlap_duration_ns=369813 scan_index=38,1785256487973204293,false,24487,0.104139,8055247,237,41,302,TRACKING,0.731707,30,62391
1653,1.000000,42,sensor_time,/home/letandat/Dev/uav-navigation/src/navigation_estimator/fast_lio_ros/config/mid360_mutual_avoidance_uav1.yaml,ee37646f3b4668f13cad1febce5b79dcaa5f896c91709a9ca80740c72dcb0a3e,238,42,true,3,1,2,0.666667,0.000000,0.000000,0.009173,true,1766,CORRECTED,0.001329,35144,14,0,7,1701245215658233907,0,SUCCEEDED,2436,5101,2,1701245215658233907,9,true,512,405,12,42,LIDAR_CORRECTION_CONVERGED,1785256488017267374,true,27435,0.082179,8055247,245,43,302,TRACKING,0.738095,31,40575
1828,1.000000,43,sensor_time,/home/letandat/Dev/uav-navigation/src/navigation_estimator/fast_lio_ros/config/mid360_mutual_avoidance_uav1.yaml,ee37646f3b4668f13cad1febce5b79dcaa5f896c91709a9ca80740c72dcb0a3e,243,43,true,4,1,3,0.750000,0.000000,0.000000,0.007030,true,1053,CORRECTED,0.000123,35328,7,0,6,1701245215691392210,0,SUCCEEDED,2611,6498,2,1701245215691392210,9,true,133,250,12,43,LIDAR_CORRECTION_CONVERGED,1785256488057302787,true,28132,0.082017,8055247,252,44,302,TRACKING,0.744186,32,39694
150,1.000000,44,sensor_time,/home/letandat/Dev/uav-navigation/src/navigation_estimator/fast_lio_ros/config/mid360_mutual_avoidance_uav1.yaml,ee37646f3b4668f13cad1febce5b79dcaa5f896c91709a9ca80740c72dcb0a3e,249,44,true,5,1,4,0.800000,0.000000,0.000000,0.007537,true,1053,CORRECTED,0.000029,5467,8,0,5,1701245215725162771,0,SUCCEEDED,1617,7012,2,1701245215725162771,9,true,153,111,12,44,LIDAR_CORRECTION_CONVERGED,1785256488066139013,true,4956,0.152912,8055247,253,44,302,TRACKING,0.750000,33,8619
1759,1.000000,45,sensor_time,/home/letandat/Dev/uav-navigation/src/navigation_estimator/fast_lio_ros/config/mid360_mutual_avoidance_uav1.yaml,ee37646f3b4668f13cad1febce5b79dcaa5f896c91709a9ca80740c72dcb0a3e,255,45,true,6,1,5,0.833333,0.000000,0.000000,0.005000,true,918,CORRECTED,0.000016,54240,8,0,10,1701245215758171108,0,SUCCEEDED,2683,8092,2,1701245215758171108,9,true,138,240,12,45,LIDAR_CORRECTION_CONVERGED,1785256488135003070,true,42897,0.073004,8055247,265,46,302,TRACKING,0.755556,34,58408
1855,1.000000,46,sensor_time,/home/letandat/Dev/uav-navigation/src/navigation_estimator/fast_lio_ros/config/mid360_mutual_avoidance_uav1.yaml,ee37646f3b4668f13cad1febce5b79dcaa5f896c91709a9ca80740c72dcb0a3e,261,46,true,7,1,6,0.857143,0.000000,0.000000,0.004338,true,1058,CORRECTED,0.000634,35299,8,0,6,1701245215791394737,0,SUCCEEDED,2064,8981,2,1701245215791394737,9,true,162,246,12,46,LIDAR_CORRECTION_CONVERGED,1785256488174466153,true,27292,0.059751,8055247,272,47,302,TRACKING,0.760870,35,39140
537,1.000000,47,sensor_time,/home/letandat/Dev/uav-navigation/src/navigation_estimator/fast_lio_ros/config/mid360_mutual_avoidance_uav1.yaml,ee37646f3b4668f13cad1febce5b79dcaa5f896c91709a9ca80740c72dcb0a3e,267,47,true,8,1,7,0.875000,0.000000,0.000000,0.004421,true,1057,CORRECTED,0.000042,7151,8,0,4,1701245215825384643,0,SUCCEEDED,1108,9308,2,1701245215825384643,9,true,156,115,12,47,LIDAR_CORRECTION_CONVERGED,1785256488184571719,true,5954,0.083543,8055247,274,48,302,TRACKING,0.765957,36,9841
537,1.000000,48,,/home/letandat/Dev/uav-navigation/src/navigation_estimator/fast_lio_ros/config/mid360_mutual_avoidance_uav1.yaml,ee37646f3b4668f13cad1febce5b79dcaa5f896c91709a9ca80740c72dcb0a3e,272,48,false,8,1,7,0.875000,0.000000,0.000000,0.004421,true,1057,UNAVAILABLE,0.000042,7151,8,0,4,1701245215825384643,1,NOT_ATTEMPTED,1108,9308,2,-1,10,false,156,115,12,48,OVERLAPPING_LIDAR_INTERVAL previous_synchronized_end_ns=1701245215825384643 current_scan_start_ns=1701245215825079441 current_scan_end_ns=1701245215857714441 overlap_duration_ns=305202 scan_index=45,1785256488184718214,false,5954,0.083543,8055247,274,48,302,TRACKING,0.750000,36,9841
1815,1.000000,49,sensor_time,/home/letandat/Dev/uav-navigation/src/navigation_estimator/fast_lio_ros/config/mid360_mutual_avoidance_uav1.yaml,ee37646f3b4668f13cad1febce5b79dcaa5f896c91709a9ca80740c72dcb0a3e,278,49,true,9,1,8,0.888889,0.000000,0.000000,0.003710,true,846,CORRECTED,0.000003,37776,13,0,7,1701245215891864088,0,SUCCEEDED,2102,10086,2,1701245215891864088,10,true,207,226,12,49,LIDAR_CORRECTION_CONVERGED,1785256488251529079,true,29080,0.060356,8055247,285,50,302,TRACKING,0.755102,37,41363
1815,1.000000,50,,/home/letandat/Dev/uav-navigation/src/navigation_estimator/fast_lio_ros/config/mid360_mutual_avoidance_uav1.yaml,ee37646f3b4668f13cad1febce5b79dcaa5f896c91709a9ca80740c72dcb0a3e,284,50,false,9,1,8,0.888889,0.000000,0.000000,0.003710,true,846,UNAVAILABLE,0.000003,37776,13,0,7,1701245215891864088,1,NOT_ATTEMPTED,2102,10086,2,-1,11,false,207,226,12,50,OVERLAPPING_LIDAR_INTERVAL previous_synchronized_end_ns=1701245215891864088 current_scan_start_ns=1701245215891565561 current_scan_end_ns=1701245215924200561 overlap_duration_ns=298527 scan_index=47,1785256488251703697,false,29080,0.060356,8055247,285,50,302,TRACKING,0.740000,37,41363
1776,1.000000,51,sensor_time,/home/letandat/Dev/uav-navigation/src/navigation_estimator/fast_lio_ros/config/mid360_mutual_avoidance_uav1.yaml,ee37646f3b4668f13cad1febce5b79dcaa5f896c91709a9ca80740c72dcb0a3e,290,51,true,10,1,9,0.900000,0.000000,0.000000,0.003429,true,846,CORRECTED,0.000458,26882,14,0,5,1701245215958210018,0,SUCCEEDED,2150,10869,2,1701245215958210018,11,true,220,240,12,51,LIDAR_CORRECTION_CONVERGED,1785256488307457691,true,20758,0.067796,8055247,295,51,302,TRACKING,0.745098,38,30707
1887,1.000000,52,sensor_time,/home/letandat/Dev/uav-navigation/src/navigation_estimator/fast_lio_ros/config/mid360_mutual_avoidance_uav1.yaml,ee37646f3b4668f13cad1febce5b79dcaa5f896c91709a9ca80740c72dcb0a3e,296,52,true,11,1,10,0.909091,0.000000,0.000000,0.003252,true,1007,CORRECTED,0.000019,22990,7,0,4,1701245215991404321,0,SUCCEEDED,2180,11592,2,1701245215991404321,11,true,141,356,12,52,LIDAR_CORRECTION_CONVERGED,1785256488337941854,true,17655,0.056738,8055247,300,52,971,TRACKING,0.750000,39,28076
1887,1.000000,53,,/home/letandat/Dev/uav-navigation/src/navigation_estimator/fast_lio_ros/config/mid360_mutual_avoidance_uav1.yaml,ee37646f3b4668f13cad1febce5b79dcaa5f896c91709a9ca80740c72dcb0a3e,301,53,false,11,1,10,0.909091,0.000000,0.000000,0.003252,true,1007,UNAVAILABLE,0.000019,22990,7,0,4,1701245215991404321,1,NOT_ATTEMPTED,2180,11592,2,-1,12,false,141,356,12,53,OVERLAPPING_LIDAR_INTERVAL previous_synchronized_end_ns=1701245215991404321 current_scan_start_ns=1701245215991218328 current_scan_end_ns=1701245216023853328 overlap_duration_ns=185993 scan_index=50,1785256488342324475,false,17655,0.056738,8055247,301,53,971,TRACKING,0.735849,39,28076
1681,1.000000,54,sensor_time,/home/letandat/Dev/uav-navigation/src/navigation_estimator/fast_lio_ros/config/mid360_mutual_avoidance_uav1.yaml,ee37646f3b4668f13cad1febce5b79dcaa5f896c91709a9ca80740c72dcb0a3e,307,54,true,12,1,11,0.916667,0.000000,0.000000,0.003113,true,838,CORRECTED,0.000809,31628,14,0,6,1701245216058186558,0,SUCCEEDED,2029,12303,2,1701245216058186558,12,true,229,232,12,54,LIDAR_CORRECTION_CONVERGED,1785256488412248940,true,25177,0.066663,8055247,313,55,971,TRACKING,0.740741,40,35418
1950,1.000000,55,sensor_time,/home/letandat/Dev/uav-navigation/src/navigation_estimator/fast_lio_ros/config/mid360_mutual_avoidance_uav1.yaml,ee37646f3b4668f13cad1febce5b79dcaa5f896c91709a9ca80740c72dcb0a3e,313,55,true,13,1,12,0.923077,0.000000,0.000000,0.002922,true,1050,CORRECTED,0.000171,24173,8,0,4,1701245216091319349,0,SUCCEEDED,2466,12878,2,1701245216091319349,12,true,152,256,12,55,LIDAR_CORRECTION_CONVERGED,1785256488440927075,true,19054,0.050024,8055247,318,55,971,TRACKING,0.745455,41,28335
546,1.000000,56,sensor_time,/home/letandat/Dev/uav-navigation/src/navigation_estimator/fast_lio_ros/config/mid360_mutual_avoidance_uav1.yaml,ee37646f3b4668f13cad1febce5b79dcaa5f896c91709a9ca80740c72dcb0a3e,319,56,true,14,1,13,0.928571,0.000000,0.000000,0.002947,true,1046,CORRECTED,0.000155,5171,8,0,3,1701245216125378874,0,SUCCEEDED,691,13080,2,1701245216125378874,12,true,155,120,12,56,LIDAR_CORRECTION_CONVERGED,1785256488451166048,true,4299,0.070896,8055247,320,56,971,TRACKING,0.750000,42,7436
546,1.000000,57,,/home/letandat/Dev/uav-navigation/src/navigation_estimator/fast_lio_ros/config/mid360_mutual_avoidance_uav1.yaml,ee37646f3b4668f13cad1febce5b79dcaa5f896c91709a9ca80740c72dcb0a3e,324,57,false,14,1,13,0.928571,0.000000,0.000000,0.002947,true,1046,UNAVAILABLE,0.000155,5171,8,0,3,1701245216125378874,1,NOT_ATTEMPTED,691,13080,2,-1,13,false,155,120,12,57,OVERLAPPING_LIDAR_INTERVAL previous_synchronized_end_ns=1701245216125378874 current_scan_start_ns=1701245216124831676 current_scan_end_ns=1701245216157466676 overlap_duration_ns=547198 scan_index=54,1785256488475842098,false,4299,0.070896,8055247,324,57,971,TRACKING,0.736842,42,7436
2001,1.000000,58,sensor_time,/home/letandat/Dev/uav-navigation/src/navigation_estimator/fast_lio_ros/config/mid360_mutual_avoidance_uav1.yaml,ee37646f3b4668f13cad1febce5b79dcaa5f896c91709a9ca80740c72dcb0a3e,330,58,true,15,1,14,0.933333,0.000000,0.000000,0.002686,true,931,CORRECTED,0.000386,23604,13,0,4,1701245216191898849,0,SUCCEEDED,2314,13677,2,1701245216191898849,13,true,238,270,12,58,LIDAR_CORRECTION_CONVERGED,1785256488538191652,true,18309,0.051119,8055247,335,58,971,TRACKING,0.741379,43,27668
2001,1.000000,59,,/home/letandat/Dev/uav-navigation/src/navigation_estimator/fast_lio_ros/config/mid360_mutual_avoidance_uav1.yaml,ee37646f3b4668f13cad1febce5b79dcaa5f896c91709a9ca80740c72dcb0a3e,336,59,false,15,1,14,0.933333,0.000000,0.000000,0.002686,true,931,UNAVAILABLE,0.000386,23604,13,0,4,1701245216191898849,1,NOT_ATTEMPTED,2314,13677,2,-1,14,false,238,270,12,59,OVERLAPPING_LIDAR_INTERVAL previous_synchronized_end_ns=1701245216191898849 current_scan_start_ns=1701245216191557407 current_scan_end_ns=1701245216224192407 overlap_duration_ns=341442 scan_index=56,1785256488542338131,false,18309,0.051119,8055247,336,59,971,TRACKING,0.728814,43,27668
1472,1.000000,60,sensor_time,/home/letandat/Dev/uav-navigation/src/navigation_estimator/fast_lio_ros/config/mid360_mutual_avoidance_uav1.yaml,ee37646f3b4668f13cad1febce5b79dcaa5f896c91709a9ca80740c72dcb0a3e,342,60,true,16,1,15,0.937500,0.000000,0.000000,0.002586,true,915,CORRECTED,0.000208,24166,14,0,5,1701245216258217123,0,SUCCEEDED,1883,14181,2,1701245216258217123,14,true,273,213,12,60,LIDAR_CORRECTION_CONVERGED,1785256488604306745,true,18870,0.059180,8055247,347,60,971,TRACKING,0.733333,44,27763
1970,1.000000,61,sensor_time,/home/letandat/Dev/uav-navigation/src/navigation_estimator/fast_lio_ros/config/mid360_mutual_avoidance_uav1.yaml,ee37646f3b4668f13cad1febce5b79dcaa5f896c91709a9ca80740c72dcb0a3e,348,61,true,17,1,16,0.941176,0.000000,0.000000,0.002451,true,933,CORRECTED,0.000366,21886,8,0,4,1701245216291404512,0,SUCCEEDED,2108,14716,2,1701245216291404512,14,true,142,274,12,61,LIDAR_CORRECTION_CONVERGED,1785256488635426075,true,16671,0.045967,8055247,352,61,971,TRACKING,0.737705,45,25633
695,1.000000,62,sensor_time,/home/letandat/Dev/uav-navigation/src/navigation_estimator/fast_lio_ros/config/mid360_mutual_avoidance_uav1.yaml,ee37646f3b4668f13cad1febce5b79dcaa5f896c91709a9ca80740c72dcb0a3e,354,62,true,18,1,17,0.944444,0.000000,0.000000,0.002453,true,921,CORRECTED,0.000262,6569,7,0,3,1701245216325298813,0,SUCCEEDED,868,14932,2,1701245216325298813,14,true,116,146,12,62,LIDAR_CORRECTION_CONVERGED,1785256488652678227,true,5524,0.065496,8055247,355,62,971,TRACKING,0.741935,46,8976
1432,1.000000,63,sensor_time,/home/letandat/Dev/uav-navigation/src/navigation_estimator/fast_lio_ros/config/mid360_mutual_avoidance_uav1.yaml,ee37646f3b4668f13cad1febce5b79dcaa5f896c91709a9ca80740c72dcb0a3e,359,63,true,19,1,18,0.947368,0.000000,0.000000,0.002401,true,997,CORRECTED,0.000059,13967,8,0,3,1701245216358179357,0,SUCCEEDED,1681,15383,2,1701245216358179357,14,true,143,190,12,63,LIDAR_CORRECTION_CONVERGED,1785256488693856664,true,11126,0.060778,8055247,362,63,971,TRACKING,0.746032,47,17211
1942,1.000000,64,sensor_time,/home/letandat/Dev/uav-navigation/src/navigation_estimator/fast_lio_ros/config/mid360_mutual_avoidance_uav1.yaml,ee37646f3b4668f13cad1febce5b79dcaa5f896c91709a9ca80740c72dcb0a3e,365,64,true,20,1,19,0.950000,0.000000,0.000000,0.002328,true,865,CORRECTED,0.000314,16942,8,0,3,1701245216391349819,0,SUCCEEDED,1864,15782,2,1701245216391349819,14,true,131,267,12,64,LIDAR_CORRECTION_CONVERGED,1785256488730284533,true,12910,0.040722,8055247,369,64,971,TRACKING,0.750000,48,20395
857,1.000000,65,sensor_time,/home/letandat/Dev/uav-navigation/src/navigation_estimator/fast_lio_ros/config/mid360_mutual_avoidance_uav1.yaml,ee37646f3b4668f13cad1febce5b79dcaa5f896c91709a9ca80740c72dcb0a3e,371,65,true,21,1,20,0.952381,0.000000,0.000000,0.002328,true,961,CORRECTED,0.000001,10307,8,0,4,1701245216425440099,0,SUCCEEDED,983,16017,2,1701245216425440099,14,true,137,128,12,65,LIDAR_CORRECTION_CONVERGED,1785256488758272312,true,8506,0.058981,8055247,373,65,1470,TRACKING,0.753846,49,14268
857,1.000000,66,,/home/letandat/Dev/uav-navigation/src/navigation_estimator/fast_lio_ros/config/mid360_mutual_avoidance_uav1.yaml,ee37646f3b4668f13cad1febce5b79dcaa5f896c91709a9ca80740c72dcb0a3e,376,66,false,21,1,20,0.952381,0.000000,0.000000,0.002328,true,961,UNAVAILABLE,0.000001,10307,8,0,4,1701245216425440099,1,NOT_ATTEMPTED,983,16017,2,-1,15,false,137,128,12,66,OVERLAPPING_LIDAR_INTERVAL previous_synchronized_end_ns=1701245216425440099 current_scan_start_ns=1701245216425082684 current_scan_end_ns=1701245216457717684 overlap_duration_ns=357415 scan_index=63,1785256488776361560,false,8506,0.058981,8055247,377,66,1470,TRACKING,0.742424,49,14268
1894,1.000000,67,sensor_time,/home/letandat/Dev/uav-navigation/src/navigation_estimator/fast_lio_ros/config/mid360_mutual_avoidance_uav1.yaml,ee37646f3b4668f13cad1febce5b79dcaa5f896c91709a9ca80740c72dcb0a3e,382,67,true,22,1,21,0.954545,0.000000,0.000000,0.002274,true,931,CORRECTED,0.000290,16431,13,0,3,1701245216491645363,0,SUCCEEDED,1575,16433,2,1701245216491645363,15,true,233,262,12,67,LIDAR_CORRECTION_CONVERGED,1785256488829612226,true,12438,0.043291,8055247,386,67,1470,TRACKING,0.746269,50,19750
1894,1.000000,68,,/home/letandat/Dev/uav-navigation/src/navigation_estimator/fast_lio_ros/config/mid360_mutual_avoidance_uav1.yaml,ee37646f3b4668f13cad1febce5b79dcaa5f896c91709a9ca80740c72dcb0a3e,388,68,false,22,1,21,0.954545,0.000000,0.000000,0.002274,true,931,UNAVAILABLE,0.000290,16431,13,0,3,1701245216491645363,1,NOT_ATTEMPTED,1575,16433,2,-1,16,false,233,262,12,68,OVERLAPPING_LIDAR_INTERVAL previous_synchronized_end_ns=1701245216491645363 current_scan_start_ns=1701245216491551161 current_scan_end_ns=1701245216524186161 overlap_duration_ns=94202 scan_index=65,1785256488842450099,false,12438,0.043291,8055247,388,68,1470,TRACKING,0.735294,50,19750
1342,1.000000,69,sensor_time,/home/letandat/Dev/uav-navigation/src/navigation_estimator/fast_lio_ros/config/mid360_mutual_avoidance_uav1.yaml,ee37646f3b4668f13cad1febce5b79dcaa5f896c91709a9ca80740c72dcb0a3e,394,69,true,23,1,22,0.956522,0.000000,0.000000,0.002258,true,931,CORRECTED,0.000197,17845,14,0,4,1701245216558221605,0,SUCCEEDED,1436,16758,2,1701245216558221605,16,true,249,204,12,69,LIDAR_CORRECTION_CONVERGED,1785256488897523063,true,14442,0.053661,8055247,398,69,1470,TRACKING,0.739130,51,20979
1799,1.000000,70,sensor_time,/home/letandat/Dev/uav-navigation/src/navigation_estimator/fast_lio_ros/config/mid360_mutual_avoidance_uav1.yaml,ee37646f3b4668f13cad1febce5b79dcaa5f896c91709a9ca80740c72dcb0a3e,399,70,true,24,1,23,0.958333,0.000000,0.000000,0.002215,true,869,CORRECTED,0.000227,15555,8,0,3,1701245216591420915,0,SUCCEEDED,1634,16997,2,1701245216591420915,16,true,133,264,12,70,LIDAR_CORRECTION_CONVERGED,1785256488928709873,true,11631,0.035849,8055247,403,70,1470,TRACKING,0.742857,52,18759
1034,1.000000,71,sensor_time,/home/letandat/Dev/uav-navigation/src/navigation_estimator/fast_lio_ros/config/mid360_mutual_avoidance_uav1.yaml,ee37646f3b4668f13cad1febce5b79dcaa5f896c91709a9ca80740c72dcb0a3e,405,71,true,25,1,24,0.960000,0.000000,0.000000,0.002211,true,872,CORRECTED,0.000010,9732,7,0,3,1701245216625165489,0,SUCCEEDED,1084,17150,2,1701245216625165489,16,true,120,204,12,71,LIDAR_CORRECTION_CONVERGED,1785256488956126761,true,8035,0.048400,8055247,408,71,1470,TRACKING,0.746479,53,12325
1034,1.000000,72,,/home/letandat/Dev/uav-navigation/src/navigation_estimator/fast_lio_ros/config/mid360_mutual_avoidance_uav1.yaml,ee37646f3b4668f13cad1febce5b79dcaa5f896c91709a9ca80740c72dcb0a3e,411,72,false,25,1,24,0.960000,0.000000,0.000000,0.002211,true,872,UNAVAILABLE,0.000010,9732,7,0,3,1701245216625165489,1,NOT_ATTEMPTED,1084,17150,2,-1,17,false,120,204,12,72,OVERLAPPING_LIDAR_INTERVAL previous_synchronized_end_ns=1701245216625165489 current_scan_start_ns=1701245216624962807 current_scan_end_ns=1701245216657597807 overlap_duration_ns=202682 scan_index=69,1785256488975925221,false,8035,0.048400,8055247,411,72,1470,TRACKING,0.736111,53,12325
1861,1.000000,73,sensor_time,/home/letandat/Dev/uav-navigation/src/navigation_estimator/fast_lio_ros/config/mid360_mutual_avoidance_uav1.yaml,ee37646f3b4668f13cad1febce5b79dcaa5f896c91709a9ca80740c72dcb0a3e,417,73,true,26,1,25,0.961538,0.000000,0.000000,0.002189,true,936,CORRECTED,0.000135,16348,14,0,3,1701245216691306141,0,SUCCEEDED,1573,17430,2,1701245216691306141,17,true,235,275,12,73,LIDAR_CORRECTION_CONVERGED,1785256489029526765,true,12448,0.033340,8055247,420,73,1470,TRACKING,0.739726,54,19671
1171,1.000000,74,sensor_time,/home/letandat/Dev/uav-navigation/src/navigation_estimator/fast_lio_ros/config/mid360_mutual_avoidance_uav1.yaml,ee37646f3b4668f13cad1febce5b79dcaa5f896c91709a9ca80740c72dcb0a3e,423,74,true,27,1,26,0.962963,0.000000,0.000000,0.002181,true,865,CORRECTED,0.000002,14550,8,0,4,1701245216725390699,0,SUCCEEDED,1189,17636,2,1701245216725390699,17,true,130,184,12,74,LIDAR_CORRECTION_CONVERGED,1785256489061091126,true,11927,0.049206,8055247,426,74,1470,TRACKING,0.743243,55,17252
1171,1.000000,75,,/home/letandat/Dev/uav-navigation/src/navigation_estimator/fast_lio_ros/config/mid360_mutual_avoidance_uav1.yaml,ee37646f3b4668f13cad1febce5b79dcaa5f896c91709a9ca80740c72dcb0a3e,428,75,false,27,1,26,0.962963,0.000000,0.000000,0.002181,true,865,UNAVAILABLE,0.000002,14550,8,0,4,1701245216725390699,1,NOT_ATTEMPTED,1189,17636,2,-1,18,false,130,184,12,75,OVERLAPPING_LIDAR_INTERVAL previous_synchronized_end_ns=1701245216725390699 current_scan_start_ns=1701245216725092173 current_scan_end_ns=1701245216757727173 overlap_duration_ns=298526 scan_index=72,1785256489076013228,false,11927,0.049206,8055247,429,75,1470,TRACKING,0.733333,55,17252
1882,1.000000,76,sensor_time,/home/letandat/Dev/uav-navigation/src/navigation_estimator/fast_lio_ros/config/mid360_mutual_avoidance_uav1.yaml,ee37646f3b4668f13cad1febce5b79dcaa5f896c91709a9ca80740c72dcb0a3e,434,76,true,28,1,27,0.964286,0.000000,0.000000,0.002166,true,884,CORRECTED,0.000156,16107,13,0,3,1701245216791842726,0,SUCCEEDED,1511,17847,2,1701245216791842726,18,true,240,293,12,76,LIDAR_CORRECTION_CONVERGED,1785256489129778736,true,12241,0.035453,8055247,438,76,1470,TRACKING,0.736842,56,19352
1882,1.000000,77,,/home/letandat/Dev/uav-navigation/src/navigation_estimator/fast_lio_ros/config/mid360_mutual_avoidance_uav1.yaml,ee37646f3b4668f13cad1febce5b79dcaa5f896c91709a9ca80740c72dcb0a3e,440,77,false,28,1,27,0.964286,0.000000,0.000000,0.002166,true,884,UNAVAILABLE,0.000156,16107,13,0,3,1701245216791842726,1,NOT_ATTEMPTED,1511,17847,2,-1,19,false,240,293,12,77,OVERLAPPING_LIDAR_INTERVAL previous_synchronized_end_ns=1701245216791842726 current_scan_start_ns=1701245216791709185 current_scan_end_ns=1701245216824344185 overlap_duration_ns=133541 scan_index=74,1785256489142863344,false,12241,0.035453,8055247,440,77,1470,TRACKING,0.727273,56,19352
1029,1.000000,78,sensor_time,/home/letandat/Dev/uav-navigation/src/navigation_estimator/fast_lio_ros/config/mid360_mutual_avoidance_uav1.yaml,ee37646f3b4668f13cad1febce5b79dcaa5f896c91709a9ca80740c72dcb0a3e,446,78,true,29,1,28,0.965517,0.000000,0.000000,0.002168,true,902,CORRECTED,0.000051,14058,14,0,4,1701245216858205107,0,SUCCEEDED,1145,18026,2,1701245216858205107,19,true,233,186,12,78,LIDAR_CORRECTION_CONVERGED,1785256489193464533,true,11776,0.050471,8055247,449,78,1470,TRACKING,0.730769,57,16821
1840,1.000000,79,sensor_time,/home/letandat/Dev/uav-navigation/src/navigation_estimator/fast_lio_ros/config/mid360_mutual_avoidance_uav1.yaml,ee37646f3b4668f13cad1febce5b79dcaa5f896c91709a9ca80740c72dcb0a3e,452,79,true,30,1,29,0.966667,0.000000,0.000000,0.002146,true,831,CORRECTED,0.000046,15923,8,0,3,1701245216891379860,0,SUCCEEDED,1682,18246,2,1701245216891379860,19,true,122,276,12,79,LIDAR_CORRECTION_CONVERGED,1785256489229036873,true,12016,0.034585,8055247,455,79,1470,TRACKING,0.734177,58,19069
1278,1.000000,80,sensor_time,/home/letandat/Dev/uav-navigation/src/navigation_estimator/fast_lio_ros/config/mid360_mutual_avoidance_uav1.yaml,ee37646f3b4668f13cad1febce5b79dcaa5f896c91709a9ca80740c72dcb0a3e,458,80,true,31,1,30,0.967742,0.000000,0.000000,0.002141,true,846,CORRECTED,0.000029,12978,7,0,3,1701245216925147560,0,SUCCEEDED,1339,18439,2,1701245216925147560,19,true,116,226,12,80,LIDAR_CORRECTION_CONVERGED,1785256489261437755,true,10498,0.047252,8055247,461,80,1758,TRACKING,0.737500,59,17586
931,1.000000,81,sensor_time,/home/letandat/Dev/uav-navigation/src/navigation_estimator/fast_lio_ros/config/mid360_mutual_avoidance_uav1.yaml,ee37646f3b4668f13cad1febce5b79dcaa5f896c91709a9ca80740c72dcb0a3e,463,81,true,32,1,31,0.968750,0.000000,0.000000,0.002143,true,877,CORRECTED,0.000064,9159,8,0,3,1701245216958185938,0,SUCCEEDED,1131,18707,2,1701245216958185938,19,true,131,172,12,81,LIDAR_CORRECTION_CONVERGED,1785256489288530927,true,7759,0.065349,8055247,465,81,1758,TRACKING,0.740741,60,11649
1917,1.000000,82,sensor_time,/home/letandat/Dev/uav-navigation/src/navigation_estimator/fast_lio_ros/config/mid360_mutual_avoidance_uav1.yaml,ee37646f3b4668f13cad1febce5b79dcaa5f896c91709a9ca80740c72dcb0a3e,469,82,true,33,1,32,0.969697,0.000000,0.000000,0.002129,true,867,CORRECTED,0.000362,16867,8,0,3,1701245216991356638,0,SUCCEEDED,1832,19017,2,1701245216991356638,19,true,147,282,12,82,LIDAR_CORRECTION_CONVERGED,1785256489329807176,true,12874,0.040646,8055247,473,82,1758,TRACKING,0.743902,61,20287
1300,1.000000,83,sensor_time,/home/letandat/Dev/uav-navigation/src/navigation_estimator/fast_lio_ros/config/mid360_mutual_avoidance_uav1.yaml,ee37646f3b4668f13cad1febce5b79dcaa5f896c91709a9ca80740c72dcb0a3e,475,83,true,34,1,33,0.970588,0.000000,0.000000,0.002128,true,889,CORRECTED,0.000330,13408,8,0,3,1701245217025377300,0,SUCCEEDED,1626,19330,2,1701245217025377300,19,true,134,206,12,83,LIDAR_CORRECTION_CONVERGED,1785256489360501882,true,10789,0.057879,8055247,478,83,1758,TRACKING,0.746988,62,16722
1300,1.000000,84,,/home/letandat/Dev/uav-navigation/src/navigation_estimator/fast_lio_ros/config/mid360_mutual_avoidance_uav1.yaml,ee37646f3b4668f13cad1febce5b79dcaa5f896c91709a9ca80740c72dcb0a3e,480,84,false,34,1,33,0.970588,0.000000,0.000000,0.002128,true,889,UNAVAILABLE,0.000330,13408,8,0,3,1701245217025377300,1,NOT_ATTEMPTED,1626,19330,2,-1,20,false,134,206,12,84,OVERLAPPING_LIDAR_INTERVAL previous_synchronized_end_ns=1701245217025377300 current_scan_start_ns=1701245217025070190 current_scan_end_ns=1701245217057705190 overlap_duration_ns=307110 scan_index=81,1785256489376126611,false,10789,0.057879,8055247,481,84,1758,TRACKING,0.738095,62,16722
1867,1.000000,85,sensor_time,/home/letandat/Dev/uav-navigation/src/navigation_estimator/fast_lio_ros/config/mid360_mutual_avoidance_uav1.yaml,ee37646f3b4668f13cad1febce5b79dcaa5f896c91709a9ca80740c72dcb0a3e,487,85,true,35,1,34,0.971429,0.000000,0.000000,0.002124,true,931,CORRECTED,0.000127,16969,14,0,3,1701245217091874388,0,SUCCEEDED,1651,19642,2,1701245217091874388,20,true,256,312,12,85,LIDAR_CORRECTION_CONVERGED,1785256489430560226,true,13230,0.039324,8055247,490,85,1758,TRACKING,0.741176,63,20412
1867,1.000000,86,,/home/letandat/Dev/uav-navigation/src/navigation_estimator/fast_lio_ros/config/mid360_mutual_avoidance_uav1.yaml,ee37646f3b4668f13cad1febce5b79dcaa5f896c91709a9ca80740c72dcb0a3e,492,86,false,35,1,34,0.971429,0.000000,0.000000,0.002124,true,931,UNAVAILABLE,0.000127,16969,14,0,3,1701245217091874388,1,NOT_ATTEMPTED,1651,19642,2,-1,21,false,256,312,12,86,OVERLAPPING_LIDAR_INTERVAL previous_synchronized_end_ns=1701245217091874388 current_scan_start_ns=1701245217091569901 current_scan_end_ns=1701245217124204901 overlap_duration_ns=304487 scan_index=83,1785256489442576620,false,13230,0.039324,8055247,492,86,1758,TRACKING,0.732558,63,20412
741,1.000000,87,sensor_time,/home/letandat/Dev/uav-navigation/src/navigation_estimator/fast_lio_ros/config/mid360_mutual_avoidance_uav1.yaml,ee37646f3b4668f13cad1febce5b79dcaa5f896c91709a9ca80740c72dcb0a3e,498,87,true,36,1,35,0.972222,0.000000,0.000000,0.002135,true,910,CORRECTED,0.000001,9892,13,0,4,1701245217158236053,0,SUCCEEDED,801,19745,2,1701245217158236053,21,true,259,146,12,87,LIDAR_CORRECTION_CONVERGED,1785256489488808737,true,8375,0.047814,8055247,500,87,1758,TRACKING,0.735632,64,12208
1945,1.000000,88,sensor_time,/home/letandat/Dev/uav-navigation/src/navigation_estimator/fast_lio_ros/config/mid360_mutual_avoidance_uav1.yaml,ee37646f3b4668f13cad1febce5b79dcaa5f896c91709a9ca80740c72dcb0a3e,504,88,true,37,1,36,0.972973,0.000000,0.000000,0.002117,true,934,CORRECTED,0.000193,18015,8,0,3,1701245217191397932,0,SUCCEEDED,1998,20085,2,1701245217191397932,21,true,138,299,12,88,LIDAR_CORRECTION_CONVERGED,1785256489531350829,true,14060,0.040435,8055247,508,88,1758,TRACKING,0.738636,65,21623
1502,1.000000,89,sensor_time,/home/letandat/Dev/uav-navigation/src/navigation_estimator/fast_lio_ros/config/mid360_mutual_avoidance_uav1.yaml,ee37646f3b4668f13cad1febce5b79dcaa5f896c91709a9ca80740c72dcb0a3e,510,89,true,38,1,37,0.973684,0.000000,0.000000,0.002113,true,930,CORRECTED,0.000227,14439,8,0,3,1701245217225171592,0,SUCCEEDED,1767,20392,2,1701245217225171592,21,true,138,264,12,89,LIDAR_CORRECTION_CONVERGED,1785256489561187971,true,12138,0.048681,8055247,513,89,1758,TRACKING,0.741573,66,17792
658,1.000000,90,sensor_time,/home/letandat/Dev/uav-navigation/src/navigation_estimator/fast_lio_ros/config/mid360_mutual_avoidance_uav1.yaml,ee37646f3b4668f13cad1febce5b79dcaa5f896c91709a9ca80740c72dcb0a3e,515,90,true,39,1,38,0.974359,0.000000,0.000000,0.002118,true,837,CORRECTED,0.000002,6367,7,0,3,1701245217258185413,0,SUCCEEDED,735,20527,2,1701245217258185413,21,true,109,142,12,90,LIDAR_CORRECTION_CONVERGED,1785256489585041656,true,5414,0.051272,8055247,517,90,1758,TRACKING,0.744444,67,8364
1925,1.000000,91,sensor_time,/home/letandat/Dev/uav-navigation/src/navigation_estimator/fast_lio_ros/config/mid360_mutual_avoidance_uav1.yaml,ee37646f3b4668f13cad1febce5b79dcaa5f896c91709a9ca80740c72dcb0a3e,521,91,true,40,1,39,0.975000,0.000000,0.000000,0.002107,true,840,CORRECTED,0.000042,17767,8,0,3,1701245217291280296,0,SUCCEEDED,1941,20830,2,1701245217291280296,21,true,124,272,12,91,LIDAR_CORRECTION_CONVERGED,1785256489631001946,true,13831,0.039590,8055247,525,91,1758,TRACKING,0.747253,68,21180
1625,1.000000,92,sensor_time,/home/letandat/Dev/uav-navigation/src/navigation_estimator/fast_lio_ros/config/mid360_mutual_avoidance_uav1.yaml,ee37646f3b4668f13cad1febce5b79dcaa5f896c91709a9ca80740c72dcb0a3e,527,92,true,41,1,40,0.975610,0.000000,0.000000,0.002105,true,947,CORRECTED,0.000108,17161,8,0,3,1701245217325351503,0,SUCCEEDED,2235,21186,2,1701245217325351503,21,true,139,254,12,92,LIDAR_CORRECTION_CONVERGED,1785256489667163133,true,13998,0.054226,8055247,531,92,2273,TRACKING,0.750000,69,23313
1625,1.000000,93,,/home/letandat/Dev/uav-navigation/src/navigation_estimator/fast_lio_ros/config/mid360_mutual_avoidance_uav1.yaml,ee37646f3b4668f13cad1febce5b79dcaa5f896c91709a9ca80740c72dcb0a3e,532,93,false,41,1,40,0.975610,0.000000,0.000000,0.002105,true,947,UNAVAILABLE,0.000108,17161,8,0,3,1701245217325351503,1,NOT_ATTEMPTED,2235,21186,2,-1,22,false,139,254,12,93,OVERLAPPING_LIDAR_INTERVAL previous_synchronized_end_ns=1701245217325351503 current_scan_start_ns=1701245217325094461 current_scan_end_ns=1701245217357729461 overlap_duration_ns=257042 scan_index=90,1785256489675847295,false,13998,0.054226,8055247,533,93,2273,TRACKING,0.741935,69,23313
1863,1.000000,94,sensor_time,/home/letandat/Dev/uav-navigation/src/navigation_estimator/fast_lio_ros/config/mid360_mutual_avoidance_uav1.yaml,ee37646f3b4668f13cad1febce5b79dcaa5f896c91709a9ca80740c72dcb0a3e,539,94,true,42,1,41,0.976190,0.000000,0.000000,0.002105,true,878,CORRECTED,0.000094,16761,14,0,3,1701245217391843345,0,SUCCEEDED,1717,21408,2,1701245217391843345,22,true,254,277,12,94,LIDAR_CORRECTION_CONVERGED,1785256489730297707,true,12978,0.036862,8055247,542,94,2273,TRACKING,0.744681,70,20259
1863,1.000000,95,,/home/letandat/Dev/uav-navigation/src/navigation_estimator/fast_lio_ros/config/mid360_mutual_avoidance_uav1.yaml,ee37646f3b4668f13cad1febce5b79dcaa5f896c91709a9ca80740c72dcb0a3e,544,95,false,42,1,41,0.976190,0.000000,0.000000,0.002105,true,878,UNAVAILABLE,0.000094,16761,14,0,3,1701245217391843345,1,NOT_ATTEMPTED,1717,21408,2,-1,23,false,254,277,12,95,OVERLAPPING_LIDAR_INTERVAL previous_synchronized_end_ns=1701245217391843345 current_scan_start_ns=1701245217391524553 current_scan_end_ns=1701245217424159553 overlap_duration_ns=318792 scan_index=92,1785256489742666121,false,12978,0.036862,8055247,544,95,2273,TRACKING,0.736842,70,20259
587,1.000000,96,sensor_time,/home/letandat/Dev/uav-navigation/src/navigation_estimator/fast_lio_ros/config/mid360_mutual_avoidance_uav1.yaml,ee37646f3b4668f13cad1febce5b79dcaa5f896c91709a9ca80740c72dcb0a3e,550,96,true,43,1,42,0.976744,0.000000,0.000000,0.002117,true,835,CORRECTED,0.000241,6000,13,0,3,1701245217458248165,0,SUCCEEDED,584,21484,2,1701245217458248165,23,true,210,130,12,96,LIDAR_CORRECTION_CONVERGED,1785256489784534181,true,5129,0.047555,8055247,551,96,2273,TRACKING,0.739583,71,7973
1897,1.000000,97,sensor_time,/home/letandat/Dev/uav-navigation/src/navigation_estimator/fast_lio_ros/config/mid360_mutual_avoidance_uav1.yaml,ee37646f3b4668f13cad1febce5b79dcaa5f896c91709a9ca80740c72dcb0a3e,556,97,true,44,1,43,0.977273,0.000000,0.000000,0.002103,true,863,CORRECTED,0.000208,16954,8,0,3,1701245217491392162,0,SUCCEEDED,1908,21781,2,1701245217491392162,23,true,130,258,12,97,LIDAR_CORRECTION_CONVERGED,1785256489830094980,true,13230,0.041569,8055247,559,97,2273,TRACKING,0.742268,72,20384
1808,1.000000,98,sensor_time,/home/letandat/Dev/uav-navigation/src/navigation_estimator/fast_lio_ros/config/mid360_mutual_avoidance_uav1.yaml,ee37646f3b4668f13cad1febce5b79dcaa5f896c91709a9ca80740c72dcb0a3e,562,98,true,45,1,44,0.977778,0.000000,0.000000,0.002098,true,859,CORRECTED,0.000047,18210,8,0,3,1701245217525164154,0,SUCCEEDED,2224,22096,2,1701245217525164154,23,true,135,262,12,98,LIDAR_CORRECTION_CONVERGED,1785256489865627107,true,14994,0.048867,8055247,566,98,2273,TRACKING,0.744898,73,22070
517,1.000000,99,sensor_time,/home/letandat/Dev/uav-navigation/src/navigation_estimator/fast_lio_ros/config/mid360_mutual_avoidance_uav1.yaml,ee37646f3b4668f13cad1febce5b79dcaa5f896c91709a9ca80740c72dcb0a3e,567,99,true,46,1,45,0.978261,0.000000,0.000000,0.002104,true,930,CORRECTED,0.000067,5643,7,0,3,1701245217558193710,0,SUCCEEDED,637,22173,2,1701245217558193710,23,true,123,131,12,99,LIDAR_CORRECTION_CONVERGED,1785256489884467123,true,4829,0.049212,8055247,569,99,2273,TRACKING,0.747475,74,7715
1873,1.000000,100,sensor_time,/home/letandat/Dev/uav-navigation/src/navigation_estimator/fast_lio_ros/config/mid360_mutual_avoidance_uav1.yaml,ee37646f3b4668f13cad1febce5b79dcaa5f896c91709a9ca80740c72dcb0a3e,573,100,true,47,1,46,0.978723,0.000000,0.000000,0.002096,true,929,CORRECTED,0.000131,18525,8,0,3,1701245217591326263,0,SUCCEEDED,2200,22448,2,1701245217591326263,23,true,140,289,12,100,LIDAR_CORRECTION_CONVERGED,1785256489932413008,true,14774,0.042795,8055247,577,100,2273,TRACKING,0.750000,75,22334
1794,1.000000,101,sensor_time,/home/letandat/Dev/uav-navigation/src/navigation_estimator/fast_lio_ros/config/mid360_mutual_avoidance_uav1.yaml,ee37646f3b4668f13cad1febce5b79dcaa5f896c91709a9ca80740c72dcb0a3e,579,101,true,48,1,47,0.979167,0.000000,0.000000,0.002093,true,941,CORRECTED,0.000183,18164,8,0,3,1701245217625384357,0,SUCCEEDED,2117,22744,2,1701245217625384357,23,true,140,282,12,101,LIDAR_CORRECTION_CONVERGED,1785256489966078421,true,14881,0.045686,8055247,583,101,2273,TRACKING,0.752475,76,22057
1794,1.000000,102,,/home/letandat/Dev/uav-navigation/src/navigation_estimator/fast_lio_ros/config/mid360_mutual_avoidance_uav1.yaml,ee37646f3b4668f13cad1febce5b79dcaa5f896c91709a9ca80740c72dcb0a3e,585,102,false,48,1,47,0.979167,0.000000,0.000000,0.002093,true,941,UNAVAILABLE,0.000183,18164,8,0,3,1701245217625384357,1,NOT_ATTEMPTED,2117,22744,2,-1,24,false,140,282,12,102,OVERLAPPING_LIDAR_INTERVAL previous_synchronized_end_ns=1701245217625384357 current_scan_start_ns=1701245217625072002 current_scan_end_ns=1701245217657707002 overlap_duration_ns=312355 scan_index=99,1785256489976044171,false,14881,0.045686,8055247,585,102,2273,TRACKING,0.745098,76,22057
1951,1.000000,103,sensor_time,/home/letandat/Dev/uav-navigation/src/navigation_estimator/fast_lio_ros/config/mid360_mutual_avoidance_uav1.yaml,ee37646f3b4668f13cad1febce5b79dcaa5f896c91709a9ca80740c72dcb0a3e,591,103,true,49,1,48,0.979592,0.000000,0.000000,0.002094,true,933,CORRECTED,0.000188,19480,14,0,3,1701245217691833284,0,SUCCEEDED,1979,22977,2,1701245217691833284,24,true,255,299,12,103,LIDAR_CORRECTION_CONVERGED,1785256490033348944,true,15369,0.037812,8055247,595,103,2273,TRACKING,0.747573,77,23366
1951,1.000000,104,,/home/letandat/Dev/uav-navigation/src/navigation_estimator/fast_lio_ros/config/mid360_mutual_avoidance_uav1.yaml,ee37646f3b4668f13cad1febce5b79dcaa5f896c91709a9ca80740c72dcb0a3e,596,104,false,49,1,48,0.979592,0.000000,0.000000,0.002094,true,933,UNAVAILABLE,0.000188,19480,14,0,3,1701245217691833284,1,NOT_ATTEMPTED,1979,22977,2,-1,25,false,255,299,12,104,OVERLAPPING_LIDAR_INTERVAL previous_synchronized_end_ns=1701245217691833284 current_scan_start_ns=1701245217691550970 current_scan_end_ns=1701245217724185970 overlap_duration_ns=282314 scan_index=101,1785256490042683721,false,15369,0.037812,8055247,597,104,2273,TRACKING,0.740385,77,23366
491,1.000000,105,sensor_time,/home/letandat/Dev/uav-navigation/src/navigation_estimator/fast_lio_ros/config/mid360_mutual_avoidance_uav1.yaml,ee37646f3b4668f13cad1febce5b79dcaa5f896c91709a9ca80740c72dcb0a3e,602,105,true,50,1,49,0.980000,0.000000,0.000000,0.002106,true,870,CORRECTED,0.000089,4709,13,0,3,1701245217758190182,0,SUCCEEDED,411,23022,2,1701245217758190182,25,true,214,147,12,105,LIDAR_CORRECTION_CONVERGED,1785256490083284062,true,4005,0.042177,8055247,603,105,2273,TRACKING,0.742857,78,6639
1954,1.000000,106,sensor_time,/home/letandat/Dev/uav-navigation/src/navigation_estimator/fast_lio_ros/config/mid360_mutual_avoidance_uav1.yaml,ee37646f3b4668f13cad1febce5b79dcaa5f896c91709a9ca80740c72dcb0a3e,608,106,true,51,1,50,0.980392,0.000000,0.000000,0.002093,true,877,CORRECTED,0.000386,19768,8,0,3,1701245217791400697,0,SUCCEEDED,2388,23306,2,1701245217791400697,25,true,148,281,12,106,LIDAR_CORRECTION_CONVERGED,1785256490136106014,true,15898,0.043084,8055247,612,106,2385,TRACKING,0.745283,79,26165
1808,1.000000,107,sensor_time,/home/letandat/Dev/uav-navigation/src/navigation_estimator/fast_lio_ros/config/mid360_mutual_avoidance_uav1.yaml,ee37646f3b4668f13cad1febce5b79dcaa5f896c91709a9ca80740c72dcb0a3e,614,107,true,52,1,51,0.980769,0.000000,0.000000,0.002089,true,953,CORRECTED,0.000261,12314,8,0,2,1701245217825181511,0,SUCCEEDED,2112,23567,2,1701245217825181511,25,true,147,288,12,107,LIDAR_CORRECTION_CONVERGED,1785256490159841819,true,9998,0.041196,8055247,617,107,2385,TRACKING,0.747664,80,16280
462,1.000000,108,sensor_time,/home/letandat/Dev/uav-navigation/src/navigation_estimator/fast_lio_ros/config/mid360_mutual_avoidance_uav1.yaml,ee37646f3b4668f13cad1febce5b79dcaa5f896c91709a9ca80740c72dcb0a3e,619,108,true,53,1,52,0.981132,0.000000,0.000000,0.002094,true,818,CORRECTED,0.000054,4279,7,0,3,1701245217858146217,0,SUCCEEDED,407,23616,2,1701245217858146217,25,true,108,129,12,108,LIDAR_CORRECTION_CONVERGED,1785256490182584971,true,3666,0.043922,8055247,621,108,2385,TRACKING,0.750000,81,5961
1964,1.000000,109,sensor_time,/home/letandat/Dev/uav-navigation/src/navigation_estimator/fast_lio_ros/config/mid360_mutual_avoidance_uav1.yaml,ee37646f3b4668f13cad1febce5b79dcaa5f896c91709a9ca80740c72dcb0a3e,625,109,true,54,1,53,0.981481,0.000000,0.000000,0.002088,true,864,CORRECTED,0.000118,19706,8,0,3,1701245217891317156,0,SUCCEEDED,2338,23862,2,1701245217891317156,25,true,127,279,12,109,LIDAR_CORRECTION_CONVERGED,1785256490233478818,true,15610,0.038934,8055247,629,109,2385,TRACKING,0.752294,82,23583
1867,1.000000,110,sensor_time,/home/letandat/Dev/uav-navigation/src/navigation_estimator/fast_lio_ros/config/mid360_mutual_avoidance_uav1.yaml,ee37646f3b4668f13cad1febce5b79dcaa5f896c91709a9ca80740c72dcb0a3e,631,110,true,55,1,54,0.981818,0.000000,0.000000,0.002085,true,931,CORRECTED,0.000184,18612,8,0,3,1701245217925356891,0,SUCCEEDED,2229,24122,2,1701245217925356891,25,true,135,312,12,110,LIDAR_CORRECTION_CONVERGED,1785256490266572350,true,14872,0.039158,8055247,635,110,2385,TRACKING,0.754545,83,22628
1867,1.000000,111,,/home/letandat/Dev/uav-navigation/src/navigation_estimator/fast_lio_ros/config/mid360_mutual_avoidance_uav1.yaml,ee37646f3b4668f13cad1febce5b79dcaa5f896c91709a9ca80740c72dcb0a3e,637,111,false,55,1,54,0.981818,0.000000,0.000000,0.002085,true,931,UNAVAILABLE,0.000184,18612,8,0,3,1701245217925356891,1,NOT_ATTEMPTED,2229,24122,2,-1,26,false,135,312,12,111,OVERLAPPING_LIDAR_INTERVAL previous_synchronized_end_ns=1701245217925356891 current_scan_start_ns=1701245217925069571 current_scan_end_ns=1701245217957704571 overlap_duration_ns=287320 scan_index=108,1785256490276202092,false,14872,0.039158,8055247,637,111,2385,TRACKING,0.747748,83,22628
1936,1.000000,112,sensor_time,/home/letandat/Dev/uav-navigation/src/navigation_estimator/fast_lio_ros/config/mid360_mutual_avoidance_uav1.yaml,ee37646f3b4668f13cad1febce5b79dcaa5f896c91709a9ca80740c72dcb0a3e,643,112,true,56,1,55,0.982143,0.000000,0.000000,0.002087,true,863,CORRECTED,0.000213,19755,14,0,3,1701245217991874960,0,SUCCEEDED,1971,24376,2,1701245217991874960,26,true,249,302,12,112,LIDAR_CORRECTION_CONVERGED,1785256490333940446,true,15920,0.041027,8055247,647,112,2385,TRACKING,0.750000,84,23521
1936,1.000000,113,,/home/letandat/Dev/uav-navigation/src/navigation_estimator/fast_lio_ros/config/mid360_mutual_avoidance_uav1.yaml,ee37646f3b4668f13cad1febce5b79dcaa5f896c91709a9ca80740c72dcb0a3e,648,113,false,56,1,55,0.982143,0.000000,0.000000,0.002087,true,863,UNAVAILABLE,0.000213,19755,14,0,3,1701245217991874960,1,NOT_ATTEMPTED,1971,24376,2,-1,27,false,249,302,12,113,OVERLAPPING_LIDAR_INTERVAL previous_synchronized_end_ns=1701245217991874960 current_scan_start_ns=1701245217991471529 current_scan_end_ns=1701245218024106529 overlap_duration_ns=403431 scan_index=110,1785256490342375851,false,15920,0.041027,8055247,648,113,2385,TRACKING,0.743363,84,23521
394,1.000000,114,sensor_time,/home/letandat/Dev/uav-navigation/src/navigation_estimator/fast_lio_ros/config/mid360_mutual_avoidance_uav1.yaml,ee37646f3b4668f13cad1febce5b79dcaa5f896c91709a9ca80740c72dcb0a3e,654,114,true,57,1,56,0.982456,0.000000,0.000000,0.002100,true,865,CORRECTED,0.000066,3824,13,0,3,1701245218058225897,0,SUCCEEDED,347,24413,2,1701245218058225897,27,true,212,120,12,114,LIDAR_CORRECTION_CONVERGED,1785256490382145040,true,3282,0.044463,8055247,655,114,2385,TRACKING,0.745614,85,5612
1868,1.000000,115,sensor_time,/home/letandat/Dev/uav-navigation/src/navigation_estimator/fast_lio_ros/config/mid360_mutual_avoidance_uav1.yaml,ee37646f3b4668f13cad1febce5b79dcaa5f896c91709a9ca80740c72dcb0a3e,660,115,true,58,1,57,0.982759,0.000000,0.000000,0.002088,true,872,CORRECTED,0.000308,18972,8,0,3,1701245218091399696,0,SUCCEEDED,2175,24668,2,1701245218091399696,27,true,128,274,12,115,LIDAR_CORRECTION_CONVERGED,1785256490432493510,true,15520,0.041232,8055247,664,115,2385,TRACKING,0.747826,86,22700
1951,1.000000,116,sensor_time,/home/letandat/Dev/uav-navigation/src/navigation_estimator/fast_lio_ros/config/mid360_mutual_avoidance_uav1.yaml,ee37646f3b4668f13cad1febce5b79dcaa5f896c91709a9ca80740c72dcb0a3e,666,116,true,59,1,58,0.983051,0.000000,0.000000,0.002082,true,919,CORRECTED,0.000053,19283,8,0,3,1701245218125148800,0,SUCCEEDED,2184,24879,2,1701245218125148800,27,true,141,287,12,116,LIDAR_CORRECTION_CONVERGED,1785256490466978815,true,15363,0.040146,8055247,670,116,2385,TRACKING,0.750000,87,23220
1951,1.000000,117,,/home/letandat/Dev/uav-navigation/src/navigation_estimator/fast_lio_ros/config/mid360_mutual_avoidance_uav1.yaml,ee37646f3b4668f13cad1febce5b79dcaa5f896c91709a9ca80740c72dcb0a3e,672,117,false,59,1,58,0.983051,0.000000,0.000000,0.002082,true,919,UNAVAILABLE,0.000053,19283,8,0,3,1701245218125148800,1,NOT_ATTEMPTED,2184,24879,2,-1,28,false,141,287,12,117,OVERLAPPING_LIDAR_INTERVAL previous_synchronized_end_ns=1701245218125148800 current_scan_start_ns=1701245218124939680 current_scan_end_ns=1701245218157574680 overlap_duration_ns=209120 scan_index=114,1785256490475867104,false,15363,0.040146,8055247,672,117,2385,TRACKING,0.743590,87,23220
1738,1.000000,118,sensor_time,/home/letandat/Dev/uav-navigation/src/navigation_estimator/fast_lio_ros/config/mid360_mutual_avoidance_uav1.yaml,ee37646f3b4668f13cad1febce5b79dcaa5f896c91709a9ca80740c72dcb0a3e,677,118,true,60,1,59,0.983333,0.000000,0.000000,0.002084,true,845,CORRECTED,0.000238,16972,13,0,3,1701245218191338804,0,SUCCEEDED,2052,25091,2,1701245218191338804,28,true,201,280,12,118,LIDAR_CORRECTION_CONVERGED,1785256490530565367,true,13918,0.044228,8055247,681,118,2385,TRACKING,0.745763,88,20796
2053,1.000000,119,sensor_time,/home/letandat/Dev/uav-navigation/src/navigation_estimator/fast_lio_ros/config/mid360_mutual_avoidance_uav1.yaml,ee37646f3b4668f13cad1febce5b79dcaa5f896c91709a9ca80740c72dcb0a3e,683,119,true,61,1,60,0.983607,0.000000,0.000000,0.002080,true,931,CORRECTED,0.000079,20789,8,0,3,1701245218225391653,0,SUCCEEDED,2457,25298,2,1701245218225391653,28,true,136,311,12,119,LIDAR_CORRECTION_CONVERGED,1785256490571737870,true,16688,0.038147,8055247,688,119,2506,TRACKING,0.747899,89,27493
2053,1.000000,120,,/home/letandat/Dev/uav-navigation/src/navigation_estimator/fast_lio_ros/config/mid360_mutual_avoidance_uav1.yaml,ee37646f3b4668f13cad1febce5b79dcaa5f896c91709a9ca80740c72dcb0a3e,689,120,false,61,1,60,0.983607,0.000000,0.000000,0.002080,true,931,UNAVAILABLE,0.000079,20789,8,0,3,1701245218225391653,1,NOT_ATTEMPTED,2457,25298,2,-1,29,false,136,311,12,120,OVERLAPPING_LIDAR_INTERVAL previous_synchronized_end_ns=1701245218225391653 current_scan_start_ns=1701245218225128174 current_scan_end_ns=1701245218257763174 overlap_duration_ns=263479 scan_index=117,1785256490576158455,false,16688,0.038147,8055247,689,120,2506,TRACKING,0.741667,89,27493
1600,1.000000,121,sensor_time,/home/letandat/Dev/uav-navigation/src/navigation_estimator/fast_lio_ros/config/mid360_mutual_avoidance_uav1.yaml,ee37646f3b4668f13cad1febce5b79dcaa5f896c91709a9ca80740c72dcb0a3e,695,121,true,62,1,61,0.983871,0.000000,0.000000,0.002083,true,876,CORRECTED,0.000247,15899,14,0,3,1701245218291860607,0,SUCCEEDED,1812,25469,2,1701245218291860607,29,true,229,314,12,121,LIDAR_CORRECTION_CONVERGED,1785256490629837099,true,13421,0.040319,8055247,698,121,2506,TRACKING,0.743802,90,19559
1600,1.000000,122,,/home/letandat/Dev/uav-navigation/src/navigation_estimator/fast_lio_ros/config/mid360_mutual_avoidance_uav1.yaml,ee37646f3b4668f13cad1febce5b79dcaa5f896c91709a9ca80740c72dcb0a3e,700,122,false,62,1,61,0.983871,0.000000,0.000000,0.002083,true,876,UNAVAILABLE,0.000247,15899,14,0,3,1701245218291860607,1,NOT_ATTEMPTED,1812,25469,2,-1,30,false,229,314,12,122,OVERLAPPING_LIDAR_INTERVAL previous_synchronized_end_ns=1701245218291860607 current_scan_start_ns=1701245218291592598 current_scan_end_ns=1701245218324227598 overlap_duration_ns=268009 scan_index=119,1785256490642735946,false,13421,0.040319,8055247,701,122,2506,TRACKING,0.737705,90,19559
519,1.000000,123,sensor_time,/home/letandat/Dev/uav-navigation/src/navigation_estimator/fast_lio_ros/config/mid360_mutual_avoidance_uav1.yaml,ee37646f3b4668f13cad1febce5b79dcaa5f896c91709a9ca80740c72dcb0a3e,706,123,true,63,1,62,0.984127,0.000000,0.000000,0.002095,true,934,CORRECTED,0.000001,5761,13,0,3,1701245218358187225,0,SUCCEEDED,587,25518,2,1701245218358187225,30,true,223,137,12,123,LIDAR_CORRECTION_CONVERGED,1785256490684484792,true,4964,0.045337,8055247,708,123,2506,TRACKING,0.739837,91,7810
1492,1.000000,124,sensor_time,/home/letandat/Dev/uav-navigation/src/navigation_estimator/fast_lio_ros/config/mid360_mutual_avoidance_uav1.yaml,ee37646f3b4668f13cad1febce5b79dcaa5f896c91709a9ca80740c72dcb0a3e,712,124,true,64,1,63,0.984375,0.000000,0.000000,0.002087,true,883,CORRECTED,0.000432,15668,8,0,3,1701245218391396787,0,SUCCEEDED,1761,25709,2,1701245218391396787,30,true,128,258,12,124,LIDAR_CORRECTION_CONVERGED,1785256490728640601,true,13326,0.045609,8055247,715,124,2506,TRACKING,0.741935,92,18888
2006,1.000000,125,sensor_time,/home/letandat/Dev/uav-navigation/src/navigation_estimator/fast_lio_ros/config/mid360_mutual_avoidance_uav1.yaml,ee37646f3b4668f13cad1febce5b79dcaa5f896c91709a9ca80740c72dcb0a3e,718,125,true,65,1,64,0.984615,0.000000,0.000000,0.002079,true,870,CORRECTED,0.000128,19783,8,0,3,1701245218425141599,0,SUCCEEDED,2112,25903,2,1701245218425141599,30,true,137,312,12,125,LIDAR_CORRECTION_CONVERGED,1785256490767021445,true,15711,0.036296,8055247,722,125,2506,TRACKING,0.744000,93,23528
583,1.000000,126,sensor_time,/home/letandat/Dev/uav-navigation/src/navigation_estimator/fast_lio_ros/config/mid360_mutual_avoidance_uav1.yaml,ee37646f3b4668f13cad1febce5b79dcaa5f896c91709a9ca80740c72dcb0a3e,724,126,true,66,1,65,0.984848,0.000000,0.000000,0.002083,true,880,CORRECTED,0.000100,6286,8,0,3,1701245218458159473,0,SUCCEEDED,677,25951,2,1701245218458159473,30,true,137,155,12,126,LIDAR_CORRECTION_CONVERGED,1785256490784792274,true,5394,0.042993,8055247,725,126,2506,TRACKING,0.746032,94,8473
1501,1.000000,127,sensor_time,/home/letandat/Dev/uav-navigation/src/navigation_estimator/fast_lio_ros/config/mid360_mutual_avoidance_uav1.yaml,ee37646f3b4668f13cad1febce5b79dcaa5f896c91709a9ca80740c72dcb0a3e,729,127,true,67,1,66,0.985075,0.000000,0.000000,0.002081,true,899,CORRECTED,0.000153,15046,7,0,3,1701245218491317060,0,SUCCEEDED,1663,26129,2,1701245218491317060,30,true,113,245,12,127,LIDAR_CORRECTION_CONVERGED,1785256490827806900,true,12715,0.041962,8055247,733,127,2506,TRACKING,0.748031,95,18157
1936,1.000000,128,sensor_time,/home/letandat/Dev/uav-navigation/src/navigation_estimator/fast_lio_ros/config/mid360_mutual_avoidance_uav1.yaml,ee37646f3b4668f13cad1febce5b79dcaa5f896c91709a9ca80740c72dcb0a3e,735,128,true,68,1,67,0.985294,0.000000,0.000000,0.002076,true,866,CORRECTED,0.000057,18559,8,0,3,1701245218525358942,0,SUCCEEDED,2182,26298,2,1701245218525358942,30,true,125,292,12,128,LIDAR_CORRECTION_CONVERGED,1785256490865962362,true,14900,0.033253,8055247,739,128,2506,TRACKING,0.750000,96,22322
1936,1.000000,129,,/home/letandat/Dev/uav-navigation/src/navigation_estimator/fast_lio_ros/config/mid360_mutual_avoidance_uav1.yaml,ee37646f3b4668f13cad1febce5b79dcaa5f896c91709a9ca80740c72dcb0a3e,741,129,false,68,1,67,0.985294,0.000000,0.000000,0.002076,true,866,UNAVAILABLE,0.000057,18559,8,0,3,1701245218525358942,1,NOT_ATTEMPTED,2182,26298,2,-1,31,false,125,292,12,129,OVERLAPPING_LIDAR_INTERVAL previous_synchronized_end_ns=1701245218525358942 current_scan_start_ns=1701245218525099039 current_scan_end_ns=1701245218557734039 overlap_duration_ns=259903 scan_index=126,1785256490876073907,false,14900,0.033253,8055247,741,129,2506,TRACKING,0.744186,96,22322
1457,1.000000,130,sensor_time,/home/letandat/Dev/uav-navigation/src/navigation_estimator/fast_lio_ros/config/mid360_mutual_avoidance_uav1.yaml,ee37646f3b4668f13cad1febce5b79dcaa5f896c91709a9ca80740c72dcb0a3e,747,130,true,69,1,68,0.985507,0.000000,0.000000,0.002081,true,828,CORRECTED,0.000155,16099,14,0,3,1701245218591842678,0,SUCCEEDED,2481,26490,2,1701245218591842678,31,true,221,261,12,130,LIDAR_CORRECTION_CONVERGED,1785256490930581762,true,13551,0.045327,8055247,751,130,2506,TRACKING,0.746154,97,20348
1457,1.000000,131,,/home/letandat/Dev/uav-navigation/src/navigation_estimator/fast_lio_ros/config/mid360_mutual_avoidance_uav1.yaml,ee37646f3b4668f13cad1febce5b79dcaa5f896c91709a9ca80740c72dcb0a3e,753,131,false,69,1,68,0.985507,0.000000,0.000000,0.002081,true,828,UNAVAILABLE,0.000155,16099,14,0,3,1701245218591842678,1,NOT_ATTEMPTED,2481,26490,2,-1,32,false,221,261,12,131,OVERLAPPING_LIDAR_INTERVAL previous_synchronized_end_ns=1701245218591842678 current_scan_start_ns=1701245218591540575 current_scan_end_ns=1701245218624175575 overlap_duration_ns=302103 scan_index=128,1785256490942470505,false,13551,0.045327,8055247,753,131,2506,TRACKING,0.740458,97,20348
723,1.000000,132,sensor_time,/home/letandat/Dev/uav-navigation/src/navigation_estimator/fast_lio_ros/config/mid360_mutual_avoidance_uav1.yaml,ee37646f3b4668f13cad1febce5b79dcaa5f896c91709a9ca80740c72dcb0a3e,758,132,true,70,1,69,0.985714,0.000000,0.000000,0.002091,true,863,CORRECTED,0.000001,7844,13,0,3,1701245218658176925,0,SUCCEEDED,778,26552,2,1701245218658176925,32,true,225,159,12,132,LIDAR_CORRECTION_CONVERGED,1785256490986446516,true,6762,0.042472,8055247,760,132,2506,TRACKING,0.742424,98,10059
1327,1.000000,133,sensor_time,/home/letandat/Dev/uav-navigation/src/navigation_estimator/fast_lio_ros/config/mid360_mutual_avoidance_uav1.yaml,ee37646f3b4668f13cad1febce5b79dcaa5f896c91709a9ca80740c72dcb0a3e,764,133,true,71,1,70,0.985915,0.000000,0.000000,0.002086,true,914,CORRECTED,0.000194,14720,8,0,3,1701245218691380527,0,SUCCEEDED,1569,26708,2,1701245218691380527,32,true,136,247,12,133,LIDAR_CORRECTION_CONVERGED,1785256491030290793,true,12580,0.044002,8055247,768,133,2507,TRACKING,0.744361,99,20300
1895,1.000000,134,sensor_time,/home/letandat/Dev/uav-navigation/src/navigation_estimator/fast_lio_ros/config/mid360_mutual_avoidance_uav1.yaml,ee37646f3b4668f13cad1febce5b79dcaa5f896c91709a9ca80740c72dcb0a3e,770,134,true,72,1,71,0.986111,0.000000,0.000000,0.002077,true,875,CORRECTED,0.000051,17799,8,0,3,1701245218725158956,0,SUCCEEDED,1651,26889,2,1701245218725158956,32,true,133,291,12,134,LIDAR_CORRECTION_CONVERGED,1785256491064699477,true,14238,0.035698,8055247,774,134,2507,TRACKING,0.746269,100,21034
849,1.000000,135,sensor_time,/home/letandat/Dev/uav-navigation/src/navigation_estimator/fast_lio_ros/config/mid360_mutual_avoidance_uav1.yaml,ee37646f3b4668f13cad1febce5b79dcaa5f896c91709a9ca80740c72dcb0a3e,776,135,true,73,1,72,0.986301,0.000000,0.000000,0.002079,true,879,CORRECTED,0.000072,6228,8,0,2,1701245218758175638,0,SUCCEEDED,971,26959,2,1701245218758175638,32,true,143,196,12,135,LIDAR_CORRECTION_CONVERGED,1785256491085328295,true,5384,0.043154,8055247,777,135,2507,TRACKING,0.748148,101,8818
1282,1.000000,136,sensor_time,/home/letandat/Dev/uav-navigation/src/navigation_estimator/fast_lio_ros/config/mid360_mutual_avoidance_uav1.yaml,ee37646f3b4668f13cad1febce5b79dcaa5f896c91709a9ca80740c72dcb0a3e,781,136,true,74,1,73,0.986486,0.000000,0.000000,0.002079,true,879,CORRECTED,0.000122,13694,8,0,3,1701245218791354683,0,SUCCEEDED,1611,27087,2,1701245218791354683,32,true,128,223,12,136,LIDAR_CORRECTION_CONVERGED,1785256491126802817,true,11599,0.045243,8055247,784,136,2507,TRACKING,0.750000,102,16744
1855,1.000000,137,sensor_time,/home/letandat/Dev/uav-navigation/src/navigation_estimator/fast_lio_ros/config/mid360_mutual_avoidance_uav1.yaml,ee37646f3b4668f13cad1febce5b79dcaa5f896c91709a9ca80740c72dcb0a3e,787,137,true,75,1,74,0.986667,0.000000,0.000000,0.002075,true,913,CORRECTED,0.000061,16651,8,0,3,1701245218825455454,0,SUCCEEDED,1473,27234,2,1701245218825455454,32,true,130,424,12,137,LIDAR_CORRECTION_CONVERGED,1785256491163961003,true,13318,0.032271,8055247,791,137,2507,TRACKING,0.751825,103,19969
1855,1.000000,138,,/home/letandat/Dev/uav-navigation/src/navigation_estimator/fast_lio_ros/config/mid360_mutual_avoidance_uav1.yaml,ee37646f3b4668f13cad1febce5b79dcaa5f896c91709a9ca80740c72dcb0a3e,793,138,false,75,1,74,0.986667,0.000000,0.000000,0.002075,true,913,UNAVAILABLE,0.000061,16651,8,0,3,1701245218825455454,1,NOT_ATTEMPTED,1473,27234,2,-1,33,false,130,424,12,138,OVERLAPPING_LIDAR_INTERVAL previous_synchronized_end_ns=1701245218825455454 current_scan_start_ns=1701245218825052977 current_scan_end_ns=1701245218857687977 overlap_duration_ns=402477 scan_index=135,1785256491176050591,false,13318,0.032271,8055247,793,138,2507,TRACKING,0.746377,103,19969
1189,1.000000,139,sensor_time,/home/letandat/Dev/uav-navigation/src/navigation_estimator/fast_lio_ros/config/mid360_mutual_avoidance_uav1.yaml,ee37646f3b4668f13cad1febce5b79dcaa5f896c91709a9ca80740c72dcb0a3e,799,139,true,76,1,75,0.986842,0.000000,0.000000,0.002081,true,872,CORRECTED,0.000121,13319,13,0,3,1701245218891846683,0,SUCCEEDED,1387,27378,2,1701245218891846683,33,true,212,216,12,139,LIDAR_CORRECTION_CONVERGED,1785256491226526316,true,11487,0.045586,8055247,802,139,2507,TRACKING,0.748201,104,16382
1189,1.000000,140,,/home/letandat/Dev/uav-navigation/src/navigation_estimator/fast_lio_ros/config/mid360_mutual_avoidance_uav1.yaml,ee37646f3b4668f13cad1febce5b79dcaa5f896c91709a9ca80740c72dcb0a3e,805,140,false,76,1,75,0.986842,0.000000,0.000000,0.002081,true,872,UNAVAILABLE,0.000121,13319,13,0,3,1701245218891846683,1,NOT_ATTEMPTED,1387,27378,2,-1,34,false,212,216,12,140,OVERLAPPING_LIDAR_INTERVAL previous_synchronized_end_ns=1701245218891846683 current_scan_start_ns=1701245218891597509 current_scan_end_ns=1701245218924232509 overlap_duration_ns=249174 scan_index=137,1785256491242417278,false,11487,0.045586,8055247,805,140,2507,TRACKING,0.742857,104,16382
938,1.000000,141,sensor_time,/home/letandat/Dev/uav-navigation/src/navigation_estimator/fast_lio_ros/config/mid360_mutual_avoidance_uav1.yaml,ee37646f3b4668f13cad1febce5b79dcaa5f896c91709a9ca80740c72dcb0a3e,811,141,true,77,1,76,0.987013,0.000000,0.000000,0.002087,true,870,CORRECTED,0.000222,10522,13,0,3,1701245218958204057,0,SUCCEEDED,1142,27446,2,1701245218958204057,34,true,224,185,12,141,LIDAR_CORRECTION_CONVERGED,1785256491289473876,true,9014,0.042442,8055247,813,141,2507,TRACKING,0.744681,105,13125
1022,1.000000,142,sensor_time,/home/letandat/Dev/uav-navigation/src/navigation_estimator/fast_lio_ros/config/mid360_mutual_avoidance_uav1.yaml,ee37646f3b4668f13cad1febce5b79dcaa5f896c91709a9ca80740c72dcb0a3e,816,142,true,78,1,77,0.987179,0.000000,0.000000,0.002085,true,880,CORRECTED,0.000107,10988,8,0,3,1701245218991395023,0,SUCCEEDED,1396,27524,2,1701245218991395023,34,true,126,193,12,142,LIDAR_CORRECTION_CONVERGED,1785256491323815737,true,9346,0.041705,8055247,819,142,2507,TRACKING,0.746479,106,13781
1795,1.000000,143,sensor_time,/home/letandat/Dev/uav-navigation/src/navigation_estimator/fast_lio_ros/config/mid360_mutual_avoidance_uav1.yaml,ee37646f3b4668f13cad1febce5b79dcaa5f896c91709a9ca80740c72dcb0a3e,822,143,true,79,1,78,0.987342,0.000000,0.000000,0.002076,true,875,CORRECTED,0.000265,16070,8,0,3,1701245219025145796,0,SUCCEEDED,1333,27625,2,1701245219025145796,34,true,126,286,12,143,LIDAR_CORRECTION_CONVERGED,1785256491362574525,true,12612,0.029035,8055247,826,143,2507,TRACKING,0.748252,107,18968
970,1.000000,144,sensor_time,/home/letandat/Dev/uav-navigation/src/navigation_estimator/fast_lio_ros/config/mid360_mutual_avoidance_uav1.yaml,ee37646f3b4668f13cad1febce5b79dcaa5f896c91709a9ca80740c72dcb0a3e,828,144,true,80,1,79,0.987500,0.000000,0.000000,0.002076,true,830,CORRECTED,0.000077,11042,8,0,3,1701245219058196333,0,SUCCEEDED,1144,27699,2,1701245219058196333,34,true,126,194,12,144,LIDAR_CORRECTION_CONVERGED,1785256491390118063,true,9544,0.041666,8055247,830,144,2507,TRACKING,0.750000,108,13561
955,1.000000,145,sensor_time,/home/letandat/Dev/uav-navigation/src/navigation_estimator/fast_lio_ros/config/mid360_mutual_avoidance_uav1.yaml,ee37646f3b4668f13cad1febce5b79dcaa5f896c91709a9ca80740c72dcb0a3e,833,145,true,81,1,80,0.987654,0.000000,0.000000,0.002078,true,834,CORRECTED,0.000250,11423,8,0,3,1701245219091331270,0,SUCCEEDED,1129,27768,2,1701245219091331270,34,true,122,209,12,145,LIDAR_CORRECTION_CONVERGED,1785256491426830953,true,9877,0.043986,8055247,837,145,2685,TRACKING,0.751724,109,16606
1831,1.000000,146,sensor_time,/home/letandat/Dev/uav-navigation/src/navigation_estimator/fast_lio_ros/config/mid360_mutual_avoidance_uav1.yaml,ee37646f3b4668f13cad1febce5b79dcaa5f896c91709a9ca80740c72dcb0a3e,839,146,true,82,1,81,0.987805,0.000000,0.000000,0.002073,true,881,CORRECTED,0.000111,16738,8,0,3,1701245219125353601,0,SUCCEEDED,1934,27876,2,1701245219125353601,34,true,126,289,12,146,LIDAR_CORRECTION_CONVERGED,1785256491464015877,true,13284,0.028505,8055247,843,146,2685,TRACKING,0.753425,110,20261
1831,1.000000,147,,/home/letandat/Dev/uav-navigation/src/navigation_estimator/fast_lio_ros/config/mid360_mutual_avoidance_uav1.yaml,ee37646f3b4668f13cad1febce5b79dcaa5f896c91709a9ca80740c72dcb0a3e,845,147,false,82,1,81,0.987805,0.000000,0.000000,0.002073,true,881,UNAVAILABLE,0.000111,16738,8,0,3,1701245219125353601,1,NOT_ATTEMPTED,1934,27876,2,-1,35,false,126,289,12,147,OVERLAPPING_LIDAR_INTERVAL previous_synchronized_end_ns=1701245219125353601 current_scan_start_ns=1701245219125086784 current_scan_end_ns=1701245219157721784 overlap_duration_ns=266817 scan_index=144,1785256491476035570,false,13284,0.028505,8055247,845,147,2685,TRACKING,0.748299,110,20261
889,1.000000,148,sensor_time,/home/letandat/Dev/uav-navigation/src/navigation_estimator/fast_lio_ros/config/mid360_mutual_avoidance_uav1.yaml,ee37646f3b4668f13cad1febce5b79dcaa5f896c91709a9ca80740c72dcb0a3e,851,148,true,83,1,82,0.987952,0.000000,0.000000,0.002081,true,933,CORRECTED,0.000088,10588,13,0,3,1701245219191854503,0,SUCCEEDED,1258,27949,2,1701245219191854503,35,true,248,188,12,148,LIDAR_CORRECTION_CONVERGED,1785256491523390702,true,9130,0.042124,8055247,853,148,2685,TRACKING,0.750000,111,13432
889,1.000000,149,,/home/letandat/Dev/uav-navigation/src/navigation_estimator/fast_lio_ros/config/mid360_mutual_avoidance_uav1.yaml,ee37646f3b4668f13cad1febce5b79dcaa5f896c91709a9ca80740c72dcb0a3e,857,149,false,83,1,82,0.987952,0.000000,0.000000,0.002081,true,933,UNAVAILABLE,0.000088,10588,13,0,3,1701245219191854503,1,NOT_ATTEMPTED,1258,27949,2,-1,36,false,248,188,12,149,OVERLAPPING_LIDAR_INTERVAL previous_synchronized_end_ns=1701245219191854503 current_scan_start_ns=1701245219191522598 current_scan_end_ns=1701245219224157598 overlap_duration_ns=331905 scan_index=146,1785256491542361630,false,9130,0.042124,8055247,857,149,2685,TRACKING,0.744966,111,13432
1206,1.000000,150,sensor_time,/home/letandat/Dev/uav-navigation/src/navigation_estimator/fast_lio_ros/config/mid360_mutual_avoidance_uav1.yaml,ee37646f3b4668f13cad1febce5b79dcaa5f896c91709a9ca80740c72dcb0a3e,863,150,true,84,1,83,0.988095,0.000000,0.000000,0.002083,true,869,CORRECTED,0.000466,12801,14,0,3,1701245219258181122,0,SUCCEEDED,1572,28085,2,1701245219258181122,36,true,239,216,12,150,LIDAR_CORRECTION_CONVERGED,1785256491592408934,true,10972,0.043517,8055247,865,150,2685,TRACKING,0.746667,112,15900
724,1.000000,151,sensor_time,/home/letandat/Dev/uav-navigation/src/navigation_estimator/fast_lio_ros/config/mid360_mutual_avoidance_uav1.yaml,ee37646f3b4668f13cad1febce5b79dcaa5f896c91709a9ca80740c72dcb0a3e,868,151,true,85,1,84,0.988235,0.000000,0.000000,0.002085,true,900,CORRECTED,0.000173,8356,7,0,3,1701245219291358497,0,SUCCEEDED,875,28130,2,1701245219291358497,36,true,133,184,12,151,LIDAR_CORRECTION_CONVERGED,1785256491620160792,true,7251,0.043686,8055247,870,151,2685,TRACKING,0.748344,113,10619
1870,1.000000,152,sensor_time,/home/letandat/Dev/uav-navigation/src/navigation_estimator/fast_lio_ros/config/mid360_mutual_avoidance_uav1.yaml,ee37646f3b4668f13cad1febce5b79dcaa5f896c91709a9ca80740c72dcb0a3e,874,152,true,86,1,85,0.988372,0.000000,0.000000,0.002074,true,874,CORRECTED,0.000330,17917,8,0,3,1701245219325127867,0,SUCCEEDED,1712,28234,2,1701245219325127867,36,true,135,298,12,152,LIDAR_CORRECTION_CONVERGED,1785256491664619324,true,13937,0.032244,8055247,878,152,2685,TRACKING,0.750000,114,21200
1303,1.000000,153,sensor_time,/home/letandat/Dev/uav-navigation/src/navigation_estimator/fast_lio_ros/config/mid360_mutual_avoidance_uav1.yaml,ee37646f3b4668f13cad1febce5b79dcaa5f896c91709a9ca80740c72dcb0a3e,880,153,true,87,1,86,0.988506,0.000000,0.000000,0.002073,true,932,CORRECTED,0.000136,15083,8,0,3,1701245219358130958,0,SUCCEEDED,1927,28377,2,1701245219358130958,36,true,145,249,12,153,LIDAR_CORRECTION_CONVERGED,1785256491695144991,true,12892,0.046741,8055247,883,153,2685,TRACKING,0.751634,115,18700
748,1.000000,154,sensor_time,/home/letandat/Dev/uav-navigation/src/navigation_estimator/fast_lio_ros/config/mid360_mutual_avoidance_uav1.yaml,ee37646f3b4668f13cad1febce5b79dcaa5f896c91709a9ca80740c72dcb0a3e,886,154,true,88,1,87,0.988636,0.000000,0.000000,0.002076,true,868,CORRECTED,0.000091,8959,8,0,3,1701245219391367939,0,SUCCEEDED,875,28434,2,1701245219391367939,36,true,155,171,12,154,LIDAR_CORRECTION_CONVERGED,1785256491720824343,true,7776,0.041508,8055247,888,154,2685,TRACKING,0.753247,116,11238
1868,1.000000,155,sensor_time,/home/letandat/Dev/uav-navigation/src/navigation_estimator/fast_lio_ros/config/mid360_mutual_avoidance_uav1.yaml,ee37646f3b4668f13cad1febce5b79dcaa5f896c91709a9ca80740c72dcb0a3e,891,155,true,89,1,88,0.988764,0.000000,0.000000,0.002071,true,897,CORRECTED,0.000161,17270,8,0,3,1701245219425351408,0,SUCCEEDED,1629,28587,2,1701245219425351408,36,true,128,292,12,155,LIDAR_CORRECTION_CONVERGED,1785256491764205811,true,13772,0.032962,8055247,895,155,2685,TRACKING,0.754839,117,20488
1868,1.000000,156,,/home/letandat/Dev/uav-navigation/src/navigation_estimator/fast_lio_ros/config/mid360_mutual_avoidance_uav1.yaml,ee37646f3b4668f13cad1febce5b79dcaa5f896c91709a9ca80740c72dcb0a3e,897,156,false,89,1,88,0.988764,0.000000,0.000000,0.002071,true,897,UNAVAILABLE,0.000161,17270,8,0,3,1701245219425351408,1,NOT_ATTEMPTED,1629,28587,2,-1,37,false,128,292,12,156,OVERLAPPING_LIDAR_INTERVAL previous_synchronized_end_ns=1701245219425351408 current_scan_start_ns=1701245219425073147 current_scan_end_ns=1701245219457708147 overlap_duration_ns=278261 scan_index=153,1785256491775836409,false,13772,0.032962,8055247,897,156,2685,TRACKING,0.750000,117,20488
687,1.000000,157,sensor_time,/home/letandat/Dev/uav-navigation/src/navigation_estimator/fast_lio_ros/config/mid360_mutual_avoidance_uav1.yaml,ee37646f3b4668f13cad1febce5b79dcaa5f896c91709a9ca80740c72dcb0a3e,903,157,true,90,1,89,0.988889,0.000000,0.000000,0.002081,true,869,CORRECTED,0.000142,8260,13,0,3,1701245219491823223,0,SUCCEEDED,774,28614,2,1701245219491823223,37,true,219,155,12,157,LIDAR_CORRECTION_CONVERGED,1785256491820813041,true,7159,0.039510,8055247,905,157,2685,TRACKING,0.751592,118,10688
687,1.000000,158,,/home/letandat/Dev/uav-navigation/src/navigation_estimator/fast_lio_ros/config/mid360_mutual_avoidance_uav1.yaml,ee37646f3b4668f13cad1febce5b79dcaa5f896c91709a9ca80740c72dcb0a3e,909,158,false,90,1,89,0.988889,0.000000,0.000000,0.002081,true,869,UNAVAILABLE,0.000142,8260,13,0,3,1701245219491823223,1,NOT_ATTEMPTED,774,28614,2,-1,38,false,219,155,12,158,OVERLAPPING_LIDAR_INTERVAL previous_synchronized_end_ns=1701245219491823223 current_scan_start_ns=1701245219491555929 current_scan_end_ns=1701245219524190929 overlap_duration_ns=267294 scan_index=155,1785256491842290349,false,7159,0.039510,8055247,909,158,2685,TRACKING,0.746835,118,10688
1440,1.000000,159,sensor_time,/home/letandat/Dev/uav-navigation/src/navigation_estimator/fast_lio_ros/config/mid360_mutual_avoidance_uav1.yaml,ee37646f3b4668f13cad1febce5b79dcaa5f896c91709a9ca80740c72dcb0a3e,915,159,true,91,1,90,0.989011,0.000000,0.000000,0.002080,true,1670,CORRECTED,0.000144,16244,14,0,3,1701245219558189180,0,SUCCEEDED,1835,28718,2,1701245219558189180,38,true,343,342,12,159,LIDAR_CORRECTION_CONVERGED,1785256491900195323,true,13918,0.041548,8055247,919,159,2780,TRACKING,0.748428,119,23450
571,1.000000,160,sensor_time,/home/letandat/Dev/uav-navigation/src/navigation_estimator/fast_lio_ros/config/mid360_mutual_avoidance_uav1.yaml,ee37646f3b4668f13cad1febce5b79dcaa5f896c91709a9ca80740c72dcb0a3e,920,160,true,92,1,91,0.989130,0.000000,0.000000,0.002083,true,938,CORRECTED,0.000029,6992,8,0,3,1701245219591400888,0,SUCCEEDED,746,28741,2,1701245219591400888,38,true,140,151,12,160,LIDAR_CORRECTION_CONVERGED,1785256491919107123,true,6049,0.037654,8055247,922,160,2780,TRACKING,0.750000,120,9146
1852,1.000000,161,sensor_time,/home/letandat/Dev/uav-navigation/src/navigation_estimator/fast_lio_ros/config/mid360_mutual_avoidance_uav1.yaml,ee37646f3b4668f13cad1febce5b79dcaa5f896c91709a9ca80740c72dcb0a3e,926,161,true,93,1,92,0.989247,0.000000,0.000000,0.002073,true,927,CORRECTED,0.000152,18588,7,0,3,1701245219625120428,0,SUCCEEDED,1973,28866,2,1701245219625120428,38,true,118,301,12,161,LIDAR_CORRECTION_CONVERGED,1785256491965877918,true,14907,0.031893,8055247,930,161,2780,TRACKING,0.751553,121,22207
1570,1.000000,162,sensor_time,/home/letandat/Dev/uav-navigation/src/navigation_estimator/fast_lio_ros/config/mid360_mutual_avoidance_uav1.yaml,ee37646f3b4668f13cad1febce5b79dcaa5f896c91709a9ca80740c72dcb0a3e,932,162,true,94,1,93,0.989362,0.000000,0.000000,0.002071,true,917,CORRECTED,0.000208,18328,8,0,3,1701245219658134487,0,SUCCEEDED,2043,29035,2,1701245219658134487,38,true,140,262,12,162,LIDAR_CORRECTION_CONVERGED,1785256491998956855,true,15388,0.041884,8055247,936,162,2780,TRACKING,0.753086,122,22102
515,1.000000,163,sensor_time,/home/letandat/Dev/uav-navigation/src/navigation_estimator/fast_lio_ros/config/mid360_mutual_avoidance_uav1.yaml,ee37646f3b4668f13cad1febce5b79dcaa5f896c91709a9ca80740c72dcb0a3e,938,163,true,95,1,94,0.989474,0.000000,0.000000,0.002075,true,928,CORRECTED,0.000071,6454,8,0,3,1701245219691287782,0,SUCCEEDED,569,29069,2,1701245219691287782,38,true,138,177,12,163,LIDAR_CORRECTION_CONVERGED,1785256492018157470,true,5626,0.041393,8055247,939,163,2780,TRACKING,0.754601,123,8482
1988,1.000000,164,sensor_time,/home/letandat/Dev/uav-navigation/src/navigation_estimator/fast_lio_ros/config/mid360_mutual_avoidance_uav1.yaml,ee37646f3b4668f13cad1febce5b79dcaa5f896c91709a9ca80740c72dcb0a3e,944,164,true,96,1,95,0.989583,0.000000,0.000000,0.002069,true,868,CORRECTED,0.000148,19811,8,0,3,1701245219725429085,0,SUCCEEDED,1967,29216,2,1701245219725429085,38,true,131,302,12,164,LIDAR_CORRECTION_CONVERGED,1785256492067094305,true,15645,0.035889,8055247,948,164,2780,TRACKING,0.756098,124,23370
1988,1.000000,165,,/home/letandat/Dev/uav-navigation/src/navigation_estimator/fast_lio_ros/config/mid360_mutual_avoidance_uav1.yaml,ee37646f3b4668f13cad1febce5b79dcaa5f896c91709a9ca80740c72dcb0a3e,949,165,false,96,1,95,0.989583,0.000000,0.000000,0.002069,true,868,UNAVAILABLE,0.000148,19811,8,0,3,1701245219725429085,1,NOT_ATTEMPTED,1967,29216,2,-1,39,false,131,302,12,165,OVERLAPPING_LIDAR_INTERVAL previous_synchronized_end_ns=1701245219725429085 current_scan_start_ns=1701245219725051641 current_scan_end_ns=1701245219757686641 overlap_duration_ns=377444 scan_index=162,1785256492076138480,false,15645,0.035889,8055247,949,165,2780,TRACKING,0.751515,124,23370
452,1.000000,166,sensor_time,/home/letandat/Dev/uav-navigation/src/navigation_estimator/fast_lio_ros/config/mid360_mutual_avoidance_uav1.yaml,ee37646f3b4668f13cad1febce5b79dcaa5f896c91709a9ca80740c72dcb0a3e,955,166,true,97,1,96,0.989691,0.000000,0.000000,0.002081,true,824,CORRECTED,0.000129,5479,13,0,3,1701245219791828897,0,SUCCEEDED,507,29239,2,1701245219791828897,39,true,208,131,12,166,LIDAR_CORRECTION_CONVERGED,1785256492117630390,true,4820,0.041480,8055247,957,166,2780,TRACKING,0.753012,125,7345
452,1.000000,167,,/home/letandat/Dev/uav-navigation/src/navigation_estimator/fast_lio_ros/config/mid360_mutual_avoidance_uav1.yaml,ee37646f3b4668f13cad1febce5b79dcaa5f896c91709a9ca80740c72dcb0a3e,961,167,false,97,1,96,0.989691,0.000000,0.000000,0.002081,true,824,UNAVAILABLE,0.000129,5479,13,0,3,1701245219791828897,1,NOT_ATTEMPTED,507,29239,2,-1,40,false,208,131,12,167,OVERLAPPING_LIDAR_INTERVAL previous_synchronized_end_ns=1701245219791828897 current_scan_start_ns=1701245219791520357 current_scan_end_ns=1701245219824155357 overlap_duration_ns=308540 scan_index=164,1785256492142674983,false,4820,0.041480,8055247,961,167,2780,TRACKING,0.748503,125,7345
1604,1.000000,168,sensor_time,/home/letandat/Dev/uav-navigation/src/navigation_estimator/fast_lio_ros/config/mid360_mutual_avoidance_uav1.yaml,ee37646f3b4668f13cad1febce5b79dcaa5f896c91709a9ca80740c72dcb0a3e,967,168,true,98,1,97,0.989796,0.000000,0.000000,0.002077,true,880,CORRECTED,0.000165,16674,14,0,3,1701245219858220365,0,SUCCEEDED,2351,29371,2,1701245219858220365,40,true,263,266,12,168,LIDAR_CORRECTION_CONVERGED,1785256492197277524,true,14114,0.042516,8055247,970,168,2780,TRACKING,0.750000,126,20725
422,1.000000,169,sensor_time,/home/letandat/Dev/uav-navigation/src/navigation_estimator/fast_lio_ros/config/mid360_mutual_avoidance_uav1.yaml,ee37646f3b4668f13cad1febce5b79dcaa5f896c91709a9ca80740c72dcb0a3e,972,169,true,99,1,98,0.989899,0.000000,0.000000,0.002081,true,893,CORRECTED,0.000094,5028,8,0,3,1701245219891374376,0,SUCCEEDED,431,29394,2,1701245219891374376,40,true,131,126,12,169,LIDAR_CORRECTION_CONVERGED,1785256492216707236,true,4400,0.044129,8055247,974,169,2780,TRACKING,0.751479,127,6788
2001,1.000000,170,sensor_time,/home/letandat/Dev/uav-navigation/src/navigation_estimator/fast_lio_ros/config/mid360_mutual_avoidance_uav1.yaml,ee37646f3b4668f13cad1febce5b79dcaa5f896c91709a9ca80740c72dcb0a3e,978,170,true,100,1,99,0.990000,0.000000,0.000000,0.002071,true,931,CORRECTED,0.000157,20697,7,0,3,1701245219925128963,0,SUCCEEDED,1942,29548,2,1701245219925128963,40,true,118,304,12,170,LIDAR_CORRECTION_CONVERGED,1785256492268030357,true,16961,0.036982,8055247,983,170,2780,TRACKING,0.752941,128,24258
2001,1.000000,171,,/home/letandat/Dev/uav-navigation/src/navigation_estimator/fast_lio_ros/config/mid360_mutual_avoidance_uav1.yaml,ee37646f3b4668f13cad1febce5b79dcaa5f896c91709a9ca80740c72dcb0a3e,984,171,false,100,1,99,0.990000,0.000000,0.000000,0.002071,true,931,UNAVAILABLE,0.000157,20697,7,0,3,1701245219925128963,1,NOT_ATTEMPTED,1942,29548,2,-1,41,false,118,304,12,171,OVERLAPPING_LIDAR_INTERVAL previous_synchronized_end_ns=1701245219925128963 current_scan_start_ns=1701245219924923658 current_scan_end_ns=1701245219957558658 overlap_duration_ns=205305 scan_index=168,1785256492275985583,false,16961,0.036982,8055247,984,171,2780,TRACKING,0.748538,128,24258
370,1.000000,172,sensor_time,/home/letandat/Dev/uav-navigation/src/navigation_estimator/fast_lio_ros/config/mid360_mutual_avoidance_uav1.yaml,ee37646f3b4668f13cad1febce5b79dcaa5f896c91709a9ca80740c72dcb0a3e,990,172,true,101,1,100,0.990099,0.000000,0.000000,0.002082,true,926,CORRECTED,0.000015,4488,14,0,3,1701245219991344955,0,SUCCEEDED,396,29569,2,1701245219991344955,41,true,236,119,12,172,LIDAR_CORRECTION_CONVERGED,1785256492319086408,true,3919,0.041822,8055247,992,172,2865,TRACKING,0.750000,129,9375
1945,1.000000,173,sensor_time,/home/letandat/Dev/uav-navigation/src/navigation_estimator/fast_lio_ros/config/mid360_mutual_avoidance_uav1.yaml,ee37646f3b4668f13cad1febce5b79dcaa5f896c91709a9ca80740c72dcb0a3e,996,173,true,102,1,101,0.990196,0.000000,0.000000,0.002072,true,873,CORRECTED,0.000259,20538,8,0,3,1701245220025342253,0,SUCCEEDED,1889,29727,2,1701245220025342253,41,true,123,295,12,173,LIDAR_CORRECTION_CONVERGED,1785256492367690322,true,16513,0.035722,8055247,1000,173,2865,TRACKING,0.751445,130,23972
1945,1.000000,174,,/home/letandat/Dev/uav-navigation/src/navigation_estimator/fast_lio_ros/config/mid360_mutual_avoidance_uav1.yaml,ee37646f3b4668f13cad1febce5b79dcaa5f896c91709a9ca80740c72dcb0a3e,1001,174,false,102,1,101,0.990196,0.000000,0.000000,0.002072,true,873,UNAVAILABLE,0.000259,20538,8,0,3,1701245220025342253,1,NOT_ATTEMPTED,1889,29727,2,-1,42,false,123,295,12,174,OVERLAPPING_LIDAR_INTERVAL previous_synchronized_end_ns=1701245220025342253 current_scan_start_ns=1701245220025036573 current_scan_end_ns=1701245220057671573 overlap_duration_ns=305680 scan_index=171,1785256492376038838,false,16513,0.035722,8055247,1002,174,2865,TRACKING,0.747126,130,23972
352,1.000000,175,sensor_time,/home/letandat/Dev/uav-navigation/src/navigation_estimator/fast_lio_ros/config/mid360_mutual_avoidance_uav1.yaml,ee37646f3b4668f13cad1febce5b79dcaa5f896c91709a9ca80740c72dcb0a3e,1007,175,true,103,1,102,0.990291,0.000000,0.000000,0.002083,true,880,CORRECTED,0.000166,4044,13,0,3,1701245220091870811,0,SUCCEEDED,317,29741,2,1701245220091870811,42,true,225,121,12,175,LIDAR_CORRECTION_CONVERGED,1785256492416018835,true,3541,0.038824,8055247,1008,175,2865,TRACKING,0.748571,131,5759
352,1.000000,176,,/home/letandat/Dev/uav-navigation/src/navigation_estimator/fast_lio_ros/config/mid360_mutual_avoidance_uav1.yaml,ee37646f3b4668f13cad1febce5b79dcaa5f896c91709a9ca80740c72dcb0a3e,1013,176,false,103,1,102,0.990291,0.000000,0.000000,0.002083,true,880,UNAVAILABLE,0.000166,4044,13,0,3,1701245220091870811,1,NOT_ATTEMPTED,317,29741,2,-1,43,false,225,121,12,176,OVERLAPPING_LIDAR_INTERVAL previous_synchronized_end_ns=1701245220091870811 current_scan_start_ns=1701245220091582060 current_scan_end_ns=1701245220124217060 overlap_duration_ns=288751 scan_index=173,1785256492442199941,false,3541,0.038824,8055247,1013,176,2865,TRACKING,0.744318,131,5759
1932,1.000000,177,sensor_time,/home/letandat/Dev/uav-navigation/src/navigation_estimator/fast_lio_ros/config/mid360_mutual_avoidance_uav1.yaml,ee37646f3b4668f13cad1febce5b79dcaa5f896c91709a9ca80740c72dcb0a3e,1019,177,true,104,1,103,0.990385,0.000000,0.000000,0.002073,true,932,CORRECTED,0.000366,13959,14,0,2,1701245220158220318,0,SUCCEEDED,2077,29898,2,1701245220158220318,43,true,247,302,12,177,LIDAR_CORRECTION_CONVERGED,1785256492494316187,true,11501,0.035963,8055247,1022,177,2865,TRACKING,0.745763,132,17779
307,1.000000,178,sensor_time,/home/letandat/Dev/uav-navigation/src/navigation_estimator/fast_lio_ros/config/mid360_mutual_avoidance_uav1.yaml,ee37646f3b4668f13cad1febce5b79dcaa5f896c91709a9ca80740c72dcb0a3e,1024,178,true,105,1,104,0.990476,0.000000,0.000000,0.002079,true,935,CORRECTED,0.000194,3935,8,0,3,1701245220191378382,0,SUCCEEDED,344,29923,2,1701245220191378382,43,true,139,115,12,178,LIDAR_CORRECTION_CONVERGED,1785256492515487306,true,3441,0.046859,8055247,1026,178,2865,TRACKING,0.747191,133,5729
307,1.000000,179,,/home/letandat/Dev/uav-navigation/src/navigation_estimator/fast_lio_ros/config/mid360_mutual_avoidance_uav1.yaml,ee37646f3b4668f13cad1febce5b79dcaa5f896c91709a9ca80740c72dcb0a3e,1030,179,false,105,1,104,0.990476,0.000000,0.000000,0.002079,true,935,UNAVAILABLE,0.000194,3935,8,0,3,1701245220191378382,1,NOT_ATTEMPTED,344,29923,2,-1,44,false,139,115,12,179,OVERLAPPING_LIDAR_INTERVAL previous_synchronized_end_ns=1701245220191378382 current_scan_start_ns=1701245220191179991 current_scan_end_ns=1701245220223814991 overlap_duration_ns=198391 scan_index=176,1785256492542044105,false,3441,0.046859,8055247,1030,179,2865,TRACKING,0.743017,133,5729
1948,1.000000,180,sensor_time,/home/letandat/Dev/uav-navigation/src/navigation_estimator/fast_lio_ros/config/mid360_mutual_avoidance_uav1.yaml,ee37646f3b4668f13cad1febce5b79dcaa5f896c91709a9ca80740c72dcb0a3e,1036,180,true,106,1,105,0.990566,0.000000,0.000000,0.002072,true,932,CORRECTED,0.000212,20640,13,0,3,1701245220258142975,0,SUCCEEDED,3205,30074,2,1701245220258142975,44,true,233,295,12,180,LIDAR_CORRECTION_CONVERGED,1785256492602134587,true,16986,0.037277,8055247,1041,180,2865,TRACKING,0.744444,134,25570
405,1.000000,181,sensor_time,/home/letandat/Dev/uav-navigation/src/navigation_estimator/fast_lio_ros/config/mid360_mutual_avoidance_uav1.yaml,ee37646f3b4668f13cad1febce5b79dcaa5f896c91709a9ca80740c72dcb0a3e,1042,181,true,107,1,106,0.990654,0.000000,0.000000,0.002077,true,1235,CORRECTED,0.000006,4091,8,0,3,1701245220291345146,0,SUCCEEDED,294,30095,2,1701245220291345146,44,true,133,110,12,181,LIDAR_CORRECTION_CONVERGED,1785256492615541454,true,3484,0.041858,8055247,1043,181,2865,TRACKING,0.745856,135,6154
1735,1.000000,182,sensor_time,/home/letandat/Dev/uav-navigation/src/navigation_estimator/fast_lio_ros/config/mid360_mutual_avoidance_uav1.yaml,ee37646f3b4668f13cad1febce5b79dcaa5f896c91709a9ca80740c72dcb0a3e,1048,182,true,108,1,107,0.990741,0.000000,0.000000,0.002069,true,873,CORRECTED,0.000141,16495,8,0,3,1701245220325411585,0,SUCCEEDED,1851,30230,2,1701245220325411585,44,true,125,238,12,182,LIDAR_CORRECTION_CONVERGED,1785256492663401730,true,13541,0.038785,8055247,1051,182,2865,TRACKING,0.747253,136,19822
1735,1.000000,183,,/home/letandat/Dev/uav-navigation/src/navigation_estimator/fast_lio_ros/config/mid360_mutual_avoidance_uav1.yaml,ee37646f3b4668f13cad1febce5b79dcaa5f896c91709a9ca80740c72dcb0a3e,1054,183,false,108,1,107,0.990741,0.000000,0.000000,0.002069,true,873,UNAVAILABLE,0.000141,16495,8,0,3,1701245220325411585,1,NOT_ATTEMPTED,1851,30230,2,-1,45,false,125,238,12,183,OVERLAPPING_LIDAR_INTERVAL previous_synchronized_end_ns=1701245220325411585 current_scan_start_ns=1701245220325056791 current_scan_end_ns=1701245220357691791 overlap_duration_ns=354794 scan_index=180,1785256492675743739,false,13541,0.038785,8055247,1054,183,2865,TRACKING,0.743169,136,19822
478,1.000000,184,sensor_time,/home/letandat/Dev/uav-navigation/src/navigation_estimator/fast_lio_ros/config/mid360_mutual_avoidance_uav1.yaml,ee37646f3b4668f13cad1febce5b79dcaa5f896c91709a9ca80740c72dcb0a3e,1060,184,true,109,1,108,0.990826,0.000000,0.000000,0.002080,true,910,CORRECTED,0.000066,4615,13,0,3,1701245220391862896,0,SUCCEEDED,327,30252,2,1701245220391862896,45,true,231,111,12,184,LIDAR_CORRECTION_CONVERGED,1785256492716544847,true,3906,0.037885,8055247,1061,184,2865,TRACKING,0.744565,137,6379
478,1.000000,185,,/home/letandat/Dev/uav-navigation/src/navigation_estimator/fast_lio_ros/config/mid360_mutual_avoidance_uav1.yaml,ee37646f3b4668f13cad1febce5b79dcaa5f896c91709a9ca80740c72dcb0a3e,1065,185,false,109,1,108,0.990826,0.000000,0.000000,0.002080,true,910,UNAVAILABLE,0.000066,4615,13,0,3,1701245220391862896,1,NOT_ATTEMPTED,327,30252,2,-1,46,false,231,111,12,185,OVERLAPPING_LIDAR_INTERVAL previous_synchronized_end_ns=1701245220391862896 current_scan_start_ns=1701245220391536236 current_scan_end_ns=1701245220424171236 overlap_duration_ns=326660 scan_index=182,1785256492742839346,false,3906,0.037885,8055247,1065,185,2865,TRACKING,0.740541,137,6379
1938,1.000000,186,sensor_time,/home/letandat/Dev/uav-navigation/src/navigation_estimator/fast_lio_ros/config/mid360_mutual_avoidance_uav1.yaml,ee37646f3b4668f13cad1febce5b79dcaa5f896c91709a9ca80740c72dcb0a3e,1071,186,true,110,1,109,0.990909,0.000000,0.000000,0.002072,true,838,CORRECTED,0.000391,18062,14,0,3,1701245220458182361,0,SUCCEEDED,1566,30404,2,1701245220458182361,46,true,236,247,12,186,LIDAR_CORRECTION_CONVERGED,1785256492797806677,true,14662,0.034303,8055247,1075,186,2865,TRACKING,0.741935,138,21188
446,1.000000,187,sensor_time,/home/letandat/Dev/uav-navigation/src/navigation_estimator/fast_lio_ros/config/mid360_mutual_avoidance_uav1.yaml,ee37646f3b4668f13cad1febce5b79dcaa5f896c91709a9ca80740c72dcb0a3e,1077,187,true,111,1,110,0.990991,0.000000,0.000000,0.002076,true,1770,CORRECTED,0.000034,5343,8,0,3,1701245220491450098,0,SUCCEEDED,345,30430,2,1701245220491450098,46,true,192,184,12,187,LIDAR_CORRECTION_CONVERGED,1785256492820602353,true,4698,0.043263,8055247,1079,187,2426,TRACKING,0.743316,139,10515
1625,1.000000,188,sensor_time,/home/letandat/Dev/uav-navigation/src/navigation_estimator/fast_lio_ros/config/mid360_mutual_avoidance_uav1.yaml,ee37646f3b4668f13cad1febce5b79dcaa5f896c91709a9ca80740c72dcb0a3e,1083,188,true,112,1,111,0.991071,0.000000,0.000000,0.002070,true,931,CORRECTED,0.000512,10543,7,0,2,1701245220525188949,0,SUCCEEDED,1495,30567,2,1701245220525188949,46,true,129,245,12,188,LIDAR_CORRECTION_CONVERGED,1785256492857057117,true,8882,0.038690,8055247,1085,188,2426,TRACKING,0.744681,140,13553
1942,1.000000,189,sensor_time,/home/letandat/Dev/uav-navigation/src/navigation_estimator/fast_lio_ros/config/mid360_mutual_avoidance_uav1.yaml,ee37646f3b4668f13cad1febce5b79dcaa5f896c91709a9ca80740c72dcb0a3e,1088,189,true,113,1,112,0.991150,0.000000,0.000000,0.002065,true,868,CORRECTED,0.000208,16852,8,0,3,1701245220558132198,0,SUCCEEDED,1643,30739,2,1701245220558132198,46,true,132,277,12,189,LIDAR_CORRECTION_CONVERGED,1785256492897060588,true,13702,0.036503,8055247,1092,189,2426,TRACKING,0.746032,141,20136
498,1.000000,190,sensor_time,/home/letandat/Dev/uav-navigation/src/navigation_estimator/fast_lio_ros/config/mid360_mutual_avoidance_uav1.yaml,ee37646f3b4668f13cad1febce5b79dcaa5f896c91709a9ca80740c72dcb0a3e,1094,190,true,114,1,113,0.991228,0.000000,0.000000,0.002070,true,877,CORRECTED,0.000001,5367,8,0,3,1701245220591350343,0,SUCCEEDED,408,30760,2,1701245220591350343,46,true,121,129,12,190,LIDAR_CORRECTION_CONVERGED,1785256492917009915,true,4616,0.037201,8055247,1095,190,2426,TRACKING,0.747368,142,7211
1610,1.000000,191,sensor_time,/home/letandat/Dev/uav-navigation/src/navigation_estimator/fast_lio_ros/config/mid360_mutual_avoidance_uav1.yaml,ee37646f3b4668f13cad1febce5b79dcaa5f896c91709a9ca80740c72dcb0a3e,1100,191,true,115,1,114,0.991304,0.000000,0.000000,0.002067,true,918,CORRECTED,0.000091,16268,8,0,3,1701245220625341442,0,SUCCEEDED,1527,30870,2,1701245220625341442,46,true,137,238,12,191,LIDAR_CORRECTION_CONVERGED,1785256492963203838,true,13629,0.036522,8055247,1104,191,2426,TRACKING,0.748691,143,19321
1610,1.000000,192,,/home/letandat/Dev/uav-navigation/src/navigation_estimator/fast_lio_ros/config/mid360_mutual_avoidance_uav1.yaml,ee37646f3b4668f13cad1febce5b79dcaa5f896c91709a9ca80740c72dcb0a3e,1105,192,false,115,1,114,0.991304,0.000000,0.000000,0.002067,true,918,UNAVAILABLE,0.000091,16268,8,0,3,1701245220625341442,1,NOT_ATTEMPTED,1527,30870,2,-1,47,false,137,238,12,192,OVERLAPPING_LIDAR_INTERVAL previous_synchronized_end_ns=1701245220625341442 current_scan_start_ns=1701245220625046968 current_scan_end_ns=1701245220657681968 overlap_duration_ns=294474 scan_index=189,1785256492976168728,false,13629,0.036522,8055247,1105,192,2426,TRACKING,0.744792,143,19321
551,1.000000,193,sensor_time,/home/letandat/Dev/uav-navigation/src/navigation_estimator/fast_lio_ros/config/mid360_mutual_avoidance_uav1.yaml,ee37646f3b4668f13cad1febce5b79dcaa5f896c91709a9ca80740c72dcb0a3e,1111,193,true,116,1,115,0.991379,0.000000,0.000000,0.002078,true,943,CORRECTED,0.000042,6019,13,0,3,1701245220691853073,0,SUCCEEDED,490,30895,2,1701245220691853073,47,true,227,141,12,193,LIDAR_CORRECTION_CONVERGED,1785256493018067720,true,5168,0.041986,8055247,1113,193,2426,TRACKING,0.746114,144,8004
551,1.000000,194,,/home/letandat/Dev/uav-navigation/src/navigation_estimator/fast_lio_ros/config/mid360_mutual_avoidance_uav1.yaml,ee37646f3b4668f13cad1febce5b79dcaa5f896c91709a9ca80740c72dcb0a3e,1117,194,false,116,1,115,0.991379,0.000000,0.000000,0.002078,true,943,UNAVAILABLE,0.000042,6019,13,0,3,1701245220691853073,1,NOT_ATTEMPTED,490,30895,2,-1,48,false,227,141,12,194,OVERLAPPING_LIDAR_INTERVAL previous_synchronized_end_ns=1701245220691853073 current_scan_start_ns=1701245220691522121 current_scan_end_ns=1701245220724157121 overlap_duration_ns=330952 scan_index=191,1785256493042598848,false,5168,0.041986,8055247,1117,194,2426,TRACKING,0.742268,144,8004
1840,1.000000,195,sensor_time,/home/letandat/Dev/uav-navigation/src/navigation_estimator/fast_lio_ros/config/mid360_mutual_avoidance_uav1.yaml,ee37646f3b4668f13cad1febce5b79dcaa5f896c91709a9ca80740c72dcb0a3e,1123,195,true,117,1,116,0.991453,0.000000,0.000000,0.002072,true,884,CORRECTED,0.000175,16447,14,0,3,1701245220758208301,0,SUCCEEDED,1337,30966,2,1701245220758208301,48,true,231,254,12,195,LIDAR_CORRECTION_CONVERGED,1785256493095987819,true,13319,0.029673,8055247,1127,195,2426,TRACKING,0.743590,145,19389
602,1.000000,196,sensor_time,/home/letandat/Dev/uav-navigation/src/navigation_estimator/fast_lio_ros/config/mid360_mutual_avoidance_uav1.yaml,ee37646f3b4668f13cad1febce5b79dcaa5f896c91709a9ca80740c72dcb0a3e,1129,196,true,118,1,117,0.991525,0.000000,0.000000,0.002074,true,1011,CORRECTED,0.000041,6757,8,0,3,1701245220791374233,0,SUCCEEDED,508,30978,2,1701245220791374233,48,true,135,150,12,196,LIDAR_CORRECTION_CONVERGED,1785256493118636205,true,5826,0.036113,8055247,1130,196,2426,TRACKING,0.744898,146,8842
1424,1.000000,197,sensor_time,/home/letandat/Dev/uav-navigation/src/navigation_estimator/fast_lio_ros/config/mid360_mutual_avoidance_uav1.yaml,ee37646f3b4668f13cad1febce5b79dcaa5f896c91709a9ca80740c72dcb0a3e,1135,197,true,119,1,118,0.991597,0.000000,0.000000,0.002070,true,834,CORRECTED,0.000227,14400,7,0,3,1701245220825168636,0,SUCCEEDED,1403,31079,2,1701245220825168636,48,true,111,251,12,197,LIDAR_CORRECTION_CONVERGED,1785256493160824909,true,12157,0.038041,8055247,1138,197,2426,TRACKING,0.746193,147,17207
1855,1.000000,198,sensor_time,/home/letandat/Dev/uav-navigation/src/navigation_estimator/fast_lio_ros/config/mid360_mutual_avoidance_uav1.yaml,ee37646f3b4668f13cad1febce5b79dcaa5f896c91709a9ca80740c72dcb0a3e,1140,198,true,120,1,119,0.991667,0.000000,0.000000,0.002065,true,829,CORRECTED,0.000138,16197,8,0,3,1701245220858177688,0,SUCCEEDED,1508,31172,2,1701245220858177688,48,true,125,282,12,198,LIDAR_CORRECTION_CONVERGED,1785256493195970303,true,12907,0.029728,8055247,1144,198,2426,TRACKING,0.747475,148,19232
612,1.000000,199,sensor_time,/home/letandat/Dev/uav-navigation/src/navigation_estimator/fast_lio_ros/config/mid360_mutual_avoidance_uav1.yaml,ee37646f3b4668f13cad1febce5b79dcaa5f896c91709a9ca80740c72dcb0a3e,1146,199,true,121,1,120,0.991736,0.000000,0.000000,0.002069,true,847,CORRECTED,0.000051,6381,8,0,3,1701245220891303327,0,SUCCEEDED,565,31194,2,1701245220891303327,48,true,117,152,12,199,LIDAR_CORRECTION_CONVERGED,1785256493221400150,true,5478,0.036822,8055247,1148,199,3096,TRACKING,0.748744,149,11437
1293,1.000000,200,sensor_time,/home/letandat/Dev/uav-navigation/src/navigation_estimator/fast_lio_ros/config/mid360_mutual_avoidance_uav1.yaml,ee37646f3b4668f13cad1febce5b79dcaa5f896c91709a9ca80740c72dcb0a3e,1152,200,true,122,1,121,0.991803,0.000000,0.000000,0.002068,true,867,CORRECTED,0.000118,14014,8,0,3,1701245220925475862,0,SUCCEEDED,1358,31264,2,1701245220925475862,48,true,132,215,12,200,LIDAR_CORRECTION_CONVERGED,1785256493260765356,true,11823,0.035319,8055247,1155,200,3096,TRACKING,0.750000,150,16792
1293,1.000000,201,,/home/letandat/Dev/uav-navigation/src/navigation_estimator/fast_lio_ros/config/mid360_mutual_avoidance_uav1.yaml,ee37646f3b4668f13cad1febce5b79dcaa5f896c91709a9ca80740c72dcb0a3e,1158,201,false,122,1,121,0.991803,0.000000,0.000000,0.002068,true,867,UNAVAILABLE,0.000118,14014,8,0,3,1701245220925475862,1,NOT_ATTEMPTED,1358,31264,2,-1,49,false,132,215,12,201,OVERLAPPING_LIDAR_INTERVAL previous_synchronized_end_ns=1701245220925475862 current_scan_start_ns=1701245220925049782 current_scan_end_ns=1701245220957684782 overlap_duration_ns=426080 scan_index=198,1785256493276019394,false,11823,0.035319,8055247,1158,201,3096,TRACKING,0.746269,150,16792
626,1.000000,202,sensor_time,/home/letandat/Dev/uav-navigation/src/navigation_estimator/fast_lio_ros/config/mid360_mutual_avoidance_uav1.yaml,ee37646f3b4668f13cad1febce5b79dcaa5f896c91709a9ca80740c72dcb0a3e,1163,202,true,123,1,122,0.991870,0.000000,0.000000,0.002077,true,928,CORRECTED,0.000036,7341,13,0,3,1701245220991840866,0,SUCCEEDED,609,31295,2,1701245220991840866,49,true,271,148,12,202,LIDAR_CORRECTION_CONVERGED,1785256493319736130,true,6330,0.039578,8055247,1165,202,3096,TRACKING,0.747525,151,9459
626,1.000000,203,,/home/letandat/Dev/uav-navigation/src/navigation_estimator/fast_lio_ros/config/mid360_mutual_avoidance_uav1.yaml,ee37646f3b4668f13cad1febce5b79dcaa5f896c91709a9ca80740c72dcb0a3e,1169,203,false,123,1,122,0.991870,0.000000,0.000000,0.002077,true,928,UNAVAILABLE,0.000036,7341,13,0,3,1701245220991840866,1,NOT_ATTEMPTED,609,31295,2,-1,50,false,271,148,12,203,OVERLAPPING_LIDAR_INTERVAL previous_synchronized_end_ns=1701245220991840866 current_scan_start_ns=1701245220991516590 current_scan_end_ns=1701245221024151590 overlap_duration_ns=324276 scan_index=200,1785256493342473254,false,6330,0.039578,8055247,1169,203,3096,TRACKING,0.743842,151,9459
1878,1.000000,204,sensor_time,/home/letandat/Dev/uav-navigation/src/navigation_estimator/fast_lio_ros/config/mid360_mutual_avoidance_uav1.yaml,ee37646f3b4668f13cad1febce5b79dcaa5f896c91709a9ca80740c72dcb0a3e,1175,204,true,124,1,123,0.991935,0.000000,0.000000,0.002070,true,884,CORRECTED,0.000081,16719,14,0,3,1701245221058183697,0,SUCCEEDED,1437,31405,2,1701245221058183697,50,true,226,274,12,204,LIDAR_CORRECTION_CONVERGED,1785256493396459057,true,13418,0.031379,8055247,1178,204,3096,TRACKING,0.745098,152,19778
725,1.000000,205,sensor_time,/home/letandat/Dev/uav-navigation/src/navigation_estimator/fast_lio_ros/config/mid360_mutual_avoidance_uav1.yaml,ee37646f3b4668f13cad1febce5b79dcaa5f896c91709a9ca80740c72dcb0a3e,1181,205,true,125,1,124,0.992000,0.000000,0.000000,0.002072,true,867,CORRECTED,0.000067,8194,8,0,3,1701245221091354158,0,SUCCEEDED,784,31454,2,1701245221091354158,50,true,126,160,12,205,LIDAR_CORRECTION_CONVERGED,1785256493420203073,true,7046,0.040716,8055247,1183,205,3096,TRACKING,0.746341,153,10416
1153,1.000000,206,sensor_time,/home/letandat/Dev/uav-navigation/src/navigation_estimator/fast_lio_ros/config/mid360_mutual_avoidance_uav1.yaml,ee37646f3b4668f13cad1febce5b79dcaa5f896c91709a9ca80740c72dcb0a3e,1187,206,true,126,1,125,0.992063,0.000000,0.000000,0.002070,true,868,CORRECTED,0.000271,12978,8,0,3,1701245221125147608,0,SUCCEEDED,1313,31538,2,1701245221125147608,50,true,135,249,12,206,LIDAR_CORRECTION_CONVERGED,1785256493459155099,true,11069,0.043569,8055247,1190,206,3096,TRACKING,0.747573,154,15740
1813,1.000000,207,sensor_time,/home/letandat/Dev/uav-navigation/src/navigation_estimator/fast_lio_ros/config/mid360_mutual_avoidance_uav1.yaml,ee37646f3b4668f13cad1febce5b79dcaa5f896c91709a9ca80740c72dcb0a3e,1192,207,true,127,1,126,0.992126,0.000000,0.000000,0.002065,true,866,CORRECTED,0.000051,16137,7,0,3,1701245221158157852,0,SUCCEEDED,1433,31638,2,1701245221158157852,50,true,114,286,12,207,LIDAR_CORRECTION_CONVERGED,1785256493495455745,true,12762,0.030069,8055247,1196,207,3096,TRACKING,0.748792,155,19098
817,1.000000,208,sensor_time,/home/letandat/Dev/uav-navigation/src/navigation_estimator/fast_lio_ros/config/mid360_mutual_avoidance_uav1.yaml,ee37646f3b4668f13cad1febce5b79dcaa5f896c91709a9ca80740c72dcb0a3e,1198,208,true,128,1,127,0.992188,0.000000,0.000000,0.002067,true,871,CORRECTED,0.000159,9655,8,0,3,1701245221191432503,0,SUCCEEDED,841,31697,2,1701245221191432503,50,true,131,181,12,208,LIDAR_CORRECTION_CONVERGED,1785256493521601264,true,8335,0.041746,8055247,1200,208,3096,TRACKING,0.750000,156,11881
1140,1.000000,209,sensor_time,/home/letandat/Dev/uav-navigation/src/navigation_estimator/fast_lio_ros/config/mid360_mutual_avoidance_uav1.yaml,ee37646f3b4668f13cad1febce5b79dcaa5f896c91709a9ca80740c72dcb0a3e,1204,209,true,129,1,128,0.992248,0.000000,0.000000,0.002067,true,866,CORRECTED,0.000136,12565,8,0,3,1701245221225309637,0,SUCCEEDED,1181,31771,2,1701245221225309637,50,true,127,205,12,209,LIDAR_CORRECTION_CONVERGED,1785256493558857891,true,10731,0.040792,8055247,1207,209,3096,TRACKING,0.751196,157,15174
1140,1.000000,210,,/home/letandat/Dev/uav-navigation/src/navigation_estimator/fast_lio_ros/config/mid360_mutual_avoidance_uav1.yaml,ee37646f3b4668f13cad1febce5b79dcaa5f896c91709a9ca80740c72dcb0a3e,1210,210,false,129,1,128,0.992248,0.000000,0.000000,0.002067,true,866,UNAVAILABLE,0.000136,12565,8,0,3,1701245221225309637,1,NOT_ATTEMPTED,1181,31771,2,-1,51,false,127,205,12,210,OVERLAPPING_LIDAR_INTERVAL previous_synchronized_end_ns=1701245221225309637 current_scan_start_ns=1701245221225035429 current_scan_end_ns=1701245221257670429 overlap_duration_ns=274208 scan_index=207,1785256493575927796,false,10731,0.040792,8055247,1210,210,3096,TRACKING,0.747619,157,15174
896,1.000000,211,sensor_time,/home/letandat/Dev/uav-navigation/src/navigation_estimator/fast_lio_ros/config/mid360_mutual_avoidance_uav1.yaml,ee37646f3b4668f13cad1febce5b79dcaa5f896c91709a9ca80740c72dcb0a3e,1216,211,true,130,1,129,0.992308,0.000000,0.000000,0.002075,true,868,CORRECTED,0.000218,10451,13,0,3,1701245221291814831,0,SUCCEEDED,969,31833,2,1701245221291814831,51,true,210,187,12,211,LIDAR_CORRECTION_CONVERGED,1785256493622634825,true,9054,0.040384,8055247,1218,211,3096,TRACKING,0.748815,158,12863
896,1.000000,212,,/home/letandat/Dev/uav-navigation/src/navigation_estimator/fast_lio_ros/config/mid360_mutual_avoidance_uav1.yaml,ee37646f3b4668f13cad1febce5b79dcaa5f896c91709a9ca80740c72dcb0a3e,1221,212,false,130,1,129,0.992308,0.000000,0.000000,0.002075,true,868,UNAVAILABLE,0.000218,10451,13,0,3,1701245221291814831,1,NOT_ATTEMPTED,969,31833,2,-1,52,false,210,187,12,212,OVERLAPPING_LIDAR_INTERVAL previous_synchronized_end_ns=1701245221291814831 current_scan_start_ns=1701245221291532755 current_scan_end_ns=1701245221324167755 overlap_duration_ns=282076 scan_index=209,1785256493642494629,false,9054,0.040384,8055247,1221,212,3096,TRACKING,0.745283,158,12863
1798,1.000000,213,sensor_time,/home/letandat/Dev/uav-navigation/src/navigation_estimator/fast_lio_ros/config/mid360_mutual_avoidance_uav1.yaml,ee37646f3b4668f13cad1febce5b79dcaa5f896c91709a9ca80740c72dcb0a3e,1227,213,true,131,1,130,0.992366,0.000000,0.000000,0.002069,true,878,CORRECTED,0.000207,15292,14,0,3,1701245221358262327,0,SUCCEEDED,1384,31959,2,1701245221358262327,52,true,229,272,12,213,LIDAR_CORRECTION_CONVERGED,1785256493698170486,true,12551,0.030628,8055247,1231,213,2872,TRACKING,0.746479,159,21192
1086,1.000000,214,sensor_time,/home/letandat/Dev/uav-navigation/src/navigation_estimator/fast_lio_ros/config/mid360_mutual_avoidance_uav1.yaml,ee37646f3b4668f13cad1febce5b79dcaa5f896c91709a9ca80740c72dcb0a3e,1233,214,true,132,1,131,0.992424,0.000000,0.000000,0.002068,true,866,CORRECTED,0.000150,11621,8,0,3,1701245221391373899,0,SUCCEEDED,1140,32029,2,1701245221391373899,52,true,126,201,12,214,LIDAR_CORRECTION_CONVERGED,1785256493724062932,true,9966,0.039970,8055247,1235,214,2872,TRACKING,0.747664,160,14188
972,1.000000,215,sensor_time,/home/letandat/Dev/uav-navigation/src/navigation_estimator/fast_lio_ros/config/mid360_mutual_avoidance_uav1.yaml,ee37646f3b4668f13cad1febce5b79dcaa5f896c91709a9ca80740c72dcb0a3e,1239,215,true,133,1,132,0.992481,0.000000,0.000000,0.002069,true,868,CORRECTED,0.000210,10862,7,0,3,1701245221425153044,0,SUCCEEDED,1062,32086,2,1701245221425153044,52,true,110,208,12,215,LIDAR_CORRECTION_CONVERGED,1785256493756993211,true,9334,0.041749,8055247,1241,215,2872,TRACKING,0.748837,161,13315
1813,1.000000,216,sensor_time,/home/letandat/Dev/uav-navigation/src/navigation_estimator/fast_lio_ros/config/mid360_mutual_avoidance_uav1.yaml,ee37646f3b4668f13cad1febce5b79dcaa5f896c91709a9ca80740c72dcb0a3e,1244,216,true,134,1,133,0.992537,0.000000,0.000000,0.002064,true,889,CORRECTED,0.000050,16296,9,0,3,1701245221458156374,0,SUCCEEDED,1503,32178,2,1701245221458156374,52,true,143,294,12,216,LIDAR_CORRECTION_CONVERGED,1785256493796090953,true,12892,0.029949,8055247,1248,216,2872,TRACKING,0.750000,162,19430
1136,1.000000,217,sensor_time,/home/letandat/Dev/uav-navigation/src/navigation_estimator/fast_lio_ros/config/mid360_mutual_avoidance_uav1.yaml,ee37646f3b4668f13cad1febce5b79dcaa5f896c91709a9ca80740c72dcb0a3e,1250,217,true,135,1,134,0.992593,0.000000,0.000000,0.002065,true,876,CORRECTED,0.000011,13070,7,0,3,1701245221491290596,0,SUCCEEDED,1304,32262,2,1701245221491290596,52,true,111,218,12,217,LIDAR_CORRECTION_CONVERGED,1785256493825525918,true,11250,0.041887,8055247,1253,217,2872,TRACKING,0.751152,163,15829
894,1.000000,218,sensor_time,/home/letandat/Dev/uav-navigation/src/navigation_estimator/fast_lio_ros/config/mid360_mutual_avoidance_uav1.yaml,ee37646f3b4668f13cad1febce5b79dcaa5f896c91709a9ca80740c72dcb0a3e,1256,218,true,136,1,135,0.992647,0.000000,0.000000,0.002067,true,950,CORRECTED,0.000170,10652,8,0,3,1701245221525333431,0,SUCCEEDED,931,32309,2,1701245221525333431,52,true,139,190,12,218,LIDAR_CORRECTION_CONVERGED,1785256493856674489,true,9199,0.038900,8055247,1259,218,2872,TRACKING,0.752294,164,13049
894,1.000000,219,,/home/letandat/Dev/uav-navigation/src/navigation_estimator/fast_lio_ros/config/mid360_mutual_avoidance_uav1.yaml,ee37646f3b4668f13cad1febce5b79dcaa5f896c91709a9ca80740c72dcb0a3e,1262,219,false,136,1,135,0.992647,0.000000,0.000000,0.002067,true,950,UNAVAILABLE,0.000170,10652,8,0,3,1701245221525333431,1,NOT_ATTEMPTED,931,32309,2,-1,53,false,139,190,12,219,OVERLAPPING_LIDAR_INTERVAL previous_synchronized_end_ns=1701245221525333431 current_scan_start_ns=1701245221525079966 current_scan_end_ns=1701245221557714966 overlap_duration_ns=253465 scan_index=216,1785256493875906961,false,9199,0.038900,8055247,1262,219,2872,TRACKING,0.748858,164,13049
1244,1.000000,220,sensor_time,/home/letandat/Dev/uav-navigation/src/navigation_estimator/fast_lio_ros/config/mid360_mutual_avoidance_uav1.yaml,ee37646f3b4668f13cad1febce5b79dcaa5f896c91709a9ca80740c72dcb0a3e,1268,220,true,137,1,136,0.992701,0.000000,0.000000,0.002072,true,931,CORRECTED,0.000095,14311,14,0,3,1701245221591977146,0,SUCCEEDED,1271,32379,2,1701245221591977146,53,true,263,263,12,220,LIDAR_CORRECTION_CONVERGED,1785256493927585644,true,12191,0.039137,8055247,1271,220,2872,TRACKING,0.750000,165,17255
1244,1.000000,221,,/home/letandat/Dev/uav-navigation/src/navigation_estimator/fast_lio_ros/config/mid360_mutual_avoidance_uav1.yaml,ee37646f3b4668f13cad1febce5b79dcaa5f896c91709a9ca80740c72dcb0a3e,1273,221,false,137,1,136,0.992701,0.000000,0.000000,0.002072,true,931,UNAVAILABLE,0.000095,14311,14,0,3,1701245221591977146,1,NOT_ATTEMPTED,1271,32379,2,-1,54,false,263,263,12,221,OVERLAPPING_LIDAR_INTERVAL previous_synchronized_end_ns=1701245221591977146 current_scan_start_ns=1701245221591538668 current_scan_end_ns=1701245221624173668 overlap_duration_ns=438478 scan_index=218,1785256493942609957,false,12191,0.039137,8055247,1273,221,2872,TRACKING,0.746606,165,17255
1849,1.000000,222,sensor_time,/home/letandat/Dev/uav-navigation/src/navigation_estimator/fast_lio_ros/config/mid360_mutual_avoidance_uav1.yaml,ee37646f3b4668f13cad1febce5b79dcaa5f896c91709a9ca80740c72dcb0a3e,1279,222,true,138,1,137,0.992754,0.000000,0.000000,0.002067,true,844,CORRECTED,0.000178,16103,13,0,3,1701245221658204820,0,SUCCEEDED,1587,32471,2,1701245221658204820,54,true,228,274,12,222,LIDAR_CORRECTION_CONVERGED,1785256493995858040,true,12972,0.030321,8055247,1283,222,2872,TRACKING,0.747748,166,19332
1276,1.000000,223,sensor_time,/home/letandat/Dev/uav-navigation/src/navigation_estimator/fast_lio_ros/config/mid360_mutual_avoidance_uav1.yaml,ee37646f3b4668f13cad1febce5b79dcaa5f896c91709a9ca80740c72dcb0a3e,1285,223,true,139,1,138,0.992806,0.000000,0.000000,0.002066,true,931,CORRECTED,0.000354,15294,8,0,3,1701245221691344049,0,SUCCEEDED,1678,32558,2,1701245221691344049,54,true,140,247,12,223,LIDAR_CORRECTION_CONVERGED,1785256494028318101,true,13056,0.039982,8055247,1288,223,2872,TRACKING,0.748879,167,18709
673,1.000000,224,sensor_time,/home/letandat/Dev/uav-navigation/src/navigation_estimator/fast_lio_ros/config/mid360_mutual_avoidance_uav1.yaml,ee37646f3b4668f13cad1febce5b79dcaa5f896c91709a9ca80740c72dcb0a3e,1291,224,true,140,1,139,0.992857,0.000000,0.000000,0.002069,true,930,CORRECTED,0.000272,5722,8,0,2,1701245221725114610,0,SUCCEEDED,745,32594,2,1701245221725114610,54,true,138,163,12,224,LIDAR_CORRECTION_CONVERGED,1785256494051322461,true,4984,0.040835,8055247,1292,224,2872,TRACKING,0.750000,168,7881
1825,1.000000,225,sensor_time,/home/letandat/Dev/uav-navigation/src/navigation_estimator/fast_lio_ros/config/mid360_mutual_avoidance_uav1.yaml,ee37646f3b4668f13cad1febce5b79dcaa5f896c91709a9ca80740c72dcb0a3e,1297,225,true,141,1,140,0.992908,0.000000,0.000000,0.002063,true,879,CORRECTED,0.000070,17246,8,0,3,1701245221758308676,0,SUCCEEDED,1578,32687,2,1701245221758308676,54,true,125,309,12,225,LIDAR_CORRECTION_CONVERGED,1785256494100585846,true,14046,0.029415,8055247,1301,225,3182,TRACKING,0.751111,169,23577
1368,1.000000,226,sensor_time,/home/letandat/Dev/uav-navigation/src/navigation_estimator/fast_lio_ros/config/mid360_mutual_avoidance_uav1.yaml,ee37646f3b4668f13cad1febce5b79dcaa5f896c91709a9ca80740c72dcb0a3e,1303,226,true,142,1,141,0.992958,0.000000,0.000000,0.002063,true,924,CORRECTED,0.000043,15857,7,0,3,1701245221791525629,0,SUCCEEDED,1622,32788,2,1701245221791525629,54,true,116,255,12,226,LIDAR_CORRECTION_CONVERGED,1785256494129170679,true,13419,0.040281,8055247,1306,226,3182,TRACKING,0.752212,170,19160
607,1.000000,227,sensor_time,/home/letandat/Dev/uav-navigation/src/navigation_estimator/fast_lio_ros/config/mid360_mutual_avoidance_uav1.yaml,ee37646f3b4668f13cad1febce5b79dcaa5f896c91709a9ca80740c72dcb0a3e,1308,227,true,143,1,142,0.993007,0.000000,0.000000,0.002067,true,876,CORRECTED,0.000070,7091,8,0,3,1701245221825423744,0,SUCCEEDED,622,32810,2,1701245221825423744,54,true,126,153,12,227,LIDAR_CORRECTION_CONVERGED,1785256494152825589,true,6132,0.038585,8055247,1310,227,3182,TRACKING,0.753304,171,9031
607,1.000000,228,,/home/letandat/Dev/uav-navigation/src/navigation_estimator/fast_lio_ros/config/mid360_mutual_avoidance_uav1.yaml,ee37646f3b4668f13cad1febce5b79dcaa5f896c91709a9ca80740c72dcb0a3e,1314,228,false,143,1,142,0.993007,0.000000,0.000000,0.002067,true,876,UNAVAILABLE,0.000070,7091,8,0,3,1701245221825423744,1,NOT_ATTEMPTED,622,32810,2,-1,55,false,126,153,12,228,OVERLAPPING_LIDAR_INTERVAL previous_synchronized_end_ns=1701245221825423744 current_scan_start_ns=1701245221825034618 current_scan_end_ns=1701245221857669618 overlap_duration_ns=389126 scan_index=225,1785256494175914851,false,6132,0.038585,8055247,1314,228,3182,TRACKING,0.750000,171,9031
1335,1.000000,229,sensor_time,/home/letandat/Dev/uav-navigation/src/navigation_estimator/fast_lio_ros/config/mid360_mutual_avoidance_uav1.yaml,ee37646f3b4668f13cad1febce5b79dcaa5f896c91709a9ca80740c72dcb0a3e,1320,229,true,144,1,143,0.993056,0.000000,0.000000,0.002069,true,866,CORRECTED,0.000424,14451,14,0,3,1701245221891831663,0,SUCCEEDED,1452,32908,2,1701245221891831663,55,true,225,242,12,229,LIDAR_CORRECTION_CONVERGED,1785256494227432960,true,12372,0.039028,8055247,1323,229,3182,TRACKING,0.751092,172,17427
1335,1.000000,230,,/home/letandat/Dev/uav-navigation/src/navigation_estimator/fast_lio_ros/config/mid360_mutual_avoidance_uav1.yaml,ee37646f3b4668f13cad1febce5b79dcaa5f896c91709a9ca80740c72dcb0a3e,1326,230,false,144,1,143,0.993056,0.000000,0.000000,0.002069,true,866,UNAVAILABLE,0.000424,14451,14,0,3,1701245221891831663,1,NOT_ATTEMPTED,1452,32908,2,-1,56,false,225,242,12,230,OVERLAPPING_LIDAR_INTERVAL previous_synchronized_end_ns=1701245221891831663 current_scan_start_ns=1701245221891564131 current_scan_end_ns=1701245221924199131 overlap_duration_ns=267532 scan_index=227,1785256494242533362,false,12372,0.039028,8055247,1326,230,3182,TRACKING,0.747826,172,17427
1930,1.000000,231,sensor_time,/home/letandat/Dev/uav-navigation/src/navigation_estimator/fast_lio_ros/config/mid360_mutual_avoidance_uav1.yaml,ee37646f3b4668f13cad1febce5b79dcaa5f896c91709a9ca80740c72dcb0a3e,1331,231,true,145,1,144,0.993103,0.000000,0.000000,0.002065,true,875,CORRECTED,0.000139,18069,13,0,3,1701245221958216217,0,SUCCEEDED,1812,33019,2,1701245221958216217,56,true,219,296,12,231,LIDAR_CORRECTION_CONVERGED,1785256494298429291,true,14794,0.032210,8055247,1335,231,3182,TRACKING,0.748918,173,21620
1505,1.000000,232,sensor_time,/home/letandat/Dev/uav-navigation/src/navigation_estimator/fast_lio_ros/config/mid360_mutual_avoidance_uav1.yaml,ee37646f3b4668f13cad1febce5b79dcaa5f896c91709a9ca80740c72dcb0a3e,1337,232,true,146,1,145,0.993151,0.000000,0.000000,0.002063,true,874,CORRECTED,0.000131,16484,8,0,3,1701245221991366413,0,SUCCEEDED,1798,33124,2,1701245221991366413,56,true,131,260,12,232,LIDAR_CORRECTION_CONVERGED,1785256494330027557,true,13981,0.038566,8055247,1341,232,3182,TRACKING,0.750000,174,19949
1505,1.000000,233,,/home/letandat/Dev/uav-navigation/src/navigation_estimator/fast_lio_ros/config/mid360_mutual_avoidance_uav1.yaml,ee37646f3b4668f13cad1febce5b79dcaa5f896c91709a9ca80740c72dcb0a3e,1343,233,false,146,1,145,0.993151,0.000000,0.000000,0.002063,true,874,UNAVAILABLE,0.000131,16484,8,0,3,1701245221991366413,1,NOT_ATTEMPTED,1798,33124,2,-1,57,false,131,260,12,233,OVERLAPPING_LIDAR_INTERVAL previous_synchronized_end_ns=1701245221991366413 current_scan_start_ns=1701245221991263866 current_scan_end_ns=1701245222023898866 overlap_duration_ns=102547 scan_index=230,1785256494342232191,false,13981,0.038566,8055247,1343,233,3182,TRACKING,0.746781,174,19949
1883,1.000000,234,sensor_time,/home/letandat/Dev/uav-navigation/src/navigation_estimator/fast_lio_ros/config/mid360_mutual_avoidance_uav1.yaml,ee37646f3b4668f13cad1febce5b79dcaa5f896c91709a9ca80740c72dcb0a3e,1349,234,true,147,1,146,0.993197,0.000000,0.000000,0.002063,true,884,CORRECTED,0.000117,17780,14,0,3,1701245222058122900,0,SUCCEEDED,1694,33228,2,1701245222058122900,57,true,232,304,12,234,LIDAR_CORRECTION_CONVERGED,1785256494397734766,true,14607,0.031909,8055247,1353,234,3182,TRACKING,0.747863,175,21199
1652,1.000000,235,sensor_time,/home/letandat/Dev/uav-navigation/src/navigation_estimator/fast_lio_ros/config/mid360_mutual_avoidance_uav1.yaml,ee37646f3b4668f13cad1febce5b79dcaa5f896c91709a9ca80740c72dcb0a3e,1354,235,true,148,1,147,0.993243,0.000000,0.000000,0.002062,true,894,CORRECTED,0.000152,17561,8,0,3,1701245222091326263,0,SUCCEEDED,1778,33308,2,1701245222091326263,57,true,126,293,12,235,LIDAR_CORRECTION_CONVERGED,1785256494431453307,true,14772,0.034549,8055247,1358,235,3182,TRACKING,0.748936,176,21067
407,1.000000,236,sensor_time,/home/letandat/Dev/uav-navigation/src/navigation_estimator/fast_lio_ros/config/mid360_mutual_avoidance_uav1.yaml,ee37646f3b4668f13cad1febce5b79dcaa5f896c91709a9ca80740c72dcb0a3e,1360,236,true,149,1,148,0.993289,0.000000,0.000000,0.002067,true,870,CORRECTED,0.000001,5060,7,0,3,1701245222125350740,0,SUCCEEDED,391,33325,2,1701245222125350740,57,true,132,124,12,236,LIDAR_CORRECTION_CONVERGED,1785256494450414960,true,4440,0.041150,8055247,1362,236,3182,TRACKING,0.750000,177,6734
407,1.000000,237,,/home/letandat/Dev/uav-navigation/src/navigation_estimator/fast_lio_ros/config/mid360_mutual_avoidance_uav1.yaml,ee37646f3b4668f13cad1febce5b79dcaa5f896c91709a9ca80740c72dcb0a3e,1366,237,false,149,1,148,0.993289,0.000000,0.000000,0.002067,true,870,UNAVAILABLE,0.000001,5060,7,0,3,1701245222125350740,1,NOT_ATTEMPTED,391,33325,2,-1,58,false,132,124,12,237,OVERLAPPING_LIDAR_INTERVAL previous_synchronized_end_ns=1701245222125350740 current_scan_start_ns=1701245222125058889 current_scan_end_ns=1701245222157693889 overlap_duration_ns=291851 scan_index=234,1785256494476131187,false,4440,0.041150,8055247,1366,237,3182,TRACKING,0.746835,177,6734
1654,1.000000,238,sensor_time,/home/letandat/Dev/uav-navigation/src/navigation_estimator/fast_lio_ros/config/mid360_mutual_avoidance_uav1.yaml,ee37646f3b4668f13cad1febce5b79dcaa5f896c91709a9ca80740c72dcb0a3e,1372,238,true,150,1,149,0.993333,0.000000,0.000000,0.002067,true,877,CORRECTED,0.000262,17526,14,0,3,1701245222191853550,0,SUCCEEDED,1851,33418,2,1701245222191853550,58,true,229,279,12,238,LIDAR_CORRECTION_CONVERGED,1785256494531130917,true,14927,0.035280,8055247,1375,238,3182,TRACKING,0.747899,178,20977
1654,1.000000,239,,/home/letandat/Dev/uav-navigation/src/navigation_estimator/fast_lio_ros/config/mid360_mutual_avoidance_uav1.yaml,ee37646f3b4668f13cad1febce5b79dcaa5f896c91709a9ca80740c72dcb0a3e,1378,239,false,150,1,149,0.993333,0.000000,0.000000,0.002067,true,877,UNAVAILABLE,0.000262,17526,14,0,3,1701245222191853550,1,NOT_ATTEMPTED,1851,33418,2,-1,59,false,229,279,12,239,OVERLAPPING_LIDAR_INTERVAL previous_synchronized_end_ns=1701245222191853550 current_scan_start_ns=1701245222191624403 current_scan_end_ns=1701245222224259403 overlap_duration_ns=229147 scan_index=236,1785256494542474978,false,14927,0.035280,8055247,1378,239,3182,TRACKING,0.744770,178,20977
1834,1.000000,240,sensor_time,/home/letandat/Dev/uav-navigation/src/navigation_estimator/fast_lio_ros/config/mid360_mutual_avoidance_uav1.yaml,ee37646f3b4668f13cad1febce5b79dcaa5f896c91709a9ca80740c72dcb0a3e,1383,240,true,151,1,150,0.993377,0.000000,0.000000,0.002065,true,870,CORRECTED,0.000098,18905,13,0,3,1701245222258183744,0,SUCCEEDED,1995,33515,2,1701245222258183744,59,true,212,275,12,240,LIDAR_CORRECTION_CONVERGED,1785256494602833092,true,15656,0.033041,8055247,1388,240,3541,TRACKING,0.745833,179,26109
1822,1.000000,241,sensor_time,/home/letandat/Dev/uav-navigation/src/navigation_estimator/fast_lio_ros/config/mid360_mutual_avoidance_uav1.yaml,ee37646f3b4668f13cad1febce5b79dcaa5f896c91709a9ca80740c72dcb0a3e,1389,241,true,152,1,151,0.993421,0.000000,0.000000,0.002061,true,929,CORRECTED,0.000045,20199,8,0,3,1701245222291408088,0,SUCCEEDED,1928,33611,2,1701245222291408088,59,true,134,319,12,241,LIDAR_CORRECTION_CONVERGED,1785256494634140877,true,16904,0.034563,8055247,1394,241,3541,TRACKING,0.746888,180,23902
428,1.000000,242,sensor_time,/home/letandat/Dev/uav-navigation/src/navigation_estimator/fast_lio_ros/config/mid360_mutual_avoidance_uav1.yaml,ee37646f3b4668f13cad1febce5b79dcaa5f896c91709a9ca80740c72dcb0a3e,1395,242,true,153,1,152,0.993464,0.000000,0.000000,0.002066,true,930,CORRECTED,0.000000,5344,8,0,3,1701245222325140026,0,SUCCEEDED,388,33626,2,1701245222325140026,59,true,134,148,12,242,LIDAR_CORRECTION_CONVERGED,1785256494650879277,true,4689,0.038556,8055247,1396,242,3541,TRACKING,0.747934,181,7276
1809,1.000000,243,sensor_time,/home/letandat/Dev/uav-navigation/src/navigation_estimator/fast_lio_ros/config/mid360_mutual_avoidance_uav1.yaml,ee37646f3b4668f13cad1febce5b79dcaa5f896c91709a9ca80740c72dcb0a3e,1401,243,true,154,1,153,0.993506,0.000000,0.000000,0.002062,true,928,CORRECTED,0.000139,18105,8,0,3,1701245222358125713,0,SUCCEEDED,1734,33723,2,1701245222358125713,59,true,143,294,12,243,LIDAR_CORRECTION_CONVERGED,1785256494697950600,true,14979,0.034453,8055247,1405,243,3541,TRACKING,0.748971,182,21418
1860,1.000000,244,sensor_time,/home/letandat/Dev/uav-navigation/src/navigation_estimator/fast_lio_ros/config/mid360_mutual_avoidance_uav1.yaml,ee37646f3b4668f13cad1febce5b79dcaa5f896c91709a9ca80740c72dcb0a3e,1406,244,true,155,1,154,0.993548,0.000000,0.000000,0.002059,true,933,CORRECTED,0.000140,19582,8,0,3,1701245222391315487,0,SUCCEEDED,2013,33822,2,1701245222391315487,59,true,139,308,12,244,LIDAR_CORRECTION_CONVERGED,1785256494733047952,true,16430,0.033930,8055247,1411,244,3541,TRACKING,0.750000,183,23371
393,1.000000,245,sensor_time,/home/letandat/Dev/uav-navigation/src/navigation_estimator/fast_lio_ros/config/mid360_mutual_avoidance_uav1.yaml,ee37646f3b4668f13cad1febce5b79dcaa5f896c91709a9ca80740c72dcb0a3e,1413,245,true,156,1,155,0.993590,0.000000,0.000000,0.002065,true,872,CORRECTED,0.000096,4625,7,0,3,1701245222425337579,0,SUCCEEDED,357,33833,2,1701245222425337579,59,true,123,129,12,245,LIDAR_CORRECTION_CONVERGED,1785256494749819456,true,4064,0.035628,8055247,1414,245,3541,TRACKING,0.751020,184,6284
393,1.000000,246,,/home/letandat/Dev/uav-navigation/src/navigation_estimator/fast_lio_ros/config/mid360_mutual_avoidance_uav1.yaml,ee37646f3b4668f13cad1febce5b79dcaa5f896c91709a9ca80740c72dcb0a3e,1418,246,false,156,1,155,0.993590,0.000000,0.000000,0.002065,true,872,UNAVAILABLE,0.000096,4625,7,0,3,1701245222425337579,1,NOT_ATTEMPTED,357,33833,2,-1,60,false,123,129,12,246,OVERLAPPING_LIDAR_INTERVAL previous_synchronized_end_ns=1701245222425337579 current_scan_start_ns=1701245222424824715 current_scan_end_ns=1701245222457459715 overlap_duration_ns=512864 scan_index=243,1785256494775742763,false,4064,0.035628,8055247,1418,246,3541,TRACKING,0.747967,184,6284
1824,1.000000,247,sensor_time,/home/letandat/Dev/uav-navigation/src/navigation_estimator/fast_lio_ros/config/mid360_mutual_avoidance_uav1.yaml,ee37646f3b4668f13cad1febce5b79dcaa5f896c91709a9ca80740c72dcb0a3e,1424,247,true,157,1,156,0.993631,0.000000,0.000000,0.002064,true,866,CORRECTED,0.000178,18272,14,0,3,1701245222491817501,0,SUCCEEDED,1853,33911,2,1701245222491817501,60,true,221,334,12,247,LIDAR_CORRECTION_CONVERGED,1785256494832025720,true,15454,0.032852,8055247,1428,247,3541,TRACKING,0.748988,185,21778
1824,1.000000,248,,/home/letandat/Dev/uav-navigation/src/navigation_estimator/fast_lio_ros/config/mid360_mutual_avoidance_uav1.yaml,ee37646f3b4668f13cad1febce5b79dcaa5f896c91709a9ca80740c72dcb0a3e,1429,248,false,157,1,156,0.993631,0.000000,0.000000,0.002064,true,866,UNAVAILABLE,0.000178,18272,14,0,3,1701245222491817501,1,NOT_ATTEMPTED,1853,33911,2,-1,61,false,221,334,12,248,OVERLAPPING_LIDAR_INTERVAL previous_synchronized_end_ns=1701245222491817501 current_scan_start_ns=1701245222491648436 current_scan_end_ns=1701245222524283436 overlap_duration_ns=169065 scan_index=245,1785256494842849072,false,15454,0.032852,8055247,1430,248,3541,TRACKING,0.745968,185,21778
1805,1.000000,249,sensor_time,/home/letandat/Dev/uav-navigation/src/navigation_estimator/fast_lio_ros/config/mid360_mutual_avoidance_uav1.yaml,ee37646f3b4668f13cad1febce5b79dcaa5f896c91709a9ca80740c72dcb0a3e,1435,249,true,158,1,157,0.993671,0.000000,0.000000,0.002064,true,826,CORRECTED,0.000063,18842,14,0,3,1701245222558160331,0,SUCCEEDED,1816,33992,2,1701245222558160331,61,true,232,285,12,249,LIDAR_CORRECTION_CONVERGED,1785256494898999538,true,15998,0.032784,8055247,1440,249,3541,TRACKING,0.746988,186,22316
1868,1.000000,250,sensor_time,/home/letandat/Dev/uav-navigation/src/navigation_estimator/fast_lio_ros/config/mid360_mutual_avoidance_uav1.yaml,ee37646f3b4668f13cad1febce5b79dcaa5f896c91709a9ca80740c72dcb0a3e,1441,250,true,159,1,158,0.993711,0.000000,0.000000,0.002060,true,870,CORRECTED,0.000068,19711,7,0,3,1701245222591419246,0,SUCCEEDED,1972,34083,2,1701245222591419246,61,true,114,293,12,250,LIDAR_CORRECTION_CONVERGED,1785256494933174810,true,16512,0.033452,8055247,1445,250,3541,TRACKING,0.748000,187,23280
1868,1.000000,251,,/home/letandat/Dev/uav-navigation/src/navigation_estimator/fast_lio_ros/config/mid360_mutual_avoidance_uav1.yaml,ee37646f3b4668f13cad1febce5b79dcaa5f896c91709a9ca80740c72dcb0a3e,1447,251,false,159,1,158,0.993711,0.000000,0.000000,0.002060,true,870,UNAVAILABLE,0.000068,19711,7,0,3,1701245222591419246,1,NOT_ATTEMPTED,1972,34083,2,-1,62,false,114,293,12,251,OVERLAPPING_LIDAR_INTERVAL previous_synchronized_end_ns=1701245222591419246 current_scan_start_ns=1701245222591265440 current_scan_end_ns=1701245222623900440 overlap_duration_ns=153806 scan_index=248,1785256494942511895,false,16512,0.033452,8055247,1447,251,3541,TRACKING,0.745020,187,23280
1788,1.000000,252,sensor_time,/home/letandat/Dev/uav-navigation/src/navigation_estimator/fast_lio_ros/config/mid360_mutual_avoidance_uav1.yaml,ee37646f3b4668f13cad1febce5b79dcaa5f896c91709a9ca80740c72dcb0a3e,1453,252,true,160,1,159,0.993750,0.000000,0.000000,0.002062,true,837,CORRECTED,0.000130,18312,14,0,3,1701245222658133772,0,SUCCEEDED,1802,34159,2,1701245222658133772,62,true,226,306,12,252,LIDAR_CORRECTION_CONVERGED,1785256494998438663,true,15300,0.033371,8055247,1457,252,3541,TRACKING,0.746032,188,21903
1824,1.000000,253,sensor_time,/home/letandat/Dev/uav-navigation/src/navigation_estimator/fast_lio_ros/config/mid360_mutual_avoidance_uav1.yaml,ee37646f3b4668f13cad1febce5b79dcaa5f896c91709a9ca80740c72dcb0a3e,1459,253,true,161,1,160,0.993789,0.000000,0.000000,0.002059,true,937,CORRECTED,0.000109,19096,8,0,3,1701245222691299227,0,SUCCEEDED,1932,34252,2,1701245222691299227,62,true,134,298,12,253,LIDAR_CORRECTION_CONVERGED,1785256495035976021,true,15956,0.032548,8055247,1463,253,3677,TRACKING,0.747036,189,26408
446,1.000000,254,sensor_time,/home/letandat/Dev/uav-navigation/src/navigation_estimator/fast_lio_ros/config/mid360_mutual_avoidance_uav1.yaml,ee37646f3b4668f13cad1febce5b79dcaa5f896c91709a9ca80740c72dcb0a3e,1465,254,true,162,1,161,0.993827,0.000000,0.000000,0.002064,true,930,CORRECTED,0.000024,5490,7,0,3,1701245222725345876,0,SUCCEEDED,395,34260,2,1701245222725345876,62,true,116,137,12,254,LIDAR_CORRECTION_CONVERGED,1785256495050840670,true,4791,0.038209,8055247,1466,254,3677,TRACKING,0.748031,190,7239
446,1.000000,255,,/home/letandat/Dev/uav-navigation/src/navigation_estimator/fast_lio_ros/config/mid360_mutual_avoidance_uav1.yaml,ee37646f3b4668f13cad1febce5b79dcaa5f896c91709a9ca80740c72dcb0a3e,1470,255,false,162,1,161,0.993827,0.000000,0.000000,0.002064,true,930,UNAVAILABLE,0.000024,5490,7,0,3,1701245222725345876,1,NOT_ATTEMPTED,395,34260,2,-1,63,false,116,137,12,255,OVERLAPPING_LIDAR_INTERVAL previous_synchronized_end_ns=1701245222725345876 current_scan_start_ns=1701245222725027561 current_scan_end_ns=1701245222757662561 overlap_duration_ns=318315 scan_index=252,1785256495075816516,false,4791,0.038209,8055247,1470,255,3677,TRACKING,0.745098,190,7239
1856,1.000000,256,sensor_time,/home/letandat/Dev/uav-navigation/src/navigation_estimator/fast_lio_ros/config/mid360_mutual_avoidance_uav1.yaml,ee37646f3b4668f13cad1febce5b79dcaa5f896c91709a9ca80740c72dcb0a3e,1476,256,true,163,1,162,0.993865,0.000000,0.000000,0.002063,true,1538,CORRECTED,0.000101,17623,14,0,3,1701245222791624811,0,SUCCEEDED,1724,34335,2,1701245222791624811,63,true,335,356,12,256,LIDAR_CORRECTION_CONVERGED,1785256495131786456,true,14833,0.032742,8055247,1480,256,3677,TRACKING,0.746094,191,21816
1856,1.000000,257,,/home/letandat/Dev/uav-navigation/src/navigation_estimator/fast_lio_ros/config/mid360_mutual_avoidance_uav1.yaml,ee37646f3b4668f13cad1febce5b79dcaa5f896c91709a9ca80740c72dcb0a3e,1482,257,false,163,1,162,0.993865,0.000000,0.000000,0.002063,true,1538,UNAVAILABLE,0.000101,17623,14,0,3,1701245222791624811,1,NOT_ATTEMPTED,1724,34335,2,-1,64,false,335,356,12,257,OVERLAPPING_LIDAR_INTERVAL previous_synchronized_end_ns=1701245222791624811 current_scan_start_ns=1701245222791499376 current_scan_end_ns=1701245222824134376 overlap_duration_ns=125435 scan_index=254,1785256495142624309,false,14833,0.032742,8055247,1482,257,3677,TRACKING,0.743191,191,21816
1722,1.000000,258,sensor_time,/home/letandat/Dev/uav-navigation/src/navigation_estimator/fast_lio_ros/config/mid360_mutual_avoidance_uav1.yaml,ee37646f3b4668f13cad1febce5b79dcaa5f896c91709a9ca80740c72dcb0a3e,1487,258,true,164,1,163,0.993902,0.000000,0.000000,0.002064,true,873,CORRECTED,0.000268,18404,13,0,3,1701245222858215120,0,SUCCEEDED,1842,34431,2,1701245222858215120,64,true,227,282,12,258,LIDAR_CORRECTION_CONVERGED,1785256495198339117,true,15731,0.034265,8055247,1491,258,3677,TRACKING,0.744186,192,21942
1813,1.000000,259,sensor_time,/home/letandat/Dev/uav-navigation/src/navigation_estimator/fast_lio_ros/config/mid360_mutual_avoidance_uav1.yaml,ee37646f3b4668f13cad1febce5b79dcaa5f896c91709a9ca80740c72dcb0a3e,1493,259,true,165,1,164,0.993939,0.000000,0.000000,0.002060,true,878,CORRECTED,0.000216,18278,8,0,3,1701245222891431597,0,SUCCEEDED,1862,34525,2,1701245222891431597,64,true,125,294,12,259,LIDAR_CORRECTION_CONVERGED,1785256495231819511,true,15301,0.032045,8055247,1497,259,3677,TRACKING,0.745174,193,21740
407,1.000000,260,sensor_time,/home/letandat/Dev/uav-navigation/src/navigation_estimator/fast_lio_ros/config/mid360_mutual_avoidance_uav1.yaml,ee37646f3b4668f13cad1febce5b79dcaa5f896c91709a9ca80740c72dcb0a3e,1499,260,true,166,1,165,0.993976,0.000000,0.000000,0.002065,true,943,CORRECTED,0.000035,5180,8,0,3,1701245222925126341,0,SUCCEEDED,434,34536,2,1701245222925126341,64,true,140,154,12,260,LIDAR_CORRECTION_CONVERGED,1785256495250714989,true,4543,0.038146,8055247,1501,260,3677,TRACKING,0.746154,194,7055
407,1.000000,261,,/home/letandat/Dev/uav-navigation/src/navigation_estimator/fast_lio_ros/config/mid360_mutual_avoidance_uav1.yaml,ee37646f3b4668f13cad1febce5b79dcaa5f896c91709a9ca80740c72dcb0a3e,1505,261,false,166,1,165,0.993976,0.000000,0.000000,0.002065,true,943,UNAVAILABLE,0.000035,5180,8,0,3,1701245222925126341,1,NOT_ATTEMPTED,434,34536,2,-1,65,false,140,154,12,261,OVERLAPPING_LIDAR_INTERVAL previous_synchronized_end_ns=1701245222925126341 current_scan_start_ns=1701245222924913645 current_scan_end_ns=1701245222957548645 overlap_duration_ns=212696 scan_index=258,1785256495275990073,false,4543,0.038146,8055247,1505,261,3677,TRACKING,0.743295,194,7055
1928,1.000000,262,sensor_time,/home/letandat/Dev/uav-navigation/src/navigation_estimator/fast_lio_ros/config/mid360_mutual_avoidance_uav1.yaml,ee37646f3b4668f13cad1febce5b79dcaa5f896c91709a9ca80740c72dcb0a3e,1511,262,true,167,1,166,0.994012,0.000000,0.000000,0.002063,true,883,CORRECTED,0.000048,19881,14,0,3,1701245222991402653,0,SUCCEEDED,1912,34636,2,1701245222991402653,65,true,244,291,12,262,LIDAR_CORRECTION_CONVERGED,1785256495333352142,true,16083,0.030688,8055247,1515,262,3677,TRACKING,0.744275,195,23480
424,1.000000,263,sensor_time,/home/letandat/Dev/uav-navigation/src/navigation_estimator/fast_lio_ros/config/mid360_mutual_avoidance_uav1.yaml,ee37646f3b4668f13cad1febce5b79dcaa5f896c91709a9ca80740c72dcb0a3e,1517,263,true,168,1,167,0.994048,0.000000,0.000000,0.002067,true,930,CORRECTED,0.000048,5258,8,0,3,1701245223025352981,0,SUCCEEDED,409,34652,2,1701245223025352981,65,true,133,140,12,263,LIDAR_CORRECTION_CONVERGED,1785256495350753858,true,4609,0.041524,8055247,1518,263,3677,TRACKING,0.745247,196,7054
424,1.000000,264,,/home/letandat/Dev/uav-navigation/src/navigation_estimator/fast_lio_ros/config/mid360_mutual_avoidance_uav1.yaml,ee37646f3b4668f13cad1febce5b79dcaa5f896c91709a9ca80740c72dcb0a3e,1522,264,false,168,1,167,0.994048,0.000000,0.000000,0.002067,true,930,UNAVAILABLE,0.000048,5258,8,0,3,1701245223025352981,1,NOT_ATTEMPTED,409,34652,2,-1,66,false,133,140,12,264,OVERLAPPING_LIDAR_INTERVAL previous_synchronized_end_ns=1701245223025352981 current_scan_start_ns=1701245223025076866 current_scan_end_ns=1701245223057711866 overlap_duration_ns=276115 scan_index=261,1785256495376227012,false,4609,0.041524,8055247,1522,264,3677,TRACKING,0.742424,196,7054
1982,1.000000,265,sensor_time,/home/letandat/Dev/uav-navigation/src/navigation_estimator/fast_lio_ros/config/mid360_mutual_avoidance_uav1.yaml,ee37646f3b4668f13cad1febce5b79dcaa5f896c91709a9ca80740c72dcb0a3e,1528,265,true,169,1,168,0.994083,0.000000,0.000000,0.002063,true,879,CORRECTED,0.000074,19779,13,0,3,1701245223091891792,0,SUCCEEDED,1875,34740,2,1701245223091891792,66,true,227,372,12,265,LIDAR_CORRECTION_CONVERGED,1785256495433876118,true,16312,0.030489,8055247,1532,265,3677,TRACKING,0.743396,197,23387
1982,1.000000,266,,/home/letandat/Dev/uav-navigation/src/navigation_estimator/fast_lio_ros/config/mid360_mutual_avoidance_uav1.yaml,ee37646f3b4668f13cad1febce5b79dcaa5f896c91709a9ca80740c72dcb0a3e,1534,266,false,169,1,168,0.994083,0.000000,0.000000,0.002063,true,879,UNAVAILABLE,0.000074,19779,13,0,3,1701245223091891792,1,NOT_ATTEMPTED,1875,34740,2,-1,67,false,227,372,12,266,OVERLAPPING_LIDAR_INTERVAL previous_synchronized_end_ns=1701245223091891792 current_scan_start_ns=1701245223091506481 current_scan_end_ns=1701245223124141481 overlap_duration_ns=385311 scan_index=263,1785256495442462978,false,16312,0.030489,8055247,1534,266,3677,TRACKING,0.740602,197,23387
1367,1.000000,267,sensor_time,/home/letandat/Dev/uav-navigation/src/navigation_estimator/fast_lio_ros/config/mid360_mutual_avoidance_uav1.yaml,ee37646f3b4668f13cad1febce5b79dcaa5f896c91709a9ca80740c72dcb0a3e,1540,267,true,170,1,169,0.994118,0.000000,0.000000,0.002065,true,871,CORRECTED,0.000161,15798,14,0,3,1701245223158320930,0,SUCCEEDED,1537,34808,2,1701245223158320930,67,true,239,239,12,267,LIDAR_CORRECTION_CONVERGED,1785256495495800905,true,13621,0.037245,8055247,1543,267,3677,TRACKING,0.741573,198,19084
1902,1.000000,268,sensor_time,/home/letandat/Dev/uav-navigation/src/navigation_estimator/fast_lio_ros/config/mid360_mutual_avoidance_uav1.yaml,ee37646f3b4668f13cad1febce5b79dcaa5f896c91709a9ca80740c72dcb0a3e,1545,268,true,171,1,170,0.994152,0.000000,0.000000,0.002060,true,930,CORRECTED,0.000152,19347,7,0,3,1701245223191377428,0,SUCCEEDED,1751,34890,2,1701245223191377428,67,true,124,307,12,268,LIDAR_CORRECTION_CONVERGED,1785256495536195540,true,15553,0.029034,8055247,1550,268,3717,TRACKING,0.742537,199,26477
1902,1.000000,269,,/home/letandat/Dev/uav-navigation/src/navigation_estimator/fast_lio_ros/config/mid360_mutual_avoidance_uav1.yaml,ee37646f3b4668f13cad1febce5b79dcaa5f896c91709a9ca80740c72dcb0a3e,1551,269,false,171,1,170,0.994152,0.000000,0.000000,0.002060,true,930,UNAVAILABLE,0.000152,19347,7,0,3,1701245223191377428,1,NOT_ATTEMPTED,1751,34890,2,-1,68,false,124,307,12,269,OVERLAPPING_LIDAR_INTERVAL previous_synchronized_end_ns=1701245223191377428 current_scan_start_ns=1701245223191172123 current_scan_end_ns=1701245223223807123 overlap_duration_ns=205305 scan_index=266,1785256495541912286,false,15553,0.029034,8055247,1551,269,3717,TRACKING,0.739777,199,26477
1356,1.000000,270,sensor_time,/home/letandat/Dev/uav-navigation/src/navigation_estimator/fast_lio_ros/config/mid360_mutual_avoidance_uav1.yaml,ee37646f3b4668f13cad1febce5b79dcaa5f896c91709a9ca80740c72dcb0a3e,1557,270,true,172,1,171,0.994186,0.000000,0.000000,0.002064,true,871,CORRECTED,0.000152,15025,14,0,3,1701245223258158949,0,SUCCEEDED,1463,34961,2,1701245223258158949,68,true,224,232,12,270,LIDAR_CORRECTION_CONVERGED,1785256495594728939,true,12953,0.037338,8055247,1560,270,3717,TRACKING,0.740741,200,18069
1826,1.000000,271,sensor_time,/home/letandat/Dev/uav-navigation/src/navigation_estimator/fast_lio_ros/config/mid360_mutual_avoidance_uav1.yaml,ee37646f3b4668f13cad1febce5b79dcaa5f896c91709a9ca80740c72dcb0a3e,1563,271,true,173,1,172,0.994220,0.000000,0.000000,0.002060,true,866,CORRECTED,0.000073,17024,8,0,3,1701245223291303184,0,SUCCEEDED,1759,35024,2,1701245223291303184,68,true,125,300,12,271,LIDAR_CORRECTION_CONVERGED,1785256495630179985,true,14091,0.028646,8055247,1566,271,3717,TRACKING,0.741697,201,20418
652,1.000000,272,sensor_time,/home/letandat/Dev/uav-navigation/src/navigation_estimator/fast_lio_ros/config/mid360_mutual_avoidance_uav1.yaml,ee37646f3b4668f13cad1febce5b79dcaa5f896c91709a9ca80740c72dcb0a3e,1569,272,true,174,1,173,0.994253,0.000000,0.000000,0.002063,true,934,CORRECTED,0.000001,8296,8,0,3,1701245223325327184,0,SUCCEEDED,861,35044,2,1701245223325327184,68,true,146,165,12,272,LIDAR_CORRECTION_CONVERGED,1785256495654105142,true,7278,0.036628,8055247,1570,272,3717,TRACKING,0.742647,202,10608
652,1.000000,273,,/home/letandat/Dev/uav-navigation/src/navigation_estimator/fast_lio_ros/config/mid360_mutual_avoidance_uav1.yaml,ee37646f3b4668f13cad1febce5b79dcaa5f896c91709a9ca80740c72dcb0a3e,1574,273,false,174,1,173,0.994253,0.000000,0.000000,0.002063,true,934,UNAVAILABLE,0.000001,8296,8,0,3,1701245223325327184,1,NOT_ATTEMPTED,861,35044,2,-1,69,false,146,165,12,273,OVERLAPPING_LIDAR_INTERVAL previous_synchronized_end_ns=1701245223325327184 current_scan_start_ns=1701245223325051785 current_scan_end_ns=1701245223357686785 overlap_duration_ns=275399 scan_index=270,1785256495676168737,false,7278,0.036628,8055247,1574,273,3717,TRACKING,0.739927,202,10608
1837,1.000000,274,sensor_time,/home/letandat/Dev/uav-navigation/src/navigation_estimator/fast_lio_ros/config/mid360_mutual_avoidance_uav1.yaml,ee37646f3b4668f13cad1febce5b79dcaa5f896c91709a9ca80740c72dcb0a3e,1580,274,true,175,1,174,0.994286,0.000000,0.000000,0.002063,true,873,CORRECTED,0.000088,18415,13,0,3,1701245223391844538,0,SUCCEEDED,1786,35109,2,1701245223391844538,69,true,225,322,12,274,LIDAR_CORRECTION_CONVERGED,1785256495732115647,true,15315,0.028384,8055247,1584,274,3717,TRACKING,0.740876,203,21886
1837,1.000000,275,,/home/letandat/Dev/uav-navigation/src/navigation_estimator/fast_lio_ros/config/mid360_mutual_avoidance_uav1.yaml,ee37646f3b4668f13cad1febce5b79dcaa5f896c91709a9ca80740c72dcb0a3e,1586,275,false,175,1,174,0.994286,0.000000,0.000000,0.002063,true,873,UNAVAILABLE,0.000088,18415,13,0,3,1701245223391844538,1,NOT_ATTEMPTED,1786,35109,2,-1,70,false,225,322,12,275,OVERLAPPING_LIDAR_INTERVAL previous_synchronized_end_ns=1701245223391844538 current_scan_start_ns=1701245223391504526 current_scan_end_ns=1701245223424139526 overlap_duration_ns=340012 scan_index=272,1785256495742564054,false,15315,0.028384,8055247,1586,275,3717,TRACKING,0.738182,203,21886
1194,1.000000,276,sensor_time,/home/letandat/Dev/uav-navigation/src/navigation_estimator/fast_lio_ros/config/mid360_mutual_avoidance_uav1.yaml,ee37646f3b4668f13cad1febce5b79dcaa5f896c91709a9ca80740c72dcb0a3e,1592,276,true,176,1,175,0.994318,0.000000,0.000000,0.002066,true,836,CORRECTED,0.000302,14042,14,0,3,1701245223458256986,0,SUCCEEDED,1509,35155,2,1701245223458256986,70,true,220,229,12,276,LIDAR_CORRECTION_CONVERGED,1785256495793777349,true,12054,0.036471,8055247,1595,276,3717,TRACKING,0.739130,204,17103
1821,1.000000,277,sensor_time,/home/letandat/Dev/uav-navigation/src/navigation_estimator/fast_lio_ros/config/mid360_mutual_avoidance_uav1.yaml,ee37646f3b4668f13cad1febce5b79dcaa5f896c91709a9ca80740c72dcb0a3e,1597,277,true,177,1,176,0.994350,0.000000,0.000000,0.002061,true,842,CORRECTED,0.000407,16977,7,0,3,1701245223491385963,0,SUCCEEDED,1628,35250,2,1701245223491385963,70,true,111,284,12,277,LIDAR_CORRECTION_CONVERGED,1785256495830347005,true,13966,0.031000,8055247,1601,277,3717,TRACKING,0.740072,205,20113
853,1.000000,278,sensor_time,/home/letandat/Dev/uav-navigation/src/navigation_estimator/fast_lio_ros/config/mid360_mutual_avoidance_uav1.yaml,ee37646f3b4668f13cad1febce5b79dcaa5f896c91709a9ca80740c72dcb0a3e,1603,278,true,178,1,177,0.994382,0.000000,0.000000,0.002063,true,870,CORRECTED,0.000019,10275,8,0,3,1701245223525107649,0,SUCCEEDED,1120,35288,2,1701245223525107649,70,true,132,192,12,278,LIDAR_CORRECTION_CONVERGED,1785256495856363762,true,8930,0.040626,8055247,1606,278,3717,TRACKING,0.741007,206,12799
1095,1.000000,279,sensor_time,/home/letandat/Dev/uav-navigation/src/navigation_estimator/fast_lio_ros/config/mid360_mutual_avoidance_uav1.yaml,ee37646f3b4668f13cad1febce5b79dcaa5f896c91709a9ca80740c72dcb0a3e,1609,279,true,179,1,178,0.994413,0.000000,0.000000,0.002063,true,877,CORRECTED,0.000298,13189,8,0,3,1701245223558132198,0,SUCCEEDED,1409,35349,2,1701245223558132198,70,true,133,228,12,279,LIDAR_CORRECTION_CONVERGED,1785256495892641351,true,11378,0.040334,8055247,1612,279,3717,TRACKING,0.741935,207,16035
1757,1.000000,280,sensor_time,/home/letandat/Dev/uav-navigation/src/navigation_estimator/fast_lio_ros/config/mid360_mutual_avoidance_uav1.yaml,ee37646f3b4668f13cad1febce5b79dcaa5f896c91709a9ca80740c72dcb0a3e,1615,280,true,180,1,179,0.994444,0.000000,0.000000,0.002060,true,867,CORRECTED,0.000207,16467,8,0,3,1701245223591271189,0,SUCCEEDED,1679,35408,2,1701245223591271189,70,true,126,292,12,280,LIDAR_CORRECTION_CONVERGED,1785256495929550624,true,13488,0.028029,8055247,1618,280,3717,TRACKING,0.742857,208,19718
934,1.000000,281,sensor_time,/home/letandat/Dev/uav-navigation/src/navigation_estimator/fast_lio_ros/config/mid360_mutual_avoidance_uav1.yaml,ee37646f3b4668f13cad1febce5b79dcaa5f896c91709a9ca80740c72dcb0a3e,1621,281,true,181,1,180,0.994475,0.000000,0.000000,0.002062,true,949,CORRECTED,0.000068,11908,8,0,3,1701245223625415828,0,SUCCEEDED,1287,35443,2,1701245223625415828,70,true,134,240,12,281,LIDAR_CORRECTION_CONVERGED,1785256495962603940,true,10365,0.039689,8055247,1624,281,3851,TRACKING,0.743772,209,18607
934,1.000000,282,,/home/letandat/Dev/uav-navigation/src/navigation_estimator/fast_lio_ros/config/mid360_mutual_avoidance_uav1.yaml,ee37646f3b4668f13cad1febce5b79dcaa5f896c91709a9ca80740c72dcb0a3e,1626,282,false,181,1,180,0.994475,0.000000,0.000000,0.002062,true,949,UNAVAILABLE,0.000068,11908,8,0,3,1701245223625415828,1,NOT_ATTEMPTED,1287,35443,2,-1,71,false,134,240,12,282,OVERLAPPING_LIDAR_INTERVAL previous_synchronized_end_ns=1701245223625415828 current_scan_start_ns=1701245223625084162 current_scan_end_ns=1701245223657719162 overlap_duration_ns=331666 scan_index=279,1785256495975934189,false,10365,0.039689,8055247,1626,282,3851,TRACKING,0.741135,209,18607
1779,1.000000,283,sensor_time,/home/letandat/Dev/uav-navigation/src/navigation_estimator/fast_lio_ros/config/mid360_mutual_avoidance_uav1.yaml,ee37646f3b4668f13cad1febce5b79dcaa5f896c91709a9ca80740c72dcb0a3e,1632,283,true,182,1,181,0.994505,0.000000,0.000000,0.002062,true,903,CORRECTED,0.000126,16580,13,0,3,1701245223691817310,0,SUCCEEDED,1490,35498,2,1701245223691817310,71,true,232,324,12,283,LIDAR_CORRECTION_CONVERGED,1785256496029978224,true,13716,0.027235,8055247,1636,283,3851,TRACKING,0.742049,210,19789
1779,1.000000,284,,/home/letandat/Dev/uav-navigation/src/navigation_estimator/fast_lio_ros/config/mid360_mutual_avoidance_uav1.yaml,ee37646f3b4668f13cad1febce5b79dcaa5f896c91709a9ca80740c72dcb0a3e,1638,284,false,182,1,181,0.994505,0.000000,0.000000,0.002062,true,903,UNAVAILABLE,0.000126,16580,13,0,3,1701245223691817310,1,NOT_ATTEMPTED,1490,35498,2,-1,72,false,232,324,12,284,OVERLAPPING_LIDAR_INTERVAL previous_synchronized_end_ns=1701245223691817310 current_scan_start_ns=1701245223691513538 current_scan_end_ns=1701245223724148538 overlap_duration_ns=303772 scan_index=281,1785256496042576081,false,13716,0.027235,8055247,1638,284,3851,TRACKING,0.739437,210,19789
908,1.000000,285,sensor_time,/home/letandat/Dev/uav-navigation/src/navigation_estimator/fast_lio_ros/config/mid360_mutual_avoidance_uav1.yaml,ee37646f3b4668f13cad1febce5b79dcaa5f896c91709a9ca80740c72dcb0a3e,1644,285,true,183,1,182,0.994536,0.000000,0.000000,0.002068,true,1764,CORRECTED,0.000185,12936,14,0,3,1701245223758181598,0,SUCCEEDED,1120,35528,2,1701245223758181598,72,true,343,350,12,285,LIDAR_CORRECTION_CONVERGED,1785256496093557508,true,11164,0.037582,8055247,1647,285,3851,TRACKING,0.740351,211,17082
1773,1.000000,286,sensor_time,/home/letandat/Dev/uav-navigation/src/navigation_estimator/fast_lio_ros/config/mid360_mutual_avoidance_uav1.yaml,ee37646f3b4668f13cad1febce5b79dcaa5f896c91709a9ca80740c72dcb0a3e,1650,286,true,184,1,183,0.994565,0.000000,0.000000,0.002062,true,856,CORRECTED,0.000281,16322,8,0,3,1701245223791364219,0,SUCCEEDED,2047,35614,2,1701245223791364219,72,true,126,294,12,286,LIDAR_CORRECTION_CONVERGED,1785256496129462154,true,13151,0.027257,8055247,1653,286,3851,TRACKING,0.741259,212,19884
1773,1.000000,287,,/home/letandat/Dev/uav-navigation/src/navigation_estimator/fast_lio_ros/config/mid360_mutual_avoidance_uav1.yaml,ee37646f3b4668f13cad1febce5b79dcaa5f896c91709a9ca80740c72dcb0a3e,1655,287,false,184,1,183,0.994565,0.000000,0.000000,0.002062,true,856,UNAVAILABLE,0.000281,16322,8,0,3,1701245223791364219,1,NOT_ATTEMPTED,2047,35614,2,-1,73,false,126,294,12,287,OVERLAPPING_LIDAR_INTERVAL previous_synchronized_end_ns=1701245223791364219 current_scan_start_ns=1701245223791339397 current_scan_end_ns=1701245223823974397 overlap_duration_ns=24822 scan_index=284,1785256496142243473,false,13151,0.027257,8055247,1655,287,3851,TRACKING,0.738676,212,19884
808,1.000000,288,sensor_time,/home/letandat/Dev/uav-navigation/src/navigation_estimator/fast_lio_ros/config/mid360_mutual_avoidance_uav1.yaml,ee37646f3b4668f13cad1febce5b79dcaa5f896c91709a9ca80740c72dcb0a3e,1661,288,true,185,1,184,0.994595,0.000000,0.000000,0.002069,true,869,CORRECTED,0.000179,10239,13,0,3,1701245223858157900,0,SUCCEEDED,1069,35648,2,1701245223858157900,73,true,220,176,12,288,LIDAR_CORRECTION_CONVERGED,1785256496189496279,true,8971,0.038724,8055247,1664,288,3851,TRACKING,0.739583,213,12791
1826,1.000000,289,sensor_time,/home/letandat/Dev/uav-navigation/src/navigation_estimator/fast_lio_ros/config/mid360_mutual_avoidance_uav1.yaml,ee37646f3b4668f13cad1febce5b79dcaa5f896c91709a9ca80740c72dcb0a3e,1667,289,true,186,1,185,0.994624,0.000000,0.000000,0.002061,true,884,CORRECTED,0.000037,17363,8,0,3,1701245223891300466,0,SUCCEEDED,1641,35724,2,1701245223891300466,73,true,132,293,12,289,LIDAR_CORRECTION_CONVERGED,1785256496230417543,true,14097,0.027418,8055247,1670,289,3851,TRACKING,0.740484,214,20611
1131,1.000000,290,sensor_time,/home/letandat/Dev/uav-navigation/src/navigation_estimator/fast_lio_ros/config/mid360_mutual_avoidance_uav1.yaml,ee37646f3b4668f13cad1febce5b79dcaa5f896c91709a9ca80740c72dcb0a3e,1673,290,true,187,1,186,0.994652,0.000000,0.000000,0.002061,true,871,CORRECTED,0.000117,13788,8,0,3,1701245223925339010,0,SUCCEEDED,1451,35779,2,1701245223925339010,73,true,133,253,12,290,LIDAR_CORRECTION_CONVERGED,1785256496260697409,true,11949,0.039362,8055247,1676,290,3851,TRACKING,0.741379,215,16902
1131,1.000000,291,,/home/letandat/Dev/uav-navigation/src/navigation_estimator/fast_lio_ros/config/mid360_mutual_avoidance_uav1.yaml,ee37646f3b4668f13cad1febce5b79dcaa5f896c91709a9ca80740c72dcb0a3e,1678,291,false,187,1,186,0.994652,0.000000,0.000000,0.002061,true,871,UNAVAILABLE,0.000117,13788,8,0,3,1701245223925339010,1,NOT_ATTEMPTED,1451,35779,2,-1,74,false,133,253,12,291,OVERLAPPING_LIDAR_INTERVAL previous_synchronized_end_ns=1701245223925339010 current_scan_start_ns=1701245223925061703 current_scan_end_ns=1701245223957696703 overlap_duration_ns=277307 scan_index=288,1785256496276051797,false,11949,0.039362,8055247,1678,291,3851,TRACKING,0.738832,215,16902
1783,1.000000,292,sensor_time,/home/letandat/Dev/uav-navigation/src/navigation_estimator/fast_lio_ros/config/mid360_mutual_avoidance_uav1.yaml,ee37646f3b4668f13cad1febce5b79dcaa5f896c91709a9ca80740c72dcb0a3e,1684,292,true,188,1,187,0.994681,0.000000,0.000000,0.002062,true,855,CORRECTED,0.000032,16567,13,0,3,1701245223991824177,0,SUCCEEDED,1527,35827,2,1701245223991824177,74,true,221,290,12,292,LIDAR_CORRECTION_CONVERGED,1785256496329958106,true,13521,0.026991,8055247,1688,292,3851,TRACKING,0.739726,216,19783
1783,1.000000,293,,/home/letandat/Dev/uav-navigation/src/navigation_estimator/fast_lio_ros/config/mid360_mutual_avoidance_uav1.yaml,ee37646f3b4668f13cad1febce5b79dcaa5f896c91709a9ca80740c72dcb0a3e,1690,293,false,188,1,187,0.994681,0.000000,0.000000,0.002062,true,855,UNAVAILABLE,0.000032,16567,13,0,3,1701245223991824177,1,NOT_ATTEMPTED,1527,35827,2,-1,75,false,221,290,12,293,OVERLAPPING_LIDAR_INTERVAL previous_synchronized_end_ns=1701245223991824177 current_scan_start_ns=1701245223991510868 current_scan_end_ns=1701245224024145868 overlap_duration_ns=313309 scan_index=290,1785256496342471276,false,13521,0.026991,8055247,1690,293,3851,TRACKING,0.737201,216,19783
664,1.000000,294,sensor_time,/home/letandat/Dev/uav-navigation/src/navigation_estimator/fast_lio_ros/config/mid360_mutual_avoidance_uav1.yaml,ee37646f3b4668f13cad1febce5b79dcaa5f896c91709a9ca80740c72dcb0a3e,1696,294,true,189,1,188,0.994709,0.000000,0.000000,0.002070,true,896,CORRECTED,0.000105,8573,14,0,3,1701245224058309582,0,SUCCEEDED,712,35849,2,1701245224058309582,75,true,234,171,12,294,LIDAR_CORRECTION_CONVERGED,1785256496387408366,true,7535,0.038276,8055247,1698,294,3851,TRACKING,0.738095,217,10790
1850,1.000000,295,sensor_time,/home/letandat/Dev/uav-navigation/src/navigation_estimator/fast_lio_ros/config/mid360_mutual_avoidance_uav1.yaml,ee37646f3b4668f13cad1febce5b79dcaa5f896c91709a9ca80740c72dcb0a3e,1702,295,true,190,1,189,0.994737,0.000000,0.000000,0.002062,true,891,CORRECTED,0.000067,17652,8,0,3,1701245224091352012,0,SUCCEEDED,1787,35933,2,1701245224091352012,75,true,132,297,12,295,LIDAR_CORRECTION_CONVERGED,1785256496430717647,true,14418,0.032170,8055247,1706,295,3851,TRACKING,0.738983,218,21016
1324,1.000000,296,sensor_time,/home/letandat/Dev/uav-navigation/src/navigation_estimator/fast_lio_ros/config/mid360_mutual_avoidance_uav1.yaml,ee37646f3b4668f13cad1febce5b79dcaa5f896c91709a9ca80740c72dcb0a3e,1708,296,true,191,1,190,0.994764,0.000000,0.000000,0.002060,true,882,CORRECTED,0.000045,15963,8,0,3,1701245224125101116,0,SUCCEEDED,1766,36000,2,1701245224125101116,75,true,125,251,12,296,LIDAR_CORRECTION_CONVERGED,1785256496466599758,true,13789,0.036763,8055247,1712,296,3991,TRACKING,0.739865,219,23280
623,1.000000,297,sensor_time,/home/letandat/Dev/uav-navigation/src/navigation_estimator/fast_lio_ros/config/mid360_mutual_avoidance_uav1.yaml,ee37646f3b4668f13cad1febce5b79dcaa5f896c91709a9ca80740c72dcb0a3e,1713,297,true,192,1,191,0.994792,0.000000,0.000000,0.002064,true,902,CORRECTED,0.000066,8121,7,0,3,1701245224158121135,0,SUCCEEDED,818,36010,2,1701245224158121135,75,true,131,165,12,297,LIDAR_CORRECTION_CONVERGED,1785256496486573001,true,7109,0.034769,8055247,1715,297,3991,TRACKING,0.740741,220,10335
1804,1.000000,298,sensor_time,/home/letandat/Dev/uav-navigation/src/navigation_estimator/fast_lio_ros/config/mid360_mutual_avoidance_uav1.yaml,ee37646f3b4668f13cad1febce5b79dcaa5f896c91709a9ca80740c72dcb0a3e,1719,298,true,193,1,192,0.994819,0.000000,0.000000,0.002059,true,886,CORRECTED,0.000089,17865,8,0,3,1701245224191306141,0,SUCCEEDED,1696,36068,2,1701245224191306141,75,true,137,326,12,298,LIDAR_CORRECTION_CONVERGED,1785256496530533524,true,14831,0.028279,8055247,1723,298,3991,TRACKING,0.741611,221,21149
1403,1.000000,299,sensor_time,/home/letandat/Dev/uav-navigation/src/navigation_estimator/fast_lio_ros/config/mid360_mutual_avoidance_uav1.yaml,ee37646f3b4668f13cad1febce5b79dcaa5f896c91709a9ca80740c72dcb0a3e,1725,299,true,194,1,193,0.994845,0.000000,0.000000,0.002059,true,871,CORRECTED,0.000265,16353,8,0,3,1701245224225338247,0,SUCCEEDED,1674,36143,2,1701245224225338247,75,true,131,257,12,299,LIDAR_CORRECTION_CONVERGED,1785256496563216427,true,14186,0.038954,8055247,1728,299,3991,TRACKING,0.742475,222,19552
1403,1.000000,300,,/home/letandat/Dev/uav-navigation/src/navigation_estimator/fast_lio_ros/config/mid360_mutual_avoidance_uav1.yaml,ee37646f3b4668f13cad1febce5b79dcaa5f896c91709a9ca80740c72dcb0a3e,1730,300,false,194,1,193,0.994845,0.000000,0.000000,0.002059,true,871,UNAVAILABLE,0.000265,16353,8,0,3,1701245224225338247,1,NOT_ATTEMPTED,1674,36143,2,-1,76,false,131,257,12,300,OVERLAPPING_LIDAR_INTERVAL previous_synchronized_end_ns=1701245224225338247 current_scan_start_ns=1701245224225053549 current_scan_end_ns=1701245224257688549 overlap_duration_ns=284698 scan_index=297,1785256496576103909,false,14186,0.038954,8055247,1730,300,3991,TRACKING,0.740000,222,19552
1821,1.000000,301,sensor_time,/home/letandat/Dev/uav-navigation/src/navigation_estimator/fast_lio_ros/config/mid360_mutual_avoidance_uav1.yaml,ee37646f3b4668f13cad1febce5b79dcaa5f896c91709a9ca80740c72dcb0a3e,1736,301,true,195,1,194,0.994872,0.000000,0.000000,0.002061,true,879,CORRECTED,0.000077,18072,13,0,3,1701245224291654136,0,SUCCEEDED,1690,36212,2,1701245224291654136,76,true,212,299,12,301,LIDAR_CORRECTION_CONVERGED,1785256496631641069,true,14769,0.028682,8055247,1740,301,3991,TRACKING,0.740864,223,21451
1821,1.000000,302,,/home/letandat/Dev/uav-navigation/src/navigation_estimator/fast_lio_ros/config/mid360_mutual_avoidance_uav1.yaml,ee37646f3b4668f13cad1febce5b79dcaa5f896c91709a9ca80740c72dcb0a3e,1742,302,false,195,1,194,0.994872,0.000000,0.000000,0.002061,true,879,UNAVAILABLE,0.000077,18072,13,0,3,1701245224291654136,1,NOT_ATTEMPTED,1690,36212,2,-1,77,false,212,299,12,302,OVERLAPPING_LIDAR_INTERVAL previous_synchronized_end_ns=1701245224291654136 current_scan_start_ns=1701245224291498423 current_scan_end_ns=1701245224324133423 overlap_duration_ns=155713 scan_index=299,1785256496642414122,false,14769,0.028682,8055247,1742,302,3991,TRACKING,0.738411,223,21451
493,1.000000,303,sensor_time,/home/letandat/Dev/uav-navigation/src/navigation_estimator/fast_lio_ros/config/mid360_mutual_avoidance_uav1.yaml,ee37646f3b4668f13cad1febce5b79dcaa5f896c91709a9ca80740c72dcb0a3e,1748,303,true,196,1,195,0.994898,0.000000,0.000000,0.002070,true,852,CORRECTED,0.000004,6246,14,0,3,1701245224358189609,0,SUCCEEDED,517,36230,2,1701245224358189609,77,true,223,157,12,303,LIDAR_CORRECTION_CONVERGED,1785256496684654283,true,5511,0.040818,8055247,1749,303,3991,TRACKING,0.739274,224,8177
1806,1.000000,304,sensor_time,/home/letandat/Dev/uav-navigation/src/navigation_estimator/fast_lio_ros/config/mid360_mutual_avoidance_uav1.yaml,ee37646f3b4668f13cad1febce5b79dcaa5f896c91709a9ca80740c72dcb0a3e,1754,304,true,197,1,196,0.994924,0.000000,0.000000,0.002062,true,865,CORRECTED,0.000320,18016,8,0,3,1701245224391368892,0,SUCCEEDED,1946,36314,2,1701245224391368892,77,true,129,313,12,304,LIDAR_CORRECTION_CONVERGED,1785256496731223316,true,14946,0.029917,8055247,1758,304,3991,TRACKING,0.740132,225,21504
1552,1.000000,305,sensor_time,/home/letandat/Dev/uav-navigation/src/navigation_estimator/fast_lio_ros/config/mid360_mutual_avoidance_uav1.yaml,ee37646f3b4668f13cad1febce5b79dcaa5f896c91709a9ca80740c72dcb0a3e,1760,305,true,198,1,197,0.994949,0.000000,0.000000,0.002060,true,906,CORRECTED,0.000164,18056,8,0,3,1701245224425119903,0,SUCCEEDED,1875,36374,2,1701245224425119903,77,true,139,288,12,305,LIDAR_CORRECTION_CONVERGED,1785256496765038404,true,15584,0.033532,8055247,1763,305,3991,TRACKING,0.740984,226,21650
449,1.000000,306,sensor_time,/home/letandat/Dev/uav-navigation/src/navigation_estimator/fast_lio_ros/config/mid360_mutual_avoidance_uav1.yaml,ee37646f3b4668f13cad1febce5b79dcaa5f896c91709a9ca80740c72dcb0a3e,1765,306,true,199,1,198,0.994975,0.000000,0.000000,0.002064,true,856,CORRECTED,0.000000,5628,7,0,3,1701245224458127764,0,SUCCEEDED,408,36386,2,1701245224458127764,77,true,115,145,12,306,LIDAR_CORRECTION_CONVERGED,1785256496783650113,true,4971,0.039051,8055247,1767,306,3991,TRACKING,0.741830,227,7311
1865,1.000000,307,sensor_time,/home/letandat/Dev/uav-navigation/src/navigation_estimator/fast_lio_ros/config/mid360_mutual_avoidance_uav1.yaml,ee37646f3b4668f13cad1febce5b79dcaa5f896c91709a9ca80740c72dcb0a3e,1771,307,true,200,1,199,0.995000,0.000000,0.000000,0.002059,true,871,CORRECTED,0.000078,19338,8,0,3,1701245224491260555,0,SUCCEEDED,1969,36463,2,1701245224491260555,77,true,131,293,12,307,LIDAR_CORRECTION_CONVERGED,1785256496832535642,true,15928,0.030593,8055247,1775,307,3991,TRACKING,0.742671,228,22844
1575,1.000000,308,sensor_time,/home/letandat/Dev/uav-navigation/src/navigation_estimator/fast_lio_ros/config/mid360_mutual_avoidance_uav1.yaml,ee37646f3b4668f13cad1febce5b79dcaa5f896c91709a9ca80740c72dcb0a3e,1777,308,true,201,1,200,0.995025,0.000000,0.000000,0.002057,true,910,CORRECTED,0.000126,18593,8,0,3,1701245224525362041,0,SUCCEEDED,1922,36556,2,1701245224525362041,77,true,134,292,12,308,LIDAR_CORRECTION_CONVERGED,1785256496870713623,true,15871,0.036851,8055247,1782,308,4171,TRACKING,0.743506,229,26419
1575,1.000000,309,,/home/letandat/Dev/uav-navigation/src/navigation_estimator/fast_lio_ros/config/mid360_mutual_avoidance_uav1.yaml,ee37646f3b4668f13cad1febce5b79dcaa5f896c91709a9ca80740c72dcb0a3e,1783,309,false,201,1,200,0.995025,0.000000,0.000000,0.002057,true,910,UNAVAILABLE,0.000126,18593,8,0,3,1701245224525362041,1,NOT_ATTEMPTED,1922,36556,2,-1,78,false,134,292,12,309,OVERLAPPING_LIDAR_INTERVAL previous_synchronized_end_ns=1701245224525362041 current_scan_start_ns=1701245224525058031 current_scan_end_ns=1701245224557693031 overlap_duration_ns=304010 scan_index=306,1785256496876088663,false,15871,0.036851,8055247,1783,309,4171,TRACKING,0.741100,229,26419
1885,1.000000,310,sensor_time,/home/letandat/Dev/uav-navigation/src/navigation_estimator/fast_lio_ros/config/mid360_mutual_avoidance_uav1.yaml,ee37646f3b4668f13cad1febce5b79dcaa5f896c91709a9ca80740c72dcb0a3e,1788,310,true,202,1,201,0.995050,0.000000,0.000000,0.002059,true,874,CORRECTED,0.000123,19730,13,0,3,1701245224591843870,0,SUCCEEDED,2139,36632,2,1701245224591843870,78,true,232,315,12,310,LIDAR_CORRECTION_CONVERGED,1785256496933938821,true,16488,0.031139,8055247,1793,310,4171,TRACKING,0.741935,230,23608
1885,1.000000,311,,/home/letandat/Dev/uav-navigation/src/navigation_estimator/fast_lio_ros/config/mid360_mutual_avoidance_uav1.yaml,ee37646f3b4668f13cad1febce5b79dcaa5f896c91709a9ca80740c72dcb0a3e,1794,311,false,202,1,201,0.995050,0.000000,0.000000,0.002059,true,874,UNAVAILABLE,0.000123,19730,13,0,3,1701245224591843870,1,NOT_ATTEMPTED,2139,36632,2,-1,79,false,232,315,12,311,OVERLAPPING_LIDAR_INTERVAL previous_synchronized_end_ns=1701245224591843870 current_scan_start_ns=1701245224591484308 current_scan_end_ns=1701245224624119308 overlap_duration_ns=359562 scan_index=308,1785256496942477248,false,16488,0.031139,8055247,1794,311,4171,TRACKING,0.739550,230,23608
392,1.000000,312,sensor_time,/home/letandat/Dev/uav-navigation/src/navigation_estimator/fast_lio_ros/config/mid360_mutual_avoidance_uav1.yaml,ee37646f3b4668f13cad1febce5b79dcaa5f896c91709a9ca80740c72dcb0a3e,1800,312,true,203,1,202,0.995074,0.000000,0.000000,0.002070,true,870,CORRECTED,0.000000,4861,14,0,3,1701245224658159044,0,SUCCEEDED,364,36647,2,1701245224658159044,79,true,226,129,12,312,LIDAR_CORRECTION_CONVERGED,1785256496983296455,true,4247,0.039096,8055247,1801,312,4171,TRACKING,0.740385,231,6708
1848,1.000000,313,sensor_time,/home/letandat/Dev/uav-navigation/src/navigation_estimator/fast_lio_ros/config/mid360_mutual_avoidance_uav1.yaml,ee37646f3b4668f13cad1febce5b79dcaa5f896c91709a9ca80740c72dcb0a3e,1806,313,true,204,1,203,0.995098,0.000000,0.000000,0.002061,true,1718,CORRECTED,0.000336,20061,8,0,3,1701245224691340950,0,SUCCEEDED,1994,36729,2,1701245224691340950,79,true,184,426,12,313,LIDAR_CORRECTION_CONVERGED,1785256497034405590,true,16939,0.033000,8055247,1810,313,4171,TRACKING,0.741214,232,24617
1661,1.000000,314,sensor_time,/home/letandat/Dev/uav-navigation/src/navigation_estimator/fast_lio_ros/config/mid360_mutual_avoidance_uav1.yaml,ee37646f3b4668f13cad1febce5b79dcaa5f896c91709a9ca80740c72dcb0a3e,1812,314,true,205,1,204,0.995122,0.000000,0.000000,0.002058,true,874,CORRECTED,0.000053,19178,8,0,3,1701245224725092914,0,SUCCEEDED,2052,36811,2,1701245224725092914,79,true,149,290,12,314,LIDAR_CORRECTION_CONVERGED,1785256497066415060,true,16141,0.032738,8055247,1815,314,4171,TRACKING,0.742038,233,22952
348,1.000000,315,sensor_time,/home/letandat/Dev/uav-navigation/src/navigation_estimator/fast_lio_ros/config/mid360_mutual_avoidance_uav1.yaml,ee37646f3b4668f13cad1febce5b79dcaa5f896c91709a9ca80740c72dcb0a3e,1817,315,true,206,1,205,0.995146,0.000000,0.000000,0.002063,true,930,CORRECTED,0.000117,3082,7,0,2,1701245224758131769,0,SUCCEEDED,330,36822,2,1701245224758131769,79,true,146,123,12,315,LIDAR_CORRECTION_CONVERGED,1785256497081280304,true,2720,0.037367,8055247,1818,315,4171,TRACKING,0.742857,234,4758
1944,1.000000,316,sensor_time,/home/letandat/Dev/uav-navigation/src/navigation_estimator/fast_lio_ros/config/mid360_mutual_avoidance_uav1.yaml,ee37646f3b4668f13cad1febce5b79dcaa5f896c91709a9ca80740c72dcb0a3e,1823,316,true,207,1,206,0.995169,0.000000,0.000000,0.002058,true,887,CORRECTED,0.000024,21811,8,0,3,1701245224791295793,0,SUCCEEDED,2300,36887,2,1701245224791295793,79,true,143,318,12,316,LIDAR_CORRECTION_CONVERGED,1785256497135418802,true,18094,0.032391,8055247,1828,316,4171,TRACKING,0.743671,235,25718
1746,1.000000,317,sensor_time,/home/letandat/Dev/uav-navigation/src/navigation_estimator/fast_lio_ros/config/mid360_mutual_avoidance_uav1.yaml,ee37646f3b4668f13cad1febce5b79dcaa5f896c91709a9ca80740c72dcb0a3e,1829,317,true,208,1,207,0.995192,0.000000,0.000000,0.002056,true,940,CORRECTED,0.000213,13183,8,0,2,1701245224825335529,0,SUCCEEDED,1996,36954,2,1701245224825335529,79,true,166,325,12,317,LIDAR_CORRECTION_CONVERGED,1785256497160732276,true,11004,0.032004,8055247,1832,317,4171,TRACKING,0.744479,236,17057
1746,1.000000,318,,/home/letandat/Dev/uav-navigation/src/navigation_estimator/fast_lio_ros/config/mid360_mutual_avoidance_uav1.yaml,ee37646f3b4668f13cad1febce5b79dcaa5f896c91709a9ca80740c72dcb0a3e,1835,318,false,208,1,207,0.995192,0.000000,0.000000,0.002056,true,940,UNAVAILABLE,0.000213,13183,8,0,2,1701245224825335529,1,NOT_ATTEMPTED,1996,36954,2,-1,80,false,166,325,12,318,OVERLAPPING_LIDAR_INTERVAL previous_synchronized_end_ns=1701245224825335529 current_scan_start_ns=1701245224825038195 current_scan_end_ns=1701245224857673195 overlap_duration_ns=297334 scan_index=315,1785256497175931010,false,11004,0.032004,8055247,1835,318,4171,TRACKING,0.742138,236,17057
1811,1.000000,319,sensor_time,/home/letandat/Dev/uav-navigation/src/navigation_estimator/fast_lio_ros/config/mid360_mutual_avoidance_uav1.yaml,ee37646f3b4668f13cad1febce5b79dcaa5f896c91709a9ca80740c72dcb0a3e,1840,319,true,209,1,208,0.995215,0.000000,0.000000,0.002059,true,889,CORRECTED,0.000255,19452,14,0,3,1701245224891809013,0,SUCCEEDED,2189,37039,2,1701245224891809013,80,true,247,319,12,319,LIDAR_CORRECTION_CONVERGED,1785256497233771180,true,16239,0.034566,8055247,1845,319,4171,TRACKING,0.742947,237,23373
1811,1.000000,320,,/home/letandat/Dev/uav-navigation/src/navigation_estimator/fast_lio_ros/config/mid360_mutual_avoidance_uav1.yaml,ee37646f3b4668f13cad1febce5b79dcaa5f896c91709a9ca80740c72dcb0a3e,1846,320,false,209,1,208,0.995215,0.000000,0.000000,0.002059,true,889,UNAVAILABLE,0.000255,19452,14,0,3,1701245224891809013,1,NOT_ATTEMPTED,2189,37039,2,-1,81,false,247,319,12,320,OVERLAPPING_LIDAR_INTERVAL previous_synchronized_end_ns=1701245224891809013 current_scan_start_ns=1701245224891505241 current_scan_end_ns=1701245224924140241 overlap_duration_ns=303772 scan_index=317,1785256497242589554,false,16239,0.034566,8055247,1846,320,4171,TRACKING,0.740625,237,23373
346,1.000000,321,sensor_time,/home/letandat/Dev/uav-navigation/src/navigation_estimator/fast_lio_ros/config/mid360_mutual_avoidance_uav1.yaml,ee37646f3b4668f13cad1febce5b79dcaa5f896c91709a9ca80740c72dcb0a3e,1852,321,true,210,1,209,0.995238,0.000000,0.000000,0.002070,true,873,CORRECTED,0.000000,3928,13,0,3,1701245224958185222,0,SUCCEEDED,306,37045,2,1701245224958185222,81,true,211,113,12,321,LIDAR_CORRECTION_CONVERGED,1785256497282356644,true,3410,0.037641,8055247,1853,321,4171,TRACKING,0.741433,238,5689
1711,1.000000,322,sensor_time,/home/letandat/Dev/uav-navigation/src/navigation_estimator/fast_lio_ros/config/mid360_mutual_avoidance_uav1.yaml,ee37646f3b4668f13cad1febce5b79dcaa5f896c91709a9ca80740c72dcb0a3e,1858,322,true,211,1,210,0.995261,0.000000,0.000000,0.002062,true,981,CORRECTED,0.000327,12495,8,0,2,1701245224991358068,0,SUCCEEDED,1967,37120,2,1701245224991358068,81,true,122,300,12,322,LIDAR_CORRECTION_CONVERGED,1785256497330249739,true,10528,0.036130,8055247,1861,322,4288,TRACKING,0.742236,239,20350
1867,1.000000,323,sensor_time,/home/letandat/Dev/uav-navigation/src/navigation_estimator/fast_lio_ros/config/mid360_mutual_avoidance_uav1.yaml,ee37646f3b4668f13cad1febce5b79dcaa5f896c91709a9ca80740c72dcb0a3e,1864,323,true,212,1,211,0.995283,0.000000,0.000000,0.002057,true,886,CORRECTED,0.000238,12838,8,0,2,1701245225025143650,0,SUCCEEDED,1980,37182,2,1701245225025143650,81,true,131,312,12,323,LIDAR_CORRECTION_CONVERGED,1785256497360033411,true,10785,0.032627,8055247,1867,323,4288,TRACKING,0.743034,240,16413
375,1.000000,324,sensor_time,/home/letandat/Dev/uav-navigation/src/navigation_estimator/fast_lio_ros/config/mid360_mutual_avoidance_uav1.yaml,ee37646f3b4668f13cad1febce5b79dcaa5f896c91709a9ca80740c72dcb0a3e,1869,324,true,213,1,212,0.995305,0.000000,0.000000,0.002062,true,878,CORRECTED,0.000023,4558,8,0,3,1701245225058115270,0,SUCCEEDED,322,37185,2,1701245225058115270,81,true,128,128,12,324,LIDAR_CORRECTION_CONVERGED,1785256497382851113,true,4003,0.036705,8055247,1871,324,4288,TRACKING,0.743827,241,6279
1592,1.000000,325,sensor_time,/home/letandat/Dev/uav-navigation/src/navigation_estimator/fast_lio_ros/config/mid360_mutual_avoidance_uav1.yaml,ee37646f3b4668f13cad1febce5b79dcaa5f896c91709a9ca80740c72dcb0a3e,1875,325,true,214,1,213,0.995327,0.000000,0.000000,0.002059,true,903,CORRECTED,0.000312,17204,7,0,3,1701245225091251161,0,SUCCEEDED,1857,37248,2,1701245225091251161,81,true,114,287,12,325,LIDAR_CORRECTION_CONVERGED,1785256497430295119,true,14518,0.034073,8055247,1879,325,4288,TRACKING,0.744615,242,20564
1937,1.000000,326,sensor_time,/home/letandat/Dev/uav-navigation/src/navigation_estimator/fast_lio_ros/config/mid360_mutual_avoidance_uav1.yaml,ee37646f3b4668f13cad1febce5b79dcaa5f896c91709a9ca80740c72dcb0a3e,1881,326,true,215,1,214,0.995349,0.000000,0.000000,0.002057,true,930,CORRECTED,0.000089,20944,8,0,3,1701245225125446584,0,SUCCEEDED,2243,37319,2,1701245225125446584,81,true,141,357,12,326,LIDAR_CORRECTION_CONVERGED,1785256497468946946,true,17429,0.031287,8055247,1886,326,4288,TRACKING,0.745399,243,24934
1937,1.000000,327,,/home/letandat/Dev/uav-navigation/src/navigation_estimator/fast_lio_ros/config/mid360_mutual_avoidance_uav1.yaml,ee37646f3b4668f13cad1febce5b79dcaa5f896c91709a9ca80740c72dcb0a3e,1887,327,false,215,1,214,0.995349,0.000000,0.000000,0.002057,true,930,UNAVAILABLE,0.000089,20944,8,0,3,1701245225125446584,1,NOT_ATTEMPTED,2243,37319,2,-1,82,false,141,357,12,327,OVERLAPPING_LIDAR_INTERVAL previous_synchronized_end_ns=1701245225125446584 current_scan_start_ns=1701245225124957561 current_scan_end_ns=1701245225157592561 overlap_duration_ns=489023 scan_index=324,1785256497475944736,false,17429,0.031287,8055247,1887,327,4288,TRACKING,0.743119,243,24934
1496,1.000000,328,sensor_time,/home/letandat/Dev/uav-navigation/src/navigation_estimator/fast_lio_ros/config/mid360_mutual_avoidance_uav1.yaml,ee37646f3b4668f13cad1febce5b79dcaa5f896c91709a9ca80740c72dcb0a3e,1893,328,true,216,1,215,0.995370,0.000000,0.000000,0.002060,true,868,CORRECTED,0.000052,16672,14,0,3,1701245225191840437,0,SUCCEEDED,1844,37378,2,1701245225191840437,82,true,223,260,12,328,LIDAR_CORRECTION_CONVERGED,1785256497530427799,true,14258,0.031870,8055247,1896,328,4288,TRACKING,0.743902,244,20244
1496,1.000000,329,,/home/letandat/Dev/uav-navigation/src/navigation_estimator/fast_lio_ros/config/mid360_mutual_avoidance_uav1.yaml,ee37646f3b4668f13cad1febce5b79dcaa5f896c91709a9ca80740c72dcb0a3e,1898,329,false,216,1,215,0.995370,0.000000,0.000000,0.002060,true,868,UNAVAILABLE,0.000052,16672,14,0,3,1701245225191840437,1,NOT_ATTEMPTED,1844,37378,2,-1,83,false,223,260,12,329,OVERLAPPING_LIDAR_INTERVAL previous_synchronized_end_ns=1701245225191840437 current_scan_start_ns=1701245225191505909 current_scan_end_ns=1701245225224140909 overlap_duration_ns=334528 scan_index=326,1785256497542436188,false,14258,0.031870,8055247,1899,329,4288,TRACKING,0.741641,244,20244
445,1.000000,330,sensor_time,/home/letandat/Dev/uav-navigation/src/navigation_estimator/fast_lio_ros/config/mid360_mutual_avoidance_uav1.yaml,ee37646f3b4668f13cad1febce5b79dcaa5f896c91709a9ca80740c72dcb0a3e,1904,330,true,217,1,216,0.995392,0.000000,0.000000,0.002070,true,865,CORRECTED,0.000081,3835,13,0,2,1701245225258157518,0,SUCCEEDED,483,37386,2,1701245225258157518,83,true,218,153,12,330,LIDAR_CORRECTION_CONVERGED,1785256497582146258,true,3363,0.037233,8055247,1905,330,4288,TRACKING,0.742424,245,5710
1426,1.000000,331,sensor_time,/home/letandat/Dev/uav-navigation/src/navigation_estimator/fast_lio_ros/config/mid360_mutual_avoidance_uav1.yaml,ee37646f3b4668f13cad1febce5b79dcaa5f896c91709a9ca80740c72dcb0a3e,1910,331,true,218,1,217,0.995413,0.000000,0.000000,0.002064,true,1680,CORRECTED,0.000044,18815,8,0,3,1701245225291357544,0,SUCCEEDED,1767,37468,2,1701245225291357544,83,true,183,374,12,331,LIDAR_CORRECTION_CONVERGED,1785256497632902175,true,15913,0.037099,8055247,1914,331,4288,TRACKING,0.743202,246,23030
1892,1.000000,332,sensor_time,/home/letandat/Dev/uav-navigation/src/navigation_estimator/fast_lio_ros/config/mid360_mutual_avoidance_uav1.yaml,ee37646f3b4668f13cad1febce5b79dcaa5f896c91709a9ca80740c72dcb0a3e,1916,332,true,219,1,218,0.995434,0.000000,0.000000,0.002058,true,964,CORRECTED,0.000139,20579,8,0,3,1701245225325105932,0,SUCCEEDED,1956,37557,2,1701245225325105932,83,true,139,326,12,332,LIDAR_CORRECTION_CONVERGED,1785256497667882812,true,17103,0.035076,8055247,1920,332,4288,TRACKING,0.743976,247,24245
502,1.000000,333,sensor_time,/home/letandat/Dev/uav-navigation/src/navigation_estimator/fast_lio_ros/config/mid360_mutual_avoidance_uav1.yaml,ee37646f3b4668f13cad1febce5b79dcaa5f896c91709a9ca80740c72dcb0a3e,1921,333,true,220,1,219,0.995455,0.000000,0.000000,0.002062,true,939,CORRECTED,0.000006,6737,8,0,3,1701245225358129051,0,SUCCEEDED,552,37569,2,1701245225358129051,83,true,202,150,12,333,LIDAR_CORRECTION_CONVERGED,1785256497685215789,true,5918,0.034524,8055247,1923,333,4288,TRACKING,0.744745,248,8868
1477,1.000000,334,sensor_time,/home/letandat/Dev/uav-navigation/src/navigation_estimator/fast_lio_ros/config/mid360_mutual_avoidance_uav1.yaml,ee37646f3b4668f13cad1febce5b79dcaa5f896c91709a9ca80740c72dcb0a3e,1927,334,true,221,1,220,0.995475,0.000000,0.000000,0.002060,true,887,CORRECTED,0.000207,17055,7,0,3,1701245225391325262,0,SUCCEEDED,1896,37622,2,1701245225391325262,83,true,122,271,12,334,LIDAR_CORRECTION_CONVERGED,1785256497734382128,true,14654,0.034985,8055247,1932,334,3968,TRACKING,0.745509,249,24396
1873,1.000000,335,sensor_time,/home/letandat/Dev/uav-navigation/src/navigation_estimator/fast_lio_ros/config/mid360_mutual_avoidance_uav1.yaml,ee37646f3b4668f13cad1febce5b79dcaa5f896c91709a9ca80740c72dcb0a3e,1933,335,true,222,1,221,0.995495,0.000000,0.000000,0.002057,true,927,CORRECTED,0.000117,19198,8,0,3,1701245225425329473,0,SUCCEEDED,1985,37704,2,1701245225425329473,83,true,135,318,12,335,LIDAR_CORRECTION_CONVERGED,1785256497766740605,true,15819,0.032733,8055247,1937,335,3968,TRACKING,0.746269,250,22918
1873,1.000000,336,,/home/letandat/Dev/uav-navigation/src/navigation_estimator/fast_lio_ros/config/mid360_mutual_avoidance_uav1.yaml,ee37646f3b4668f13cad1febce5b79dcaa5f896c91709a9ca80740c72dcb0a3e,1939,336,false,222,1,221,0.995495,0.000000,0.000000,0.002057,true,927,UNAVAILABLE,0.000117,19198,8,0,3,1701245225425329473,1,NOT_ATTEMPTED,1985,37704,2,-1,84,false,135,318,12,336,OVERLAPPING_LIDAR_INTERVAL previous_synchronized_end_ns=1701245225425329473 current_scan_start_ns=1701245225424829006 current_scan_end_ns=1701245225457464006 overlap_duration_ns=500467 scan_index=333,1785256497775925086,false,15819,0.032733,8055247,1939,336,3968,TRACKING,0.744048,250,22918
1327,1.000000,337,sensor_time,/home/letandat/Dev/uav-navigation/src/navigation_estimator/fast_lio_ros/config/mid360_mutual_avoidance_uav1.yaml,ee37646f3b4668f13cad1febce5b79dcaa5f896c91709a9ca80740c72dcb0a3e,1945,337,true,223,1,222,0.995516,0.000000,0.000000,0.002062,true,879,CORRECTED,0.000162,16082,14,0,3,1701245225491808679,0,SUCCEEDED,1887,37765,2,1701245225491808679,84,true,223,242,12,337,LIDAR_CORRECTION_CONVERGED,1785256497829843340,true,13878,0.034589,8055247,1948,337,3968,TRACKING,0.744807,251,19772
1327,1.000000,338,,/home/letandat/Dev/uav-navigation/src/navigation_estimator/fast_lio_ros/config/mid360_mutual_avoidance_uav1.yaml,ee37646f3b4668f13cad1febce5b79dcaa5f896c91709a9ca80740c72dcb0a3e,1950,338,false,223,1,222,0.995516,0.000000,0.000000,0.002062,true,879,UNAVAILABLE,0.000162,16082,14,0,3,1701245225491808679,1,NOT_ATTEMPTED,1887,37765,2,-1,85,false,223,242,12,338,OVERLAPPING_LIDAR_INTERVAL previous_synchronized_end_ns=1701245225491808679 current_scan_start_ns=1701245225491498709 current_scan_end_ns=1701245225524133709 overlap_duration_ns=309970 scan_index=335,1785256497842439039,false,13878,0.034589,8055247,1950,338,3968,TRACKING,0.742604,251,19772
649,1.000000,339,sensor_time,/home/letandat/Dev/uav-navigation/src/navigation_estimator/fast_lio_ros/config/mid360_mutual_avoidance_uav1.yaml,ee37646f3b4668f13cad1febce5b79dcaa5f896c91709a9ca80740c72dcb0a3e,1956,339,true,224,1,223,0.995536,0.000000,0.000000,0.002070,true,935,CORRECTED,0.000071,8701,13,0,3,1701245225558136013,0,SUCCEEDED,781,37777,2,1701245225558136013,85,true,236,172,12,339,LIDAR_CORRECTION_CONVERGED,1785256497887375759,true,7632,0.037541,8055247,1958,339,3968,TRACKING,0.743363,252,10985
1222,1.000000,340,sensor_time,/home/letandat/Dev/uav-navigation/src/navigation_estimator/fast_lio_ros/config/mid360_mutual_avoidance_uav1.yaml,ee37646f3b4668f13cad1febce5b79dcaa5f896c91709a9ca80740c72dcb0a3e,1962,340,true,225,1,224,0.995556,0.000000,0.000000,0.002066,true,935,CORRECTED,0.000126,15650,8,0,3,1701245225591347482,0,SUCCEEDED,1646,37825,2,1701245225591347482,85,true,141,270,12,340,LIDAR_CORRECTION_CONVERGED,1785256497928466200,true,13637,0.035747,8055247,1965,340,3968,TRACKING,0.744118,253,18839
1222,1.000000,341,,/home/letandat/Dev/uav-navigation/src/navigation_estimator/fast_lio_ros/config/mid360_mutual_avoidance_uav1.yaml,ee37646f3b4668f13cad1febce5b79dcaa5f896c91709a9ca80740c72dcb0a3e,1967,341,false,225,1,224,0.995556,0.000000,0.000000,0.002066,true,935,UNAVAILABLE,0.000126,15650,8,0,3,1701245225591347482,1,NOT_ATTEMPTED,1646,37825,2,-1,86,false,141,270,12,341,OVERLAPPING_LIDAR_INTERVAL previous_synchronized_end_ns=1701245225591347482 current_scan_start_ns=1701245225591171265 current_scan_end_ns=1701245225623806265 overlap_duration_ns=176217 scan_index=338,1785256497942065197,false,13637,0.035747,8055247,1968,341,3968,TRACKING,0.741935,253,18839
701,1.000000,342,sensor_time,/home/letandat/Dev/uav-navigation/src/navigation_estimator/fast_lio_ros/config/mid360_mutual_avoidance_uav1.yaml,ee37646f3b4668f13cad1febce5b79dcaa5f896c91709a9ca80740c72dcb0a3e,1974,342,true,226,1,225,0.995575,0.000000,0.000000,0.002074,true,868,CORRECTED,0.000154,8557,14,0,3,1701245225658102062,0,SUCCEEDED,806,37846,2,1701245225658102062,86,true,249,197,12,342,LIDAR_CORRECTION_CONVERGED,1785256497987056957,true,7494,0.037354,8055247,1975,342,3968,TRACKING,0.742690,254,10829
1193,1.000000,343,sensor_time,/home/letandat/Dev/uav-navigation/src/navigation_estimator/fast_lio_ros/config/mid360_mutual_avoidance_uav1.yaml,ee37646f3b4668f13cad1febce5b79dcaa5f896c91709a9ca80740c72dcb0a3e,1979,343,true,227,1,226,0.995595,0.000000,0.000000,0.002068,true,865,CORRECTED,0.000704,9699,7,0,2,1701245225691276815,0,SUCCEEDED,1511,37908,2,1701245225691276815,86,true,110,248,12,343,LIDAR_CORRECTION_CONVERGED,1785256498022335709,true,8481,0.040694,8055247,1982,343,3968,TRACKING,0.743440,255,12641
1787,1.000000,344,sensor_time,/home/letandat/Dev/uav-navigation/src/navigation_estimator/fast_lio_ros/config/mid360_mutual_avoidance_uav1.yaml,ee37646f3b4668f13cad1febce5b79dcaa5f896c91709a9ca80740c72dcb0a3e,1985,344,true,228,1,227,0.995614,0.000000,0.000000,0.002059,true,870,CORRECTED,0.000321,18114,8,0,3,1701245225725307968,0,SUCCEEDED,1905,37982,2,1701245225725307968,86,true,129,301,12,344,LIDAR_CORRECTION_CONVERGED,1785256498065353070,true,14668,0.029221,8055247,1989,344,3968,TRACKING,0.744186,256,21628
1787,1.000000,345,,/home/letandat/Dev/uav-navigation/src/navigation_estimator/fast_lio_ros/config/mid360_mutual_avoidance_uav1.yaml,ee37646f3b4668f13cad1febce5b79dcaa5f896c91709a9ca80740c72dcb0a3e,1991,345,false,228,1,227,0.995614,0.000000,0.000000,0.002059,true,870,UNAVAILABLE,0.000321,18114,8,0,3,1701245225725307968,1,NOT_ATTEMPTED,1905,37982,2,-1,87,false,129,301,12,345,OVERLAPPING_LIDAR_INTERVAL previous_synchronized_end_ns=1701245225725307968 current_scan_start_ns=1701245225725045443 current_scan_end_ns=1701245225757680443 overlap_duration_ns=262525 scan_index=342,1785256498075894562,false,14668,0.029221,8055247,1991,345,3968,TRACKING,0.742029,256,21628
1112,1.000000,346,sensor_time,/home/letandat/Dev/uav-navigation/src/navigation_estimator/fast_lio_ros/config/mid360_mutual_avoidance_uav1.yaml,ee37646f3b4668f13cad1febce5b79dcaa5f896c91709a9ca80740c72dcb0a3e,1997,346,true,229,1,228,0.995633,0.000000,0.000000,0.002064,true,855,CORRECTED,0.000152,14194,14,0,3,1701245225791807201,0,SUCCEEDED,1522,38019,2,1701245225791807201,87,true,219,220,12,346,LIDAR_CORRECTION_CONVERGED,1785256498127254167,true,12225,0.037291,8055247,2000,346,3968,TRACKING,0.742775,257,17342
1112,1.000000,347,,/home/letandat/Dev/uav-navigation/src/navigation_estimator/fast_lio_ros/config/mid360_mutual_avoidance_uav1.yaml,ee37646f3b4668f13cad1febce5b79dcaa5f896c91709a9ca80740c72dcb0a3e,2003,347,false,229,1,228,0.995633,0.000000,0.000000,0.002064,true,855,UNAVAILABLE,0.000152,14194,14,0,3,1701245225791807201,1,NOT_ATTEMPTED,1522,38019,2,-1,88,false,219,220,12,347,OVERLAPPING_LIDAR_INTERVAL previous_synchronized_end_ns=1701245225791807201 current_scan_start_ns=1701245225791484356 current_scan_end_ns=1701245225824119356 overlap_duration_ns=322845 scan_index=344,1785256498142367055,false,12225,0.037291,8055247,2003,347,3968,TRACKING,0.740634,257,17342
815,1.000000,348,sensor_time,/home/letandat/Dev/uav-navigation/src/navigation_estimator/fast_lio_ros/config/mid360_mutual_avoidance_uav1.yaml,ee37646f3b4668f13cad1febce5b79dcaa5f896c91709a9ca80740c72dcb0a3e,2008,348,true,230,1,229,0.995652,0.000000,0.000000,0.002070,true,871,CORRECTED,0.000034,10213,13,0,3,1701245225858160999,0,SUCCEEDED,1101,38049,2,1701245225858160999,88,true,210,192,12,348,LIDAR_CORRECTION_CONVERGED,1785256498189256231,true,8920,0.036127,8055247,2010,348,3968,TRACKING,0.741379,258,12753
937,1.000000,349,sensor_time,/home/letandat/Dev/uav-navigation/src/navigation_estimator/fast_lio_ros/config/mid360_mutual_avoidance_uav1.yaml,ee37646f3b4668f13cad1febce5b79dcaa5f896c91709a9ca80740c72dcb0a3e,2014,349,true,231,1,230,0.995671,0.000000,0.000000,0.002068,true,937,CORRECTED,0.000229,11757,8,0,3,1701245225891341713,0,SUCCEEDED,1182,38075,2,1701245225891341713,88,true,139,210,12,349,LIDAR_CORRECTION_CONVERGED,1785256498228556684,true,10352,0.035836,8055247,2017,349,4039,TRACKING,0.742120,259,18429
1881,1.000000,350,sensor_time,/home/letandat/Dev/uav-navigation/src/navigation_estimator/fast_lio_ros/config/mid360_mutual_avoidance_uav1.yaml,ee37646f3b4668f13cad1febce5b79dcaa5f896c91709a9ca80740c72dcb0a3e,2020,350,true,232,1,231,0.995690,0.000000,0.000000,0.002060,true,941,CORRECTED,0.000453,19024,8,0,3,1701245225925118473,0,SUCCEEDED,1879,38153,2,1701245225925118473,88,true,139,323,12,350,LIDAR_CORRECTION_CONVERGED,1785256498265983239,true,15382,0.029978,8055247,2024,350,4039,TRACKING,0.742857,260,22588
891,1.000000,351,sensor_time,/home/letandat/Dev/uav-navigation/src/navigation_estimator/fast_lio_ros/config/mid360_mutual_avoidance_uav1.yaml,ee37646f3b4668f13cad1febce5b79dcaa5f896c91709a9ca80740c72dcb0a3e,2026,351,true,233,1,232,0.995708,0.000000,0.000000,0.002061,true,963,CORRECTED,0.000297,8074,8,0,2,1701245225958103683,0,SUCCEEDED,1241,38181,2,1701245225958103683,88,true,140,218,12,351,LIDAR_CORRECTION_CONVERGED,1785256498287157294,true,7049,0.038286,8055247,2028,351,4039,TRACKING,0.743590,261,10961
891,1.000000,352,sensor_time,/home/letandat/Dev/uav-navigation/src/navigation_estimator/fast_lio_ros/config/mid360_mutual_avoidance_uav1.yaml,ee37646f3b4668f13cad1febce5b79dcaa5f896c91709a9ca80740c72dcb0a3e,2031,352,true,234,1,233,0.995726,0.000000,0.000000,0.002063,true,878,CORRECTED,0.000010,11385,8,0,3,1701245225991306808,0,SUCCEEDED,1207,38217,2,1701245225991306808,88,true,139,214,12,352,LIDAR_CORRECTION_CONVERGED,1785256498323471360,true,10017,0.038808,8055247,2034,352,4039,TRACKING,0.744318,262,13985
1771,1.000000,353,sensor_time,/home/letandat/Dev/uav-navigation/src/navigation_estimator/fast_lio_ros/config/mid360_mutual_avoidance_uav1.yaml,ee37646f3b4668f13cad1febce5b79dcaa5f896c91709a9ca80740c72dcb0a3e,2037,353,true,235,1,234,0.995745,0.000000,0.000000,0.002059,true,889,CORRECTED,0.000084,17295,7,0,3,1701245226025310781,0,SUCCEEDED,1704,38270,2,1701245226025310781,88,true,114,312,12,353,LIDAR_CORRECTION_CONVERGED,1785256498364152401,true,13937,0.027976,8055247,2041,353,4039,TRACKING,0.745042,263,20572
1771,1.000000,354,,/home/letandat/Dev/uav-navigation/src/navigation_estimator/fast_lio_ros/config/mid360_mutual_avoidance_uav1.yaml,ee37646f3b4668f13cad1febce5b79dcaa5f896c91709a9ca80740c72dcb0a3e,2043,354,false,235,1,234,0.995745,0.000000,0.000000,0.002059,true,889,UNAVAILABLE,0.000084,17295,7,0,3,1701245226025310781,1,NOT_ATTEMPTED,1704,38270,2,-1,89,false,114,312,12,354,OVERLAPPING_LIDAR_INTERVAL previous_synchronized_end_ns=1701245226025310781 current_scan_start_ns=1701245226025131702 current_scan_end_ns=1701245226057766702 overlap_duration_ns=179079 scan_index=351,1785256498376083501,false,13937,0.027976,8055247,2043,354,4039,TRACKING,0.742938,263,20572
882,1.000000,355,sensor_time,/home/letandat/Dev/uav-navigation/src/navigation_estimator/fast_lio_ros/config/mid360_mutual_avoidance_uav1.yaml,ee37646f3b4668f13cad1febce5b79dcaa5f896c91709a9ca80740c72dcb0a3e,2049,355,true,236,1,235,0.995763,0.000000,0.000000,0.002066,true,928,CORRECTED,0.000211,11178,14,0,3,1701245226091834095,0,SUCCEEDED,1129,38298,2,1701245226091834095,89,true,240,216,12,355,LIDAR_CORRECTION_CONVERGED,1785256498424129320,true,9783,0.036147,8055247,2051,355,4039,TRACKING,0.743662,264,13912
882,1.000000,356,,/home/letandat/Dev/uav-navigation/src/navigation_estimator/fast_lio_ros/config/mid360_mutual_avoidance_uav1.yaml,ee37646f3b4668f13cad1febce5b79dcaa5f896c91709a9ca80740c72dcb0a3e,2055,356,false,236,1,235,0.995763,0.000000,0.000000,0.002066,true,928,UNAVAILABLE,0.000211,11178,14,0,3,1701245226091834095,1,NOT_ATTEMPTED,1129,38298,2,-1,90,false,240,216,12,356,OVERLAPPING_LIDAR_INTERVAL previous_synchronized_end_ns=1701245226091834095 current_scan_start_ns=1701245226091558218 current_scan_end_ns=1701245226124193218 overlap_duration_ns=275877 scan_index=353,1785256498442438480,false,9783,0.036147,8055247,2055,356,4039,TRACKING,0.741573,264,13912
1075,1.000000,357,sensor_time,/home/letandat/Dev/uav-navigation/src/navigation_estimator/fast_lio_ros/config/mid360_mutual_avoidance_uav1.yaml,ee37646f3b4668f13cad1febce5b79dcaa5f896c91709a9ca80740c72dcb0a3e,2061,357,true,237,1,236,0.995781,0.000000,0.000000,0.002069,true,873,CORRECTED,0.000344,13719,13,0,3,1701245226158161428,0,SUCCEEDED,1320,38333,2,1701245226158161428,90,true,230,261,12,357,LIDAR_CORRECTION_CONVERGED,1785256498493064569,true,11975,0.034985,8055247,2063,357,4039,TRACKING,0.742297,265,16602
710,1.000000,358,sensor_time,/home/letandat/Dev/uav-navigation/src/navigation_estimator/fast_lio_ros/config/mid360_mutual_avoidance_uav1.yaml,ee37646f3b4668f13cad1febce5b79dcaa5f896c91709a9ca80740c72dcb0a3e,2066,358,true,238,1,237,0.995798,0.000000,0.000000,0.002070,true,865,CORRECTED,0.000204,8957,8,0,3,1701245226191406515,0,SUCCEEDED,849,38351,2,1701245226191406515,90,true,127,179,12,358,LIDAR_CORRECTION_CONVERGED,1785256498520905276,true,7892,0.037330,8055247,2068,358,4039,TRACKING,0.743017,266,11129
1801,1.000000,359,sensor_time,/home/letandat/Dev/uav-navigation/src/navigation_estimator/fast_lio_ros/config/mid360_mutual_avoidance_uav1.yaml,ee37646f3b4668f13cad1febce5b79dcaa5f896c91709a9ca80740c72dcb0a3e,2072,359,true,239,1,238,0.995816,0.000000,0.000000,0.002061,true,864,CORRECTED,0.000316,17368,8,0,3,1701245226225107935,0,SUCCEEDED,1584,38414,2,1701245226225107935,90,true,126,307,12,359,LIDAR_CORRECTION_CONVERGED,1785256498563827098,true,14198,0.029219,8055247,2076,359,4039,TRACKING,0.743733,267,20494
1143,1.000000,360,sensor_time,/home/letandat/Dev/uav-navigation/src/navigation_estimator/fast_lio_ros/config/mid360_mutual_avoidance_uav1.yaml,ee37646f3b4668f13cad1febce5b79dcaa5f896c91709a9ca80740c72dcb0a3e,2078,360,true,240,1,239,0.995833,0.000000,0.000000,0.002060,true,834,CORRECTED,0.000128,13989,8,0,3,1701245226258123663,0,SUCCEEDED,1510,38467,2,1701245226258123663,90,true,130,243,12,360,LIDAR_CORRECTION_CONVERGED,1785256498593469486,true,12232,0.037278,8055247,2081,360,4039,TRACKING,0.744444,268,16936
732,1.000000,361,sensor_time,/home/letandat/Dev/uav-navigation/src/navigation_estimator/fast_lio_ros/config/mid360_mutual_avoidance_uav1.yaml,ee37646f3b4668f13cad1febce5b79dcaa5f896c91709a9ca80740c72dcb0a3e,2083,361,true,241,1,240,0.995851,0.000000,0.000000,0.002063,true,855,CORRECTED,0.000037,9193,8,0,3,1701245226291274097,0,SUCCEEDED,1261,38486,2,1701245226291274097,90,true,136,191,12,361,LIDAR_CORRECTION_CONVERGED,1785256498625805887,true,8069,0.036462,8055247,2087,361,4073,TRACKING,0.745152,269,15884
1822,1.000000,362,sensor_time,/home/letandat/Dev/uav-navigation/src/navigation_estimator/fast_lio_ros/config/mid360_mutual_avoidance_uav1.yaml,ee37646f3b4668f13cad1febce5b79dcaa5f896c91709a9ca80740c72dcb0a3e,2089,362,true,242,1,241,0.995868,0.000000,0.000000,0.002058,true,844,CORRECTED,0.000024,18361,8,0,3,1701245226325219896,0,SUCCEEDED,1884,38563,2,1701245226325219896,90,true,129,306,12,362,LIDAR_CORRECTION_CONVERGED,1785256498665469498,true,15076,0.033026,8055247,2093,362,4073,TRACKING,0.745856,270,21792
1822,1.000000,363,,/home/letandat/Dev/uav-navigation/src/navigation_estimator/fast_lio_ros/config/mid360_mutual_avoidance_uav1.yaml,ee37646f3b4668f13cad1febce5b79dcaa5f896c91709a9ca80740c72dcb0a3e,2095,363,false,242,1,241,0.995868,0.000000,0.000000,0.002058,true,844,UNAVAILABLE,0.000024,18361,8,0,3,1701245226325219896,1,NOT_ATTEMPTED,1884,38563,2,-1,91,false,129,306,12,363,OVERLAPPING_LIDAR_INTERVAL previous_synchronized_end_ns=1701245226325219896 current_scan_start_ns=1701245226325036764 current_scan_end_ns=1701245226357671764 overlap_duration_ns=183132 scan_index=360,1785256498676007535,false,15076,0.033026,8055247,2095,363,4073,TRACKING,0.743802,270,21792
627,1.000000,364,sensor_time,/home/letandat/Dev/uav-navigation/src/navigation_estimator/fast_lio_ros/config/mid360_mutual_avoidance_uav1.yaml,ee37646f3b4668f13cad1febce5b79dcaa5f896c91709a9ca80740c72dcb0a3e,2101,364,true,243,1,242,0.995885,0.000000,0.000000,0.002067,true,884,CORRECTED,0.000063,8103,13,0,3,1701245226391856458,0,SUCCEEDED,666,38577,2,1701245226391856458,91,true,215,189,12,364,LIDAR_CORRECTION_CONVERGED,1785256498720720762,true,7137,0.035318,8055247,2103,364,4073,TRACKING,0.744505,271,10397
627,1.000000,365,,/home/letandat/Dev/uav-navigation/src/navigation_estimator/fast_lio_ros/config/mid360_mutual_avoidance_uav1.yaml,ee37646f3b4668f13cad1febce5b79dcaa5f896c91709a9ca80740c72dcb0a3e,2107,365,false,243,1,242,0.995885,0.000000,0.000000,0.002067,true,884,UNAVAILABLE,0.000063,8103,13,0,3,1701245226391856458,1,NOT_ATTEMPTED,666,38577,2,-1,92,false,215,189,12,365,OVERLAPPING_LIDAR_INTERVAL previous_synchronized_end_ns=1701245226391856458 current_scan_start_ns=1701245226391486883 current_scan_end_ns=1701245226424121883 overlap_duration_ns=369575 scan_index=362,1785256498742446578,false,7137,0.035318,8055247,2107,365,4073,TRACKING,0.742466,271,10397
1350,1.000000,366,sensor_time,/home/letandat/Dev/uav-navigation/src/navigation_estimator/fast_lio_ros/config/mid360_mutual_avoidance_uav1.yaml,ee37646f3b4668f13cad1febce5b79dcaa5f896c91709a9ca80740c72dcb0a3e,2113,366,true,244,1,243,0.995902,0.000000,0.000000,0.002067,true,875,CORRECTED,0.000398,16426,14,0,3,1701245226458162811,0,SUCCEEDED,1840,38637,2,1701245226458162811,92,true,229,269,12,366,LIDAR_CORRECTION_CONVERGED,1785256498796293074,true,14254,0.036599,8055247,2116,366,4073,TRACKING,0.743169,272,19841
525,1.000000,367,sensor_time,/home/letandat/Dev/uav-navigation/src/navigation_estimator/fast_lio_ros/config/mid360_mutual_avoidance_uav1.yaml,ee37646f3b4668f13cad1febce5b79dcaa5f896c91709a9ca80740c72dcb0a3e,2118,367,true,245,1,244,0.995918,0.000000,0.000000,0.002070,true,894,CORRECTED,0.000024,6960,7,0,3,1701245226491341141,0,SUCCEEDED,647,38644,2,1701245226491341141,92,true,137,164,12,367,LIDAR_CORRECTION_CONVERGED,1785256498818679227,true,6135,0.035271,8055247,2120,367,4073,TRACKING,0.743869,273,8965
1840,1.000000,368,sensor_time,/home/letandat/Dev/uav-navigation/src/navigation_estimator/fast_lio_ros/config/mid360_mutual_avoidance_uav1.yaml,ee37646f3b4668f13cad1febce5b79dcaa5f896c91709a9ca80740c72dcb0a3e,2124,368,true,246,1,245,0.995935,0.000000,0.000000,0.002060,true,888,CORRECTED,0.000134,19144,8,0,3,1701245226525092151,0,SUCCEEDED,2346,38698,2,1701245226525092151,92,true,145,325,12,368,LIDAR_CORRECTION_CONVERGED,1785256498866569813,true,15781,0.033066,8055247,2128,368,4073,TRACKING,0.744565,274,23081
1465,1.000000,369,sensor_time,/home/letandat/Dev/uav-navigation/src/navigation_estimator/fast_lio_ros/config/mid360_mutual_avoidance_uav1.yaml,ee37646f3b4668f13cad1febce5b79dcaa5f896c91709a9ca80740c72dcb0a3e,2130,369,true,247,1,246,0.995951,0.000000,0.000000,0.002058,true,876,CORRECTED,0.000132,16556,8,0,3,1701245226558094766,0,SUCCEEDED,1700,38752,2,1701245226558094766,92,true,164,262,12,369,LIDAR_CORRECTION_CONVERGED,1785256498896486624,true,14177,0.033322,8055247,2133,369,4073,TRACKING,0.745257,275,19911
465,1.000000,370,sensor_time,/home/letandat/Dev/uav-navigation/src/navigation_estimator/fast_lio_ros/config/mid360_mutual_avoidance_uav1.yaml,ee37646f3b4668f13cad1febce5b79dcaa5f896c91709a9ca80740c72dcb0a3e,2135,370,true,248,1,247,0.995968,0.000000,0.000000,0.002063,true,871,CORRECTED,0.000055,6067,8,0,3,1701245226591304090,0,SUCCEEDED,463,38763,2,1701245226591304090,92,true,132,157,12,370,LIDAR_CORRECTION_CONVERGED,1785256498917442523,true,5376,0.035098,8055247,2137,370,4073,TRACKING,0.745946,276,7852
1936,1.000000,371,sensor_time,/home/letandat/Dev/uav-navigation/src/navigation_estimator/fast_lio_ros/config/mid360_mutual_avoidance_uav1.yaml,ee37646f3b4668f13cad1febce5b79dcaa5f896c91709a9ca80740c72dcb0a3e,2142,371,true,249,1,248,0.995984,0.000000,0.000000,0.002058,true,877,CORRECTED,0.000093,20668,8,0,3,1701245226625438717,0,SUCCEEDED,2080,38840,2,1701245226625438717,92,true,129,327,12,371,LIDAR_CORRECTION_CONVERGED,1785256498968203528,true,17246,0.032111,8055247,2146,371,4073,TRACKING,0.746631,277,24344
1936,1.000000,372,,/home/letandat/Dev/uav-navigation/src/navigation_estimator/fast_lio_ros/config/mid360_mutual_avoidance_uav1.yaml,ee37646f3b4668f13cad1febce5b79dcaa5f896c91709a9ca80740c72dcb0a3e,2147,372,false,249,1,248,0.995984,0.000000,0.000000,0.002058,true,877,UNAVAILABLE,0.000093,20668,8,0,3,1701245226625438717,1,NOT_ATTEMPTED,2080,38840,2,-1,93,false,129,327,12,372,OVERLAPPING_LIDAR_INTERVAL previous_synchronized_end_ns=1701245226625438717 current_scan_start_ns=1701245226624995470 current_scan_end_ns=1701245226657630470 overlap_duration_ns=443247 scan_index=369,1785256498975750194,false,17246,0.032111,8055247,2147,372,4073,TRACKING,0.744624,277,24344
386,1.000000,373,sensor_time,/home/letandat/Dev/uav-navigation/src/navigation_estimator/fast_lio_ros/config/mid360_mutual_avoidance_uav1.yaml,ee37646f3b4668f13cad1febce5b79dcaa5f896c91709a9ca80740c72dcb0a3e,2153,373,true,250,1,249,0.996000,0.000000,0.000000,0.002068,true,914,CORRECTED,0.000122,3794,13,0,2,1701245226691795137,0,SUCCEEDED,398,38847,2,1701245226691795137,93,true,209,181,12,373,LIDAR_CORRECTION_CONVERGED,1785256499016038836,true,3389,0.037106,8055247,2154,373,4073,TRACKING,0.745308,278,5863
386,1.000000,374,,/home/letandat/Dev/uav-navigation/src/navigation_estimator/fast_lio_ros/config/mid360_mutual_avoidance_uav1.yaml,ee37646f3b4668f13cad1febce5b79dcaa5f896c91709a9ca80740c72dcb0a3e,2159,374,false,250,1,249,0.996000,0.000000,0.000000,0.002068,true,914,UNAVAILABLE,0.000122,3794,13,0,2,1701245226691795137,1,NOT_ATTEMPTED,398,38847,2,-1,94,false,209,181,12,374,OVERLAPPING_LIDAR_INTERVAL previous_synchronized_end_ns=1701245226691795137 current_scan_start_ns=1701245226691477537 current_scan_end_ns=1701245226724112537 overlap_duration_ns=317600 scan_index=371,1785256499042152667,false,3389,0.037106,8055247,2159,374,4073,TRACKING,0.743316,278,5863
1560,1.000000,375,sensor_time,/home/letandat/Dev/uav-navigation/src/navigation_estimator/fast_lio_ros/config/mid360_mutual_avoidance_uav1.yaml,ee37646f3b4668f13cad1febce5b79dcaa5f896c91709a9ca80740c72dcb0a3e,2165,375,true,251,1,250,0.996016,0.000000,0.000000,0.002065,true,875,CORRECTED,0.000205,17819,14,0,3,1701245226758168724,0,SUCCEEDED,2051,38906,2,1701245226758168724,94,true,240,277,12,375,LIDAR_CORRECTION_CONVERGED,1785256499102652346,true,15307,0.034539,8055247,2169,375,4347,TRACKING,0.744000,279,25859
365,1.000000,376,sensor_time,/home/letandat/Dev/uav-navigation/src/navigation_estimator/fast_lio_ros/config/mid360_mutual_avoidance_uav1.yaml,ee37646f3b4668f13cad1febce5b79dcaa5f896c91709a9ca80740c72dcb0a3e,2170,376,true,252,1,251,0.996032,0.000000,0.000000,0.002069,true,884,CORRECTED,0.000008,5028,7,0,3,1701245226791333702,0,SUCCEEDED,385,38914,2,1701245226791333702,94,true,115,133,12,376,LIDAR_CORRECTION_CONVERGED,1785256499116195569,true,4471,0.035134,8055247,2172,376,4347,TRACKING,0.744681,280,6714
1927,1.000000,377,sensor_time,/home/letandat/Dev/uav-navigation/src/navigation_estimator/fast_lio_ros/config/mid360_mutual_avoidance_uav1.yaml,ee37646f3b4668f13cad1febce5b79dcaa5f896c91709a9ca80740c72dcb0a3e,2176,377,true,253,1,252,0.996047,0.000000,0.000000,0.002059,true,835,CORRECTED,0.000143,20636,8,0,3,1701245226825096395,0,SUCCEEDED,2112,38994,2,1701245226825096395,94,true,131,317,12,377,LIDAR_CORRECTION_CONVERGED,1785256499167825430,true,17163,0.032713,8055247,2181,377,4347,TRACKING,0.745358,281,24282
1927,1.000000,378,,/home/letandat/Dev/uav-navigation/src/navigation_estimator/fast_lio_ros/config/mid360_mutual_avoidance_uav1.yaml,ee37646f3b4668f13cad1febce5b79dcaa5f896c91709a9ca80740c72dcb0a3e,2182,378,false,253,1,252,0.996047,0.000000,0.000000,0.002059,true,835,UNAVAILABLE,0.000143,20636,8,0,3,1701245226825096395,1,NOT_ATTEMPTED,2112,38994,2,-1,95,false,131,317,12,378,OVERLAPPING_LIDAR_INTERVAL previous_synchronized_end_ns=1701245226825096395 current_scan_start_ns=1701245226824883699 current_scan_end_ns=1701245226857518699 overlap_duration_ns=212696 scan_index=375,1785256499175843836,false,17163,0.032713,8055247,2182,378,4347,TRACKING,0.743386,281,24282
346,1.000000,379,sensor_time,/home/letandat/Dev/uav-navigation/src/navigation_estimator/fast_lio_ros/config/mid360_mutual_avoidance_uav1.yaml,ee37646f3b4668f13cad1febce5b79dcaa5f896c91709a9ca80740c72dcb0a3e,2188,379,true,254,1,253,0.996063,0.000000,0.000000,0.002070,true,876,CORRECTED,0.000131,4276,14,0,3,1701245226891271141,0,SUCCEEDED,306,38997,2,1701245226891271141,95,true,235,124,12,379,LIDAR_CORRECTION_CONVERGED,1785256499215800538,true,3764,0.035023,8055247,2189,379,4347,TRACKING,0.744063,282,6114
1785,1.000000,380,sensor_time,/home/letandat/Dev/uav-navigation/src/navigation_estimator/fast_lio_ros/config/mid360_mutual_avoidance_uav1.yaml,ee37646f3b4668f13cad1febce5b79dcaa5f896c91709a9ca80740c72dcb0a3e,2194,380,true,255,1,254,0.996078,0.000000,0.000000,0.002061,true,878,CORRECTED,0.000160,19834,8,0,3,1701245226925313976,0,SUCCEEDED,1947,39096,2,1701245226925313976,95,true,132,315,12,380,LIDAR_CORRECTION_CONVERGED,1785256499267251024,true,16689,0.033998,8055247,2198,380,4347,TRACKING,0.744737,283,23326
1785,1.000000,381,,/home/letandat/Dev/uav-navigation/src/navigation_estimator/fast_lio_ros/config/mid360_mutual_avoidance_uav1.yaml,ee37646f3b4668f13cad1febce5b79dcaa5f896c91709a9ca80740c72dcb0a3e,2199,381,false,255,1,254,0.996078,0.000000,0.000000,0.002061,true,878,UNAVAILABLE,0.000160,19834,8,0,3,1701245226925313976,1,NOT_ATTEMPTED,1947,39096,2,-1,96,false,132,315,12,381,OVERLAPPING_LIDAR_INTERVAL previous_synchronized_end_ns=1701245226925313976 current_scan_start_ns=1701245226925048351 current_scan_end_ns=1701245226957683351 overlap_duration_ns=265625 scan_index=378,1785256499276196584,false,16689,0.033998,8055247,2199,381,4347,TRACKING,0.742782,283,23326
353,1.000000,382,sensor_time,/home/letandat/Dev/uav-navigation/src/navigation_estimator/fast_lio_ros/config/mid360_mutual_avoidance_uav1.yaml,ee37646f3b4668f13cad1febce5b79dcaa5f896c91709a9ca80740c72dcb0a3e,2205,382,true,256,1,255,0.996094,0.000000,0.000000,0.002072,true,921,CORRECTED,0.000000,4578,13,0,3,1701245226991847542,0,SUCCEEDED,353,39105,2,1701245226991847542,96,true,234,136,12,382,LIDAR_CORRECTION_CONVERGED,1785256499316866230,true,4040,0.036319,8055247,2206,382,4347,TRACKING,0.743455,284,6412
353,1.000000,383,,/home/letandat/Dev/uav-navigation/src/navigation_estimator/fast_lio_ros/config/mid360_mutual_avoidance_uav1.yaml,ee37646f3b4668f13cad1febce5b79dcaa5f896c91709a9ca80740c72dcb0a3e,2211,383,false,256,1,255,0.996094,0.000000,0.000000,0.002072,true,921,UNAVAILABLE,0.000000,4578,13,0,3,1701245226991847542,1,NOT_ATTEMPTED,353,39105,2,-1,97,false,234,136,12,383,OVERLAPPING_LIDAR_INTERVAL previous_synchronized_end_ns=1701245226991847542 current_scan_start_ns=1701245226991479397 current_scan_end_ns=1701245227024114397 overlap_duration_ns=368145 scan_index=380,1785256499342715914,false,4040,0.036319,8055247,2211,383,4347,TRACKING,0.741514,284,6412
1852,1.000000,384,sensor_time,/home/letandat/Dev/uav-navigation/src/navigation_estimator/fast_lio_ros/config/mid360_mutual_avoidance_uav1.yaml,ee37646f3b4668f13cad1febce5b79dcaa5f896c91709a9ca80740c72dcb0a3e,2217,384,true,257,1,256,0.996109,0.000000,0.000000,0.002064,true,1678,CORRECTED,0.000243,21421,13,0,3,1701245227058148411,0,SUCCEEDED,2080,39173,2,1701245227058148411,97,true,306,419,12,384,LIDAR_CORRECTION_CONVERGED,1785256499402959614,true,18366,0.033143,8055247,2221,384,4347,TRACKING,0.742188,285,26146
329,1.000000,385,sensor_time,/home/letandat/Dev/uav-navigation/src/navigation_estimator/fast_lio_ros/config/mid360_mutual_avoidance_uav1.yaml,ee37646f3b4668f13cad1febce5b79dcaa5f896c91709a9ca80740c72dcb0a3e,2222,385,true,258,1,257,0.996124,0.000000,0.000000,0.002069,true,932,CORRECTED,0.000029,4538,8,0,3,1701245227091334608,0,SUCCEEDED,317,39181,2,1701245227091334608,97,true,144,130,12,385,LIDAR_CORRECTION_CONVERGED,1785256499416256952,true,4018,0.035151,8055247,2224,385,4347,TRACKING,0.742857,286,6534
1721,1.000000,386,sensor_time,/home/letandat/Dev/uav-navigation/src/navigation_estimator/fast_lio_ros/config/mid360_mutual_avoidance_uav1.yaml,ee37646f3b4668f13cad1febce5b79dcaa5f896c91709a9ca80740c72dcb0a3e,2228,386,true,259,1,258,0.996139,0.000000,0.000000,0.002061,true,931,CORRECTED,0.000057,19410,8,0,3,1701245227125242975,0,SUCCEEDED,1961,39233,2,1701245227125242975,97,true,135,308,12,386,LIDAR_CORRECTION_CONVERGED,1785256499466644705,true,16389,0.033827,8055247,2233,386,4347,TRACKING,0.743523,287,23022
1822,1.000000,387,sensor_time,/home/letandat/Dev/uav-navigation/src/navigation_estimator/fast_lio_ros/config/mid360_mutual_avoidance_uav1.yaml,ee37646f3b4668f13cad1febce5b79dcaa5f896c91709a9ca80740c72dcb0a3e,2234,387,true,260,1,259,0.996154,0.000000,0.000000,0.002057,true,934,CORRECTED,0.000048,20928,8,0,3,1701245227158111360,0,SUCCEEDED,2103,39294,2,1701245227158111360,97,true,140,317,12,387,LIDAR_CORRECTION_CONVERGED,1785256499501323304,true,17734,0.031644,8055247,2238,387,4347,TRACKING,0.744186,288,24749
371,1.000000,388,sensor_time,/home/letandat/Dev/uav-navigation/src/navigation_estimator/fast_lio_ros/config/mid360_mutual_avoidance_uav1.yaml,ee37646f3b4668f13cad1febce5b79dcaa5f896c91709a9ca80740c72dcb0a3e,2240,388,true,261,1,260,0.996169,0.000000,0.000000,0.002062,true,937,CORRECTED,0.000013,5278,8,0,3,1701245227191269901,0,SUCCEEDED,370,39302,2,1701245227191269901,97,true,142,140,12,388,LIDAR_CORRECTION_CONVERGED,1785256499520948453,true,4680,0.033558,8055247,2242,388,4084,TRACKING,0.744845,289,11143
1648,1.000000,389,sensor_time,/home/letandat/Dev/uav-navigation/src/navigation_estimator/fast_lio_ros/config/mid360_mutual_avoidance_uav1.yaml,ee37646f3b4668f13cad1febce5b79dcaa5f896c91709a9ca80740c72dcb0a3e,2246,389,true,262,1,261,0.996183,0.000000,0.000000,0.002059,true,933,CORRECTED,0.000055,19019,8,0,3,1701245227225320366,0,SUCCEEDED,1966,39361,2,1701245227225320366,97,true,136,310,12,389,LIDAR_CORRECTION_CONVERGED,1785256499566263265,true,16312,0.032550,8055247,2249,389,4084,TRACKING,0.745501,290,22595
1648,1.000000,390,,/home/letandat/Dev/uav-navigation/src/navigation_estimator/fast_lio_ros/config/mid360_mutual_avoidance_uav1.yaml,ee37646f3b4668f13cad1febce5b79dcaa5f896c91709a9ca80740c72dcb0a3e,2251,390,false,262,1,261,0.996183,0.000000,0.000000,0.002059,true,933,UNAVAILABLE,0.000055,19019,8,0,3,1701245227225320366,1,NOT_ATTEMPTED,1966,39361,2,-1,98,false,136,310,12,390,OVERLAPPING_LIDAR_INTERVAL previous_synchronized_end_ns=1701245227225320366 current_scan_start_ns=1701245227224861383 current_scan_end_ns=1701245227257496383 overlap_duration_ns=458983 scan_index=387,1785256499575701304,false,16312,0.032550,8055247,2251,390,4084,TRACKING,0.743590,290,22595
389,1.000000,391,sensor_time,/home/letandat/Dev/uav-navigation/src/navigation_estimator/fast_lio_ros/config/mid360_mutual_avoidance_uav1.yaml,ee37646f3b4668f13cad1febce5b79dcaa5f896c91709a9ca80740c72dcb0a3e,2257,391,true,263,1,262,0.996198,0.000000,0.000000,0.002069,true,936,CORRECTED,0.000164,3573,13,0,2,1701245227291791942,0,SUCCEEDED,346,39367,2,1701245227291791942,98,true,236,142,12,391,LIDAR_CORRECTION_CONVERGED,1785256499615391500,true,3183,0.034028,8055247,2258,391,4084,TRACKING,0.744246,291,5393
389,1.000000,392,,/home/letandat/Dev/uav-navigation/src/navigation_estimator/fast_lio_ros/config/mid360_mutual_avoidance_uav1.yaml,ee37646f3b4668f13cad1febce5b79dcaa5f896c91709a9ca80740c72dcb0a3e,2263,392,false,263,1,262,0.996198,0.000000,0.000000,0.002069,true,936,UNAVAILABLE,0.000164,3573,13,0,2,1701245227291791942,1,NOT_ATTEMPTED,346,39367,2,-1,99,false,236,142,12,392,OVERLAPPING_LIDAR_INTERVAL previous_synchronized_end_ns=1701245227291791942 current_scan_start_ns=1701245227291517496 current_scan_end_ns=1701245227324152496 overlap_duration_ns=274446 scan_index=389,1785256499642316880,false,3183,0.034028,8055247,2263,392,4084,TRACKING,0.742347,291,5393
1870,1.000000,393,sensor_time,/home/letandat/Dev/uav-navigation/src/navigation_estimator/fast_lio_ros/config/mid360_mutual_avoidance_uav1.yaml,ee37646f3b4668f13cad1febce5b79dcaa5f896c91709a9ca80740c72dcb0a3e,2269,393,true,264,1,263,0.996212,0.000000,0.000000,0.002063,true,866,CORRECTED,0.000171,20259,14,0,3,1701245227358144548,0,SUCCEEDED,2114,39434,2,1701245227358144548,99,true,249,322,12,393,LIDAR_CORRECTION_CONVERGED,1785256499700463394,true,17098,0.029936,8055247,2273,393,4084,TRACKING,0.743003,292,24076
396,1.000000,394,sensor_time,/home/letandat/Dev/uav-navigation/src/navigation_estimator/fast_lio_ros/config/mid360_mutual_avoidance_uav1.yaml,ee37646f3b4668f13cad1febce5b79dcaa5f896c91709a9ca80740c72dcb0a3e,2275,394,true,265,1,264,0.996226,0.000000,0.000000,0.002067,true,936,CORRECTED,0.000255,5337,7,0,3,1701245227391346958,0,SUCCEEDED,412,39438,2,1701245227391346958,99,true,120,145,12,394,LIDAR_CORRECTION_CONVERGED,1785256499716618116,true,4749,0.035012,8055247,2276,394,4084,TRACKING,0.743655,293,7217
1626,1.000000,395,sensor_time,/home/letandat/Dev/uav-navigation/src/navigation_estimator/fast_lio_ros/config/mid360_mutual_avoidance_uav1.yaml,ee37646f3b4668f13cad1febce5b79dcaa5f896c91709a9ca80740c72dcb0a3e,2280,395,true,266,1,265,0.996241,0.000000,0.000000,0.002061,true,901,CORRECTED,0.000079,19527,8,0,3,1701245227425104883,0,SUCCEEDED,2022,39489,2,1701245227425104883,99,true,146,327,12,395,LIDAR_CORRECTION_CONVERGED,1785256499766633817,true,16536,0.030438,8055247,2284,395,4084,TRACKING,0.744304,294,23170
1823,1.000000,396,sensor_time,/home/letandat/Dev/uav-navigation/src/navigation_estimator/fast_lio_ros/config/mid360_mutual_avoidance_uav1.yaml,ee37646f3b4668f13cad1febce5b79dcaa5f896c91709a9ca80740c72dcb0a3e,2286,396,true,267,1,266,0.996255,0.000000,0.000000,0.002058,true,902,CORRECTED,0.000087,20476,8,0,3,1701245227458097246,0,SUCCEEDED,2066,39525,2,1701245227458097246,99,true,148,318,12,396,LIDAR_CORRECTION_CONVERGED,1785256499800735118,true,17176,0.028893,8055247,2290,396,4084,TRACKING,0.744949,295,24257
445,1.000000,397,sensor_time,/home/letandat/Dev/uav-navigation/src/navigation_estimator/fast_lio_ros/config/mid360_mutual_avoidance_uav1.yaml,ee37646f3b4668f13cad1febce5b79dcaa5f896c91709a9ca80740c72dcb0a3e,2292,397,true,268,1,267,0.996269,0.000000,0.000000,0.002061,true,913,CORRECTED,0.000011,6173,8,0,3,1701245227491249588,0,SUCCEEDED,509,39534,2,1701245227491249588,99,true,270,160,12,397,LIDAR_CORRECTION_CONVERGED,1785256499817723746,true,5464,0.036765,8055247,2293,397,4084,TRACKING,0.745592,296,8216
1556,1.000000,398,sensor_time,/home/letandat/Dev/uav-navigation/src/navigation_estimator/fast_lio_ros/config/mid360_mutual_avoidance_uav1.yaml,ee37646f3b4668f13cad1febce5b79dcaa5f896c91709a9ca80740c72dcb0a3e,2298,398,true,269,1,268,0.996283,0.000000,0.000000,0.002059,true,933,CORRECTED,0.000132,18750,8,0,3,1701245227525303867,0,SUCCEEDED,1738,39575,2,1701245227525303867,99,true,139,349,12,398,LIDAR_CORRECTION_CONVERGED,1785256499865696828,true,16260,0.033700,8055247,2302,398,4084,TRACKING,0.746231,297,22140
1556,1.000000,399,,/home/letandat/Dev/uav-navigation/src/navigation_estimator/fast_lio_ros/config/mid360_mutual_avoidance_uav1.yaml,ee37646f3b4668f13cad1febce5b79dcaa5f896c91709a9ca80740c72dcb0a3e,2304,399,false,269,1,268,0.996283,0.000000,0.000000,0.002059,true,933,UNAVAILABLE,0.000132,18750,8,0,3,1701245227525303867,1,NOT_ATTEMPTED,1738,39575,2,-1,100,false,139,349,12,399,OVERLAPPING_LIDAR_INTERVAL previous_synchronized_end_ns=1701245227525303867 current_scan_start_ns=1701245227525039434 current_scan_end_ns=1701245227557674434 overlap_duration_ns=264433 scan_index=396,1785256499875732641,false,16260,0.033700,8055247,2304,399,4084,TRACKING,0.744361,297,22140
444,1.000000,400,sensor_time,/home/letandat/Dev/uav-navigation/src/navigation_estimator/fast_lio_ros/config/mid360_mutual_avoidance_uav1.yaml,ee37646f3b4668f13cad1febce5b79dcaa5f896c91709a9ca80740c72dcb0a3e,2309,400,true,270,1,269,0.996296,0.000000,0.000000,0.002069,true,877,CORRECTED,0.000034,6074,13,0,3,1701245227591789510,0,SUCCEEDED,508,39582,2,1701245227591789510,100,true,221,148,12,400,LIDAR_CORRECTION_CONVERGED,1785256499918246522,true,5379,0.034866,8055247,2311,400,4084,TRACKING,0.745000,298,7996
444,1.000000,401,,/home/letandat/Dev/uav-navigation/src/navigation_estimator/fast_lio_ros/config/mid360_mutual_avoidance_uav1.yaml,ee37646f3b4668f13cad1febce5b79dcaa5f896c91709a9ca80740c72dcb0a3e,2315,401,false,270,1,269,0.996296,0.000000,0.000000,0.002069,true,877,UNAVAILABLE,0.000034,6074,13,0,3,1701245227591789510,1,NOT_ATTEMPTED,508,39582,2,-1,101,false,221,148,12,401,OVERLAPPING_LIDAR_INTERVAL previous_synchronized_end_ns=1701245227591789510 current_scan_start_ns=1701245227591458797 current_scan_end_ns=1701245227624093797 overlap_duration_ns=330713 scan_index=398,1785256499942243277,false,5379,0.034866,8055247,2315,401,4084,TRACKING,0.743142,298,7996
1822,1.000000,402,sensor_time,/home/letandat/Dev/uav-navigation/src/navigation_estimator/fast_lio_ros/config/mid360_mutual_avoidance_uav1.yaml,ee37646f3b4668f13cad1febce5b79dcaa5f896c91709a9ca80740c72dcb0a3e,2321,402,true,271,1,270,0.996310,0.000000,0.000000,0.002063,true,876,CORRECTED,0.000123,18366,14,0,3,1701245227658191231,0,SUCCEEDED,2212,39639,2,1701245227658191231,101,true,233,312,12,402,LIDAR_CORRECTION_CONVERGED,1785256500003098776,true,15617,0.028060,8055247,2325,402,4129,TRACKING,0.743781,299,26380
505,1.000000,403,sensor_time,/home/letandat/Dev/uav-navigation/src/navigation_estimator/fast_lio_ros/config/mid360_mutual_avoidance_uav1.yaml,ee37646f3b4668f13cad1febce5b79dcaa5f896c91709a9ca80740c72dcb0a3e,2326,403,true,272,1,271,0.996324,0.000000,0.000000,0.002066,true,892,CORRECTED,0.000000,6718,8,0,3,1701245227691387203,0,SUCCEEDED,565,39643,2,1701245227691387203,101,true,126,179,12,403,LIDAR_CORRECTION_CONVERGED,1785256500018460745,true,5934,0.034743,8055247,2328,403,4129,TRACKING,0.744417,300,8725
1304,1.000000,404,sensor_time,/home/letandat/Dev/uav-navigation/src/navigation_estimator/fast_lio_ros/config/mid360_mutual_avoidance_uav1.yaml,ee37646f3b4668f13cad1febce5b79dcaa5f896c91709a9ca80740c72dcb0a3e,2332,404,true,273,1,272,0.996337,0.000000,0.000000,0.002062,true,876,CORRECTED,0.000036,16553,7,0,3,1701245227725091484,0,SUCCEEDED,2022,39702,2,1701245227725091484,101,true,115,272,12,404,LIDAR_CORRECTION_CONVERGED,1785256500063568986,true,14568,0.034561,8055247,2336,404,4129,TRACKING,0.745050,301,20061
1789,1.000000,405,sensor_time,/home/letandat/Dev/uav-navigation/src/navigation_estimator/fast_lio_ros/config/mid360_mutual_avoidance_uav1.yaml,ee37646f3b4668f13cad1febce5b79dcaa5f896c91709a9ca80740c72dcb0a3e,2338,405,true,274,1,273,0.996350,0.000000,0.000000,0.002058,true,930,CORRECTED,0.000142,19111,8,0,3,1701245227758110550,0,SUCCEEDED,1843,39762,2,1701245227758110550,101,true,143,322,12,405,LIDAR_CORRECTION_CONVERGED,1785256500099296587,true,16216,0.028642,8055247,2342,405,4129,TRACKING,0.745679,302,22663
529,1.000000,406,sensor_time,/home/letandat/Dev/uav-navigation/src/navigation_estimator/fast_lio_ros/config/mid360_mutual_avoidance_uav1.yaml,ee37646f3b4668f13cad1febce5b79dcaa5f896c91709a9ca80740c72dcb0a3e,2344,406,true,275,1,274,0.996364,0.000000,0.000000,0.002061,true,866,CORRECTED,0.000045,6883,8,0,3,1701245227791296032,0,SUCCEEDED,729,39773,2,1701245227791296032,101,true,129,159,12,406,LIDAR_CORRECTION_CONVERGED,1785256500118595450,true,6058,0.034076,8055247,2346,406,4129,TRACKING,0.746305,303,8975
1280,1.000000,407,sensor_time,/home/letandat/Dev/uav-navigation/src/navigation_estimator/fast_lio_ros/config/mid360_mutual_avoidance_uav1.yaml,ee37646f3b4668f13cad1febce5b79dcaa5f896c91709a9ca80740c72dcb0a3e,2350,407,true,276,1,275,0.996377,0.000000,0.000000,0.002060,true,837,CORRECTED,0.000270,15896,8,0,3,1701245227825433042,0,SUCCEEDED,1582,39815,2,1701245227825433042,101,true,124,269,12,407,LIDAR_CORRECTION_CONVERGED,1785256500162751593,true,13886,0.033927,8055247,2353,407,4129,TRACKING,0.746929,304,18917
1280,1.000000,408,,/home/letandat/Dev/uav-navigation/src/navigation_estimator/fast_lio_ros/config/mid360_mutual_avoidance_uav1.yaml,ee37646f3b4668f13cad1febce5b79dcaa5f896c91709a9ca80740c72dcb0a3e,2356,408,false,276,1,275,0.996377,0.000000,0.000000,0.002060,true,837,UNAVAILABLE,0.000270,15896,8,0,3,1701245227825433042,1,NOT_ATTEMPTED,1582,39815,2,-1,102,false,124,269,12,408,OVERLAPPING_LIDAR_INTERVAL previous_synchronized_end_ns=1701245227825433042 current_scan_start_ns=1701245227825045824 current_scan_end_ns=1701245227857680824 overlap_duration_ns=387218 scan_index=405,1785256500176058578,false,13886,0.033927,8055247,2356,408,4129,TRACKING,0.745098,304,18917
558,1.000000,409,sensor_time,/home/letandat/Dev/uav-navigation/src/navigation_estimator/fast_lio_ros/config/mid360_mutual_avoidance_uav1.yaml,ee37646f3b4668f13cad1febce5b79dcaa5f896c91709a9ca80740c72dcb0a3e,2361,409,true,277,1,276,0.996390,0.000000,0.000000,0.002069,true,871,CORRECTED,0.000364,5130,13,0,2,1701245227891799715,0,SUCCEEDED,749,39828,2,1701245227891799715,102,true,210,164,12,409,LIDAR_CORRECTION_CONVERGED,1785256500217490385,true,4545,0.035121,8055247,2363,409,4129,TRACKING,0.745721,305,7296
558,1.000000,410,,/home/letandat/Dev/uav-navigation/src/navigation_estimator/fast_lio_ros/config/mid360_mutual_avoidance_uav1.yaml,ee37646f3b4668f13cad1febce5b79dcaa5f896c91709a9ca80740c72dcb0a3e,2367,410,false,277,1,276,0.996390,0.000000,0.000000,0.002069,true,871,UNAVAILABLE,0.000364,5130,13,0,2,1701245227891799715,1,NOT_ATTEMPTED,749,39828,2,-1,103,false,210,164,12,410,OVERLAPPING_LIDAR_INTERVAL previous_synchronized_end_ns=1701245227891799715 current_scan_start_ns=1701245227891503334 current_scan_end_ns=1701245227924138334 overlap_duration_ns=296381 scan_index=407,1785256500242256787,false,4545,0.035121,8055247,2367,410,4129,TRACKING,0.743902,305,7296
1832,1.000000,411,sensor_time,/home/letandat/Dev/uav-navigation/src/navigation_estimator/fast_lio_ros/config/mid360_mutual_avoidance_uav1.yaml,ee37646f3b4668f13cad1febce5b79dcaa5f896c91709a9ca80740c72dcb0a3e,2373,411,true,278,1,277,0.996403,0.000000,0.000000,0.002062,true,871,CORRECTED,0.000153,18174,14,0,3,1701245227958193329,0,SUCCEEDED,1663,39873,2,1701245227958193329,103,true,227,295,12,411,LIDAR_CORRECTION_CONVERGED,1785256500297899491,true,15171,0.027937,8055247,2377,411,4129,TRACKING,0.744526,306,21498
673,1.000000,412,sensor_time,/home/letandat/Dev/uav-navigation/src/navigation_estimator/fast_lio_ros/config/mid360_mutual_avoidance_uav1.yaml,ee37646f3b4668f13cad1febce5b79dcaa5f896c91709a9ca80740c72dcb0a3e,2379,412,true,279,1,278,0.996416,0.000000,0.000000,0.002064,true,927,CORRECTED,0.000002,9427,8,0,3,1701245227991370466,0,SUCCEEDED,898,39891,2,1701245227991370466,103,true,131,190,12,412,LIDAR_CORRECTION_CONVERGED,1785256500321426655,true,8338,0.037135,8055247,2381,412,4129,TRACKING,0.745146,307,11795
673,1.000000,413,,/home/letandat/Dev/uav-navigation/src/navigation_estimator/fast_lio_ros/config/mid360_mutual_avoidance_uav1.yaml,ee37646f3b4668f13cad1febce5b79dcaa5f896c91709a9ca80740c72dcb0a3e,2384,413,false,279,1,278,0.996416,0.000000,0.000000,0.002064,true,927,UNAVAILABLE,0.000002,9427,8,0,3,1701245227991370466,1,NOT_ATTEMPTED,898,39891,2,-1,104,false,131,190,12,413,OVERLAPPING_LIDAR_INTERVAL previous_synchronized_end_ns=1701245227991370466 current_scan_start_ns=1701245227991144896 current_scan_end_ns=1701245228023779896 overlap_duration_ns=225570 scan_index=410,1785256500342154037,false,8338,0.037135,8055247,2384,413,4129,TRACKING,0.743341,307,11795
1771,1.000000,414,sensor_time,/home/letandat/Dev/uav-navigation/src/navigation_estimator/fast_lio_ros/config/mid360_mutual_avoidance_uav1.yaml,ee37646f3b4668f13cad1febce5b79dcaa5f896c91709a9ca80740c72dcb0a3e,2390,414,true,280,1,279,0.996429,0.000000,0.000000,0.002061,true,928,CORRECTED,0.000065,17770,13,0,3,1701245228058128145,0,SUCCEEDED,1709,39940,2,1701245228058128145,104,true,232,307,12,414,LIDAR_CORRECTION_CONVERGED,1785256500397843731,true,14882,0.027142,8055247,2394,414,4129,TRACKING,0.743961,308,21240
763,1.000000,415,sensor_time,/home/letandat/Dev/uav-navigation/src/navigation_estimator/fast_lio_ros/config/mid360_mutual_avoidance_uav1.yaml,ee37646f3b4668f13cad1febce5b79dcaa5f896c91709a9ca80740c72dcb0a3e,2396,415,true,281,1,280,0.996441,0.000000,0.000000,0.002062,true,928,CORRECTED,0.000128,10947,8,0,3,1701245228091261413,0,SUCCEEDED,1100,39959,2,1701245228091261413,104,true,133,196,12,415,LIDAR_CORRECTION_CONVERGED,1785256500427492671,true,9691,0.037125,8055247,2399,415,4143,TRACKING,0.744578,309,17675
1098,1.000000,416,sensor_time,/home/letandat/Dev/uav-navigation/src/navigation_estimator/fast_lio_ros/config/mid360_mutual_avoidance_uav1.yaml,ee37646f3b4668f13cad1febce5b79dcaa5f896c91709a9ca80740c72dcb0a3e,2402,416,true,282,1,281,0.996454,0.000000,0.000000,0.002061,true,865,CORRECTED,0.000065,13929,8,0,3,1701245228125388887,0,SUCCEEDED,1436,39988,2,1701245228125388887,104,true,124,240,12,416,LIDAR_CORRECTION_CONVERGED,1785256500460739875,true,12190,0.035456,8055247,2405,416,4143,TRACKING,0.745192,310,16787
1098,1.000000,417,,/home/letandat/Dev/uav-navigation/src/navigation_estimator/fast_lio_ros/config/mid360_mutual_avoidance_uav1.yaml,ee37646f3b4668f13cad1febce5b79dcaa5f896c91709a9ca80740c72dcb0a3e,2407,417,false,282,1,281,0.996454,0.000000,0.000000,0.002061,true,865,UNAVAILABLE,0.000065,13929,8,0,3,1701245228125388887,1,NOT_ATTEMPTED,1436,39988,2,-1,105,false,124,240,12,417,OVERLAPPING_LIDAR_INTERVAL previous_synchronized_end_ns=1701245228125388887 current_scan_start_ns=1701245228125050545 current_scan_end_ns=1701245228157685545 overlap_duration_ns=338342 scan_index=414,1785256500475900482,false,12190,0.035456,8055247,2407,417,4143,TRACKING,0.743405,310,16787
772,1.000000,418,sensor_time,/home/letandat/Dev/uav-navigation/src/navigation_estimator/fast_lio_ros/config/mid360_mutual_avoidance_uav1.yaml,ee37646f3b4668f13cad1febce5b79dcaa5f896c91709a9ca80740c72dcb0a3e,2413,418,true,283,1,282,0.996466,0.000000,0.000000,0.002068,true,842,CORRECTED,0.000066,10147,13,0,3,1701245228191797760,0,SUCCEEDED,922,39997,2,1701245228191797760,105,true,197,178,12,418,LIDAR_CORRECTION_CONVERGED,1785256500522540134,true,8975,0.036182,8055247,2416,418,4143,TRACKING,0.744019,311,12452
772,1.000000,419,,/home/letandat/Dev/uav-navigation/src/navigation_estimator/fast_lio_ros/config/mid360_mutual_avoidance_uav1.yaml,ee37646f3b4668f13cad1febce5b79dcaa5f896c91709a9ca80740c72dcb0a3e,2419,419,false,283,1,282,0.996466,0.000000,0.000000,0.002068,true,842,UNAVAILABLE,0.000066,10147,13,0,3,1701245228191797760,1,NOT_ATTEMPTED,922,39997,2,-1,106,false,197,178,12,419,OVERLAPPING_LIDAR_INTERVAL previous_synchronized_end_ns=1701245228191797760 current_scan_start_ns=1701245228191476583 current_scan_end_ns=1701245228224111583 overlap_duration_ns=321177 scan_index=416,1785256500542520923,false,8975,0.036182,8055247,2419,419,4143,TRACKING,0.742243,311,12452
1724,1.000000,420,sensor_time,/home/letandat/Dev/uav-navigation/src/navigation_estimator/fast_lio_ros/config/mid360_mutual_avoidance_uav1.yaml,ee37646f3b4668f13cad1febce5b79dcaa5f896c91709a9ca80740c72dcb0a3e,2425,420,true,284,1,283,0.996479,0.000000,0.000000,0.002063,true,870,CORRECTED,0.000185,16366,14,0,3,1701245228258164671,0,SUCCEEDED,1351,40043,2,1701245228258164671,106,true,247,286,12,420,LIDAR_CORRECTION_CONVERGED,1785256500595893696,true,13670,0.026167,8055247,2428,420,4143,TRACKING,0.742857,312,19371
932,1.000000,421,sensor_time,/home/letandat/Dev/uav-navigation/src/navigation_estimator/fast_lio_ros/config/mid360_mutual_avoidance_uav1.yaml,ee37646f3b4668f13cad1febce5b79dcaa5f896c91709a9ca80740c72dcb0a3e,2431,421,true,285,1,284,0.996491,0.000000,0.000000,0.002062,true,868,CORRECTED,0.000095,12545,8,0,3,1701245228291323688,0,SUCCEEDED,1387,40077,2,1701245228291323688,106,true,124,222,12,421,LIDAR_CORRECTION_CONVERGED,1785256500625201583,true,11049,0.036148,8055247,2433,421,4143,TRACKING,0.743468,313,15389
913,1.000000,422,sensor_time,/home/letandat/Dev/uav-navigation/src/navigation_estimator/fast_lio_ros/config/mid360_mutual_avoidance_uav1.yaml,ee37646f3b4668f13cad1febce5b79dcaa5f896c91709a9ca80740c72dcb0a3e,2437,422,true,286,1,285,0.996503,0.000000,0.000000,0.002063,true,924,CORRECTED,0.000059,12008,8,0,3,1701245228325108316,0,SUCCEEDED,1185,40105,2,1701245228325108316,106,true,133,224,12,422,LIDAR_CORRECTION_CONVERGED,1785256500658016131,true,10550,0.034666,8055247,2439,422,4143,TRACKING,0.744076,314,14664
1720,1.000000,423,sensor_time,/home/letandat/Dev/uav-navigation/src/navigation_estimator/fast_lio_ros/config/mid360_mutual_avoidance_uav1.yaml,ee37646f3b4668f13cad1febce5b79dcaa5f896c91709a9ca80740c72dcb0a3e,2442,423,true,287,1,286,0.996516,0.000000,0.000000,0.002058,true,1666,CORRECTED,0.000196,17396,7,0,3,1701245228358088997,0,SUCCEEDED,1859,40152,2,1701245228358088997,106,true,167,432,12,423,LIDAR_CORRECTION_CONVERGED,1785256500698339906,true,14411,0.025299,8055247,2446,423,4143,TRACKING,0.744681,315,21885
1015,1.000000,424,sensor_time,/home/letandat/Dev/uav-navigation/src/navigation_estimator/fast_lio_ros/config/mid360_mutual_avoidance_uav1.yaml,ee37646f3b4668f13cad1febce5b79dcaa5f896c91709a9ca80740c72dcb0a3e,2448,424,true,288,1,287,0.996528,0.000000,0.000000,0.002059,true,945,CORRECTED,0.000086,9102,8,0,2,1701245228391293314,0,SUCCEEDED,1495,40194,2,1701245228391293314,106,true,134,236,12,424,LIDAR_CORRECTION_CONVERGED,1785256500721776540,true,8033,0.036760,8055247,2450,424,4143,TRACKING,0.745283,316,12148
808,1.000000,425,sensor_time,/home/letandat/Dev/uav-navigation/src/navigation_estimator/fast_lio_ros/config/mid360_mutual_avoidance_uav1.yaml,ee37646f3b4668f13cad1febce5b79dcaa5f896c91709a9ca80740c72dcb0a3e,2454,425,true,289,1,288,0.996540,0.000000,0.000000,0.002061,true,929,CORRECTED,0.000125,11403,8,0,3,1701245228425307539,0,SUCCEEDED,1176,40217,2,1701245228425307539,106,true,133,207,12,425,LIDAR_CORRECTION_CONVERGED,1785256500757574560,true,10068,0.035054,8055247,2457,425,4143,TRACKING,0.745882,317,14034
808,1.000000,426,,/home/letandat/Dev/uav-navigation/src/navigation_estimator/fast_lio_ros/config/mid360_mutual_avoidance_uav1.yaml,ee37646f3b4668f13cad1febce5b79dcaa5f896c91709a9ca80740c72dcb0a3e,2459,426,false,289,1,288,0.996540,0.000000,0.000000,0.002061,true,929,UNAVAILABLE,0.000125,11403,8,0,3,1701245228425307539,1,NOT_ATTEMPTED,1176,40217,2,-1,107,false,133,207,12,426,OVERLAPPING_LIDAR_INTERVAL previous_synchronized_end_ns=1701245228425307539 current_scan_start_ns=1701245228425019026 current_scan_end_ns=1701245228457654026 overlap_duration_ns=288513 scan_index=423,1785256500776035606,false,10068,0.035054,8055247,2460,426,4143,TRACKING,0.744131,317,14034
1131,1.000000,427,sensor_time,/home/letandat/Dev/uav-navigation/src/navigation_estimator/fast_lio_ros/config/mid360_mutual_avoidance_uav1.yaml,ee37646f3b4668f13cad1febce5b79dcaa5f896c91709a9ca80740c72dcb0a3e,2466,427,true,290,1,289,0.996552,0.000000,0.000000,0.002065,true,863,CORRECTED,0.000133,13958,14,0,3,1701245228491780546,0,SUCCEEDED,1376,40250,2,1701245228491780546,107,true,233,274,12,427,LIDAR_CORRECTION_CONVERGED,1785256500827039248,true,12278,0.035297,8055247,2468,427,4143,TRACKING,0.744731,318,16896
1131,1.000000,428,,/home/letandat/Dev/uav-navigation/src/navigation_estimator/fast_lio_ros/config/mid360_mutual_avoidance_uav1.yaml,ee37646f3b4668f13cad1febce5b79dcaa5f896c91709a9ca80740c72dcb0a3e,2471,428,false,290,1,289,0.996552,0.000000,0.000000,0.002065,true,863,UNAVAILABLE,0.000133,13958,14,0,3,1701245228491780546,1,NOT_ATTEMPTED,1376,40250,2,-1,108,false,233,274,12,428,OVERLAPPING_LIDAR_INTERVAL previous_synchronized_end_ns=1701245228491780546 current_scan_start_ns=1701245228491471052 current_scan_end_ns=1701245228524106052 overlap_duration_ns=309494 scan_index=425,1785256500842590680,false,12278,0.035297,8055247,2471,428,4143,TRACKING,0.742991,318,16896
1823,1.000000,429,sensor_time,/home/letandat/Dev/uav-navigation/src/navigation_estimator/fast_lio_ros/config/mid360_mutual_avoidance_uav1.yaml,ee37646f3b4668f13cad1febce5b79dcaa5f896c91709a9ca80740c72dcb0a3e,2477,429,true,291,1,290,0.996564,0.000000,0.000000,0.002061,true,924,CORRECTED,0.000077,17858,13,0,3,1701245228558146503,0,SUCCEEDED,1635,40295,2,1701245228558146503,108,true,236,307,12,429,LIDAR_CORRECTION_CONVERGED,1785256500902105124,true,14853,0.027150,8055247,2482,429,4105,TRACKING,0.743590,319,25367
1177,1.000000,430,sensor_time,/home/letandat/Dev/uav-navigation/src/navigation_estimator/fast_lio_ros/config/mid360_mutual_avoidance_uav1.yaml,ee37646f3b4668f13cad1febce5b79dcaa5f896c91709a9ca80740c72dcb0a3e,2483,430,true,292,1,291,0.996575,0.000000,0.000000,0.002060,true,862,CORRECTED,0.000049,16594,8,0,3,1701245228591339615,0,SUCCEEDED,1684,40327,2,1701245228591339615,108,true,123,254,12,430,LIDAR_CORRECTION_CONVERGED,1785256500929621478,true,14603,0.035220,8055247,2487,430,4105,TRACKING,0.744186,320,19891
639,1.000000,431,sensor_time,/home/letandat/Dev/uav-navigation/src/navigation_estimator/fast_lio_ros/config/mid360_mutual_avoidance_uav1.yaml,ee37646f3b4668f13cad1febce5b79dcaa5f896c91709a9ca80740c72dcb0a3e,2489,431,true,293,1,292,0.996587,0.000000,0.000000,0.002063,true,930,CORRECTED,0.000166,9503,8,0,3,1701245228625094679,0,SUCCEEDED,808,40339,2,1701245228625094679,108,true,143,203,12,431,LIDAR_CORRECTION_CONVERGED,1785256500955251762,true,8438,0.035251,8055247,2491,431,4105,TRACKING,0.744780,321,11768
639,1.000000,432,,/home/letandat/Dev/uav-navigation/src/navigation_estimator/fast_lio_ros/config/mid360_mutual_avoidance_uav1.yaml,ee37646f3b4668f13cad1febce5b79dcaa5f896c91709a9ca80740c72dcb0a3e,2494,432,false,293,1,292,0.996587,0.000000,0.000000,0.002063,true,930,UNAVAILABLE,0.000166,9503,8,0,3,1701245228625094679,1,NOT_ATTEMPTED,808,40339,2,-1,109,false,143,203,12,432,OVERLAPPING_LIDAR_INTERVAL previous_synchronized_end_ns=1701245228625094679 current_scan_start_ns=1701245228624957561 current_scan_end_ns=1701245228657592561 overlap_duration_ns=137118 scan_index=429,1785256500975905931,false,8438,0.035251,8055247,2494,432,4105,TRACKING,0.743056,321,11768
1263,1.000000,433,sensor_time,/home/letandat/Dev/uav-navigation/src/navigation_estimator/fast_lio_ros/config/mid360_mutual_avoidance_uav1.yaml,ee37646f3b4668f13cad1febce5b79dcaa5f896c91709a9ca80740c72dcb0a3e,2500,433,true,294,1,293,0.996599,0.000000,0.000000,0.002065,true,869,CORRECTED,0.000089,15669,13,0,3,1701245228691270855,0,SUCCEEDED,1740,40377,2,1701245228691270855,109,true,209,249,12,433,LIDAR_CORRECTION_CONVERGED,1785256501028759262,true,13723,0.036370,8055247,2503,433,4105,TRACKING,0.743649,322,18974
589,1.000000,434,sensor_time,/home/letandat/Dev/uav-navigation/src/navigation_estimator/fast_lio_ros/config/mid360_mutual_avoidance_uav1.yaml,ee37646f3b4668f13cad1febce5b79dcaa5f896c91709a9ca80740c72dcb0a3e,2506,434,true,295,1,294,0.996610,0.000000,0.000000,0.002067,true,873,CORRECTED,0.000036,7709,8,0,3,1701245228725434807,0,SUCCEEDED,682,40389,2,1701245228725434807,109,true,125,168,12,434,LIDAR_CORRECTION_CONVERGED,1785256501053482646,true,6779,0.035619,8055247,2508,434,4105,TRACKING,0.744240,323,9733
589,1.000000,435,,/home/letandat/Dev/uav-navigation/src/navigation_estimator/fast_lio_ros/config/mid360_mutual_avoidance_uav1.yaml,ee37646f3b4668f13cad1febce5b79dcaa5f896c91709a9ca80740c72dcb0a3e,2512,435,false,295,1,294,0.996610,0.000000,0.000000,0.002067,true,873,UNAVAILABLE,0.000036,7709,8,0,3,1701245228725434807,1,NOT_ATTEMPTED,682,40389,2,-1,110,false,125,168,12,435,OVERLAPPING_LIDAR_INTERVAL previous_synchronized_end_ns=1701245228725434807 current_scan_start_ns=1701245228724808693 current_scan_end_ns=1701245228757443693 overlap_duration_ns=626114 scan_index=432,1785256501075706781,false,6779,0.035619,8055247,2512,435,4105,TRACKING,0.742529,323,9733
1295,1.000000,436,sensor_time,/home/letandat/Dev/uav-navigation/src/navigation_estimator/fast_lio_ros/config/mid360_mutual_avoidance_uav1.yaml,ee37646f3b4668f13cad1febce5b79dcaa5f896c91709a9ca80740c72dcb0a3e,2518,436,true,296,1,295,0.996622,0.000000,0.000000,0.002066,true,931,CORRECTED,0.000461,16067,14,0,3,1701245228791820314,0,SUCCEEDED,1882,40436,2,1701245228791820314,110,true,240,259,12,436,LIDAR_CORRECTION_CONVERGED,1785256501129656182,true,13959,0.033117,8055247,2521,436,4105,TRACKING,0.743119,324,19605
1295,1.000000,437,,/home/letandat/Dev/uav-navigation/src/navigation_estimator/fast_lio_ros/config/mid360_mutual_avoidance_uav1.yaml,ee37646f3b4668f13cad1febce5b79dcaa5f896c91709a9ca80740c72dcb0a3e,2523,437,false,296,1,295,0.996622,0.000000,0.000000,0.002066,true,931,UNAVAILABLE,0.000461,16067,14,0,3,1701245228791820314,1,NOT_ATTEMPTED,1882,40436,2,-1,111,false,240,259,12,437,OVERLAPPING_LIDAR_INTERVAL previous_synchronized_end_ns=1701245228791820314 current_scan_start_ns=1701245228791472197 current_scan_end_ns=1701245228824107197 overlap_duration_ns=348117 scan_index=434,1785256501142255927,false,13959,0.033117,8055247,2523,437,4105,TRACKING,0.741419,324,19605
1786,1.000000,438,sensor_time,/home/letandat/Dev/uav-navigation/src/navigation_estimator/fast_lio_ros/config/mid360_mutual_avoidance_uav1.yaml,ee37646f3b4668f13cad1febce5b79dcaa5f896c91709a9ca80740c72dcb0a3e,2529,438,true,297,1,296,0.996633,0.000000,0.000000,0.002061,true,842,CORRECTED,0.000051,18391,13,0,3,1701245228858161953,0,SUCCEEDED,1743,40493,2,1701245228858161953,111,true,208,321,12,438,LIDAR_CORRECTION_CONVERGED,1785256501198402900,true,15454,0.029880,8055247,2533,438,4105,TRACKING,0.742009,325,21822
1410,1.000000,439,sensor_time,/home/letandat/Dev/uav-navigation/src/navigation_estimator/fast_lio_ros/config/mid360_mutual_avoidance_uav1.yaml,ee37646f3b4668f13cad1febce5b79dcaa5f896c91709a9ca80740c72dcb0a3e,2535,439,true,298,1,297,0.996644,0.000000,0.000000,0.002058,true,877,CORRECTED,0.000630,17579,8,0,3,1701245228891319778,0,SUCCEEDED,1978,40554,2,1701245228891319778,111,true,129,277,12,439,LIDAR_CORRECTION_CONVERGED,1785256501230962866,true,15245,0.036368,8055247,2539,439,4105,TRACKING,0.742597,326,21130
413,1.000000,440,sensor_time,/home/letandat/Dev/uav-navigation/src/navigation_estimator/fast_lio_ros/config/mid360_mutual_avoidance_uav1.yaml,ee37646f3b4668f13cad1febce5b79dcaa5f896c91709a9ca80740c72dcb0a3e,2541,440,true,299,1,298,0.996656,0.000000,0.000000,0.002063,true,926,CORRECTED,0.000077,5903,8,0,3,1701245228925068405,0,SUCCEEDED,472,40567,2,1701245228925068405,111,true,131,143,12,440,LIDAR_CORRECTION_CONVERGED,1785256501250909958,true,5277,0.038115,8055247,2542,440,4105,TRACKING,0.743182,327,7719
1758,1.000000,441,sensor_time,/home/letandat/Dev/uav-navigation/src/navigation_estimator/fast_lio_ros/config/mid360_mutual_avoidance_uav1.yaml,ee37646f3b4668f13cad1febce5b79dcaa5f896c91709a9ca80740c72dcb0a3e,2547,441,true,300,1,299,0.996667,0.000000,0.000000,0.002058,true,921,CORRECTED,0.000153,18123,7,0,3,1701245228958083179,0,SUCCEEDED,1771,40618,2,1701245228958083179,111,true,119,326,12,441,LIDAR_CORRECTION_CONVERGED,1785256501297856578,true,15283,0.027941,8055247,2550,441,4105,TRACKING,0.743764,328,21498
1574,1.000000,442,sensor_time,/home/letandat/Dev/uav-navigation/src/navigation_estimator/fast_lio_ros/config/mid360_mutual_avoidance_uav1.yaml,ee37646f3b4668f13cad1febce5b79dcaa5f896c91709a9ca80740c72dcb0a3e,2552,442,true,301,1,300,0.996678,0.000000,0.000000,0.002056,true,876,CORRECTED,0.000032,19235,8,0,3,1701245228991238859,0,SUCCEEDED,2152,40669,2,1701245228991238859,111,true,124,291,12,442,LIDAR_CORRECTION_CONVERGED,1785256501337493704,true,16698,0.034092,8055247,2557,442,4533,TRACKING,0.744344,329,27517
454,1.000000,443,sensor_time,/home/letandat/Dev/uav-navigation/src/navigation_estimator/fast_lio_ros/config/mid360_mutual_avoidance_uav1.yaml,ee37646f3b4668f13cad1febce5b79dcaa5f896c91709a9ca80740c72dcb0a3e,2558,443,true,302,1,301,0.996689,0.000000,0.000000,0.002061,true,958,CORRECTED,0.000031,6531,8,0,3,1701245229025303867,0,SUCCEEDED,525,40672,2,1701245229025303867,111,true,142,201,12,443,LIDAR_CORRECTION_CONVERGED,1785256501352366428,true,5773,0.036012,8055247,2560,443,4533,TRACKING,0.744921,330,8567
454,1.000000,444,,/home/letandat/Dev/uav-navigation/src/navigation_estimator/fast_lio_ros/config/mid360_mutual_avoidance_uav1.yaml,ee37646f3b4668f13cad1febce5b79dcaa5f896c91709a9ca80740c72dcb0a3e,2564,444,false,302,1,301,0.996689,0.000000,0.000000,0.002061,true,958,UNAVAILABLE,0.000031,6531,8,0,3,1701245229025303867,1,NOT_ATTEMPTED,525,40672,2,-1,112,false,142,201,12,444,OVERLAPPING_LIDAR_INTERVAL previous_synchronized_end_ns=1701245229025303867 current_scan_start_ns=1701245229024998188 current_scan_end_ns=1701245229057633188 overlap_duration_ns=305679 scan_index=441,1785256501376241104,false,5773,0.036012,8055247,2564,444,4533,TRACKING,0.743243,330,8567
1572,1.000000,445,sensor_time,/home/letandat/Dev/uav-navigation/src/navigation_estimator/fast_lio_ros/config/mid360_mutual_avoidance_uav1.yaml,ee37646f3b4668f13cad1febce5b79dcaa5f896c91709a9ca80740c72dcb0a3e,2570,445,true,303,1,302,0.996700,0.000000,0.000000,0.002061,true,866,CORRECTED,0.000041,18978,14,0,3,1701245229091769960,0,SUCCEEDED,1960,40708,2,1701245229091769960,112,true,222,299,12,445,LIDAR_CORRECTION_CONVERGED,1785256501432692563,true,16424,0.032635,8055247,2574,445,4533,TRACKING,0.743820,331,22565
1572,1.000000,446,,/home/letandat/Dev/uav-navigation/src/navigation_estimator/fast_lio_ros/config/mid360_mutual_avoidance_uav1.yaml,ee37646f3b4668f13cad1febce5b79dcaa5f896c91709a9ca80740c72dcb0a3e,2575,446,false,303,1,302,0.996700,0.000000,0.000000,0.002061,true,866,UNAVAILABLE,0.000041,18978,14,0,3,1701245229091769960,1,NOT_ATTEMPTED,1960,40708,2,-1,113,false,222,299,12,446,OVERLAPPING_LIDAR_INTERVAL previous_synchronized_end_ns=1701245229091769960 current_scan_start_ns=1701245229091450930 current_scan_end_ns=1701245229124085930 overlap_duration_ns=319030 scan_index=443,1785256501442238336,false,16424,0.032635,8055247,2575,446,4533,TRACKING,0.742152,331,22565
1792,1.000000,447,sensor_time,/home/letandat/Dev/uav-navigation/src/navigation_estimator/fast_lio_ros/config/mid360_mutual_avoidance_uav1.yaml,ee37646f3b4668f13cad1febce5b79dcaa5f896c91709a9ca80740c72dcb0a3e,2581,447,true,304,1,303,0.996711,0.000000,0.000000,0.002060,true,950,CORRECTED,0.000171,20236,13,0,3,1701245229158153084,0,SUCCEEDED,1960,40752,2,1701245229158153084,113,true,225,315,12,447,LIDAR_CORRECTION_CONVERGED,1785256501500400329,true,16984,0.030155,8055247,2585,447,4533,TRACKING,0.742729,332,24027
1671,1.000000,448,sensor_time,/home/letandat/Dev/uav-navigation/src/navigation_estimator/fast_lio_ros/config/mid360_mutual_avoidance_uav1.yaml,ee37646f3b4668f13cad1febce5b79dcaa5f896c91709a9ca80740c72dcb0a3e,2587,448,true,305,1,304,0.996721,0.000000,0.000000,0.002056,true,928,CORRECTED,0.000047,21101,8,0,3,1701245229191331175,0,SUCCEEDED,2221,40802,2,1701245229191331175,113,true,140,325,12,448,LIDAR_CORRECTION_CONVERGED,1785256501534878221,true,18137,0.031143,8055247,2591,448,4533,TRACKING,0.743304,333,25256
387,1.000000,449,sensor_time,/home/letandat/Dev/uav-navigation/src/navigation_estimator/fast_lio_ros/config/mid360_mutual_avoidance_uav1.yaml,ee37646f3b4668f13cad1febce5b79dcaa5f896c91709a9ca80740c72dcb0a3e,2593,449,true,306,1,305,0.996732,0.000000,0.000000,0.002061,true,894,CORRECTED,0.000045,5069,8,0,3,1701245229225084331,0,SUCCEEDED,361,40808,2,1701245229225084331,113,true,131,143,12,449,LIDAR_CORRECTION_CONVERGED,1785256501550007384,true,4515,0.035597,8055247,2594,449,4533,TRACKING,0.743875,334,6776
1789,1.000000,450,sensor_time,/home/letandat/Dev/uav-navigation/src/navigation_estimator/fast_lio_ros/config/mid360_mutual_avoidance_uav1.yaml,ee37646f3b4668f13cad1febce5b79dcaa5f896c91709a9ca80740c72dcb0a3e,2599,450,true,307,1,306,0.996743,0.000000,0.000000,0.002056,true,936,CORRECTED,0.000016,19070,8,0,3,1701245229258113888,0,SUCCEEDED,1930,40844,2,1701245229258113888,113,true,132,315,12,450,LIDAR_CORRECTION_CONVERGED,1785256501598959095,true,16057,0.028533,8055247,2602,450,4533,TRACKING,0.744444,335,22607
1710,1.000000,451,sensor_time,/home/letandat/Dev/uav-navigation/src/navigation_estimator/fast_lio_ros/config/mid360_mutual_avoidance_uav1.yaml,ee37646f3b4668f13cad1febce5b79dcaa5f896c91709a9ca80740c72dcb0a3e,2604,451,true,308,1,307,0.996753,0.000000,0.000000,0.002055,true,873,CORRECTED,0.000089,19518,7,0,3,1701245229291246202,0,SUCCEEDED,2014,40885,2,1701245229291246202,113,true,134,293,12,451,LIDAR_CORRECTION_CONVERGED,1785256501632999598,true,16566,0.030641,8055247,2608,451,4533,TRACKING,0.745011,336,23254
385,1.000000,452,sensor_time,/home/letandat/Dev/uav-navigation/src/navigation_estimator/fast_lio_ros/config/mid360_mutual_avoidance_uav1.yaml,ee37646f3b4668f13cad1febce5b79dcaa5f896c91709a9ca80740c72dcb0a3e,2610,452,true,309,1,308,0.996764,0.000000,0.000000,0.002059,true,897,CORRECTED,0.000047,5031,8,0,3,1701245229325214651,0,SUCCEEDED,348,40890,2,1701245229325214651,113,true,138,137,12,452,LIDAR_CORRECTION_CONVERGED,1785256501650288272,true,4445,0.034000,8055247,2611,452,4533,TRACKING,0.745575,337,6722
385,1.000000,453,,/home/letandat/Dev/uav-navigation/src/navigation_estimator/fast_lio_ros/config/mid360_mutual_avoidance_uav1.yaml,ee37646f3b4668f13cad1febce5b79dcaa5f896c91709a9ca80740c72dcb0a3e,2616,453,false,309,1,308,0.996764,0.000000,0.000000,0.002059,true,897,UNAVAILABLE,0.000047,5031,8,0,3,1701245229325214651,1,NOT_ATTEMPTED,348,40890,2,-1,114,false,138,137,12,453,OVERLAPPING_LIDAR_INTERVAL previous_synchronized_end_ns=1701245229325214651 current_scan_start_ns=1701245229325011492 current_scan_end_ns=1701245229357646492 overlap_duration_ns=203159 scan_index=450,1785256501676108445,false,4445,0.034000,8055247,2616,453,4533,TRACKING,0.743929,337,6722
1691,1.000000,454,sensor_time,/home/letandat/Dev/uav-navigation/src/navigation_estimator/fast_lio_ros/config/mid360_mutual_avoidance_uav1.yaml,ee37646f3b4668f13cad1febce5b79dcaa5f896c91709a9ca80740c72dcb0a3e,2622,454,true,310,1,309,0.996774,0.000000,0.000000,0.002059,true,837,CORRECTED,0.000120,19005,14,0,3,1701245229391811874,0,SUCCEEDED,2007,40916,2,1701245229391811874,114,true,221,303,12,454,LIDAR_CORRECTION_CONVERGED,1785256501733164315,true,16375,0.029341,8055247,2626,454,4533,TRACKING,0.744493,338,22609
1691,1.000000,455,,/home/letandat/Dev/uav-navigation/src/navigation_estimator/fast_lio_ros/config/mid360_mutual_avoidance_uav1.yaml,ee37646f3b4668f13cad1febce5b79dcaa5f896c91709a9ca80740c72dcb0a3e,2627,455,false,310,1,309,0.996774,0.000000,0.000000,0.002059,true,837,UNAVAILABLE,0.000120,19005,14,0,3,1701245229391811874,1,NOT_ATTEMPTED,2007,40916,2,-1,115,false,221,303,12,455,OVERLAPPING_LIDAR_INTERVAL previous_synchronized_end_ns=1701245229391811874 current_scan_start_ns=1701245229391471386 current_scan_end_ns=1701245229424106386 overlap_duration_ns=340488 scan_index=452,1785256501742383883,false,16375,0.029341,8055247,2628,455,4533,TRACKING,0.742857,338,22609
1797,1.000000,456,sensor_time,/home/letandat/Dev/uav-navigation/src/navigation_estimator/fast_lio_ros/config/mid360_mutual_avoidance_uav1.yaml,ee37646f3b4668f13cad1febce5b79dcaa5f896c91709a9ca80740c72dcb0a3e,2633,456,true,311,1,310,0.996785,0.000000,0.000000,0.002059,true,870,CORRECTED,0.000243,20074,13,0,3,1701245229458133009,0,SUCCEEDED,2010,40951,2,1701245229458133009,115,true,233,311,12,456,LIDAR_CORRECTION_CONVERGED,1785256501804682136,true,17065,0.030467,8055247,2638,456,4366,TRACKING,0.743421,339,28186
1716,1.000000,457,sensor_time,/home/letandat/Dev/uav-navigation/src/navigation_estimator/fast_lio_ros/config/mid360_mutual_avoidance_uav1.yaml,ee37646f3b4668f13cad1febce5b79dcaa5f896c91709a9ca80740c72dcb0a3e,2639,457,true,312,1,311,0.996795,0.000000,0.000000,0.002055,true,925,CORRECTED,0.000090,20265,8,0,3,1701245229491320637,0,SUCCEEDED,2015,40999,2,1701245229491320637,115,true,133,316,12,457,LIDAR_CORRECTION_CONVERGED,1785256501833964370,true,17244,0.030841,8055247,2643,457,4366,TRACKING,0.743982,340,24152
404,1.000000,458,sensor_time,/home/letandat/Dev/uav-navigation/src/navigation_estimator/fast_lio_ros/config/mid360_mutual_avoidance_uav1.yaml,ee37646f3b4668f13cad1febce5b79dcaa5f896c91709a9ca80740c72dcb0a3e,2645,458,true,313,1,312,0.996805,0.000000,0.000000,0.002060,true,865,CORRECTED,0.000110,5548,8,0,3,1701245229525106457,0,SUCCEEDED,460,41006,2,1701245229525106457,115,true,125,144,12,458,LIDAR_CORRECTION_CONVERGED,1785256501851029112,true,4916,0.036669,8055247,2646,458,4366,TRACKING,0.744541,341,7309
1745,1.000000,459,sensor_time,/home/letandat/Dev/uav-navigation/src/navigation_estimator/fast_lio_ros/config/mid360_mutual_avoidance_uav1.yaml,ee37646f3b4668f13cad1febce5b79dcaa5f896c91709a9ca80740c72dcb0a3e,2651,459,true,314,1,313,0.996815,0.000000,0.000000,0.002056,true,928,CORRECTED,0.000021,20317,8,0,3,1701245229558090713,0,SUCCEEDED,2061,41043,2,1701245229558090713,115,true,129,405,12,459,LIDAR_CORRECTION_CONVERGED,1785256501900306992,true,17274,0.029638,8055247,2655,459,4366,TRACKING,0.745098,342,24067
1719,1.000000,460,sensor_time,/home/letandat/Dev/uav-navigation/src/navigation_estimator/fast_lio_ros/config/mid360_mutual_avoidance_uav1.yaml,ee37646f3b4668f13cad1febce5b79dcaa5f896c91709a9ca80740c72dcb0a3e,2656,460,true,315,1,314,0.996825,0.000000,0.000000,0.002054,true,894,CORRECTED,0.000114,13181,7,0,2,1701245229591296461,0,SUCCEEDED,2019,41085,2,1701245229591296461,115,true,115,303,12,460,LIDAR_CORRECTION_CONVERGED,1785256501926670704,true,11062,0.030204,8055247,2660,460,4366,TRACKING,0.745652,343,16939
349,1.000000,461,sensor_time,/home/letandat/Dev/uav-navigation/src/navigation_estimator/fast_lio_ros/config/mid360_mutual_avoidance_uav1.yaml,ee37646f3b4668f13cad1febce5b79dcaa5f896c91709a9ca80740c72dcb0a3e,2662,461,true,316,1,315,0.996835,0.000000,0.000000,0.002059,true,864,CORRECTED,0.000012,4751,8,0,3,1701245229625373867,0,SUCCEEDED,357,41087,2,1701245229625373867,115,true,125,138,12,461,LIDAR_CORRECTION_CONVERGED,1785256501949906725,true,4200,0.033135,8055247,2663,461,4366,TRACKING,0.746204,344,6377
349,1.000000,462,,/home/letandat/Dev/uav-navigation/src/navigation_estimator/fast_lio_ros/config/mid360_mutual_avoidance_uav1.yaml,ee37646f3b4668f13cad1febce5b79dcaa5f896c91709a9ca80740c72dcb0a3e,2668,462,false,316,1,315,0.996835,0.000000,0.000000,0.002059,true,864,UNAVAILABLE,0.000012,4751,8,0,3,1701245229625373867,1,NOT_ATTEMPTED,357,41087,2,-1,116,false,125,138,12,462,OVERLAPPING_LIDAR_INTERVAL previous_synchronized_end_ns=1701245229625373867 current_scan_start_ns=1701245229624990225 current_scan_end_ns=1701245229657625225 overlap_duration_ns=383642 scan_index=459,1785256501975841942,false,4200,0.033135,8055247,2668,462,4366,TRACKING,0.744589,344,6377
1822,1.000000,463,sensor_time,/home/letandat/Dev/uav-navigation/src/navigation_estimator/fast_lio_ros/config/mid360_mutual_avoidance_uav1.yaml,ee37646f3b4668f13cad1febce5b79dcaa5f896c91709a9ca80740c72dcb0a3e,2674,463,true,317,1,316,0.996845,0.000000,0.000000,0.002059,true,838,CORRECTED,0.000167,12746,14,0,2,1701245229691771057,0,SUCCEEDED,1940,41122,2,1701245229691771057,116,true,213,302,12,463,LIDAR_CORRECTION_CONVERGED,1785256502026453478,true,10745,0.029454,8055247,2677,463,4366,TRACKING,0.745140,345,16287
1822,1.000000,464,,/home/letandat/Dev/uav-navigation/src/navigation_estimator/fast_lio_ros/config/mid360_mutual_avoidance_uav1.yaml,ee37646f3b4668f13cad1febce5b79dcaa5f896c91709a9ca80740c72dcb0a3e,2679,464,false,317,1,316,0.996845,0.000000,0.000000,0.002059,true,838,UNAVAILABLE,0.000167,12746,14,0,2,1701245229691771057,1,NOT_ATTEMPTED,1940,41122,2,-1,117,false,213,302,12,464,OVERLAPPING_LIDAR_INTERVAL previous_synchronized_end_ns=1701245229691771057 current_scan_start_ns=1701245229691476345 current_scan_end_ns=1701245229724111345 overlap_duration_ns=294712 scan_index=461,1785256502042500625,false,10745,0.029454,8055247,2679,464,4366,TRACKING,0.743534,345,16287
1640,1.000000,465,sensor_time,/home/letandat/Dev/uav-navigation/src/navigation_estimator/fast_lio_ros/config/mid360_mutual_avoidance_uav1.yaml,ee37646f3b4668f13cad1febce5b79dcaa5f896c91709a9ca80740c72dcb0a3e,2685,465,true,318,1,317,0.996855,0.000000,0.000000,0.002059,true,938,CORRECTED,0.000091,19472,13,0,3,1701245229758173254,0,SUCCEEDED,1858,41149,2,1701245229758173254,117,true,235,319,12,465,LIDAR_CORRECTION_CONVERGED,1785256502099774888,true,16660,0.031105,8055247,2689,465,4366,TRACKING,0.744086,346,23188
1770,1.000000,466,sensor_time,/home/letandat/Dev/uav-navigation/src/navigation_estimator/fast_lio_ros/config/mid360_mutual_avoidance_uav1.yaml,ee37646f3b4668f13cad1febce5b79dcaa5f896c91709a9ca80740c72dcb0a3e,2691,466,true,319,1,318,0.996865,0.000000,0.000000,0.002056,true,907,CORRECTED,0.000055,19304,8,0,3,1701245229791324880,0,SUCCEEDED,1961,41196,2,1701245229791324880,117,true,140,331,12,466,LIDAR_CORRECTION_CONVERGED,1785256502132492796,true,16429,0.029353,8055247,2695,466,4366,TRACKING,0.744635,347,22953
1770,1.000000,467,,/home/letandat/Dev/uav-navigation/src/navigation_estimator/fast_lio_ros/config/mid360_mutual_avoidance_uav1.yaml,ee37646f3b4668f13cad1febce5b79dcaa5f896c91709a9ca80740c72dcb0a3e,2697,467,false,319,1,318,0.996865,0.000000,0.000000,0.002056,true,907,UNAVAILABLE,0.000055,19304,8,0,3,1701245229791324880,1,NOT_ATTEMPTED,1961,41196,2,-1,118,false,140,331,12,467,OVERLAPPING_LIDAR_INTERVAL previous_synchronized_end_ns=1701245229791324880 current_scan_start_ns=1701245229791163206 current_scan_end_ns=1701245229823798206 overlap_duration_ns=161674 scan_index=464,1785256502142181994,false,16429,0.029353,8055247,2697,467,4366,TRACKING,0.743041,347,22953
1550,1.000000,468,sensor_time,/home/letandat/Dev/uav-navigation/src/navigation_estimator/fast_lio_ros/config/mid360_mutual_avoidance_uav1.yaml,ee37646f3b4668f13cad1febce5b79dcaa5f896c91709a9ca80740c72dcb0a3e,2703,468,true,320,1,319,0.996875,0.000000,0.000000,0.002059,true,869,CORRECTED,0.000112,17709,14,0,3,1701245229858111408,0,SUCCEEDED,1891,41236,2,1701245229858111408,118,true,238,284,12,468,LIDAR_CORRECTION_CONVERGED,1785256502197844699,true,15175,0.031274,8055247,2706,468,4366,TRACKING,0.743590,348,21395
1881,1.000000,469,sensor_time,/home/letandat/Dev/uav-navigation/src/navigation_estimator/fast_lio_ros/config/mid360_mutual_avoidance_uav1.yaml,ee37646f3b4668f13cad1febce5b79dcaa5f896c91709a9ca80740c72dcb0a3e,2709,469,true,321,1,320,0.996885,0.000000,0.000000,0.002055,true,876,CORRECTED,0.000046,20887,7,0,3,1701245229891220835,0,SUCCEEDED,2103,41293,2,1701245229891220835,118,true,113,338,12,469,LIDAR_CORRECTION_CONVERGED,1785256502239039934,true,17468,0.029052,8055247,2714,469,4526,TRACKING,0.744136,349,29163
388,1.000000,470,sensor_time,/home/letandat/Dev/uav-navigation/src/navigation_estimator/fast_lio_ros/config/mid360_mutual_avoidance_uav1.yaml,ee37646f3b4668f13cad1febce5b79dcaa5f896c91709a9ca80740c72dcb0a3e,2714,470,true,322,1,321,0.996894,0.000000,0.000000,0.002060,true,932,CORRECTED,0.000023,5751,8,0,3,1701245229925245073,0,SUCCEEDED,448,41302,2,1701245229925245073,118,true,135,150,12,470,LIDAR_CORRECTION_CONVERGED,1785256502251487839,true,5135,0.032543,8055247,2716,470,4526,TRACKING,0.744681,350,7814
388,1.000000,471,,/home/letandat/Dev/uav-navigation/src/navigation_estimator/fast_lio_ros/config/mid360_mutual_avoidance_uav1.yaml,ee37646f3b4668f13cad1febce5b79dcaa5f896c91709a9ca80740c72dcb0a3e,2720,471,false,322,1,321,0.996894,0.000000,0.000000,0.002060,true,932,UNAVAILABLE,0.000023,5751,8,0,3,1701245229925245073,1,NOT_ATTEMPTED,448,41302,2,-1,119,false,135,150,12,471,OVERLAPPING_LIDAR_INTERVAL previous_synchronized_end_ns=1701245229925245073 current_scan_start_ns=1701245229924988985 current_scan_end_ns=1701245229957623985 overlap_duration_ns=256088 scan_index=468,1785256502275886827,false,5135,0.032543,8055247,2720,471,4526,TRACKING,0.743100,350,7814
1860,1.000000,472,sensor_time,/home/letandat/Dev/uav-navigation/src/navigation_estimator/fast_lio_ros/config/mid360_mutual_avoidance_uav1.yaml,ee37646f3b4668f13cad1febce5b79dcaa5f896c91709a9ca80740c72dcb0a3e,2726,472,true,323,1,322,0.996904,0.000000,0.000000,0.002059,true,841,CORRECTED,0.000129,20127,14,0,3,1701245229991789129,0,SUCCEEDED,2112,41357,2,1701245229991789129,119,true,223,303,12,472,LIDAR_CORRECTION_CONVERGED,1785256502334175264,true,16822,0.029627,8055247,2730,472,4526,TRACKING,0.743644,351,23869
1860,1.000000,473,,/home/letandat/Dev/uav-navigation/src/navigation_estimator/fast_lio_ros/config/mid360_mutual_avoidance_uav1.yaml,ee37646f3b4668f13cad1febce5b79dcaa5f896c91709a9ca80740c72dcb0a3e,2732,473,false,323,1,322,0.996904,0.000000,0.000000,0.002059,true,841,UNAVAILABLE,0.000129,20127,14,0,3,1701245229991789129,1,NOT_ATTEMPTED,2112,41357,2,-1,120,false,223,303,12,473,OVERLAPPING_LIDAR_INTERVAL previous_synchronized_end_ns=1701245229991789129 current_scan_start_ns=1701245229991451263 current_scan_end_ns=1701245230024086263 overlap_duration_ns=337866 scan_index=470,1785256502342255901,false,16822,0.029627,8055247,2732,473,4526,TRACKING,0.742072,351,23869
1335,1.000000,474,sensor_time,/home/letandat/Dev/uav-navigation/src/navigation_estimator/fast_lio_ros/config/mid360_mutual_avoidance_uav1.yaml,ee37646f3b4668f13cad1febce5b79dcaa5f896c91709a9ca80740c72dcb0a3e,2738,474,true,324,1,323,0.996914,0.000000,0.000000,0.002061,true,866,CORRECTED,0.000154,15486,13,0,3,1701245230058131006,0,SUCCEEDED,1840,41385,2,1701245230058131006,120,true,227,273,12,474,LIDAR_CORRECTION_CONVERGED,1785256502395761804,true,13487,0.029712,8055247,2741,474,4526,TRACKING,0.742616,352,19177
1898,1.000000,475,sensor_time,/home/letandat/Dev/uav-navigation/src/navigation_estimator/fast_lio_ros/config/mid360_mutual_avoidance_uav1.yaml,ee37646f3b4668f13cad1febce5b79dcaa5f896c91709a9ca80740c72dcb0a3e,2743,475,true,325,1,324,0.996923,0.000000,0.000000,0.002056,true,823,CORRECTED,0.000087,20267,8,0,3,1701245230091382768,0,SUCCEEDED,2000,41425,2,1701245230091382768,120,true,117,308,12,475,LIDAR_CORRECTION_CONVERGED,1785256502433704136,true,16866,0.027001,8055247,2748,475,4526,TRACKING,0.743158,353,23829
537,1.000000,476,sensor_time,/home/letandat/Dev/uav-navigation/src/navigation_estimator/fast_lio_ros/config/mid360_mutual_avoidance_uav1.yaml,ee37646f3b4668f13cad1febce5b79dcaa5f896c91709a9ca80740c72dcb0a3e,2749,476,true,326,1,325,0.996933,0.000000,0.000000,0.002059,true,868,CORRECTED,0.000000,7039,8,0,3,1701245230125078943,0,SUCCEEDED,652,41433,2,1701245230125078943,120,true,133,166,12,476,LIDAR_CORRECTION_CONVERGED,1785256502452645669,true,6235,0.036236,8055247,2751,476,4526,TRACKING,0.743697,354,9163
1337,1.000000,477,sensor_time,/home/letandat/Dev/uav-navigation/src/navigation_estimator/fast_lio_ros/config/mid360_mutual_avoidance_uav1.yaml,ee37646f3b4668f13cad1febce5b79dcaa5f896c91709a9ca80740c72dcb0a3e,2755,477,true,327,1,326,0.996942,0.000000,0.000000,0.002058,true,822,CORRECTED,0.000175,16837,8,0,3,1701245230158116844,0,SUCCEEDED,1811,41455,2,1701245230158116844,120,true,130,278,12,477,LIDAR_CORRECTION_CONVERGED,1785256502496548118,true,14597,0.032523,8055247,2758,477,4526,TRACKING,0.744235,355,20080
1775,1.000000,478,sensor_time,/home/letandat/Dev/uav-navigation/src/navigation_estimator/fast_lio_ros/config/mid360_mutual_avoidance_uav1.yaml,ee37646f3b4668f13cad1febce5b79dcaa5f896c91709a9ca80740c72dcb0a3e,2760,478,true,328,1,327,0.996951,0.000000,0.000000,0.002055,true,855,CORRECTED,0.000097,18803,8,0,3,1701245230191276338,0,SUCCEEDED,1924,41494,2,1701245230191276338,120,true,123,328,12,478,LIDAR_CORRECTION_CONVERGED,1785256502532099666,true,15533,0.026554,8055247,2765,478,4526,TRACKING,0.744770,356,22351
585,1.000000,479,sensor_time,/home/letandat/Dev/uav-navigation/src/navigation_estimator/fast_lio_ros/config/mid360_mutual_avoidance_uav1.yaml,ee37646f3b4668f13cad1febce5b79dcaa5f896c91709a9ca80740c72dcb0a3e,2766,479,true,329,1,328,0.996960,0.000000,0.000000,0.002059,true,922,CORRECTED,0.000234,5502,8,0,2,1701245230225323942,0,SUCCEEDED,804,41502,2,1701245230225323942,120,true,135,182,12,479,LIDAR_CORRECTION_CONVERGED,1785256502551651156,true,4902,0.035321,8055247,2768,479,4526,TRACKING,0.745303,357,7917
585,1.000000,480,,/home/letandat/Dev/uav-navigation/src/navigation_estimator/fast_lio_ros/config/mid360_mutual_avoidance_uav1.yaml,ee37646f3b4668f13cad1febce5b79dcaa5f896c91709a9ca80740c72dcb0a3e,2772,480,false,329,1,328,0.996960,0.000000,0.000000,0.002059,true,922,UNAVAILABLE,0.000234,5502,8,0,2,1701245230225323942,1,NOT_ATTEMPTED,804,41502,2,-1,121,false,135,182,12,480,OVERLAPPING_LIDAR_INTERVAL previous_synchronized_end_ns=1701245230225323942 current_scan_start_ns=1701245230224805593 current_scan_end_ns=1701245230257440593 overlap_duration_ns=518349 scan_index=477,1785256502575849064,false,4902,0.035321,8055247,2772,480,4526,TRACKING,0.743750,357,7917
1799,1.000000,481,sensor_time,/home/letandat/Dev/uav-navigation/src/navigation_estimator/fast_lio_ros/config/mid360_mutual_avoidance_uav1.yaml,ee37646f3b4668f13cad1febce5b79dcaa5f896c91709a9ca80740c72dcb0a3e,2778,481,true,330,1,329,0.996970,0.000000,0.000000,0.002059,true,906,CORRECTED,0.000258,18633,13,0,3,1701245230291778114,0,SUCCEEDED,1835,41567,2,1701245230291778114,121,true,208,333,12,481,LIDAR_CORRECTION_CONVERGED,1785256502632190812,true,15444,0.028032,8055247,2782,481,4526,TRACKING,0.744283,358,22174
1799,1.000000,482,,/home/letandat/Dev/uav-navigation/src/navigation_estimator/fast_lio_ros/config/mid360_mutual_avoidance_uav1.yaml,ee37646f3b4668f13cad1febce5b79dcaa5f896c91709a9ca80740c72dcb0a3e,2784,482,false,330,1,329,0.996970,0.000000,0.000000,0.002059,true,906,UNAVAILABLE,0.000258,18633,13,0,3,1701245230291778114,1,NOT_ATTEMPTED,1835,41567,2,-1,122,false,208,333,12,482,OVERLAPPING_LIDAR_INTERVAL previous_synchronized_end_ns=1701245230291778114 current_scan_start_ns=1701245230291496038 current_scan_end_ns=1701245230324131038 overlap_duration_ns=282076 scan_index=479,1785256502642466832,false,15444,0.028032,8055247,2784,482,4526,TRACKING,0.742739,358,22174
1106,1.000000,483,sensor_time,/home/letandat/Dev/uav-navigation/src/navigation_estimator/fast_lio_ros/config/mid360_mutual_avoidance_uav1.yaml,ee37646f3b4668f13cad1febce5b79dcaa5f896c91709a9ca80740c72dcb0a3e,2790,483,true,331,1,330,0.996979,0.000000,0.000000,0.002063,true,864,CORRECTED,0.000152,14425,13,0,3,1701245230358139065,0,SUCCEEDED,1559,41593,2,1701245230358139065,122,true,219,258,12,483,LIDAR_CORRECTION_CONVERGED,1785256502699262544,true,12628,0.036297,8055247,2793,483,4729,TRACKING,0.743271,359,22464
1787,1.000000,484,sensor_time,/home/letandat/Dev/uav-navigation/src/navigation_estimator/fast_lio_ros/config/mid360_mutual_avoidance_uav1.yaml,ee37646f3b4668f13cad1febce5b79dcaa5f896c91709a9ca80740c72dcb0a3e,2795,484,true,332,1,331,0.996988,0.000000,0.000000,0.002057,true,930,CORRECTED,0.000155,18248,8,0,3,1701245230391312387,0,SUCCEEDED,1699,41623,2,1701245230391312387,122,true,132,329,12,484,LIDAR_CORRECTION_CONVERGED,1785256502731224610,true,15006,0.024904,8055247,2799,484,4729,TRACKING,0.743802,360,21638
784,1.000000,485,sensor_time,/home/letandat/Dev/uav-navigation/src/navigation_estimator/fast_lio_ros/config/mid360_mutual_avoidance_uav1.yaml,ee37646f3b4668f13cad1febce5b79dcaa5f896c91709a9ca80740c72dcb0a3e,2801,485,true,333,1,332,0.996997,0.000000,0.000000,0.002059,true,876,CORRECTED,0.000026,10431,8,0,3,1701245230425075081,0,SUCCEEDED,1222,41654,2,1701245230425075081,122,true,124,203,12,485,LIDAR_CORRECTION_CONVERGED,1785256502756524573,true,9146,0.035411,8055247,2803,485,4729,TRACKING,0.744330,361,13178
1070,1.000000,486,sensor_time,/home/letandat/Dev/uav-navigation/src/navigation_estimator/fast_lio_ros/config/mid360_mutual_avoidance_uav1.yaml,ee37646f3b4668f13cad1febce5b79dcaa5f896c91709a9ca80740c72dcb0a3e,2807,486,true,334,1,333,0.997006,0.000000,0.000000,0.002059,true,872,CORRECTED,0.000477,14120,8,0,3,1701245230458101776,0,SUCCEEDED,1441,41689,2,1701245230458101776,122,true,136,240,12,486,LIDAR_CORRECTION_CONVERGED,1785256502793596554,true,12402,0.035737,8055247,2810,486,4729,TRACKING,0.744856,362,16994
1739,1.000000,487,sensor_time,/home/letandat/Dev/uav-navigation/src/navigation_estimator/fast_lio_ros/config/mid360_mutual_avoidance_uav1.yaml,ee37646f3b4668f13cad1febce5b79dcaa5f896c91709a9ca80740c72dcb0a3e,2812,487,true,335,1,334,0.997015,0.000000,0.000000,0.002055,true,859,CORRECTED,0.000101,18020,8,0,3,1701245230491241243,0,SUCCEEDED,1677,41722,2,1701245230491241243,122,true,134,331,12,487,LIDAR_CORRECTION_CONVERGED,1785256502830953804,true,14626,0.025377,8055247,2816,487,4729,TRACKING,0.745380,363,21324
850,1.000000,488,sensor_time,/home/letandat/Dev/uav-navigation/src/navigation_estimator/fast_lio_ros/config/mid360_mutual_avoidance_uav1.yaml,ee37646f3b4668f13cad1febce5b79dcaa5f896c91709a9ca80740c72dcb0a3e,2818,488,true,336,1,335,0.997024,0.000000,0.000000,0.002058,true,861,CORRECTED,0.000054,10987,7,0,3,1701245230525290039,0,SUCCEEDED,1289,41746,2,1701245230525290039,122,true,115,211,12,488,LIDAR_CORRECTION_CONVERGED,1785256502857452356,true,9663,0.035826,8055247,2821,488,4729,TRACKING,0.745902,364,13794
850,1.000000,489,,/home/letandat/Dev/uav-navigation/src/navigation_estimator/fast_lio_ros/config/mid360_mutual_avoidance_uav1.yaml,ee37646f3b4668f13cad1febce5b79dcaa5f896c91709a9ca80740c72dcb0a3e,2824,489,false,336,1,335,0.997024,0.000000,0.000000,0.002058,true,861,UNAVAILABLE,0.000054,10987,7,0,3,1701245230525290039,1,NOT_ATTEMPTED,1289,41746,2,-1,123,false,115,211,12,489,OVERLAPPING_LIDAR_INTERVAL previous_synchronized_end_ns=1701245230525290039 current_scan_start_ns=1701245230525006533 current_scan_end_ns=1701245230557641533 overlap_duration_ns=283506 scan_index=486,1785256502876090722,false,9663,0.035826,8055247,2824,489,4729,TRACKING,0.744376,364,13794
1708,1.000000,490,sensor_time,/home/letandat/Dev/uav-navigation/src/navigation_estimator/fast_lio_ros/config/mid360_mutual_avoidance_uav1.yaml,ee37646f3b4668f13cad1febce5b79dcaa5f896c91709a9ca80740c72dcb0a3e,2830,490,true,337,1,336,0.997033,0.000000,0.000000,0.002059,true,889,CORRECTED,0.000099,17713,14,0,3,1701245230591776874,0,SUCCEEDED,1483,41778,2,1701245230591776874,123,true,265,322,12,490,LIDAR_CORRECTION_CONVERGED,1785256502931169452,true,14650,0.024316,8055247,2834,490,4729,TRACKING,0.744898,365,20937
1708,1.000000,491,,/home/letandat/Dev/uav-navigation/src/navigation_estimator/fast_lio_ros/config/mid360_mutual_avoidance_uav1.yaml,ee37646f3b4668f13cad1febce5b79dcaa5f896c91709a9ca80740c72dcb0a3e,2836,491,false,337,1,336,0.997033,0.000000,0.000000,0.002059,true,889,UNAVAILABLE,0.000099,17713,14,0,3,1701245230591776874,1,NOT_ATTEMPTED,1483,41778,2,-1,124,false,265,322,12,491,OVERLAPPING_LIDAR_INTERVAL previous_synchronized_end_ns=1701245230591776874 current_scan_start_ns=1701245230591465235 current_scan_end_ns=1701245230624100235 overlap_duration_ns=311639 scan_index=488,1785256502942297655,false,14650,0.024316,8055247,2836,491,4729,TRACKING,0.743381,365,20937
853,1.000000,492,sensor_time,/home/letandat/Dev/uav-navigation/src/navigation_estimator/fast_lio_ros/config/mid360_mutual_avoidance_uav1.yaml,ee37646f3b4668f13cad1febce5b79dcaa5f896c91709a9ca80740c72dcb0a3e,2842,492,true,338,1,337,0.997041,0.000000,0.000000,0.002065,true,879,CORRECTED,0.000149,11642,14,0,3,1701245230658176210,0,SUCCEEDED,1204,41803,2,1701245230658176210,124,true,247,259,12,492,LIDAR_CORRECTION_CONVERGED,1785256502991249550,true,10322,0.036077,8055247,2844,492,4729,TRACKING,0.743902,366,14598
1790,1.000000,493,sensor_time,/home/letandat/Dev/uav-navigation/src/navigation_estimator/fast_lio_ros/config/mid360_mutual_avoidance_uav1.yaml,ee37646f3b4668f13cad1febce5b79dcaa5f896c91709a9ca80740c72dcb0a3e,2847,493,true,339,1,338,0.997050,0.000000,0.000000,0.002058,true,899,CORRECTED,0.000166,17656,7,0,3,1701245230691313770,0,SUCCEEDED,1689,41844,2,1701245230691313770,124,true,124,308,12,493,LIDAR_CORRECTION_CONVERGED,1785256503030803246,true,14208,0.025473,8055247,2851,493,4729,TRACKING,0.744422,367,20945
978,1.000000,494,sensor_time,/home/letandat/Dev/uav-navigation/src/navigation_estimator/fast_lio_ros/config/mid360_mutual_avoidance_uav1.yaml,ee37646f3b4668f13cad1febce5b79dcaa5f896c91709a9ca80740c72dcb0a3e,2853,494,true,340,1,339,0.997059,0.000000,0.000000,0.002059,true,841,CORRECTED,0.000389,12565,8,0,3,1701245230725087192,0,SUCCEEDED,1521,41866,2,1701245230725087192,124,true,130,223,12,494,LIDAR_CORRECTION_CONVERGED,1785256503059218332,true,11059,0.034756,8055247,2856,494,4729,TRACKING,0.744939,368,15689
978,1.000000,495,,/home/letandat/Dev/uav-navigation/src/navigation_estimator/fast_lio_ros/config/mid360_mutual_avoidance_uav1.yaml,ee37646f3b4668f13cad1febce5b79dcaa5f896c91709a9ca80740c72dcb0a3e,2859,495,false,340,1,339,0.997059,0.000000,0.000000,0.002059,true,841,UNAVAILABLE,0.000389,12565,8,0,3,1701245230725087192,1,NOT_ATTEMPTED,1521,41866,2,-1,125,false,130,223,12,495,OVERLAPPING_LIDAR_INTERVAL previous_synchronized_end_ns=1701245230725087192 current_scan_start_ns=1701245230724855661 current_scan_end_ns=1701245230757490661 overlap_duration_ns=231531 scan_index=492,1785256503075686290,false,11059,0.034756,8055247,2859,495,4729,TRACKING,0.743434,368,15689
1772,1.000000,496,sensor_time,/home/letandat/Dev/uav-navigation/src/navigation_estimator/fast_lio_ros/config/mid360_mutual_avoidance_uav1.yaml,ee37646f3b4668f13cad1febce5b79dcaa5f896c91709a9ca80740c72dcb0a3e,2865,496,true,341,1,340,0.997067,0.000000,0.000000,0.002059,true,929,CORRECTED,0.000095,18156,14,0,3,1701245230791223076,0,SUCCEEDED,1629,41913,2,1701245230791223076,125,true,247,313,12,496,LIDAR_CORRECTION_CONVERGED,1785256503135834694,true,15029,0.025812,8055247,2869,496,4491,TRACKING,0.743952,369,26025
1084,1.000000,497,sensor_time,/home/letandat/Dev/uav-navigation/src/navigation_estimator/fast_lio_ros/config/mid360_mutual_avoidance_uav1.yaml,ee37646f3b4668f13cad1febce5b79dcaa5f896c91709a9ca80740c72dcb0a3e,2871,497,true,342,1,341,0.997076,0.000000,0.000000,0.002058,true,932,CORRECTED,0.000118,14798,8,0,3,1701245230825346496,0,SUCCEEDED,1511,41950,2,1701245230825346496,125,true,133,273,12,497,LIDAR_CORRECTION_CONVERGED,1785256503161549334,true,13024,0.038306,8055247,2874,497,4491,TRACKING,0.744467,370,18007
1084,1.000000,498,,/home/letandat/Dev/uav-navigation/src/navigation_estimator/fast_lio_ros/config/mid360_mutual_avoidance_uav1.yaml,ee37646f3b4668f13cad1febce5b79dcaa5f896c91709a9ca80740c72dcb0a3e,2876,498,false,342,1,341,0.997076,0.000000,0.000000,0.002058,true,932,UNAVAILABLE,0.000118,14798,8,0,3,1701245230825346496,1,NOT_ATTEMPTED,1511,41950,2,-1,126,false,133,273,12,498,OVERLAPPING_LIDAR_INTERVAL previous_synchronized_end_ns=1701245230825346496 current_scan_start_ns=1701245230824808121 current_scan_end_ns=1701245230857443121 overlap_duration_ns=538375 scan_index=495,1785256503175597881,false,13024,0.038306,8055247,2876,498,4491,TRACKING,0.742972,370,18007
1746,1.000000,499,sensor_time,/home/letandat/Dev/uav-navigation/src/navigation_estimator/fast_lio_ros/config/mid360_mutual_avoidance_uav1.yaml,ee37646f3b4668f13cad1febce5b79dcaa5f896c91709a9ca80740c72dcb0a3e,2882,499,true,343,1,342,0.997085,0.000000,0.000000,0.002059,true,883,CORRECTED,0.000022,18060,14,0,3,1701245230891790178,0,SUCCEEDED,1581,41995,2,1701245230891790178,126,true,242,322,12,499,LIDAR_CORRECTION_CONVERGED,1785256503231440890,true,14799,0.024890,8055247,2886,499,4491,TRACKING,0.743487,371,21381
1746,1.000000,500,,/home/letandat/Dev/uav-navigation/src/navigation_estimator/fast_lio_ros/config/mid360_mutual_avoidance_uav1.yaml,ee37646f3b4668f13cad1febce5b79dcaa5f896c91709a9ca80740c72dcb0a3e,2888,500,false,343,1,342,0.997085,0.000000,0.000000,0.002059,true,883,UNAVAILABLE,0.000022,18060,14,0,3,1701245230891790178,1,NOT_ATTEMPTED,1581,41995,2,-1,127,false,242,322,12,500,OVERLAPPING_LIDAR_INTERVAL previous_synchronized_end_ns=1701245230891790178 current_scan_start_ns=1701245230891469479 current_scan_end_ns=1701245230924104479 overlap_duration_ns=320699 scan_index=497,1785256503242551080,false,14799,0.024890,8055247,2888,500,4491,TRACKING,0.742000,371,21381
709,1.000000,501,sensor_time,/home/letandat/Dev/uav-navigation/src/navigation_estimator/fast_lio_ros/config/mid360_mutual_avoidance_uav1.yaml,ee37646f3b4668f13cad1febce5b79dcaa5f896c91709a9ca80740c72dcb0a3e,2894,501,true,344,1,343,0.997093,0.000000,0.000000,0.002066,true,1715,CORRECTED,0.000146,11167,13,0,3,1701245230958124187,0,SUCCEEDED,938,42012,2,1701245230958124187,127,true,316,276,12,501,LIDAR_CORRECTION_CONVERGED,1785256503291393516,true,9762,0.037561,8055247,2896,501,4491,TRACKING,0.742515,372,14873
1759,1.000000,502,sensor_time,/home/letandat/Dev/uav-navigation/src/navigation_estimator/fast_lio_ros/config/mid360_mutual_avoidance_uav1.yaml,ee37646f3b4668f13cad1febce5b79dcaa5f896c91709a9ca80740c72dcb0a3e,2899,502,true,345,1,344,0.997101,0.000000,0.000000,0.002058,true,932,CORRECTED,0.000517,12602,8,0,2,1701245230991329696,0,SUCCEEDED,1797,42072,2,1701245230991329696,127,true,135,320,12,502,LIDAR_CORRECTION_CONVERGED,1785256503325840157,true,10413,0.028595,8055247,2902,502,4491,TRACKING,0.743028,373,16061
1759,1.000000,503,,/home/letandat/Dev/uav-navigation/src/navigation_estimator/fast_lio_ros/config/mid360_mutual_avoidance_uav1.yaml,ee37646f3b4668f13cad1febce5b79dcaa5f896c91709a9ca80740c72dcb0a3e,2905,503,false,345,1,344,0.997101,0.000000,0.000000,0.002058,true,932,UNAVAILABLE,0.000517,12602,8,0,2,1701245230991329696,1,NOT_ATTEMPTED,1797,42072,2,-1,128,false,135,320,12,503,OVERLAPPING_LIDAR_INTERVAL previous_synchronized_end_ns=1701245230991329696 current_scan_start_ns=1701245230991153240 current_scan_end_ns=1701245231023788240 overlap_duration_ns=176456 scan_index=500,1785256503342314902,false,10413,0.028595,8055247,2905,503,4491,TRACKING,0.741551,373,16061
625,1.000000,504,sensor_time,/home/letandat/Dev/uav-navigation/src/navigation_estimator/fast_lio_ros/config/mid360_mutual_avoidance_uav1.yaml,ee37646f3b4668f13cad1febce5b79dcaa5f896c91709a9ca80740c72dcb0a3e,2911,504,true,346,1,345,0.997110,0.000000,0.000000,0.002066,true,932,CORRECTED,0.000115,8952,13,0,3,1701245231058107164,0,SUCCEEDED,804,42083,2,1701245231058107164,128,true,231,193,12,504,LIDAR_CORRECTION_CONVERGED,1785256503387786233,true,7898,0.034799,8055247,2913,504,4491,TRACKING,0.742063,374,11277
1716,1.000000,505,sensor_time,/home/letandat/Dev/uav-navigation/src/navigation_estimator/fast_lio_ros/config/mid360_mutual_avoidance_uav1.yaml,ee37646f3b4668f13cad1febce5b79dcaa5f896c91709a9ca80740c72dcb0a3e,2917,505,true,347,1,346,0.997118,0.000000,0.000000,0.002059,true,949,CORRECTED,0.000135,18076,8,0,3,1701245231091229942,0,SUCCEEDED,1849,42115,2,1701245231091229942,128,true,133,315,12,505,LIDAR_CORRECTION_CONVERGED,1785256503431272028,true,15307,0.025424,8055247,2921,505,4491,TRACKING,0.742574,375,21576
1320,1.000000,506,sensor_time,/home/letandat/Dev/uav-navigation/src/navigation_estimator/fast_lio_ros/config/mid360_mutual_avoidance_uav1.yaml,ee37646f3b4668f13cad1febce5b79dcaa5f896c91709a9ca80740c72dcb0a3e,2923,506,true,348,1,347,0.997126,0.000000,0.000000,0.002057,true,1683,CORRECTED,0.000138,18721,8,0,3,1701245231125339773,0,SUCCEEDED,1898,42172,2,1701245231125339773,128,true,183,431,12,506,LIDAR_CORRECTION_CONVERGED,1785256503466822709,true,16567,0.035992,8055247,2927,506,4491,TRACKING,0.743083,376,23229
1320,1.000000,507,,/home/letandat/Dev/uav-navigation/src/navigation_estimator/fast_lio_ros/config/mid360_mutual_avoidance_uav1.yaml,ee37646f3b4668f13cad1febce5b79dcaa5f896c91709a9ca80740c72dcb0a3e,2929,507,false,348,1,347,0.997126,0.000000,0.000000,0.002057,true,1683,UNAVAILABLE,0.000138,18721,8,0,3,1701245231125339773,1,NOT_ATTEMPTED,1898,42172,2,-1,129,false,183,431,12,507,OVERLAPPING_LIDAR_INTERVAL previous_synchronized_end_ns=1701245231125339773 current_scan_start_ns=1701245231124988079 current_scan_end_ns=1701245231157623079 overlap_duration_ns=351694 scan_index=504,1785256503475900326,false,16567,0.035992,8055247,2929,507,4491,TRACKING,0.741617,376,23229
1801,1.000000,508,sensor_time,/home/letandat/Dev/uav-navigation/src/navigation_estimator/fast_lio_ros/config/mid360_mutual_avoidance_uav1.yaml,ee37646f3b4668f13cad1febce5b79dcaa5f896c91709a9ca80740c72dcb0a3e,2934,508,true,349,1,348,0.997135,0.000000,0.000000,0.002058,true,1531,CORRECTED,0.000101,18705,14,0,3,1701245231191843059,0,SUCCEEDED,1682,42208,2,1701245231191843059,129,true,344,313,12,508,LIDAR_CORRECTION_CONVERGED,1785256503532951650,true,15784,0.026272,8055247,2938,508,4491,TRACKING,0.742126,377,22847
1801,1.000000,509,,/home/letandat/Dev/uav-navigation/src/navigation_estimator/fast_lio_ros/config/mid360_mutual_avoidance_uav1.yaml,ee37646f3b4668f13cad1febce5b79dcaa5f896c91709a9ca80740c72dcb0a3e,2940,509,false,349,1,348,0.997135,0.000000,0.000000,0.002058,true,1531,UNAVAILABLE,0.000101,18705,14,0,3,1701245231191843059,1,NOT_ATTEMPTED,1682,42208,2,-1,130,false,344,313,12,509,OVERLAPPING_LIDAR_INTERVAL previous_synchronized_end_ns=1701245231191843059 current_scan_start_ns=1701245231191462755 current_scan_end_ns=1701245231224097755 overlap_duration_ns=380304 scan_index=506,1785256503542513783,false,15784,0.026272,8055247,2940,509,4491,TRACKING,0.740668,377,22847
479,1.000000,510,sensor_time,/home/letandat/Dev/uav-navigation/src/navigation_estimator/fast_lio_ros/config/mid360_mutual_avoidance_uav1.yaml,ee37646f3b4668f13cad1febce5b79dcaa5f896c91709a9ca80740c72dcb0a3e,2946,510,true,350,1,349,0.997143,0.000000,0.000000,0.002067,true,927,CORRECTED,0.000073,6786,13,0,3,1701245231258154180,0,SUCCEEDED,511,42218,2,1701245231258154180,130,true,227,152,12,510,LIDAR_CORRECTION_CONVERGED,1785256503585441740,true,6012,0.036513,8055247,2948,510,4491,TRACKING,0.741176,378,8959
1782,1.000000,511,sensor_time,/home/letandat/Dev/uav-navigation/src/navigation_estimator/fast_lio_ros/config/mid360_mutual_avoidance_uav1.yaml,ee37646f3b4668f13cad1febce5b79dcaa5f896c91709a9ca80740c72dcb0a3e,2951,511,true,351,1,350,0.997151,0.000000,0.000000,0.002059,true,834,CORRECTED,0.000352,19342,8,0,3,1701245231291287925,0,SUCCEEDED,2226,42259,2,1701245231291287925,130,true,119,306,12,511,LIDAR_CORRECTION_CONVERGED,1785256503637885770,true,16083,0.027830,8055247,2957,511,4874,TRACKING,0.741683,379,27965
1474,1.000000,512,sensor_time,/home/letandat/Dev/uav-navigation/src/navigation_estimator/fast_lio_ros/config/mid360_mutual_avoidance_uav1.yaml,ee37646f3b4668f13cad1febce5b79dcaa5f896c91709a9ca80740c72dcb0a3e,2957,512,true,352,1,351,0.997159,0.000000,0.000000,0.002057,true,957,CORRECTED,0.000044,20698,8,0,3,1701245231325055626,0,SUCCEEDED,2133,42287,2,1701245231325055626,130,true,137,304,12,512,LIDAR_CORRECTION_CONVERGED,1785256503668103820,true,17935,0.032013,8055247,2962,512,4874,TRACKING,0.742188,380,24708
381,1.000000,513,sensor_time,/home/letandat/Dev/uav-navigation/src/navigation_estimator/fast_lio_ros/config/mid360_mutual_avoidance_uav1.yaml,ee37646f3b4668f13cad1febce5b79dcaa5f896c91709a9ca80740c72dcb0a3e,2963,513,true,353,1,352,0.997167,0.000000,0.000000,0.002061,true,1008,CORRECTED,0.000000,6463,7,0,3,1701245231358093288,0,SUCCEEDED,503,42295,2,1701245231358093288,130,true,137,162,12,513,LIDAR_CORRECTION_CONVERGED,1785256503684839000,true,5805,0.037269,8055247,2965,513,4874,TRACKING,0.742690,381,8443
1836,1.000000,514,sensor_time,/home/letandat/Dev/uav-navigation/src/navigation_estimator/fast_lio_ros/config/mid360_mutual_avoidance_uav1.yaml,ee37646f3b4668f13cad1febce5b79dcaa5f896c91709a9ca80740c72dcb0a3e,2969,514,true,354,1,353,0.997175,0.000000,0.000000,0.002056,true,1005,CORRECTED,0.000194,21140,8,0,3,1701245231391275909,0,SUCCEEDED,2032,42344,2,1701245231391275909,130,true,137,315,12,514,LIDAR_CORRECTION_CONVERGED,1785256503734695941,true,17804,0.029673,8055247,2973,514,4874,TRACKING,0.743191,382,24877
1483,1.000000,515,sensor_time,/home/letandat/Dev/uav-navigation/src/navigation_estimator/fast_lio_ros/config/mid360_mutual_avoidance_uav1.yaml,ee37646f3b4668f13cad1febce5b79dcaa5f896c91709a9ca80740c72dcb0a3e,2975,515,true,355,1,354,0.997183,0.000000,0.000000,0.002055,true,917,CORRECTED,0.000156,18636,8,0,3,1701245231425425794,0,SUCCEEDED,2189,42378,2,1701245231425425794,130,true,126,296,12,515,LIDAR_CORRECTION_CONVERGED,1785256503766330196,true,16126,0.032540,8055247,2979,515,4874,TRACKING,0.743689,383,22579
1483,1.000000,516,,/home/letandat/Dev/uav-navigation/src/navigation_estimator/fast_lio_ros/config/mid360_mutual_avoidance_uav1.yaml,ee37646f3b4668f13cad1febce5b79dcaa5f896c91709a9ca80740c72dcb0a3e,2981,516,false,355,1,354,0.997183,0.000000,0.000000,0.002055,true,917,UNAVAILABLE,0.000156,18636,8,0,3,1701245231425425794,1,NOT_ATTEMPTED,2189,42378,2,-1,131,false,126,296,12,516,OVERLAPPING_LIDAR_INTERVAL previous_synchronized_end_ns=1701245231425425794 current_scan_start_ns=1701245231425048113 current_scan_end_ns=1701245231457683113 overlap_duration_ns=377681 scan_index=513,1785256503775833428,false,16126,0.032540,8055247,2981,516,4874,TRACKING,0.742248,383,22579
1824,1.000000,517,sensor_time,/home/letandat/Dev/uav-navigation/src/navigation_estimator/fast_lio_ros/config/mid360_mutual_avoidance_uav1.yaml,ee37646f3b4668f13cad1febce5b79dcaa5f896c91709a9ca80740c72dcb0a3e,2986,517,true,356,1,355,0.997191,0.000000,0.000000,0.002057,true,939,CORRECTED,0.000115,21044,14,0,3,1701245231491770771,0,SUCCEEDED,2270,42419,2,1701245231491770771,131,true,240,342,12,517,LIDAR_CORRECTION_CONVERGED,1785256503835111078,true,17657,0.027943,8055247,2991,517,4874,TRACKING,0.742747,384,25174
1824,1.000000,518,,/home/letandat/Dev/uav-navigation/src/navigation_estimator/fast_lio_ros/config/mid360_mutual_avoidance_uav1.yaml,ee37646f3b4668f13cad1febce5b79dcaa5f896c91709a9ca80740c72dcb0a3e,2992,518,false,356,1,355,0.997191,0.000000,0.000000,0.002057,true,939,UNAVAILABLE,0.000115,21044,14,0,3,1701245231491770771,1,NOT_ATTEMPTED,2270,42419,2,-1,132,false,240,342,12,518,OVERLAPPING_LIDAR_INTERVAL previous_synchronized_end_ns=1701245231491770771 current_scan_start_ns=1701245231491510630 current_scan_end_ns=1701245231524145630 overlap_duration_ns=260141 scan_index=515,1785256503842449739,false,17657,0.027943,8055247,2992,518,4874,TRACKING,0.741313,384,25174
377,1.000000,519,sensor_time,/home/letandat/Dev/uav-navigation/src/navigation_estimator/fast_lio_ros/config/mid360_mutual_avoidance_uav1.yaml,ee37646f3b4668f13cad1febce5b79dcaa5f896c91709a9ca80740c72dcb0a3e,2998,519,true,357,1,356,0.997199,0.000000,0.000000,0.002067,true,917,CORRECTED,0.000000,5038,13,0,3,1701245231558117178,0,SUCCEEDED,341,42425,2,1701245231558117178,132,true,207,171,12,519,LIDAR_CORRECTION_CONVERGED,1785256503883212982,true,4459,0.035032,8055247,2999,519,4874,TRACKING,0.741811,385,7037
1845,1.000000,520,sensor_time,/home/letandat/Dev/uav-navigation/src/navigation_estimator/fast_lio_ros/config/mid360_mutual_avoidance_uav1.yaml,ee37646f3b4668f13cad1febce5b79dcaa5f896c91709a9ca80740c72dcb0a3e,3003,520,true,358,1,357,0.997207,0.000000,0.000000,0.002058,true,867,CORRECTED,0.000204,21523,8,0,3,1701245231591309574,0,SUCCEEDED,2075,42465,2,1701245231591309574,132,true,131,339,12,520,LIDAR_CORRECTION_CONVERGED,1785256503934673976,true,18230,0.029342,8055247,3008,520,4874,TRACKING,0.742308,386,25184
1845,1.000000,521,,/home/letandat/Dev/uav-navigation/src/navigation_estimator/fast_lio_ros/config/mid360_mutual_avoidance_uav1.yaml,ee37646f3b4668f13cad1febce5b79dcaa5f896c91709a9ca80740c72dcb0a3e,3009,521,false,358,1,357,0.997207,0.000000,0.000000,0.002058,true,867,UNAVAILABLE,0.000204,21523,8,0,3,1701245231591309574,1,NOT_ATTEMPTED,2075,42465,2,-1,133,false,131,339,12,521,OVERLAPPING_LIDAR_INTERVAL previous_synchronized_end_ns=1701245231591309574 current_scan_start_ns=1701245231591144323 current_scan_end_ns=1701245231623779323 overlap_duration_ns=165251 scan_index=518,1785256503942347988,false,18230,0.029342,8055247,3009,521,4874,TRACKING,0.740883,386,25184
267,1.000000,522,sensor_time,/home/letandat/Dev/uav-navigation/src/navigation_estimator/fast_lio_ros/config/mid360_mutual_avoidance_uav1.yaml,ee37646f3b4668f13cad1febce5b79dcaa5f896c91709a9ca80740c72dcb0a3e,3015,522,true,359,1,358,0.997214,0.000000,0.000000,0.002069,true,881,CORRECTED,0.000061,4125,14,0,3,1701245231658112076,0,SUCCEEDED,264,42470,2,1701245231658112076,133,true,234,120,12,522,LIDAR_CORRECTION_CONVERGED,1785256503982343687,true,3688,0.035774,8055247,3016,522,4874,TRACKING,0.741379,387,5872
1824,1.000000,523,sensor_time,/home/letandat/Dev/uav-navigation/src/navigation_estimator/fast_lio_ros/config/mid360_mutual_avoidance_uav1.yaml,ee37646f3b4668f13cad1febce5b79dcaa5f896c91709a9ca80740c72dcb0a3e,3021,523,true,360,1,359,0.997222,0.000000,0.000000,0.002059,true,909,CORRECTED,0.000303,21132,7,0,3,1701245231691295650,0,SUCCEEDED,2482,42506,2,1701245231691295650,133,true,114,328,12,523,LIDAR_CORRECTION_CONVERGED,1785256504034854415,true,17801,0.027986,8055247,3025,523,4874,TRACKING,0.741874,388,25214
1760,1.000000,524,sensor_time,/home/letandat/Dev/uav-navigation/src/navigation_estimator/fast_lio_ros/config/mid360_mutual_avoidance_uav1.yaml,ee37646f3b4668f13cad1febce5b79dcaa5f896c91709a9ca80740c72dcb0a3e,3027,524,true,361,1,360,0.997230,0.000000,0.000000,0.002055,true,891,CORRECTED,0.000253,20505,8,0,3,1701245231725215223,0,SUCCEEDED,2210,42543,2,1701245231725215223,133,true,124,357,12,524,LIDAR_CORRECTION_CONVERGED,1785256504073206261,true,17755,0.029580,8055247,3032,524,4826,TRACKING,0.742366,389,29242
1760,1.000000,525,,/home/letandat/Dev/uav-navigation/src/navigation_estimator/fast_lio_ros/config/mid360_mutual_avoidance_uav1.yaml,ee37646f3b4668f13cad1febce5b79dcaa5f896c91709a9ca80740c72dcb0a3e,3033,525,false,361,1,360,0.997230,0.000000,0.000000,0.002055,true,891,UNAVAILABLE,0.000253,20505,8,0,3,1701245231725215223,1,NOT_ATTEMPTED,2210,42543,2,-1,134,false,124,357,12,525,OVERLAPPING_LIDAR_INTERVAL previous_synchronized_end_ns=1701245231725215223 current_scan_start_ns=1701245231724792719 current_scan_end_ns=1701245231757427719 overlap_duration_ns=422504 scan_index=522,1785256504075755142,false,17755,0.029580,8055247,3033,525,4826,TRACKING,0.740952,389,29242
1734,1.000000,526,sensor_time,/home/letandat/Dev/uav-navigation/src/navigation_estimator/fast_lio_ros/config/mid360_mutual_avoidance_uav1.yaml,ee37646f3b4668f13cad1febce5b79dcaa5f896c91709a9ca80740c72dcb0a3e,3038,526,true,362,1,361,0.997238,0.000000,0.000000,0.002057,true,914,CORRECTED,0.000233,20328,14,0,3,1701245231791765955,0,SUCCEEDED,2143,42574,2,1701245231791765955,134,true,254,334,12,526,LIDAR_CORRECTION_CONVERGED,1785256504134566098,true,17169,0.030120,8055247,3043,526,4826,TRACKING,0.741445,390,24432
1734,1.000000,527,,/home/letandat/Dev/uav-navigation/src/navigation_estimator/fast_lio_ros/config/mid360_mutual_avoidance_uav1.yaml,ee37646f3b4668f13cad1febce5b79dcaa5f896c91709a9ca80740c72dcb0a3e,3044,527,false,362,1,361,0.997238,0.000000,0.000000,0.002057,true,914,UNAVAILABLE,0.000233,20328,14,0,3,1701245231791765955,1,NOT_ATTEMPTED,2143,42574,2,-1,135,false,254,334,12,527,OVERLAPPING_LIDAR_INTERVAL previous_synchronized_end_ns=1701245231791765955 current_scan_start_ns=1701245231791449308 current_scan_end_ns=1701245231824084308 overlap_duration_ns=316647 scan_index=524,1785256504142357483,false,17169,0.030120,8055247,3044,527,4826,TRACKING,0.740038,390,24432
339,1.000000,528,sensor_time,/home/letandat/Dev/uav-navigation/src/navigation_estimator/fast_lio_ros/config/mid360_mutual_avoidance_uav1.yaml,ee37646f3b4668f13cad1febce5b79dcaa5f896c91709a9ca80740c72dcb0a3e,3050,528,true,363,1,362,0.997245,0.000000,0.000000,0.002067,true,882,CORRECTED,0.000038,4309,13,0,3,1701245231858145502,0,SUCCEEDED,297,42581,2,1701245231858145502,135,true,216,121,12,528,LIDAR_CORRECTION_CONVERGED,1785256504182591431,true,3796,0.034187,8055247,3051,528,4826,TRACKING,0.740530,391,5963
1620,1.000000,529,sensor_time,/home/letandat/Dev/uav-navigation/src/navigation_estimator/fast_lio_ros/config/mid360_mutual_avoidance_uav1.yaml,ee37646f3b4668f13cad1febce5b79dcaa5f896c91709a9ca80740c72dcb0a3e,3056,529,true,364,1,363,0.997253,0.000000,0.000000,0.002059,true,931,CORRECTED,0.000097,19719,8,0,3,1701245231891297128,0,SUCCEEDED,2361,42625,2,1701245231891297128,135,true,139,330,12,529,LIDAR_CORRECTION_CONVERGED,1785256504233349017,true,17134,0.030610,8055247,3060,529,4826,TRACKING,0.741021,392,23687
1806,1.000000,530,sensor_time,/home/letandat/Dev/uav-navigation/src/navigation_estimator/fast_lio_ros/config/mid360_mutual_avoidance_uav1.yaml,ee37646f3b4668f13cad1febce5b79dcaa5f896c91709a9ca80740c72dcb0a3e,3061,530,true,365,1,364,0.997260,0.000000,0.000000,0.002055,true,936,CORRECTED,0.000061,21654,8,0,3,1701245231925085809,0,SUCCEEDED,2235,42666,2,1701245231925085809,135,true,146,386,12,530,LIDAR_CORRECTION_CONVERGED,1785256504269297160,true,18669,0.030515,8055247,3066,530,4826,TRACKING,0.741509,393,25759
388,1.000000,531,sensor_time,/home/letandat/Dev/uav-navigation/src/navigation_estimator/fast_lio_ros/config/mid360_mutual_avoidance_uav1.yaml,ee37646f3b4668f13cad1febce5b79dcaa5f896c91709a9ca80740c72dcb0a3e,3067,531,true,366,1,365,0.997268,0.000000,0.000000,0.002059,true,870,CORRECTED,0.000000,5068,8,0,3,1701245231958079841,0,SUCCEEDED,383,42671,2,1701245231958079841,135,true,136,147,12,531,LIDAR_CORRECTION_CONVERGED,1785256504283378175,true,4492,0.033597,8055247,3069,531,4826,TRACKING,0.741996,394,6988
1534,1.000000,532,sensor_time,/home/letandat/Dev/uav-navigation/src/navigation_estimator/fast_lio_ros/config/mid360_mutual_avoidance_uav1.yaml,ee37646f3b4668f13cad1febce5b79dcaa5f896c91709a9ca80740c72dcb0a3e,3073,532,true,367,1,366,0.997275,0.000000,0.000000,0.002057,true,868,CORRECTED,0.000114,17681,7,0,3,1701245231991245058,0,SUCCEEDED,1939,42713,2,1701245231991245058,135,true,114,292,12,532,LIDAR_CORRECTION_CONVERGED,1785256504330820742,true,15174,0.030851,8055247,3077,532,4826,TRACKING,0.742481,395,21154
1881,1.000000,533,sensor_time,/home/letandat/Dev/uav-navigation/src/navigation_estimator/fast_lio_ros/config/mid360_mutual_avoidance_uav1.yaml,ee37646f3b4668f13cad1febce5b79dcaa5f896c91709a9ca80740c72dcb0a3e,3079,533,true,368,1,367,0.997283,0.000000,0.000000,0.002054,true,1028,CORRECTED,0.000315,21544,8,0,3,1701245232025291946,0,SUCCEEDED,2190,42761,2,1701245232025291946,135,true,131,332,12,533,LIDAR_CORRECTION_CONVERGED,1785256504369297127,true,18104,0.028391,8055247,3083,533,4826,TRACKING,0.742964,396,25541
1881,1.000000,534,,/home/letandat/Dev/uav-navigation/src/navigation_estimator/fast_lio_ros/config/mid360_mutual_avoidance_uav1.yaml,ee37646f3b4668f13cad1febce5b79dcaa5f896c91709a9ca80740c72dcb0a3e,3085,534,false,368,1,367,0.997283,0.000000,0.000000,0.002054,true,1028,UNAVAILABLE,0.000315,21544,8,0,3,1701245232025291946,1,NOT_ATTEMPTED,2190,42761,2,-1,136,false,131,332,12,534,OVERLAPPING_LIDAR_INTERVAL previous_synchronized_end_ns=1701245232025291946 current_scan_start_ns=1701245232025141954 current_scan_end_ns=1701245232057776954 overlap_duration_ns=149992 scan_index=531,1785256504376160187,false,18104,0.028391,8055247,3085,534,4826,TRACKING,0.741573,396,25541
1499,1.000000,535,sensor_time,/home/letandat/Dev/uav-navigation/src/navigation_estimator/fast_lio_ros/config/mid360_mutual_avoidance_uav1.yaml,ee37646f3b4668f13cad1febce5b79dcaa5f896c91709a9ca80740c72dcb0a3e,3091,535,true,369,1,368,0.997290,0.000000,0.000000,0.002057,true,927,CORRECTED,0.000168,18326,14,0,3,1701245232091816690,0,SUCCEEDED,2046,42800,2,1701245232091816690,136,true,238,311,12,535,LIDAR_CORRECTION_CONVERGED,1785256504432313456,true,15844,0.029717,8055247,3094,535,4826,TRACKING,0.742056,397,22267
1499,1.000000,536,,/home/letandat/Dev/uav-navigation/src/navigation_estimator/fast_lio_ros/config/mid360_mutual_avoidance_uav1.yaml,ee37646f3b4668f13cad1febce5b79dcaa5f896c91709a9ca80740c72dcb0a3e,3096,536,false,369,1,368,0.997290,0.000000,0.000000,0.002057,true,927,UNAVAILABLE,0.000168,18326,14,0,3,1701245232091816690,1,NOT_ATTEMPTED,2046,42800,2,-1,137,false,238,311,12,536,OVERLAPPING_LIDAR_INTERVAL previous_synchronized_end_ns=1701245232091816690 current_scan_start_ns=1701245232091489553 current_scan_end_ns=1701245232124124553 overlap_duration_ns=327137 scan_index=533,1785256504442270375,false,15844,0.029717,8055247,3096,536,4826,TRACKING,0.740672,397,22267
385,1.000000,537,sensor_time,/home/letandat/Dev/uav-navigation/src/navigation_estimator/fast_lio_ros/config/mid360_mutual_avoidance_uav1.yaml,ee37646f3b4668f13cad1febce5b79dcaa5f896c91709a9ca80740c72dcb0a3e,3102,537,true,370,1,369,0.997297,0.000000,0.000000,0.002067,true,931,CORRECTED,0.000034,5883,13,0,3,1701245232158142116,0,SUCCEEDED,497,42810,2,1701245232158142116,137,true,223,146,12,537,LIDAR_CORRECTION_CONVERGED,1785256504484413287,true,5272,0.037280,8055247,3103,537,4826,TRACKING,0.741155,398,7839
1431,1.000000,538,sensor_time,/home/letandat/Dev/uav-navigation/src/navigation_estimator/fast_lio_ros/config/mid360_mutual_avoidance_uav1.yaml,ee37646f3b4668f13cad1febce5b79dcaa5f896c91709a9ca80740c72dcb0a3e,3108,538,true,371,1,370,0.997305,0.000000,0.000000,0.002061,true,927,CORRECTED,0.000443,11526,8,0,2,1701245232191318062,0,SUCCEEDED,1828,42847,2,1701245232191318062,137,true,133,292,12,538,LIDAR_CORRECTION_CONVERGED,1785256504529265834,true,10026,0.033611,8055247,3111,538,4644,TRACKING,0.741636,399,19552
1815,1.000000,539,sensor_time,/home/letandat/Dev/uav-navigation/src/navigation_estimator/fast_lio_ros/config/mid360_mutual_avoidance_uav1.yaml,ee37646f3b4668f13cad1febce5b79dcaa5f896c91709a9ca80740c72dcb0a3e,3114,539,true,372,1,371,0.997312,0.000000,0.000000,0.002055,true,866,CORRECTED,0.000314,19988,8,0,3,1701245232225109127,0,SUCCEEDED,2043,42877,2,1701245232225109127,137,true,131,380,12,539,LIDAR_CORRECTION_CONVERGED,1785256504567165759,true,16911,0.028134,8055247,3118,539,4644,TRACKING,0.742115,400,23726
445,1.000000,540,sensor_time,/home/letandat/Dev/uav-navigation/src/navigation_estimator/fast_lio_ros/config/mid360_mutual_avoidance_uav1.yaml,ee37646f3b4668f13cad1febce5b79dcaa5f896c91709a9ca80740c72dcb0a3e,3119,540,true,373,1,372,0.997319,0.000000,0.000000,0.002059,true,864,CORRECTED,0.000156,4258,8,0,2,1701245232258113649,0,SUCCEEDED,490,42885,2,1701245232258113649,137,true,135,158,12,540,LIDAR_CORRECTION_CONVERGED,1785256504582658414,true,3819,0.037053,8055247,3120,540,4644,TRACKING,0.742593,401,6193
1425,1.000000,541,sensor_time,/home/letandat/Dev/uav-navigation/src/navigation_estimator/fast_lio_ros/config/mid360_mutual_avoidance_uav1.yaml,ee37646f3b4668f13cad1febce5b79dcaa5f896c91709a9ca80740c72dcb0a3e,3125,541,true,374,1,373,0.997326,0.000000,0.000000,0.002057,true,877,CORRECTED,0.000185,17422,7,0,3,1701245232291226413,0,SUCCEEDED,1857,42917,2,1701245232291226413,137,true,113,297,12,541,LIDAR_CORRECTION_CONVERGED,1785256504630455297,true,15079,0.032173,8055247,3129,541,4644,TRACKING,0.743068,402,20782
1781,1.000000,542,sensor_time,/home/letandat/Dev/uav-navigation/src/navigation_estimator/fast_lio_ros/config/mid360_mutual_avoidance_uav1.yaml,ee37646f3b4668f13cad1febce5b79dcaa5f896c91709a9ca80740c72dcb0a3e,3131,542,true,375,1,374,0.997333,0.000000,0.000000,0.002054,true,877,CORRECTED,0.000122,19150,8,0,3,1701245232325192240,0,SUCCEEDED,2014,42953,2,1701245232325192240,137,true,125,414,12,542,LIDAR_CORRECTION_CONVERGED,1785256504666583705,true,15774,0.026827,8055247,3135,542,4644,TRACKING,0.743542,403,22919
1781,1.000000,543,,/home/letandat/Dev/uav-navigation/src/navigation_estimator/fast_lio_ros/config/mid360_mutual_avoidance_uav1.yaml,ee37646f3b4668f13cad1febce5b79dcaa5f896c91709a9ca80740c72dcb0a3e,3137,543,false,375,1,374,0.997333,0.000000,0.000000,0.002054,true,877,UNAVAILABLE,0.000122,19150,8,0,3,1701245232325192240,1,NOT_ATTEMPTED,2014,42953,2,-1,138,false,125,414,12,543,OVERLAPPING_LIDAR_INTERVAL previous_synchronized_end_ns=1701245232325192240 current_scan_start_ns=1701245232324999094 current_scan_end_ns=1701245232357634094 overlap_duration_ns=193146 scan_index=540,1785256504675767880,false,15774,0.026827,8055247,3137,543,4644,TRACKING,0.742173,403,22919
1361,1.000000,544,sensor_time,/home/letandat/Dev/uav-navigation/src/navigation_estimator/fast_lio_ros/config/mid360_mutual_avoidance_uav1.yaml,ee37646f3b4668f13cad1febce5b79dcaa5f896c91709a9ca80740c72dcb0a3e,3143,544,true,376,1,375,0.997340,0.000000,0.000000,0.002058,true,929,CORRECTED,0.000062,17867,14,0,3,1701245232391776588,0,SUCCEEDED,1723,42990,2,1701245232391776588,138,true,242,277,12,544,LIDAR_CORRECTION_CONVERGED,1785256504731457743,true,15680,0.034147,8055247,3146,544,4644,TRACKING,0.742647,404,21406
1361,1.000000,545,,/home/letandat/Dev/uav-navigation/src/navigation_estimator/fast_lio_ros/config/mid360_mutual_avoidance_uav1.yaml,ee37646f3b4668f13cad1febce5b79dcaa5f896c91709a9ca80740c72dcb0a3e,3148,545,false,376,1,375,0.997340,0.000000,0.000000,0.002058,true,929,UNAVAILABLE,0.000062,17867,14,0,3,1701245232391776588,1,NOT_ATTEMPTED,1723,42990,2,-1,139,false,242,277,12,545,OVERLAPPING_LIDAR_INTERVAL previous_synchronized_end_ns=1701245232391776588 current_scan_start_ns=1701245232391439199 current_scan_end_ns=1701245232424074199 overlap_duration_ns=337389 scan_index=542,1785256504742266042,false,15680,0.034147,8055247,3148,545,4644,TRACKING,0.741284,404,21406
531,1.000000,546,sensor_time,/home/letandat/Dev/uav-navigation/src/navigation_estimator/fast_lio_ros/config/mid360_mutual_avoidance_uav1.yaml,ee37646f3b4668f13cad1febce5b79dcaa5f896c91709a9ca80740c72dcb0a3e,3154,546,true,377,1,376,0.997347,0.000000,0.000000,0.002067,true,1787,CORRECTED,0.000050,6943,13,0,2,1701245232458166626,0,SUCCEEDED,873,43003,2,1701245232458166626,139,true,330,234,12,546,LIDAR_CORRECTION_CONVERGED,1785256504786942688,true,5942,0.037226,8055247,3156,546,4644,TRACKING,0.741758,405,10375
1185,1.000000,547,sensor_time,/home/letandat/Dev/uav-navigation/src/navigation_estimator/fast_lio_ros/config/mid360_mutual_avoidance_uav1.yaml,ee37646f3b4668f13cad1febce5b79dcaa5f896c91709a9ca80740c72dcb0a3e,3160,547,true,378,1,377,0.997354,0.000000,0.000000,0.002063,true,900,CORRECTED,0.000216,16355,8,0,3,1701245232491288688,0,SUCCEEDED,2021,43043,2,1701245232491288688,139,true,128,283,12,547,LIDAR_CORRECTION_CONVERGED,1785256504829569759,true,14441,0.035613,8055247,3164,547,4644,TRACKING,0.742230,406,19888
1801,1.000000,548,sensor_time,/home/letandat/Dev/uav-navigation/src/navigation_estimator/fast_lio_ros/config/mid360_mutual_avoidance_uav1.yaml,ee37646f3b4668f13cad1febce5b79dcaa5f896c91709a9ca80740c72dcb0a3e,3166,548,true,379,1,378,0.997361,0.000000,0.000000,0.002056,true,924,CORRECTED,0.000092,19404,8,0,3,1701245232525070694,0,SUCCEEDED,1913,43084,2,1701245232525070694,139,true,157,333,12,548,LIDAR_CORRECTION_CONVERGED,1785256504866362219,true,16334,0.027795,8055247,3170,548,4644,TRACKING,0.742701,407,23024
636,1.000000,549,sensor_time,/home/letandat/Dev/uav-navigation/src/navigation_estimator/fast_lio_ros/config/mid360_mutual_avoidance_uav1.yaml,ee37646f3b4668f13cad1febce5b79dcaa5f896c91709a9ca80740c72dcb0a3e,3171,549,true,380,1,379,0.997368,0.000000,0.000000,0.002059,true,898,CORRECTED,0.000103,5970,8,0,2,1701245232558206823,0,SUCCEEDED,861,43101,2,1701245232558206823,139,true,131,196,12,549,LIDAR_CORRECTION_CONVERGED,1785256504885074533,true,5302,0.036194,8055247,3173,549,4644,TRACKING,0.743169,408,8474
1180,1.000000,550,sensor_time,/home/letandat/Dev/uav-navigation/src/navigation_estimator/fast_lio_ros/config/mid360_mutual_avoidance_uav1.yaml,ee37646f3b4668f13cad1febce5b79dcaa5f896c91709a9ca80740c72dcb0a3e,3177,550,true,381,1,380,0.997375,0.000000,0.000000,0.002058,true,847,CORRECTED,0.000240,9898,7,0,2,1701245232591377523,0,SUCCEEDED,1584,43139,2,1701245232591377523,139,true,108,247,12,550,LIDAR_CORRECTION_CONVERGED,1785256504927870024,true,8708,0.034454,8055247,3181,550,4683,TRACKING,0.743636,409,17555
1788,1.000000,551,sensor_time,/home/letandat/Dev/uav-navigation/src/navigation_estimator/fast_lio_ros/config/mid360_mutual_avoidance_uav1.yaml,ee37646f3b4668f13cad1febce5b79dcaa5f896c91709a9ca80740c72dcb0a3e,3183,551,true,382,1,381,0.997382,0.000000,0.000000,0.002055,true,872,CORRECTED,0.000028,18943,8,0,3,1701245232625304010,0,SUCCEEDED,1863,43171,2,1701245232625304010,139,true,132,318,12,551,LIDAR_CORRECTION_CONVERGED,1785256504966149266,true,15462,0.024943,8055247,3187,551,4683,TRACKING,0.744102,410,22407
1788,1.000000,552,,/home/letandat/Dev/uav-navigation/src/navigation_estimator/fast_lio_ros/config/mid360_mutual_avoidance_uav1.yaml,ee37646f3b4668f13cad1febce5b79dcaa5f896c91709a9ca80740c72dcb0a3e,3189,552,false,382,1,381,0.997382,0.000000,0.000000,0.002055,true,872,UNAVAILABLE,0.000028,18943,8,0,3,1701245232625304010,1,NOT_ATTEMPTED,1863,43171,2,-1,140,false,132,318,12,552,OVERLAPPING_LIDAR_INTERVAL previous_synchronized_end_ns=1701245232625304010 current_scan_start_ns=1701245232625005245 current_scan_end_ns=1701245232657640245 overlap_duration_ns=298765 scan_index=549,1785256504975912989,false,15462,0.024943,8055247,3189,552,4683,TRACKING,0.742754,410,22407
1123,1.000000,553,sensor_time,/home/letandat/Dev/uav-navigation/src/navigation_estimator/fast_lio_ros/config/mid360_mutual_avoidance_uav1.yaml,ee37646f3b4668f13cad1febce5b79dcaa5f896c91709a9ca80740c72dcb0a3e,3195,553,true,383,1,382,0.997389,0.000000,0.000000,0.002060,true,867,CORRECTED,0.000387,15038,14,0,3,1701245232691738394,0,SUCCEEDED,1667,43211,2,1701245232691738394,140,true,226,249,12,553,LIDAR_CORRECTION_CONVERGED,1785256505028436734,true,13198,0.036049,8055247,3198,553,4683,TRACKING,0.743219,411,18443
1123,1.000000,554,,/home/letandat/Dev/uav-navigation/src/navigation_estimator/fast_lio_ros/config/mid360_mutual_avoidance_uav1.yaml,ee37646f3b4668f13cad1febce5b79dcaa5f896c91709a9ca80740c72dcb0a3e,3200,554,false,383,1,382,0.997389,0.000000,0.000000,0.002060,true,867,UNAVAILABLE,0.000387,15038,14,0,3,1701245232691738394,1,NOT_ATTEMPTED,1667,43211,2,-1,141,false,226,249,12,554,OVERLAPPING_LIDAR_INTERVAL previous_synchronized_end_ns=1701245232691738394 current_scan_start_ns=1701245232691485882 current_scan_end_ns=1701245232724120882 overlap_duration_ns=252512 scan_index=551,1785256505042626709,false,13198,0.036049,8055247,3200,554,4683,TRACKING,0.741877,411,18443
671,1.000000,555,sensor_time,/home/letandat/Dev/uav-navigation/src/navigation_estimator/fast_lio_ros/config/mid360_mutual_avoidance_uav1.yaml,ee37646f3b4668f13cad1febce5b79dcaa5f896c91709a9ca80740c72dcb0a3e,3206,555,true,384,1,383,0.997396,0.000000,0.000000,0.002067,true,909,CORRECTED,0.000158,9945,13,0,3,1701245232758121040,0,SUCCEEDED,985,43230,2,1701245232758121040,141,true,235,193,12,555,LIDAR_CORRECTION_CONVERGED,1785256505088886848,true,8854,0.035447,8055247,3208,555,4683,TRACKING,0.742342,412,12428
965,1.000000,556,sensor_time,/home/letandat/Dev/uav-navigation/src/navigation_estimator/fast_lio_ros/config/mid360_mutual_avoidance_uav1.yaml,ee37646f3b4668f13cad1febce5b79dcaa5f896c91709a9ca80740c72dcb0a3e,3212,556,true,385,1,384,0.997403,0.000000,0.000000,0.002065,true,935,CORRECTED,0.000042,13672,8,0,3,1701245232791318681,0,SUCCEEDED,1476,43262,2,1701245232791318681,141,true,140,238,12,556,LIDAR_CORRECTION_CONVERGED,1785256505126339806,true,12044,0.037132,8055247,3215,556,4683,TRACKING,0.742806,413,16646
965,1.000000,557,,/home/letandat/Dev/uav-navigation/src/navigation_estimator/fast_lio_ros/config/mid360_mutual_avoidance_uav1.yaml,ee37646f3b4668f13cad1febce5b79dcaa5f896c91709a9ca80740c72dcb0a3e,3218,557,false,385,1,384,0.997403,0.000000,0.000000,0.002065,true,935,UNAVAILABLE,0.000042,13672,8,0,3,1701245232791318681,1,NOT_ATTEMPTED,1476,43262,2,-1,142,false,140,238,12,557,OVERLAPPING_LIDAR_INTERVAL previous_synchronized_end_ns=1701245232791318681 current_scan_start_ns=1701245232791114092 current_scan_end_ns=1701245232823749092 overlap_duration_ns=204589 scan_index=554,1785256505141837597,false,12044,0.037132,8055247,3218,557,4683,TRACKING,0.741472,413,16646
831,1.000000,558,sensor_time,/home/letandat/Dev/uav-navigation/src/navigation_estimator/fast_lio_ros/config/mid360_mutual_avoidance_uav1.yaml,ee37646f3b4668f13cad1febce5b79dcaa5f896c91709a9ca80740c72dcb0a3e,3224,558,true,386,1,385,0.997409,0.000000,0.000000,0.002070,true,1672,CORRECTED,0.000064,14169,14,0,3,1701245232858082798,0,SUCCEEDED,1208,43280,2,1701245232858082798,142,true,329,302,12,558,LIDAR_CORRECTION_CONVERGED,1785256505194264304,true,12343,0.036216,8055247,3227,558,4683,TRACKING,0.741935,414,17881
939,1.000000,559,sensor_time,/home/letandat/Dev/uav-navigation/src/navigation_estimator/fast_lio_ros/config/mid360_mutual_avoidance_uav1.yaml,ee37646f3b4668f13cad1febce5b79dcaa5f896c91709a9ca80740c72dcb0a3e,3229,559,true,387,1,386,0.997416,0.000000,0.000000,0.002067,true,902,CORRECTED,0.000027,12930,8,0,3,1701245232891202238,0,SUCCEEDED,1966,43308,2,1701245232891202238,142,true,128,225,12,559,LIDAR_CORRECTION_CONVERGED,1785256505226081435,true,11407,0.034039,8055247,3232,559,4683,TRACKING,0.742397,415,16336
1717,1.000000,560,sensor_time,/home/letandat/Dev/uav-navigation/src/navigation_estimator/fast_lio_ros/config/mid360_mutual_avoidance_uav1.yaml,ee37646f3b4668f13cad1febce5b79dcaa5f896c91709a9ca80740c72dcb0a3e,3235,560,true,388,1,387,0.997423,0.000000,0.000000,0.002058,true,1301,CORRECTED,0.000136,18013,7,0,3,1701245232925200489,0,SUCCEEDED,1568,43343,2,1701245232925200489,142,true,122,335,12,560,LIDAR_CORRECTION_CONVERGED,1785256505265053828,true,14945,0.025657,8055247,3239,560,4683,TRACKING,0.742857,416,21640
1717,1.000000,561,,/home/letandat/Dev/uav-navigation/src/navigation_estimator/fast_lio_ros/config/mid360_mutual_avoidance_uav1.yaml,ee37646f3b4668f13cad1febce5b79dcaa5f896c91709a9ca80740c72dcb0a3e,3241,561,false,388,1,387,0.997423,0.000000,0.000000,0.002058,true,1301,UNAVAILABLE,0.000136,18013,7,0,3,1701245232925200489,1,NOT_ATTEMPTED,1568,43343,2,-1,143,false,122,335,12,561,OVERLAPPING_LIDAR_INTERVAL previous_synchronized_end_ns=1701245232925200489 current_scan_start_ns=1701245232925048828 current_scan_end_ns=1701245232957683828 overlap_duration_ns=151661 scan_index=558,1785256505275815242,false,14945,0.025657,8055247,3241,561,4683,TRACKING,0.741533,416,21640
930,1.000000,562,sensor_time,/home/letandat/Dev/uav-navigation/src/navigation_estimator/fast_lio_ros/config/mid360_mutual_avoidance_uav1.yaml,ee37646f3b4668f13cad1febce5b79dcaa5f896c91709a9ca80740c72dcb0a3e,3247,562,true,389,1,388,0.997429,0.000000,0.000000,0.002063,true,877,CORRECTED,0.000019,12789,14,0,3,1701245232991795805,0,SUCCEEDED,1273,43367,2,1701245232991795805,143,true,250,204,12,562,LIDAR_CORRECTION_CONVERGED,1785256505325493477,true,11203,0.035186,8055247,3249,562,4683,TRACKING,0.741993,417,15659
930,1.000000,563,,/home/letandat/Dev/uav-navigation/src/navigation_estimator/fast_lio_ros/config/mid360_mutual_avoidance_uav1.yaml,ee37646f3b4668f13cad1febce5b79dcaa5f896c91709a9ca80740c72dcb0a3e,3252,563,false,389,1,388,0.997429,0.000000,0.000000,0.002063,true,877,UNAVAILABLE,0.000019,12789,14,0,3,1701245232991795805,1,NOT_ATTEMPTED,1273,43367,2,-1,144,false,250,204,12,563,OVERLAPPING_LIDAR_INTERVAL previous_synchronized_end_ns=1701245232991795805 current_scan_start_ns=1701245232991448879 current_scan_end_ns=1701245233024083879 overlap_duration_ns=346926 scan_index=560,1785256505342553266,false,11203,0.035186,8055247,3252,563,4683,TRACKING,0.740675,417,15659
1024,1.000000,564,sensor_time,/home/letandat/Dev/uav-navigation/src/navigation_estimator/fast_lio_ros/config/mid360_mutual_avoidance_uav1.yaml,ee37646f3b4668f13cad1febce5b79dcaa5f896c91709a9ca80740c72dcb0a3e,3258,564,true,390,1,389,0.997436,0.000000,0.000000,0.002066,true,1770,CORRECTED,0.000287,16617,14,0,3,1701245233058156755,0,SUCCEEDED,1523,43397,2,1701245233058156755,144,true,357,319,12,564,LIDAR_CORRECTION_CONVERGED,1785256505397229246,true,14492,0.034739,8055247,3262,564,4683,TRACKING,0.741135,418,20865
732,1.000000,565,sensor_time,/home/letandat/Dev/uav-navigation/src/navigation_estimator/fast_lio_ros/config/mid360_mutual_avoidance_uav1.yaml,ee37646f3b4668f13cad1febce5b79dcaa5f896c91709a9ca80740c72dcb0a3e,3264,565,true,391,1,390,0.997442,0.000000,0.000000,0.002067,true,931,CORRECTED,0.000015,10734,7,0,3,1701245233091284540,0,SUCCEEDED,1101,43406,2,1701245233091284540,144,true,122,200,12,565,LIDAR_CORRECTION_CONVERGED,1785256505427882826,true,9539,0.033652,8055247,3267,565,4857,TRACKING,0.741593,419,18134
1808,1.000000,566,sensor_time,/home/letandat/Dev/uav-navigation/src/navigation_estimator/fast_lio_ros/config/mid360_mutual_avoidance_uav1.yaml,ee37646f3b4668f13cad1febce5b79dcaa5f896c91709a9ca80740c72dcb0a3e,3270,566,true,392,1,391,0.997449,0.000000,0.000000,0.002058,true,1767,CORRECTED,0.000051,19385,8,0,3,1701245233125067022,0,SUCCEEDED,1526,43433,2,1701245233125067022,144,true,202,463,12,566,LIDAR_CORRECTION_CONVERGED,1785256505467068956,true,16426,0.025557,8055247,3274,566,4857,TRACKING,0.742049,420,23671
1808,1.000000,567,,/home/letandat/Dev/uav-navigation/src/navigation_estimator/fast_lio_ros/config/mid360_mutual_avoidance_uav1.yaml,ee37646f3b4668f13cad1febce5b79dcaa5f896c91709a9ca80740c72dcb0a3e,3276,567,false,392,1,391,0.997449,0.000000,0.000000,0.002058,true,1767,UNAVAILABLE,0.000051,19385,8,0,3,1701245233125067022,1,NOT_ATTEMPTED,1526,43433,2,-1,145,false,202,463,12,567,OVERLAPPING_LIDAR_INTERVAL previous_synchronized_end_ns=1701245233125067022 current_scan_start_ns=1701245233124879837 current_scan_end_ns=1701245233157514837 overlap_duration_ns=187185 scan_index=564,1785256505475630272,false,16426,0.025557,8055247,3276,567,4857,TRACKING,0.740741,420,23671
692,1.000000,568,sensor_time,/home/letandat/Dev/uav-navigation/src/navigation_estimator/fast_lio_ros/config/mid360_mutual_avoidance_uav1.yaml,ee37646f3b4668f13cad1febce5b79dcaa5f896c91709a9ca80740c72dcb0a3e,3281,568,true,393,1,392,0.997455,0.000000,0.000000,0.002065,true,932,CORRECTED,0.000054,10209,14,0,3,1701245233191269901,0,SUCCEEDED,997,43446,2,1701245233191269901,145,true,253,189,12,568,LIDAR_CORRECTION_CONVERGED,1785256505522399473,true,9037,0.034101,8055247,3284,568,4857,TRACKING,0.741197,421,12823
1764,1.000000,569,sensor_time,/home/letandat/Dev/uav-navigation/src/navigation_estimator/fast_lio_ros/config/mid360_mutual_avoidance_uav1.yaml,ee37646f3b4668f13cad1febce5b79dcaa5f896c91709a9ca80740c72dcb0a3e,3287,569,true,394,1,393,0.997462,0.000000,0.000000,0.002059,true,894,CORRECTED,0.000056,18137,8,0,3,1701245233225277212,0,SUCCEEDED,1848,43483,2,1701245233225277212,145,true,129,311,12,569,LIDAR_CORRECTION_CONVERGED,1785256505565456869,true,15210,0.026496,8055247,3291,569,4857,TRACKING,0.741652,422,21616
1764,1.000000,570,,/home/letandat/Dev/uav-navigation/src/navigation_estimator/fast_lio_ros/config/mid360_mutual_avoidance_uav1.yaml,ee37646f3b4668f13cad1febce5b79dcaa5f896c91709a9ca80740c72dcb0a3e,3293,570,false,394,1,393,0.997462,0.000000,0.000000,0.002059,true,894,UNAVAILABLE,0.000056,18137,8,0,3,1701245233225277212,1,NOT_ATTEMPTED,1848,43483,2,-1,146,false,129,311,12,570,OVERLAPPING_LIDAR_INTERVAL previous_synchronized_end_ns=1701245233225277212 current_scan_start_ns=1701245233225005627 current_scan_end_ns=1701245233257640627 overlap_duration_ns=271585 scan_index=567,1785256505576017630,false,15210,0.026496,8055247,3293,570,4857,TRACKING,0.740351,422,21616
650,1.000000,571,sensor_time,/home/letandat/Dev/uav-navigation/src/navigation_estimator/fast_lio_ros/config/mid360_mutual_avoidance_uav1.yaml,ee37646f3b4668f13cad1febce5b79dcaa5f896c91709a9ca80740c72dcb0a3e,3299,571,true,395,1,394,0.997468,0.000000,0.000000,0.002066,true,881,CORRECTED,0.000171,9192,13,0,3,1701245233291751411,0,SUCCEEDED,795,43495,2,1701245233291751411,146,true,209,188,12,571,LIDAR_CORRECTION_CONVERGED,1785256505621628245,true,8172,0.035843,8055247,3301,571,4857,TRACKING,0.740806,423,11506
650,1.000000,572,,/home/letandat/Dev/uav-navigation/src/navigation_estimator/fast_lio_ros/config/mid360_mutual_avoidance_uav1.yaml,ee37646f3b4668f13cad1febce5b79dcaa5f896c91709a9ca80740c72dcb0a3e,3304,572,false,395,1,394,0.997468,0.000000,0.000000,0.002066,true,881,UNAVAILABLE,0.000171,9192,13,0,3,1701245233291751411,1,NOT_ATTEMPTED,795,43495,2,-1,147,false,209,188,12,572,OVERLAPPING_LIDAR_INTERVAL previous_synchronized_end_ns=1701245233291751411 current_scan_start_ns=1701245233291445255 current_scan_end_ns=1701245233324080255 overlap_duration_ns=306156 scan_index=569,1785256505642559105,false,8172,0.035843,8055247,3305,572,4857,TRACKING,0.739510,423,11506
1214,1.000000,573,sensor_time,/home/letandat/Dev/uav-navigation/src/navigation_estimator/fast_lio_ros/config/mid360_mutual_avoidance_uav1.yaml,ee37646f3b4668f13cad1febce5b79dcaa5f896c91709a9ca80740c72dcb0a3e,3310,573,true,396,1,395,0.997475,0.000000,0.000000,0.002066,true,839,CORRECTED,0.000262,16197,14,0,3,1701245233358109977,0,SUCCEEDED,1817,43533,2,1701245233358109977,147,true,236,255,12,573,LIDAR_CORRECTION_CONVERGED,1785256505696169715,true,14261,0.036136,8055247,3314,573,4857,TRACKING,0.739965,424,19555
532,1.000000,574,sensor_time,/home/letandat/Dev/uav-navigation/src/navigation_estimator/fast_lio_ros/config/mid360_mutual_avoidance_uav1.yaml,ee37646f3b4668f13cad1febce5b79dcaa5f896c91709a9ca80740c72dcb0a3e,3316,574,true,397,1,396,0.997481,0.000000,0.000000,0.002069,true,834,CORRECTED,0.000006,7343,7,0,3,1701245233391407993,0,SUCCEEDED,630,43545,2,1701245233391407993,147,true,127,160,12,574,LIDAR_CORRECTION_CONVERGED,1785256505718994354,true,6526,0.035709,8055247,3318,574,4857,TRACKING,0.740418,425,9249
532,1.000000,575,,/home/letandat/Dev/uav-navigation/src/navigation_estimator/fast_lio_ros/config/mid360_mutual_avoidance_uav1.yaml,ee37646f3b4668f13cad1febce5b79dcaa5f896c91709a9ca80740c72dcb0a3e,3322,575,false,397,1,396,0.997481,0.000000,0.000000,0.002069,true,834,UNAVAILABLE,0.000006,7343,7,0,3,1701245233391407993,1,NOT_ATTEMPTED,630,43545,2,-1,148,false,127,160,12,575,OVERLAPPING_LIDAR_INTERVAL previous_synchronized_end_ns=1701245233391407993 current_scan_start_ns=1701245233391156197 current_scan_end_ns=1701245233423791197 overlap_duration_ns=251796 scan_index=572,1785256505742021338,false,6526,0.035709,8055247,3322,575,4857,TRACKING,0.739130,425,9249
1344,1.000000,576,sensor_time,/home/letandat/Dev/uav-navigation/src/navigation_estimator/fast_lio_ros/config/mid360_mutual_avoidance_uav1.yaml,ee37646f3b4668f13cad1febce5b79dcaa5f896c91709a9ca80740c72dcb0a3e,3328,576,true,398,1,397,0.997487,0.000000,0.000000,0.002066,true,839,CORRECTED,0.000121,16823,14,0,3,1701245233458097723,0,SUCCEEDED,1658,43585,2,1701245233458097723,148,true,222,269,12,576,LIDAR_CORRECTION_CONVERGED,1785256505796604696,true,14718,0.032384,8055247,3331,576,4857,TRACKING,0.739583,426,20025
505,1.000000,577,sensor_time,/home/letandat/Dev/uav-navigation/src/navigation_estimator/fast_lio_ros/config/mid360_mutual_avoidance_uav1.yaml,ee37646f3b4668f13cad1febce5b79dcaa5f896c91709a9ca80740c72dcb0a3e,3333,577,true,399,1,398,0.997494,0.000000,0.000000,0.002068,true,884,CORRECTED,0.000168,6832,8,0,3,1701245233491231945,0,SUCCEEDED,622,43590,2,1701245233491231945,148,true,134,156,12,577,LIDAR_CORRECTION_CONVERGED,1785256505818310406,true,6043,0.034329,8055247,3335,577,4857,TRACKING,0.740035,427,8789
1905,1.000000,578,sensor_time,/home/letandat/Dev/uav-navigation/src/navigation_estimator/fast_lio_ros/config/mid360_mutual_avoidance_uav1.yaml,ee37646f3b4668f13cad1febce5b79dcaa5f896c91709a9ca80740c72dcb0a3e,3339,578,true,400,1,399,0.997500,0.000000,0.000000,0.002058,true,927,CORRECTED,0.000122,21169,8,0,3,1701245233525269058,0,SUCCEEDED,1956,43639,2,1701245233525269058,148,true,133,337,12,578,LIDAR_CORRECTION_CONVERGED,1785256505868538339,true,17883,0.029054,8055247,3344,578,4857,TRACKING,0.740484,428,24810
1905,1.000000,579,,/home/letandat/Dev/uav-navigation/src/navigation_estimator/fast_lio_ros/config/mid360_mutual_avoidance_uav1.yaml,ee37646f3b4668f13cad1febce5b79dcaa5f896c91709a9ca80740c72dcb0a3e,3345,579,false,400,1,399,0.997500,0.000000,0.000000,0.002058,true,927,UNAVAILABLE,0.000122,21169,8,0,3,1701245233525269058,1,NOT_ATTEMPTED,1956,43639,2,-1,149,false,133,337,12,579,OVERLAPPING_LIDAR_INTERVAL previous_synchronized_end_ns=1701245233525269058 current_scan_start_ns=1701245233524980783 current_scan_end_ns=1701245233557615783 overlap_duration_ns=288275 scan_index=576,1785256505875871404,false,17883,0.029054,8055247,3345,579,4857,TRACKING,0.739206,428,24810
374,1.000000,580,sensor_time,/home/letandat/Dev/uav-navigation/src/navigation_estimator/fast_lio_ros/config/mid360_mutual_avoidance_uav1.yaml,ee37646f3b4668f13cad1febce5b79dcaa5f896c91709a9ca80740c72dcb0a3e,3351,580,true,401,1,400,0.997506,0.000000,0.000000,0.002068,true,868,CORRECTED,0.000139,5529,13,0,3,1701245233591750648,0,SUCCEEDED,413,43645,2,1701245233591750648,149,true,208,138,12,580,LIDAR_CORRECTION_CONVERGED,1785256505922672772,true,4945,0.033804,8055247,3353,580,4731,TRACKING,0.739655,429,12355
374,1.000000,581,,/home/letandat/Dev/uav-navigation/src/navigation_estimator/fast_lio_ros/config/mid360_mutual_avoidance_uav1.yaml,ee37646f3b4668f13cad1febce5b79dcaa5f896c91709a9ca80740c72dcb0a3e,3356,581,false,401,1,400,0.997506,0.000000,0.000000,0.002068,true,868,UNAVAILABLE,0.000139,5529,13,0,3,1701245233591750648,1,NOT_ATTEMPTED,413,43645,2,-1,150,false,208,138,12,581,OVERLAPPING_LIDAR_INTERVAL previous_synchronized_end_ns=1701245233591750648 current_scan_start_ns=1701245233591439486 current_scan_end_ns=1701245233624074486 overlap_duration_ns=311162 scan_index=578,1785256505942375186,false,4945,0.033804,8055247,3357,581,4731,TRACKING,0.738382,429,12355
1456,1.000000,582,sensor_time,/home/letandat/Dev/uav-navigation/src/navigation_estimator/fast_lio_ros/config/mid360_mutual_avoidance_uav1.yaml,ee37646f3b4668f13cad1febce5b79dcaa5f896c91709a9ca80740c72dcb0a3e,3362,582,true,402,1,401,0.997512,0.000000,0.000000,0.002064,true,871,CORRECTED,0.000419,18779,14,0,3,1701245233658143308,0,SUCCEEDED,1923,43680,2,1701245233658143308,150,true,242,269,12,582,LIDAR_CORRECTION_CONVERGED,1785256505998799830,true,16411,0.032885,8055247,3366,582,4731,TRACKING,0.738832,430,22332
321,1.000000,583,sensor_time,/home/letandat/Dev/uav-navigation/src/navigation_estimator/fast_lio_ros/config/mid360_mutual_avoidance_uav1.yaml,ee37646f3b4668f13cad1febce5b79dcaa5f896c91709a9ca80740c72dcb0a3e,3368,583,true,403,1,402,0.997519,0.000000,0.000000,0.002068,true,933,CORRECTED,0.000182,3356,7,0,2,1701245233691294697,0,SUCCEEDED,393,43684,2,1701245233691294697,150,true,117,133,12,583,LIDAR_CORRECTION_CONVERGED,1785256506014557185,true,2978,0.035278,8055247,3369,583,4731,TRACKING,0.739280,431,5094
1842,1.000000,584,sensor_time,/home/letandat/Dev/uav-navigation/src/navigation_estimator/fast_lio_ros/config/mid360_mutual_avoidance_uav1.yaml,ee37646f3b4668f13cad1febce5b79dcaa5f896c91709a9ca80740c72dcb0a3e,3374,584,true,404,1,403,0.997525,0.000000,0.000000,0.002059,true,835,CORRECTED,0.000106,19569,8,0,3,1701245233725071695,0,SUCCEEDED,2024,43713,2,1701245233725071695,150,true,126,308,12,584,LIDAR_CORRECTION_CONVERGED,1785256506066623415,true,16455,0.027514,8055247,3378,584,4731,TRACKING,0.739726,432,23140
1606,1.000000,585,sensor_time,/home/letandat/Dev/uav-navigation/src/navigation_estimator/fast_lio_ros/config/mid360_mutual_avoidance_uav1.yaml,ee37646f3b4668f13cad1febce5b79dcaa5f896c91709a9ca80740c72dcb0a3e,3380,585,true,405,1,404,0.997531,0.000000,0.000000,0.002057,true,858,CORRECTED,0.000239,19840,8,0,3,1701245233758066442,0,SUCCEEDED,2038,43752,2,1701245233758066442,150,true,126,306,12,585,LIDAR_CORRECTION_CONVERGED,1785256506099990745,true,17063,0.030814,8055247,3384,585,4731,TRACKING,0.740171,433,23612
336,1.000000,586,sensor_time,/home/letandat/Dev/uav-navigation/src/navigation_estimator/fast_lio_ros/config/mid360_mutual_avoidance_uav1.yaml,ee37646f3b4668f13cad1febce5b79dcaa5f896c91709a9ca80740c72dcb0a3e,3386,586,true,406,1,405,0.997537,0.000000,0.000000,0.002061,true,883,CORRECTED,0.000013,3178,8,0,2,1701245233791278389,0,SUCCEEDED,383,43758,2,1701245233791278389,150,true,129,125,12,586,LIDAR_CORRECTION_CONVERGED,1785256506114477145,true,2828,0.034097,8055247,3386,586,4731,TRACKING,0.740614,434,4866
1677,1.000000,587,sensor_time,/home/letandat/Dev/uav-navigation/src/navigation_estimator/fast_lio_ros/config/mid360_mutual_avoidance_uav1.yaml,ee37646f3b4668f13cad1febce5b79dcaa5f896c91709a9ca80740c72dcb0a3e,3391,587,true,407,1,406,0.997543,0.000000,0.000000,0.002057,true,866,CORRECTED,0.000275,19070,8,0,3,1701245233825267818,0,SUCCEEDED,2209,43792,2,1701245233825267818,150,true,131,371,12,587,LIDAR_CORRECTION_CONVERGED,1785256506166790589,true,16380,0.029853,8055247,3395,587,4731,TRACKING,0.741056,435,22904
1677,1.000000,588,,/home/letandat/Dev/uav-navigation/src/navigation_estimator/fast_lio_ros/config/mid360_mutual_avoidance_uav1.yaml,ee37646f3b4668f13cad1febce5b79dcaa5f896c91709a9ca80740c72dcb0a3e,3397,588,false,407,1,406,0.997543,0.000000,0.000000,0.002057,true,866,UNAVAILABLE,0.000275,19070,8,0,3,1701245233825267818,1,NOT_ATTEMPTED,2209,43792,2,-1,151,false,131,371,12,588,OVERLAPPING_LIDAR_INTERVAL previous_synchronized_end_ns=1701245233825267818 current_scan_start_ns=1701245233824963808 current_scan_end_ns=1701245233857598808 overlap_duration_ns=304010 scan_index=585,1785256506176101416,false,16380,0.029853,8055247,3397,588,4731,TRACKING,0.739796,435,22904
354,1.000000,589,sensor_time,/home/letandat/Dev/uav-navigation/src/navigation_estimator/fast_lio_ros/config/mid360_mutual_avoidance_uav1.yaml,ee37646f3b4668f13cad1febce5b79dcaa5f896c91709a9ca80740c72dcb0a3e,3403,589,true,408,1,407,0.997549,0.000000,0.000000,0.002067,true,915,CORRECTED,0.000029,5182,13,0,3,1701245233891738680,0,SUCCEEDED,415,43798,2,1701245233891738680,151,true,228,136,12,589,LIDAR_CORRECTION_CONVERGED,1785256506217211608,true,4639,0.033549,8055247,3404,589,4731,TRACKING,0.740238,436,7066
354,1.000000,590,,/home/letandat/Dev/uav-navigation/src/navigation_estimator/fast_lio_ros/config/mid360_mutual_avoidance_uav1.yaml,ee37646f3b4668f13cad1febce5b79dcaa5f896c91709a9ca80740c72dcb0a3e,3409,590,false,408,1,407,0.997549,0.000000,0.000000,0.002067,true,915,UNAVAILABLE,0.000029,5182,13,0,3,1701245233891738680,1,NOT_ATTEMPTED,415,43798,2,-1,152,false,228,136,12,590,OVERLAPPING_LIDAR_INTERVAL previous_synchronized_end_ns=1701245233891738680 current_scan_start_ns=1701245233891493082 current_scan_end_ns=1701245233924128082 overlap_duration_ns=245598 scan_index=587,1785256506242286568,false,4639,0.033549,8055247,3409,590,4731,TRACKING,0.738983,436,7066
1766,1.000000,591,sensor_time,/home/letandat/Dev/uav-navigation/src/navigation_estimator/fast_lio_ros/config/mid360_mutual_avoidance_uav1.yaml,ee37646f3b4668f13cad1febce5b79dcaa5f896c91709a9ca80740c72dcb0a3e,3414,591,true,409,1,408,0.997555,0.000000,0.000000,0.002062,true,931,CORRECTED,0.000464,21307,14,0,3,1701245233958129909,0,SUCCEEDED,2336,43842,2,1701245233958129909,152,true,254,324,12,591,LIDAR_CORRECTION_CONVERGED,1785256506302145856,true,18283,0.028630,8055247,3419,591,4731,TRACKING,0.739425,437,25433
358,1.000000,592,sensor_time,/home/letandat/Dev/uav-navigation/src/navigation_estimator/fast_lio_ros/config/mid360_mutual_avoidance_uav1.yaml,ee37646f3b4668f13cad1febce5b79dcaa5f896c91709a9ca80740c72dcb0a3e,3420,592,true,410,1,409,0.997561,0.000000,0.000000,0.002066,true,927,CORRECTED,0.000046,3412,8,0,2,1701245233991323259,0,SUCCEEDED,376,43854,2,1701245233991323259,152,true,133,138,12,592,LIDAR_CORRECTION_CONVERGED,1785256506314949604,true,3037,0.035820,8055247,3421,592,4731,TRACKING,0.739865,438,5162
358,1.000000,593,,/home/letandat/Dev/uav-navigation/src/navigation_estimator/fast_lio_ros/config/mid360_mutual_avoidance_uav1.yaml,ee37646f3b4668f13cad1febce5b79dcaa5f896c91709a9ca80740c72dcb0a3e,3426,593,false,410,1,409,0.997561,0.000000,0.000000,0.002066,true,927,UNAVAILABLE,0.000046,3412,8,0,2,1701245233991323259,1,NOT_ATTEMPTED,376,43854,2,-1,153,false,133,138,12,593,OVERLAPPING_LIDAR_INTERVAL previous_synchronized_end_ns=1701245233991323259 current_scan_start_ns=1701245233991128922 current_scan_end_ns=1701245234023763922 overlap_duration_ns=194337 scan_index=590,1785256506341843384,false,3037,0.035820,8055247,3426,593,4731,TRACKING,0.738617,438,5162
1696,1.000000,594,sensor_time,/home/letandat/Dev/uav-navigation/src/navigation_estimator/fast_lio_ros/config/mid360_mutual_avoidance_uav1.yaml,ee37646f3b4668f13cad1febce5b79dcaa5f896c91709a9ca80740c72dcb0a3e,3432,594,true,411,1,410,0.997567,0.000000,0.000000,0.002061,true,929,CORRECTED,0.000070,20923,13,0,3,1701245234058059719,0,SUCCEEDED,2159,43887,2,1701245234058059719,153,true,221,347,12,594,LIDAR_CORRECTION_CONVERGED,1785256506406138392,true,18110,0.029927,8055247,3437,594,4669,TRACKING,0.739057,439,29515
359,1.000000,595,sensor_time,/home/letandat/Dev/uav-navigation/src/navigation_estimator/fast_lio_ros/config/mid360_mutual_avoidance_uav1.yaml,ee37646f3b4668f13cad1febce5b79dcaa5f896c91709a9ca80740c72dcb0a3e,3438,595,true,412,1,411,0.997573,0.000000,0.000000,0.002064,true,939,CORRECTED,0.000010,5325,8,0,3,1701245234091230181,0,SUCCEEDED,377,43890,2,1701245234091230181,153,true,138,152,12,595,LIDAR_CORRECTION_CONVERGED,1785256506416462362,true,4730,0.032501,8055247,3439,595,4669,TRACKING,0.739496,440,7125
1651,1.000000,596,sensor_time,/home/letandat/Dev/uav-navigation/src/navigation_estimator/fast_lio_ros/config/mid360_mutual_avoidance_uav1.yaml,ee37646f3b4668f13cad1febce5b79dcaa5f896c91709a9ca80740c72dcb0a3e,3443,596,true,413,1,412,0.997579,0.000000,0.000000,0.002058,true,927,CORRECTED,0.000199,19440,8,0,3,1701245234125187423,0,SUCCEEDED,2114,43920,2,1701245234125187423,153,true,135,304,12,596,LIDAR_CORRECTION_CONVERGED,1785256506466553578,true,16809,0.029160,8055247,3448,596,4669,TRACKING,0.739933,441,23195
1651,1.000000,597,,/home/letandat/Dev/uav-navigation/src/navigation_estimator/fast_lio_ros/config/mid360_mutual_avoidance_uav1.yaml,ee37646f3b4668f13cad1febce5b79dcaa5f896c91709a9ca80740c72dcb0a3e,3449,597,false,413,1,412,0.997579,0.000000,0.000000,0.002058,true,927,UNAVAILABLE,0.000199,19440,8,0,3,1701245234125187423,1,NOT_ATTEMPTED,2114,43920,2,-1,154,false,135,304,12,597,OVERLAPPING_LIDAR_INTERVAL previous_synchronized_end_ns=1701245234125187423 current_scan_start_ns=1701245234124974012 current_scan_end_ns=1701245234157609012 overlap_duration_ns=213411 scan_index=594,1785256506475681732,false,16809,0.029160,8055247,3449,597,4669,TRACKING,0.738693,441,23195
353,1.000000,598,sensor_time,/home/letandat/Dev/uav-navigation/src/navigation_estimator/fast_lio_ros/config/mid360_mutual_avoidance_uav1.yaml,ee37646f3b4668f13cad1febce5b79dcaa5f896c91709a9ca80740c72dcb0a3e,3455,598,true,414,1,413,0.997585,0.000000,0.000000,0.002068,true,869,CORRECTED,0.000167,3433,13,0,2,1701245234191783932,0,SUCCEEDED,409,43924,2,1701245234191783932,154,true,205,133,12,598,LIDAR_CORRECTION_CONVERGED,1785256506515277169,true,3072,0.032354,8055247,3456,598,4669,TRACKING,0.739130,442,5216
353,1.000000,599,,/home/letandat/Dev/uav-navigation/src/navigation_estimator/fast_lio_ros/config/mid360_mutual_avoidance_uav1.yaml,ee37646f3b4668f13cad1febce5b79dcaa5f896c91709a9ca80740c72dcb0a3e,3461,599,false,414,1,413,0.997585,0.000000,0.000000,0.002068,true,869,UNAVAILABLE,0.000167,3433,13,0,2,1701245234191783932,1,NOT_ATTEMPTED,409,43924,2,-1,155,false,205,133,12,599,OVERLAPPING_LIDAR_INTERVAL previous_synchronized_end_ns=1701245234191783932 current_scan_start_ns=1701245234191435575 current_scan_end_ns=1701245234224070575 overlap_duration_ns=348357 scan_index=596,1785256506542161708,false,3072,0.032354,8055247,3461,599,4669,TRACKING,0.737896,442,5216
1749,1.000000,600,sensor_time,/home/letandat/Dev/uav-navigation/src/navigation_estimator/fast_lio_ros/config/mid360_mutual_avoidance_uav1.yaml,ee37646f3b4668f13cad1febce5b79dcaa5f896c91709a9ca80740c72dcb0a3e,3467,600,true,415,1,414,0.997590,0.000000,0.000000,0.002061,true,870,CORRECTED,0.000567,19902,14,0,3,1701245234258128431,0,SUCCEEDED,2006,43966,2,1701245234258128431,155,true,236,316,12,600,LIDAR_CORRECTION_CONVERGED,1785256506599984507,true,17173,0.027961,8055247,3471,600,4669,TRACKING,0.738333,443,23587
362,1.000000,601,sensor_time,/home/letandat/Dev/uav-navigation/src/navigation_estimator/fast_lio_ros/config/mid360_mutual_avoidance_uav1.yaml,ee37646f3b4668f13cad1febce5b79dcaa5f896c91709a9ca80740c72dcb0a3e,3473,601,true,416,1,415,0.997596,0.000000,0.000000,0.002065,true,894,CORRECTED,0.000259,3724,8,0,2,1701245234291286495,0,SUCCEEDED,439,43966,2,1701245234291286495,155,true,131,144,12,601,LIDAR_CORRECTION_CONVERGED,1785256506614982958,true,3336,0.034401,8055247,3473,601,4669,TRACKING,0.738769,444,5512
1654,1.000000,602,sensor_time,/home/letandat/Dev/uav-navigation/src/navigation_estimator/fast_lio_ros/config/mid360_mutual_avoidance_uav1.yaml,ee37646f3b4668f13cad1febce5b79dcaa5f896c91709a9ca80740c72dcb0a3e,3478,602,true,417,1,416,0.997602,0.000000,0.000000,0.002059,true,935,CORRECTED,0.000472,19905,8,0,3,1701245234325023201,0,SUCCEEDED,1984,43996,2,1701245234325023201,155,true,138,318,12,602,LIDAR_CORRECTION_CONVERGED,1785256506666920145,true,17209,0.031306,8055247,3482,602,4669,TRACKING,0.739203,445,23510
1749,1.000000,603,sensor_time,/home/letandat/Dev/uav-navigation/src/navigation_estimator/fast_lio_ros/config/mid360_mutual_avoidance_uav1.yaml,ee37646f3b4668f13cad1febce5b79dcaa5f896c91709a9ca80740c72dcb0a3e,3484,603,true,418,1,417,0.997608,0.000000,0.000000,0.002055,true,901,CORRECTED,0.000045,19227,7,0,3,1701245234358083036,0,SUCCEEDED,2125,44038,2,1701245234358083036,155,true,117,316,12,603,LIDAR_CORRECTION_CONVERGED,1785256506699476722,true,16397,0.028089,8055247,3488,603,4669,TRACKING,0.739635,446,23067
429,1.000000,604,sensor_time,/home/letandat/Dev/uav-navigation/src/navigation_estimator/fast_lio_ros/config/mid360_mutual_avoidance_uav1.yaml,ee37646f3b4668f13cad1febce5b79dcaa5f896c91709a9ca80740c72dcb0a3e,3490,604,true,419,1,418,0.997613,0.000000,0.000000,0.002059,true,936,CORRECTED,0.000059,6276,8,0,3,1701245234391253736,0,SUCCEEDED,600,44045,2,1701245234391253736,155,true,132,153,12,604,LIDAR_CORRECTION_CONVERGED,1785256506717804047,true,5603,0.034762,8055247,3491,604,4669,TRACKING,0.740066,447,8295
1570,1.000000,605,sensor_time,/home/letandat/Dev/uav-navigation/src/navigation_estimator/fast_lio_ros/config/mid360_mutual_avoidance_uav1.yaml,ee37646f3b4668f13cad1febce5b79dcaa5f896c91709a9ca80740c72dcb0a3e,3496,605,true,420,1,419,0.997619,0.000000,0.000000,0.002057,true,933,CORRECTED,0.000264,13278,8,0,2,1701245234425274875,0,SUCCEEDED,1923,44078,2,1701245234425274875,155,true,142,310,12,605,LIDAR_CORRECTION_CONVERGED,1785256506760340114,true,11572,0.029790,8055247,3499,605,4669,TRACKING,0.740496,448,16823
1570,1.000000,606,,/home/letandat/Dev/uav-navigation/src/navigation_estimator/fast_lio_ros/config/mid360_mutual_avoidance_uav1.yaml,ee37646f3b4668f13cad1febce5b79dcaa5f896c91709a9ca80740c72dcb0a3e,3501,606,false,420,1,419,0.997619,0.000000,0.000000,0.002057,true,933,UNAVAILABLE,0.000264,13278,8,0,2,1701245234425274875,1,NOT_ATTEMPTED,1923,44078,2,-1,156,false,142,310,12,606,OVERLAPPING_LIDAR_INTERVAL previous_synchronized_end_ns=1701245234425274875 current_scan_start_ns=1701245234424969196 current_scan_end_ns=1701245234457604196 overlap_duration_ns=305679 scan_index=603,1785256506775737721,false,11572,0.029790,8055247,3501,606,4669,TRACKING,0.739274,448,16823
377,1.000000,607,sensor_time,/home/letandat/Dev/uav-navigation/src/navigation_estimator/fast_lio_ros/config/mid360_mutual_avoidance_uav1.yaml,ee37646f3b4668f13cad1febce5b79dcaa5f896c91709a9ca80740c72dcb0a3e,3507,607,true,421,1,420,0.997625,0.000000,0.000000,0.002067,true,940,CORRECTED,0.000078,3861,13,0,2,1701245234491799381,0,SUCCEEDED,470,44083,2,1701245234491799381,156,true,241,169,12,607,LIDAR_CORRECTION_CONVERGED,1785256506821301855,true,3454,0.034254,8055247,3509,607,4934,TRACKING,0.739703,449,10816
377,1.000000,608,,/home/letandat/Dev/uav-navigation/src/navigation_estimator/fast_lio_ros/config/mid360_mutual_avoidance_uav1.yaml,ee37646f3b4668f13cad1febce5b79dcaa5f896c91709a9ca80740c72dcb0a3e,3513,608,false,421,1,420,0.997625,0.000000,0.000000,0.002067,true,940,UNAVAILABLE,0.000078,3861,13,0,2,1701245234491799381,1,NOT_ATTEMPTED,470,44083,2,-1,157,false,241,169,12,608,OVERLAPPING_LIDAR_INTERVAL previous_synchronized_end_ns=1701245234491799381 current_scan_start_ns=1701245234491431475 current_scan_end_ns=1701245234524066475 overlap_duration_ns=367906 scan_index=605,1785256506842163006,false,3454,0.034254,8055247,3513,608,4934,TRACKING,0.738487,449,10816
1841,1.000000,609,sensor_time,/home/letandat/Dev/uav-navigation/src/navigation_estimator/fast_lio_ros/config/mid360_mutual_avoidance_uav1.yaml,ee37646f3b4668f13cad1febce5b79dcaa5f896c91709a9ca80740c72dcb0a3e,3519,609,true,422,1,421,0.997630,0.000000,0.000000,0.002061,true,867,CORRECTED,0.000083,20211,14,0,3,1701245234558119562,0,SUCCEEDED,1998,44124,2,1701245234558119562,157,true,218,320,12,609,LIDAR_CORRECTION_CONVERGED,1785256506900199588,true,17112,0.027058,8055247,3523,609,4934,TRACKING,0.738916,450,23895
427,1.000000,610,sensor_time,/home/letandat/Dev/uav-navigation/src/navigation_estimator/fast_lio_ros/config/mid360_mutual_avoidance_uav1.yaml,ee37646f3b4668f13cad1febce5b79dcaa5f896c91709a9ca80740c72dcb0a3e,3524,610,true,423,1,422,0.997636,0.000000,0.000000,0.002064,true,928,CORRECTED,0.000324,4310,8,0,2,1701245234591355112,0,SUCCEEDED,542,44133,2,1701245234591355112,157,true,136,150,12,610,LIDAR_CORRECTION_CONVERGED,1785256506916158834,true,3854,0.031869,8055247,3526,610,4934,TRACKING,0.739344,451,6448
427,1.000000,611,,/home/letandat/Dev/uav-navigation/src/navigation_estimator/fast_lio_ros/config/mid360_mutual_avoidance_uav1.yaml,ee37646f3b4668f13cad1febce5b79dcaa5f896c91709a9ca80740c72dcb0a3e,3530,611,false,423,1,422,0.997636,0.000000,0.000000,0.002064,true,928,UNAVAILABLE,0.000324,4310,8,0,2,1701245234591355112,1,NOT_ATTEMPTED,542,44133,2,-1,158,false,136,150,12,611,OVERLAPPING_LIDAR_INTERVAL previous_synchronized_end_ns=1701245234591355112 current_scan_start_ns=1701245234591146708 current_scan_end_ns=1701245234623781708 overlap_duration_ns=208404 scan_index=608,1785256506942030819,false,3854,0.031869,8055247,3530,611,4934,TRACKING,0.738134,451,6448
1854,1.000000,612,sensor_time,/home/letandat/Dev/uav-navigation/src/navigation_estimator/fast_lio_ros/config/mid360_mutual_avoidance_uav1.yaml,ee37646f3b4668f13cad1febce5b79dcaa5f896c91709a9ca80740c72dcb0a3e,3536,612,true,424,1,423,0.997642,0.000000,0.000000,0.002059,true,870,CORRECTED,0.000319,20892,13,0,3,1701245234658068922,0,SUCCEEDED,2070,44170,2,1701245234658068922,158,true,244,330,12,612,LIDAR_CORRECTION_CONVERGED,1785256507001035725,true,17486,0.027719,8055247,3540,612,4934,TRACKING,0.738562,452,24707
438,1.000000,613,sensor_time,/home/letandat/Dev/uav-navigation/src/navigation_estimator/fast_lio_ros/config/mid360_mutual_avoidance_uav1.yaml,ee37646f3b4668f13cad1febce5b79dcaa5f896c91709a9ca80740c72dcb0a3e,3542,613,true,425,1,424,0.997647,0.000000,0.000000,0.002063,true,980,CORRECTED,0.000051,6705,8,0,3,1701245234691255119,0,SUCCEEDED,562,44182,2,1701245234691255119,158,true,144,158,12,613,LIDAR_CORRECTION_CONVERGED,1785256507018502318,true,5979,0.037230,8055247,3543,613,4934,TRACKING,0.738989,453,8944
1258,1.000000,614,sensor_time,/home/letandat/Dev/uav-navigation/src/navigation_estimator/fast_lio_ros/config/mid360_mutual_avoidance_uav1.yaml,ee37646f3b4668f13cad1febce5b79dcaa5f896c91709a9ca80740c72dcb0a3e,3548,614,true,426,1,425,0.997653,0.000000,0.000000,0.002059,true,931,CORRECTED,0.000087,17622,8,0,3,1701245234725186613,0,SUCCEEDED,1814,44210,2,1701245234725186613,158,true,145,267,12,614,LIDAR_CORRECTION_CONVERGED,1785256507064478758,true,15413,0.032189,8055247,3551,614,4934,TRACKING,0.739414,454,20990
1258,1.000000,615,,/home/letandat/Dev/uav-navigation/src/navigation_estimator/fast_lio_ros/config/mid360_mutual_avoidance_uav1.yaml,ee37646f3b4668f13cad1febce5b79dcaa5f896c91709a9ca80740c72dcb0a3e,3553,615,false,426,1,425,0.997653,0.000000,0.000000,0.002059,true,931,UNAVAILABLE,0.000087,17622,8,0,3,1701245234725186613,1,NOT_ATTEMPTED,1814,44210,2,-1,159,false,145,267,12,615,OVERLAPPING_LIDAR_INTERVAL previous_synchronized_end_ns=1701245234725186613 current_scan_start_ns=1701245234724769831 current_scan_end_ns=1701245234757404831 overlap_duration_ns=416782 scan_index=612,1785256507075625393,false,15413,0.032189,8055247,3553,615,4934,TRACKING,0.738211,454,20990
516,1.000000,616,sensor_time,/home/letandat/Dev/uav-navigation/src/navigation_estimator/fast_lio_ros/config/mid360_mutual_avoidance_uav1.yaml,ee37646f3b4668f13cad1febce5b79dcaa5f896c91709a9ca80740c72dcb0a3e,3559,616,true,427,1,426,0.997658,0.000000,0.000000,0.002068,true,904,CORRECTED,0.000037,7182,14,0,3,1701245234791788843,0,SUCCEEDED,654,44213,2,1701245234791788843,159,true,240,158,12,616,LIDAR_CORRECTION_CONVERGED,1785256507119447490,true,6380,0.034370,8055247,3561,616,4934,TRACKING,0.738636,455,9333
516,1.000000,617,,/home/letandat/Dev/uav-navigation/src/navigation_estimator/fast_lio_ros/config/mid360_mutual_avoidance_uav1.yaml,ee37646f3b4668f13cad1febce5b79dcaa5f896c91709a9ca80740c72dcb0a3e,3565,617,false,427,1,426,0.997658,0.000000,0.000000,0.002068,true,904,UNAVAILABLE,0.000037,7182,14,0,3,1701245234791788843,1,NOT_ATTEMPTED,654,44213,2,-1,160,false,240,158,12,617,OVERLAPPING_LIDAR_INTERVAL previous_synchronized_end_ns=1701245234791788843 current_scan_start_ns=1701245234791424036 current_scan_end_ns=1701245234824059036 overlap_duration_ns=364807 scan_index=614,1785256507142014120,false,6380,0.034370,8055247,3565,617,4934,TRACKING,0.737439,455,9333
1810,1.000000,618,sensor_time,/home/letandat/Dev/uav-navigation/src/navigation_estimator/fast_lio_ros/config/mid360_mutual_avoidance_uav1.yaml,ee37646f3b4668f13cad1febce5b79dcaa5f896c91709a9ca80740c72dcb0a3e,3571,618,true,428,1,427,0.997664,0.000000,0.000000,0.002061,true,931,CORRECTED,0.000264,19589,13,0,3,1701245234858044174,0,SUCCEEDED,1779,44253,2,1701245234858044174,160,true,221,327,12,618,LIDAR_CORRECTION_CONVERGED,1785256507199457113,true,16321,0.025975,8055247,3575,618,4934,TRACKING,0.737864,456,23131
590,1.000000,619,sensor_time,/home/letandat/Dev/uav-navigation/src/navigation_estimator/fast_lio_ros/config/mid360_mutual_avoidance_uav1.yaml,ee37646f3b4668f13cad1febce5b79dcaa5f896c91709a9ca80740c72dcb0a3e,3576,619,true,429,1,428,0.997669,0.000000,0.000000,0.002063,true,874,CORRECTED,0.000011,8666,8,0,3,1701245234891287830,0,SUCCEEDED,819,44263,2,1701245234891287830,160,true,128,195,12,619,LIDAR_CORRECTION_CONVERGED,1785256507220533709,true,7707,0.036785,8055247,3578,619,4934,TRACKING,0.738288,457,10917
1138,1.000000,620,sensor_time,/home/letandat/Dev/uav-navigation/src/navigation_estimator/fast_lio_ros/config/mid360_mutual_avoidance_uav1.yaml,ee37646f3b4668f13cad1febce5b79dcaa5f896c91709a9ca80740c72dcb0a3e,3582,620,true,430,1,429,0.997674,0.000000,0.000000,0.002060,true,872,CORRECTED,0.000353,16251,8,0,3,1701245234925090339,0,SUCCEEDED,1896,44294,2,1701245234925090339,160,true,140,248,12,620,LIDAR_CORRECTION_CONVERGED,1785256507263129606,true,14325,0.035520,8055247,3586,620,4934,TRACKING,0.738710,458,19641
1713,1.000000,621,sensor_time,/home/letandat/Dev/uav-navigation/src/navigation_estimator/fast_lio_ros/config/mid360_mutual_avoidance_uav1.yaml,ee37646f3b4668f13cad1febce5b79dcaa5f896c91709a9ca80740c72dcb0a3e,3588,621,true,431,1,430,0.997680,0.000000,0.000000,0.002056,true,944,CORRECTED,0.000166,18782,7,0,3,1701245234958052185,0,SUCCEEDED,1848,44323,2,1701245234958052185,160,true,123,328,12,621,LIDAR_CORRECTION_CONVERGED,1785256507304265402,true,15838,0.026243,8055247,3593,621,5149,TRACKING,0.739130,459,27496
722,1.000000,622,sensor_time,/home/letandat/Dev/uav-navigation/src/navigation_estimator/fast_lio_ros/config/mid360_mutual_avoidance_uav1.yaml,ee37646f3b4668f13cad1febce5b79dcaa5f896c91709a9ca80740c72dcb0a3e,3594,622,true,432,1,431,0.997685,0.000000,0.000000,0.002058,true,991,CORRECTED,0.000042,11513,8,0,3,1701245234991254833,0,SUCCEEDED,1140,44339,2,1701245234991254833,160,true,157,204,12,622,LIDAR_CORRECTION_CONVERGED,1785256507323718806,true,10261,0.035223,8055247,3597,622,5149,TRACKING,0.739550,460,14230
1081,1.000000,623,sensor_time,/home/letandat/Dev/uav-navigation/src/navigation_estimator/fast_lio_ros/config/mid360_mutual_avoidance_uav1.yaml,ee37646f3b4668f13cad1febce5b79dcaa5f896c91709a9ca80740c72dcb0a3e,3600,623,true,433,1,432,0.997691,0.000000,0.000000,0.002059,true,934,CORRECTED,0.000145,14938,8,0,3,1701245235025350597,0,SUCCEEDED,1569,44362,2,1701245235025350597,160,true,144,252,12,623,LIDAR_CORRECTION_CONVERGED,1785256507361617368,true,13183,0.033955,8055247,3603,623,5149,TRACKING,0.739968,461,18036
1081,1.000000,624,,/home/letandat/Dev/uav-navigation/src/navigation_estimator/fast_lio_ros/config/mid360_mutual_avoidance_uav1.yaml,ee37646f3b4668f13cad1febce5b79dcaa5f896c91709a9ca80740c72dcb0a3e,3606,624,false,433,1,432,0.997691,0.000000,0.000000,0.002059,true,934,UNAVAILABLE,0.000145,14938,8,0,3,1701245235025350597,1,NOT_ATTEMPTED,1569,44362,2,-1,161,false,144,252,12,624,OVERLAPPING_LIDAR_INTERVAL previous_synchronized_end_ns=1701245235025350597 current_scan_start_ns=1701245235024963379 current_scan_end_ns=1701245235057598379 overlap_duration_ns=387218 scan_index=621,1785256507375731915,false,13183,0.033955,8055247,3606,624,5149,TRACKING,0.738782,461,18036
789,1.000000,625,sensor_time,/home/letandat/Dev/uav-navigation/src/navigation_estimator/fast_lio_ros/config/mid360_mutual_avoidance_uav1.yaml,ee37646f3b4668f13cad1febce5b79dcaa5f896c91709a9ca80740c72dcb0a3e,3611,625,true,434,1,433,0.997696,0.000000,0.000000,0.002066,true,896,CORRECTED,0.000152,10801,14,0,3,1701245235091777590,0,SUCCEEDED,1116,44380,2,1701245235091777590,161,true,265,193,12,625,LIDAR_CORRECTION_CONVERGED,1785256507423483855,true,9564,0.034932,8055247,3614,625,5149,TRACKING,0.739200,462,13457
789,1.000000,626,,/home/letandat/Dev/uav-navigation/src/navigation_estimator/fast_lio_ros/config/mid360_mutual_avoidance_uav1.yaml,ee37646f3b4668f13cad1febce5b79dcaa5f896c91709a9ca80740c72dcb0a3e,3617,626,false,434,1,433,0.997696,0.000000,0.000000,0.002066,true,896,UNAVAILABLE,0.000152,10801,14,0,3,1701245235091777590,1,NOT_ATTEMPTED,1116,44380,2,-1,162,false,265,193,12,626,OVERLAPPING_LIDAR_INTERVAL previous_synchronized_end_ns=1701245235091777590 current_scan_start_ns=1701245235091467857 current_scan_end_ns=1701245235124102857 overlap_duration_ns=309733 scan_index=623,1785256507442381685,false,9564,0.034932,8055247,3617,626,5149,TRACKING,0.738019,462,13457
1685,1.000000,627,sensor_time,/home/letandat/Dev/uav-navigation/src/navigation_estimator/fast_lio_ros/config/mid360_mutual_avoidance_uav1.yaml,ee37646f3b4668f13cad1febce5b79dcaa5f896c91709a9ca80740c72dcb0a3e,3623,627,true,435,1,434,0.997701,0.000000,0.000000,0.002061,true,890,CORRECTED,0.000269,17551,13,0,3,1701245235158119228,0,SUCCEEDED,1485,44408,2,1701245235158119228,162,true,211,331,12,627,LIDAR_CORRECTION_CONVERGED,1785256507497276734,true,14884,0.025285,8055247,3626,627,5149,TRACKING,0.738437,463,20773
852,1.000000,628,sensor_time,/home/letandat/Dev/uav-navigation/src/navigation_estimator/fast_lio_ros/config/mid360_mutual_avoidance_uav1.yaml,ee37646f3b4668f13cad1febce5b79dcaa5f896c91709a9ca80740c72dcb0a3e,3629,628,true,436,1,435,0.997706,0.000000,0.000000,0.002061,true,1043,CORRECTED,0.000476,8774,8,0,2,1701245235191294697,0,SUCCEEDED,1389,44430,2,1701245235191294697,162,true,134,354,12,628,LIDAR_CORRECTION_CONVERGED,1785256507521525135,true,7852,0.036869,8055247,3631,628,5149,TRACKING,0.738854,464,12036
852,1.000000,629,,/home/letandat/Dev/uav-navigation/src/navigation_estimator/fast_lio_ros/config/mid360_mutual_avoidance_uav1.yaml,ee37646f3b4668f13cad1febce5b79dcaa5f896c91709a9ca80740c72dcb0a3e,3634,629,false,436,1,435,0.997706,0.000000,0.000000,0.002061,true,1043,UNAVAILABLE,0.000476,8774,8,0,2,1701245235191294697,1,NOT_ATTEMPTED,1389,44430,2,-1,163,false,134,354,12,629,OVERLAPPING_LIDAR_INTERVAL previous_synchronized_end_ns=1701245235191294697 current_scan_start_ns=1701245235191116810 current_scan_end_ns=1701245235223751810 overlap_duration_ns=177887 scan_index=626,1785256507541927121,false,7852,0.036869,8055247,3634,629,5149,TRACKING,0.737679,464,12036
1703,1.000000,630,sensor_time,/home/letandat/Dev/uav-navigation/src/navigation_estimator/fast_lio_ros/config/mid360_mutual_avoidance_uav1.yaml,ee37646f3b4668f13cad1febce5b79dcaa5f896c91709a9ca80740c72dcb0a3e,3640,630,true,437,1,436,0.997712,0.000000,0.000000,0.002060,true,901,CORRECTED,0.000137,18180,13,0,3,1701245235258070972,0,SUCCEEDED,1519,44455,2,1701245235258070972,163,true,256,295,12,630,LIDAR_CORRECTION_CONVERGED,1785256507597917598,true,15355,0.026035,8055247,3644,630,5149,TRACKING,0.738095,465,21431
989,1.000000,631,sensor_time,/home/letandat/Dev/uav-navigation/src/navigation_estimator/fast_lio_ros/config/mid360_mutual_avoidance_uav1.yaml,ee37646f3b4668f13cad1febce5b79dcaa5f896c91709a9ca80740c72dcb0a3e,3646,631,true,438,1,437,0.997717,0.000000,0.000000,0.002059,true,935,CORRECTED,0.000269,14286,8,0,3,1701245235291214493,0,SUCCEEDED,1389,44489,2,1701245235291214493,163,true,138,243,12,631,LIDAR_CORRECTION_CONVERGED,1785256507626761268,true,12660,0.036552,8055247,3649,631,5149,TRACKING,0.738510,466,17244
800,1.000000,632,sensor_time,/home/letandat/Dev/uav-navigation/src/navigation_estimator/fast_lio_ros/config/mid360_mutual_avoidance_uav1.yaml,ee37646f3b4668f13cad1febce5b79dcaa5f896c91709a9ca80740c72dcb0a3e,3652,632,true,439,1,438,0.997722,0.000000,0.000000,0.002061,true,870,CORRECTED,0.000118,11703,8,0,3,1701245235325191047,0,SUCCEEDED,1334,44516,2,1701245235325191047,163,true,140,218,12,632,LIDAR_CORRECTION_CONVERGED,1785256507658015516,true,10342,0.035350,8055247,3654,632,5149,TRACKING,0.738924,467,14458
800,1.000000,633,,/home/letandat/Dev/uav-navigation/src/navigation_estimator/fast_lio_ros/config/mid360_mutual_avoidance_uav1.yaml,ee37646f3b4668f13cad1febce5b79dcaa5f896c91709a9ca80740c72dcb0a3e,3658,633,false,439,1,438,0.997722,0.000000,0.000000,0.002061,true,870,UNAVAILABLE,0.000118,11703,8,0,3,1701245235325191047,1,NOT_ATTEMPTED,1334,44516,2,-1,164,false,140,218,12,633,OVERLAPPING_LIDAR_INTERVAL previous_synchronized_end_ns=1701245235325191047 current_scan_start_ns=1701245235324970961 current_scan_end_ns=1701245235357605961 overlap_duration_ns=220086 scan_index=630,1785256507675738405,false,10342,0.035350,8055247,3658,633,5149,TRACKING,0.737757,467,14458
994,1.000000,634,sensor_time,/home/letandat/Dev/uav-navigation/src/navigation_estimator/fast_lio_ros/config/mid360_mutual_avoidance_uav1.yaml,ee37646f3b4668f13cad1febce5b79dcaa5f896c91709a9ca80740c72dcb0a3e,3663,634,true,440,1,439,0.997727,0.000000,0.000000,0.002065,true,1710,CORRECTED,0.000231,15457,14,0,3,1701245235391766336,0,SUCCEEDED,1516,44539,2,1701245235391766336,164,true,330,330,12,634,LIDAR_CORRECTION_CONVERGED,1785256507729422647,true,13814,0.032935,8055247,3667,634,5149,TRACKING,0.738170,468,19577
994,1.000000,635,,/home/letandat/Dev/uav-navigation/src/navigation_estimator/fast_lio_ros/config/mid360_mutual_avoidance_uav1.yaml,ee37646f3b4668f13cad1febce5b79dcaa5f896c91709a9ca80740c72dcb0a3e,3669,635,false,440,1,439,0.997727,0.000000,0.000000,0.002065,true,1710,UNAVAILABLE,0.000231,15457,14,0,3,1701245235391766336,1,NOT_ATTEMPTED,1516,44539,2,-1,165,false,330,330,12,635,OVERLAPPING_LIDAR_INTERVAL previous_synchronized_end_ns=1701245235391766336 current_scan_start_ns=1701245235391420841 current_scan_end_ns=1701245235424055841 overlap_duration_ns=345495 scan_index=632,1785256507742150990,false,13814,0.032935,8055247,3669,635,5149,TRACKING,0.737008,468,19577
1752,1.000000,636,sensor_time,/home/letandat/Dev/uav-navigation/src/navigation_estimator/fast_lio_ros/config/mid360_mutual_avoidance_uav1.yaml,ee37646f3b4668f13cad1febce5b79dcaa5f896c91709a9ca80740c72dcb0a3e,3675,636,true,441,1,440,0.997732,0.000000,0.000000,0.002060,true,929,CORRECTED,0.000199,18508,13,0,3,1701245235458116558,0,SUCCEEDED,1807,44586,2,1701245235458116558,165,true,234,309,12,636,LIDAR_CORRECTION_CONVERGED,1785256507803727710,true,15661,0.025376,8055247,3680,636,5094,TRACKING,0.737421,469,27186
1131,1.000000,637,sensor_time,/home/letandat/Dev/uav-navigation/src/navigation_estimator/fast_lio_ros/config/mid360_mutual_avoidance_uav1.yaml,ee37646f3b4668f13cad1febce5b79dcaa5f896c91709a9ca80740c72dcb0a3e,3681,637,true,442,1,441,0.997738,0.000000,0.000000,0.002058,true,930,CORRECTED,0.000060,16521,8,0,3,1701245235491319444,0,SUCCEEDED,1829,44620,2,1701245235491319444,165,true,133,273,12,637,LIDAR_CORRECTION_CONVERGED,1785256507829648381,true,14571,0.034531,8055247,3684,637,5094,TRACKING,0.737834,470,19985
615,1.000000,638,sensor_time,/home/letandat/Dev/uav-navigation/src/navigation_estimator/fast_lio_ros/config/mid360_mutual_avoidance_uav1.yaml,ee37646f3b4668f13cad1febce5b79dcaa5f896c91709a9ca80740c72dcb0a3e,3686,638,true,443,1,442,0.997743,0.000000,0.000000,0.002061,true,870,CORRECTED,0.000148,9065,8,0,3,1701245235525067833,0,SUCCEEDED,921,44628,2,1701245235525067833,165,true,130,193,12,638,LIDAR_CORRECTION_CONVERGED,1785256507854903350,true,8081,0.035230,8055247,3689,638,5094,TRACKING,0.738245,471,11346
1754,1.000000,639,sensor_time,/home/letandat/Dev/uav-navigation/src/navigation_estimator/fast_lio_ros/config/mid360_mutual_avoidance_uav1.yaml,ee37646f3b4668f13cad1febce5b79dcaa5f896c91709a9ca80740c72dcb0a3e,3692,639,true,444,1,443,0.997748,0.000000,0.000000,0.002056,true,871,CORRECTED,0.000115,17550,8,0,3,1701245235558066395,0,SUCCEEDED,1803,44661,2,1701245235558066395,165,true,129,323,12,639,LIDAR_CORRECTION_CONVERGED,1785256507897508095,true,14750,0.024942,8055247,3696,639,5094,TRACKING,0.738654,472,21042
1174,1.000000,640,sensor_time,/home/letandat/Dev/uav-navigation/src/navigation_estimator/fast_lio_ros/config/mid360_mutual_avoidance_uav1.yaml,ee37646f3b4668f13cad1febce5b79dcaa5f896c91709a9ca80740c72dcb0a3e,3698,640,true,445,1,444,0.997753,0.000000,0.000000,0.002056,true,863,CORRECTED,0.000222,16054,7,0,3,1701245235591254499,0,SUCCEEDED,2029,44686,2,1701245235591254499,165,true,112,257,12,640,LIDAR_CORRECTION_CONVERGED,1785256507929286071,true,14117,0.035917,8055247,3701,640,5094,TRACKING,0.739062,473,19594
606,1.000000,641,sensor_time,/home/letandat/Dev/uav-navigation/src/navigation_estimator/fast_lio_ros/config/mid360_mutual_avoidance_uav1.yaml,ee37646f3b4668f13cad1febce5b79dcaa5f896c91709a9ca80740c72dcb0a3e,3704,641,true,446,1,445,0.997758,0.000000,0.000000,0.002059,true,931,CORRECTED,0.000045,8744,8,0,3,1701245235625252273,0,SUCCEEDED,764,44696,2,1701245235625252273,165,true,145,202,12,641,LIDAR_CORRECTION_CONVERGED,1785256507954391255,true,7715,0.035126,8055247,3706,641,5094,TRACKING,0.739470,474,10961
606,1.000000,642,,/home/letandat/Dev/uav-navigation/src/navigation_estimator/fast_lio_ros/config/mid360_mutual_avoidance_uav1.yaml,ee37646f3b4668f13cad1febce5b79dcaa5f896c91709a9ca80740c72dcb0a3e,3710,642,false,446,1,445,0.997758,0.000000,0.000000,0.002059,true,931,UNAVAILABLE,0.000045,8744,8,0,3,1701245235625252273,1,NOT_ATTEMPTED,764,44696,2,-1,166,false,145,202,12,642,OVERLAPPING_LIDAR_INTERVAL previous_synchronized_end_ns=1701245235625252273 current_scan_start_ns=1701245235624880075 current_scan_end_ns=1701245235657515075 overlap_duration_ns=372198 scan_index=639,1785256507975576640,false,7715,0.035126,8055247,3710,642,5094,TRACKING,0.738318,474,10961
1238,1.000000,643,sensor_time,/home/letandat/Dev/uav-navigation/src/navigation_estimator/fast_lio_ros/config/mid360_mutual_avoidance_uav1.yaml,ee37646f3b4668f13cad1febce5b79dcaa5f896c91709a9ca80740c72dcb0a3e,3716,643,true,447,1,446,0.997763,0.000000,0.000000,0.002062,true,1760,CORRECTED,0.000192,18577,14,0,3,1701245235691737201,0,SUCCEEDED,1878,44725,2,1701245235691737201,166,true,328,340,12,643,LIDAR_CORRECTION_CONVERGED,1785256508033150068,true,16558,0.034984,8055247,3719,643,5094,TRACKING,0.738725,475,23112
1238,1.000000,644,,/home/letandat/Dev/uav-navigation/src/navigation_estimator/fast_lio_ros/config/mid360_mutual_avoidance_uav1.yaml,ee37646f3b4668f13cad1febce5b79dcaa5f896c91709a9ca80740c72dcb0a3e,3721,644,false,447,1,446,0.997763,0.000000,0.000000,0.002062,true,1760,UNAVAILABLE,0.000192,18577,14,0,3,1701245235691737201,1,NOT_ATTEMPTED,1878,44725,2,-1,167,false,328,340,12,644,OVERLAPPING_LIDAR_INTERVAL previous_synchronized_end_ns=1701245235691737201 current_scan_start_ns=1701245235691435814 current_scan_end_ns=1701245235724070814 overlap_duration_ns=301387 scan_index=641,1785256508042475528,false,16558,0.034984,8055247,3721,644,5094,TRACKING,0.737578,475,23112
1719,1.000000,645,sensor_time,/home/letandat/Dev/uav-navigation/src/navigation_estimator/fast_lio_ros/config/mid360_mutual_avoidance_uav1.yaml,ee37646f3b4668f13cad1febce5b79dcaa5f896c91709a9ca80740c72dcb0a3e,3727,645,true,448,1,447,0.997768,0.000000,0.000000,0.002059,true,872,CORRECTED,0.000116,18064,13,0,3,1701245235758119610,0,SUCCEEDED,1814,44754,2,1701245235758119610,167,true,217,318,12,645,LIDAR_CORRECTION_CONVERGED,1785256508098290082,true,15304,0.026957,8055247,3731,645,5094,TRACKING,0.737984,476,21607
1329,1.000000,646,sensor_time,/home/letandat/Dev/uav-navigation/src/navigation_estimator/fast_lio_ros/config/mid360_mutual_avoidance_uav1.yaml,ee37646f3b4668f13cad1febce5b79dcaa5f896c91709a9ca80740c72dcb0a3e,3733,646,true,449,1,448,0.997773,0.000000,0.000000,0.002057,true,866,CORRECTED,0.000103,18524,8,0,3,1701245235791302469,0,SUCCEEDED,1993,44783,2,1701245235791302469,167,true,124,273,12,646,LIDAR_CORRECTION_CONVERGED,1785256508131833328,true,16348,0.032235,8055247,3737,646,5094,TRACKING,0.738390,477,22090
454,1.000000,647,sensor_time,/home/letandat/Dev/uav-navigation/src/navigation_estimator/fast_lio_ros/config/mid360_mutual_avoidance_uav1.yaml,ee37646f3b4668f13cad1febce5b79dcaa5f896c91709a9ca80740c72dcb0a3e,3739,647,true,450,1,449,0.997778,0.000000,0.000000,0.002061,true,866,CORRECTED,0.000007,6576,8,0,3,1701245235825036314,0,SUCCEEDED,538,44788,2,1701245235825036314,167,true,127,185,12,647,LIDAR_CORRECTION_CONVERGED,1785256508151857601,true,5888,0.032844,8055247,3740,647,5094,TRACKING,0.738794,478,8473
1690,1.000000,648,sensor_time,/home/letandat/Dev/uav-navigation/src/navigation_estimator/fast_lio_ros/config/mid360_mutual_avoidance_uav1.yaml,ee37646f3b4668f13cad1febce5b79dcaa5f896c91709a9ca80740c72dcb0a3e,3744,648,true,451,1,450,0.997783,0.000000,0.000000,0.002056,true,879,CORRECTED,0.000051,18292,8,0,3,1701245235858072546,0,SUCCEEDED,1914,44823,2,1701245235858072546,167,true,130,295,12,648,LIDAR_CORRECTION_CONVERGED,1785256508203572087,true,15544,0.027683,8055247,3749,648,4815,TRACKING,0.739198,479,26603
1451,1.000000,649,sensor_time,/home/letandat/Dev/uav-navigation/src/navigation_estimator/fast_lio_ros/config/mid360_mutual_avoidance_uav1.yaml,ee37646f3b4668f13cad1febce5b79dcaa5f896c91709a9ca80740c72dcb0a3e,3750,649,true,452,1,451,0.997788,0.000000,0.000000,0.002055,true,891,CORRECTED,0.000129,19050,7,0,3,1701245235891244200,0,SUCCEEDED,2061,44855,2,1701245235891244200,167,true,109,300,12,649,LIDAR_CORRECTION_CONVERGED,1785256508232451409,true,16674,0.033223,8055247,3754,649,4815,TRACKING,0.739599,480,22741
458,1.000000,650,sensor_time,/home/letandat/Dev/uav-navigation/src/navigation_estimator/fast_lio_ros/config/mid360_mutual_avoidance_uav1.yaml,ee37646f3b4668f13cad1febce5b79dcaa5f896c91709a9ca80740c72dcb0a3e,3756,650,true,453,1,452,0.997792,0.000000,0.000000,0.002060,true,867,CORRECTED,0.000000,6261,8,0,3,1701245235925188568,0,SUCCEEDED,506,44858,2,1701245235925188568,167,true,130,148,12,650,LIDAR_CORRECTION_CONVERGED,1785256508251639703,true,5581,0.033607,8055247,3758,650,4815,TRACKING,0.740000,481,8068
458,1.000000,651,,/home/letandat/Dev/uav-navigation/src/navigation_estimator/fast_lio_ros/config/mid360_mutual_avoidance_uav1.yaml,ee37646f3b4668f13cad1febce5b79dcaa5f896c91709a9ca80740c72dcb0a3e,3762,651,false,453,1,452,0.997792,0.000000,0.000000,0.002060,true,867,UNAVAILABLE,0.000000,6261,8,0,3,1701245235925188568,1,NOT_ATTEMPTED,506,44858,2,-1,168,false,130,148,12,651,OVERLAPPING_LIDAR_INTERVAL previous_synchronized_end_ns=1701245235925188568 current_scan_start_ns=1701245235925089121 current_scan_end_ns=1701245235957724121 overlap_duration_ns=99447 scan_index=648,1785256508275969747,false,5581,0.033607,8055247,3762,651,4815,TRACKING,0.738863,481,8068
1457,1.000000,652,sensor_time,/home/letandat/Dev/uav-navigation/src/navigation_estimator/fast_lio_ros/config/mid360_mutual_avoidance_uav1.yaml,ee37646f3b4668f13cad1febce5b79dcaa5f896c91709a9ca80740c72dcb0a3e,3768,652,true,454,1,453,0.997797,0.000000,0.000000,0.002060,true,1776,CORRECTED,0.000428,12908,14,0,2,1701245235991763380,0,SUCCEEDED,1886,44885,2,1701245235991763380,168,true,350,394,12,652,LIDAR_CORRECTION_CONVERGED,1785256508327536682,true,11363,0.030829,8055247,3771,652,4815,TRACKING,0.739264,482,17568
1457,1.000000,653,,/home/letandat/Dev/uav-navigation/src/navigation_estimator/fast_lio_ros/config/mid360_mutual_avoidance_uav1.yaml,ee37646f3b4668f13cad1febce5b79dcaa5f896c91709a9ca80740c72dcb0a3e,3773,653,false,454,1,453,0.997797,0.000000,0.000000,0.002060,true,1776,UNAVAILABLE,0.000428,12908,14,0,2,1701245235991763380,1,NOT_ATTEMPTED,1886,44885,2,-1,169,false,350,394,12,653,OVERLAPPING_LIDAR_INTERVAL previous_synchronized_end_ns=1701245235991763380 current_scan_start_ns=1701245235991413593 current_scan_end_ns=1701245236024048593 overlap_duration_ns=349787 scan_index=650,1785256508342385624,false,11363,0.030829,8055247,3773,653,4815,TRACKING,0.738132,482,17568
1752,1.000000,654,sensor_time,/home/letandat/Dev/uav-navigation/src/navigation_estimator/fast_lio_ros/config/mid360_mutual_avoidance_uav1.yaml,ee37646f3b4668f13cad1febce5b79dcaa5f896c91709a9ca80740c72dcb0a3e,3779,654,true,455,1,454,0.997802,0.000000,0.000000,0.002058,true,875,CORRECTED,0.000365,19618,13,0,3,1701245236058125999,0,SUCCEEDED,1920,44908,2,1701245236058125999,169,true,216,311,12,654,LIDAR_CORRECTION_CONVERGED,1785256508399902339,true,16802,0.027455,8055247,3783,654,4815,TRACKING,0.738532,483,23248
1643,1.000000,655,sensor_time,/home/letandat/Dev/uav-navigation/src/navigation_estimator/fast_lio_ros/config/mid360_mutual_avoidance_uav1.yaml,ee37646f3b4668f13cad1febce5b79dcaa5f896c91709a9ca80740c72dcb0a3e,3785,655,true,456,1,455,0.997807,0.000000,0.000000,0.002055,true,926,CORRECTED,0.000343,21207,8,0,3,1701245236091306474,0,SUCCEEDED,2266,44942,2,1701245236091306474,169,true,159,316,12,655,LIDAR_CORRECTION_CONVERGED,1785256508434803915,true,18391,0.032189,8055247,3789,655,4815,TRACKING,0.738931,484,25223
378,1.000000,656,sensor_time,/home/letandat/Dev/uav-navigation/src/navigation_estimator/fast_lio_ros/config/mid360_mutual_avoidance_uav1.yaml,ee37646f3b4668f13cad1febce5b79dcaa5f896c91709a9ca80740c72dcb0a3e,3791,656,true,457,1,456,0.997812,0.000000,0.000000,0.002059,true,912,CORRECTED,0.000094,5543,8,0,3,1701245236125037220,0,SUCCEEDED,365,44946,2,1701245236125037220,169,true,132,141,12,656,LIDAR_CORRECTION_CONVERGED,1785256508450612382,true,4942,0.033921,8055247,3792,656,4815,TRACKING,0.739329,485,7280
1765,1.000000,657,sensor_time,/home/letandat/Dev/uav-navigation/src/navigation_estimator/fast_lio_ros/config/mid360_mutual_avoidance_uav1.yaml,ee37646f3b4668f13cad1febce5b79dcaa5f896c91709a9ca80740c72dcb0a3e,3797,657,true,458,1,457,0.997817,0.000000,0.000000,0.002055,true,872,CORRECTED,0.000094,22510,8,0,3,1701245236158060577,0,SUCCEEDED,1945,44965,2,1701245236158060577,169,true,130,330,12,657,LIDAR_CORRECTION_CONVERGED,1785256508502666885,true,19091,0.027007,8055247,3801,657,4815,TRACKING,0.739726,486,26180
1633,1.000000,658,sensor_time,/home/letandat/Dev/uav-navigation/src/navigation_estimator/fast_lio_ros/config/mid360_mutual_avoidance_uav1.yaml,ee37646f3b4668f13cad1febce5b79dcaa5f896c91709a9ca80740c72dcb0a3e,3802,658,true,459,1,458,0.997821,0.000000,0.000000,0.002053,true,872,CORRECTED,0.000091,12625,7,0,2,1701245236191243198,0,SUCCEEDED,1979,45007,2,1701245236191243198,169,true,110,299,12,658,LIDAR_CORRECTION_CONVERGED,1785256508526072321,true,10945,0.028809,8055247,3805,658,4815,TRACKING,0.740122,487,16250
346,1.000000,659,sensor_time,/home/letandat/Dev/uav-navigation/src/navigation_estimator/fast_lio_ros/config/mid360_mutual_avoidance_uav1.yaml,ee37646f3b4668f13cad1febce5b79dcaa5f896c91709a9ca80740c72dcb0a3e,3808,659,true,460,1,459,0.997826,0.000000,0.000000,0.002058,true,885,CORRECTED,0.000043,5003,8,0,3,1701245236225258615,0,SUCCEEDED,369,45010,2,1701245236225258615,169,true,123,137,12,659,LIDAR_CORRECTION_CONVERGED,1785256508550295990,true,4475,0.034743,8055247,3809,659,4815,TRACKING,0.740516,488,6666
346,1.000000,660,,/home/letandat/Dev/uav-navigation/src/navigation_estimator/fast_lio_ros/config/mid360_mutual_avoidance_uav1.yaml,ee37646f3b4668f13cad1febce5b79dcaa5f896c91709a9ca80740c72dcb0a3e,3814,660,false,460,1,459,0.997826,0.000000,0.000000,0.002058,true,885,UNAVAILABLE,0.000043,5003,8,0,3,1701245236225258615,1,NOT_ATTEMPTED,369,45010,2,-1,170,false,123,137,12,660,OVERLAPPING_LIDAR_INTERVAL previous_synchronized_end_ns=1701245236225258615 current_scan_start_ns=1701245236224951744 current_scan_end_ns=1701245236257586744 overlap_duration_ns=306871 scan_index=657,1785256508576231920,false,4475,0.034743,8055247,3814,660,4815,TRACKING,0.739394,488,6666
1628,1.000000,661,sensor_time,/home/letandat/Dev/uav-navigation/src/navigation_estimator/fast_lio_ros/config/mid360_mutual_avoidance_uav1.yaml,ee37646f3b4668f13cad1febce5b79dcaa5f896c91709a9ca80740c72dcb0a3e,3820,661,true,461,1,460,0.997831,0.000000,0.000000,0.002058,true,857,CORRECTED,0.000076,18833,14,0,3,1701245236291743305,0,SUCCEEDED,1903,45038,2,1701245236291743305,170,true,237,304,12,661,LIDAR_CORRECTION_CONVERGED,1785256508637414499,true,16315,0.027389,8055247,3824,661,4448,TRACKING,0.739788,489,26816
1628,1.000000,662,,/home/letandat/Dev/uav-navigation/src/navigation_estimator/fast_lio_ros/config/mid360_mutual_avoidance_uav1.yaml,ee37646f3b4668f13cad1febce5b79dcaa5f896c91709a9ca80740c72dcb0a3e,3825,662,false,461,1,460,0.997831,0.000000,0.000000,0.002058,true,857,UNAVAILABLE,0.000076,18833,14,0,3,1701245236291743305,1,NOT_ATTEMPTED,1903,45038,2,-1,171,false,237,304,12,662,OVERLAPPING_LIDAR_INTERVAL previous_synchronized_end_ns=1701245236291743305 current_scan_start_ns=1701245236291427851 current_scan_end_ns=1701245236324062851 overlap_duration_ns=315454 scan_index=659,1785256508642261476,false,16315,0.027389,8055247,3826,662,4448,TRACKING,0.738671,489,26816
1754,1.000000,663,sensor_time,/home/letandat/Dev/uav-navigation/src/navigation_estimator/fast_lio_ros/config/mid360_mutual_avoidance_uav1.yaml,ee37646f3b4668f13cad1febce5b79dcaa5f896c91709a9ca80740c72dcb0a3e,3831,663,true,462,1,461,0.997835,0.000000,0.000000,0.002058,true,872,CORRECTED,0.000141,20717,13,0,3,1701245236358092811,0,SUCCEEDED,2090,45065,2,1701245236358092811,171,true,209,327,12,663,LIDAR_CORRECTION_CONVERGED,1785256508701143597,true,17802,0.027974,8055247,3836,663,4448,TRACKING,0.739065,490,24580
1625,1.000000,664,sensor_time,/home/letandat/Dev/uav-navigation/src/navigation_estimator/fast_lio_ros/config/mid360_mutual_avoidance_uav1.yaml,ee37646f3b4668f13cad1febce5b79dcaa5f896c91709a9ca80740c72dcb0a3e,3837,664,true,463,1,462,0.997840,0.000000,0.000000,0.002055,true,915,CORRECTED,0.000067,20071,8,0,3,1701245236391293791,0,SUCCEEDED,2152,45101,2,1701245236391293791,171,true,126,304,12,664,LIDAR_CORRECTION_CONVERGED,1785256508733699932,true,17397,0.029596,8055247,3841,664,4448,TRACKING,0.739458,491,23889
1625,1.000000,665,,/home/letandat/Dev/uav-navigation/src/navigation_estimator/fast_lio_ros/config/mid360_mutual_avoidance_uav1.yaml,ee37646f3b4668f13cad1febce5b79dcaa5f896c91709a9ca80740c72dcb0a3e,3843,665,false,463,1,462,0.997840,0.000000,0.000000,0.002055,true,915,UNAVAILABLE,0.000067,20071,8,0,3,1701245236391293791,1,NOT_ATTEMPTED,2152,45101,2,-1,172,false,126,304,12,665,OVERLAPPING_LIDAR_INTERVAL previous_synchronized_end_ns=1701245236391293791 current_scan_start_ns=1701245236391083956 current_scan_end_ns=1701245236423718956 overlap_duration_ns=209835 scan_index=662,1785256508742288896,false,17397,0.029596,8055247,3843,665,4448,TRACKING,0.738346,491,23889
1744,1.000000,666,sensor_time,/home/letandat/Dev/uav-navigation/src/navigation_estimator/fast_lio_ros/config/mid360_mutual_avoidance_uav1.yaml,ee37646f3b4668f13cad1febce5b79dcaa5f896c91709a9ca80740c72dcb0a3e,3848,666,true,464,1,463,0.997845,0.000000,0.000000,0.002056,true,925,CORRECTED,0.000584,15813,14,0,2,1701245236458065059,0,SUCCEEDED,2257,45137,2,1701245236458065059,172,true,242,329,12,666,LIDAR_CORRECTION_CONVERGED,1785256508796289093,true,13214,0.028133,8055247,3852,666,4448,TRACKING,0.738739,492,19934
1667,1.000000,667,sensor_time,/home/letandat/Dev/uav-navigation/src/navigation_estimator/fast_lio_ros/config/mid360_mutual_avoidance_uav1.yaml,ee37646f3b4668f13cad1febce5b79dcaa5f896c91709a9ca80740c72dcb0a3e,3854,667,true,465,1,464,0.997849,0.000000,0.000000,0.002054,true,863,CORRECTED,0.000246,20679,8,0,3,1701245236491220739,0,SUCCEEDED,1810,45164,2,1701245236491220739,172,true,123,310,12,667,LIDAR_CORRECTION_CONVERGED,1785256508833743865,true,17453,0.028375,8055247,3858,667,4448,TRACKING,0.739130,493,24088
272,1.000000,668,sensor_time,/home/letandat/Dev/uav-navigation/src/navigation_estimator/fast_lio_ros/config/mid360_mutual_avoidance_uav1.yaml,ee37646f3b4668f13cad1febce5b79dcaa5f896c91709a9ca80740c72dcb0a3e,3860,668,true,466,1,465,0.997854,0.000000,0.000000,0.002059,true,890,CORRECTED,0.000000,4029,7,0,3,1701245236525336530,0,SUCCEEDED,287,45169,2,1701245236525336530,172,true,113,118,12,668,LIDAR_CORRECTION_CONVERGED,1785256508849340460,true,3621,0.034475,8055247,3861,668,4448,TRACKING,0.739521,494,5618
272,1.000000,669,,/home/letandat/Dev/uav-navigation/src/navigation_estimator/fast_lio_ros/config/mid360_mutual_avoidance_uav1.yaml,ee37646f3b4668f13cad1febce5b79dcaa5f896c91709a9ca80740c72dcb0a3e,3866,669,false,466,1,465,0.997854,0.000000,0.000000,0.002059,true,890,UNAVAILABLE,0.000000,4029,7,0,3,1701245236525336530,1,NOT_ATTEMPTED,287,45169,2,-1,173,false,113,118,12,669,OVERLAPPING_LIDAR_INTERVAL previous_synchronized_end_ns=1701245236525336530 current_scan_start_ns=1701245236524968386 current_scan_end_ns=1701245236557603386 overlap_duration_ns=368144 scan_index=666,1785256508875707810,false,3621,0.034475,8055247,3866,669,4448,TRACKING,0.738416,494,5618
1790,1.000000,670,sensor_time,/home/letandat/Dev/uav-navigation/src/navigation_estimator/fast_lio_ros/config/mid360_mutual_avoidance_uav1.yaml,ee37646f3b4668f13cad1febce5b79dcaa5f896c91709a9ca80740c72dcb0a3e,3872,670,true,467,1,466,0.997859,0.000000,0.000000,0.002058,true,930,CORRECTED,0.000236,13768,14,0,2,1701245236591746118,0,SUCCEEDED,2002,45197,2,1701245236591746118,173,true,242,343,12,670,LIDAR_CORRECTION_CONVERGED,1785256508927567129,true,11843,0.027923,8055247,3875,670,4448,TRACKING,0.738806,495,17523
1790,1.000000,671,,/home/letandat/Dev/uav-navigation/src/navigation_estimator/fast_lio_ros/config/mid360_mutual_avoidance_uav1.yaml,ee37646f3b4668f13cad1febce5b79dcaa5f896c91709a9ca80740c72dcb0a3e,3877,671,false,467,1,466,0.997859,0.000000,0.000000,0.002058,true,930,UNAVAILABLE,0.000236,13768,14,0,2,1701245236591746118,1,NOT_ATTEMPTED,2002,45197,2,-1,174,false,242,343,12,671,OVERLAPPING_LIDAR_INTERVAL previous_synchronized_end_ns=1701245236591746118 current_scan_start_ns=1701245236591425896 current_scan_end_ns=1701245236624060896 overlap_duration_ns=320222 scan_index=668,1785256508942543810,false,11843,0.027923,8055247,3878,671,4448,TRACKING,0.737705,495,17523
1576,1.000000,672,sensor_time,/home/letandat/Dev/uav-navigation/src/navigation_estimator/fast_lio_ros/config/mid360_mutual_avoidance_uav1.yaml,ee37646f3b4668f13cad1febce5b79dcaa5f896c91709a9ca80740c72dcb0a3e,3883,672,true,468,1,467,0.997863,0.000000,0.000000,0.002058,true,824,CORRECTED,0.000130,19439,14,0,3,1701245236658139494,0,SUCCEEDED,1973,45214,2,1701245236658139494,174,true,212,282,12,672,LIDAR_CORRECTION_CONVERGED,1785256508999816245,true,16901,0.029339,8055247,3887,672,4448,TRACKING,0.738095,496,23030
1823,1.000000,673,sensor_time,/home/letandat/Dev/uav-navigation/src/navigation_estimator/fast_lio_ros/config/mid360_mutual_avoidance_uav1.yaml,ee37646f3b4668f13cad1febce5b79dcaa5f896c91709a9ca80740c72dcb0a3e,3889,673,true,469,1,468,0.997868,0.000000,0.000000,0.002054,true,867,CORRECTED,0.000161,21668,7,0,3,1701245236691276577,0,SUCCEEDED,2142,45241,2,1701245236691276577,174,true,117,318,12,673,LIDAR_CORRECTION_CONVERGED,1785256509035418549,true,18653,0.027678,8055247,3894,673,4448,TRACKING,0.738484,497,25477
345,1.000000,674,sensor_time,/home/letandat/Dev/uav-navigation/src/navigation_estimator/fast_lio_ros/config/mid360_mutual_avoidance_uav1.yaml,ee37646f3b4668f13cad1febce5b79dcaa5f896c91709a9ca80740c72dcb0a3e,3895,674,true,470,1,469,0.997872,0.000000,0.000000,0.002059,true,882,CORRECTED,0.000042,4942,8,0,3,1701245236725082424,0,SUCCEEDED,324,45242,2,1701245236725082424,174,true,142,141,12,674,LIDAR_CORRECTION_CONVERGED,1785256509050115064,true,4414,0.029985,8055247,3896,674,4448,TRACKING,0.738872,498,6614
1441,1.000000,675,sensor_time,/home/letandat/Dev/uav-navigation/src/navigation_estimator/fast_lio_ros/config/mid360_mutual_avoidance_uav1.yaml,ee37646f3b4668f13cad1febce5b79dcaa5f896c91709a9ca80740c72dcb0a3e,3901,675,true,471,1,470,0.997877,0.000000,0.000000,0.002056,true,877,CORRECTED,0.000075,17457,8,0,3,1701245236758076694,0,SUCCEEDED,2110,45275,2,1701245236758076694,174,true,138,281,12,675,LIDAR_CORRECTION_CONVERGED,1785256509103067760,true,15160,0.030813,8055247,3905,675,4975,TRACKING,0.739259,499,26096
1879,1.000000,676,sensor_time,/home/letandat/Dev/uav-navigation/src/navigation_estimator/fast_lio_ros/config/mid360_mutual_avoidance_uav1.yaml,ee37646f3b4668f13cad1febce5b79dcaa5f896c91709a9ca80740c72dcb0a3e,3906,676,true,472,1,471,0.997881,0.000000,0.000000,0.002053,true,952,CORRECTED,0.000222,14589,8,0,2,1701245236791263845,0,SUCCEEDED,2175,45304,2,1701245236791263845,174,true,133,332,12,676,LIDAR_CORRECTION_CONVERGED,1785256509128210377,true,12420,0.028272,8055247,3909,676,4975,TRACKING,0.739645,500,18540
383,1.000000,677,sensor_time,/home/letandat/Dev/uav-navigation/src/navigation_estimator/fast_lio_ros/config/mid360_mutual_avoidance_uav1.yaml,ee37646f3b4668f13cad1febce5b79dcaa5f896c91709a9ca80740c72dcb0a3e,3912,677,true,473,1,472,0.997886,0.000000,0.000000,0.002058,true,888,CORRECTED,0.000000,5919,8,0,3,1701245236825185564,0,SUCCEEDED,482,45307,2,1701245236825185564,174,true,123,144,12,677,LIDAR_CORRECTION_CONVERGED,1785256509151358339,true,5314,0.033813,8055247,3914,677,4975,TRACKING,0.740030,501,7817
383,1.000000,678,,/home/letandat/Dev/uav-navigation/src/navigation_estimator/fast_lio_ros/config/mid360_mutual_avoidance_uav1.yaml,ee37646f3b4668f13cad1febce5b79dcaa5f896c91709a9ca80740c72dcb0a3e,3918,678,false,473,1,472,0.997886,0.000000,0.000000,0.002058,true,888,UNAVAILABLE,0.000000,5919,8,0,3,1701245236825185564,1,NOT_ATTEMPTED,482,45307,2,-1,175,false,123,144,12,678,OVERLAPPING_LIDAR_INTERVAL previous_synchronized_end_ns=1701245236825185564 current_scan_start_ns=1701245236824804306 current_scan_end_ns=1701245236857439306 overlap_duration_ns=381258 scan_index=675,1785256509175966782,false,5314,0.033813,8055247,3918,678,4975,TRACKING,0.738938,501,7817
1825,1.000000,679,sensor_time,/home/letandat/Dev/uav-navigation/src/navigation_estimator/fast_lio_ros/config/mid360_mutual_avoidance_uav1.yaml,ee37646f3b4668f13cad1febce5b79dcaa5f896c91709a9ca80740c72dcb0a3e,3924,679,true,474,1,473,0.997890,0.000000,0.000000,0.002057,true,909,CORRECTED,0.000301,20981,13,0,3,1701245236891731766,0,SUCCEEDED,2100,45336,2,1701245236891731766,175,true,214,327,12,679,LIDAR_CORRECTION_CONVERGED,1785256509235229121,true,17767,0.028443,8055247,3928,679,4975,TRACKING,0.739323,502,24880
1825,1.000000,680,,/home/letandat/Dev/uav-navigation/src/navigation_estimator/fast_lio_ros/config/mid360_mutual_avoidance_uav1.yaml,ee37646f3b4668f13cad1febce5b79dcaa5f896c91709a9ca80740c72dcb0a3e,3929,680,false,474,1,473,0.997890,0.000000,0.000000,0.002057,true,909,UNAVAILABLE,0.000301,20981,13,0,3,1701245236891731766,1,NOT_ATTEMPTED,2100,45336,2,-1,176,false,214,327,12,680,OVERLAPPING_LIDAR_INTERVAL previous_synchronized_end_ns=1701245236891731766 current_scan_start_ns=1701245236891419888 current_scan_end_ns=1701245236924054888 overlap_duration_ns=311878 scan_index=677,1785256509242313046,false,17767,0.028443,8055247,3930,680,4975,TRACKING,0.738235,502,24880
1361,1.000000,681,sensor_time,/home/letandat/Dev/uav-navigation/src/navigation_estimator/fast_lio_ros/config/mid360_mutual_avoidance_uav1.yaml,ee37646f3b4668f13cad1febce5b79dcaa5f896c91709a9ca80740c72dcb0a3e,3935,681,true,475,1,474,0.997895,0.000000,0.000000,0.002059,true,1325,CORRECTED,0.000145,16935,14,0,3,1701245236958104875,0,SUCCEEDED,1806,45364,2,1701245236958104875,176,true,349,266,12,681,LIDAR_CORRECTION_CONVERGED,1785256509297566179,true,14721,0.030228,8055247,3939,681,4975,TRACKING,0.738620,503,21006
1813,1.000000,682,sensor_time,/home/letandat/Dev/uav-navigation/src/navigation_estimator/fast_lio_ros/config/mid360_mutual_avoidance_uav1.yaml,ee37646f3b4668f13cad1febce5b79dcaa5f896c91709a9ca80740c72dcb0a3e,3941,682,true,476,1,475,0.997899,0.000000,0.000000,0.002055,true,891,CORRECTED,0.000116,20471,7,0,3,1701245236991285112,0,SUCCEEDED,1966,45391,2,1701245236991285112,176,true,112,320,12,682,LIDAR_CORRECTION_CONVERGED,1785256509333854921,true,17535,0.024529,8055247,3945,682,4975,TRACKING,0.739003,504,24095
1813,1.000000,683,,/home/letandat/Dev/uav-navigation/src/navigation_estimator/fast_lio_ros/config/mid360_mutual_avoidance_uav1.yaml,ee37646f3b4668f13cad1febce5b79dcaa5f896c91709a9ca80740c72dcb0a3e,3947,683,false,476,1,475,0.997899,0.000000,0.000000,0.002055,true,891,UNAVAILABLE,0.000116,20471,7,0,3,1701245236991285112,1,NOT_ATTEMPTED,1966,45391,2,-1,177,false,112,320,12,683,OVERLAPPING_LIDAR_INTERVAL previous_synchronized_end_ns=1701245236991285112 current_scan_start_ns=1701245236991168022 current_scan_end_ns=1701245237023803022 overlap_duration_ns=117090 scan_index=680,1785256509342357094,false,17535,0.024529,8055247,3947,683,4975,TRACKING,0.737921,504,24095
1300,1.000000,684,sensor_time,/home/letandat/Dev/uav-navigation/src/navigation_estimator/fast_lio_ros/config/mid360_mutual_avoidance_uav1.yaml,ee37646f3b4668f13cad1febce5b79dcaa5f896c91709a9ca80740c72dcb0a3e,3953,684,true,477,1,476,0.997904,0.000000,0.000000,0.002058,true,899,CORRECTED,0.000114,16549,14,0,3,1701245237057416704,0,SUCCEEDED,1890,45425,2,1701245237057416704,177,true,241,271,12,684,LIDAR_CORRECTION_CONVERGED,1785256509396031890,true,14548,0.032617,8055247,3956,684,4975,TRACKING,0.738304,505,20145
1764,1.000000,685,sensor_time,/home/letandat/Dev/uav-navigation/src/navigation_estimator/fast_lio_ros/config/mid360_mutual_avoidance_uav1.yaml,ee37646f3b4668f13cad1febce5b79dcaa5f896c91709a9ca80740c72dcb0a3e,3959,685,true,478,1,477,0.997908,0.000000,0.000000,0.002054,true,871,CORRECTED,0.000208,18886,8,0,3,1701245237091345098,0,SUCCEEDED,1805,45454,2,1701245237091345098,177,true,119,326,12,685,LIDAR_CORRECTION_CONVERGED,1785256509432076321,true,16090,0.025454,8055247,3962,685,4975,TRACKING,0.738686,506,22323
530,1.000000,686,sensor_time,/home/letandat/Dev/uav-navigation/src/navigation_estimator/fast_lio_ros/config/mid360_mutual_avoidance_uav1.yaml,ee37646f3b4668f13cad1febce5b79dcaa5f896c91709a9ca80740c72dcb0a3e,3964,686,true,479,1,478,0.997912,0.000000,0.000000,0.002058,true,845,CORRECTED,0.000145,7955,8,0,3,1701245237125235822,0,SUCCEEDED,791,45462,2,1701245237125235822,177,true,126,166,12,686,LIDAR_CORRECTION_CONVERGED,1785256509453664867,true,7109,0.033351,8055247,3966,686,4975,TRACKING,0.739067,507,10073
530,1.000000,687,,/home/letandat/Dev/uav-navigation/src/navigation_estimator/fast_lio_ros/config/mid360_mutual_avoidance_uav1.yaml,ee37646f3b4668f13cad1febce5b79dcaa5f896c91709a9ca80740c72dcb0a3e,3970,687,false,479,1,478,0.997912,0.000000,0.000000,0.002058,true,845,UNAVAILABLE,0.000145,7955,8,0,3,1701245237125235822,1,NOT_ATTEMPTED,791,45462,2,-1,178,false,126,166,12,687,OVERLAPPING_LIDAR_INTERVAL previous_synchronized_end_ns=1701245237125235822 current_scan_start_ns=1701245237124948740 current_scan_end_ns=1701245237157583740 overlap_duration_ns=287082 scan_index=684,1785256509475897700,false,7109,0.033351,8055247,3970,687,4975,TRACKING,0.737991,507,10073
1777,1.000000,688,sensor_time,/home/letandat/Dev/uav-navigation/src/navigation_estimator/fast_lio_ros/config/mid360_mutual_avoidance_uav1.yaml,ee37646f3b4668f13cad1febce5b79dcaa5f896c91709a9ca80740c72dcb0a3e,3976,688,true,480,1,479,0.997917,0.000000,0.000000,0.002057,true,948,CORRECTED,0.000225,18671,13,0,3,1701245237191766289,0,SUCCEEDED,1907,45500,2,1701245237191766289,178,true,225,330,12,688,LIDAR_CORRECTION_CONVERGED,1785256509532796598,true,15811,0.027645,8055247,3980,688,4975,TRACKING,0.738372,508,22335
1777,1.000000,689,,/home/letandat/Dev/uav-navigation/src/navigation_estimator/fast_lio_ros/config/mid360_mutual_avoidance_uav1.yaml,ee37646f3b4668f13cad1febce5b79dcaa5f896c91709a9ca80740c72dcb0a3e,3981,689,false,480,1,479,0.997917,0.000000,0.000000,0.002057,true,948,UNAVAILABLE,0.000225,18671,13,0,3,1701245237191766289,1,NOT_ATTEMPTED,1907,45500,2,-1,179,false,225,330,12,689,OVERLAPPING_LIDAR_INTERVAL previous_synchronized_end_ns=1701245237191766289 current_scan_start_ns=1701245237191627502 current_scan_end_ns=1701245237224262502 overlap_duration_ns=138787 scan_index=686,1785256509542680235,false,15811,0.027645,8055247,3982,689,4975,TRACKING,0.737300,508,22335
1123,1.000000,690,sensor_time,/home/letandat/Dev/uav-navigation/src/navigation_estimator/fast_lio_ros/config/mid360_mutual_avoidance_uav1.yaml,ee37646f3b4668f13cad1febce5b79dcaa5f896c91709a9ca80740c72dcb0a3e,3987,690,true,481,1,480,0.997921,0.000000,0.000000,0.002061,true,869,CORRECTED,0.000113,15230,14,0,3,1701245237258085516,0,SUCCEEDED,1551,45531,2,1701245237258085516,179,true,224,244,12,690,LIDAR_CORRECTION_CONVERGED,1785256509600034782,true,13445,0.034409,8055247,3991,690,4942,TRACKING,0.737681,509,23312
1762,1.000000,691,sensor_time,/home/letandat/Dev/uav-navigation/src/navigation_estimator/fast_lio_ros/config/mid360_mutual_avoidance_uav1.yaml,ee37646f3b4668f13cad1febce5b79dcaa5f896c91709a9ca80740c72dcb0a3e,3993,691,true,482,1,481,0.997925,0.000000,0.000000,0.002056,true,931,CORRECTED,0.000079,18689,7,0,3,1701245237291266706,0,SUCCEEDED,1798,45568,2,1701245237291266706,179,true,118,349,12,691,LIDAR_CORRECTION_CONVERGED,1785256509631950233,true,15805,0.024389,8055247,3997,691,4942,TRACKING,0.738061,510,22197
744,1.000000,692,sensor_time,/home/letandat/Dev/uav-navigation/src/navigation_estimator/fast_lio_ros/config/mid360_mutual_avoidance_uav1.yaml,ee37646f3b4668f13cad1febce5b79dcaa5f896c91709a9ca80740c72dcb0a3e,3999,692,true,483,1,482,0.997930,0.000000,0.000000,0.002058,true,924,CORRECTED,0.000069,11130,8,0,3,1701245237325093534,0,SUCCEEDED,1075,45580,2,1701245237325093534,179,true,137,211,12,692,LIDAR_CORRECTION_CONVERGED,1785256509657382355,true,9947,0.034072,8055247,4002,692,4942,TRACKING,0.738439,511,13708
1043,1.000000,693,sensor_time,/home/letandat/Dev/uav-navigation/src/navigation_estimator/fast_lio_ros/config/mid360_mutual_avoidance_uav1.yaml,ee37646f3b4668f13cad1febce5b79dcaa5f896c91709a9ca80740c72dcb0a3e,4005,693,true,484,1,483,0.997934,0.000000,0.000000,0.002058,true,942,CORRECTED,0.000249,14884,8,0,3,1701245237358044889,0,SUCCEEDED,1549,45594,2,1701245237358044889,179,true,141,243,12,693,LIDAR_CORRECTION_CONVERGED,1785256509694383750,true,13178,0.034526,8055247,4008,693,4942,TRACKING,0.738817,512,17937
1751,1.000000,694,sensor_time,/home/letandat/Dev/uav-navigation/src/navigation_estimator/fast_lio_ros/config/mid360_mutual_avoidance_uav1.yaml,ee37646f3b4668f13cad1febce5b79dcaa5f896c91709a9ca80740c72dcb0a3e,4011,694,true,485,1,484,0.997938,0.000000,0.000000,0.002054,true,936,CORRECTED,0.000169,18069,8,0,3,1701245237391281154,0,SUCCEEDED,1596,45619,2,1701245237391281154,179,true,136,322,12,694,LIDAR_CORRECTION_CONVERGED,1785256509731092679,true,15304,0.025303,8055247,4014,694,4942,TRACKING,0.739193,513,21344
775,1.000000,695,sensor_time,/home/letandat/Dev/uav-navigation/src/navigation_estimator/fast_lio_ros/config/mid360_mutual_avoidance_uav1.yaml,ee37646f3b4668f13cad1febce5b79dcaa5f896c91709a9ca80740c72dcb0a3e,4016,695,true,486,1,485,0.997942,0.000000,0.000000,0.002057,true,895,CORRECTED,0.000109,11253,8,0,3,1701245237425285127,0,SUCCEEDED,1220,45634,2,1701245237425285127,179,true,135,206,12,695,LIDAR_CORRECTION_CONVERGED,1785256509757670413,true,9953,0.033353,8055247,4019,695,4942,TRACKING,0.739568,514,13952
775,1.000000,696,,/home/letandat/Dev/uav-navigation/src/navigation_estimator/fast_lio_ros/config/mid360_mutual_avoidance_uav1.yaml,ee37646f3b4668f13cad1febce5b79dcaa5f896c91709a9ca80740c72dcb0a3e,4022,696,false,486,1,485,0.997942,0.000000,0.000000,0.002057,true,895,UNAVAILABLE,0.000109,11253,8,0,3,1701245237425285127,1,NOT_ATTEMPTED,1220,45634,2,-1,180,false,135,206,12,696,OVERLAPPING_LIDAR_INTERVAL previous_synchronized_end_ns=1701245237425285127 current_scan_start_ns=1701245237424915075 current_scan_end_ns=1701245237457550075 overlap_duration_ns=370052 scan_index=693,1785256509775877200,false,9953,0.033353,8055247,4022,696,4942,TRACKING,0.738506,514,13952
1719,1.000000,697,sensor_time,/home/letandat/Dev/uav-navigation/src/navigation_estimator/fast_lio_ros/config/mid360_mutual_avoidance_uav1.yaml,ee37646f3b4668f13cad1febce5b79dcaa5f896c91709a9ca80740c72dcb0a3e,4028,697,true,487,1,486,0.997947,0.000000,0.000000,0.002057,true,842,CORRECTED,0.000337,17029,13,0,3,1701245237491779592,0,SUCCEEDED,1725,45673,2,1701245237491779592,180,true,207,310,12,697,LIDAR_CORRECTION_CONVERGED,1785256509830808209,true,14374,0.024996,8055247,4032,697,4942,TRACKING,0.738881,515,20396
1719,1.000000,698,,/home/letandat/Dev/uav-navigation/src/navigation_estimator/fast_lio_ros/config/mid360_mutual_avoidance_uav1.yaml,ee37646f3b4668f13cad1febce5b79dcaa5f896c91709a9ca80740c72dcb0a3e,4034,698,false,487,1,486,0.997947,0.000000,0.000000,0.002057,true,842,UNAVAILABLE,0.000337,17029,13,0,3,1701245237491779592,1,NOT_ATTEMPTED,1725,45673,2,-1,181,false,207,310,12,698,OVERLAPPING_LIDAR_INTERVAL previous_synchronized_end_ns=1701245237491779592 current_scan_start_ns=1701245237491429329 current_scan_end_ns=1701245237524064329 overlap_duration_ns=350263 scan_index=695,1785256509842436253,false,14374,0.024996,8055247,4034,698,4942,TRACKING,0.737822,515,20396
887,1.000000,699,sensor_time,/home/letandat/Dev/uav-navigation/src/navigation_estimator/fast_lio_ros/config/mid360_mutual_avoidance_uav1.yaml,ee37646f3b4668f13cad1febce5b79dcaa5f896c91709a9ca80740c72dcb0a3e,4039,699,true,488,1,487,0.997951,0.000000,0.000000,0.002062,true,1789,CORRECTED,0.000190,12969,14,0,3,1701245237558134105,0,SUCCEEDED,1297,45697,2,1701245237558134105,181,true,355,388,12,699,LIDAR_CORRECTION_CONVERGED,1785256509893677408,true,11487,0.034826,8055247,4043,699,4942,TRACKING,0.738197,516,17142
1735,1.000000,700,sensor_time,/home/letandat/Dev/uav-navigation/src/navigation_estimator/fast_lio_ros/config/mid360_mutual_avoidance_uav1.yaml,ee37646f3b4668f13cad1febce5b79dcaa5f896c91709a9ca80740c72dcb0a3e,4045,700,true,489,1,488,0.997955,0.000000,0.000000,0.002057,true,944,CORRECTED,0.000083,18267,8,0,3,1701245237591286686,0,SUCCEEDED,1784,45729,2,1701245237591286686,181,true,138,321,12,700,LIDAR_CORRECTION_CONVERGED,1785256509931660755,true,15339,0.022555,8055247,4049,700,4942,TRACKING,0.738571,517,21787
869,1.000000,701,sensor_time,/home/letandat/Dev/uav-navigation/src/navigation_estimator/fast_lio_ros/config/mid360_mutual_avoidance_uav1.yaml,ee37646f3b4668f13cad1febce5b79dcaa5f896c91709a9ca80740c72dcb0a3e,4051,701,true,490,1,489,0.997959,0.000000,0.000000,0.002058,true,935,CORRECTED,0.000092,13037,7,0,3,1701245237625015047,0,SUCCEEDED,1362,45747,2,1701245237625015047,181,true,119,237,12,701,LIDAR_CORRECTION_CONVERGED,1785256509959298445,true,11623,0.034550,8055247,4054,701,4942,TRACKING,0.738944,518,15930
869,1.000000,702,,/home/letandat/Dev/uav-navigation/src/navigation_estimator/fast_lio_ros/config/mid360_mutual_avoidance_uav1.yaml,ee37646f3b4668f13cad1febce5b79dcaa5f896c91709a9ca80740c72dcb0a3e,4057,702,false,490,1,489,0.997959,0.000000,0.000000,0.002058,true,935,UNAVAILABLE,0.000092,13037,7,0,3,1701245237625015047,1,NOT_ATTEMPTED,1362,45747,2,-1,182,false,119,237,12,702,OVERLAPPING_LIDAR_INTERVAL previous_synchronized_end_ns=1701245237625015047 current_scan_start_ns=1701245237624823093 current_scan_end_ns=1701245237657458093 overlap_duration_ns=191954 scan_index=699,1785256509975615285,false,11623,0.034550,8055247,4057,702,4942,TRACKING,0.737892,518,15930
1671,1.000000,703,sensor_time,/home/letandat/Dev/uav-navigation/src/navigation_estimator/fast_lio_ros/config/mid360_mutual_avoidance_uav1.yaml,ee37646f3b4668f13cad1febce5b79dcaa5f896c91709a9ca80740c72dcb0a3e,4063,703,true,491,1,490,0.997963,0.000000,0.000000,0.002058,true,873,CORRECTED,0.000010,23702,14,0,4,1701245237691203144,0,SUCCEEDED,1664,45765,2,1701245237691203144,182,true,238,328,12,703,LIDAR_CORRECTION_CONVERGED,1785256510042324214,true,20038,0.024519,8055247,4068,703,5323,TRACKING,0.738265,519,32413
990,1.000000,704,sensor_time,/home/letandat/Dev/uav-navigation/src/navigation_estimator/fast_lio_ros/config/mid360_mutual_avoidance_uav1.yaml,ee37646f3b4668f13cad1febce5b79dcaa5f896c91709a9ca80740c72dcb0a3e,4069,704,true,492,1,491,0.997967,0.000000,0.000000,0.002058,true,1030,CORRECTED,0.000096,14684,8,0,3,1701245237725178268,0,SUCCEEDED,1413,45778,2,1701245237725178268,182,true,158,269,12,704,LIDAR_CORRECTION_CONVERGED,1785256510061639350,true,13112,0.034467,8055247,4072,704,5323,TRACKING,0.738636,520,17933
990,1.000000,705,,/home/letandat/Dev/uav-navigation/src/navigation_estimator/fast_lio_ros/config/mid360_mutual_avoidance_uav1.yaml,ee37646f3b4668f13cad1febce5b79dcaa5f896c91709a9ca80740c72dcb0a3e,4074,705,false,492,1,491,0.997967,0.000000,0.000000,0.002058,true,1030,UNAVAILABLE,0.000096,14684,8,0,3,1701245237725178268,1,NOT_ATTEMPTED,1413,45778,2,-1,183,false,158,269,12,705,OVERLAPPING_LIDAR_INTERVAL previous_synchronized_end_ns=1701245237725178268 current_scan_start_ns=1701245237724980354 current_scan_end_ns=1701245237757615354 overlap_duration_ns=197914 scan_index=702,1785256510076044652,false,13112,0.034467,8055247,4074,705,5323,TRACKING,0.737589,520,17933
1717,1.000000,706,sensor_time,/home/letandat/Dev/uav-navigation/src/navigation_estimator/fast_lio_ros/config/mid360_mutual_avoidance_uav1.yaml,ee37646f3b4668f13cad1febce5b79dcaa5f896c91709a9ca80740c72dcb0a3e,4080,706,true,493,1,492,0.997972,0.000000,0.000000,0.002058,true,878,CORRECTED,0.000101,18670,14,0,3,1701245237791759756,0,SUCCEEDED,1523,45802,2,1701245237791759756,183,true,224,328,12,706,LIDAR_CORRECTION_CONVERGED,1785256510132120290,true,15532,0.022745,8055247,4084,706,5323,TRACKING,0.737960,521,21901
1717,1.000000,707,,/home/letandat/Dev/uav-navigation/src/navigation_estimator/fast_lio_ros/config/mid360_mutual_avoidance_uav1.yaml,ee37646f3b4668f13cad1febce5b79dcaa5f896c91709a9ca80740c72dcb0a3e,4086,707,false,493,1,492,0.997972,0.000000,0.000000,0.002058,true,878,UNAVAILABLE,0.000101,18670,14,0,3,1701245237791759756,1,NOT_ATTEMPTED,1523,45802,2,-1,184,false,224,328,12,707,OVERLAPPING_LIDAR_INTERVAL previous_synchronized_end_ns=1701245237791759756 current_scan_start_ns=1701245237791519165 current_scan_end_ns=1701245237824154165 overlap_duration_ns=240591 scan_index=704,1785256510142480599,false,15532,0.022745,8055247,4086,707,5323,TRACKING,0.736917,521,21901
727,1.000000,708,sensor_time,/home/letandat/Dev/uav-navigation/src/navigation_estimator/fast_lio_ros/config/mid360_mutual_avoidance_uav1.yaml,ee37646f3b4668f13cad1febce5b79dcaa5f896c91709a9ca80740c72dcb0a3e,4092,708,true,494,1,493,0.997976,0.000000,0.000000,0.002064,true,1711,CORRECTED,0.000061,10758,13,0,3,1701245237858190563,0,SUCCEEDED,984,45810,2,1701245237858190563,184,true,306,280,12,708,LIDAR_CORRECTION_CONVERGED,1785256510191043820,true,9611,0.033567,8055247,4094,708,5323,TRACKING,0.737288,522,14318
1706,1.000000,709,sensor_time,/home/letandat/Dev/uav-navigation/src/navigation_estimator/fast_lio_ros/config/mid360_mutual_avoidance_uav1.yaml,ee37646f3b4668f13cad1febce5b79dcaa5f896c91709a9ca80740c72dcb0a3e,4097,709,true,495,1,494,0.997980,0.000000,0.000000,0.002058,true,936,CORRECTED,0.000134,17002,8,0,3,1701245237891275194,0,SUCCEEDED,1709,45835,2,1701245237891275194,184,true,134,319,12,709,LIDAR_CORRECTION_CONVERGED,1785256510230134922,true,14308,0.024712,8055247,4101,709,5323,TRACKING,0.737659,523,20361
1120,1.000000,710,sensor_time,/home/letandat/Dev/uav-navigation/src/navigation_estimator/fast_lio_ros/config/mid360_mutual_avoidance_uav1.yaml,ee37646f3b4668f13cad1febce5b79dcaa5f896c91709a9ca80740c72dcb0a3e,4103,710,true,496,1,495,0.997984,0.000000,0.000000,0.002057,true,869,CORRECTED,0.000150,15424,8,0,3,1701245237925042656,0,SUCCEEDED,1820,45854,2,1701245237925042656,184,true,128,259,12,710,LIDAR_CORRECTION_CONVERGED,1785256510262215811,true,13623,0.032877,8055247,4107,710,5323,TRACKING,0.738028,524,18784
622,1.000000,711,sensor_time,/home/letandat/Dev/uav-navigation/src/navigation_estimator/fast_lio_ros/config/mid360_mutual_avoidance_uav1.yaml,ee37646f3b4668f13cad1febce5b79dcaa5f896c91709a9ca80740c72dcb0a3e,4109,711,true,497,1,496,0.997988,0.000000,0.000000,0.002060,true,853,CORRECTED,0.000054,9116,7,0,3,1701245237958038357,0,SUCCEEDED,981,45864,2,1701245237958038357,184,true,122,197,12,711,LIDAR_CORRECTION_CONVERGED,1785256510287933375,true,8114,0.033875,8055247,4111,711,5323,TRACKING,0.738397,525,11423
1729,1.000000,712,sensor_time,/home/letandat/Dev/uav-navigation/src/navigation_estimator/fast_lio_ros/config/mid360_mutual_avoidance_uav1.yaml,ee37646f3b4668f13cad1febce5b79dcaa5f896c91709a9ca80740c72dcb0a3e,4115,712,true,498,1,497,0.997992,0.000000,0.000000,0.002055,true,870,CORRECTED,0.000030,18501,8,0,3,1701245237991242912,0,SUCCEEDED,1866,45890,2,1701245237991242912,184,true,126,331,12,712,LIDAR_CORRECTION_CONVERGED,1785256510331476950,true,15641,0.025416,8055247,4119,712,5323,TRACKING,0.738764,526,21948
1213,1.000000,713,sensor_time,/home/letandat/Dev/uav-navigation/src/navigation_estimator/fast_lio_ros/config/mid360_mutual_avoidance_uav1.yaml,ee37646f3b4668f13cad1febce5b79dcaa5f896c91709a9ca80740c72dcb0a3e,4121,713,true,499,1,498,0.997996,0.000000,0.000000,0.002055,true,875,CORRECTED,0.000045,17188,8,0,3,1701245238025243786,0,SUCCEEDED,2097,45931,2,1701245238025243786,184,true,139,271,12,713,LIDAR_CORRECTION_CONVERGED,1785256510364407292,true,15163,0.035392,8055247,4124,713,5323,TRACKING,0.739130,527,20889
1213,1.000000,714,,/home/letandat/Dev/uav-navigation/src/navigation_estimator/fast_lio_ros/config/mid360_mutual_avoidance_uav1.yaml,ee37646f3b4668f13cad1febce5b79dcaa5f896c91709a9ca80740c72dcb0a3e,4126,714,false,499,1,498,0.997996,0.000000,0.000000,0.002055,true,875,UNAVAILABLE,0.000045,17188,8,0,3,1701245238025243786,1,NOT_ATTEMPTED,2097,45931,2,-1,185,false,139,271,12,714,OVERLAPPING_LIDAR_INTERVAL previous_synchronized_end_ns=1701245238025243786 current_scan_start_ns=1701245238024965286 current_scan_end_ns=1701245238057600286 overlap_duration_ns=278500 scan_index=711,1785256510376027253,false,15163,0.035392,8055247,4126,714,5323,TRACKING,0.738095,527,20889
1793,1.000000,715,sensor_time,/home/letandat/Dev/uav-navigation/src/navigation_estimator/fast_lio_ros/config/mid360_mutual_avoidance_uav1.yaml,ee37646f3b4668f13cad1febce5b79dcaa5f896c91709a9ca80740c72dcb0a3e,4132,715,true,500,1,499,0.998000,0.000000,0.000000,0.002056,true,871,CORRECTED,0.000002,19157,14,0,3,1701245238091751840,0,SUCCEEDED,1751,45963,2,1701245238091751840,185,true,223,320,12,715,LIDAR_CORRECTION_CONVERGED,1785256510432898233,true,16194,0.026045,8055247,4136,715,5323,TRACKING,0.738462,528,22613
1793,1.000000,716,,/home/letandat/Dev/uav-navigation/src/navigation_estimator/fast_lio_ros/config/mid360_mutual_avoidance_uav1.yaml,ee37646f3b4668f13cad1febce5b79dcaa5f896c91709a9ca80740c72dcb0a3e,4138,716,false,500,1,499,0.998000,0.000000,0.000000,0.002056,true,871,UNAVAILABLE,0.000002,19157,14,0,3,1701245238091751840,1,NOT_ATTEMPTED,1751,45963,2,-1,186,false,223,320,12,716,OVERLAPPING_LIDAR_INTERVAL previous_synchronized_end_ns=1701245238091751840 current_scan_start_ns=1701245238091419935 current_scan_end_ns=1701245238124054935 overlap_duration_ns=331905 scan_index=713,1785256510442370788,false,16194,0.026045,8055247,4138,716,5323,TRACKING,0.737430,528,22613
457,1.000000,717,sensor_time,/home/letandat/Dev/uav-navigation/src/navigation_estimator/fast_lio_ros/config/mid360_mutual_avoidance_uav1.yaml,ee37646f3b4668f13cad1febce5b79dcaa5f896c91709a9ca80740c72dcb0a3e,4144,717,true,501,1,500,0.998004,0.000000,0.000000,0.002065,true,876,CORRECTED,0.000001,6841,13,0,3,1701245238158095863,0,SUCCEEDED,562,45969,2,1701245238158095863,186,true,221,170,12,717,LIDAR_CORRECTION_CONVERGED,1785256510490524116,true,6109,0.034581,8055247,4146,717,5052,TRACKING,0.737796,529,13921
1762,1.000000,718,sensor_time,/home/letandat/Dev/uav-navigation/src/navigation_estimator/fast_lio_ros/config/mid360_mutual_avoidance_uav1.yaml,ee37646f3b4668f13cad1febce5b79dcaa5f896c91709a9ca80740c72dcb0a3e,4149,718,true,502,1,501,0.998008,0.000000,0.000000,0.002058,true,857,CORRECTED,0.000080,20092,8,0,3,1701245238191286829,0,SUCCEEDED,2050,45999,2,1701245238191286829,186,true,124,325,12,718,LIDAR_CORRECTION_CONVERGED,1785256510533456494,true,17242,0.027209,8055247,4154,718,5052,TRACKING,0.738162,530,23694
1762,1.000000,719,,/home/letandat/Dev/uav-navigation/src/navigation_estimator/fast_lio_ros/config/mid360_mutual_avoidance_uav1.yaml,ee37646f3b4668f13cad1febce5b79dcaa5f896c91709a9ca80740c72dcb0a3e,4155,719,false,502,1,501,0.998008,0.000000,0.000000,0.002058,true,857,UNAVAILABLE,0.000080,20092,8,0,3,1701245238191286829,1,NOT_ATTEMPTED,2050,45999,2,-1,187,false,124,325,12,719,OVERLAPPING_LIDAR_INTERVAL previous_synchronized_end_ns=1701245238191286829 current_scan_start_ns=1701245238191089630 current_scan_end_ns=1701245238223724630 overlap_duration_ns=197199 scan_index=716,1785256510542141280,false,17242,0.027209,8055247,4155,719,5052,TRACKING,0.737135,530,23694
385,1.000000,720,sensor_time,/home/letandat/Dev/uav-navigation/src/navigation_estimator/fast_lio_ros/config/mid360_mutual_avoidance_uav1.yaml,ee37646f3b4668f13cad1febce5b79dcaa5f896c91709a9ca80740c72dcb0a3e,4161,720,true,503,1,502,0.998012,0.000000,0.000000,0.002067,true,878,CORRECTED,0.000108,5926,13,0,3,1701245238258031156,0,SUCCEEDED,424,46000,2,1701245238258031156,187,true,234,144,12,720,LIDAR_CORRECTION_CONVERGED,1785256510584149968,true,5337,0.033812,8055247,4162,720,5052,TRACKING,0.737500,531,7770
1814,1.000000,721,sensor_time,/home/letandat/Dev/uav-navigation/src/navigation_estimator/fast_lio_ros/config/mid360_mutual_avoidance_uav1.yaml,ee37646f3b4668f13cad1febce5b79dcaa5f896c91709a9ca80740c72dcb0a3e,4167,721,true,504,1,503,0.998016,0.000000,0.000000,0.002058,true,1763,CORRECTED,0.000308,22445,8,0,3,1701245238291246441,0,SUCCEEDED,2196,46027,2,1701245238291246441,187,true,195,455,12,721,LIDAR_CORRECTION_CONVERGED,1785256510636851464,true,19624,0.026382,8055247,4172,721,5052,TRACKING,0.737864,532,27331
1377,1.000000,722,sensor_time,/home/letandat/Dev/uav-navigation/src/navigation_estimator/fast_lio_ros/config/mid360_mutual_avoidance_uav1.yaml,ee37646f3b4668f13cad1febce5b79dcaa5f896c91709a9ca80740c72dcb0a3e,4173,722,true,505,1,504,0.998020,0.000000,0.000000,0.002055,true,930,CORRECTED,0.000158,18077,8,0,3,1701245238325344827,0,SUCCEEDED,1967,46055,2,1701245238325344827,187,true,144,317,12,722,LIDAR_CORRECTION_CONVERGED,1785256510665329217,true,15871,0.031149,8055247,4177,722,5052,TRACKING,0.738227,533,21735
1377,1.000000,723,,/home/letandat/Dev/uav-navigation/src/navigation_estimator/fast_lio_ros/config/mid360_mutual_avoidance_uav1.yaml,ee37646f3b4668f13cad1febce5b79dcaa5f896c91709a9ca80740c72dcb0a3e,4178,723,false,505,1,504,0.998020,0.000000,0.000000,0.002055,true,930,UNAVAILABLE,0.000158,18077,8,0,3,1701245238325344827,1,NOT_ATTEMPTED,1967,46055,2,-1,188,false,144,317,12,723,OVERLAPPING_LIDAR_INTERVAL previous_synchronized_end_ns=1701245238325344827 current_scan_start_ns=1701245238324973822 current_scan_end_ns=1701245238357608822 overlap_duration_ns=371005 scan_index=720,1785256510675894192,false,15871,0.031149,8055247,4178,723,5052,TRACKING,0.737206,533,21735
1858,1.000000,724,sensor_time,/home/letandat/Dev/uav-navigation/src/navigation_estimator/fast_lio_ros/config/mid360_mutual_avoidance_uav1.yaml,ee37646f3b4668f13cad1febce5b79dcaa5f896c91709a9ca80740c72dcb0a3e,4184,724,true,506,1,505,0.998024,0.000000,0.000000,0.002056,true,897,CORRECTED,0.000169,21504,14,0,3,1701245238391724851,0,SUCCEEDED,2294,46079,2,1701245238391724851,188,true,228,375,12,724,LIDAR_CORRECTION_CONVERGED,1785256510735670742,true,18266,0.026196,8055247,4189,724,5052,TRACKING,0.737569,534,25670
1858,1.000000,725,,/home/letandat/Dev/uav-navigation/src/navigation_estimator/fast_lio_ros/config/mid360_mutual_avoidance_uav1.yaml,ee37646f3b4668f13cad1febce5b79dcaa5f896c91709a9ca80740c72dcb0a3e,4190,725,false,506,1,505,0.998024,0.000000,0.000000,0.002056,true,897,UNAVAILABLE,0.000169,21504,14,0,3,1701245238391724851,1,NOT_ATTEMPTED,2294,46079,2,-1,189,false,228,375,12,725,OVERLAPPING_LIDAR_INTERVAL previous_synchronized_end_ns=1701245238391724851 current_scan_start_ns=1701245238391419411 current_scan_end_ns=1701245238424054411 overlap_duration_ns=305440 scan_index=722,1785256510742206973,false,18266,0.026196,8055247,4190,725,5052,TRACKING,0.736552,534,25670
287,1.000000,726,sensor_time,/home/letandat/Dev/uav-navigation/src/navigation_estimator/fast_lio_ros/config/mid360_mutual_avoidance_uav1.yaml,ee37646f3b4668f13cad1febce5b79dcaa5f896c91709a9ca80740c72dcb0a3e,4196,726,true,507,1,506,0.998028,0.000000,0.000000,0.002066,true,846,CORRECTED,0.000040,4389,13,0,3,1701245238458112505,0,SUCCEEDED,301,46079,2,1701245238458112505,189,true,224,123,12,726,LIDAR_CORRECTION_CONVERGED,1785256510782807332,true,3946,0.030927,8055247,4197,726,5052,TRACKING,0.736915,535,6314
1866,1.000000,727,sensor_time,/home/letandat/Dev/uav-navigation/src/navigation_estimator/fast_lio_ros/config/mid360_mutual_avoidance_uav1.yaml,ee37646f3b4668f13cad1febce5b79dcaa5f896c91709a9ca80740c72dcb0a3e,4201,727,true,508,1,507,0.998031,0.000000,0.000000,0.002057,true,867,CORRECTED,0.000090,24031,8,0,3,1701245238491278198,0,SUCCEEDED,2304,46115,2,1701245238491278198,189,true,131,327,12,727,LIDAR_CORRECTION_CONVERGED,1785256510837632504,true,19784,0.028460,8055247,4206,727,5052,TRACKING,0.737276,536,27944
1582,1.000000,728,sensor_time,/home/letandat/Dev/uav-navigation/src/navigation_estimator/fast_lio_ros/config/mid360_mutual_avoidance_uav1.yaml,ee37646f3b4668f13cad1febce5b79dcaa5f896c91709a9ca80740c72dcb0a3e,4207,728,true,509,1,508,0.998035,0.000000,0.000000,0.002055,true,930,CORRECTED,0.000137,20149,8,0,3,1701245238525045660,0,SUCCEEDED,1989,46139,2,1701245238525045660,189,true,139,308,12,728,LIDAR_CORRECTION_CONVERGED,1785256510867580816,true,17506,0.029693,8055247,4212,728,5052,TRACKING,0.737637,537,24021
284,1.000000,729,sensor_time,/home/letandat/Dev/uav-navigation/src/navigation_estimator/fast_lio_ros/config/mid360_mutual_avoidance_uav1.yaml,ee37646f3b4668f13cad1febce5b79dcaa5f896c91709a9ca80740c72dcb0a3e,4213,729,true,510,1,509,0.998039,0.000000,0.000000,0.002059,true,941,CORRECTED,0.000041,4526,7,0,3,1701245238558077839,0,SUCCEEDED,306,46140,2,1701245238558077839,189,true,120,133,12,729,LIDAR_CORRECTION_CONVERGED,1785256510882510155,true,4071,0.035696,8055247,4214,729,5052,TRACKING,0.737997,538,6208
1759,1.000000,730,sensor_time,/home/letandat/Dev/uav-navigation/src/navigation_estimator/fast_lio_ros/config/mid360_mutual_avoidance_uav1.yaml,ee37646f3b4668f13cad1febce5b79dcaa5f896c91709a9ca80740c72dcb0a3e,4219,730,true,511,1,510,0.998043,0.000000,0.000000,0.002055,true,847,CORRECTED,0.000039,21164,8,0,3,1701245238591223982,0,SUCCEEDED,2252,46167,2,1701245238591223982,189,true,121,306,12,730,LIDAR_CORRECTION_CONVERGED,1785256510940622058,true,17939,0.026407,8055247,4224,730,5614,TRACKING,0.738356,539,30573
1722,1.000000,731,sensor_time,/home/letandat/Dev/uav-navigation/src/navigation_estimator/fast_lio_ros/config/mid360_mutual_avoidance_uav1.yaml,ee37646f3b4668f13cad1febce5b79dcaa5f896c91709a9ca80740c72dcb0a3e,4225,731,true,512,1,511,0.998047,0.000000,0.000000,0.002053,true,1009,CORRECTED,0.000076,21917,8,0,3,1701245238625170973,0,SUCCEEDED,2157,46201,2,1701245238625170973,189,true,150,349,12,731,LIDAR_CORRECTION_CONVERGED,1785256510969461845,true,19126,0.028242,8055247,4229,731,5614,TRACKING,0.738714,540,25926
1722,1.000000,732,,/home/letandat/Dev/uav-navigation/src/navigation_estimator/fast_lio_ros/config/mid360_mutual_avoidance_uav1.yaml,ee37646f3b4668f13cad1febce5b79dcaa5f896c91709a9ca80740c72dcb0a3e,4230,732,false,512,1,511,0.998047,0.000000,0.000000,0.002053,true,1009,UNAVAILABLE,0.000076,21917,8,0,3,1701245238625170973,1,NOT_ATTEMPTED,2157,46201,2,-1,190,false,150,349,12,732,OVERLAPPING_LIDAR_INTERVAL previous_synchronized_end_ns=1701245238625170973 current_scan_start_ns=1701245238624742985 current_scan_end_ns=1701245238657377985 overlap_duration_ns=427988 scan_index=729,1785256510975865267,false,19126,0.028242,8055247,4230,732,5614,TRACKING,0.737705,540,25926
1616,1.000000,733,sensor_time,/home/letandat/Dev/uav-navigation/src/navigation_estimator/fast_lio_ros/config/mid360_mutual_avoidance_uav1.yaml,ee37646f3b4668f13cad1febce5b79dcaa5f896c91709a9ca80740c72dcb0a3e,4236,733,true,513,1,512,0.998051,0.000000,0.000000,0.002056,true,932,CORRECTED,0.000263,18794,14,0,3,1701245238691727426,0,SUCCEEDED,2039,46223,2,1701245238691727426,190,true,240,307,12,733,LIDAR_CORRECTION_CONVERGED,1785256511032782341,true,16192,0.027445,8055247,4240,733,5614,TRACKING,0.738063,541,22669
1616,1.000000,734,,/home/letandat/Dev/uav-navigation/src/navigation_estimator/fast_lio_ros/config/mid360_mutual_avoidance_uav1.yaml,ee37646f3b4668f13cad1febce5b79dcaa5f896c91709a9ca80740c72dcb0a3e,4242,734,false,513,1,512,0.998051,0.000000,0.000000,0.002056,true,932,UNAVAILABLE,0.000263,18794,14,0,3,1701245238691727426,1,NOT_ATTEMPTED,2039,46223,2,-1,191,false,240,307,12,734,OVERLAPPING_LIDAR_INTERVAL previous_synchronized_end_ns=1701245238691727426 current_scan_start_ns=1701245238691337347 current_scan_end_ns=1701245238723972347 overlap_duration_ns=390079 scan_index=731,1785256511042216924,false,16192,0.027445,8055247,4242,734,5614,TRACKING,0.737057,541,22669
350,1.000000,735,sensor_time,/home/letandat/Dev/uav-navigation/src/navigation_estimator/fast_lio_ros/config/mid360_mutual_avoidance_uav1.yaml,ee37646f3b4668f13cad1febce5b79dcaa5f896c91709a9ca80740c72dcb0a3e,4248,735,true,514,1,513,0.998054,0.000000,0.000000,0.002066,true,835,CORRECTED,0.000106,4872,13,0,3,1701245238758255747,0,SUCCEEDED,371,46225,2,1701245238758255747,191,true,204,145,12,735,LIDAR_CORRECTION_CONVERGED,1785256511083146469,true,4351,0.032855,8055247,4249,735,5614,TRACKING,0.737415,542,6597
1602,1.000000,736,sensor_time,/home/letandat/Dev/uav-navigation/src/navigation_estimator/fast_lio_ros/config/mid360_mutual_avoidance_uav1.yaml,ee37646f3b4668f13cad1febce5b79dcaa5f896c91709a9ca80740c72dcb0a3e,4254,736,true,515,1,514,0.998058,0.000000,0.000000,0.002059,true,1769,CORRECTED,0.000118,20179,8,0,3,1701245238791270044,0,SUCCEEDED,1996,46264,2,1701245238791270044,191,true,200,426,12,736,LIDAR_CORRECTION_CONVERGED,1785256511134304131,true,17593,0.028791,8055247,4258,736,5614,TRACKING,0.737772,543,24814
1602,1.000000,737,,/home/letandat/Dev/uav-navigation/src/navigation_estimator/fast_lio_ros/config/mid360_mutual_avoidance_uav1.yaml,ee37646f3b4668f13cad1febce5b79dcaa5f896c91709a9ca80740c72dcb0a3e,4259,737,false,515,1,514,0.998058,0.000000,0.000000,0.002059,true,1769,UNAVAILABLE,0.000118,20179,8,0,3,1701245238791270044,1,NOT_ATTEMPTED,1996,46264,2,-1,192,false,200,426,12,737,OVERLAPPING_LIDAR_INTERVAL previous_synchronized_end_ns=1701245238791270044 current_scan_start_ns=1701245238791231632 current_scan_end_ns=1701245238823866632 overlap_duration_ns=38412 scan_index=734,1785256511141937177,false,17593,0.028791,8055247,4260,737,5614,TRACKING,0.736771,543,24814
351,1.000000,738,sensor_time,/home/letandat/Dev/uav-navigation/src/navigation_estimator/fast_lio_ros/config/mid360_mutual_avoidance_uav1.yaml,ee37646f3b4668f13cad1febce5b79dcaa5f896c91709a9ca80740c72dcb0a3e,4265,738,true,516,1,515,0.998062,0.000000,0.000000,0.002069,true,864,CORRECTED,0.000100,5066,13,0,3,1701245238858036068,0,SUCCEEDED,337,46268,2,1701245238858036068,192,true,215,141,12,738,LIDAR_CORRECTION_CONVERGED,1785256511183282722,true,4528,0.033563,8055247,4267,738,5614,TRACKING,0.737127,544,6785
1518,1.000000,739,sensor_time,/home/letandat/Dev/uav-navigation/src/navigation_estimator/fast_lio_ros/config/mid360_mutual_avoidance_uav1.yaml,ee37646f3b4668f13cad1febce5b79dcaa5f896c91709a9ca80740c72dcb0a3e,4271,739,true,517,1,516,0.998066,0.000000,0.000000,0.002060,true,876,CORRECTED,0.000052,18458,8,0,3,1701245238891198662,0,SUCCEEDED,2103,46292,2,1701245238891198662,192,true,141,307,12,739,LIDAR_CORRECTION_CONVERGED,1785256511231503819,true,16062,0.029714,8055247,4275,739,5614,TRACKING,0.737483,545,22149
1797,1.000000,740,sensor_time,/home/letandat/Dev/uav-navigation/src/navigation_estimator/fast_lio_ros/config/mid360_mutual_avoidance_uav1.yaml,ee37646f3b4668f13cad1febce5b79dcaa5f896c91709a9ca80740c72dcb0a3e,4277,740,true,518,1,517,0.998069,0.000000,0.000000,0.002055,true,893,CORRECTED,0.000772,14223,8,0,2,1701245238925185230,0,SUCCEEDED,2106,46322,2,1701245238925185230,192,true,131,338,12,740,LIDAR_CORRECTION_CONVERGED,1785256511261822424,true,12237,0.027906,8055247,4280,740,5614,TRACKING,0.737838,546,18035
1797,1.000000,741,,/home/letandat/Dev/uav-navigation/src/navigation_estimator/fast_lio_ros/config/mid360_mutual_avoidance_uav1.yaml,ee37646f3b4668f13cad1febce5b79dcaa5f896c91709a9ca80740c72dcb0a3e,4282,741,false,518,1,517,0.998069,0.000000,0.000000,0.002055,true,893,UNAVAILABLE,0.000772,14223,8,0,2,1701245238925185230,1,NOT_ATTEMPTED,2106,46322,2,-1,193,false,131,338,12,741,OVERLAPPING_LIDAR_INTERVAL previous_synchronized_end_ns=1701245238925185230 current_scan_start_ns=1701245238924974203 current_scan_end_ns=1701245238957609203 overlap_duration_ns=211027 scan_index=738,1785256511275878776,false,12237,0.027906,8055247,4282,741,5614,TRACKING,0.736842,546,18035
1525,1.000000,742,sensor_time,/home/letandat/Dev/uav-navigation/src/navigation_estimator/fast_lio_ros/config/mid360_mutual_avoidance_uav1.yaml,ee37646f3b4668f13cad1febce5b79dcaa5f896c91709a9ca80740c72dcb0a3e,4288,742,true,519,1,518,0.998073,0.000000,0.000000,0.002057,true,927,CORRECTED,0.000538,12681,14,0,2,1701245238991770771,0,SUCCEEDED,2206,46351,2,1701245238991770771,193,true,247,299,12,742,LIDAR_CORRECTION_CONVERGED,1785256511326903677,true,10994,0.029622,8055247,4291,742,5614,TRACKING,0.737197,547,16830
1525,1.000000,743,,/home/letandat/Dev/uav-navigation/src/navigation_estimator/fast_lio_ros/config/mid360_mutual_avoidance_uav1.yaml,ee37646f3b4668f13cad1febce5b79dcaa5f896c91709a9ca80740c72dcb0a3e,4294,743,false,519,1,518,0.998073,0.000000,0.000000,0.002057,true,927,UNAVAILABLE,0.000538,12681,14,0,2,1701245238991770771,1,NOT_ATTEMPTED,2206,46351,2,-1,194,false,247,299,12,743,OVERLAPPING_LIDAR_INTERVAL previous_synchronized_end_ns=1701245238991770771 current_scan_start_ns=1701245238991406202 current_scan_end_ns=1701245239024041202 overlap_duration_ns=364569 scan_index=740,1785256511342371776,false,10994,0.029622,8055247,4294,743,5614,TRACKING,0.736205,547,16830
404,1.000000,744,sensor_time,/home/letandat/Dev/uav-navigation/src/navigation_estimator/fast_lio_ros/config/mid360_mutual_avoidance_uav1.yaml,ee37646f3b4668f13cad1febce5b79dcaa5f896c91709a9ca80740c72dcb0a3e,4300,744,true,520,1,519,0.998077,0.000000,0.000000,0.002067,true,873,CORRECTED,0.000079,6111,13,0,3,1701245239058098581,0,SUCCEEDED,416,46355,2,1701245239058098581,194,true,227,149,12,744,LIDAR_CORRECTION_CONVERGED,1785256511384490238,true,5493,0.033756,8055247,4301,744,5614,TRACKING,0.736559,548,7912
1443,1.000000,745,sensor_time,/home/letandat/Dev/uav-navigation/src/navigation_estimator/fast_lio_ros/config/mid360_mutual_avoidance_uav1.yaml,ee37646f3b4668f13cad1febce5b79dcaa5f896c91709a9ca80740c72dcb0a3e,4306,745,true,521,1,520,0.998081,0.000000,0.000000,0.002060,true,1771,CORRECTED,0.000191,18400,8,0,3,1701245239091304806,0,SUCCEEDED,2158,46385,2,1701245239091304806,194,true,205,339,12,745,LIDAR_CORRECTION_CONVERGED,1785256511438607105,true,15934,0.032147,8055247,4311,745,5839,TRACKING,0.736913,549,28958
1443,1.000000,746,,/home/letandat/Dev/uav-navigation/src/navigation_estimator/fast_lio_ros/config/mid360_mutual_avoidance_uav1.yaml,ee37646f3b4668f13cad1febce5b79dcaa5f896c91709a9ca80740c72dcb0a3e,4311,746,false,521,1,520,0.998081,0.000000,0.000000,0.002060,true,1771,UNAVAILABLE,0.000191,18400,8,0,3,1701245239091304806,1,NOT_ATTEMPTED,2158,46385,2,-1,195,false,205,339,12,746,OVERLAPPING_LIDAR_INTERVAL previous_synchronized_end_ns=1701245239091304806 current_scan_start_ns=1701245239091046095 current_scan_end_ns=1701245239123681095 overlap_duration_ns=258711 scan_index=743,1785256511442032826,false,15934,0.032147,8055247,4311,746,5839,TRACKING,0.735925,549,28958
454,1.000000,747,sensor_time,/home/letandat/Dev/uav-navigation/src/navigation_estimator/fast_lio_ros/config/mid360_mutual_avoidance_uav1.yaml,ee37646f3b4668f13cad1febce5b79dcaa5f896c91709a9ca80740c72dcb0a3e,4317,747,true,522,1,521,0.998084,0.000000,0.000000,0.002069,true,876,CORRECTED,0.000041,6897,14,0,3,1701245239158032444,0,SUCCEEDED,542,46396,2,1701245239158032444,195,true,244,169,12,747,LIDAR_CORRECTION_CONVERGED,1785256511485348517,true,6197,0.034774,8055247,4319,747,5839,TRACKING,0.736278,550,8897
1366,1.000000,748,sensor_time,/home/letandat/Dev/uav-navigation/src/navigation_estimator/fast_lio_ros/config/mid360_mutual_avoidance_uav1.yaml,ee37646f3b4668f13cad1febce5b79dcaa5f896c91709a9ca80740c72dcb0a3e,4323,748,true,523,1,522,0.998088,0.000000,0.000000,0.002061,true,884,CORRECTED,0.000037,18031,7,0,3,1701245239191212442,0,SUCCEEDED,2027,46407,2,1701245239191212442,195,true,128,294,12,748,LIDAR_CORRECTION_CONVERGED,1785256511531135854,true,15729,0.029857,8055247,4327,748,5839,TRACKING,0.736631,551,21591
1742,1.000000,749,sensor_time,/home/letandat/Dev/uav-navigation/src/navigation_estimator/fast_lio_ros/config/mid360_mutual_avoidance_uav1.yaml,ee37646f3b4668f13cad1febce5b79dcaa5f896c91709a9ca80740c72dcb0a3e,4329,749,true,524,1,523,0.998092,0.000000,0.000000,0.002055,true,866,CORRECTED,0.000294,18913,8,0,3,1701245239225213554,0,SUCCEEDED,2351,46428,2,1701245239225213554,195,true,138,332,12,749,LIDAR_CORRECTION_CONVERGED,1785256511566483461,true,16184,0.025987,8055247,4333,749,5839,TRACKING,0.736983,552,22916
1742,1.000000,750,,/home/letandat/Dev/uav-navigation/src/navigation_estimator/fast_lio_ros/config/mid360_mutual_avoidance_uav1.yaml,ee37646f3b4668f13cad1febce5b79dcaa5f896c91709a9ca80740c72dcb0a3e,4334,750,false,524,1,523,0.998092,0.000000,0.000000,0.002055,true,866,UNAVAILABLE,0.000294,18913,8,0,3,1701245239225213554,1,NOT_ATTEMPTED,2351,46428,2,-1,196,false,138,332,12,750,OVERLAPPING_LIDAR_INTERVAL previous_synchronized_end_ns=1701245239225213554 current_scan_start_ns=1701245239224996090 current_scan_end_ns=1701245239257631090 overlap_duration_ns=217464 scan_index=747,1785256511576103083,false,16184,0.025987,8055247,4335,750,5839,TRACKING,0.736000,552,22916
1317,1.000000,751,sensor_time,/home/letandat/Dev/uav-navigation/src/navigation_estimator/fast_lio_ros/config/mid360_mutual_avoidance_uav1.yaml,ee37646f3b4668f13cad1febce5b79dcaa5f896c91709a9ca80740c72dcb0a3e,4340,751,true,525,1,524,0.998095,0.000000,0.000000,0.002058,true,902,CORRECTED,0.000513,12110,14,0,2,1701245239291705396,0,SUCCEEDED,1808,46448,2,1701245239291705396,196,true,233,277,12,751,LIDAR_CORRECTION_CONVERGED,1785256511626003685,true,10644,0.031563,8055247,4343,751,5839,TRACKING,0.736352,553,15636
1317,1.000000,752,,/home/letandat/Dev/uav-navigation/src/navigation_estimator/fast_lio_ros/config/mid360_mutual_avoidance_uav1.yaml,ee37646f3b4668f13cad1febce5b79dcaa5f896c91709a9ca80740c72dcb0a3e,4346,752,false,525,1,524,0.998095,0.000000,0.000000,0.002058,true,902,UNAVAILABLE,0.000513,12110,14,0,2,1701245239291705396,1,NOT_ATTEMPTED,1808,46448,2,-1,197,false,233,277,12,752,OVERLAPPING_LIDAR_INTERVAL previous_synchronized_end_ns=1701245239291705396 current_scan_start_ns=1701245239291410923 current_scan_end_ns=1701245239324045923 overlap_duration_ns=294473 scan_index=749,1785256511642193829,false,10644,0.031563,8055247,4346,752,5839,TRACKING,0.735372,553,15636
464,1.000000,753,sensor_time,/home/letandat/Dev/uav-navigation/src/navigation_estimator/fast_lio_ros/config/mid360_mutual_avoidance_uav1.yaml,ee37646f3b4668f13cad1febce5b79dcaa5f896c91709a9ca80740c72dcb0a3e,4352,753,true,526,1,525,0.998099,0.000000,0.000000,0.002068,true,921,CORRECTED,0.000056,7031,13,0,3,1701245239358083275,0,SUCCEEDED,547,46457,2,1701245239358083275,197,true,228,164,12,753,LIDAR_CORRECTION_CONVERGED,1785256511685565571,true,6311,0.034421,8055247,4354,753,5839,TRACKING,0.735724,554,9043
1150,1.000000,754,sensor_time,/home/letandat/Dev/uav-navigation/src/navigation_estimator/fast_lio_ros/config/mid360_mutual_avoidance_uav1.yaml,ee37646f3b4668f13cad1febce5b79dcaa5f896c91709a9ca80740c72dcb0a3e,4358,754,true,527,1,526,0.998102,0.000000,0.000000,0.002063,true,1702,CORRECTED,0.000272,18943,8,0,3,1701245239391276148,0,SUCCEEDED,1789,46477,2,1701245239391276148,197,true,194,372,12,754,LIDAR_CORRECTION_CONVERGED,1785256511732719491,true,16565,0.031283,8055247,4362,754,5839,TRACKING,0.736074,555,23224
1150,1.000000,755,,/home/letandat/Dev/uav-navigation/src/navigation_estimator/fast_lio_ros/config/mid360_mutual_avoidance_uav1.yaml,ee37646f3b4668f13cad1febce5b79dcaa5f896c91709a9ca80740c72dcb0a3e,4363,755,false,527,1,526,0.998102,0.000000,0.000000,0.002063,true,1702,UNAVAILABLE,0.000272,18943,8,0,3,1701245239391276148,1,NOT_ATTEMPTED,1789,46477,2,-1,198,false,194,372,12,755,OVERLAPPING_LIDAR_INTERVAL previous_synchronized_end_ns=1701245239391276148 current_scan_start_ns=1701245239391099453 current_scan_end_ns=1701245239423734453 overlap_duration_ns=176695 scan_index=752,1785256511742128039,false,16565,0.031283,8055247,4364,755,5839,TRACKING,0.735099,555,23224
534,1.000000,756,sensor_time,/home/letandat/Dev/uav-navigation/src/navigation_estimator/fast_lio_ros/config/mid360_mutual_avoidance_uav1.yaml,ee37646f3b4668f13cad1febce5b79dcaa5f896c91709a9ca80740c72dcb0a3e,4369,756,true,528,1,527,0.998106,0.000000,0.000000,0.002071,true,878,CORRECTED,0.000054,8063,14,0,3,1701245239458045509,0,SUCCEEDED,755,46487,2,1701245239458045509,198,true,242,173,12,756,LIDAR_CORRECTION_CONVERGED,1785256511786999027,true,7170,0.035203,8055247,4371,756,5839,TRACKING,0.735450,556,10269
1157,1.000000,757,sensor_time,/home/letandat/Dev/uav-navigation/src/navigation_estimator/fast_lio_ros/config/mid360_mutual_avoidance_uav1.yaml,ee37646f3b4668f13cad1febce5b79dcaa5f896c91709a9ca80740c72dcb0a3e,4375,757,true,529,1,528,0.998110,0.000000,0.000000,0.002065,true,1771,CORRECTED,0.000177,19242,7,0,3,1701245239491199043,0,SUCCEEDED,1754,46513,2,1701245239491199043,198,true,182,356,12,757,LIDAR_CORRECTION_CONVERGED,1785256511833015735,true,16939,0.034881,8055247,4379,757,5839,TRACKING,0.735799,557,23541
1765,1.000000,758,sensor_time,/home/letandat/Dev/uav-navigation/src/navigation_estimator/fast_lio_ros/config/mid360_mutual_avoidance_uav1.yaml,ee37646f3b4668f13cad1febce5b79dcaa5f896c91709a9ca80740c72dcb0a3e,4381,758,true,530,1,529,0.998113,0.000000,0.000000,0.002057,true,859,CORRECTED,0.000018,18754,8,0,3,1701245239525160339,0,SUCCEEDED,1685,46538,2,1701245239525160339,198,true,154,308,12,758,LIDAR_CORRECTION_CONVERGED,1785256511865617621,true,15907,0.024265,8055247,4385,758,5839,TRACKING,0.736148,558,22082
1765,1.000000,759,,/home/letandat/Dev/uav-navigation/src/navigation_estimator/fast_lio_ros/config/mid360_mutual_avoidance_uav1.yaml,ee37646f3b4668f13cad1febce5b79dcaa5f896c91709a9ca80740c72dcb0a3e,4387,759,false,530,1,529,0.998113,0.000000,0.000000,0.002057,true,859,UNAVAILABLE,0.000018,18754,8,0,3,1701245239525160339,1,NOT_ATTEMPTED,1685,46538,2,-1,199,false,154,308,12,759,OVERLAPPING_LIDAR_INTERVAL previous_synchronized_end_ns=1701245239525160339 current_scan_start_ns=1701245239524944067 current_scan_end_ns=1701245239557579067 overlap_duration_ns=216272 scan_index=756,1785256511875718391,false,15907,0.024265,8055247,4387,759,5839,TRACKING,0.735178,558,22082
1069,1.000000,760,sensor_time,/home/letandat/Dev/uav-navigation/src/navigation_estimator/fast_lio_ros/config/mid360_mutual_avoidance_uav1.yaml,ee37646f3b4668f13cad1febce5b79dcaa5f896c91709a9ca80740c72dcb0a3e,4393,760,true,531,1,530,0.998117,0.000000,0.000000,0.002061,true,836,CORRECTED,0.000259,15432,14,0,3,1701245239591747549,0,SUCCEEDED,1638,46563,2,1701245239591747549,199,true,221,255,12,760,LIDAR_CORRECTION_CONVERGED,1785256511934123661,true,13642,0.036472,8055247,4397,760,5155,TRACKING,0.735526,559,23884
1069,1.000000,761,,/home/letandat/Dev/uav-navigation/src/navigation_estimator/fast_lio_ros/config/mid360_mutual_avoidance_uav1.yaml,ee37646f3b4668f13cad1febce5b79dcaa5f896c91709a9ca80740c72dcb0a3e,4398,761,false,531,1,530,0.998117,0.000000,0.000000,0.002061,true,836,UNAVAILABLE,0.000259,15432,14,0,3,1701245239591747549,1,NOT_ATTEMPTED,1638,46563,2,-1,200,false,221,255,12,761,OVERLAPPING_LIDAR_INTERVAL previous_synchronized_end_ns=1701245239591747549 current_scan_start_ns=1701245239591416836 current_scan_end_ns=1701245239624051836 overlap_duration_ns=330713 scan_index=758,1785256511942185791,false,13642,0.036472,8055247,4398,761,5155,TRACKING,0.734560,559,23884
667,1.000000,762,sensor_time,/home/letandat/Dev/uav-navigation/src/navigation_estimator/fast_lio_ros/config/mid360_mutual_avoidance_uav1.yaml,ee37646f3b4668f13cad1febce5b79dcaa5f896c91709a9ca80740c72dcb0a3e,4404,762,true,532,1,531,0.998120,0.000000,0.000000,0.002068,true,1745,CORRECTED,0.000078,11565,13,0,3,1701245239658079651,0,SUCCEEDED,908,46568,2,1701245239658079651,200,true,331,274,12,762,LIDAR_CORRECTION_CONVERGED,1785256511991360094,true,10261,0.032947,8055247,4407,762,5155,TRACKING,0.734908,560,15022
962,1.000000,763,sensor_time,/home/letandat/Dev/uav-navigation/src/navigation_estimator/fast_lio_ros/config/mid360_mutual_avoidance_uav1.yaml,ee37646f3b4668f13cad1febce5b79dcaa5f896c91709a9ca80740c72dcb0a3e,4410,763,true,533,1,532,0.998124,0.000000,0.000000,0.002065,true,836,CORRECTED,0.000081,13887,8,0,3,1701245239691316154,0,SUCCEEDED,1424,46589,2,1701245239691316154,200,true,127,242,12,763,LIDAR_CORRECTION_CONVERGED,1785256512026440173,true,12316,0.034433,8055247,4413,763,5155,TRACKING,0.735256,561,16695
1713,1.000000,764,sensor_time,/home/letandat/Dev/uav-navigation/src/navigation_estimator/fast_lio_ros/config/mid360_mutual_avoidance_uav1.yaml,ee37646f3b4668f13cad1febce5b79dcaa5f896c91709a9ca80740c72dcb0a3e,4416,764,true,534,1,533,0.998127,0.000000,0.000000,0.002057,true,843,CORRECTED,0.000085,18145,8,0,3,1701245239725048330,0,SUCCEEDED,1633,46617,2,1701245239725048330,200,true,130,334,12,764,LIDAR_CORRECTION_CONVERGED,1785256512064667852,true,15350,0.025325,8055247,4420,764,5155,TRACKING,0.735602,562,21376
786,1.000000,765,sensor_time,/home/letandat/Dev/uav-navigation/src/navigation_estimator/fast_lio_ros/config/mid360_mutual_avoidance_uav1.yaml,ee37646f3b4668f13cad1febce5b79dcaa5f896c91709a9ca80740c72dcb0a3e,4421,765,true,535,1,534,0.998131,0.000000,0.000000,0.002059,true,866,CORRECTED,0.000064,11755,8,0,3,1701245239758027580,0,SUCCEEDED,1264,46627,2,1701245239758027580,200,true,127,234,12,765,LIDAR_CORRECTION_CONVERGED,1785256512090888445,true,10404,0.033928,8055247,4424,765,5155,TRACKING,0.735948,563,14519
981,1.000000,766,sensor_time,/home/letandat/Dev/uav-navigation/src/navigation_estimator/fast_lio_ros/config/mid360_mutual_avoidance_uav1.yaml,ee37646f3b4668f13cad1febce5b79dcaa5f896c91709a9ca80740c72dcb0a3e,4427,766,true,536,1,535,0.998134,0.000000,0.000000,0.002059,true,820,CORRECTED,0.000132,14082,7,0,3,1701245239791231182,0,SUCCEEDED,1416,46648,2,1701245239791231182,200,true,105,230,12,766,LIDAR_CORRECTION_CONVERGED,1785256512126550719,true,12426,0.033069,8055247,4430,766,5155,TRACKING,0.736292,564,16839
1696,1.000000,767,sensor_time,/home/letandat/Dev/uav-navigation/src/navigation_estimator/fast_lio_ros/config/mid360_mutual_avoidance_uav1.yaml,ee37646f3b4668f13cad1febce5b79dcaa5f896c91709a9ca80740c72dcb0a3e,4433,767,true,537,1,536,0.998138,0.000000,0.000000,0.002056,true,867,CORRECTED,0.000014,17394,8,0,3,1701245239825205829,0,SUCCEEDED,1569,46676,2,1701245239825205829,200,true,144,311,12,767,LIDAR_CORRECTION_CONVERGED,1785256512164146277,true,14562,0.024418,8055247,4437,767,5155,TRACKING,0.736636,565,20585
1696,1.000000,768,,/home/letandat/Dev/uav-navigation/src/navigation_estimator/fast_lio_ros/config/mid360_mutual_avoidance_uav1.yaml,ee37646f3b4668f13cad1febce5b79dcaa5f896c91709a9ca80740c72dcb0a3e,4439,768,false,537,1,536,0.998138,0.000000,0.000000,0.002056,true,867,UNAVAILABLE,0.000014,17394,8,0,3,1701245239825205829,1,NOT_ATTEMPTED,1569,46676,2,-1,201,false,144,311,12,768,OVERLAPPING_LIDAR_INTERVAL previous_synchronized_end_ns=1701245239825205829 current_scan_start_ns=1701245239824942112 current_scan_end_ns=1701245239857577112 overlap_duration_ns=263717 scan_index=765,1785256512175954993,false,14562,0.024418,8055247,4439,768,5155,TRACKING,0.735677,565,20585
918,1.000000,769,sensor_time,/home/letandat/Dev/uav-navigation/src/navigation_estimator/fast_lio_ros/config/mid360_mutual_avoidance_uav1.yaml,ee37646f3b4668f13cad1febce5b79dcaa5f896c91709a9ca80740c72dcb0a3e,4445,769,true,538,1,537,0.998141,0.000000,0.000000,0.002062,true,878,CORRECTED,0.000143,13030,14,0,3,1701245239891466882,0,SUCCEEDED,1248,46689,2,1701245239891466882,201,true,243,231,12,769,LIDAR_CORRECTION_CONVERGED,1785256512225766472,true,11546,0.034018,8055247,4447,769,5155,TRACKING,0.736021,566,15892
918,1.000000,770,,/home/letandat/Dev/uav-navigation/src/navigation_estimator/fast_lio_ros/config/mid360_mutual_avoidance_uav1.yaml,ee37646f3b4668f13cad1febce5b79dcaa5f896c91709a9ca80740c72dcb0a3e,4450,770,false,538,1,537,0.998141,0.000000,0.000000,0.002062,true,878,UNAVAILABLE,0.000143,13030,14,0,3,1701245239891466882,1,NOT_ATTEMPTED,1248,46689,2,-1,202,false,243,231,12,770,OVERLAPPING_LIDAR_INTERVAL previous_synchronized_end_ns=1701245239891466882 current_scan_start_ns=1701245239891416311 current_scan_end_ns=1701245239924051311 overlap_duration_ns=50571 scan_index=767,1785256512242384457,false,11546,0.034018,8055247,4451,770,5155,TRACKING,0.735065,566,15892
972,1.000000,771,sensor_time,/home/letandat/Dev/uav-navigation/src/navigation_estimator/fast_lio_ros/config/mid360_mutual_avoidance_uav1.yaml,ee37646f3b4668f13cad1febce5b79dcaa5f896c91709a9ca80740c72dcb0a3e,4456,771,true,539,1,538,0.998145,0.000000,0.000000,0.002066,true,901,CORRECTED,0.000066,13612,13,0,3,1701245239958096292,0,SUCCEEDED,1446,46710,2,1701245239958096292,202,true,227,250,12,771,LIDAR_CORRECTION_CONVERGED,1785256512293062789,true,12070,0.034073,8055247,4459,771,5155,TRACKING,0.735409,567,16647
762,1.000000,772,sensor_time,/home/letandat/Dev/uav-navigation/src/navigation_estimator/fast_lio_ros/config/mid360_mutual_avoidance_uav1.yaml,ee37646f3b4668f13cad1febce5b79dcaa5f896c91709a9ca80740c72dcb0a3e,4462,772,true,540,1,539,0.998148,0.000000,0.000000,0.002067,true,1236,CORRECTED,0.000036,10990,8,0,3,1701245239991260078,0,SUCCEEDED,1104,46722,2,1701245239991260078,202,true,146,189,12,772,LIDAR_CORRECTION_CONVERGED,1785256512323512493,true,9768,0.033331,8055247,4464,772,5155,TRACKING,0.735751,568,13859
1740,1.000000,773,sensor_time,/home/letandat/Dev/uav-navigation/src/navigation_estimator/fast_lio_ros/config/mid360_mutual_avoidance_uav1.yaml,ee37646f3b4668f13cad1febce5b79dcaa5f896c91709a9ca80740c72dcb0a3e,4468,773,true,541,1,540,0.998152,0.000000,0.000000,0.002058,true,817,CORRECTED,0.000065,18042,8,0,3,1701245240025075224,0,SUCCEEDED,1592,46747,2,1701245240025075224,202,true,129,324,12,773,LIDAR_CORRECTION_CONVERGED,1785256512370374370,true,15045,0.023255,8055247,4473,773,5438,TRACKING,0.736093,569,26654
1063,1.000000,774,sensor_time,/home/letandat/Dev/uav-navigation/src/navigation_estimator/fast_lio_ros/config/mid360_mutual_avoidance_uav1.yaml,ee37646f3b4668f13cad1febce5b79dcaa5f896c91709a9ca80740c72dcb0a3e,4473,774,true,542,1,541,0.998155,0.000000,0.000000,0.002057,true,980,CORRECTED,0.000039,14938,8,0,3,1701245240058020141,0,SUCCEEDED,1393,46767,2,1701245240058020141,202,true,140,248,12,774,LIDAR_CORRECTION_CONVERGED,1785256512394430751,true,13275,0.032492,8055247,4477,774,5438,TRACKING,0.736434,570,17983
733,1.000000,775,sensor_time,/home/letandat/Dev/uav-navigation/src/navigation_estimator/fast_lio_ros/config/mid360_mutual_avoidance_uav1.yaml,ee37646f3b4668f13cad1febce5b79dcaa5f896c91709a9ca80740c72dcb0a3e,4479,775,true,543,1,542,0.998158,0.000000,0.000000,0.002059,true,840,CORRECTED,0.000322,10018,8,0,3,1701245240091328886,0,SUCCEEDED,985,46775,2,1701245240091328886,202,true,126,185,12,775,LIDAR_CORRECTION_CONVERGED,1785256512422030934,true,8845,0.033670,8055247,4481,775,5438,TRACKING,0.736774,571,12342
1667,1.000000,776,sensor_time,/home/letandat/Dev/uav-navigation/src/navigation_estimator/fast_lio_ros/config/mid360_mutual_avoidance_uav1.yaml,ee37646f3b4668f13cad1febce5b79dcaa5f896c91709a9ca80740c72dcb0a3e,4485,776,true,544,1,543,0.998162,0.000000,0.000000,0.002056,true,812,CORRECTED,0.000059,17592,7,0,3,1701245240125174787,0,SUCCEEDED,1569,46802,2,1701245240125174787,202,true,109,306,12,776,LIDAR_CORRECTION_CONVERGED,1785256512464306886,true,14881,0.023353,8055247,4489,776,5438,TRACKING,0.737113,572,20659
1667,1.000000,777,,/home/letandat/Dev/uav-navigation/src/navigation_estimator/fast_lio_ros/config/mid360_mutual_avoidance_uav1.yaml,ee37646f3b4668f13cad1febce5b79dcaa5f896c91709a9ca80740c72dcb0a3e,4491,777,false,544,1,543,0.998162,0.000000,0.000000,0.002056,true,812,UNAVAILABLE,0.000059,17592,7,0,3,1701245240125174787,1,NOT_ATTEMPTED,1569,46802,2,-1,203,false,109,306,12,777,OVERLAPPING_LIDAR_INTERVAL previous_synchronized_end_ns=1701245240125174787 current_scan_start_ns=1701245240124921322 current_scan_end_ns=1701245240157556322 overlap_duration_ns=253465 scan_index=774,1785256512475812020,false,14881,0.023353,8055247,4491,777,5438,TRACKING,0.736165,572,20659
631,1.000000,778,sensor_time,/home/letandat/Dev/uav-navigation/src/navigation_estimator/fast_lio_ros/config/mid360_mutual_avoidance_uav1.yaml,ee37646f3b4668f13cad1febce5b79dcaa5f896c91709a9ca80740c72dcb0a3e,4497,778,true,545,1,544,0.998165,0.000000,0.000000,0.002064,true,844,CORRECTED,0.000033,9269,14,0,3,1701245240191729334,0,SUCCEEDED,781,46810,2,1701245240191729334,203,true,226,181,12,778,LIDAR_CORRECTION_CONVERGED,1785256512521621816,true,8264,0.034234,8055247,4499,778,5438,TRACKING,0.736504,573,11518
631,1.000000,779,,/home/letandat/Dev/uav-navigation/src/navigation_estimator/fast_lio_ros/config/mid360_mutual_avoidance_uav1.yaml,ee37646f3b4668f13cad1febce5b79dcaa5f896c91709a9ca80740c72dcb0a3e,4502,779,false,545,1,544,0.998165,0.000000,0.000000,0.002064,true,844,UNAVAILABLE,0.000033,9269,14,0,3,1701245240191729334,1,NOT_ATTEMPTED,781,46810,2,-1,204,false,226,181,12,779,OVERLAPPING_LIDAR_INTERVAL previous_synchronized_end_ns=1701245240191729334 current_scan_start_ns=1701245240191394567 current_scan_end_ns=1701245240224029567 overlap_duration_ns=334767 scan_index=776,1785256512542204959,false,8264,0.034234,8055247,4503,779,5438,TRACKING,0.735558,573,11518
1162,1.000000,780,sensor_time,/home/letandat/Dev/uav-navigation/src/navigation_estimator/fast_lio_ros/config/mid360_mutual_avoidance_uav1.yaml,ee37646f3b4668f13cad1febce5b79dcaa5f896c91709a9ca80740c72dcb0a3e,4508,780,true,546,1,545,0.998168,0.000000,0.000000,0.002064,true,1756,CORRECTED,0.000087,17251,14,0,3,1701245240258083847,0,SUCCEEDED,1620,46836,2,1701245240258083847,204,true,347,349,12,780,LIDAR_CORRECTION_CONVERGED,1785256512598053243,true,15352,0.032410,8055247,4512,780,5438,TRACKING,0.735897,574,21540
546,1.000000,781,sensor_time,/home/letandat/Dev/uav-navigation/src/navigation_estimator/fast_lio_ros/config/mid360_mutual_avoidance_uav1.yaml,ee37646f3b4668f13cad1febce5b79dcaa5f896c91709a9ca80740c72dcb0a3e,4514,781,true,547,1,546,0.998172,0.000000,0.000000,0.002067,true,876,CORRECTED,0.000153,7778,7,0,3,1701245240291237142,0,SUCCEEDED,659,46842,2,1701245240291237142,204,true,115,174,12,781,LIDAR_CORRECTION_CONVERGED,1785256512619427100,true,6886,0.033835,8055247,4516,781,5438,TRACKING,0.736236,575,9764
1779,1.000000,782,sensor_time,/home/letandat/Dev/uav-navigation/src/navigation_estimator/fast_lio_ros/config/mid360_mutual_avoidance_uav1.yaml,ee37646f3b4668f13cad1febce5b79dcaa5f896c91709a9ca80740c72dcb0a3e,4520,782,true,548,1,547,0.998175,0.000000,0.000000,0.002057,true,881,CORRECTED,0.000135,18965,8,0,3,1701245240325037267,0,SUCCEEDED,1809,46864,2,1701245240325037267,204,true,135,318,12,782,LIDAR_CORRECTION_CONVERGED,1785256512665507875,true,16143,0.025338,8055247,4524,782,5438,TRACKING,0.736573,576,22378
1779,1.000000,783,,/home/letandat/Dev/uav-navigation/src/navigation_estimator/fast_lio_ros/config/mid360_mutual_avoidance_uav1.yaml,ee37646f3b4668f13cad1febce5b79dcaa5f896c91709a9ca80740c72dcb0a3e,4525,783,false,548,1,547,0.998175,0.000000,0.000000,0.002057,true,881,UNAVAILABLE,0.000135,18965,8,0,3,1701245240325037267,1,NOT_ATTEMPTED,1809,46864,2,-1,205,false,135,318,12,783,OVERLAPPING_LIDAR_INTERVAL previous_synchronized_end_ns=1701245240325037267 current_scan_start_ns=1701245240324797153 current_scan_end_ns=1701245240357432153 overlap_duration_ns=240114 scan_index=780,1785256512675817329,false,16143,0.025338,8055247,4525,783,5438,TRACKING,0.735632,576,22378
443,1.000000,784,sensor_time,/home/letandat/Dev/uav-navigation/src/navigation_estimator/fast_lio_ros/config/mid360_mutual_avoidance_uav1.yaml,ee37646f3b4668f13cad1febce5b79dcaa5f896c91709a9ca80740c72dcb0a3e,4531,784,true,549,1,548,0.998179,0.000000,0.000000,0.002066,true,864,CORRECTED,0.000011,6784,14,0,3,1701245240391221550,0,SUCCEEDED,560,46872,2,1701245240391221550,205,true,236,156,12,784,LIDAR_CORRECTION_CONVERGED,1785256512718114073,true,6057,0.033263,8055247,4533,784,5438,TRACKING,0.735969,577,8791
1876,1.000000,785,sensor_time,/home/letandat/Dev/uav-navigation/src/navigation_estimator/fast_lio_ros/config/mid360_mutual_avoidance_uav1.yaml,ee37646f3b4668f13cad1febce5b79dcaa5f896c91709a9ca80740c72dcb0a3e,4537,785,true,550,1,549,0.998182,0.000000,0.000000,0.002057,true,929,CORRECTED,0.000132,21223,7,0,3,1701245240425245312,0,SUCCEEDED,1852,46891,2,1701245240425245312,205,true,143,326,12,785,LIDAR_CORRECTION_CONVERGED,1785256512768282427,true,17937,0.026980,8055247,4542,785,5438,TRACKING,0.736306,578,24750
1876,1.000000,786,,/home/letandat/Dev/uav-navigation/src/navigation_estimator/fast_lio_ros/config/mid360_mutual_avoidance_uav1.yaml,ee37646f3b4668f13cad1febce5b79dcaa5f896c91709a9ca80740c72dcb0a3e,4543,786,false,550,1,549,0.998182,0.000000,0.000000,0.002057,true,929,UNAVAILABLE,0.000132,21223,7,0,3,1701245240425245312,1,NOT_ATTEMPTED,1852,46891,2,-1,206,false,143,326,12,786,OVERLAPPING_LIDAR_INTERVAL previous_synchronized_end_ns=1701245240425245312 current_scan_start_ns=1701245240424754381 current_scan_end_ns=1701245240457389381 overlap_duration_ns=490931 scan_index=783,1785256512775732281,false,17937,0.026980,8055247,4543,786,5438,TRACKING,0.735369,578,24750
406,1.000000,787,sensor_time,/home/letandat/Dev/uav-navigation/src/navigation_estimator/fast_lio_ros/config/mid360_mutual_avoidance_uav1.yaml,ee37646f3b4668f13cad1febce5b79dcaa5f896c91709a9ca80740c72dcb0a3e,4549,787,true,551,1,550,0.998185,0.000000,0.000000,0.002067,true,1720,CORRECTED,0.000123,7884,14,0,3,1701245240491730478,0,SUCCEEDED,506,46895,2,1701245240491730478,206,true,347,201,12,787,LIDAR_CORRECTION_CONVERGED,1785256512826661532,true,6938,0.034158,8055247,4552,787,4954,TRACKING,0.735705,579,16073
406,1.000000,788,,/home/letandat/Dev/uav-navigation/src/navigation_estimator/fast_lio_ros/config/mid360_mutual_avoidance_uav1.yaml,ee37646f3b4668f13cad1febce5b79dcaa5f896c91709a9ca80740c72dcb0a3e,4554,788,false,551,1,550,0.998185,0.000000,0.000000,0.002067,true,1720,UNAVAILABLE,0.000123,7884,14,0,3,1701245240491730478,1,NOT_ATTEMPTED,506,46895,2,-1,207,false,347,201,12,788,OVERLAPPING_LIDAR_INTERVAL previous_synchronized_end_ns=1701245240491730478 current_scan_start_ns=1701245240491427660 current_scan_end_ns=1701245240524062660 overlap_duration_ns=302818 scan_index=785,1785256512842526404,false,6938,0.034158,8055247,4555,788,4954,TRACKING,0.734772,579,16073
1444,1.000000,789,sensor_time,/home/letandat/Dev/uav-navigation/src/navigation_estimator/fast_lio_ros/config/mid360_mutual_avoidance_uav1.yaml,ee37646f3b4668f13cad1febce5b79dcaa5f896c91709a9ca80740c72dcb0a3e,4560,789,true,552,1,551,0.998188,0.000000,0.000000,0.002063,true,879,CORRECTED,0.000107,24861,14,0,4,1701245240558071640,0,SUCCEEDED,1946,46916,2,1701245240558071640,207,true,233,284,12,789,LIDAR_CORRECTION_CONVERGED,1785256512904934387,true,21751,0.032138,8055247,4565,789,4954,TRACKING,0.735108,580,28417
374,1.000000,790,sensor_time,/home/letandat/Dev/uav-navigation/src/navigation_estimator/fast_lio_ros/config/mid360_mutual_avoidance_uav1.yaml,ee37646f3b4668f13cad1febce5b79dcaa5f896c91709a9ca80740c72dcb0a3e,4566,790,true,553,1,552,0.998192,0.000000,0.000000,0.002067,true,902,CORRECTED,0.000033,5439,7,0,3,1701245240591248539,0,SUCCEEDED,434,46922,2,1701245240591248539,207,true,115,134,12,790,LIDAR_CORRECTION_CONVERGED,1785256512916895198,true,4849,0.032946,8055247,4567,790,4954,TRACKING,0.735443,581,7186
374,1.000000,791,,/home/letandat/Dev/uav-navigation/src/navigation_estimator/fast_lio_ros/config/mid360_mutual_avoidance_uav1.yaml,ee37646f3b4668f13cad1febce5b79dcaa5f896c91709a9ca80740c72dcb0a3e,4572,791,false,553,1,552,0.998192,0.000000,0.000000,0.002067,true,902,UNAVAILABLE,0.000033,5439,7,0,3,1701245240591248539,1,NOT_ATTEMPTED,434,46922,2,-1,208,false,115,134,12,791,OVERLAPPING_LIDAR_INTERVAL previous_synchronized_end_ns=1701245240591248539 current_scan_start_ns=1701245240591058254 current_scan_end_ns=1701245240623693254 overlap_duration_ns=190285 scan_index=788,1785256512941870534,false,4849,0.032946,8055247,4572,791,4954,TRACKING,0.734513,581,7186
1538,1.000000,792,sensor_time,/home/letandat/Dev/uav-navigation/src/navigation_estimator/fast_lio_ros/config/mid360_mutual_avoidance_uav1.yaml,ee37646f3b4668f13cad1febce5b79dcaa5f896c91709a9ca80740c72dcb0a3e,4578,792,true,554,1,553,0.998195,0.000000,0.000000,0.002062,true,836,CORRECTED,0.000461,19720,14,0,3,1701245240658009079,0,SUCCEEDED,2049,46959,2,1701245240658009079,208,true,231,283,12,792,LIDAR_CORRECTION_CONVERGED,1785256512999910298,true,17233,0.030506,8055247,4582,792,4954,TRACKING,0.734848,582,23366
368,1.000000,793,sensor_time,/home/letandat/Dev/uav-navigation/src/navigation_estimator/fast_lio_ros/config/mid360_mutual_avoidance_uav1.yaml,ee37646f3b4668f13cad1febce5b79dcaa5f896c91709a9ca80740c72dcb0a3e,4583,793,true,555,1,554,0.998198,0.000000,0.000000,0.002066,true,910,CORRECTED,0.000027,5257,8,0,3,1701245240691204098,0,SUCCEEDED,407,46964,2,1701245240691204098,208,true,133,135,12,793,LIDAR_CORRECTION_CONVERGED,1785256513016826815,true,4712,0.035258,8055247,4585,793,4954,TRACKING,0.735183,583,7001
1664,1.000000,794,sensor_time,/home/letandat/Dev/uav-navigation/src/navigation_estimator/fast_lio_ros/config/mid360_mutual_avoidance_uav1.yaml,ee37646f3b4668f13cad1febce5b79dcaa5f896c91709a9ca80740c72dcb0a3e,4589,794,true,556,1,555,0.998201,0.000000,0.000000,0.002058,true,893,CORRECTED,0.000192,19498,8,0,3,1701245240725159195,0,SUCCEEDED,1859,46985,2,1701245240725159195,208,true,129,302,12,794,LIDAR_CORRECTION_CONVERGED,1785256513066739677,true,16837,0.028355,8055247,4593,794,4954,TRACKING,0.735516,584,22930
1664,1.000000,795,,/home/letandat/Dev/uav-navigation/src/navigation_estimator/fast_lio_ros/config/mid360_mutual_avoidance_uav1.yaml,ee37646f3b4668f13cad1febce5b79dcaa5f896c91709a9ca80740c72dcb0a3e,4595,795,false,556,1,555,0.998201,0.000000,0.000000,0.002058,true,893,UNAVAILABLE,0.000192,19498,8,0,3,1701245240725159195,1,NOT_ATTEMPTED,1859,46985,2,-1,209,false,129,302,12,795,OVERLAPPING_LIDAR_INTERVAL previous_synchronized_end_ns=1701245240725159195 current_scan_start_ns=1701245240724929094 current_scan_end_ns=1701245240757564094 overlap_duration_ns=230101 scan_index=792,1785256513075878580,false,16837,0.028355,8055247,4595,795,4954,TRACKING,0.734591,584,22930
376,1.000000,796,sensor_time,/home/letandat/Dev/uav-navigation/src/navigation_estimator/fast_lio_ros/config/mid360_mutual_avoidance_uav1.yaml,ee37646f3b4668f13cad1febce5b79dcaa5f896c91709a9ca80740c72dcb0a3e,4601,796,true,557,1,556,0.998205,0.000000,0.000000,0.002068,true,958,CORRECTED,0.000186,5556,13,0,3,1701245240791734722,0,SUCCEEDED,427,46987,2,1701245240791734722,209,true,214,141,12,796,LIDAR_CORRECTION_CONVERGED,1785256513117614584,true,4950,0.033437,8055247,4602,796,4954,TRACKING,0.734925,585,7482
376,1.000000,797,,/home/letandat/Dev/uav-navigation/src/navigation_estimator/fast_lio_ros/config/mid360_mutual_avoidance_uav1.yaml,ee37646f3b4668f13cad1febce5b79dcaa5f896c91709a9ca80740c72dcb0a3e,4606,797,false,557,1,556,0.998205,0.000000,0.000000,0.002068,true,958,UNAVAILABLE,0.000186,5556,13,0,3,1701245240791734722,1,NOT_ATTEMPTED,427,46987,2,-1,210,false,214,141,12,797,OVERLAPPING_LIDAR_INTERVAL previous_synchronized_end_ns=1701245240791734722 current_scan_start_ns=1701245240791388750 current_scan_end_ns=1701245240824023750 overlap_duration_ns=345972 scan_index=794,1785256513142359936,false,4950,0.033437,8055247,4607,797,4954,TRACKING,0.734003,585,7482
1655,1.000000,798,sensor_time,/home/letandat/Dev/uav-navigation/src/navigation_estimator/fast_lio_ros/config/mid360_mutual_avoidance_uav1.yaml,ee37646f3b4668f13cad1febce5b79dcaa5f896c91709a9ca80740c72dcb0a3e,4612,798,true,558,1,557,0.998208,0.000000,0.000000,0.002062,true,1717,CORRECTED,0.000324,21188,14,0,3,1701245240858075884,0,SUCCEEDED,1980,47018,2,1701245240858075884,210,true,355,527,12,798,LIDAR_CORRECTION_CONVERGED,1785256513202353282,true,18399,0.029670,8055247,4617,798,4954,TRACKING,0.734336,586,26007
337,1.000000,799,sensor_time,/home/letandat/Dev/uav-navigation/src/navigation_estimator/fast_lio_ros/config/mid360_mutual_avoidance_uav1.yaml,ee37646f3b4668f13cad1febce5b79dcaa5f896c91709a9ca80740c72dcb0a3e,4618,799,true,559,1,558,0.998211,0.000000,0.000000,0.002066,true,945,CORRECTED,0.000024,5297,7,0,3,1701245240891248729,0,SUCCEEDED,388,47018,2,1701245240891248729,210,true,123,137,12,799,LIDAR_CORRECTION_CONVERGED,1785256513216530674,true,4726,0.036503,8055247,4619,799,4954,TRACKING,0.734668,587,7065
1703,1.000000,800,sensor_time,/home/letandat/Dev/uav-navigation/src/navigation_estimator/fast_lio_ros/config/mid360_mutual_avoidance_uav1.yaml,ee37646f3b4668f13cad1febce5b79dcaa5f896c91709a9ca80740c72dcb0a3e,4624,800,true,560,1,559,0.998214,0.000000,0.000000,0.002058,true,1673,CORRECTED,0.000154,20819,8,0,3,1701245240925022867,0,SUCCEEDED,1994,47054,2,1701245240925022867,210,true,184,416,12,800,LIDAR_CORRECTION_CONVERGED,1785256513268683558,true,18046,0.029816,8055247,4628,800,4954,TRACKING,0.735000,588,25367
1676,1.000000,801,sensor_time,/home/letandat/Dev/uav-navigation/src/navigation_estimator/fast_lio_ros/config/mid360_mutual_avoidance_uav1.yaml,ee37646f3b4668f13cad1febce5b79dcaa5f896c91709a9ca80740c72dcb0a3e,4630,801,true,561,1,560,0.998217,0.000000,0.000000,0.002055,true,927,CORRECTED,0.000112,21170,8,0,3,1701245240958050993,0,SUCCEEDED,2040,47089,2,1701245240958050993,210,true,141,326,12,801,LIDAR_CORRECTION_CONVERGED,1785256513306992789,true,18347,0.028780,8055247,4635,801,5285,TRACKING,0.735331,589,30238
333,1.000000,802,sensor_time,/home/letandat/Dev/uav-navigation/src/navigation_estimator/fast_lio_ros/config/mid360_mutual_avoidance_uav1.yaml,ee37646f3b4668f13cad1febce5b79dcaa5f896c91709a9ca80740c72dcb0a3e,4636,802,true,562,1,561,0.998221,0.000000,0.000000,0.002060,true,1026,CORRECTED,0.000000,5499,8,0,3,1701245240991327551,0,SUCCEEDED,403,47093,2,1701245240991327551,210,true,146,150,12,802,LIDAR_CORRECTION_CONVERGED,1785256513316867611,true,4902,0.033231,8055247,4637,802,5285,TRACKING,0.735661,590,7413
1683,1.000000,803,sensor_time,/home/letandat/Dev/uav-navigation/src/navigation_estimator/fast_lio_ros/config/mid360_mutual_avoidance_uav1.yaml,ee37646f3b4668f13cad1febce5b79dcaa5f896c91709a9ca80740c72dcb0a3e,4641,803,true,563,1,562,0.998224,0.000000,0.000000,0.002056,true,875,CORRECTED,0.000055,20024,8,0,3,1701245241025226858,0,SUCCEEDED,1970,47116,2,1701245241025226858,210,true,129,314,12,803,LIDAR_CORRECTION_CONVERGED,1785256513367196812,true,17277,0.029042,8055247,4645,803,5285,TRACKING,0.735990,591,23553
1683,1.000000,804,,/home/letandat/Dev/uav-navigation/src/navigation_estimator/fast_lio_ros/config/mid360_mutual_avoidance_uav1.yaml,ee37646f3b4668f13cad1febce5b79dcaa5f896c91709a9ca80740c72dcb0a3e,4647,804,false,563,1,562,0.998224,0.000000,0.000000,0.002056,true,875,UNAVAILABLE,0.000055,20024,8,0,3,1701245241025226858,1,NOT_ATTEMPTED,1970,47116,2,-1,211,false,129,314,12,804,OVERLAPPING_LIDAR_INTERVAL previous_synchronized_end_ns=1701245241025226858 current_scan_start_ns=1701245241025010109 current_scan_end_ns=1701245241057645109 overlap_duration_ns=216749 scan_index=801,1785256513376038586,false,17277,0.029042,8055247,4647,804,5285,TRACKING,0.735075,591,23553
362,1.000000,805,sensor_time,/home/letandat/Dev/uav-navigation/src/navigation_estimator/fast_lio_ros/config/mid360_mutual_avoidance_uav1.yaml,ee37646f3b4668f13cad1febce5b79dcaa5f896c91709a9ca80740c72dcb0a3e,4653,805,true,564,1,563,0.998227,0.000000,0.000000,0.002066,true,896,CORRECTED,0.000060,5134,13,0,3,1701245241091697004,0,SUCCEEDED,355,47119,2,1701245241091697004,211,true,236,133,12,805,LIDAR_CORRECTION_CONVERGED,1785256513416903681,true,4576,0.032429,8055247,4654,805,5285,TRACKING,0.735404,592,6928
362,1.000000,806,,/home/letandat/Dev/uav-navigation/src/navigation_estimator/fast_lio_ros/config/mid360_mutual_avoidance_uav1.yaml,ee37646f3b4668f13cad1febce5b79dcaa5f896c91709a9ca80740c72dcb0a3e,4657,806,false,564,1,563,0.998227,0.000000,0.000000,0.002066,true,896,UNAVAILABLE,0.000060,5134,13,0,3,1701245241091697004,1,NOT_ATTEMPTED,355,47119,2,-1,212,false,236,133,12,806,OVERLAPPING_LIDAR_INTERVAL previous_synchronized_end_ns=1701245241091697004 current_scan_start_ns=1701245241091410398 current_scan_end_ns=1701245241124045398 overlap_duration_ns=286606 scan_index=803,1785256513442189364,false,4576,0.032429,8055247,4657,806,5285,TRACKING,0.734491,592,6928
1667,1.000000,807,sensor_time,/home/letandat/Dev/uav-navigation/src/navigation_estimator/fast_lio_ros/config/mid360_mutual_avoidance_uav1.yaml,ee37646f3b4668f13cad1febce5b79dcaa5f896c91709a9ca80740c72dcb0a3e,4662,807,true,565,1,564,0.998230,0.000000,0.000000,0.002069,true,930,CORRECTED,0.000366,20104,11,0,3,1701245241158118751,0,SUCCEEDED,1932,47142,2,1701245241158118751,212,true,195,326,12,807,LIDAR_CORRECTION_CONVERGED,1785256513500178885,true,17358,0.028248,16989504,4666,807,5285,TRACKING,0.734820,593,23737
389,1.000000,808,sensor_time,/home/letandat/Dev/uav-navigation/src/navigation_estimator/fast_lio_ros/config/mid360_mutual_avoidance_uav1.yaml,ee37646f3b4668f13cad1febce5b79dcaa5f896c91709a9ca80740c72dcb0a3e,4667,808,true,566,1,565,0.998233,0.000000,0.000000,0.002072,true,926,CORRECTED,0.000063,5700,7,0,3,1701245241191272762,0,SUCCEEDED,441,47146,2,1701245241191272762,212,true,114,158,12,808,LIDAR_CORRECTION_CONVERGED,1785256513517022102,true,5089,0.036402,16989504,4668,808,5285,TRACKING,0.735149,594,7514
389,1.000000,809,,/home/letandat/Dev/uav-navigation/src/navigation_estimator/fast_lio_ros/config/mid360_mutual_avoidance_uav1.yaml,ee37646f3b4668f13cad1febce5b79dcaa5f896c91709a9ca80740c72dcb0a3e,4673,809,false,566,1,565,0.998233,0.000000,0.000000,0.002072,true,926,UNAVAILABLE,0.000063,5700,7,0,3,1701245241191272762,1,NOT_ATTEMPTED,441,47146,2,-1,213,false,114,158,12,809,OVERLAPPING_LIDAR_INTERVAL previous_synchronized_end_ns=1701245241191272762 current_scan_start_ns=1701245241191041231 current_scan_end_ns=1701245241223676231 overlap_duration_ns=231531 scan_index=806,1785256513541973955,false,5089,0.036402,16989504,4673,809,5285,TRACKING,0.734240,594,7514
1685,1.000000,810,sensor_time,/home/letandat/Dev/uav-navigation/src/navigation_estimator/fast_lio_ros/config/mid360_mutual_avoidance_uav1.yaml,ee37646f3b4668f13cad1febce5b79dcaa5f896c91709a9ca80740c72dcb0a3e,4679,810,true,567,1,566,0.998236,0.000000,0.000000,0.002066,true,1680,CORRECTED,0.000236,19850,14,0,3,1701245241258051422,0,SUCCEEDED,1760,47174,2,1701245241258051422,213,true,332,402,12,810,LIDAR_CORRECTION_CONVERGED,1785256513600609886,true,17251,0.027110,16989504,4683,810,5285,TRACKING,0.734568,595,24273
371,1.000000,811,sensor_time,/home/letandat/Dev/uav-navigation/src/navigation_estimator/fast_lio_ros/config/mid360_mutual_avoidance_uav1.yaml,ee37646f3b4668f13cad1febce5b79dcaa5f896c91709a9ca80740c72dcb0a3e,4684,811,true,568,1,567,0.998239,0.000000,0.000000,0.002070,true,893,CORRECTED,0.000119,5527,8,0,3,1701245241291229990,0,SUCCEEDED,477,47177,2,1701245241291229990,213,true,123,148,12,811,LIDAR_CORRECTION_CONVERGED,1785256513617085031,true,4925,0.033146,16989504,4686,811,5285,TRACKING,0.734895,596,7352
1563,1.000000,812,sensor_time,/home/letandat/Dev/uav-navigation/src/navigation_estimator/fast_lio_ros/config/mid360_mutual_avoidance_uav1.yaml,ee37646f3b4668f13cad1febce5b79dcaa5f896c91709a9ca80740c72dcb0a3e,4690,812,true,569,1,568,0.998243,0.000000,0.000000,0.002062,true,943,CORRECTED,0.000246,23334,8,0,3,1701245241325196054,0,SUCCEEDED,2694,47198,2,1701245241325196054,213,true,137,378,12,812,LIDAR_CORRECTION_CONVERGED,1785256513671628448,true,19635,0.029417,16989504,4696,812,5285,TRACKING,0.735222,597,27804
1563,1.000000,813,,/home/letandat/Dev/uav-navigation/src/navigation_estimator/fast_lio_ros/config/mid360_mutual_avoidance_uav1.yaml,ee37646f3b4668f13cad1febce5b79dcaa5f896c91709a9ca80740c72dcb0a3e,4696,813,false,569,1,568,0.998243,0.000000,0.000000,0.002062,true,943,UNAVAILABLE,0.000246,23334,8,0,3,1701245241325196054,1,NOT_ATTEMPTED,2694,47198,2,-1,214,false,137,378,12,813,OVERLAPPING_LIDAR_INTERVAL previous_synchronized_end_ns=1701245241325196054 current_scan_start_ns=1701245241324732542 current_scan_end_ns=1701245241357367542 overlap_duration_ns=463512 scan_index=810,1785256513675548641,false,19635,0.029417,16989504,4696,813,5285,TRACKING,0.734317,597,27804
338,1.000000,814,sensor_time,/home/letandat/Dev/uav-navigation/src/navigation_estimator/fast_lio_ros/config/mid360_mutual_avoidance_uav1.yaml,ee37646f3b4668f13cad1febce5b79dcaa5f896c91709a9ca80740c72dcb0a3e,4702,814,true,570,1,569,0.998246,0.000000,0.000000,0.002072,true,1711,CORRECTED,0.000023,6340,13,0,3,1701245241391573217,0,SUCCEEDED,504,47198,2,1701245241391573217,214,true,302,168,12,814,LIDAR_CORRECTION_CONVERGED,1785256513719343188,true,5413,0.033099,16989504,4704,814,5285,TRACKING,0.734644,598,9246
338,1.000000,815,,/home/letandat/Dev/uav-navigation/src/navigation_estimator/fast_lio_ros/config/mid360_mutual_avoidance_uav1.yaml,ee37646f3b4668f13cad1febce5b79dcaa5f896c91709a9ca80740c72dcb0a3e,4708,815,false,570,1,569,0.998246,0.000000,0.000000,0.002072,true,1711,UNAVAILABLE,0.000023,6340,13,0,3,1701245241391573217,1,NOT_ATTEMPTED,504,47198,2,-1,215,false,302,168,12,815,OVERLAPPING_LIDAR_INTERVAL previous_synchronized_end_ns=1701245241391573217 current_scan_start_ns=1701245241391474009 current_scan_end_ns=1701245241424109009 overlap_duration_ns=99208 scan_index=812,1785256513742319306,false,5413,0.033099,16989504,4708,815,5285,TRACKING,0.733742,598,9246
1851,1.000000,816,sensor_time,/home/letandat/Dev/uav-navigation/src/navigation_estimator/fast_lio_ros/config/mid360_mutual_avoidance_uav1.yaml,ee37646f3b4668f13cad1febce5b79dcaa5f896c91709a9ca80740c72dcb0a3e,4714,816,true,571,1,570,0.998249,0.000000,0.000000,0.002062,true,1715,CORRECTED,0.000091,24014,14,0,3,1701245241458089140,0,SUCCEEDED,1861,47219,2,1701245241458089140,215,true,338,466,12,816,LIDAR_CORRECTION_CONVERGED,1785256513810335756,true,20056,0.026000,16989504,4719,817,4784,TRACKING,0.734069,599,33455
333,1.000000,817,sensor_time,/home/letandat/Dev/uav-navigation/src/navigation_estimator/fast_lio_ros/config/mid360_mutual_avoidance_uav1.yaml,ee37646f3b4668f13cad1febce5b79dcaa5f896c91709a9ca80740c72dcb0a3e,4719,817,true,572,1,571,0.998252,0.000000,0.000000,0.002066,true,871,CORRECTED,0.000034,6704,8,0,3,1701245241491362360,0,SUCCEEDED,512,47222,2,1701245241491362360,215,true,123,131,12,817,LIDAR_CORRECTION_CONVERGED,1785256513819953417,true,5916,0.033909,16989504,4721,817,4784,TRACKING,0.734394,600,8680
1382,1.000000,818,sensor_time,/home/letandat/Dev/uav-navigation/src/navigation_estimator/fast_lio_ros/config/mid360_mutual_avoidance_uav1.yaml,ee37646f3b4668f13cad1febce5b79dcaa5f896c91709a9ca80740c72dcb0a3e,4725,818,true,573,1,572,0.998255,0.000000,0.000000,0.002060,true,1666,CORRECTED,0.000170,18240,7,0,3,1701245241525022295,0,SUCCEEDED,1979,47247,2,1701245241525022295,215,true,164,369,12,818,LIDAR_CORRECTION_CONVERGED,1785256513866124842,true,15974,0.032579,16989504,4729,818,4784,TRACKING,0.734719,601,22646
1807,1.000000,819,sensor_time,/home/letandat/Dev/uav-navigation/src/navigation_estimator/fast_lio_ros/config/mid360_mutual_avoidance_uav1.yaml,ee37646f3b4668f13cad1febce5b79dcaa5f896c91709a9ca80740c72dcb0a3e,4731,819,true,574,1,573,0.998258,0.000000,0.000000,0.002055,true,897,CORRECTED,0.000295,20604,8,0,3,1701245241558050897,0,SUCCEEDED,1835,47278,2,1701245241558050897,215,true,146,336,12,819,LIDAR_CORRECTION_CONVERGED,1785256513900625665,true,17393,0.027625,16989504,4735,819,4784,TRACKING,0.735043,602,24139
425,1.000000,820,sensor_time,/home/letandat/Dev/uav-navigation/src/navigation_estimator/fast_lio_ros/config/mid360_mutual_avoidance_uav1.yaml,ee37646f3b4668f13cad1febce5b79dcaa5f896c91709a9ca80740c72dcb0a3e,4737,820,true,575,1,574,0.998261,0.000000,0.000000,0.002059,true,881,CORRECTED,0.000231,4323,8,0,2,1701245241591226843,0,SUCCEEDED,547,47282,2,1701245241591226843,215,true,130,143,12,820,LIDAR_CORRECTION_CONVERGED,1785256513916161467,true,3877,0.033694,16989504,4738,820,4784,TRACKING,0.735366,603,6333
1245,1.000000,821,sensor_time,/home/letandat/Dev/uav-navigation/src/navigation_estimator/fast_lio_ros/config/mid360_mutual_avoidance_uav1.yaml,ee37646f3b4668f13cad1febce5b79dcaa5f896c91709a9ca80740c72dcb0a3e,4742,821,true,576,1,575,0.998264,0.000000,0.000000,0.002058,true,868,CORRECTED,0.000217,16848,8,0,3,1701245241625170734,0,SUCCEEDED,1691,47305,2,1701245241625170734,215,true,150,296,12,821,LIDAR_CORRECTION_CONVERGED,1785256513963511930,true,14783,0.030088,16989504,4746,821,4784,TRACKING,0.735688,604,20049
1245,1.000000,822,,/home/letandat/Dev/uav-navigation/src/navigation_estimator/fast_lio_ros/config/mid360_mutual_avoidance_uav1.yaml,ee37646f3b4668f13cad1febce5b79dcaa5f896c91709a9ca80740c72dcb0a3e,4748,822,false,576,1,575,0.998264,0.000000,0.000000,0.002058,true,868,UNAVAILABLE,0.000217,16848,8,0,3,1701245241625170734,1,NOT_ATTEMPTED,1691,47305,2,-1,216,false,150,296,12,822,OVERLAPPING_LIDAR_INTERVAL previous_synchronized_end_ns=1701245241625170734 current_scan_start_ns=1701245241624776125 current_scan_end_ns=1701245241657411125 overlap_duration_ns=394609 scan_index=819,1785256513975611297,false,14783,0.030088,16989504,4748,822,4784,TRACKING,0.734793,604,20049
515,1.000000,823,sensor_time,/home/letandat/Dev/uav-navigation/src/navigation_estimator/fast_lio_ros/config/mid360_mutual_avoidance_uav1.yaml,ee37646f3b4668f13cad1febce5b79dcaa5f896c91709a9ca80740c72dcb0a3e,4754,823,true,577,1,576,0.998267,0.000000,0.000000,0.002067,true,937,CORRECTED,0.000116,7304,13,0,3,1701245241691754368,0,SUCCEEDED,620,47313,2,1701245241691754368,216,true,221,157,12,823,LIDAR_CORRECTION_CONVERGED,1785256514019443199,true,6532,0.034446,16989504,4756,823,4784,TRACKING,0.735115,605,9397
515,1.000000,824,,/home/letandat/Dev/uav-navigation/src/navigation_estimator/fast_lio_ros/config/mid360_mutual_avoidance_uav1.yaml,ee37646f3b4668f13cad1febce5b79dcaa5f896c91709a9ca80740c72dcb0a3e,4760,824,false,577,1,576,0.998267,0.000000,0.000000,0.002067,true,937,UNAVAILABLE,0.000116,7304,13,0,3,1701245241691754368,1,NOT_ATTEMPTED,620,47313,2,-1,217,false,221,157,12,824,OVERLAPPING_LIDAR_INTERVAL previous_synchronized_end_ns=1701245241691754368 current_scan_start_ns=1701245241691406488 current_scan_end_ns=1701245241724041488 overlap_duration_ns=347880 scan_index=821,1785256514042086151,false,6532,0.034446,16989504,4760,824,4784,TRACKING,0.734223,605,9397
1725,1.000000,825,sensor_time,/home/letandat/Dev/uav-navigation/src/navigation_estimator/fast_lio_ros/config/mid360_mutual_avoidance_uav1.yaml,ee37646f3b4668f13cad1febce5b79dcaa5f896c91709a9ca80740c72dcb0a3e,4766,825,true,578,1,577,0.998270,0.000000,0.000000,0.002061,true,880,CORRECTED,0.000319,18622,14,0,3,1701245241758100775,0,SUCCEEDED,1675,47337,2,1701245241758100775,217,true,219,295,12,825,LIDAR_CORRECTION_CONVERGED,1785256514098483718,true,15732,0.026199,16989504,4770,825,4784,TRACKING,0.734545,606,21945
615,1.000000,826,sensor_time,/home/letandat/Dev/uav-navigation/src/navigation_estimator/fast_lio_ros/config/mid360_mutual_avoidance_uav1.yaml,ee37646f3b4668f13cad1febce5b79dcaa5f896c91709a9ca80740c72dcb0a3e,4771,826,true,579,1,578,0.998273,0.000000,0.000000,0.002062,true,896,CORRECTED,0.000000,8863,8,0,3,1701245241791236427,0,SUCCEEDED,830,47346,2,1701245241791236427,217,true,131,175,12,826,LIDAR_CORRECTION_CONVERGED,1785256514120811839,true,7908,0.031930,16989504,4773,826,4784,TRACKING,0.734867,607,11098
615,1.000000,827,,/home/letandat/Dev/uav-navigation/src/navigation_estimator/fast_lio_ros/config/mid360_mutual_avoidance_uav1.yaml,ee37646f3b4668f13cad1febce5b79dcaa5f896c91709a9ca80740c72dcb0a3e,4777,827,false,579,1,578,0.998273,0.000000,0.000000,0.002062,true,896,UNAVAILABLE,0.000000,8863,8,0,3,1701245241791236427,1,NOT_ATTEMPTED,830,47346,2,-1,218,false,131,175,12,827,OVERLAPPING_LIDAR_INTERVAL previous_synchronized_end_ns=1701245241791236427 current_scan_start_ns=1701245241791059971 current_scan_end_ns=1701245241823694971 overlap_duration_ns=176456 scan_index=824,1785256514141791528,false,7908,0.031930,16989504,4777,827,4784,TRACKING,0.733978,607,11098
1692,1.000000,828,sensor_time,/home/letandat/Dev/uav-navigation/src/navigation_estimator/fast_lio_ros/config/mid360_mutual_avoidance_uav1.yaml,ee37646f3b4668f13cad1febce5b79dcaa5f896c91709a9ca80740c72dcb0a3e,4783,828,true,580,1,579,0.998276,0.000000,0.000000,0.002059,true,833,CORRECTED,0.000170,17475,13,0,3,1701245241858037021,0,SUCCEEDED,1591,47375,2,1701245241858037021,218,true,214,303,12,828,LIDAR_CORRECTION_CONVERGED,1785256514197185968,true,14945,0.026932,16989504,4786,828,4784,TRACKING,0.734300,608,20682
679,1.000000,829,sensor_time,/home/letandat/Dev/uav-navigation/src/navigation_estimator/fast_lio_ros/config/mid360_mutual_avoidance_uav1.yaml,ee37646f3b4668f13cad1febce5b79dcaa5f896c91709a9ca80740c72dcb0a3e,4789,829,true,581,1,580,0.998279,0.000000,0.000000,0.002061,true,879,CORRECTED,0.000179,9861,8,0,3,1701245241891269949,0,SUCCEEDED,978,47382,2,1701245241891269949,218,true,120,188,12,829,LIDAR_CORRECTION_CONVERGED,1785256514227204444,true,8738,0.034585,16989504,4792,829,5128,TRACKING,0.734620,609,17389
1084,1.000000,830,sensor_time,/home/letandat/Dev/uav-navigation/src/navigation_estimator/fast_lio_ros/config/mid360_mutual_avoidance_uav1.yaml,ee37646f3b4668f13cad1febce5b79dcaa5f896c91709a9ca80740c72dcb0a3e,4794,830,true,582,1,581,0.998282,0.000000,0.000000,0.002059,true,861,CORRECTED,0.000113,15597,8,0,3,1701245241925148037,0,SUCCEEDED,1606,47401,2,1701245241925148037,218,true,128,242,12,830,LIDAR_CORRECTION_CONVERGED,1785256514262018973,true,13719,0.031889,16989504,4798,830,5128,TRACKING,0.734940,610,18629
1084,1.000000,831,,/home/letandat/Dev/uav-navigation/src/navigation_estimator/fast_lio_ros/config/mid360_mutual_avoidance_uav1.yaml,ee37646f3b4668f13cad1febce5b79dcaa5f896c91709a9ca80740c72dcb0a3e,4800,831,false,582,1,581,0.998282,0.000000,0.000000,0.002059,true,861,UNAVAILABLE,0.000113,15597,8,0,3,1701245241925148037,1,NOT_ATTEMPTED,1606,47401,2,-1,219,false,128,242,12,831,OVERLAPPING_LIDAR_INTERVAL previous_synchronized_end_ns=1701245241925148037 current_scan_start_ns=1701245241924934149 current_scan_end_ns=1701245241957569149 overlap_duration_ns=213888 scan_index=828,1785256514275758772,false,13719,0.031889,16989504,4800,831,5128,TRACKING,0.734055,610,18629
758,1.000000,832,sensor_time,/home/letandat/Dev/uav-navigation/src/navigation_estimator/fast_lio_ros/config/mid360_mutual_avoidance_uav1.yaml,ee37646f3b4668f13cad1febce5b79dcaa5f896c91709a9ca80740c72dcb0a3e,4806,832,true,583,1,582,0.998285,0.000000,0.000000,0.002066,true,887,CORRECTED,0.000090,11315,13,0,3,1701245241991780308,0,SUCCEEDED,1047,47411,2,1701245241991780308,219,true,236,191,12,832,LIDAR_CORRECTION_CONVERGED,1785256514323983247,true,10086,0.032211,16989504,4809,832,5128,TRACKING,0.734375,611,13845
758,1.000000,833,,/home/letandat/Dev/uav-navigation/src/navigation_estimator/fast_lio_ros/config/mid360_mutual_avoidance_uav1.yaml,ee37646f3b4668f13cad1febce5b79dcaa5f896c91709a9ca80740c72dcb0a3e,4812,833,false,583,1,582,0.998285,0.000000,0.000000,0.002066,true,887,UNAVAILABLE,0.000090,11315,13,0,3,1701245241991780308,1,NOT_ATTEMPTED,1047,47411,2,-1,220,false,236,191,12,833,OVERLAPPING_LIDAR_INTERVAL previous_synchronized_end_ns=1701245241991780308 current_scan_start_ns=1701245241991488695 current_scan_end_ns=1701245242024123695 overlap_duration_ns=291613 scan_index=830,1785256514342348797,false,10086,0.032211,16989504,4812,833,5128,TRACKING,0.733493,611,13845
1684,1.000000,834,sensor_time,/home/letandat/Dev/uav-navigation/src/navigation_estimator/fast_lio_ros/config/mid360_mutual_avoidance_uav1.yaml,ee37646f3b4668f13cad1febce5b79dcaa5f896c91709a9ca80740c72dcb0a3e,4818,834,true,584,1,583,0.998288,0.000000,0.000000,0.002061,true,873,CORRECTED,0.000157,18669,14,0,3,1701245242058076170,0,SUCCEEDED,1396,47440,2,1701245242058076170,220,true,218,312,12,834,LIDAR_CORRECTION_CONVERGED,1785256514397960673,true,16173,0.023775,16989504,4821,834,5128,TRACKING,0.733813,612,21733
866,1.000000,835,sensor_time,/home/letandat/Dev/uav-navigation/src/navigation_estimator/fast_lio_ros/config/mid360_mutual_avoidance_uav1.yaml,ee37646f3b4668f13cad1febce5b79dcaa5f896c91709a9ca80740c72dcb0a3e,4823,835,true,585,1,584,0.998291,0.000000,0.000000,0.002060,true,880,CORRECTED,0.000091,12677,8,0,3,1701245242091244962,0,SUCCEEDED,1354,47452,2,1701245242091244962,220,true,123,226,12,835,LIDAR_CORRECTION_CONVERGED,1785256514425353572,true,11259,0.034790,16989504,4826,835,5128,TRACKING,0.734132,613,15524
896,1.000000,836,sensor_time,/home/letandat/Dev/uav-navigation/src/navigation_estimator/fast_lio_ros/config/mid360_mutual_avoidance_uav1.yaml,ee37646f3b4668f13cad1febce5b79dcaa5f896c91709a9ca80740c72dcb0a3e,4829,836,true,586,1,585,0.998294,0.000000,0.000000,0.002061,true,926,CORRECTED,0.000163,12896,7,0,3,1701245242125005033,0,SUCCEEDED,1328,47468,2,1701245242125005033,220,true,115,291,12,836,LIDAR_CORRECTION_CONVERGED,1785256514459339644,true,11452,0.034020,16989504,4832,836,5128,TRACKING,0.734450,614,15776
1650,1.000000,837,sensor_time,/home/letandat/Dev/uav-navigation/src/navigation_estimator/fast_lio_ros/config/mid360_mutual_avoidance_uav1.yaml,ee37646f3b4668f13cad1febce5b79dcaa5f896c91709a9ca80740c72dcb0a3e,4835,837,true,587,1,586,0.998296,0.000000,0.000000,0.002056,true,934,CORRECTED,0.000103,17691,8,0,3,1701245242158025530,0,SUCCEEDED,1481,47488,2,1701245242158025530,220,true,138,320,12,837,LIDAR_CORRECTION_CONVERGED,1785256514497093276,true,15045,0.023881,16989504,4838,837,5128,TRACKING,0.734767,615,20856
921,1.000000,838,sensor_time,/home/letandat/Dev/uav-navigation/src/navigation_estimator/fast_lio_ros/config/mid360_mutual_avoidance_uav1.yaml,ee37646f3b4668f13cad1febce5b79dcaa5f896c91709a9ca80740c72dcb0a3e,4841,838,true,588,1,587,0.998299,0.000000,0.000000,0.002057,true,874,CORRECTED,0.000011,16337,8,0,3,1701245242191224125,0,SUCCEEDED,1199,47509,2,1701245242191224125,220,true,142,225,12,838,LIDAR_CORRECTION_CONVERGED,1785256514528482149,true,14092,0.033397,16989504,4844,838,5128,TRACKING,0.735084,616,19002
842,1.000000,839,sensor_time,/home/letandat/Dev/uav-navigation/src/navigation_estimator/fast_lio_ros/config/mid360_mutual_avoidance_uav1.yaml,ee37646f3b4668f13cad1febce5b79dcaa5f896c91709a9ca80740c72dcb0a3e,4846,839,true,589,1,588,0.998302,0.000000,0.000000,0.002058,true,911,CORRECTED,0.000029,12273,8,0,3,1701245242225144174,0,SUCCEEDED,1139,47520,2,1701245242225144174,220,true,146,216,12,839,LIDAR_CORRECTION_CONVERGED,1785256514558482057,true,10893,0.034131,16989504,4849,839,5128,TRACKING,0.735399,617,14865
842,1.000000,840,,/home/letandat/Dev/uav-navigation/src/navigation_estimator/fast_lio_ros/config/mid360_mutual_avoidance_uav1.yaml,ee37646f3b4668f13cad1febce5b79dcaa5f896c91709a9ca80740c72dcb0a3e,4852,840,false,589,1,588,0.998302,0.000000,0.000000,0.002058,true,911,UNAVAILABLE,0.000029,12273,8,0,3,1701245242225144174,1,NOT_ATTEMPTED,1139,47520,2,-1,221,false,146,216,12,840,OVERLAPPING_LIDAR_INTERVAL previous_synchronized_end_ns=1701245242225144174 current_scan_start_ns=1701245242224928379 current_scan_end_ns=1701245242257563379 overlap_duration_ns=215795 scan_index=837,1785256514576063160,false,10893,0.034131,16989504,4852,840,5128,TRACKING,0.734524,617,14865
955,1.000000,841,sensor_time,/home/letandat/Dev/uav-navigation/src/navigation_estimator/fast_lio_ros/config/mid360_mutual_avoidance_uav1.yaml,ee37646f3b4668f13cad1febce5b79dcaa5f896c91709a9ca80740c72dcb0a3e,4858,841,true,590,1,589,0.998305,0.000000,0.000000,0.002064,true,862,CORRECTED,0.000126,13444,13,0,3,1701245242291504410,0,SUCCEEDED,1304,47532,2,1701245242291504410,221,true,211,229,12,841,LIDAR_CORRECTION_CONVERGED,1785256514626246539,true,11958,0.031445,16989504,4861,841,5128,TRACKING,0.734839,618,16234
955,1.000000,842,,/home/letandat/Dev/uav-navigation/src/navigation_estimator/fast_lio_ros/config/mid360_mutual_avoidance_uav1.yaml,ee37646f3b4668f13cad1febce5b79dcaa5f896c91709a9ca80740c72dcb0a3e,4864,842,false,590,1,589,0.998305,0.000000,0.000000,0.002064,true,862,UNAVAILABLE,0.000126,13444,13,0,3,1701245242291504410,1,NOT_ATTEMPTED,1304,47532,2,-1,222,false,211,229,12,842,OVERLAPPING_LIDAR_INTERVAL previous_synchronized_end_ns=1701245242291504410 current_scan_start_ns=1701245242291393995 current_scan_end_ns=1701245242324028995 overlap_duration_ns=110415 scan_index=839,1785256514642478065,false,11958,0.031445,16989504,4864,842,5128,TRACKING,0.733967,618,16234
1724,1.000000,843,sensor_time,/home/letandat/Dev/uav-navigation/src/navigation_estimator/fast_lio_ros/config/mid360_mutual_avoidance_uav1.yaml,ee37646f3b4668f13cad1febce5b79dcaa5f896c91709a9ca80740c72dcb0a3e,4870,843,true,591,1,590,0.998308,0.000000,0.000000,0.002059,true,872,CORRECTED,0.000129,17359,14,0,3,1701245242358102825,0,SUCCEEDED,1542,47554,2,1701245242358102825,222,true,254,306,12,843,LIDAR_CORRECTION_CONVERGED,1785256514702220243,true,14758,0.025048,16989504,4874,843,4790,TRACKING,0.734282,619,25414
1043,1.000000,844,sensor_time,/home/letandat/Dev/uav-navigation/src/navigation_estimator/fast_lio_ros/config/mid360_mutual_avoidance_uav1.yaml,ee37646f3b4668f13cad1febce5b79dcaa5f896c91709a9ca80740c72dcb0a3e,4875,844,true,592,1,591,0.998311,0.000000,0.000000,0.002058,true,868,CORRECTED,0.000091,14969,8,0,3,1701245242391253736,0,SUCCEEDED,1674,47571,2,1701245242391253736,222,true,125,241,12,844,LIDAR_CORRECTION_CONVERGED,1785256514727714125,true,13323,0.033559,16989504,4879,844,4790,TRACKING,0.734597,620,18151
1043,1.000000,845,,/home/letandat/Dev/uav-navigation/src/navigation_estimator/fast_lio_ros/config/mid360_mutual_avoidance_uav1.yaml,ee37646f3b4668f13cad1febce5b79dcaa5f896c91709a9ca80740c72dcb0a3e,4881,845,false,592,1,591,0.998311,0.000000,0.000000,0.002058,true,868,UNAVAILABLE,0.000091,14969,8,0,3,1701245242391253736,1,NOT_ATTEMPTED,1674,47571,2,-1,223,false,125,241,12,845,OVERLAPPING_LIDAR_INTERVAL previous_synchronized_end_ns=1701245242391253736 current_scan_start_ns=1701245242391202688 current_scan_end_ns=1701245242423837688 overlap_duration_ns=51048 scan_index=842,1785256514742443766,false,13323,0.033559,16989504,4881,845,4790,TRACKING,0.733728,620,18151
1700,1.000000,846,sensor_time,/home/letandat/Dev/uav-navigation/src/navigation_estimator/fast_lio_ros/config/mid360_mutual_avoidance_uav1.yaml,ee37646f3b4668f13cad1febce5b79dcaa5f896c91709a9ca80740c72dcb0a3e,4887,846,true,593,1,592,0.998314,0.000000,0.000000,0.002058,true,883,CORRECTED,0.000131,17739,13,0,3,1701245242458172586,0,SUCCEEDED,1708,47604,2,1701245242458172586,223,true,225,291,12,846,LIDAR_CORRECTION_CONVERGED,1785256514797749476,true,15092,0.026505,16989504,4891,846,4790,TRACKING,0.734043,621,21121
1150,1.000000,847,sensor_time,/home/letandat/Dev/uav-navigation/src/navigation_estimator/fast_lio_ros/config/mid360_mutual_avoidance_uav1.yaml,ee37646f3b4668f13cad1febce5b79dcaa5f896c91709a9ca80740c72dcb0a3e,4893,847,true,594,1,593,0.998316,0.000000,0.000000,0.002057,true,883,CORRECTED,0.000077,16683,8,0,3,1701245242491215971,0,SUCCEEDED,1791,47618,2,1701245242491215971,223,true,136,264,12,847,LIDAR_CORRECTION_CONVERGED,1785256514829689179,true,14764,0.033028,16989504,4896,847,4790,TRACKING,0.734357,622,20064
554,1.000000,848,sensor_time,/home/letandat/Dev/uav-navigation/src/navigation_estimator/fast_lio_ros/config/mid360_mutual_avoidance_uav1.yaml,ee37646f3b4668f13cad1febce5b79dcaa5f896c91709a9ca80740c72dcb0a3e,4899,848,true,595,1,594,0.998319,0.000000,0.000000,0.002060,true,894,CORRECTED,0.000076,8848,8,0,3,1701245242525137451,0,SUCCEEDED,1037,47622,2,1701245242525137451,223,true,129,175,12,848,LIDAR_CORRECTION_CONVERGED,1785256514854640906,true,7746,0.033505,16989504,4901,848,4790,TRACKING,0.734670,623,11257
554,1.000000,849,,/home/letandat/Dev/uav-navigation/src/navigation_estimator/fast_lio_ros/config/mid360_mutual_avoidance_uav1.yaml,ee37646f3b4668f13cad1febce5b79dcaa5f896c91709a9ca80740c72dcb0a3e,4904,849,false,595,1,594,0.998319,0.000000,0.000000,0.002060,true,894,UNAVAILABLE,0.000076,8848,8,0,3,1701245242525137451,1,NOT_ATTEMPTED,1037,47622,2,-1,224,false,129,175,12,849,OVERLAPPING_LIDAR_INTERVAL previous_synchronized_end_ns=1701245242525137451 current_scan_start_ns=1701245242524958372 current_scan_end_ns=1701245242557593372 overlap_duration_ns=179079 scan_index=846,1785256514875930315,false,7746,0.033505,16989504,4904,849,4790,TRACKING,0.733804,623,11257
1159,1.000000,850,sensor_time,/home/letandat/Dev/uav-navigation/src/navigation_estimator/fast_lio_ros/config/mid360_mutual_avoidance_uav1.yaml,ee37646f3b4668f13cad1febce5b79dcaa5f896c91709a9ca80740c72dcb0a3e,4910,850,true,596,1,595,0.998322,0.000000,0.000000,0.002062,true,1673,CORRECTED,0.000104,17325,14,0,3,1701245242591765669,0,SUCCEEDED,1727,47643,2,1701245242591765669,224,true,328,338,12,850,LIDAR_CORRECTION_CONVERGED,1785256514931672588,true,15310,0.032946,16989504,4914,850,4790,TRACKING,0.734118,624,21648
1159,1.000000,851,,/home/letandat/Dev/uav-navigation/src/navigation_estimator/fast_lio_ros/config/mid360_mutual_avoidance_uav1.yaml,ee37646f3b4668f13cad1febce5b79dcaa5f896c91709a9ca80740c72dcb0a3e,4916,851,false,596,1,595,0.998322,0.000000,0.000000,0.002062,true,1673,UNAVAILABLE,0.000104,17325,14,0,3,1701245242591765669,1,NOT_ATTEMPTED,1727,47643,2,-1,225,false,328,338,12,851,OVERLAPPING_LIDAR_INTERVAL previous_synchronized_end_ns=1701245242591765669 current_scan_start_ns=1701245242591383696 current_scan_end_ns=1701245242624018696 overlap_duration_ns=381973 scan_index=848,1785256514942494859,false,15310,0.032946,16989504,4916,851,4790,TRACKING,0.733255,624,21648
1672,1.000000,852,sensor_time,/home/letandat/Dev/uav-navigation/src/navigation_estimator/fast_lio_ros/config/mid360_mutual_avoidance_uav1.yaml,ee37646f3b4668f13cad1febce5b79dcaa5f896c91709a9ca80740c72dcb0a3e,4922,852,true,597,1,596,0.998325,0.000000,0.000000,0.002059,true,896,CORRECTED,0.000378,18204,13,0,3,1701245242658062246,0,SUCCEEDED,1748,47672,2,1701245242658062246,225,true,228,308,12,852,LIDAR_CORRECTION_CONVERGED,1785256514997933953,true,15565,0.026197,16989504,4926,852,4790,TRACKING,0.733568,625,21683
1278,1.000000,853,sensor_time,/home/letandat/Dev/uav-navigation/src/navigation_estimator/fast_lio_ros/config/mid360_mutual_avoidance_uav1.yaml,ee37646f3b4668f13cad1febce5b79dcaa5f896c91709a9ca80740c72dcb0a3e,4928,853,true,598,1,597,0.998328,0.000000,0.000000,0.002056,true,870,CORRECTED,0.000127,18101,8,0,3,1701245242691231516,0,SUCCEEDED,1924,47691,2,1701245242691231516,225,true,134,280,12,853,LIDAR_CORRECTION_CONVERGED,1785256515031078137,true,15959,0.030772,16989504,4931,853,4790,TRACKING,0.733880,626,21617
496,1.000000,854,sensor_time,/home/letandat/Dev/uav-navigation/src/navigation_estimator/fast_lio_ros/config/mid360_mutual_avoidance_uav1.yaml,ee37646f3b4668f13cad1febce5b79dcaa5f896c91709a9ca80740c72dcb0a3e,4933,854,true,599,1,598,0.998331,0.000000,0.000000,0.002060,true,873,CORRECTED,0.000000,7544,8,0,3,1701245242724991110,0,SUCCEEDED,693,47696,2,1701245242724991110,225,true,129,160,12,854,LIDAR_CORRECTION_CONVERGED,1785256515052862388,true,6747,0.030722,16989504,4935,854,4790,TRACKING,0.734192,627,9565
1635,1.000000,855,sensor_time,/home/letandat/Dev/uav-navigation/src/navigation_estimator/fast_lio_ros/config/mid360_mutual_avoidance_uav1.yaml,ee37646f3b4668f13cad1febce5b79dcaa5f896c91709a9ca80740c72dcb0a3e,4939,855,true,600,1,599,0.998333,0.000000,0.000000,0.002056,true,880,CORRECTED,0.000106,20984,7,0,3,1701245242758044985,0,SUCCEEDED,1559,47714,2,1701245242758044985,225,true,119,464,12,855,LIDAR_CORRECTION_CONVERGED,1785256515100670753,true,17951,0.025190,16989504,4943,855,4790,TRACKING,0.734503,628,24264
1368,1.000000,856,sensor_time,/home/letandat/Dev/uav-navigation/src/navigation_estimator/fast_lio_ros/config/mid360_mutual_avoidance_uav1.yaml,ee37646f3b4668f13cad1febce5b79dcaa5f896c91709a9ca80740c72dcb0a3e,4945,856,true,601,1,600,0.998336,0.000000,0.000000,0.002054,true,843,CORRECTED,0.000286,19421,8,0,3,1701245242791211870,0,SUCCEEDED,2052,47750,2,1701245242791211870,225,true,129,296,12,856,LIDAR_CORRECTION_CONVERGED,1785256515138631457,true,17002,0.030887,16989504,4950,856,5857,TRACKING,0.734813,629,28896
483,1.000000,857,sensor_time,/home/letandat/Dev/uav-navigation/src/navigation_estimator/fast_lio_ros/config/mid360_mutual_avoidance_uav1.yaml,ee37646f3b4668f13cad1febce5b79dcaa5f896c91709a9ca80740c72dcb0a3e,4951,857,true,602,1,601,0.998339,0.000000,0.000000,0.002058,true,963,CORRECTED,0.000101,4996,8,0,2,1701245242825139311,0,SUCCEEDED,697,47757,2,1701245242825139311,225,true,145,163,12,857,LIDAR_CORRECTION_CONVERGED,1785256515150549962,true,4468,0.035723,16989504,4952,857,5857,TRACKING,0.735123,630,7132
483,1.000000,858,,/home/letandat/Dev/uav-navigation/src/navigation_estimator/fast_lio_ros/config/mid360_mutual_avoidance_uav1.yaml,ee37646f3b4668f13cad1febce5b79dcaa5f896c91709a9ca80740c72dcb0a3e,4956,858,false,602,1,601,0.998339,0.000000,0.000000,0.002058,true,963,UNAVAILABLE,0.000101,4996,8,0,2,1701245242825139311,1,NOT_ATTEMPTED,697,47757,2,-1,226,false,145,163,12,858,OVERLAPPING_LIDAR_INTERVAL previous_synchronized_end_ns=1701245242825139311 current_scan_start_ns=1701245242824727535 current_scan_end_ns=1701245242857362535 overlap_duration_ns=411776 scan_index=855,1785256515175716409,false,4468,0.035723,16989504,4956,858,5857,TRACKING,0.734266,630,7132
1368,1.000000,859,sensor_time,/home/letandat/Dev/uav-navigation/src/navigation_estimator/fast_lio_ros/config/mid360_mutual_avoidance_uav1.yaml,ee37646f3b4668f13cad1febce5b79dcaa5f896c91709a9ca80740c72dcb0a3e,4962,859,true,603,1,602,0.998342,0.000000,0.000000,0.002060,true,846,CORRECTED,0.000168,17922,14,0,3,1701245242891688373,0,SUCCEEDED,1801,47784,2,1701245242891688373,226,true,231,257,12,859,LIDAR_CORRECTION_CONVERGED,1785256515231312472,true,15579,0.033750,16989504,4966,859,5857,TRACKING,0.734575,631,21265
1368,1.000000,860,,/home/letandat/Dev/uav-navigation/src/navigation_estimator/fast_lio_ros/config/mid360_mutual_avoidance_uav1.yaml,ee37646f3b4668f13cad1febce5b79dcaa5f896c91709a9ca80740c72dcb0a3e,4968,860,false,603,1,602,0.998342,0.000000,0.000000,0.002060,true,846,UNAVAILABLE,0.000168,17922,14,0,3,1701245242891688373,1,NOT_ATTEMPTED,1801,47784,2,-1,227,false,231,257,12,860,OVERLAPPING_LIDAR_INTERVAL previous_synchronized_end_ns=1701245242891688373 current_scan_start_ns=1701245242891400576 current_scan_end_ns=1701245242924035576 overlap_duration_ns=287797 scan_index=857,1785256515242350258,false,15579,0.033750,16989504,4968,860,5857,TRACKING,0.733721,631,21265
1743,1.000000,861,sensor_time,/home/letandat/Dev/uav-navigation/src/navigation_estimator/fast_lio_ros/config/mid360_mutual_avoidance_uav1.yaml,ee37646f3b4668f13cad1febce5b79dcaa5f896c91709a9ca80740c72dcb0a3e,4974,861,true,604,1,603,0.998344,0.000000,0.000000,0.002057,true,888,CORRECTED,0.000258,27581,13,0,4,1701245242958080318,0,SUCCEEDED,2245,47860,2,1701245242958080318,227,true,213,330,12,861,LIDAR_CORRECTION_CONVERGED,1785256515307984817,true,23729,0.035602,16989504,4979,861,5857,TRACKING,0.734030,632,31627
1514,1.000000,862,sensor_time,/home/letandat/Dev/uav-navigation/src/navigation_estimator/fast_lio_ros/config/mid360_mutual_avoidance_uav1.yaml,ee37646f3b4668f13cad1febce5b79dcaa5f896c91709a9ca80740c72dcb0a3e,4979,862,true,605,1,604,0.998347,0.000000,0.000000,0.002054,true,965,CORRECTED,0.000126,20767,8,0,3,1701245242991233137,0,SUCCEEDED,2136,47907,2,1701245242991233137,227,true,141,305,12,862,LIDAR_CORRECTION_CONVERGED,1785256515334227373,true,18072,0.033783,16989504,4984,862,5857,TRACKING,0.734339,633,24614
1514,1.000000,863,,/home/letandat/Dev/uav-navigation/src/navigation_estimator/fast_lio_ros/config/mid360_mutual_avoidance_uav1.yaml,ee37646f3b4668f13cad1febce5b79dcaa5f896c91709a9ca80740c72dcb0a3e,4985,863,false,605,1,604,0.998347,0.000000,0.000000,0.002054,true,965,UNAVAILABLE,0.000126,20767,8,0,3,1701245242991233137,1,NOT_ATTEMPTED,2136,47907,2,-1,228,false,141,305,12,863,OVERLAPPING_LIDAR_INTERVAL previous_synchronized_end_ns=1701245242991233137 current_scan_start_ns=1701245242991098404 current_scan_end_ns=1701245243023733404 overlap_duration_ns=134733 scan_index=860,1785256515342058380,false,18072,0.033783,16989504,4985,863,5857,TRACKING,0.733488,633,24614
1942,1.000000,864,sensor_time,/home/letandat/Dev/uav-navigation/src/navigation_estimator/fast_lio_ros/config/mid360_mutual_avoidance_uav1.yaml,ee37646f3b4668f13cad1febce5b79dcaa5f896c91709a9ca80740c72dcb0a3e,4991,864,true,606,1,605,0.998350,0.000000,0.000000,0.002054,true,979,CORRECTED,0.000395,32995,13,0,4,1701245243058006552,0,SUCCEEDED,2502,48086,2,1701245243058006552,228,true,238,367,12,864,LIDAR_CORRECTION_CONVERGED,1785256515413706448,true,28219,0.040423,16989504,4998,865,5857,TRACKING,0.733796,634,37426
1669,1.000000,865,sensor_time,/home/letandat/Dev/uav-navigation/src/navigation_estimator/fast_lio_ros/config/mid360_mutual_avoidance_uav1.yaml,ee37646f3b4668f13cad1febce5b79dcaa5f896c91709a9ca80740c72dcb0a3e,4997,865,true,607,1,606,0.998353,0.000000,0.000000,0.002052,true,962,CORRECTED,0.000200,30233,8,0,4,1701245243091193941,0,SUCCEEDED,2337,48157,2,1701245243091193941,228,true,126,302,12,865,LIDAR_CORRECTION_CONVERGED,1785256515448476066,true,26059,0.034456,16989504,5004,866,5857,TRACKING,0.734104,635,34434
259,1.000000,866,sensor_time,/home/letandat/Dev/uav-navigation/src/navigation_estimator/fast_lio_ros/config/mid360_mutual_avoidance_uav1.yaml,ee37646f3b4668f13cad1febce5b79dcaa5f896c91709a9ca80740c72dcb0a3e,5003,866,true,608,1,607,0.998355,0.000000,0.000000,0.002057,true,981,CORRECTED,0.000069,4366,8,0,3,1701245243125179556,0,SUCCEEDED,317,48179,2,1701245243125179556,228,true,136,110,12,866,LIDAR_CORRECTION_CONVERGED,1785256515454852247,true,3902,0.067434,16989504,5005,866,5857,TRACKING,0.734411,636,6060
259,1.000000,867,,/home/letandat/Dev/uav-navigation/src/navigation_estimator/fast_lio_ros/config/mid360_mutual_avoidance_uav1.yaml,ee37646f3b4668f13cad1febce5b79dcaa5f896c91709a9ca80740c72dcb0a3e,5009,867,false,608,1,607,0.998355,0.000000,0.000000,0.002057,true,981,UNAVAILABLE,0.000069,4366,8,0,3,1701245243125179556,1,NOT_ATTEMPTED,317,48179,2,-1,229,false,136,110,12,867,OVERLAPPING_LIDAR_INTERVAL previous_synchronized_end_ns=1701245243125179556 current_scan_start_ns=1701245243124783993 current_scan_end_ns=1701245243157418993 overlap_duration_ns=395563 scan_index=864,1785256515475621810,false,3902,0.067434,16989504,5009,867,5857,TRACKING,0.733564,636,6060
1747,1.000000,868,sensor_time,/home/letandat/Dev/uav-navigation/src/navigation_estimator/fast_lio_ros/config/mid360_mutual_avoidance_uav1.yaml,ee37646f3b4668f13cad1febce5b79dcaa5f896c91709a9ca80740c72dcb0a3e,5015,868,true,609,1,608,0.998358,0.000000,0.000000,0.002055,true,1761,CORRECTED,0.000390,21166,14,0,3,1701245243191706922,0,SUCCEEDED,2309,48271,2,1701245243191706922,229,true,342,456,12,868,LIDAR_CORRECTION_CONVERGED,1785256515536397586,true,18375,0.032097,16989504,5019,868,5857,TRACKING,0.733871,637,26341
1747,1.000000,869,,/home/letandat/Dev/uav-navigation/src/navigation_estimator/fast_lio_ros/config/mid360_mutual_avoidance_uav1.yaml,ee37646f3b4668f13cad1febce5b79dcaa5f896c91709a9ca80740c72dcb0a3e,5020,869,false,609,1,608,0.998358,0.000000,0.000000,0.002055,true,1761,UNAVAILABLE,0.000390,21166,14,0,3,1701245243191706922,1,NOT_ATTEMPTED,2309,48271,2,-1,230,false,342,456,12,869,OVERLAPPING_LIDAR_INTERVAL previous_synchronized_end_ns=1701245243191706922 current_scan_start_ns=1701245243191377640 current_scan_end_ns=1701245243224012640 overlap_duration_ns=329282 scan_index=866,1785256515542357788,false,18375,0.032097,16989504,5020,869,5857,TRACKING,0.733026,637,26341
2032,1.000000,870,sensor_time,/home/letandat/Dev/uav-navigation/src/navigation_estimator/fast_lio_ros/config/mid360_mutual_avoidance_uav1.yaml,ee37646f3b4668f13cad1febce5b79dcaa5f896c91709a9ca80740c72dcb0a3e,5026,870,true,610,1,609,0.998361,0.000000,0.000000,0.002052,true,866,CORRECTED,0.000305,26672,13,0,3,1701245243258103397,0,SUCCEEDED,2756,48508,2,1701245243258103397,230,true,224,363,12,870,LIDAR_CORRECTION_CONVERGED,1785256515607779977,true,22259,0.038124,16989504,5031,870,5857,TRACKING,0.733333,638,31266
1879,1.000000,871,sensor_time,/home/letandat/Dev/uav-navigation/src/navigation_estimator/fast_lio_ros/config/mid360_mutual_avoidance_uav1.yaml,ee37646f3b4668f13cad1febce5b79dcaa5f896c91709a9ca80740c72dcb0a3e,5032,871,true,611,1,610,0.998363,0.000000,0.000000,0.002048,true,914,CORRECTED,0.000201,25625,8,0,3,1701245243291262415,0,SUCCEEDED,2790,48599,2,1701245243291262415,230,true,127,361,12,871,LIDAR_CORRECTION_CONVERGED,1785256515646895066,true,21909,0.029268,16989504,5038,872,6414,TRACKING,0.733639,639,36782
229,1.000000,872,sensor_time,/home/letandat/Dev/uav-navigation/src/navigation_estimator/fast_lio_ros/config/mid360_mutual_avoidance_uav1.yaml,ee37646f3b4668f13cad1febce5b79dcaa5f896c91709a9ca80740c72dcb0a3e,5037,872,true,612,1,611,0.998366,0.000000,0.000000,0.002053,true,1165,CORRECTED,0.000238,4311,8,0,3,1701245243324991491,0,SUCCEEDED,358,48610,2,1701245243324991491,230,true,164,126,12,872,LIDAR_CORRECTION_CONVERGED,1785256515654208390,true,3813,0.043615,16989504,5040,872,6414,TRACKING,0.733945,640,6464
1939,1.000000,873,sensor_time,/home/letandat/Dev/uav-navigation/src/navigation_estimator/fast_lio_ros/config/mid360_mutual_avoidance_uav1.yaml,ee37646f3b4668f13cad1febce5b79dcaa5f896c91709a9ca80740c72dcb0a3e,5043,873,true,613,1,612,0.998369,0.000000,0.000000,0.002047,true,1101,CORRECTED,0.000150,28881,8,0,3,1701245243358032015,0,SUCCEEDED,3270,48763,2,1701245243358032015,230,true,153,434,12,873,LIDAR_CORRECTION_CONVERGED,1785256515710937560,true,24718,0.036251,16989504,5049,874,6414,TRACKING,0.734250,641,34258
1937,1.000000,874,sensor_time,/home/letandat/Dev/uav-navigation/src/navigation_estimator/fast_lio_ros/config/mid360_mutual_avoidance_uav1.yaml,ee37646f3b4668f13cad1febce5b79dcaa5f896c91709a9ca80740c72dcb0a3e,5049,874,true,614,1,613,0.998371,0.000000,0.000000,0.002044,true,1150,CORRECTED,0.000118,32638,7,0,3,1701245243391430881,0,SUCCEEDED,3756,48917,2,1701245243391430881,230,true,141,470,12,874,LIDAR_CORRECTION_CONVERGED,1785256515750384425,true,27901,0.037176,16989504,5056,875,6414,TRACKING,0.734554,642,38977
180,1.000000,875,sensor_time,/home/letandat/Dev/uav-navigation/src/navigation_estimator/fast_lio_ros/config/mid360_mutual_avoidance_uav1.yaml,ee37646f3b4668f13cad1febce5b79dcaa5f896c91709a9ca80740c72dcb0a3e,5055,875,true,615,1,614,0.998374,0.000000,0.000000,0.002049,true,1215,CORRECTED,0.000000,3588,8,0,3,1701245243425144937,0,SUCCEEDED,423,48930,2,1701245243425144937,230,true,166,161,12,875,LIDAR_CORRECTION_CONVERGED,1785256515756602050,true,3186,0.044741,16989504,5057,875,6414,TRACKING,0.734857,643,5944
180,1.000000,876,,/home/letandat/Dev/uav-navigation/src/navigation_estimator/fast_lio_ros/config/mid360_mutual_avoidance_uav1.yaml,ee37646f3b4668f13cad1febce5b79dcaa5f896c91709a9ca80740c72dcb0a3e,5060,876,false,615,1,614,0.998374,0.000000,0.000000,0.002049,true,1215,UNAVAILABLE,0.000000,3588,8,0,3,1701245243425144937,1,NOT_ATTEMPTED,423,48930,2,-1,231,false,166,161,12,876,OVERLAPPING_LIDAR_INTERVAL previous_synchronized_end_ns=1701245243425144937 current_scan_start_ns=1701245243424688101 current_scan_end_ns=1701245243457323101 overlap_duration_ns=456836 scan_index=873,1785256515775552207,false,3186,0.044741,16989504,5061,876,6414,TRACKING,0.734018,643,5944
2242,1.000000,877,sensor_time,/home/letandat/Dev/uav-navigation/src/navigation_estimator/fast_lio_ros/config/mid360_mutual_avoidance_uav1.yaml,ee37646f3b4668f13cad1febce5b79dcaa5f896c91709a9ca80740c72dcb0a3e,5067,877,true,616,1,615,0.998377,0.000000,0.000000,0.002044,true,1603,CORRECTED,0.000354,28450,14,0,3,1701245243491669204,0,SUCCEEDED,3302,49106,2,1701245243491669204,231,true,370,497,12,877,LIDAR_CORRECTION_CONVERGED,1785256515844576347,true,24080,0.031635,16989504,5072,878,6414,TRACKING,0.734322,644,34607
2242,1.000000,878,,/home/letandat/Dev/uav-navigation/src/navigation_estimator/fast_lio_ros/config/mid360_mutual_avoidance_uav1.yaml,ee37646f3b4668f13cad1febce5b79dcaa5f896c91709a9ca80740c72dcb0a3e,5072,878,false,616,1,615,0.998377,0.000000,0.000000,0.002044,true,1603,UNAVAILABLE,0.000354,28450,14,0,3,1701245243491669204,1,NOT_ATTEMPTED,3302,49106,2,-1,232,false,370,497,12,878,OVERLAPPING_LIDAR_INTERVAL previous_synchronized_end_ns=1701245243491669204 current_scan_start_ns=1701245243491379023 current_scan_end_ns=1701245243524014023 overlap_duration_ns=290181 scan_index=875,1785256515844772310,false,24080,0.031635,16989504,5072,878,6414,TRACKING,0.733485,644,34607
1613,1.000000,879,sensor_time,/home/letandat/Dev/uav-navigation/src/navigation_estimator/fast_lio_ros/config/mid360_mutual_avoidance_uav1.yaml,ee37646f3b4668f13cad1febce5b79dcaa5f896c91709a9ca80740c72dcb0a3e,5078,879,true,617,1,616,0.998379,0.000000,0.000000,0.002043,true,985,CORRECTED,0.000154,23942,13,0,3,1701245243558051136,0,SUCCEEDED,2504,49163,2,1701245243558051136,232,true,261,339,12,879,LIDAR_CORRECTION_CONVERGED,1785256515904892999,true,20918,0.031846,16989504,5083,879,6414,TRACKING,0.733788,645,28602
2094,1.000000,880,sensor_time,/home/letandat/Dev/uav-navigation/src/navigation_estimator/fast_lio_ros/config/mid360_mutual_avoidance_uav1.yaml,ee37646f3b4668f13cad1febce5b79dcaa5f896c91709a9ca80740c72dcb0a3e,5084,880,true,618,1,617,0.998382,0.000000,0.000000,0.002037,true,1944,CORRECTED,0.000202,27845,8,0,3,1701245243591249254,0,SUCCEEDED,2666,49294,2,1701245243591249254,232,true,212,562,12,880,LIDAR_CORRECTION_CONVERGED,1785256515943261945,true,23856,0.029528,16989504,5090,881,6414,TRACKING,0.734091,646,33694
2094,1.000000,881,,/home/letandat/Dev/uav-navigation/src/navigation_estimator/fast_lio_ros/config/mid360_mutual_avoidance_uav1.yaml,ee37646f3b4668f13cad1febce5b79dcaa5f896c91709a9ca80740c72dcb0a3e,5089,881,false,618,1,617,0.998382,0.000000,0.000000,0.002037,true,1944,UNAVAILABLE,0.000202,27845,8,0,3,1701245243591249254,1,NOT_ATTEMPTED,2666,49294,2,-1,233,false,212,562,12,881,OVERLAPPING_LIDAR_INTERVAL previous_synchronized_end_ns=1701245243591249254 current_scan_start_ns=1701245243591034651 current_scan_end_ns=1701245243623669651 overlap_duration_ns=214603 scan_index=878,1785256515943424151,false,23856,0.029528,16989504,5090,881,6414,TRACKING,0.733258,646,33694
1485,1.000000,882,sensor_time,/home/letandat/Dev/uav-navigation/src/navigation_estimator/fast_lio_ros/config/mid360_mutual_avoidance_uav1.yaml,ee37646f3b4668f13cad1febce5b79dcaa5f896c91709a9ca80740c72dcb0a3e,5095,882,true,619,1,618,0.998384,0.000000,0.000000,0.002039,true,883,CORRECTED,0.000294,18840,14,0,3,1701245243658012417,0,SUCCEEDED,1959,49351,2,1701245243658012417,233,true,243,307,12,882,LIDAR_CORRECTION_CONVERGED,1785256515998974013,true,16527,0.033593,16989504,5099,882,6414,TRACKING,0.733560,647,22697
2126,1.000000,883,sensor_time,/home/letandat/Dev/uav-navigation/src/navigation_estimator/fast_lio_ros/config/mid360_mutual_avoidance_uav1.yaml,ee37646f3b4668f13cad1febce5b79dcaa5f896c91709a9ca80740c72dcb0a3e,5101,883,true,620,1,619,0.998387,0.000000,0.000000,0.002033,true,899,CORRECTED,0.000298,24092,7,0,3,1701245243691165474,0,SUCCEEDED,2589,49458,2,1701245243691165474,233,true,113,375,12,883,LIDAR_CORRECTION_CONVERGED,1785256516038152279,true,20522,0.030926,16989504,5106,883,6414,TRACKING,0.733862,648,28446
337,1.000000,884,sensor_time,/home/letandat/Dev/uav-navigation/src/navigation_estimator/fast_lio_ros/config/mid360_mutual_avoidance_uav1.yaml,ee37646f3b4668f13cad1febce5b79dcaa5f896c91709a9ca80740c72dcb0a3e,5107,884,true,621,1,620,0.998390,0.000000,0.000000,0.002038,true,889,CORRECTED,0.000147,3645,8,0,2,1701245243725122240,0,SUCCEEDED,500,49463,2,1701245243725122240,233,true,123,127,12,884,LIDAR_CORRECTION_CONVERGED,1785256516054826277,true,3273,0.035394,16989504,5109,884,5388,TRACKING,0.734163,649,11013
337,1.000000,885,,/home/letandat/Dev/uav-navigation/src/navigation_estimator/fast_lio_ros/config/mid360_mutual_avoidance_uav1.yaml,ee37646f3b4668f13cad1febce5b79dcaa5f896c91709a9ca80740c72dcb0a3e,5113,885,false,621,1,620,0.998390,0.000000,0.000000,0.002038,true,889,UNAVAILABLE,0.000147,3645,8,0,2,1701245243725122240,1,NOT_ATTEMPTED,500,49463,2,-1,234,false,123,127,12,885,OVERLAPPING_LIDAR_INTERVAL previous_synchronized_end_ns=1701245243725122240 current_scan_start_ns=1701245243724851370 current_scan_end_ns=1701245243757486370 overlap_duration_ns=270870 scan_index=882,1785256516075621405,false,3273,0.035394,16989504,5113,885,5388,TRACKING,0.733333,649,11013
2193,1.000000,886,sensor_time,/home/letandat/Dev/uav-navigation/src/navigation_estimator/fast_lio_ros/config/mid360_mutual_avoidance_uav1.yaml,ee37646f3b4668f13cad1febce5b79dcaa5f896c91709a9ca80740c72dcb0a3e,5119,886,true,622,1,621,0.998392,0.000000,0.000000,0.002034,true,898,CORRECTED,0.000004,32617,14,0,4,1701245243791716602,0,SUCCEEDED,2470,49589,2,1701245243791716602,234,true,225,412,12,886,LIDAR_CORRECTION_CONVERGED,1785256516147104116,true,27594,0.028398,16989504,5125,887,5388,TRACKING,0.733634,650,36905
2193,1.000000,887,,/home/letandat/Dev/uav-navigation/src/navigation_estimator/fast_lio_ros/config/mid360_mutual_avoidance_uav1.yaml,ee37646f3b4668f13cad1febce5b79dcaa5f896c91709a9ca80740c72dcb0a3e,5124,887,false,622,1,621,0.998392,0.000000,0.000000,0.002034,true,898,UNAVAILABLE,0.000004,32617,14,0,4,1701245243791716602,1,NOT_ATTEMPTED,2470,49589,2,-1,235,false,225,412,12,887,OVERLAPPING_LIDAR_INTERVAL previous_synchronized_end_ns=1701245243791716602 current_scan_start_ns=1701245243791382074 current_scan_end_ns=1701245243824017074 overlap_duration_ns=334528 scan_index=884,1785256516147243304,false,27594,0.028398,16989504,5125,887,5388,TRACKING,0.732807,650,36905
1358,1.000000,888,sensor_time,/home/letandat/Dev/uav-navigation/src/navigation_estimator/fast_lio_ros/config/mid360_mutual_avoidance_uav1.yaml,ee37646f3b4668f13cad1febce5b79dcaa5f896c91709a9ca80740c72dcb0a3e,5130,888,true,623,1,622,0.998395,0.000000,0.000000,0.002036,true,837,CORRECTED,0.000183,23686,13,0,4,1701245243858094242,0,SUCCEEDED,2014,49652,2,1701245243858094242,235,true,216,280,12,888,LIDAR_CORRECTION_CONVERGED,1785256516204029672,true,20840,0.036234,16989504,5135,888,5388,TRACKING,0.733108,651,27465
2160,1.000000,889,sensor_time,/home/letandat/Dev/uav-navigation/src/navigation_estimator/fast_lio_ros/config/mid360_mutual_avoidance_uav1.yaml,ee37646f3b4668f13cad1febce5b79dcaa5f896c91709a9ca80740c72dcb0a3e,5136,889,true,624,1,623,0.998397,0.000000,0.000000,0.002029,true,889,CORRECTED,0.000244,24715,8,0,3,1701245243891322162,0,SUCCEEDED,2488,49783,2,1701245243891322162,235,true,129,373,12,889,LIDAR_CORRECTION_CONVERGED,1785256516238887233,true,20834,0.029647,16989504,5141,889,5388,TRACKING,0.733408,652,28918
2160,1.000000,890,,/home/letandat/Dev/uav-navigation/src/navigation_estimator/fast_lio_ros/config/mid360_mutual_avoidance_uav1.yaml,ee37646f3b4668f13cad1febce5b79dcaa5f896c91709a9ca80740c72dcb0a3e,5142,890,false,624,1,623,0.998397,0.000000,0.000000,0.002029,true,889,UNAVAILABLE,0.000244,24715,8,0,3,1701245243891322162,1,NOT_ATTEMPTED,2488,49783,2,-1,236,false,129,373,12,890,OVERLAPPING_LIDAR_INTERVAL previous_synchronized_end_ns=1701245243891322162 current_scan_start_ns=1701245243891039610 current_scan_end_ns=1701245243923674610 overlap_duration_ns=282552 scan_index=887,1785256516242067611,false,20834,0.029647,16989504,5142,890,5388,TRACKING,0.732584,652,28918
1240,1.000000,891,sensor_time,/home/letandat/Dev/uav-navigation/src/navigation_estimator/fast_lio_ros/config/mid360_mutual_avoidance_uav1.yaml,ee37646f3b4668f13cad1febce5b79dcaa5f896c91709a9ca80740c72dcb0a3e,5147,891,true,625,1,624,0.998400,0.000000,0.000000,0.002033,true,880,CORRECTED,0.000287,16843,14,0,3,1701245243957417515,0,SUCCEEDED,1911,49828,2,1701245243957417515,236,true,242,287,12,891,LIDAR_CORRECTION_CONVERGED,1785256516296528903,true,14879,0.036561,16989504,5151,891,5388,TRACKING,0.732884,653,20636
2229,1.000000,892,sensor_time,/home/letandat/Dev/uav-navigation/src/navigation_estimator/fast_lio_ros/config/mid360_mutual_avoidance_uav1.yaml,ee37646f3b4668f13cad1febce5b79dcaa5f896c91709a9ca80740c72dcb0a3e,5153,892,true,626,1,625,0.998403,0.000000,0.000000,0.002028,true,873,CORRECTED,0.000159,25451,7,0,3,1701245243991212156,0,SUCCEEDED,3457,50013,2,1701245243991212156,236,true,115,390,12,892,LIDAR_CORRECTION_CONVERGED,1785256516340288197,true,21340,0.032224,16989504,5159,892,5388,TRACKING,0.733184,654,30647
498,1.000000,893,sensor_time,/home/letandat/Dev/uav-navigation/src/navigation_estimator/fast_lio_ros/config/mid360_mutual_avoidance_uav1.yaml,ee37646f3b4668f13cad1febce5b79dcaa5f896c91709a9ca80740c72dcb0a3e,5159,893,true,627,1,626,0.998405,0.000000,0.000000,0.002032,true,1125,CORRECTED,0.000060,5210,8,0,2,1701245244025378969,0,SUCCEEDED,836,50027,2,1701245244025378969,236,true,137,162,12,893,LIDAR_CORRECTION_CONVERGED,1785256516351823848,true,4658,0.036480,16989504,5161,893,5388,TRACKING,0.733483,655,7942
498,1.000000,894,,/home/letandat/Dev/uav-navigation/src/navigation_estimator/fast_lio_ros/config/mid360_mutual_avoidance_uav1.yaml,ee37646f3b4668f13cad1febce5b79dcaa5f896c91709a9ca80740c72dcb0a3e,5165,894,false,627,1,626,0.998405,0.000000,0.000000,0.002032,true,1125,UNAVAILABLE,0.000060,5210,8,0,2,1701245244025378969,1,NOT_ATTEMPTED,836,50027,2,-1,237,false,137,162,12,894,OVERLAPPING_LIDAR_INTERVAL previous_synchronized_end_ns=1701245244025378969 current_scan_start_ns=1701245244025057077 current_scan_end_ns=1701245244057692077 overlap_duration_ns=321892 scan_index=891,1785256516376027383,false,4658,0.036480,16989504,5165,894,5388,TRACKING,0.732662,655,7942
2298,1.000000,895,sensor_time,/home/letandat/Dev/uav-navigation/src/navigation_estimator/fast_lio_ros/config/mid360_mutual_avoidance_uav1.yaml,ee37646f3b4668f13cad1febce5b79dcaa5f896c91709a9ca80740c72dcb0a3e,5171,895,true,628,1,627,0.998408,0.000000,0.000000,0.002029,true,935,CORRECTED,0.000255,25854,14,0,3,1701245244091676023,0,SUCCEEDED,2671,50244,2,1701245244091676023,237,true,242,393,12,895,LIDAR_CORRECTION_CONVERGED,1785256516440552809,true,21742,0.033474,16989504,5176,895,5388,TRACKING,0.732961,656,30472
2298,1.000000,896,,/home/letandat/Dev/uav-navigation/src/navigation_estimator/fast_lio_ros/config/mid360_mutual_avoidance_uav1.yaml,ee37646f3b4668f13cad1febce5b79dcaa5f896c91709a9ca80740c72dcb0a3e,5176,896,false,628,1,627,0.998408,0.000000,0.000000,0.002029,true,935,UNAVAILABLE,0.000255,25854,14,0,3,1701245244091676023,1,NOT_ATTEMPTED,2671,50244,2,-1,238,false,242,393,12,896,OVERLAPPING_LIDAR_INTERVAL previous_synchronized_end_ns=1701245244091676023 current_scan_start_ns=1701245244091401815 current_scan_end_ns=1701245244124036815 overlap_duration_ns=274208 scan_index=893,1785256516442260677,false,21742,0.033474,16989504,5176,896,5388,TRACKING,0.732143,656,30472
1020,1.000000,897,sensor_time,/home/letandat/Dev/uav-navigation/src/navigation_estimator/fast_lio_ros/config/mid360_mutual_avoidance_uav1.yaml,ee37646f3b4668f13cad1febce5b79dcaa5f896c91709a9ca80740c72dcb0a3e,5182,897,true,629,1,628,0.998410,0.000000,0.000000,0.002034,true,912,CORRECTED,0.000137,19715,13,0,4,1701245244158226278,0,SUCCEEDED,1552,50292,2,1701245244158226278,238,true,207,229,12,897,LIDAR_CORRECTION_CONVERGED,1785256516499759154,true,17437,0.039980,16989504,5186,897,5388,TRACKING,0.732441,657,23076
2254,1.000000,898,sensor_time,/home/letandat/Dev/uav-navigation/src/navigation_estimator/fast_lio_ros/config/mid360_mutual_avoidance_uav1.yaml,ee37646f3b4668f13cad1febce5b79dcaa5f896c91709a9ca80740c72dcb0a3e,5188,898,true,630,1,629,0.998413,0.000000,0.000000,0.002027,true,927,CORRECTED,0.000174,25604,8,0,3,1701245244191234854,0,SUCCEEDED,2883,50539,2,1701245244191234854,238,true,132,377,12,898,LIDAR_CORRECTION_CONVERGED,1785256516540044074,true,21390,0.032753,16989504,5193,898,5388,TRACKING,0.732739,658,30327
2254,1.000000,899,,/home/letandat/Dev/uav-navigation/src/navigation_estimator/fast_lio_ros/config/mid360_mutual_avoidance_uav1.yaml,ee37646f3b4668f13cad1febce5b79dcaa5f896c91709a9ca80740c72dcb0a3e,5194,899,false,630,1,629,0.998413,0.000000,0.000000,0.002027,true,927,UNAVAILABLE,0.000174,25604,8,0,3,1701245244191234854,1,NOT_ATTEMPTED,2883,50539,2,-1,239,false,132,377,12,899,OVERLAPPING_LIDAR_INTERVAL previous_synchronized_end_ns=1701245244191234854 current_scan_start_ns=1701245244191044569 current_scan_end_ns=1701245244223679569 overlap_duration_ns=190285 scan_index=896,1785256516541837216,false,21390,0.032753,16989504,5194,899,5388,TRACKING,0.731924,658,30327
923,1.000000,900,sensor_time,/home/letandat/Dev/uav-navigation/src/navigation_estimator/fast_lio_ros/config/mid360_mutual_avoidance_uav1.yaml,ee37646f3b4668f13cad1febce5b79dcaa5f896c91709a9ca80740c72dcb0a3e,5200,900,true,631,1,630,0.998415,0.000000,0.000000,0.002032,true,932,CORRECTED,0.000210,13845,14,0,3,1701245244258015898,0,SUCCEEDED,1760,50582,2,1701245244258015898,239,true,238,265,12,900,LIDAR_CORRECTION_CONVERGED,1785256516600099300,true,12320,0.038325,16989504,5204,900,5508,TRACKING,0.732222,659,23074
2237,1.000000,901,sensor_time,/home/letandat/Dev/uav-navigation/src/navigation_estimator/fast_lio_ros/config/mid360_mutual_avoidance_uav1.yaml,ee37646f3b4668f13cad1febce5b79dcaa5f896c91709a9ca80740c72dcb0a3e,5205,901,true,632,1,631,0.998418,0.000000,0.000000,0.002025,true,940,CORRECTED,0.000240,26364,8,0,3,1701245244291182068,0,SUCCEEDED,3022,50877,2,1701245244291182068,239,true,140,382,12,901,LIDAR_CORRECTION_CONVERGED,1785256516640992255,true,22058,0.034944,16989504,5211,901,5508,TRACKING,0.732519,660,31227
637,1.000000,902,sensor_time,/home/letandat/Dev/uav-navigation/src/navigation_estimator/fast_lio_ros/config/mid360_mutual_avoidance_uav1.yaml,ee37646f3b4668f13cad1febce5b79dcaa5f896c91709a9ca80740c72dcb0a3e,5211,902,true,633,1,632,0.998420,0.000000,0.000000,0.002028,true,1011,CORRECTED,0.000225,10245,7,0,3,1701245244325121668,0,SUCCEEDED,1382,50898,2,1701245244325121668,239,true,131,192,12,902,LIDAR_CORRECTION_CONVERGED,1785256516656823908,true,9127,0.037707,16989504,5213,902,5508,TRACKING,0.732816,661,13378
637,1.000000,903,,/home/letandat/Dev/uav-navigation/src/navigation_estimator/fast_lio_ros/config/mid360_mutual_avoidance_uav1.yaml,ee37646f3b4668f13cad1febce5b79dcaa5f896c91709a9ca80740c72dcb0a3e,5217,903,false,633,1,632,0.998420,0.000000,0.000000,0.002028,true,1011,UNAVAILABLE,0.000225,10245,7,0,3,1701245244325121668,1,NOT_ATTEMPTED,1382,50898,2,-1,240,false,131,192,12,903,OVERLAPPING_LIDAR_INTERVAL previous_synchronized_end_ns=1701245244325121668 current_scan_start_ns=1701245244324916363 current_scan_end_ns=1701245244357551363 overlap_duration_ns=205305 scan_index=900,1785256516675793087,false,9127,0.037707,16989504,5217,903,5508,TRACKING,0.732004,661,13378
2258,1.000000,904,sensor_time,/home/letandat/Dev/uav-navigation/src/navigation_estimator/fast_lio_ros/config/mid360_mutual_avoidance_uav1.yaml,ee37646f3b4668f13cad1febce5b79dcaa5f896c91709a9ca80740c72dcb0a3e,5223,904,true,634,1,633,0.998423,0.000000,0.000000,0.002026,true,875,CORRECTED,0.000420,26276,14,0,3,1701245244391738680,0,SUCCEEDED,2960,51207,2,1701245244391738680,240,true,223,371,12,904,LIDAR_CORRECTION_CONVERGED,1785256516741428818,true,22140,0.037413,16989504,5228,904,5508,TRACKING,0.732301,662,31127
2258,1.000000,905,,/home/letandat/Dev/uav-navigation/src/navigation_estimator/fast_lio_ros/config/mid360_mutual_avoidance_uav1.yaml,ee37646f3b4668f13cad1febce5b79dcaa5f896c91709a9ca80740c72dcb0a3e,5228,905,false,634,1,633,0.998423,0.000000,0.000000,0.002026,true,875,UNAVAILABLE,0.000420,26276,14,0,3,1701245244391738680,1,NOT_ATTEMPTED,2960,51207,2,-1,241,false,223,371,12,905,OVERLAPPING_LIDAR_INTERVAL previous_synchronized_end_ns=1701245244391738680 current_scan_start_ns=1701245244391387701 current_scan_end_ns=1701245244424022701 overlap_duration_ns=350979 scan_index=902,1785256516742295239,false,22140,0.037413,16989504,5228,905,5508,TRACKING,0.731492,662,31127
756,1.000000,906,sensor_time,/home/letandat/Dev/uav-navigation/src/navigation_estimator/fast_lio_ros/config/mid360_mutual_avoidance_uav1.yaml,ee37646f3b4668f13cad1febce5b79dcaa5f896c91709a9ca80740c72dcb0a3e,5234,906,true,635,1,634,0.998425,0.000000,0.000000,0.002032,true,877,CORRECTED,0.000340,11510,13,0,3,1701245244458059099,0,SUCCEEDED,1367,51237,2,1701245244458059099,241,true,203,207,12,906,LIDAR_CORRECTION_CONVERGED,1785256516790969888,true,10275,0.038686,16989504,5237,906,5508,TRACKING,0.731788,663,14693
2284,1.000000,907,sensor_time,/home/letandat/Dev/uav-navigation/src/navigation_estimator/fast_lio_ros/config/mid360_mutual_avoidance_uav1.yaml,ee37646f3b4668f13cad1febce5b79dcaa5f896c91709a9ca80740c72dcb0a3e,5240,907,true,636,1,635,0.998428,0.000000,0.000000,0.002023,true,880,CORRECTED,0.000216,26856,8,0,3,1701245244491241005,0,SUCCEEDED,3216,51556,2,1701245244491241005,241,true,124,379,12,907,LIDAR_CORRECTION_CONVERGED,1785256516841633001,true,22653,0.037976,16989504,5246,907,5508,TRACKING,0.732084,664,31827
2284,1.000000,908,,/home/letandat/Dev/uav-navigation/src/navigation_estimator/fast_lio_ros/config/mid360_mutual_avoidance_uav1.yaml,ee37646f3b4668f13cad1febce5b79dcaa5f896c91709a9ca80740c72dcb0a3e,5246,908,false,636,1,635,0.998428,0.000000,0.000000,0.002023,true,880,UNAVAILABLE,0.000216,26856,8,0,3,1701245244491241005,1,NOT_ATTEMPTED,3216,51556,2,-1,242,false,124,379,12,908,OVERLAPPING_LIDAR_INTERVAL previous_synchronized_end_ns=1701245244491241005 current_scan_start_ns=1701245244491008043 current_scan_end_ns=1701245244523643043 overlap_duration_ns=232962 scan_index=905,1785256516841801359,false,22653,0.037976,16989504,5246,908,5508,TRACKING,0.731278,664,31827
691,1.000000,909,sensor_time,/home/letandat/Dev/uav-navigation/src/navigation_estimator/fast_lio_ros/config/mid360_mutual_avoidance_uav1.yaml,ee37646f3b4668f13cad1febce5b79dcaa5f896c91709a9ca80740c72dcb0a3e,5252,909,true,637,1,636,0.998430,0.000000,0.000000,0.002030,true,911,CORRECTED,0.000092,10954,14,0,3,1701245244558048513,0,SUCCEEDED,1115,51598,2,1701245244558048513,242,true,310,219,12,909,LIDAR_CORRECTION_CONVERGED,1785256516890292425,true,9826,0.041028,16989504,5254,909,5508,TRACKING,0.731573,665,13956
2310,1.000000,910,sensor_time,/home/letandat/Dev/uav-navigation/src/navigation_estimator/fast_lio_ros/config/mid360_mutual_avoidance_uav1.yaml,ee37646f3b4668f13cad1febce5b79dcaa5f896c91709a9ca80740c72dcb0a3e,5257,910,true,638,1,637,0.998433,0.000000,0.000000,0.002021,true,882,CORRECTED,0.000254,26944,8,0,3,1701245244591212299,0,SUCCEEDED,3372,52018,2,1701245244591212299,242,true,164,384,12,910,LIDAR_CORRECTION_CONVERGED,1785256516941708739,true,22773,0.040958,16989504,5263,910,5508,TRACKING,0.731868,666,32114
823,1.000000,911,sensor_time,/home/letandat/Dev/uav-navigation/src/navigation_estimator/fast_lio_ros/config/mid360_mutual_avoidance_uav1.yaml,ee37646f3b4668f13cad1febce5b79dcaa5f896c91709a9ca80740c72dcb0a3e,5263,911,true,639,1,638,0.998435,0.000000,0.000000,0.002022,true,1106,CORRECTED,0.000180,13632,7,0,3,1701245244625160244,0,SUCCEEDED,1487,52065,2,1701245244625160244,242,true,123,235,12,911,LIDAR_CORRECTION_CONVERGED,1785256516960649469,true,12161,0.044205,16989504,5266,911,5508,TRACKING,0.732162,667,17054
823,1.000000,912,,/home/letandat/Dev/uav-navigation/src/navigation_estimator/fast_lio_ros/config/mid360_mutual_avoidance_uav1.yaml,ee37646f3b4668f13cad1febce5b79dcaa5f896c91709a9ca80740c72dcb0a3e,5269,912,false,639,1,638,0.998435,0.000000,0.000000,0.002022,true,1106,UNAVAILABLE,0.000180,13632,7,0,3,1701245244625160244,1,NOT_ATTEMPTED,1487,52065,2,-1,243,false,123,235,12,912,OVERLAPPING_LIDAR_INTERVAL previous_synchronized_end_ns=1701245244625160244 current_scan_start_ns=1701245244624755621 current_scan_end_ns=1701245244657390621 overlap_duration_ns=404623 scan_index=909,1785256516975695087,false,12161,0.044205,16989504,5269,912,5508,TRACKING,0.731360,667,17054
2261,1.000000,913,sensor_time,/home/letandat/Dev/uav-navigation/src/navigation_estimator/fast_lio_ros/config/mid360_mutual_avoidance_uav1.yaml,ee37646f3b4668f13cad1febce5b79dcaa5f896c91709a9ca80740c72dcb0a3e,5275,913,true,640,1,639,0.998437,0.000000,0.000000,0.002019,true,873,CORRECTED,0.000334,26558,14,0,3,1701245244691767242,0,SUCCEEDED,3421,52467,2,1701245244691767242,243,true,222,393,12,913,LIDAR_CORRECTION_CONVERGED,1785256517042257432,true,22373,0.040420,16989504,5281,913,5508,TRACKING,0.731654,668,31853
2261,1.000000,914,,/home/letandat/Dev/uav-navigation/src/navigation_estimator/fast_lio_ros/config/mid360_mutual_avoidance_uav1.yaml,ee37646f3b4668f13cad1febce5b79dcaa5f896c91709a9ca80740c72dcb0a3e,5281,914,false,640,1,639,0.998437,0.000000,0.000000,0.002019,true,873,UNAVAILABLE,0.000334,26558,14,0,3,1701245244691767242,1,NOT_ATTEMPTED,3421,52467,2,-1,244,false,222,393,12,914,OVERLAPPING_LIDAR_INTERVAL previous_synchronized_end_ns=1701245244691767242 current_scan_start_ns=1701245244691372633 current_scan_end_ns=1701245244724007633 overlap_duration_ns=394609 scan_index=911,1785256517042454237,false,22373,0.040420,16989504,5281,914,5508,TRACKING,0.730853,668,31853
584,1.000000,915,sensor_time,/home/letandat/Dev/uav-navigation/src/navigation_estimator/fast_lio_ros/config/mid360_mutual_avoidance_uav1.yaml,ee37646f3b4668f13cad1febce5b79dcaa5f896c91709a9ca80740c72dcb0a3e,5286,915,true,641,1,640,0.998440,0.000000,0.000000,0.002027,true,944,CORRECTED,0.000286,8954,14,0,3,1701245244758046892,0,SUCCEEDED,947,52499,2,1701245244758046892,244,true,235,183,12,915,LIDAR_CORRECTION_CONVERGED,1785256517094638323,true,7984,0.041887,16989504,5289,915,6038,TRACKING,0.731148,669,17695
2274,1.000000,916,sensor_time,/home/letandat/Dev/uav-navigation/src/navigation_estimator/fast_lio_ros/config/mid360_mutual_avoidance_uav1.yaml,ee37646f3b4668f13cad1febce5b79dcaa5f896c91709a9ca80740c72dcb0a3e,5292,916,true,642,1,641,0.998442,0.000000,0.000000,0.002017,true,943,CORRECTED,0.000324,29038,7,0,3,1701245244791259077,0,SUCCEEDED,3588,52884,2,1701245244791259077,244,true,115,401,12,916,LIDAR_CORRECTION_CONVERGED,1785256517144289967,true,24707,0.038407,16989504,5298,917,6038,TRACKING,0.731441,670,34503
2274,1.000000,917,,/home/letandat/Dev/uav-navigation/src/navigation_estimator/fast_lio_ros/config/mid360_mutual_avoidance_uav1.yaml,ee37646f3b4668f13cad1febce5b79dcaa5f896c91709a9ca80740c72dcb0a3e,5298,917,false,642,1,641,0.998442,0.000000,0.000000,0.002017,true,943,UNAVAILABLE,0.000324,29038,7,0,3,1701245244791259077,1,NOT_ATTEMPTED,3588,52884,2,-1,245,false,115,401,12,917,OVERLAPPING_LIDAR_INTERVAL previous_synchronized_end_ns=1701245244791259077 current_scan_start_ns=1701245244791025877 current_scan_end_ns=1701245244823660877 overlap_duration_ns=233200 scan_index=914,1785256517144459567,false,24707,0.038407,16989504,5298,917,6038,TRACKING,0.730643,670,34503
493,1.000000,918,sensor_time,/home/letandat/Dev/uav-navigation/src/navigation_estimator/fast_lio_ros/config/mid360_mutual_avoidance_uav1.yaml,ee37646f3b4668f13cad1febce5b79dcaa5f896c91709a9ca80740c72dcb0a3e,5304,918,true,643,1,642,0.998445,0.000000,0.000000,0.002026,true,863,CORRECTED,0.000002,6915,14,0,3,1701245244858015802,0,SUCCEEDED,695,52923,2,1701245244858015802,245,true,226,158,12,918,LIDAR_CORRECTION_CONVERGED,1785256517185548183,true,6146,0.049885,16989504,5306,918,6038,TRACKING,0.730937,671,9197
2349,1.000000,919,sensor_time,/home/letandat/Dev/uav-navigation/src/navigation_estimator/fast_lio_ros/config/mid360_mutual_avoidance_uav1.yaml,ee37646f3b4668f13cad1febce5b79dcaa5f896c91709a9ca80740c72dcb0a3e,5310,919,true,644,1,643,0.998447,0.000000,0.000000,0.002014,true,868,CORRECTED,0.000152,28698,8,0,3,1701245244891180542,0,SUCCEEDED,3707,53275,2,1701245244891180542,245,true,134,388,12,919,LIDAR_CORRECTION_CONVERGED,1785256517243725996,true,24226,0.039281,16989504,5316,920,6038,TRACKING,0.731230,672,34158
1106,1.000000,920,sensor_time,/home/letandat/Dev/uav-navigation/src/navigation_estimator/fast_lio_ros/config/mid360_mutual_avoidance_uav1.yaml,ee37646f3b4668f13cad1febce5b79dcaa5f896c91709a9ca80740c72dcb0a3e,5315,920,true,645,1,644,0.998450,0.000000,0.000000,0.002013,true,1064,CORRECTED,0.000272,18243,8,0,3,1701245244925159719,0,SUCCEEDED,2100,53376,2,1701245244925159719,245,true,145,262,12,920,LIDAR_CORRECTION_CONVERGED,1785256517266117885,true,16244,0.045451,16989504,5319,920,6038,TRACKING,0.731522,673,22142
1106,1.000000,921,,/home/letandat/Dev/uav-navigation/src/navigation_estimator/fast_lio_ros/config/mid360_mutual_avoidance_uav1.yaml,ee37646f3b4668f13cad1febce5b79dcaa5f896c91709a9ca80740c72dcb0a3e,5321,921,false,645,1,644,0.998450,0.000000,0.000000,0.002013,true,1064,UNAVAILABLE,0.000272,18243,8,0,3,1701245244925159719,1,NOT_ATTEMPTED,2100,53376,2,-1,246,false,145,262,12,921,OVERLAPPING_LIDAR_INTERVAL previous_synchronized_end_ns=1701245244925159719 current_scan_start_ns=1701245244924899340 current_scan_end_ns=1701245244957534340 overlap_duration_ns=260379 scan_index=918,1785256517275787149,false,16244,0.045451,16989504,5321,921,6038,TRACKING,0.730727,673,22142
2251,1.000000,922,sensor_time,/home/letandat/Dev/uav-navigation/src/navigation_estimator/fast_lio_ros/config/mid360_mutual_avoidance_uav1.yaml,ee37646f3b4668f13cad1febce5b79dcaa5f896c91709a9ca80740c72dcb0a3e,5327,922,true,646,1,645,0.998452,0.000000,0.000000,0.002010,true,878,CORRECTED,0.000168,25885,13,0,3,1701245244991783884,0,SUCCEEDED,3540,53706,2,1701245244991783884,246,true,205,407,12,922,LIDAR_CORRECTION_CONVERGED,1785256517341641952,true,22120,0.035751,16989504,5333,922,6038,TRACKING,0.731020,674,31290
2251,1.000000,923,,/home/letandat/Dev/uav-navigation/src/navigation_estimator/fast_lio_ros/config/mid360_mutual_avoidance_uav1.yaml,ee37646f3b4668f13cad1febce5b79dcaa5f896c91709a9ca80740c72dcb0a3e,5333,923,false,646,1,645,0.998452,0.000000,0.000000,0.002010,true,878,UNAVAILABLE,0.000168,25885,13,0,3,1701245244991783884,1,NOT_ATTEMPTED,3540,53706,2,-1,247,false,205,407,12,923,OVERLAPPING_LIDAR_INTERVAL previous_synchronized_end_ns=1701245244991783884 current_scan_start_ns=1701245244991361856 current_scan_end_ns=1701245245023996856 overlap_duration_ns=422028 scan_index=920,1785256517342289756,false,22120,0.035751,16989504,5333,923,6038,TRACKING,0.730228,674,31290
329,1.000000,924,sensor_time,/home/letandat/Dev/uav-navigation/src/navigation_estimator/fast_lio_ros/config/mid360_mutual_avoidance_uav1.yaml,ee37646f3b4668f13cad1febce5b79dcaa5f896c91709a9ca80740c72dcb0a3e,5338,924,true,647,1,646,0.998454,0.000000,0.000000,0.002020,true,867,CORRECTED,0.000052,4635,14,0,3,1701245245058043268,0,SUCCEEDED,382,53725,2,1701245245058043268,247,true,241,131,12,924,LIDAR_CORRECTION_CONVERGED,1785256517382799514,true,4147,0.042241,16989504,5340,924,6038,TRACKING,0.730519,675,6466
2218,1.000000,925,sensor_time,/home/letandat/Dev/uav-navigation/src/navigation_estimator/fast_lio_ros/config/mid360_mutual_avoidance_uav1.yaml,ee37646f3b4668f13cad1febce5b79dcaa5f896c91709a9ca80740c72dcb0a3e,5344,925,true,648,1,647,0.998457,0.000000,0.000000,0.002008,true,895,CORRECTED,0.000299,26667,7,0,3,1701245245091268327,0,SUCCEEDED,3492,54053,2,1701245245091268327,247,true,119,399,12,925,LIDAR_CORRECTION_CONVERGED,1785256517441854761,true,22965,0.039245,16989504,5350,925,6038,TRACKING,0.730811,676,31956
1329,1.000000,926,sensor_time,/home/letandat/Dev/uav-navigation/src/navigation_estimator/fast_lio_ros/config/mid360_mutual_avoidance_uav1.yaml,ee37646f3b4668f13cad1febce5b79dcaa5f896c91709a9ca80740c72dcb0a3e,5350,926,true,649,1,648,0.998459,0.000000,0.000000,0.002006,true,1008,CORRECTED,0.000151,19594,8,0,3,1701245245124981430,0,SUCCEEDED,2678,54180,2,1701245245124981430,247,true,141,299,12,926,LIDAR_CORRECTION_CONVERGED,1785256517467455231,true,17217,0.041751,16989504,5354,926,6038,TRACKING,0.731102,677,24133
277,1.000000,927,sensor_time,/home/letandat/Dev/uav-navigation/src/navigation_estimator/fast_lio_ros/config/mid360_mutual_avoidance_uav1.yaml,ee37646f3b4668f13cad1febce5b79dcaa5f896c91709a9ca80740c72dcb0a3e,5356,927,true,650,1,649,0.998462,0.000000,0.000000,0.002011,true,876,CORRECTED,0.000053,3779,8,0,3,1701245245157998588,0,SUCCEEDED,463,54192,2,1701245245157998588,247,true,123,115,12,927,LIDAR_CORRECTION_CONVERGED,1785256517481640727,true,3345,0.041156,16989504,5357,927,6038,TRACKING,0.731392,678,5499
2205,1.000000,928,sensor_time,/home/letandat/Dev/uav-navigation/src/navigation_estimator/fast_lio_ros/config/mid360_mutual_avoidance_uav1.yaml,ee37646f3b4668f13cad1febce5b79dcaa5f896c91709a9ca80740c72dcb0a3e,5362,928,true,651,1,650,0.998464,0.000000,0.000000,0.002001,true,858,CORRECTED,0.000677,27276,8,0,3,1701245245191185501,0,SUCCEEDED,3344,54527,2,1701245245191185501,247,true,129,375,12,928,LIDAR_CORRECTION_CONVERGED,1785256517548421089,true,23557,0.042102,16989504,5369,929,6390,TRACKING,0.731681,679,38715
1343,1.000000,929,sensor_time,/home/letandat/Dev/uav-navigation/src/navigation_estimator/fast_lio_ros/config/mid360_mutual_avoidance_uav1.yaml,ee37646f3b4668f13cad1febce5b79dcaa5f896c91709a9ca80740c72dcb0a3e,5367,929,true,652,1,651,0.998466,0.000000,0.000000,0.002000,true,1040,CORRECTED,0.000170,20282,8,0,3,1701245245225121286,0,SUCCEEDED,2754,54675,2,1701245245225121286,247,true,145,302,12,929,LIDAR_CORRECTION_CONVERGED,1785256517574557192,true,17859,0.043393,16989504,5373,929,6390,TRACKING,0.731970,680,25011
1343,1.000000,930,,/home/letandat/Dev/uav-navigation/src/navigation_estimator/fast_lio_ros/config/mid360_mutual_avoidance_uav1.yaml,ee37646f3b4668f13cad1febce5b79dcaa5f896c91709a9ca80740c72dcb0a3e,5373,930,false,652,1,651,0.998466,0.000000,0.000000,0.002000,true,1040,UNAVAILABLE,0.000170,20282,8,0,3,1701245245225121286,1,NOT_ATTEMPTED,2754,54675,2,-1,248,false,145,302,12,930,OVERLAPPING_LIDAR_INTERVAL previous_synchronized_end_ns=1701245245225121286 current_scan_start_ns=1701245245224772215 current_scan_end_ns=1701245245257407215 overlap_duration_ns=349071 scan_index=927,1785256517575660541,false,17859,0.043393,16989504,5373,930,6390,TRACKING,0.731183,680,25011
2171,1.000000,931,sensor_time,/home/letandat/Dev/uav-navigation/src/navigation_estimator/fast_lio_ros/config/mid360_mutual_avoidance_uav1.yaml,ee37646f3b4668f13cad1febce5b79dcaa5f896c91709a9ca80740c72dcb0a3e,5379,931,true,653,1,652,0.998469,0.000000,0.000000,0.001998,true,931,CORRECTED,0.000109,28472,13,0,3,1701245245291696337,0,SUCCEEDED,3642,54988,2,1701245245291696337,248,true,228,390,12,931,LIDAR_CORRECTION_CONVERGED,1785256517644451102,true,24533,0.039859,16989504,5385,932,6390,TRACKING,0.731472,681,34118
2171,1.000000,932,,/home/letandat/Dev/uav-navigation/src/navigation_estimator/fast_lio_ros/config/mid360_mutual_avoidance_uav1.yaml,ee37646f3b4668f13cad1febce5b79dcaa5f896c91709a9ca80740c72dcb0a3e,5385,932,false,653,1,652,0.998469,0.000000,0.000000,0.001998,true,931,UNAVAILABLE,0.000109,28472,13,0,3,1701245245291696337,1,NOT_ATTEMPTED,3642,54988,2,-1,249,false,228,390,12,932,OVERLAPPING_LIDAR_INTERVAL previous_synchronized_end_ns=1701245245291696337 current_scan_start_ns=1701245245291399717 current_scan_end_ns=1701245245324034717 overlap_duration_ns=296620 scan_index=929,1785256517644577586,false,24533,0.039859,16989504,5385,932,6390,TRACKING,0.730687,681,34118
205,1.000000,933,sensor_time,/home/letandat/Dev/uav-navigation/src/navigation_estimator/fast_lio_ros/config/mid360_mutual_avoidance_uav1.yaml,ee37646f3b4668f13cad1febce5b79dcaa5f896c91709a9ca80740c72dcb0a3e,5390,933,true,654,1,653,0.998471,0.000000,0.000000,0.002009,true,936,CORRECTED,0.000000,2882,14,0,3,1701245245358058479,0,SUCCEEDED,202,54996,2,1701245245358058479,249,true,252,99,12,933,LIDAR_CORRECTION_CONVERGED,1785256517681087363,true,2564,0.036155,16989504,5391,933,6390,TRACKING,0.730975,682,4580
2072,1.000000,934,sensor_time,/home/letandat/Dev/uav-navigation/src/navigation_estimator/fast_lio_ros/config/mid360_mutual_avoidance_uav1.yaml,ee37646f3b4668f13cad1febce5b79dcaa5f896c91709a9ca80740c72dcb0a3e,5396,934,true,655,1,654,0.998473,0.000000,0.000000,0.001997,true,933,CORRECTED,0.000085,26550,7,0,3,1701245245391278532,0,SUCCEEDED,3278,55269,2,1701245245391278532,249,true,121,370,12,934,LIDAR_CORRECTION_CONVERGED,1785256517741196626,true,22964,0.038947,16989504,5402,934,6390,TRACKING,0.731263,683,31648
1606,1.000000,935,sensor_time,/home/letandat/Dev/uav-navigation/src/navigation_estimator/fast_lio_ros/config/mid360_mutual_avoidance_uav1.yaml,ee37646f3b4668f13cad1febce5b79dcaa5f896c91709a9ca80740c72dcb0a3e,5402,935,true,656,1,655,0.998476,0.000000,0.000000,0.001993,true,986,CORRECTED,0.000150,22693,8,0,3,1701245245425035503,0,SUCCEEDED,2698,55456,2,1701245245425035503,249,true,150,325,12,935,LIDAR_CORRECTION_CONVERGED,1785256517770509656,true,19852,0.043380,16989504,5407,935,6390,TRACKING,0.731551,684,27243
1606,1.000000,936,,/home/letandat/Dev/uav-navigation/src/navigation_estimator/fast_lio_ros/config/mid360_mutual_avoidance_uav1.yaml,ee37646f3b4668f13cad1febce5b79dcaa5f896c91709a9ca80740c72dcb0a3e,5408,936,false,656,1,655,0.998476,0.000000,0.000000,0.001993,true,986,UNAVAILABLE,0.000150,22693,8,0,3,1701245245425035503,1,NOT_ATTEMPTED,2698,55456,2,-1,250,false,150,325,12,936,OVERLAPPING_LIDAR_INTERVAL previous_synchronized_end_ns=1701245245425035503 current_scan_start_ns=1701245245424777508 current_scan_end_ns=1701245245457412508 overlap_duration_ns=257995 scan_index=933,1785256517775558971,false,19852,0.043380,16989504,5408,936,6390,TRACKING,0.730769,684,27243
1972,1.000000,937,sensor_time,/home/letandat/Dev/uav-navigation/src/navigation_estimator/fast_lio_ros/config/mid360_mutual_avoidance_uav1.yaml,ee37646f3b4668f13cad1febce5b79dcaa5f896c91709a9ca80740c72dcb0a3e,5414,937,true,657,1,656,0.998478,0.000000,0.000000,0.001991,true,871,CORRECTED,0.000239,25029,14,0,3,1701245245491218355,0,SUCCEEDED,3111,55687,2,1701245245491218355,250,true,228,340,12,937,LIDAR_CORRECTION_CONVERGED,1785256517839559523,true,21582,0.040610,16989504,5419,937,6390,TRACKING,0.731057,685,29958
1776,1.000000,938,sensor_time,/home/letandat/Dev/uav-navigation/src/navigation_estimator/fast_lio_ros/config/mid360_mutual_avoidance_uav1.yaml,ee37646f3b4668f13cad1febce5b79dcaa5f896c91709a9ca80740c72dcb0a3e,5420,938,true,658,1,657,0.998480,0.000000,0.000000,0.001987,true,979,CORRECTED,0.000547,26702,8,0,3,1701245245525156286,0,SUCCEEDED,3891,55893,2,1701245245525156286,250,true,148,375,12,938,LIDAR_CORRECTION_CONVERGED,1785256517876116754,true,23473,0.044537,16989504,5425,939,6390,TRACKING,0.731343,686,32563
1776,1.000000,939,,/home/letandat/Dev/uav-navigation/src/navigation_estimator/fast_lio_ros/config/mid360_mutual_avoidance_uav1.yaml,ee37646f3b4668f13cad1febce5b79dcaa5f896c91709a9ca80740c72dcb0a3e,5425,939,false,658,1,657,0.998480,0.000000,0.000000,0.001987,true,979,UNAVAILABLE,0.000547,26702,8,0,3,1701245245525156286,1,NOT_ATTEMPTED,3891,55893,2,-1,251,false,148,375,12,939,OVERLAPPING_LIDAR_INTERVAL previous_synchronized_end_ns=1701245245525156286 current_scan_start_ns=1701245245524932384 current_scan_end_ns=1701245245557567384 overlap_duration_ns=223902 scan_index=936,1785256517876313106,false,23473,0.044537,16989504,5425,939,6390,TRACKING,0.730564,686,32563
1840,1.000000,940,sensor_time,/home/letandat/Dev/uav-navigation/src/navigation_estimator/fast_lio_ros/config/mid360_mutual_avoidance_uav1.yaml,ee37646f3b4668f13cad1febce5b79dcaa5f896c91709a9ca80740c72dcb0a3e,5431,940,true,659,1,658,0.998483,0.000000,0.000000,0.001986,true,1017,CORRECTED,0.000210,27007,13,0,3,1701245245591674831,0,SUCCEEDED,3106,56104,2,1701245245591674831,251,true,295,461,12,940,LIDAR_CORRECTION_CONVERGED,1785256517942234634,true,23584,0.037587,16989504,5437,941,6390,TRACKING,0.730851,687,32316
1840,1.000000,941,,/home/letandat/Dev/uav-navigation/src/navigation_estimator/fast_lio_ros/config/mid360_mutual_avoidance_uav1.yaml,ee37646f3b4668f13cad1febce5b79dcaa5f896c91709a9ca80740c72dcb0a3e,5437,941,false,659,1,658,0.998483,0.000000,0.000000,0.001986,true,1017,UNAVAILABLE,0.000210,27007,13,0,3,1701245245591674831,1,NOT_ATTEMPTED,3106,56104,2,-1,252,false,295,461,12,941,OVERLAPPING_LIDAR_INTERVAL previous_synchronized_end_ns=1701245245591674831 current_scan_start_ns=1701245245591351271 current_scan_end_ns=1701245245623986271 overlap_duration_ns=323560 scan_index=938,1785256517942399037,false,23584,0.037587,16989504,5437,941,6390,TRACKING,0.730074,687,32316
218,1.000000,942,sensor_time,/home/letandat/Dev/uav-navigation/src/navigation_estimator/fast_lio_ros/config/mid360_mutual_avoidance_uav1.yaml,ee37646f3b4668f13cad1febce5b79dcaa5f896c91709a9ca80740c72dcb0a3e,5442,942,true,660,1,659,0.998485,0.000000,0.000000,0.001997,true,938,CORRECTED,0.000000,3603,14,0,3,1701245245658023622,0,SUCCEEDED,246,56112,2,1701245245658023622,252,true,263,111,12,942,LIDAR_CORRECTION_CONVERGED,1785256517981790599,true,3179,0.039816,16989504,5443,942,6390,TRACKING,0.730361,688,5366
1636,1.000000,943,sensor_time,/home/letandat/Dev/uav-navigation/src/navigation_estimator/fast_lio_ros/config/mid360_mutual_avoidance_uav1.yaml,ee37646f3b4668f13cad1febce5b79dcaa5f896c91709a9ca80740c72dcb0a3e,5448,943,true,661,1,660,0.998487,0.000000,0.000000,0.001986,true,970,CORRECTED,0.000071,33212,8,0,4,1701245245691215303,0,SUCCEEDED,3223,56301,2,1701245245691215303,252,true,136,348,12,943,LIDAR_CORRECTION_CONVERGED,1785256518055063674,true,29068,0.038865,16989504,5456,944,7172,TRACKING,0.730647,689,45327
1925,1.000000,944,sensor_time,/home/letandat/Dev/uav-navigation/src/navigation_estimator/fast_lio_ros/config/mid360_mutual_avoidance_uav1.yaml,ee37646f3b4668f13cad1febce5b79dcaa5f896c91709a9ca80740c72dcb0a3e,5454,944,true,662,1,661,0.998489,0.000000,0.000000,0.001978,true,1298,CORRECTED,0.000351,27889,7,0,3,1701245245724967029,0,SUCCEEDED,3364,56487,2,1701245245724967029,252,true,176,397,12,944,LIDAR_CORRECTION_CONVERGED,1785256518090111466,true,24113,0.039175,16989504,5463,945,7172,TRACKING,0.730932,690,33544
221,1.000000,945,sensor_time,/home/letandat/Dev/uav-navigation/src/navigation_estimator/fast_lio_ros/config/mid360_mutual_avoidance_uav1.yaml,ee37646f3b4668f13cad1febce5b79dcaa5f896c91709a9ca80740c72dcb0a3e,5460,945,true,663,1,662,0.998492,0.000000,0.000000,0.001983,true,1114,CORRECTED,0.000000,3950,8,0,3,1701245245758003977,0,SUCCEEDED,362,56495,2,1701245245758003977,252,true,153,121,12,945,LIDAR_CORRECTION_CONVERGED,1785256518096273152,true,3518,0.036659,16989504,5464,945,7172,TRACKING,0.731217,691,5910
1708,1.000000,946,sensor_time,/home/letandat/Dev/uav-navigation/src/navigation_estimator/fast_lio_ros/config/mid360_mutual_avoidance_uav1.yaml,ee37646f3b4668f13cad1febce5b79dcaa5f896c91709a9ca80740c72dcb0a3e,5466,946,true,664,1,663,0.998494,0.000000,0.000000,0.001976,true,891,CORRECTED,0.000396,24428,8,0,3,1701245245791193273,0,SUCCEEDED,3020,56665,2,1701245245791193273,252,true,135,318,12,946,LIDAR_CORRECTION_CONVERGED,1785256518138905830,true,21386,0.041944,16989504,5471,946,7172,TRACKING,0.731501,692,29125
1987,1.000000,947,sensor_time,/home/letandat/Dev/uav-navigation/src/navigation_estimator/fast_lio_ros/config/mid360_mutual_avoidance_uav1.yaml,ee37646f3b4668f13cad1febce5b79dcaa5f896c91709a9ca80740c72dcb0a3e,5472,947,true,665,1,664,0.998496,0.000000,0.000000,0.001969,true,1071,CORRECTED,0.000391,31596,8,0,3,1701245245825208452,0,SUCCEEDED,3541,56881,2,1701245245825208452,252,true,156,440,12,947,LIDAR_CORRECTION_CONVERGED,1785256518180838847,true,27666,0.037289,16989504,5478,948,7172,TRACKING,0.731785,693,37316
1987,1.000000,948,,/home/letandat/Dev/uav-navigation/src/navigation_estimator/fast_lio_ros/config/mid360_mutual_avoidance_uav1.yaml,ee37646f3b4668f13cad1febce5b79dcaa5f896c91709a9ca80740c72dcb0a3e,5477,948,false,665,1,664,0.998496,0.000000,0.000000,0.001969,true,1071,UNAVAILABLE,0.000391,31596,8,0,3,1701245245825208452,1,NOT_ATTEMPTED,3541,56881,2,-1,253,false,156,440,12,948,OVERLAPPING_LIDAR_INTERVAL previous_synchronized_end_ns=1701245245825208452 current_scan_start_ns=1701245245824743748 current_scan_end_ns=1701245245857378748 overlap_duration_ns=464704 scan_index=945,1785256518181018591,false,27666,0.037289,16989504,5478,948,7172,TRACKING,0.731013,693,37316
1618,1.000000,949,sensor_time,/home/letandat/Dev/uav-navigation/src/navigation_estimator/fast_lio_ros/config/mid360_mutual_avoidance_uav1.yaml,ee37646f3b4668f13cad1febce5b79dcaa5f896c91709a9ca80740c72dcb0a3e,5483,949,true,666,1,665,0.998498,0.000000,0.000000,0.001970,true,887,CORRECTED,0.000115,21097,13,0,3,1701245245891675737,0,SUCCEEDED,2935,57013,2,1701245245891675737,253,true,213,314,12,949,LIDAR_CORRECTION_CONVERGED,1785256518235699488,true,18383,0.038504,16989504,5488,949,7172,TRACKING,0.731296,694,25830
1618,1.000000,950,,/home/letandat/Dev/uav-navigation/src/navigation_estimator/fast_lio_ros/config/mid360_mutual_avoidance_uav1.yaml,ee37646f3b4668f13cad1febce5b79dcaa5f896c91709a9ca80740c72dcb0a3e,5489,950,false,666,1,665,0.998498,0.000000,0.000000,0.001970,true,887,UNAVAILABLE,0.000115,21097,13,0,3,1701245245891675737,1,NOT_ATTEMPTED,2935,57013,2,-1,254,false,213,314,12,950,OVERLAPPING_LIDAR_INTERVAL previous_synchronized_end_ns=1701245245891675737 current_scan_start_ns=1701245245891365051 current_scan_end_ns=1701245245924000051 overlap_duration_ns=310686 scan_index=947,1785256518242148749,false,18383,0.038504,16989504,5489,950,7172,TRACKING,0.730526,694,25830
284,1.000000,951,sensor_time,/home/letandat/Dev/uav-navigation/src/navigation_estimator/fast_lio_ros/config/mid360_mutual_avoidance_uav1.yaml,ee37646f3b4668f13cad1febce5b79dcaa5f896c91709a9ca80740c72dcb0a3e,5495,951,true,667,1,666,0.998501,0.000000,0.000000,0.001980,true,963,CORRECTED,0.000025,3997,14,0,3,1701245245958032635,0,SUCCEEDED,311,57021,2,1701245245958032635,254,true,243,110,12,951,LIDAR_CORRECTION_CONVERGED,1785256518281826349,true,3545,0.036858,16989504,5496,951,7172,TRACKING,0.730810,695,5801
1423,1.000000,952,sensor_time,/home/letandat/Dev/uav-navigation/src/navigation_estimator/fast_lio_ros/config/mid360_mutual_avoidance_uav1.yaml,ee37646f3b4668f13cad1febce5b79dcaa5f896c91709a9ca80740c72dcb0a3e,5500,952,true,668,1,667,0.998503,0.000000,0.000000,0.001970,true,938,CORRECTED,0.000418,19762,8,0,3,1701245245991210010,0,SUCCEEDED,2220,57157,2,1701245245991210010,254,true,134,308,12,952,LIDAR_CORRECTION_CONVERGED,1785256518333175792,true,17354,0.040099,16989504,5505,952,7172,TRACKING,0.731092,696,23573
1423,1.000000,953,,/home/letandat/Dev/uav-navigation/src/navigation_estimator/fast_lio_ros/config/mid360_mutual_avoidance_uav1.yaml,ee37646f3b4668f13cad1febce5b79dcaa5f896c91709a9ca80740c72dcb0a3e,5506,953,false,668,1,667,0.998503,0.000000,0.000000,0.001970,true,938,UNAVAILABLE,0.000418,19762,8,0,3,1701245245991210010,1,NOT_ATTEMPTED,2220,57157,2,-1,255,false,134,308,12,953,OVERLAPPING_LIDAR_INTERVAL previous_synchronized_end_ns=1701245245991210010 current_scan_start_ns=1701245245991032362 current_scan_end_ns=1701245246023667362 overlap_duration_ns=177648 scan_index=950,1785256518341925232,false,17354,0.040099,16989504,5506,953,7172,TRACKING,0.730325,696,23573
289,1.000000,954,sensor_time,/home/letandat/Dev/uav-navigation/src/navigation_estimator/fast_lio_ros/config/mid360_mutual_avoidance_uav1.yaml,ee37646f3b4668f13cad1febce5b79dcaa5f896c91709a9ca80740c72dcb0a3e,5512,954,true,669,1,668,0.998505,0.000000,0.000000,0.001980,true,866,CORRECTED,0.000131,4085,13,0,3,1701245246057983663,0,SUCCEEDED,347,57162,2,1701245246057983663,255,true,206,112,12,954,LIDAR_CORRECTION_CONVERGED,1785256518382030281,true,3660,0.037401,16989504,5513,954,7172,TRACKING,0.730608,697,5764
1330,1.000000,955,sensor_time,/home/letandat/Dev/uav-navigation/src/navigation_estimator/fast_lio_ros/config/mid360_mutual_avoidance_uav1.yaml,ee37646f3b4668f13cad1febce5b79dcaa5f896c91709a9ca80740c72dcb0a3e,5518,955,true,670,1,669,0.998507,0.000000,0.000000,0.001967,true,895,CORRECTED,0.000368,25608,8,0,4,1701245246091204193,0,SUCCEEDED,2158,57279,2,1701245246091204193,255,true,131,294,12,955,LIDAR_CORRECTION_CONVERGED,1785256518438904674,true,22511,0.040372,16989504,5523,955,7172,TRACKING,0.730890,698,29310
2223,1.000000,956,sensor_time,/home/letandat/Dev/uav-navigation/src/navigation_estimator/fast_lio_ros/config/mid360_mutual_avoidance_uav1.yaml,ee37646f3b4668f13cad1febce5b79dcaa5f896c91709a9ca80740c72dcb0a3e,5524,956,true,671,1,670,0.998510,0.000000,0.000000,0.001951,true,948,CORRECTED,0.000314,28545,8,0,3,1701245246125125911,0,SUCCEEDED,4247,57529,2,1701245246125125911,255,true,141,452,12,956,LIDAR_CORRECTION_CONVERGED,1785256518485271833,true,24549,0.034621,16989504,5531,957,6559,TRACKING,0.731172,699,41325
2223,1.000000,957,,/home/letandat/Dev/uav-navigation/src/navigation_estimator/fast_lio_ros/config/mid360_mutual_avoidance_uav1.yaml,ee37646f3b4668f13cad1febce5b79dcaa5f896c91709a9ca80740c72dcb0a3e,5529,957,false,671,1,670,0.998510,0.000000,0.000000,0.001951,true,948,UNAVAILABLE,0.000314,28545,8,0,3,1701245246125125911,1,NOT_ATTEMPTED,4247,57529,2,-1,256,false,141,452,12,957,OVERLAPPING_LIDAR_INTERVAL previous_synchronized_end_ns=1701245246125125911 current_scan_start_ns=1701245246124758244 current_scan_end_ns=1701245246157393244 overlap_duration_ns=367667 scan_index=954,1785256518485986197,false,24549,0.034621,16989504,5531,957,6559,TRACKING,0.730408,699,41325
1211,1.000000,958,sensor_time,/home/letandat/Dev/uav-navigation/src/navigation_estimator/fast_lio_ros/config/mid360_mutual_avoidance_uav1.yaml,ee37646f3b4668f13cad1febce5b79dcaa5f896c91709a9ca80740c72dcb0a3e,5535,958,true,672,1,671,0.998512,0.000000,0.000000,0.001952,true,868,CORRECTED,0.000246,17340,14,0,3,1701245246191701200,0,SUCCEEDED,2186,57637,2,1701245246191701200,256,true,228,268,12,958,LIDAR_CORRECTION_CONVERGED,1785256518531360167,true,15272,0.043400,16989504,5539,958,6559,TRACKING,0.730689,700,21300
1211,1.000000,959,,/home/letandat/Dev/uav-navigation/src/navigation_estimator/fast_lio_ros/config/mid360_mutual_avoidance_uav1.yaml,ee37646f3b4668f13cad1febce5b79dcaa5f896c91709a9ca80740c72dcb0a3e,5541,959,false,672,1,671,0.998512,0.000000,0.000000,0.001952,true,868,UNAVAILABLE,0.000246,17340,14,0,3,1701245246191701200,1,NOT_ATTEMPTED,2186,57637,2,-1,257,false,228,268,12,959,OVERLAPPING_LIDAR_INTERVAL previous_synchronized_end_ns=1701245246191701200 current_scan_start_ns=1701245246191371441 current_scan_end_ns=1701245246224006441 overlap_duration_ns=329759 scan_index=956,1785256518542321406,false,15272,0.043400,16989504,5541,959,6559,TRACKING,0.729927,700,21300
284,1.000000,960,sensor_time,/home/letandat/Dev/uav-navigation/src/navigation_estimator/fast_lio_ros/config/mid360_mutual_avoidance_uav1.yaml,ee37646f3b4668f13cad1febce5b79dcaa5f896c91709a9ca80740c72dcb0a3e,5547,960,true,673,1,672,0.998514,0.000000,0.000000,0.001962,true,892,CORRECTED,0.000040,3947,13,0,3,1701245246258056429,0,SUCCEEDED,351,57650,2,1701245246258056429,257,true,213,108,12,960,LIDAR_CORRECTION_CONVERGED,1785256518581732966,true,3473,0.039323,16989504,5548,960,6559,TRACKING,0.730208,701,5651
994,1.000000,961,sensor_time,/home/letandat/Dev/uav-navigation/src/navigation_estimator/fast_lio_ros/config/mid360_mutual_avoidance_uav1.yaml,ee37646f3b4668f13cad1febce5b79dcaa5f896c91709a9ca80740c72dcb0a3e,5552,961,true,674,1,673,0.998516,0.000000,0.000000,0.001955,true,950,CORRECTED,0.000429,15031,8,0,3,1701245246291215208,0,SUCCEEDED,1831,57732,2,1701245246291215208,257,true,135,272,12,961,LIDAR_CORRECTION_CONVERGED,1785256518628003134,true,13433,0.043257,16989504,5556,961,6559,TRACKING,0.730489,702,18375
2371,1.000000,962,sensor_time,/home/letandat/Dev/uav-navigation/src/navigation_estimator/fast_lio_ros/config/mid360_mutual_avoidance_uav1.yaml,ee37646f3b4668f13cad1febce5b79dcaa5f896c91709a9ca80740c72dcb0a3e,5558,962,true,675,1,674,0.998519,0.000000,0.000000,0.001935,true,880,CORRECTED,0.000050,38934,8,0,4,1701245246325039890,0,SUCCEEDED,3554,58001,2,1701245246325039890,257,true,123,390,12,962,LIDAR_CORRECTION_CONVERGED,1785256518687595739,true,33393,0.035342,16989504,5566,963,6559,TRACKING,0.730769,703,44243
293,1.000000,963,sensor_time,/home/letandat/Dev/uav-navigation/src/navigation_estimator/fast_lio_ros/config/mid360_mutual_avoidance_uav1.yaml,ee37646f3b4668f13cad1febce5b79dcaa5f896c91709a9ca80740c72dcb0a3e,5564,963,true,676,1,675,0.998521,0.000000,0.000000,0.001939,true,1055,CORRECTED,0.000054,3712,7,0,2,1701245246357993629,0,SUCCEEDED,495,58012,2,1701245246357993629,257,true,133,137,12,963,LIDAR_CORRECTION_CONVERGED,1785256518693796485,true,3333,0.042233,16989504,5567,963,6559,TRACKING,0.731049,704,5928
1012,1.000000,964,sensor_time,/home/letandat/Dev/uav-navigation/src/navigation_estimator/fast_lio_ros/config/mid360_mutual_avoidance_uav1.yaml,ee37646f3b4668f13cad1febce5b79dcaa5f896c91709a9ca80740c72dcb0a3e,5570,964,true,677,1,676,0.998523,0.000000,0.000000,0.001936,true,872,CORRECTED,0.000229,15219,8,0,3,1701245246391197708,0,SUCCEEDED,1559,58068,2,1701245246391197708,257,true,128,254,12,964,LIDAR_CORRECTION_CONVERGED,1785256518727603773,true,13580,0.040213,16989504,5573,964,6559,TRACKING,0.731328,705,18188
2352,1.000000,965,sensor_time,/home/letandat/Dev/uav-navigation/src/navigation_estimator/fast_lio_ros/config/mid360_mutual_avoidance_uav1.yaml,ee37646f3b4668f13cad1febce5b79dcaa5f896c91709a9ca80740c72dcb0a3e,5576,965,true,678,1,677,0.998525,0.000000,0.000000,0.001924,true,863,CORRECTED,0.000365,39253,8,0,4,1701245246425131347,0,SUCCEEDED,3263,58350,2,1701245246425131347,257,true,135,409,12,965,LIDAR_CORRECTION_CONVERGED,1785256518787909363,true,33479,0.036291,16989504,5583,966,6559,TRACKING,0.731606,706,44300
2352,1.000000,966,,/home/letandat/Dev/uav-navigation/src/navigation_estimator/fast_lio_ros/config/mid360_mutual_avoidance_uav1.yaml,ee37646f3b4668f13cad1febce5b79dcaa5f896c91709a9ca80740c72dcb0a3e,5581,966,false,678,1,677,0.998525,0.000000,0.000000,0.001924,true,863,UNAVAILABLE,0.000365,39253,8,0,4,1701245246425131347,1,NOT_ATTEMPTED,3263,58350,2,-1,258,false,135,409,12,966,OVERLAPPING_LIDAR_INTERVAL previous_synchronized_end_ns=1701245246425131347 current_scan_start_ns=1701245246424937248 current_scan_end_ns=1701245246457572248 overlap_duration_ns=194099 scan_index=963,1785256518788035325,false,33479,0.036291,16989504,5583,966,6559,TRACKING,0.730849,706,44300
950,1.000000,967,sensor_time,/home/letandat/Dev/uav-navigation/src/navigation_estimator/fast_lio_ros/config/mid360_mutual_avoidance_uav1.yaml,ee37646f3b4668f13cad1febce5b79dcaa5f896c91709a9ca80740c72dcb0a3e,5587,967,true,679,1,678,0.998527,0.000000,0.000000,0.001928,true,872,CORRECTED,0.000145,14296,14,0,3,1701245246491668012,0,SUCCEEDED,1670,58427,2,1701245246491668012,258,true,229,252,12,967,LIDAR_CORRECTION_CONVERGED,1785256518827851332,true,12690,0.043847,16989504,5590,967,6559,TRACKING,0.731127,707,17725
950,1.000000,968,,/home/letandat/Dev/uav-navigation/src/navigation_estimator/fast_lio_ros/config/mid360_mutual_avoidance_uav1.yaml,ee37646f3b4668f13cad1febce5b79dcaa5f896c91709a9ca80740c72dcb0a3e,5593,968,false,679,1,678,0.998527,0.000000,0.000000,0.001928,true,872,UNAVAILABLE,0.000145,14296,14,0,3,1701245246491668012,1,NOT_ATTEMPTED,1670,58427,2,-1,259,false,229,252,12,968,OVERLAPPING_LIDAR_INTERVAL previous_synchronized_end_ns=1701245246491668012 current_scan_start_ns=1701245246491383076 current_scan_end_ns=1701245246524018076 overlap_duration_ns=284936 scan_index=965,1785256518842293011,false,12690,0.043847,16989504,5593,968,6559,TRACKING,0.730372,707,17725
468,1.000000,969,sensor_time,/home/letandat/Dev/uav-navigation/src/navigation_estimator/fast_lio_ros/config/mid360_mutual_avoidance_uav1.yaml,ee37646f3b4668f13cad1febce5b79dcaa5f896c91709a9ca80740c72dcb0a3e,5599,969,true,680,1,679,0.998529,0.000000,0.000000,0.001934,true,869,CORRECTED,0.000648,6611,13,0,3,1701245246558010128,0,SUCCEEDED,625,58443,2,1701245246558010128,259,true,225,152,12,969,LIDAR_CORRECTION_CONVERGED,1785256518885020749,true,5902,0.041469,16989504,5600,969,6559,TRACKING,0.730650,708,8617
809,1.000000,970,sensor_time,/home/letandat/Dev/uav-navigation/src/navigation_estimator/fast_lio_ros/config/mid360_mutual_avoidance_uav1.yaml,ee37646f3b4668f13cad1febce5b79dcaa5f896c91709a9ca80740c72dcb0a3e,5605,970,true,681,1,680,0.998532,0.000000,0.000000,0.001929,true,872,CORRECTED,0.000291,12055,8,0,3,1701245246591214206,0,SUCCEEDED,1262,58482,2,1701245246591214206,259,true,128,224,12,970,LIDAR_CORRECTION_CONVERGED,1785256518931404434,true,10791,0.041988,16989504,5608,970,6588,TRACKING,0.730928,709,21277
2310,1.000000,971,sensor_time,/home/letandat/Dev/uav-navigation/src/navigation_estimator/fast_lio_ros/config/mid360_mutual_avoidance_uav1.yaml,ee37646f3b4668f13cad1febce5b79dcaa5f896c91709a9ca80740c72dcb0a3e,5610,971,true,682,1,681,0.998534,0.000000,0.000000,0.001905,true,883,CORRECTED,0.000309,36565,8,0,4,1701245246625004795,0,SUCCEEDED,3773,58751,2,1701245246625004795,259,true,127,429,12,971,LIDAR_CORRECTION_CONVERGED,1785256518985580185,true,31084,0.035659,16989504,5618,972,6588,TRACKING,0.731205,710,42135
549,1.000000,972,sensor_time,/home/letandat/Dev/uav-navigation/src/navigation_estimator/fast_lio_ros/config/mid360_mutual_avoidance_uav1.yaml,ee37646f3b4668f13cad1febce5b79dcaa5f896c91709a9ca80740c72dcb0a3e,5616,972,true,683,1,682,0.998536,0.000000,0.000000,0.001907,true,1053,CORRECTED,0.000153,9415,7,0,3,1701245246658012178,0,SUCCEEDED,914,58781,2,1701245246658012178,259,true,129,177,12,972,LIDAR_CORRECTION_CONVERGED,1785256518997811475,true,8363,0.038600,16989504,5620,972,6588,TRACKING,0.731481,711,11914
822,1.000000,973,sensor_time,/home/letandat/Dev/uav-navigation/src/navigation_estimator/fast_lio_ros/config/mid360_mutual_avoidance_uav1.yaml,ee37646f3b4668f13cad1febce5b79dcaa5f896c91709a9ca80740c72dcb0a3e,5622,973,true,684,1,683,0.998538,0.000000,0.000000,0.001905,true,914,CORRECTED,0.000080,12261,8,0,3,1701245246691175964,0,SUCCEEDED,1409,58829,2,1701245246691175964,259,true,132,236,12,973,LIDAR_CORRECTION_CONVERGED,1785256519024693830,true,10920,0.039830,16989504,5625,973,6588,TRACKING,0.731757,712,15121
2401,1.000000,974,sensor_time,/home/letandat/Dev/uav-navigation/src/navigation_estimator/fast_lio_ros/config/mid360_mutual_avoidance_uav1.yaml,ee37646f3b4668f13cad1febce5b79dcaa5f896c91709a9ca80740c72dcb0a3e,5628,974,true,685,1,684,0.998540,0.000000,0.000000,0.001886,true,867,CORRECTED,0.000079,37535,8,0,4,1701245246725115087,0,SUCCEEDED,3172,59083,2,1701245246725115087,259,true,123,387,12,974,LIDAR_CORRECTION_CONVERGED,1785256519086055002,true,31896,0.034304,16989504,5635,975,6588,TRACKING,0.732033,713,42478
2401,1.000000,975,,/home/letandat/Dev/uav-navigation/src/navigation_estimator/fast_lio_ros/config/mid360_mutual_avoidance_uav1.yaml,ee37646f3b4668f13cad1febce5b79dcaa5f896c91709a9ca80740c72dcb0a3e,5633,975,false,685,1,684,0.998540,0.000000,0.000000,0.001886,true,867,UNAVAILABLE,0.000079,37535,8,0,4,1701245246725115087,1,NOT_ATTEMPTED,3172,59083,2,-1,260,false,123,387,12,975,OVERLAPPING_LIDAR_INTERVAL previous_synchronized_end_ns=1701245246725115087 current_scan_start_ns=1701245246724897861 current_scan_end_ns=1701245246757532861 overlap_duration_ns=217226 scan_index=972,1785256519086196984,false,31896,0.034304,16989504,5635,975,6588,TRACKING,0.731282,713,42478
692,1.000000,976,sensor_time,/home/letandat/Dev/uav-navigation/src/navigation_estimator/fast_lio_ros/config/mid360_mutual_avoidance_uav1.yaml,ee37646f3b4668f13cad1febce5b79dcaa5f896c91709a9ca80740c72dcb0a3e,5639,976,true,686,1,685,0.998542,0.000000,0.000000,0.001892,true,931,CORRECTED,0.000300,10835,14,0,3,1701245246791684416,0,SUCCEEDED,1088,59103,2,1701245246791684416,260,true,244,221,12,976,LIDAR_CORRECTION_CONVERGED,1785256519124105638,true,9661,0.037015,16989504,5642,976,6588,TRACKING,0.731557,714,13816
692,1.000000,977,,/home/letandat/Dev/uav-navigation/src/navigation_estimator/fast_lio_ros/config/mid360_mutual_avoidance_uav1.yaml,ee37646f3b4668f13cad1febce5b79dcaa5f896c91709a9ca80740c72dcb0a3e,5645,977,false,686,1,685,0.998542,0.000000,0.000000,0.001892,true,931,UNAVAILABLE,0.000300,10835,14,0,3,1701245246791684416,1,NOT_ATTEMPTED,1088,59103,2,-1,261,false,244,221,12,977,OVERLAPPING_LIDAR_INTERVAL previous_synchronized_end_ns=1701245246791684416 current_scan_start_ns=1701245246791366339 current_scan_end_ns=1701245246824001339 overlap_duration_ns=318077 scan_index=974,1785256519142313929,false,9661,0.037015,16989504,5645,977,6588,TRACKING,0.730809,714,13816
733,1.000000,978,sensor_time,/home/letandat/Dev/uav-navigation/src/navigation_estimator/fast_lio_ros/config/mid360_mutual_avoidance_uav1.yaml,ee37646f3b4668f13cad1febce5b79dcaa5f896c91709a9ca80740c72dcb0a3e,5651,978,true,687,1,686,0.998544,0.000000,0.000000,0.001893,true,931,CORRECTED,0.000311,10914,13,0,3,1701245246858043936,0,SUCCEEDED,1115,59127,2,1701245246858043936,261,true,240,204,12,978,LIDAR_CORRECTION_CONVERGED,1785256519190131774,true,9791,0.040663,16989504,5653,978,6588,TRACKING,0.731084,715,13547
568,1.000000,979,sensor_time,/home/letandat/Dev/uav-navigation/src/navigation_estimator/fast_lio_ros/config/mid360_mutual_avoidance_uav1.yaml,ee37646f3b4668f13cad1febce5b79dcaa5f896c91709a9ca80740c72dcb0a3e,5657,979,true,688,1,687,0.998547,0.000000,0.000000,0.001890,true,928,CORRECTED,0.000241,8901,8,0,3,1701245246891319778,0,SUCCEEDED,848,59151,2,1701245246891319778,261,true,130,188,12,979,LIDAR_CORRECTION_CONVERGED,1785256519220958359,true,7987,0.038991,16989504,5659,979,6588,TRACKING,0.731359,716,11126
568,1.000000,980,,/home/letandat/Dev/uav-navigation/src/navigation_estimator/fast_lio_ros/config/mid360_mutual_avoidance_uav1.yaml,ee37646f3b4668f13cad1febce5b79dcaa5f896c91709a9ca80740c72dcb0a3e,5662,980,false,688,1,687,0.998547,0.000000,0.000000,0.001890,true,928,UNAVAILABLE,0.000241,8901,8,0,3,1701245246891319778,1,NOT_ATTEMPTED,848,59151,2,-1,262,false,130,188,12,980,OVERLAPPING_LIDAR_INTERVAL previous_synchronized_end_ns=1701245246891319778 current_scan_start_ns=1701245246890995026 current_scan_end_ns=1701245246923630026 overlap_duration_ns=324752 scan_index=977,1785256519241900454,false,7987,0.038991,16989504,5662,980,6588,TRACKING,0.730612,716,11126
846,1.000000,981,sensor_time,/home/letandat/Dev/uav-navigation/src/navigation_estimator/fast_lio_ros/config/mid360_mutual_avoidance_uav1.yaml,ee37646f3b4668f13cad1febce5b79dcaa5f896c91709a9ca80740c72dcb0a3e,5668,981,true,689,1,688,0.998549,0.000000,0.000000,0.001883,true,873,CORRECTED,0.000285,16982,13,0,4,1701245246958124664,0,SUCCEEDED,1417,59195,2,1701245246958124664,262,true,222,232,12,981,LIDAR_CORRECTION_CONVERGED,1785256519296434582,true,15208,0.039564,16989504,5672,981,6588,TRACKING,0.730887,717,19883
477,1.000000,982,sensor_time,/home/letandat/Dev/uav-navigation/src/navigation_estimator/fast_lio_ros/config/mid360_mutual_avoidance_uav1.yaml,ee37646f3b4668f13cad1febce5b79dcaa5f896c91709a9ca80740c72dcb0a3e,5674,982,true,690,1,689,0.998551,0.000000,0.000000,0.001880,true,928,CORRECTED,0.000167,7703,8,0,3,1701245246991194752,0,SUCCEEDED,721,59217,2,1701245246991194752,262,true,131,167,12,982,LIDAR_CORRECTION_CONVERGED,1785256519319331727,true,6930,0.039246,16989504,5676,982,6588,TRACKING,0.731161,718,9776
2300,1.000000,983,sensor_time,/home/letandat/Dev/uav-navigation/src/navigation_estimator/fast_lio_ros/config/mid360_mutual_avoidance_uav1.yaml,ee37646f3b4668f13cad1febce5b79dcaa5f896c91709a9ca80740c72dcb0a3e,5680,983,true,691,1,690,0.998553,0.000000,0.000000,0.001837,true,867,CORRECTED,0.000245,38818,8,0,4,1701245247025152710,0,SUCCEEDED,3624,59468,2,1701245247025152710,262,true,134,391,12,983,LIDAR_CORRECTION_CONVERGED,1785256519395627583,true,32986,0.034337,16989504,5689,984,7388,TRACKING,0.731434,719,51577
2300,1.000000,984,,/home/letandat/Dev/uav-navigation/src/navigation_estimator/fast_lio_ros/config/mid360_mutual_avoidance_uav1.yaml,ee37646f3b4668f13cad1febce5b79dcaa5f896c91709a9ca80740c72dcb0a3e,5685,984,false,691,1,690,0.998553,0.000000,0.000000,0.001837,true,867,UNAVAILABLE,0.000245,38818,8,0,4,1701245247025152710,1,NOT_ATTEMPTED,3624,59468,2,-1,263,false,134,391,12,984,OVERLAPPING_LIDAR_INTERVAL previous_synchronized_end_ns=1701245247025152710 current_scan_start_ns=1701245247024744511 current_scan_end_ns=1701245247057379511 overlap_duration_ns=408199 scan_index=981,1785256519396737803,false,32986,0.034337,16989504,5689,984,7388,TRACKING,0.730691,719,51577
379,1.000000,985,sensor_time,/home/letandat/Dev/uav-navigation/src/navigation_estimator/fast_lio_ros/config/mid360_mutual_avoidance_uav1.yaml,ee37646f3b4668f13cad1febce5b79dcaa5f896c91709a9ca80740c72dcb0a3e,5691,985,true,692,1,691,0.998555,0.000000,0.000000,0.001845,true,881,CORRECTED,0.000141,6194,14,0,3,1701245247091678884,0,SUCCEEDED,595,59486,2,1701245247091678884,263,true,269,161,12,985,LIDAR_CORRECTION_CONVERGED,1785256519418270710,true,5590,0.040188,16989504,5693,985,7388,TRACKING,0.730964,720,8330
379,1.000000,986,,/home/letandat/Dev/uav-navigation/src/navigation_estimator/fast_lio_ros/config/mid360_mutual_avoidance_uav1.yaml,ee37646f3b4668f13cad1febce5b79dcaa5f896c91709a9ca80740c72dcb0a3e,5697,986,false,692,1,691,0.998555,0.000000,0.000000,0.001845,true,881,UNAVAILABLE,0.000141,6194,14,0,3,1701245247091678884,1,NOT_ATTEMPTED,595,59486,2,-1,264,false,269,161,12,986,OVERLAPPING_LIDAR_INTERVAL previous_synchronized_end_ns=1701245247091678884 current_scan_start_ns=1701245247091425657 current_scan_end_ns=1701245247124060657 overlap_duration_ns=253227 scan_index=983,1785256519442307029,false,5590,0.040188,16989504,5697,986,7388,TRACKING,0.730223,720,8330
977,1.000000,987,sensor_time,/home/letandat/Dev/uav-navigation/src/navigation_estimator/fast_lio_ros/config/mid360_mutual_avoidance_uav1.yaml,ee37646f3b4668f13cad1febce5b79dcaa5f896c91709a9ca80740c72dcb0a3e,5703,987,true,693,1,692,0.998557,0.000000,0.000000,0.001837,true,1692,CORRECTED,0.000485,18277,13,0,3,1701245247158037689,0,SUCCEEDED,1717,59534,2,1701245247158037689,264,true,316,328,12,987,LIDAR_CORRECTION_CONVERGED,1785256519499010719,true,16055,0.041221,16989504,5707,987,7388,TRACKING,0.730496,721,22530
333,1.000000,988,sensor_time,/home/letandat/Dev/uav-navigation/src/navigation_estimator/fast_lio_ros/config/mid360_mutual_avoidance_uav1.yaml,ee37646f3b4668f13cad1febce5b79dcaa5f896c91709a9ca80740c72dcb0a3e,5709,988,true,694,1,693,0.998559,0.000000,0.000000,0.001838,true,856,CORRECTED,0.000000,4918,8,0,3,1701245247191202429,0,SUCCEEDED,400,59541,2,1701245247191202429,264,true,129,136,12,988,LIDAR_CORRECTION_CONVERGED,1785256519515970420,true,4411,0.038175,16989504,5710,988,7388,TRACKING,0.730769,722,6565
333,1.000000,989,,/home/letandat/Dev/uav-navigation/src/navigation_estimator/fast_lio_ros/config/mid360_mutual_avoidance_uav1.yaml,ee37646f3b4668f13cad1febce5b79dcaa5f896c91709a9ca80740c72dcb0a3e,5714,989,false,694,1,693,0.998559,0.000000,0.000000,0.001838,true,856,UNAVAILABLE,0.000000,4918,8,0,3,1701245247191202429,1,NOT_ATTEMPTED,400,59541,2,-1,265,false,129,136,12,989,OVERLAPPING_LIDAR_INTERVAL previous_synchronized_end_ns=1701245247191202429 current_scan_start_ns=1701245247191016197 current_scan_end_ns=1701245247223651197 overlap_duration_ns=186232 scan_index=986,1785256519542023116,false,4411,0.038175,16989504,5714,989,7388,TRACKING,0.730030,722,6565
1033,1.000000,990,sensor_time,/home/letandat/Dev/uav-navigation/src/navigation_estimator/fast_lio_ros/config/mid360_mutual_avoidance_uav1.yaml,ee37646f3b4668f13cad1febce5b79dcaa5f896c91709a9ca80740c72dcb0a3e,5720,990,true,695,1,694,0.998561,0.000000,0.000000,0.001824,true,881,CORRECTED,0.000405,20245,14,0,4,1701245247257982757,0,SUCCEEDED,2082,59617,2,1701245247257982757,265,true,245,267,12,990,LIDAR_CORRECTION_CONVERGED,1785256519600304264,true,18085,0.040533,16989504,5725,990,7388,TRACKING,0.730303,723,23902
283,1.000000,991,sensor_time,/home/letandat/Dev/uav-navigation/src/navigation_estimator/fast_lio_ros/config/mid360_mutual_avoidance_uav1.yaml,ee37646f3b4668f13cad1febce5b79dcaa5f896c91709a9ca80740c72dcb0a3e,5726,991,true,696,1,695,0.998563,0.000000,0.000000,0.001825,true,902,CORRECTED,0.000273,4320,7,0,3,1701245247291170862,0,SUCCEEDED,367,59626,2,1701245247291170862,265,true,121,119,12,991,LIDAR_CORRECTION_CONVERGED,1785256519615484635,true,3879,0.038340,16989504,5727,991,7388,TRACKING,0.730575,724,5957
2377,1.000000,992,sensor_time,/home/letandat/Dev/uav-navigation/src/navigation_estimator/fast_lio_ros/config/mid360_mutual_avoidance_uav1.yaml,ee37646f3b4668f13cad1febce5b79dcaa5f896c91709a9ca80740c72dcb0a3e,5732,992,true,697,1,696,0.998565,0.000000,0.000000,0.001785,true,873,CORRECTED,0.000345,36362,8,0,4,1701245247325121668,0,SUCCEEDED,3184,59875,2,1701245247325121668,265,true,128,411,12,992,LIDAR_CORRECTION_CONVERGED,1785256519684831179,true,31224,0.035868,16989504,5739,993,7388,TRACKING,0.730847,725,41293
2377,1.000000,993,,/home/letandat/Dev/uav-navigation/src/navigation_estimator/fast_lio_ros/config/mid360_mutual_avoidance_uav1.yaml,ee37646f3b4668f13cad1febce5b79dcaa5f896c91709a9ca80740c72dcb0a3e,5738,993,false,697,1,696,0.998565,0.000000,0.000000,0.001785,true,873,UNAVAILABLE,0.000345,36362,8,0,4,1701245247325121668,1,NOT_ATTEMPTED,3184,59875,2,-1,266,false,128,411,12,993,OVERLAPPING_LIDAR_INTERVAL previous_synchronized_end_ns=1701245247325121668 current_scan_start_ns=1701245247324902773 current_scan_end_ns=1701245247357537773 overlap_duration_ns=218895 scan_index=990,1785256519684945542,false,31224,0.035868,16989504,5739,993,7388,TRACKING,0.730111,725,41293
296,1.000000,994,sensor_time,/home/letandat/Dev/uav-navigation/src/navigation_estimator/fast_lio_ros/config/mid360_mutual_avoidance_uav1.yaml,ee37646f3b4668f13cad1febce5b79dcaa5f896c91709a9ca80740c72dcb0a3e,5743,994,true,698,1,697,0.998567,0.000000,0.000000,0.001794,true,880,CORRECTED,0.000044,4414,14,0,3,1701245247391669777,0,SUCCEEDED,365,59885,2,1701245247391669777,266,true,260,122,12,994,LIDAR_CORRECTION_CONVERGED,1785256519716410738,true,3960,0.036490,16989504,5745,994,7388,TRACKING,0.730382,726,6474
296,1.000000,995,,/home/letandat/Dev/uav-navigation/src/navigation_estimator/fast_lio_ros/config/mid360_mutual_avoidance_uav1.yaml,ee37646f3b4668f13cad1febce5b79dcaa5f896c91709a9ca80740c72dcb0a3e,5749,995,false,698,1,697,0.998567,0.000000,0.000000,0.001794,true,880,UNAVAILABLE,0.000044,4414,14,0,3,1701245247391669777,1,NOT_ATTEMPTED,365,59885,2,-1,267,false,260,122,12,995,OVERLAPPING_LIDAR_INTERVAL previous_synchronized_end_ns=1701245247391669777 current_scan_start_ns=1701245247391360283 current_scan_end_ns=1701245247423995283 overlap_duration_ns=309494 scan_index=992,1785256519742407321,false,3960,0.036490,16989504,5749,995,7388,TRACKING,0.729648,726,6474
1206,1.000000,996,sensor_time,/home/letandat/Dev/uav-navigation/src/navigation_estimator/fast_lio_ros/config/mid360_mutual_avoidance_uav1.yaml,ee37646f3b4668f13cad1febce5b79dcaa5f896c91709a9ca80740c72dcb0a3e,5755,996,true,699,1,698,0.998569,0.000000,0.000000,0.001781,true,903,CORRECTED,0.000243,17747,13,0,3,1701245247458018091,0,SUCCEEDED,2028,59960,2,1701245247458018091,267,true,207,284,12,996,LIDAR_CORRECTION_CONVERGED,1785256519797578779,true,15816,0.039942,16989504,5759,996,7388,TRACKING,0.729920,727,21354
243,1.000000,997,sensor_time,/home/letandat/Dev/uav-navigation/src/navigation_estimator/fast_lio_ros/config/mid360_mutual_avoidance_uav1.yaml,ee37646f3b4668f13cad1febce5b79dcaa5f896c91709a9ca80740c72dcb0a3e,5761,997,true,700,1,699,0.998571,0.000000,0.000000,0.001784,true,907,CORRECTED,0.000000,3606,8,0,3,1701245247491229322,0,SUCCEEDED,292,59970,2,1701245247491229322,267,true,128,128,12,997,LIDAR_CORRECTION_CONVERGED,1785256519814525280,true,3230,0.035475,16989504,5762,997,7388,TRACKING,0.730191,728,5206
2043,1.000000,998,sensor_time,/home/letandat/Dev/uav-navigation/src/navigation_estimator/fast_lio_ros/config/mid360_mutual_avoidance_uav1.yaml,ee37646f3b4668f13cad1febce5b79dcaa5f896c91709a9ca80740c72dcb0a3e,5767,998,true,701,1,700,0.998573,0.000000,0.000000,0.001752,true,1149,CORRECTED,0.000213,32904,8,0,4,1701245247524958399,0,SUCCEEDED,2977,60177,2,1701245247524958399,267,true,181,378,12,998,LIDAR_CORRECTION_CONVERGED,1785256519887934946,true,28395,0.036798,16989504,5774,999,6575,TRACKING,0.730461,729,44420
1374,1.000000,999,sensor_time,/home/letandat/Dev/uav-navigation/src/navigation_estimator/fast_lio_ros/config/mid360_mutual_avoidance_uav1.yaml,ee37646f3b4668f13cad1febce5b79dcaa5f896c91709a9ca80740c72dcb0a3e,5772,999,true,702,1,701,0.998575,0.000000,0.000000,0.001744,true,1030,CORRECTED,0.000279,20324,8,0,3,1701245247557993915,0,SUCCEEDED,2897,60263,2,1701245247557993915,267,true,138,333,12,999,LIDAR_CORRECTION_CONVERGED,1785256519914141536,true,18026,0.037167,16989504,5779,1000,6575,TRACKING,0.730731,730,25062
279,1.000000,1000,sensor_time,/home/letandat/Dev/uav-navigation/src/navigation_estimator/fast_lio_ros/config/mid360_mutual_avoidance_uav1.yaml,ee37646f3b4668f13cad1febce5b79dcaa5f896c91709a9ca80740c72dcb0a3e,5778,1000,true,703,1,702,0.998578,0.000000,0.000000,0.001748,true,976,CORRECTED,0.000062,4519,7,0,3,1701245247591181066,0,SUCCEEDED,380,60272,2,1701245247591181066,267,true,118,107,12,1000,LIDAR_CORRECTION_CONVERGED,1785256519920651115,true,4053,0.043266,16989504,5780,1000,6575,TRACKING,0.731000,731,6240
1969,1.000000,1001,sensor_time,/home/letandat/Dev/uav-navigation/src/navigation_estimator/fast_lio_ros/config/mid360_mutual_avoidance_uav1.yaml,ee37646f3b4668f13cad1febce5b79dcaa5f896c91709a9ca80740c72dcb0a3e,5784,1001,true,704,1,703,0.998580,0.000000,0.000000,0.001731,true,928,CORRECTED,0.000093,33284,8,0,4,1701245247625132826,0,SUCCEEDED,3383,60460,2,1701245247625132826,267,true,134,357,12,1001,LIDAR_CORRECTION_CONVERGED,1785256519981995103,true,28688,0.035436,16989504,5791,1002,6575,TRACKING,0.731269,732,38435
1969,1.000000,1002,,/home/letandat/Dev/uav-navigation/src/navigation_estimator/fast_lio_ros/config/mid360_mutual_avoidance_uav1.yaml,ee37646f3b4668f13cad1febce5b79dcaa5f896c91709a9ca80740c72dcb0a3e,5790,1002,false,704,1,703,0.998580,0.000000,0.000000,0.001731,true,928,UNAVAILABLE,0.000093,33284,8,0,4,1701245247625132826,1,NOT_ATTEMPTED,3383,60460,2,-1,268,false,134,357,12,1002,OVERLAPPING_LIDAR_INTERVAL previous_synchronized_end_ns=1701245247625132826 current_scan_start_ns=1701245247624829769 current_scan_end_ns=1701245247657464769 overlap_duration_ns=303057 scan_index=999,1785256519982170815,false,28688,0.035436,16989504,5791,1002,6575,TRACKING,0.730539,732,38435
268,1.000000,1003,sensor_time,/home/letandat/Dev/uav-navigation/src/navigation_estimator/fast_lio_ros/config/mid360_mutual_avoidance_uav1.yaml,ee37646f3b4668f13cad1febce5b79dcaa5f896c91709a9ca80740c72dcb0a3e,5796,1003,true,705,1,704,0.998582,0.000000,0.000000,0.001741,true,928,CORRECTED,0.000043,4113,14,0,3,1701245247691721704,0,SUCCEEDED,318,60467,2,1701245247691721704,268,true,234,120,12,1003,LIDAR_CORRECTION_CONVERGED,1785256520016021348,true,3677,0.038720,16989504,5797,1003,6575,TRACKING,0.730808,733,5912
268,1.000000,1004,,/home/letandat/Dev/uav-navigation/src/navigation_estimator/fast_lio_ros/config/mid360_mutual_avoidance_uav1.yaml,ee37646f3b4668f13cad1febce5b79dcaa5f896c91709a9ca80740c72dcb0a3e,5801,1004,false,705,1,704,0.998582,0.000000,0.000000,0.001741,true,928,UNAVAILABLE,0.000043,4113,14,0,3,1701245247691721704,1,NOT_ATTEMPTED,318,60467,2,-1,269,false,234,120,12,1004,OVERLAPPING_LIDAR_INTERVAL previous_synchronized_end_ns=1701245247691721704 current_scan_start_ns=1701245247691375256 current_scan_end_ns=1701245247724010256 overlap_duration_ns=346448 scan_index=1001,1785256520042458569,false,3677,0.038720,16989504,5801,1004,6575,TRACKING,0.730080,733,5912
1607,1.000000,1005,sensor_time,/home/letandat/Dev/uav-navigation/src/navigation_estimator/fast_lio_ros/config/mid360_mutual_avoidance_uav1.yaml,ee37646f3b4668f13cad1febce5b79dcaa5f896c91709a9ca80740c72dcb0a3e,5807,1005,true,706,1,705,0.998584,0.000000,0.000000,0.001722,true,1687,CORRECTED,0.000084,29939,13,0,4,1701245247758044269,0,SUCCEEDED,2545,60579,2,1701245247758044269,269,true,323,414,12,1005,LIDAR_CORRECTION_CONVERGED,1785256520111749024,true,26302,0.038324,16989504,5813,1006,6575,TRACKING,0.730348,734,35249
257,1.000000,1006,sensor_time,/home/letandat/Dev/uav-navigation/src/navigation_estimator/fast_lio_ros/config/mid360_mutual_avoidance_uav1.yaml,ee37646f3b4668f13cad1febce5b79dcaa5f896c91709a9ca80740c72dcb0a3e,5813,1006,true,707,1,706,0.998586,0.000000,0.000000,0.001725,true,930,CORRECTED,0.000213,4379,8,0,3,1701245247791294363,0,SUCCEEDED,352,60584,2,1701245247791294363,269,true,129,114,12,1006,LIDAR_CORRECTION_CONVERGED,1785256520118021747,true,3924,0.039744,16989504,5814,1006,6575,TRACKING,0.730616,735,6071
1813,1.000000,1007,sensor_time,/home/letandat/Dev/uav-navigation/src/navigation_estimator/fast_lio_ros/config/mid360_mutual_avoidance_uav1.yaml,ee37646f3b4668f13cad1febce5b79dcaa5f896c91709a9ca80740c72dcb0a3e,5819,1007,true,708,1,707,0.998588,0.000000,0.000000,0.001701,true,889,CORRECTED,0.000159,31145,8,0,4,1701245247825003174,0,SUCCEEDED,2664,60719,2,1701245247825003174,269,true,127,349,12,1007,LIDAR_CORRECTION_CONVERGED,1785256520178877141,true,27054,0.034777,16989504,5825,1008,6575,TRACKING,0.730884,736,35467
1644,1.000000,1008,sensor_time,/home/letandat/Dev/uav-navigation/src/navigation_estimator/fast_lio_ros/config/mid360_mutual_avoidance_uav1.yaml,ee37646f3b4668f13cad1febce5b79dcaa5f896c91709a9ca80740c72dcb0a3e,5824,1008,true,709,1,708,0.998590,0.000000,0.000000,0.001689,true,1025,CORRECTED,0.000006,32013,8,0,4,1701245247857970503,0,SUCCEEDED,2532,60847,2,1701245247857970503,269,true,141,329,12,1008,LIDAR_CORRECTION_CONVERGED,1785256520215596390,true,28081,0.035883,16989504,5831,1009,6575,TRACKING,0.731151,737,36377
271,1.000000,1009,sensor_time,/home/letandat/Dev/uav-navigation/src/navigation_estimator/fast_lio_ros/config/mid360_mutual_avoidance_uav1.yaml,ee37646f3b4668f13cad1febce5b79dcaa5f896c91709a9ca80740c72dcb0a3e,5830,1009,true,710,1,709,0.998592,0.000000,0.000000,0.001693,true,1048,CORRECTED,0.000356,4718,8,0,3,1701245247891196993,0,SUCCEEDED,383,60858,2,1701245247891196993,269,true,142,137,12,1009,LIDAR_CORRECTION_CONVERGED,1785256520222482777,true,4225,0.036384,16989504,5833,1009,6575,TRACKING,0.731417,738,6622
1722,1.000000,1010,sensor_time,/home/letandat/Dev/uav-navigation/src/navigation_estimator/fast_lio_ros/config/mid360_mutual_avoidance_uav1.yaml,ee37646f3b4668f13cad1febce5b79dcaa5f896c91709a9ca80740c72dcb0a3e,5836,1010,true,711,1,710,0.998594,0.000000,0.000000,0.001679,true,866,CORRECTED,0.000329,22155,7,0,3,1701245247925113466,0,SUCCEEDED,2524,60967,2,1701245247925113466,269,true,109,363,12,1010,LIDAR_CORRECTION_CONVERGED,1785256520277577625,true,19280,0.036973,16989504,5842,1011,7234,TRACKING,0.731683,739,33524
1722,1.000000,1011,,/home/letandat/Dev/uav-navigation/src/navigation_estimator/fast_lio_ros/config/mid360_mutual_avoidance_uav1.yaml,ee37646f3b4668f13cad1febce5b79dcaa5f896c91709a9ca80740c72dcb0a3e,5842,1011,false,711,1,710,0.998594,0.000000,0.000000,0.001679,true,866,UNAVAILABLE,0.000329,22155,7,0,3,1701245247925113466,1,NOT_ATTEMPTED,2524,60967,2,-1,270,false,109,363,12,1011,OVERLAPPING_LIDAR_INTERVAL previous_synchronized_end_ns=1701245247925113466 current_scan_start_ns=1701245247924746513 current_scan_end_ns=1701245247957381513 overlap_duration_ns=366953 scan_index=1008,1785256520278469749,false,19280,0.036973,16989504,5842,1011,7234,TRACKING,0.730959,739,33524
313,1.000000,1012,sensor_time,/home/letandat/Dev/uav-navigation/src/navigation_estimator/fast_lio_ros/config/mid360_mutual_avoidance_uav1.yaml,ee37646f3b4668f13cad1febce5b79dcaa5f896c91709a9ca80740c72dcb0a3e,5848,1012,true,712,1,711,0.998596,0.000000,0.000000,0.001689,true,866,CORRECTED,0.000111,4554,14,0,3,1701245247991701391,0,SUCCEEDED,329,60977,2,1701245247991701391,270,true,228,127,12,1012,LIDAR_CORRECTION_CONVERGED,1785256520316394740,true,4084,0.035706,16989504,5849,1012,7234,TRACKING,0.731225,740,6308
313,1.000000,1013,,/home/letandat/Dev/uav-navigation/src/navigation_estimator/fast_lio_ros/config/mid360_mutual_avoidance_uav1.yaml,ee37646f3b4668f13cad1febce5b79dcaa5f896c91709a9ca80740c72dcb0a3e,5853,1013,false,712,1,711,0.998596,0.000000,0.000000,0.001689,true,866,UNAVAILABLE,0.000111,4554,14,0,3,1701245247991701391,1,NOT_ATTEMPTED,329,60977,2,-1,271,false,228,127,12,1013,OVERLAPPING_LIDAR_INTERVAL previous_synchronized_end_ns=1701245247991701391 current_scan_start_ns=1701245247991344452 current_scan_end_ns=1701245248023979452 overlap_duration_ns=356939 scan_index=1010,1785256520342510508,false,4084,0.035706,16989504,5854,1013,7234,TRACKING,0.730503,740,6308
1693,1.000000,1014,sensor_time,/home/letandat/Dev/uav-navigation/src/navigation_estimator/fast_lio_ros/config/mid360_mutual_avoidance_uav1.yaml,ee37646f3b4668f13cad1febce5b79dcaa5f896c91709a9ca80740c72dcb0a3e,5859,1014,true,713,1,712,0.998597,0.000000,0.000000,0.001668,true,868,CORRECTED,0.000154,29463,14,0,4,1701245248058027532,0,SUCCEEDED,2704,61099,2,1701245248058027532,271,true,237,318,12,1014,LIDAR_CORRECTION_CONVERGED,1785256520410464461,true,25662,0.035212,16989504,5865,1015,7234,TRACKING,0.730769,741,33898
306,1.000000,1015,sensor_time,/home/letandat/Dev/uav-navigation/src/navigation_estimator/fast_lio_ros/config/mid360_mutual_avoidance_uav1.yaml,ee37646f3b4668f13cad1febce5b79dcaa5f896c91709a9ca80740c72dcb0a3e,5865,1015,true,714,1,713,0.998599,0.000000,0.000000,0.001671,true,985,CORRECTED,0.000089,5466,7,0,3,1701245248091214206,0,SUCCEEDED,469,61101,2,1701245248091214206,271,true,122,138,12,1015,LIDAR_CORRECTION_CONVERGED,1785256520418047957,true,4930,0.035075,16989504,5866,1015,7234,TRACKING,0.731034,742,7356
1535,1.000000,1016,sensor_time,/home/letandat/Dev/uav-navigation/src/navigation_estimator/fast_lio_ros/config/mid360_mutual_avoidance_uav1.yaml,ee37646f3b4668f13cad1febce5b79dcaa5f896c91709a9ca80740c72dcb0a3e,5871,1016,true,715,1,714,0.998601,0.000000,0.000000,0.001652,true,875,CORRECTED,0.000077,27805,8,0,4,1701245248124971893,0,SUCCEEDED,2329,61180,2,1701245248124971893,271,true,135,314,12,1016,LIDAR_CORRECTION_CONVERGED,1785256520475168222,true,24289,0.036295,16989504,5876,1016,7234,TRACKING,0.731299,743,31699
1794,1.000000,1017,sensor_time,/home/letandat/Dev/uav-navigation/src/navigation_estimator/fast_lio_ros/config/mid360_mutual_avoidance_uav1.yaml,ee37646f3b4668f13cad1febce5b79dcaa5f896c91709a9ca80740c72dcb0a3e,5876,1017,true,716,1,715,0.998603,0.000000,0.000000,0.001639,true,1005,CORRECTED,0.000195,24037,8,0,3,1701245248158023145,0,SUCCEEDED,2793,61298,2,1701245248158023145,271,true,140,376,12,1017,LIDAR_CORRECTION_CONVERGED,1785256520504946021,true,20868,0.032394,16989504,5882,1017,7234,TRACKING,0.731563,744,28711
304,1.000000,1018,sensor_time,/home/letandat/Dev/uav-navigation/src/navigation_estimator/fast_lio_ros/config/mid360_mutual_avoidance_uav1.yaml,ee37646f3b4668f13cad1febce5b79dcaa5f896c91709a9ca80740c72dcb0a3e,5882,1018,true,717,1,716,0.998605,0.000000,0.000000,0.001643,true,949,CORRECTED,0.000134,3476,8,0,2,1701245248191178587,0,SUCCEEDED,409,61306,2,1701245248191178587,271,true,134,134,12,1018,LIDAR_CORRECTION_CONVERGED,1785256520514804986,true,3130,0.037246,16989504,5883,1018,7234,TRACKING,0.731827,745,5299
1497,1.000000,1019,sensor_time,/home/letandat/Dev/uav-navigation/src/navigation_estimator/fast_lio_ros/config/mid360_mutual_avoidance_uav1.yaml,ee37646f3b4668f13cad1febce5b79dcaa5f896c91709a9ca80740c72dcb0a3e,5888,1019,true,718,1,717,0.998607,0.000000,0.000000,0.001632,true,927,CORRECTED,0.000169,20308,7,0,3,1701245248225144651,0,SUCCEEDED,2633,61387,2,1701245248225144651,271,true,124,322,12,1019,LIDAR_CORRECTION_CONVERGED,1785256520568351072,true,17748,0.035843,16989504,5893,1019,7234,TRACKING,0.732090,746,24539
1497,1.000000,1020,,/home/letandat/Dev/uav-navigation/src/navigation_estimator/fast_lio_ros/config/mid360_mutual_avoidance_uav1.yaml,ee37646f3b4668f13cad1febce5b79dcaa5f896c91709a9ca80740c72dcb0a3e,5894,1020,false,718,1,717,0.998607,0.000000,0.000000,0.001632,true,927,UNAVAILABLE,0.000169,20308,7,0,3,1701245248225144651,1,NOT_ATTEMPTED,2633,61387,2,-1,272,false,124,322,12,1020,OVERLAPPING_LIDAR_INTERVAL previous_synchronized_end_ns=1701245248225144651 current_scan_start_ns=1701245248224747181 current_scan_end_ns=1701245248257382181 overlap_duration_ns=397470 scan_index=1017,1785256520575648902,false,17748,0.035843,16989504,5894,1020,7234,TRACKING,0.731373,746,24539
292,1.000000,1021,sensor_time,/home/letandat/Dev/uav-navigation/src/navigation_estimator/fast_lio_ros/config/mid360_mutual_avoidance_uav1.yaml,ee37646f3b4668f13cad1febce5b79dcaa5f896c91709a9ca80740c72dcb0a3e,5900,1021,true,719,1,718,0.998609,0.000000,0.000000,0.001641,true,875,CORRECTED,0.000057,4592,14,0,3,1701245248291670587,0,SUCCEEDED,354,61395,2,1701245248291670587,272,true,221,124,12,1021,LIDAR_CORRECTION_CONVERGED,1785256520616253625,true,4156,0.035763,16989504,5901,1021,7234,TRACKING,0.731636,747,6335
292,1.000000,1022,,/home/letandat/Dev/uav-navigation/src/navigation_estimator/fast_lio_ros/config/mid360_mutual_avoidance_uav1.yaml,ee37646f3b4668f13cad1febce5b79dcaa5f896c91709a9ca80740c72dcb0a3e,5905,1022,false,719,1,718,0.998609,0.000000,0.000000,0.001641,true,875,UNAVAILABLE,0.000057,4592,14,0,3,1701245248291670587,1,NOT_ATTEMPTED,354,61395,2,-1,273,false,221,124,12,1022,OVERLAPPING_LIDAR_INTERVAL previous_synchronized_end_ns=1701245248291670587 current_scan_start_ns=1701245248291406870 current_scan_end_ns=1701245248324041870 overlap_duration_ns=263717 scan_index=1019,1785256520642381984,false,4156,0.035763,16989504,5906,1022,7234,TRACKING,0.730920,747,6335
1925,1.000000,1023,sensor_time,/home/letandat/Dev/uav-navigation/src/navigation_estimator/fast_lio_ros/config/mid360_mutual_avoidance_uav1.yaml,ee37646f3b4668f13cad1febce5b79dcaa5f896c91709a9ca80740c72dcb0a3e,5911,1023,true,720,1,719,0.998611,0.000000,0.000000,0.001619,true,871,CORRECTED,0.000586,30642,14,0,4,1701245248358045128,0,SUCCEEDED,2547,61501,2,1701245248358045128,273,true,230,343,12,1023,LIDAR_CORRECTION_CONVERGED,1785256520711468285,true,26434,0.032968,16989504,5917,1024,7234,TRACKING,0.731183,748,34894
349,1.000000,1024,sensor_time,/home/letandat/Dev/uav-navigation/src/navigation_estimator/fast_lio_ros/config/mid360_mutual_avoidance_uav1.yaml,ee37646f3b4668f13cad1febce5b79dcaa5f896c91709a9ca80740c72dcb0a3e,5917,1024,true,721,1,720,0.998613,0.000000,0.000000,0.001621,true,1006,CORRECTED,0.000071,5983,7,0,3,1701245248391304996,0,SUCCEEDED,532,61509,2,1701245248391304996,273,true,124,162,12,1024,LIDAR_CORRECTION_CONVERGED,1785256520727054697,true,5392,0.033325,16989504,5920,1024,6862,TRACKING,0.731445,749,14911
349,1.000000,1025,,/home/letandat/Dev/uav-navigation/src/navigation_estimator/fast_lio_ros/config/mid360_mutual_avoidance_uav1.yaml,ee37646f3b4668f13cad1febce5b79dcaa5f896c91709a9ca80740c72dcb0a3e,5923,1025,false,721,1,720,0.998613,0.000000,0.000000,0.001621,true,1006,UNAVAILABLE,0.000071,5983,7,0,3,1701245248391304996,1,NOT_ATTEMPTED,532,61509,2,-1,274,false,124,162,12,1025,OVERLAPPING_LIDAR_INTERVAL previous_synchronized_end_ns=1701245248391304996 current_scan_start_ns=1701245248391026020 current_scan_end_ns=1701245248423661020 overlap_duration_ns=278976 scan_index=1022,1785256520741888567,false,5392,0.033325,16989504,5923,1025,6862,TRACKING,0.730732,749,14911
1918,1.000000,1026,sensor_time,/home/letandat/Dev/uav-navigation/src/navigation_estimator/fast_lio_ros/config/mid360_mutual_avoidance_uav1.yaml,ee37646f3b4668f13cad1febce5b79dcaa5f896c91709a9ca80740c72dcb0a3e,5928,1026,true,722,1,721,0.998615,0.000000,0.000000,0.001603,true,862,CORRECTED,0.000114,38647,14,0,5,1701245248457981136,0,SUCCEEDED,2435,61626,2,1701245248457981136,274,true,251,336,12,1026,LIDAR_CORRECTION_CONVERGED,1785256520819246107,true,33157,0.035986,16989504,5936,1027,6862,TRACKING,0.730994,750,42839
449,1.000000,1027,sensor_time,/home/letandat/Dev/uav-navigation/src/navigation_estimator/fast_lio_ros/config/mid360_mutual_avoidance_uav1.yaml,ee37646f3b4668f13cad1febce5b79dcaa5f896c91709a9ca80740c72dcb0a3e,5934,1027,true,723,1,722,0.998617,0.000000,0.000000,0.001603,true,978,CORRECTED,0.000053,7664,8,0,3,1701245248491225984,0,SUCCEEDED,698,61637,2,1701245248491225984,274,true,150,164,12,1027,LIDAR_CORRECTION_CONVERGED,1785256520829353496,true,6886,0.038147,16989504,5938,1027,6862,TRACKING,0.731256,751,9859
1294,1.000000,1028,sensor_time,/home/letandat/Dev/uav-navigation/src/navigation_estimator/fast_lio_ros/config/mid360_mutual_avoidance_uav1.yaml,ee37646f3b4668f13cad1febce5b79dcaa5f896c91709a9ca80740c72dcb0a3e,5940,1028,true,724,1,723,0.998619,0.000000,0.000000,0.001592,true,861,CORRECTED,0.000028,23683,8,0,4,1701245248525144365,0,SUCCEEDED,1962,61717,2,1701245248525144365,274,true,118,291,12,1028,LIDAR_CORRECTION_CONVERGED,1785256520870892044,true,20763,0.036680,16989504,5945,1028,6862,TRACKING,0.731518,752,27142
1294,1.000000,1029,,/home/letandat/Dev/uav-navigation/src/navigation_estimator/fast_lio_ros/config/mid360_mutual_avoidance_uav1.yaml,ee37646f3b4668f13cad1febce5b79dcaa5f896c91709a9ca80740c72dcb0a3e,5946,1029,false,724,1,723,0.998619,0.000000,0.000000,0.001592,true,861,UNAVAILABLE,0.000028,23683,8,0,4,1701245248525144365,1,NOT_ATTEMPTED,1962,61717,2,-1,275,false,118,291,12,1029,OVERLAPPING_LIDAR_INTERVAL previous_synchronized_end_ns=1701245248525144365 current_scan_start_ns=1701245248524738789 current_scan_end_ns=1701245248557373789 overlap_duration_ns=405576 scan_index=1026,1785256520875633915,false,20763,0.036680,16989504,5946,1029,6862,TRACKING,0.730807,752,27142
585,1.000000,1030,sensor_time,/home/letandat/Dev/uav-navigation/src/navigation_estimator/fast_lio_ros/config/mid360_mutual_avoidance_uav1.yaml,ee37646f3b4668f13cad1febce5b79dcaa5f896c91709a9ca80740c72dcb0a3e,5952,1030,true,725,1,724,0.998621,0.000000,0.000000,0.001596,true,1778,CORRECTED,0.000040,8727,13,0,3,1701245248591689852,0,SUCCEEDED,826,61732,2,1701245248591689852,275,true,334,273,12,1030,LIDAR_CORRECTION_CONVERGED,1785256520922216131,true,7820,0.037599,16989504,5954,1030,6862,TRACKING,0.731068,753,12173
585,1.000000,1031,,/home/letandat/Dev/uav-navigation/src/navigation_estimator/fast_lio_ros/config/mid360_mutual_avoidance_uav1.yaml,ee37646f3b4668f13cad1febce5b79dcaa5f896c91709a9ca80740c72dcb0a3e,5957,1031,false,725,1,724,0.998621,0.000000,0.000000,0.001596,true,1778,UNAVAILABLE,0.000040,8727,13,0,3,1701245248591689852,1,NOT_ATTEMPTED,826,61732,2,-1,276,false,334,273,12,1031,OVERLAPPING_LIDAR_INTERVAL previous_synchronized_end_ns=1701245248591689852 current_scan_start_ns=1701245248591335535 current_scan_end_ns=1701245248623970535 overlap_duration_ns=354317 scan_index=1028,1785256520942382784,false,7820,0.037599,16989504,5958,1031,6862,TRACKING,0.730359,753,12173
1859,1.000000,1032,sensor_time,/home/letandat/Dev/uav-navigation/src/navigation_estimator/fast_lio_ros/config/mid360_mutual_avoidance_uav1.yaml,ee37646f3b4668f13cad1febce5b79dcaa5f896c91709a9ca80740c72dcb0a3e,5963,1032,true,726,1,725,0.998623,0.000000,0.000000,0.001576,true,820,CORRECTED,0.000502,29274,14,0,4,1701245248658059147,0,SUCCEEDED,2427,61856,2,1701245248658059147,276,true,213,308,12,1032,LIDAR_CORRECTION_CONVERGED,1785256521010089914,true,24922,0.036105,16989504,5969,1033,6862,TRACKING,0.730620,754,33361
628,1.000000,1033,sensor_time,/home/letandat/Dev/uav-navigation/src/navigation_estimator/fast_lio_ros/config/mid360_mutual_avoidance_uav1.yaml,ee37646f3b4668f13cad1febce5b79dcaa5f896c91709a9ca80740c72dcb0a3e,5969,1033,true,727,1,726,0.998624,0.000000,0.000000,0.001574,true,1029,CORRECTED,0.000331,14071,7,0,4,1701245248691180971,0,SUCCEEDED,1122,61880,2,1701245248691180971,276,true,124,228,12,1033,LIDAR_CORRECTION_CONVERGED,1785256521027188677,true,12545,0.038686,16989504,5972,1033,6862,TRACKING,0.730881,755,16821
1096,1.000000,1034,sensor_time,/home/letandat/Dev/uav-navigation/src/navigation_estimator/fast_lio_ros/config/mid360_mutual_avoidance_uav1.yaml,ee37646f3b4668f13cad1febce5b79dcaa5f896c91709a9ca80740c72dcb0a3e,5975,1034,true,728,1,727,0.998626,0.000000,0.000000,0.001565,true,862,CORRECTED,0.000321,15946,8,0,3,1701245248724981811,0,SUCCEEDED,1856,61958,2,1701245248724981811,276,true,129,261,12,1034,LIDAR_CORRECTION_CONVERGED,1785256521062840094,true,14153,0.042183,16989504,5979,1034,6862,TRACKING,0.731141,756,19258
1814,1.000000,1035,sensor_time,/home/letandat/Dev/uav-navigation/src/navigation_estimator/fast_lio_ros/config/mid360_mutual_avoidance_uav1.yaml,ee37646f3b4668f13cad1febce5b79dcaa5f896c91709a9ca80740c72dcb0a3e,5981,1035,true,729,1,728,0.998628,0.000000,0.000000,0.001551,true,876,CORRECTED,0.000645,21383,8,0,3,1701245248758008268,0,SUCCEEDED,2405,62069,2,1701245248758008268,276,true,131,336,12,1035,LIDAR_CORRECTION_CONVERGED,1785256521101887683,true,18342,0.032110,16989504,5985,1035,6862,TRACKING,0.731401,757,25459
715,1.000000,1036,sensor_time,/home/letandat/Dev/uav-navigation/src/navigation_estimator/fast_lio_ros/config/mid360_mutual_avoidance_uav1.yaml,ee37646f3b4668f13cad1febce5b79dcaa5f896c91709a9ca80740c72dcb0a3e,5987,1036,true,730,1,729,0.998630,0.000000,0.000000,0.001551,true,929,CORRECTED,0.000038,11048,8,0,3,1701245248791181591,0,SUCCEEDED,1292,62105,2,1701245248791181591,276,true,142,227,12,1036,LIDAR_CORRECTION_CONVERGED,1785256521123409701,true,9858,0.042219,16989504,5989,1036,6862,TRACKING,0.731660,758,13898
1063,1.000000,1037,sensor_time,/home/letandat/Dev/uav-navigation/src/navigation_estimator/fast_lio_ros/config/mid360_mutual_avoidance_uav1.yaml,ee37646f3b4668f13cad1febce5b79dcaa5f896c91709a9ca80740c72dcb0a3e,5992,1037,true,731,1,730,0.998632,0.000000,0.000000,0.001545,true,929,CORRECTED,0.000153,15417,8,0,3,1701245248825166490,0,SUCCEEDED,1640,62179,2,1701245248825166490,276,true,133,264,12,1037,LIDAR_CORRECTION_CONVERGED,1785256521169878446,true,13672,0.041820,16989504,5997,1037,7164,TRACKING,0.731919,759,25747
1063,1.000000,1038,,/home/letandat/Dev/uav-navigation/src/navigation_estimator/fast_lio_ros/config/mid360_mutual_avoidance_uav1.yaml,ee37646f3b4668f13cad1febce5b79dcaa5f896c91709a9ca80740c72dcb0a3e,5998,1038,false,731,1,730,0.998632,0.000000,0.000000,0.001545,true,929,UNAVAILABLE,0.000153,15417,8,0,3,1701245248825166490,1,NOT_ATTEMPTED,1640,62179,2,-1,277,false,133,264,12,1038,OVERLAPPING_LIDAR_INTERVAL previous_synchronized_end_ns=1701245248825166490 current_scan_start_ns=1701245248824733019 current_scan_end_ns=1701245248857368019 overlap_duration_ns=433471 scan_index=1035,1785256521175878954,false,13672,0.041820,16989504,5998,1038,7164,TRACKING,0.731214,759,25747
732,1.000000,1039,sensor_time,/home/letandat/Dev/uav-navigation/src/navigation_estimator/fast_lio_ros/config/mid360_mutual_avoidance_uav1.yaml,ee37646f3b4668f13cad1febce5b79dcaa5f896c91709a9ca80740c72dcb0a3e,6004,1039,true,732,1,731,0.998634,0.000000,0.000000,0.001549,true,931,CORRECTED,0.000220,11520,13,0,3,1701245248891716268,0,SUCCEEDED,1338,62222,2,1701245248891716268,277,true,233,228,12,1039,LIDAR_CORRECTION_CONVERGED,1785256521224598460,true,10337,0.045151,16989504,6007,1039,7164,TRACKING,0.731473,760,14439
732,1.000000,1040,,/home/letandat/Dev/uav-navigation/src/navigation_estimator/fast_lio_ros/config/mid360_mutual_avoidance_uav1.yaml,ee37646f3b4668f13cad1febce5b79dcaa5f896c91709a9ca80740c72dcb0a3e,6010,1040,false,732,1,731,0.998634,0.000000,0.000000,0.001549,true,931,UNAVAILABLE,0.000220,11520,13,0,3,1701245248891716268,1,NOT_ATTEMPTED,1338,62222,2,-1,278,false,233,228,12,1040,OVERLAPPING_LIDAR_INTERVAL previous_synchronized_end_ns=1701245248891716268 current_scan_start_ns=1701245248891396523 current_scan_end_ns=1701245248924031523 overlap_duration_ns=319745 scan_index=1037,1785256521242414830,false,10337,0.045151,16989504,6010,1040,7164,TRACKING,0.730769,760,14439
1829,1.000000,1041,sensor_time,/home/letandat/Dev/uav-navigation/src/navigation_estimator/fast_lio_ros/config/mid360_mutual_avoidance_uav1.yaml,ee37646f3b4668f13cad1febce5b79dcaa5f896c91709a9ca80740c72dcb0a3e,6015,1041,true,733,1,732,0.998636,0.000000,0.000000,0.001531,true,1722,CORRECTED,0.000195,32107,14,0,4,1701245248958042887,0,SUCCEEDED,2707,62346,2,1701245248958042887,278,true,357,456,12,1041,LIDAR_CORRECTION_CONVERGED,1785256521313969358,true,26849,0.034358,16989504,6022,1042,7164,TRACKING,0.731028,761,37671
817,1.000000,1042,sensor_time,/home/letandat/Dev/uav-navigation/src/navigation_estimator/fast_lio_ros/config/mid360_mutual_avoidance_uav1.yaml,ee37646f3b4668f13cad1febce5b79dcaa5f896c91709a9ca80740c72dcb0a3e,6021,1042,true,734,1,733,0.998638,0.000000,0.000000,0.001526,true,946,CORRECTED,0.000066,12951,7,0,3,1701245248991202381,0,SUCCEEDED,1575,62414,2,1701245248991202381,278,true,112,284,12,1042,LIDAR_CORRECTION_CONVERGED,1785256521330415223,true,11534,0.046148,16989504,6025,1042,7164,TRACKING,0.731286,762,16106
817,1.000000,1043,,/home/letandat/Dev/uav-navigation/src/navigation_estimator/fast_lio_ros/config/mid360_mutual_avoidance_uav1.yaml,ee37646f3b4668f13cad1febce5b79dcaa5f896c91709a9ca80740c72dcb0a3e,6027,1043,false,734,1,733,0.998638,0.000000,0.000000,0.001526,true,946,UNAVAILABLE,0.000066,12951,7,0,3,1701245248991202381,1,NOT_ATTEMPTED,1575,62414,2,-1,279,false,112,284,12,1043,OVERLAPPING_LIDAR_INTERVAL previous_synchronized_end_ns=1701245248991202381 current_scan_start_ns=1701245248990991831 current_scan_end_ns=1701245249023626831 overlap_duration_ns=210550 scan_index=1040,1785256521341949379,false,11534,0.046148,16989504,6027,1043,7164,TRACKING,0.730585,762,16106
1717,1.000000,1044,sensor_time,/home/letandat/Dev/uav-navigation/src/navigation_estimator/fast_lio_ros/config/mid360_mutual_avoidance_uav1.yaml,ee37646f3b4668f13cad1febce5b79dcaa5f896c91709a9ca80740c72dcb0a3e,6033,1044,true,735,1,734,0.998639,0.000000,0.000000,0.001516,true,867,CORRECTED,0.000276,26657,14,0,4,1701245249057996538,0,SUCCEEDED,2045,62526,2,1701245249057996538,279,true,226,330,12,1044,LIDAR_CORRECTION_CONVERGED,1785256521407099370,true,22950,0.035552,16989504,6038,1044,7164,TRACKING,0.730843,763,30420
893,1.000000,1045,sensor_time,/home/letandat/Dev/uav-navigation/src/navigation_estimator/fast_lio_ros/config/mid360_mutual_avoidance_uav1.yaml,ee37646f3b4668f13cad1febce5b79dcaa5f896c91709a9ca80740c72dcb0a3e,6039,1045,true,736,1,735,0.998641,0.000000,0.000000,0.001509,true,928,CORRECTED,0.000360,13699,8,0,3,1701245249091203478,0,SUCCEEDED,1661,62618,2,1701245249091203478,279,true,131,254,12,1045,LIDAR_CORRECTION_CONVERGED,1785256521426791926,true,12126,0.051113,16989504,6042,1045,7164,TRACKING,0.731100,764,16947
771,1.000000,1046,sensor_time,/home/letandat/Dev/uav-navigation/src/navigation_estimator/fast_lio_ros/config/mid360_mutual_avoidance_uav1.yaml,ee37646f3b4668f13cad1febce5b79dcaa5f896c91709a9ca80740c72dcb0a3e,6044,1046,true,737,1,736,0.998643,0.000000,0.000000,0.001506,true,875,CORRECTED,0.000159,11220,8,0,3,1701245249125099685,0,SUCCEEDED,1184,62678,2,1701245249125099685,279,true,123,221,12,1046,LIDAR_CORRECTION_CONVERGED,1785256521457571177,true,9995,0.045687,16989504,6047,1046,7164,TRACKING,0.731358,765,13786
771,1.000000,1047,,/home/letandat/Dev/uav-navigation/src/navigation_estimator/fast_lio_ros/config/mid360_mutual_avoidance_uav1.yaml,ee37646f3b4668f13cad1febce5b79dcaa5f896c91709a9ca80740c72dcb0a3e,6050,1047,false,737,1,736,0.998643,0.000000,0.000000,0.001506,true,875,UNAVAILABLE,0.000159,11220,8,0,3,1701245249125099685,1,NOT_ATTEMPTED,1184,62678,2,-1,280,false,123,221,12,1047,OVERLAPPING_LIDAR_INTERVAL previous_synchronized_end_ns=1701245249125099685 current_scan_start_ns=1701245249124901295 current_scan_end_ns=1701245249157536295 overlap_duration_ns=198390 scan_index=1044,1785256521476039978,false,9995,0.045687,16989504,6050,1047,7164,TRACKING,0.730659,765,13786
900,1.000000,1048,sensor_time,/home/letandat/Dev/uav-navigation/src/navigation_estimator/fast_lio_ros/config/mid360_mutual_avoidance_uav1.yaml,ee37646f3b4668f13cad1febce5b79dcaa5f896c91709a9ca80740c72dcb0a3e,6056,1048,true,738,1,737,0.998645,0.000000,0.000000,0.001504,true,887,CORRECTED,0.000533,17101,13,0,4,1701245249191692856,0,SUCCEEDED,1397,62756,2,1701245249191692856,280,true,207,222,12,1048,LIDAR_CORRECTION_CONVERGED,1785256521530108105,true,15223,0.047368,16989504,6060,1048,7164,TRACKING,0.730916,766,19998
900,1.000000,1049,,/home/letandat/Dev/uav-navigation/src/navigation_estimator/fast_lio_ros/config/mid360_mutual_avoidance_uav1.yaml,ee37646f3b4668f13cad1febce5b79dcaa5f896c91709a9ca80740c72dcb0a3e,6062,1049,false,738,1,737,0.998645,0.000000,0.000000,0.001504,true,887,UNAVAILABLE,0.000533,17101,13,0,4,1701245249191692856,1,NOT_ATTEMPTED,1397,62756,2,-1,281,false,207,222,12,1049,OVERLAPPING_LIDAR_INTERVAL previous_synchronized_end_ns=1701245249191692856 current_scan_start_ns=1701245249191342354 current_scan_end_ns=1701245249223977354 overlap_duration_ns=350502 scan_index=1046,1785256521542280304,false,15223,0.047368,16989504,6062,1049,7164,TRACKING,0.730219,766,19998
1811,1.000000,1050,sensor_time,/home/letandat/Dev/uav-navigation/src/navigation_estimator/fast_lio_ros/config/mid360_mutual_avoidance_uav1.yaml,ee37646f3b4668f13cad1febce5b79dcaa5f896c91709a9ca80740c72dcb0a3e,6067,1050,true,739,1,738,0.998647,0.000000,0.000000,0.001486,true,875,CORRECTED,0.000175,29546,14,0,4,1701245249258023765,0,SUCCEEDED,2600,62906,2,1701245249258023765,281,true,233,334,12,1050,LIDAR_CORRECTION_CONVERGED,1785256521610555462,true,25284,0.040002,16989504,6074,1051,7164,TRACKING,0.730476,767,33961
1039,1.000000,1051,sensor_time,/home/letandat/Dev/uav-navigation/src/navigation_estimator/fast_lio_ros/config/mid360_mutual_avoidance_uav1.yaml,ee37646f3b4668f13cad1febce5b79dcaa5f896c91709a9ca80740c72dcb0a3e,6073,1051,true,740,1,739,0.998649,0.000000,0.000000,0.001478,true,1115,CORRECTED,0.000241,17723,8,0,3,1701245249291270759,0,SUCCEEDED,1986,62993,2,1701245249291270759,281,true,154,263,12,1051,LIDAR_CORRECTION_CONVERGED,1785256521632351476,true,15705,0.046658,16989504,6078,1051,7164,TRACKING,0.730733,768,21524
599,1.000000,1052,sensor_time,/home/letandat/Dev/uav-navigation/src/navigation_estimator/fast_lio_ros/config/mid360_mutual_avoidance_uav1.yaml,ee37646f3b4668f13cad1febce5b79dcaa5f896c91709a9ca80740c72dcb0a3e,6079,1052,true,741,1,740,0.998650,0.000000,0.000000,0.001478,true,925,CORRECTED,0.000396,6849,8,0,2,1701245249324981954,0,SUCCEEDED,1209,63037,2,1701245249324981954,281,true,138,204,12,1052,LIDAR_CORRECTION_CONVERGED,1785256521660545942,true,6166,0.045603,16989504,6082,1052,6993,TRACKING,0.730989,769,16507
1876,1.000000,1053,sensor_time,/home/letandat/Dev/uav-navigation/src/navigation_estimator/fast_lio_ros/config/mid360_mutual_avoidance_uav1.yaml,ee37646f3b4668f13cad1febce5b79dcaa5f896c91709a9ca80740c72dcb0a3e,6085,1053,true,742,1,741,0.998652,0.000000,0.000000,0.001465,true,937,CORRECTED,0.000567,21673,7,0,3,1701245249357987907,0,SUCCEEDED,2859,63228,2,1701245249357987907,281,true,120,370,12,1053,LIDAR_CORRECTION_CONVERGED,1785256521702632995,true,18674,0.040206,16989504,6090,1053,6993,TRACKING,0.731244,770,26234
1098,1.000000,1054,sensor_time,/home/letandat/Dev/uav-navigation/src/navigation_estimator/fast_lio_ros/config/mid360_mutual_avoidance_uav1.yaml,ee37646f3b4668f13cad1febce5b79dcaa5f896c91709a9ca80740c72dcb0a3e,6091,1054,true,743,1,742,0.998654,0.000000,0.000000,0.001461,true,929,CORRECTED,0.000054,17278,8,0,3,1701245249391227033,0,SUCCEEDED,2191,63329,2,1701245249391227033,281,true,132,265,12,1054,LIDAR_CORRECTION_CONVERGED,1785256521730680630,true,15321,0.045965,16989504,6095,1054,6993,TRACKING,0.731499,771,21100
626,1.000000,1055,sensor_time,/home/letandat/Dev/uav-navigation/src/navigation_estimator/fast_lio_ros/config/mid360_mutual_avoidance_uav1.yaml,ee37646f3b4668f13cad1febce5b79dcaa5f896c91709a9ca80740c72dcb0a3e,6097,1055,true,744,1,743,0.998656,0.000000,0.000000,0.001462,true,923,CORRECTED,0.000002,9731,8,0,3,1701245249425136593,0,SUCCEEDED,932,63363,2,1701245249425136593,281,true,139,209,12,1055,LIDAR_CORRECTION_CONVERGED,1785256521755442107,true,8704,0.042880,16989504,6099,1055,6993,TRACKING,0.731754,772,12086
626,1.000000,1056,,/home/letandat/Dev/uav-navigation/src/navigation_estimator/fast_lio_ros/config/mid360_mutual_avoidance_uav1.yaml,ee37646f3b4668f13cad1febce5b79dcaa5f896c91709a9ca80740c72dcb0a3e,6102,1056,false,744,1,743,0.998656,0.000000,0.000000,0.001462,true,923,UNAVAILABLE,0.000002,9731,8,0,3,1701245249425136593,1,NOT_ATTEMPTED,932,63363,2,-1,282,false,139,209,12,1056,OVERLAPPING_LIDAR_INTERVAL previous_synchronized_end_ns=1701245249425136593 current_scan_start_ns=1701245249424798012 current_scan_end_ns=1701245249457433012 overlap_duration_ns=338581 scan_index=1053,1785256521775863614,false,8704,0.042880,16989504,6103,1056,6993,TRACKING,0.731061,772,12086
1182,1.000000,1057,sensor_time,/home/letandat/Dev/uav-navigation/src/navigation_estimator/fast_lio_ros/config/mid360_mutual_avoidance_uav1.yaml,ee37646f3b4668f13cad1febce5b79dcaa5f896c91709a9ca80740c72dcb0a3e,6108,1057,true,745,1,744,0.998658,0.000000,0.000000,0.001458,true,927,CORRECTED,0.000958,17972,14,0,3,1701245249491819170,0,SUCCEEDED,1919,63485,2,1701245249491819170,282,true,246,283,12,1057,LIDAR_CORRECTION_CONVERGED,1785256521831881512,true,16000,0.046482,16989504,6112,1057,6993,TRACKING,0.731315,773,21548
1182,1.000000,1058,,/home/letandat/Dev/uav-navigation/src/navigation_estimator/fast_lio_ros/config/mid360_mutual_avoidance_uav1.yaml,ee37646f3b4668f13cad1febce5b79dcaa5f896c91709a9ca80740c72dcb0a3e,6114,1058,false,745,1,744,0.998658,0.000000,0.000000,0.001458,true,927,UNAVAILABLE,0.000958,17972,14,0,3,1701245249491819170,1,NOT_ATTEMPTED,1919,63485,2,-1,283,false,246,283,12,1058,OVERLAPPING_LIDAR_INTERVAL previous_synchronized_end_ns=1701245249491819170 current_scan_start_ns=1701245249491353512 current_scan_end_ns=1701245249523988512 overlap_duration_ns=465658 scan_index=1055,1785256521842303047,false,16000,0.046482,16989504,6114,1058,6993,TRACKING,0.730624,773,21548
2162,1.000000,1059,sensor_time,/home/letandat/Dev/uav-navigation/src/navigation_estimator/fast_lio_ros/config/mid360_mutual_avoidance_uav1.yaml,ee37646f3b4668f13cad1febce5b79dcaa5f896c91709a9ca80740c72dcb0a3e,6120,1059,true,746,1,745,0.998660,0.000000,0.000000,0.001441,true,892,CORRECTED,0.000893,28847,13,0,3,1701245249558019665,0,SUCCEEDED,3345,63723,2,1701245249558019665,283,true,223,381,12,1059,LIDAR_CORRECTION_CONVERGED,1785256521910354275,true,24879,0.041148,16989504,6126,1060,6993,TRACKING,0.730878,774,34109
1327,1.000000,1060,sensor_time,/home/letandat/Dev/uav-navigation/src/navigation_estimator/fast_lio_ros/config/mid360_mutual_avoidance_uav1.yaml,ee37646f3b4668f13cad1febce5b79dcaa5f896c91709a9ca80740c72dcb0a3e,6126,1060,true,747,1,746,0.998661,0.000000,0.000000,0.001434,true,1150,CORRECTED,0.000187,24198,8,0,3,1701245249591200617,0,SUCCEEDED,2861,63868,2,1701245249591200617,283,true,159,468,12,1060,LIDAR_CORRECTION_CONVERGED,1785256521940080790,true,21178,0.047679,16989504,6131,1060,6993,TRACKING,0.731132,775,29364
1327,1.000000,1061,,/home/letandat/Dev/uav-navigation/src/navigation_estimator/fast_lio_ros/config/mid360_mutual_avoidance_uav1.yaml,ee37646f3b4668f13cad1febce5b79dcaa5f896c91709a9ca80740c72dcb0a3e,6131,1061,false,747,1,746,0.998661,0.000000,0.000000,0.001434,true,1150,UNAVAILABLE,0.000187,24198,8,0,3,1701245249591200617,1,NOT_ATTEMPTED,2861,63868,2,-1,284,false,159,468,12,1061,OVERLAPPING_LIDAR_INTERVAL previous_synchronized_end_ns=1701245249591200617 current_scan_start_ns=1701245249590984344 current_scan_end_ns=1701245249623619344 overlap_duration_ns=216273 scan_index=1058,1785256521941832732,false,21178,0.047679,16989504,6131,1061,6993,TRACKING,0.730443,775,29364
2461,1.000000,1062,sensor_time,/home/letandat/Dev/uav-navigation/src/navigation_estimator/fast_lio_ros/config/mid360_mutual_avoidance_uav1.yaml,ee37646f3b4668f13cad1febce5b79dcaa5f896c91709a9ca80740c72dcb0a3e,6137,1062,true,748,1,747,0.998663,0.000000,0.000000,0.001423,true,915,CORRECTED,0.000242,34087,13,0,3,1701245249657977607,0,SUCCEEDED,4657,64254,2,1701245249657977607,284,true,475,436,12,1062,LIDAR_CORRECTION_CONVERGED,1785256522017443637,true,28819,0.044245,16989504,6144,1063,6993,TRACKING,0.730697,776,41105
1365,1.000000,1063,sensor_time,/home/letandat/Dev/uav-navigation/src/navigation_estimator/fast_lio_ros/config/mid360_mutual_avoidance_uav1.yaml,ee37646f3b4668f13cad1febce5b79dcaa5f896c91709a9ca80740c72dcb0a3e,6143,1063,true,749,1,748,0.998665,0.000000,0.000000,0.001419,true,1273,CORRECTED,0.000582,25568,8,0,3,1701245249691141155,0,SUCCEEDED,2930,64422,2,1701245249691141155,284,true,175,363,12,1063,LIDAR_CORRECTION_CONVERGED,1785256522048694027,true,22609,0.046881,16989504,6150,1064,6993,TRACKING,0.730950,777,30917
458,1.000000,1064,sensor_time,/home/letandat/Dev/uav-navigation/src/navigation_estimator/fast_lio_ros/config/mid360_mutual_avoidance_uav1.yaml,ee37646f3b4668f13cad1febce5b79dcaa5f896c91709a9ca80740c72dcb0a3e,6149,1064,true,750,1,749,0.998667,0.000000,0.000000,0.001422,true,1221,CORRECTED,0.000105,8890,8,0,3,1701245249725127962,0,SUCCEEDED,793,64449,2,1701245249725127962,284,true,165,189,12,1064,LIDAR_CORRECTION_CONVERGED,1785256522060419785,true,7860,0.049103,16989504,6152,1064,6993,TRACKING,0.731203,778,11446
458,1.000000,1065,,/home/letandat/Dev/uav-navigation/src/navigation_estimator/fast_lio_ros/config/mid360_mutual_avoidance_uav1.yaml,ee37646f3b4668f13cad1febce5b79dcaa5f896c91709a9ca80740c72dcb0a3e,6154,1065,false,750,1,749,0.998667,0.000000,0.000000,0.001422,true,1221,UNAVAILABLE,0.000105,8890,8,0,3,1701245249725127962,1,NOT_ATTEMPTED,793,64449,2,-1,285,false,165,189,12,1065,OVERLAPPING_LIDAR_INTERVAL previous_synchronized_end_ns=1701245249725127962 current_scan_start_ns=1701245249724986792 current_scan_end_ns=1701245249757621792 overlap_duration_ns=141170 scan_index=1062,1785256522076122963,false,7860,0.049103,16989504,6154,1065,6993,TRACKING,0.730516,778,11446
1482,1.000000,1066,sensor_time,/home/letandat/Dev/uav-navigation/src/navigation_estimator/fast_lio_ros/config/mid360_mutual_avoidance_uav1.yaml,ee37646f3b4668f13cad1febce5b79dcaa5f896c91709a9ca80740c72dcb0a3e,6160,1066,true,751,1,750,0.998668,0.000000,0.000000,0.001415,true,896,CORRECTED,0.000168,32180,14,0,4,1701245249791692522,0,SUCCEEDED,3008,64623,2,1701245249791692522,285,true,245,324,12,1066,LIDAR_CORRECTION_CONVERGED,1785256522156537494,true,28512,0.042132,16989504,6169,1067,8938,TRACKING,0.730769,779,45881
1482,1.000000,1067,,/home/letandat/Dev/uav-navigation/src/navigation_estimator/fast_lio_ros/config/mid360_mutual_avoidance_uav1.yaml,ee37646f3b4668f13cad1febce5b79dcaa5f896c91709a9ca80740c72dcb0a3e,6166,1067,false,751,1,750,0.998668,0.000000,0.000000,0.001415,true,896,UNAVAILABLE,0.000168,32180,14,0,4,1701245249791692522,1,NOT_ATTEMPTED,3008,64623,2,-1,286,false,245,324,12,1067,OVERLAPPING_LIDAR_INTERVAL previous_synchronized_end_ns=1701245249791692522 current_scan_start_ns=1701245249791335583 current_scan_end_ns=1701245249823970583 overlap_duration_ns=356939 scan_index=1064,1785256522157602250,false,28512,0.042132,16989504,6169,1067,8938,TRACKING,0.730084,779,45881
2750,1.000000,1068,sensor_time,/home/letandat/Dev/uav-navigation/src/navigation_estimator/fast_lio_ros/config/mid360_mutual_avoidance_uav1.yaml,ee37646f3b4668f13cad1febce5b79dcaa5f896c91709a9ca80740c72dcb0a3e,6172,1068,true,752,1,751,0.998670,0.000000,0.000000,0.001392,true,829,CORRECTED,0.000577,47642,13,0,4,1701245249858014610,0,SUCCEEDED,5063,65333,2,1701245249858014610,286,true,214,476,12,1068,LIDAR_CORRECTION_CONVERGED,1785256522231447658,true,40162,0.043327,16989504,6181,1069,8938,TRACKING,0.730337,780,54755
1735,1.000000,1069,sensor_time,/home/letandat/Dev/uav-navigation/src/navigation_estimator/fast_lio_ros/config/mid360_mutual_avoidance_uav1.yaml,ee37646f3b4668f13cad1febce5b79dcaa5f896c91709a9ca80740c72dcb0a3e,6178,1069,true,753,1,752,0.998672,0.000000,0.000000,0.001382,true,1011,CORRECTED,0.000481,22760,8,0,3,1701245249891196277,0,SUCCEEDED,2808,65556,2,1701245249891196277,286,true,145,407,12,1069,LIDAR_CORRECTION_CONVERGED,1785256522259608385,true,20035,0.043404,16989504,6186,1070,8938,TRACKING,0.730589,781,27847
1735,1.000000,1070,,/home/letandat/Dev/uav-navigation/src/navigation_estimator/fast_lio_ros/config/mid360_mutual_avoidance_uav1.yaml,ee37646f3b4668f13cad1febce5b79dcaa5f896c91709a9ca80740c72dcb0a3e,6183,1070,false,753,1,752,0.998672,0.000000,0.000000,0.001382,true,1011,UNAVAILABLE,0.000481,22760,8,0,3,1701245249891196277,1,NOT_ATTEMPTED,2808,65556,2,-1,287,false,145,407,12,1070,OVERLAPPING_LIDAR_INTERVAL previous_synchronized_end_ns=1701245249891196277 current_scan_start_ns=1701245249891019344 current_scan_end_ns=1701245249923654344 overlap_duration_ns=176933 scan_index=1067,1785256522259737513,false,20035,0.043404,16989504,6186,1070,8938,TRACKING,0.729907,781,27847
2608,1.000000,1071,sensor_time,/home/letandat/Dev/uav-navigation/src/navigation_estimator/fast_lio_ros/config/mid360_mutual_avoidance_uav1.yaml,ee37646f3b4668f13cad1febce5b79dcaa5f896c91709a9ca80740c72dcb0a3e,6189,1071,true,754,1,753,0.998674,0.000000,0.000000,0.001368,true,807,CORRECTED,0.000229,40657,13,0,4,1701245249958021906,0,SUCCEEDED,4606,66125,2,1701245249958021906,287,true,207,411,12,1071,LIDAR_CORRECTION_CONVERGED,1785256522323875640,true,34403,0.043235,16989504,6197,1072,8938,TRACKING,0.730159,782,47196
1817,1.000000,1072,sensor_time,/home/letandat/Dev/uav-navigation/src/navigation_estimator/fast_lio_ros/config/mid360_mutual_avoidance_uav1.yaml,ee37646f3b4668f13cad1febce5b79dcaa5f896c91709a9ca80740c72dcb0a3e,6195,1072,true,755,1,754,0.998675,0.000000,0.000000,0.001360,true,975,CORRECTED,0.000127,25905,8,0,3,1701245249991288450,0,SUCCEEDED,3473,66437,2,1701245249991288450,287,true,136,381,12,1072,LIDAR_CORRECTION_CONVERGED,1785256522355630466,true,22750,0.046476,16989504,6203,1073,8938,TRACKING,0.730410,783,31499
238,1.000000,1073,sensor_time,/home/letandat/Dev/uav-navigation/src/navigation_estimator/fast_lio_ros/config/mid360_mutual_avoidance_uav1.yaml,ee37646f3b4668f13cad1febce5b79dcaa5f896c91709a9ca80740c72dcb0a3e,6201,1073,true,756,1,755,0.998677,0.000000,0.000000,0.001365,true,1025,CORRECTED,0.000000,4235,8,0,3,1701245250025119093,0,SUCCEEDED,361,66453,2,1701245250025119093,287,true,149,125,12,1073,LIDAR_CORRECTION_CONVERGED,1785256522361945166,true,3797,0.046925,16989504,6204,1073,8938,TRACKING,0.730662,784,6085
238,1.000000,1074,,/home/letandat/Dev/uav-navigation/src/navigation_estimator/fast_lio_ros/config/mid360_mutual_avoidance_uav1.yaml,ee37646f3b4668f13cad1febce5b79dcaa5f896c91709a9ca80740c72dcb0a3e,6206,1074,false,756,1,755,0.998677,0.000000,0.000000,0.001365,true,1025,UNAVAILABLE,0.000000,4235,8,0,3,1701245250025119093,1,NOT_ATTEMPTED,361,66453,2,-1,288,false,149,125,12,1074,OVERLAPPING_LIDAR_INTERVAL previous_synchronized_end_ns=1701245250025119093 current_scan_start_ns=1701245250024771929 current_scan_end_ns=1701245250057406929 overlap_duration_ns=347164 scan_index=1071,1785256522375954257,false,3797,0.046925,16989504,6206,1074,8938,TRACKING,0.729981,784,6085
1974,1.000000,1075,sensor_time,/home/letandat/Dev/uav-navigation/src/navigation_estimator/fast_lio_ros/config/mid360_mutual_avoidance_uav1.yaml,ee37646f3b4668f13cad1febce5b79dcaa5f896c91709a9ca80740c72dcb0a3e,6212,1075,true,757,1,756,0.998679,0.000000,0.000000,0.001345,true,1093,CORRECTED,0.000101,32990,14,0,4,1701245250091650274,0,SUCCEEDED,3330,66800,2,1701245250091650274,288,true,333,366,12,1075,LIDAR_CORRECTION_CONVERGED,1785256522448357402,true,28651,0.044790,16989504,6219,1076,8938,TRACKING,0.730233,785,38398
1974,1.000000,1076,,/home/letandat/Dev/uav-navigation/src/navigation_estimator/fast_lio_ros/config/mid360_mutual_avoidance_uav1.yaml,ee37646f3b4668f13cad1febce5b79dcaa5f896c91709a9ca80740c72dcb0a3e,6218,1076,false,757,1,756,0.998679,0.000000,0.000000,0.001345,true,1093,UNAVAILABLE,0.000101,32990,14,0,4,1701245250091650274,1,NOT_ATTEMPTED,3330,66800,2,-1,289,false,333,366,12,1076,OVERLAPPING_LIDAR_INTERVAL previous_synchronized_end_ns=1701245250091650274 current_scan_start_ns=1701245250091346502 current_scan_end_ns=1701245250123981502 overlap_duration_ns=303772 scan_index=1073,1785256522448514164,false,28651,0.044790,16989504,6219,1076,8938,TRACKING,0.729554,785,38398
2391,1.000000,1077,sensor_time,/home/letandat/Dev/uav-navigation/src/navigation_estimator/fast_lio_ros/config/mid360_mutual_avoidance_uav1.yaml,ee37646f3b4668f13cad1febce5b79dcaa5f896c91709a9ca80740c72dcb0a3e,6224,1077,true,758,1,757,0.998681,0.000000,0.000000,0.001318,true,884,CORRECTED,0.000162,38556,13,0,4,1701245250158028867,0,SUCCEEDED,4152,67196,2,1701245250158028867,289,true,213,417,12,1077,LIDAR_CORRECTION_CONVERGED,1785256522521143999,true,32999,0.042769,16989504,6232,1078,8938,TRACKING,0.729805,786,44659
2250,1.000000,1078,sensor_time,/home/letandat/Dev/uav-navigation/src/navigation_estimator/fast_lio_ros/config/mid360_mutual_avoidance_uav1.yaml,ee37646f3b4668f13cad1febce5b79dcaa5f896c91709a9ca80740c72dcb0a3e,6230,1078,true,759,1,758,0.998682,0.000000,0.000000,0.001301,true,1001,CORRECTED,0.000319,29709,8,0,3,1701245250191206959,0,SUCCEEDED,3544,67567,2,1701245250191206959,289,true,145,478,12,1078,LIDAR_CORRECTION_CONVERGED,1785256522556808597,true,25694,0.043544,16989504,6238,1079,8938,TRACKING,0.730056,787,35326
2250,1.000000,1079,,/home/letandat/Dev/uav-navigation/src/navigation_estimator/fast_lio_ros/config/mid360_mutual_avoidance_uav1.yaml,ee37646f3b4668f13cad1febce5b79dcaa5f896c91709a9ca80740c72dcb0a3e,6235,1079,false,759,1,758,0.998682,0.000000,0.000000,0.001301,true,1001,UNAVAILABLE,0.000319,29709,8,0,3,1701245250191206959,1,NOT_ATTEMPTED,3544,67567,2,-1,290,false,145,478,12,1079,OVERLAPPING_LIDAR_INTERVAL previous_synchronized_end_ns=1701245250191206959 current_scan_start_ns=1701245250191033363 current_scan_end_ns=1701245250223668363 overlap_duration_ns=173596 scan_index=1076,1785256522556937548,false,25694,0.043544,16989504,6238,1079,8938,TRACKING,0.729379,787,35326
2291,1.000000,1080,sensor_time,/home/letandat/Dev/uav-navigation/src/navigation_estimator/fast_lio_ros/config/mid360_mutual_avoidance_uav1.yaml,ee37646f3b4668f13cad1febce5b79dcaa5f896c91709a9ca80740c72dcb0a3e,6241,1080,true,760,1,759,0.998684,0.000000,0.000000,0.001284,true,893,CORRECTED,0.000180,39636,14,0,4,1701245250258245256,0,SUCCEEDED,3847,67931,2,1701245250258245256,290,true,223,415,12,1080,LIDAR_CORRECTION_CONVERGED,1785256522622775287,true,33990,0.044742,16989504,6250,1081,8938,TRACKING,0.729630,788,45888
2295,1.000000,1081,sensor_time,/home/letandat/Dev/uav-navigation/src/navigation_estimator/fast_lio_ros/config/mid360_mutual_avoidance_uav1.yaml,ee37646f3b4668f13cad1febce5b79dcaa5f896c91709a9ca80740c72dcb0a3e,6247,1081,true,761,1,760,0.998686,0.000000,0.000000,0.001268,true,1062,CORRECTED,0.000330,31236,7,0,3,1701245250291186359,0,SUCCEEDED,4449,68253,2,1701245250291186359,290,true,128,464,12,1081,LIDAR_CORRECTION_CONVERGED,1785256522669360742,true,26938,0.041582,16989504,6257,1082,7814,TRACKING,0.729880,789,45634
180,1.000000,1082,sensor_time,/home/letandat/Dev/uav-navigation/src/navigation_estimator/fast_lio_ros/config/mid360_mutual_avoidance_uav1.yaml,ee37646f3b4668f13cad1febce5b79dcaa5f896c91709a9ca80740c72dcb0a3e,6253,1082,true,762,1,761,0.998688,0.000000,0.000000,0.001273,true,859,CORRECTED,0.000000,2752,8,0,3,1701245250325082805,0,SUCCEEDED,241,68271,2,1701245250325082805,290,true,126,104,12,1082,LIDAR_CORRECTION_CONVERGED,1785256522675080989,true,2450,0.053489,16989504,6258,1082,7814,TRACKING,0.730129,790,4581
180,1.000000,1083,,/home/letandat/Dev/uav-navigation/src/navigation_estimator/fast_lio_ros/config/mid360_mutual_avoidance_uav1.yaml,ee37646f3b4668f13cad1febce5b79dcaa5f896c91709a9ca80740c72dcb0a3e,6258,1083,false,762,1,761,0.998688,0.000000,0.000000,0.001273,true,859,UNAVAILABLE,0.000000,2752,8,0,3,1701245250325082805,1,NOT_ATTEMPTED,241,68271,2,-1,291,false,126,104,12,1083,OVERLAPPING_LIDAR_INTERVAL previous_synchronized_end_ns=1701245250325082805 current_scan_start_ns=1701245250324882984 current_scan_end_ns=1701245250357517984 overlap_duration_ns=199821 scan_index=1080,1785256522675896175,false,2450,0.053489,16989504,6259,1083,7814,TRACKING,0.729455,790,4581
2493,1.000000,1084,sensor_time,/home/letandat/Dev/uav-navigation/src/navigation_estimator/fast_lio_ros/config/mid360_mutual_avoidance_uav1.yaml,ee37646f3b4668f13cad1febce5b79dcaa5f896c91709a9ca80740c72dcb0a3e,6264,1084,true,763,1,762,0.998689,0.000000,0.000000,0.001243,true,892,CORRECTED,0.000148,40650,14,0,4,1701245250391652611,0,SUCCEEDED,3990,68614,2,1701245250391652611,291,true,261,434,12,1084,LIDAR_CORRECTION_CONVERGED,1785256522756653985,true,34759,0.041396,16989504,6273,1085,7814,TRACKING,0.729705,791,46575
2493,1.000000,1085,,/home/letandat/Dev/uav-navigation/src/navigation_estimator/fast_lio_ros/config/mid360_mutual_avoidance_uav1.yaml,ee37646f3b4668f13cad1febce5b79dcaa5f896c91709a9ca80740c72dcb0a3e,6270,1085,false,763,1,762,0.998689,0.000000,0.000000,0.001243,true,892,UNAVAILABLE,0.000148,40650,14,0,4,1701245250391652611,1,NOT_ATTEMPTED,3990,68614,2,-1,292,false,261,434,12,1085,OVERLAPPING_LIDAR_INTERVAL previous_synchronized_end_ns=1701245250391652611 current_scan_start_ns=1701245250391338587 current_scan_end_ns=1701245250423973587 overlap_duration_ns=314024 scan_index=1082,1785256522756811525,false,34759,0.041396,16989504,6273,1085,7814,TRACKING,0.729032,791,46575
1926,1.000000,1086,sensor_time,/home/letandat/Dev/uav-navigation/src/navigation_estimator/fast_lio_ros/config/mid360_mutual_avoidance_uav1.yaml,ee37646f3b4668f13cad1febce5b79dcaa5f896c91709a9ca80740c72dcb0a3e,6276,1086,true,764,1,763,0.998691,0.000000,0.000000,0.001226,true,881,CORRECTED,0.000164,33968,13,0,4,1701245250458144930,0,SUCCEEDED,3919,68903,2,1701245250458144930,292,true,212,358,12,1086,LIDAR_CORRECTION_CONVERGED,1785256522816810208,true,29482,0.044699,16989504,6283,1087,7814,TRACKING,0.729282,792,40085
2539,1.000000,1087,sensor_time,/home/letandat/Dev/uav-navigation/src/navigation_estimator/fast_lio_ros/config/mid360_mutual_avoidance_uav1.yaml,ee37646f3b4668f13cad1febce5b79dcaa5f896c91709a9ca80740c72dcb0a3e,6282,1087,true,765,1,764,0.998693,0.000000,0.000000,0.001202,true,1148,CORRECTED,0.000040,41982,8,0,4,1701245250491201904,0,SUCCEEDED,3659,69232,2,1701245250491201904,292,true,142,446,12,1087,LIDAR_CORRECTION_CONVERGED,1785256522865198954,true,36004,0.038405,16989504,6292,1088,7814,TRACKING,0.729531,793,47852
2539,1.000000,1088,,/home/letandat/Dev/uav-navigation/src/navigation_estimator/fast_lio_ros/config/mid360_mutual_avoidance_uav1.yaml,ee37646f3b4668f13cad1febce5b79dcaa5f896c91709a9ca80740c72dcb0a3e,6287,1088,false,765,1,764,0.998693,0.000000,0.000000,0.001202,true,1148,UNAVAILABLE,0.000040,41982,8,0,4,1701245250491201904,1,NOT_ATTEMPTED,3659,69232,2,-1,293,false,142,446,12,1088,OVERLAPPING_LIDAR_INTERVAL previous_synchronized_end_ns=1701245250491201904 current_scan_start_ns=1701245250490971327 current_scan_end_ns=1701245250523606327 overlap_duration_ns=230577 scan_index=1085,1785256522865233481,false,36004,0.038405,16989504,6292,1088,7814,TRACKING,0.728860,793,47852
1757,1.000000,1089,sensor_time,/home/letandat/Dev/uav-navigation/src/navigation_estimator/fast_lio_ros/config/mid360_mutual_avoidance_uav1.yaml,ee37646f3b4668f13cad1febce5b79dcaa5f896c91709a9ca80740c72dcb0a3e,6293,1089,true,766,1,765,0.998695,0.000000,0.000000,0.001192,true,867,CORRECTED,0.000168,23686,14,0,3,1701245250558002975,0,SUCCEEDED,3149,69467,2,1701245250558002975,293,true,226,406,12,1089,LIDAR_CORRECTION_CONVERGED,1785256522905954371,true,20629,0.044942,16989504,6298,1089,7814,TRACKING,0.729109,794,29222
2510,1.000000,1090,sensor_time,/home/letandat/Dev/uav-navigation/src/navigation_estimator/fast_lio_ros/config/mid360_mutual_avoidance_uav1.yaml,ee37646f3b4668f13cad1febce5b79dcaa5f896c91709a9ca80740c72dcb0a3e,6299,1090,true,767,1,766,0.998696,0.000000,0.000000,0.001171,true,936,CORRECTED,0.000353,32045,7,0,3,1701245250591152933,0,SUCCEEDED,4515,69801,2,1701245250591152933,293,true,118,422,12,1090,LIDAR_CORRECTION_CONVERGED,1785256522948534209,true,27272,0.040043,16989504,6306,1091,7814,TRACKING,0.729358,795,38526
241,1.000000,1091,sensor_time,/home/letandat/Dev/uav-navigation/src/navigation_estimator/fast_lio_ros/config/mid360_mutual_avoidance_uav1.yaml,ee37646f3b4668f13cad1febce5b79dcaa5f896c91709a9ca80740c72dcb0a3e,6305,1091,true,768,1,767,0.998698,0.000000,0.000000,0.001175,true,1007,CORRECTED,0.000000,3809,8,0,3,1701245250625129488,0,SUCCEEDED,321,69817,2,1701245250625129488,293,true,137,104,12,1091,LIDAR_CORRECTION_CONVERGED,1785256522954653587,true,3370,0.040461,16989504,6307,1091,7814,TRACKING,0.729606,796,5840
241,1.000000,1092,,/home/letandat/Dev/uav-navigation/src/navigation_estimator/fast_lio_ros/config/mid360_mutual_avoidance_uav1.yaml,ee37646f3b4668f13cad1febce5b79dcaa5f896c91709a9ca80740c72dcb0a3e,6311,1092,false,768,1,767,0.998698,0.000000,0.000000,0.001175,true,1007,UNAVAILABLE,0.000000,3809,8,0,3,1701245250625129488,1,NOT_ATTEMPTED,321,69817,2,-1,294,false,137,104,12,1092,OVERLAPPING_LIDAR_INTERVAL previous_synchronized_end_ns=1701245250625129488 current_scan_start_ns=1701245250624810219 current_scan_end_ns=1701245250657445219 overlap_duration_ns=319269 scan_index=1089,1785256522975775784,false,3370,0.040461,16989504,6311,1092,7814,TRACKING,0.728938,796,5840
2565,1.000000,1093,sensor_time,/home/letandat/Dev/uav-navigation/src/navigation_estimator/fast_lio_ros/config/mid360_mutual_avoidance_uav1.yaml,ee37646f3b4668f13cad1febce5b79dcaa5f896c91709a9ca80740c72dcb0a3e,6316,1093,true,769,1,768,0.998700,0.000000,0.000000,0.001147,true,882,CORRECTED,0.000389,29818,14,0,3,1701245250691692856,0,SUCCEEDED,3201,70117,2,1701245250691692856,294,true,221,487,12,1093,LIDAR_CORRECTION_CONVERGED,1785256523045423294,true,25369,0.038582,16989504,6323,1094,7814,TRACKING,0.729186,797,35003
2565,1.000000,1094,,/home/letandat/Dev/uav-navigation/src/navigation_estimator/fast_lio_ros/config/mid360_mutual_avoidance_uav1.yaml,ee37646f3b4668f13cad1febce5b79dcaa5f896c91709a9ca80740c72dcb0a3e,6322,1094,false,769,1,768,0.998700,0.000000,0.000000,0.001147,true,882,UNAVAILABLE,0.000389,29818,14,0,3,1701245250691692856,1,NOT_ATTEMPTED,3201,70117,2,-1,295,false,221,487,12,1094,OVERLAPPING_LIDAR_INTERVAL previous_synchronized_end_ns=1701245250691692856 current_scan_start_ns=1701245250691330910 current_scan_end_ns=1701245250723965910 overlap_duration_ns=361946 scan_index=1091,1785256523045554562,false,25369,0.038582,16989504,6323,1094,7814,TRACKING,0.728519,797,35003
1522,1.000000,1095,sensor_time,/home/letandat/Dev/uav-navigation/src/navigation_estimator/fast_lio_ros/config/mid360_mutual_avoidance_uav1.yaml,ee37646f3b4668f13cad1febce5b79dcaa5f896c91709a9ca80740c72dcb0a3e,6328,1095,true,770,1,769,0.998701,0.000000,0.000000,0.001140,true,816,CORRECTED,0.000309,29225,13,0,4,1701245250758009460,0,SUCCEEDED,2720,70342,2,1701245250758009460,295,true,215,470,12,1095,LIDAR_CORRECTION_CONVERGED,1785256523110670511,true,25808,0.043991,16989504,6334,1096,7814,TRACKING,0.728767,798,34155
2660,1.000000,1096,sensor_time,/home/letandat/Dev/uav-navigation/src/navigation_estimator/fast_lio_ros/config/mid360_mutual_avoidance_uav1.yaml,ee37646f3b4668f13cad1febce5b79dcaa5f896c91709a9ca80740c72dcb0a3e,6334,1096,true,771,1,770,0.998703,0.000000,0.000000,0.001114,true,976,CORRECTED,0.000204,44371,8,0,4,1701245250791188505,0,SUCCEEDED,4031,70633,2,1701245250791188505,295,true,134,446,12,1096,LIDAR_CORRECTION_CONVERGED,1785256523170265915,true,37524,0.037377,16989504,6345,1097,8223,TRACKING,0.729015,799,58609
299,1.000000,1097,sensor_time,/home/letandat/Dev/uav-navigation/src/navigation_estimator/fast_lio_ros/config/mid360_mutual_avoidance_uav1.yaml,ee37646f3b4668f13cad1febce5b79dcaa5f896c91709a9ca80740c72dcb0a3e,6340,1097,true,772,1,771,0.998705,0.000000,0.000000,0.001118,true,1053,CORRECTED,0.000177,5324,8,0,3,1701245250825025347,0,SUCCEEDED,519,70657,2,1701245250825025347,295,true,145,147,12,1097,LIDAR_CORRECTION_CONVERGED,1785256523178964541,true,4763,0.046917,16989504,6346,1098,8223,TRACKING,0.729262,800,7716
1283,1.000000,1098,sensor_time,/home/letandat/Dev/uav-navigation/src/navigation_estimator/fast_lio_ros/config/mid360_mutual_avoidance_uav1.yaml,ee37646f3b4668f13cad1febce5b79dcaa5f896c91709a9ca80740c72dcb0a3e,6345,1098,true,773,1,772,0.998706,0.000000,0.000000,0.001110,true,1065,CORRECTED,0.000208,20433,8,0,3,1701245250857962158,0,SUCCEEDED,2546,70806,2,1701245250857962158,295,true,144,307,12,1098,LIDAR_CORRECTION_CONVERGED,1785256523204021095,true,18083,0.042791,16989504,6350,1098,8223,TRACKING,0.729508,801,24714
2588,1.000000,1099,sensor_time,/home/letandat/Dev/uav-navigation/src/navigation_estimator/fast_lio_ros/config/mid360_mutual_avoidance_uav1.yaml,ee37646f3b4668f13cad1febce5b79dcaa5f896c91709a9ca80740c72dcb0a3e,6351,1099,true,774,1,773,0.998708,0.000000,0.000000,0.001088,true,966,CORRECTED,0.000104,42737,7,0,4,1701245250891159323,0,SUCCEEDED,4209,71154,2,1701245250891159323,295,true,122,432,12,1099,LIDAR_CORRECTION_CONVERGED,1785256523258658606,true,36198,0.040030,16989504,6360,1100,8223,TRACKING,0.729754,802,48901
323,1.000000,1100,sensor_time,/home/letandat/Dev/uav-navigation/src/navigation_estimator/fast_lio_ros/config/mid360_mutual_avoidance_uav1.yaml,ee37646f3b4668f13cad1febce5b79dcaa5f896c91709a9ca80740c72dcb0a3e,6357,1100,true,775,1,774,0.998710,0.000000,0.000000,0.001092,true,1048,CORRECTED,0.000000,5831,8,0,3,1701245250925116565,0,SUCCEEDED,572,71177,2,1701245250925116565,295,true,147,139,12,1100,LIDAR_CORRECTION_CONVERGED,1785256523267229497,true,5241,0.040236,16989504,6361,1100,8223,TRACKING,0.730000,803,8311
323,1.000000,1101,,/home/letandat/Dev/uav-navigation/src/navigation_estimator/fast_lio_ros/config/mid360_mutual_avoidance_uav1.yaml,ee37646f3b4668f13cad1febce5b79dcaa5f896c91709a9ca80740c72dcb0a3e,6363,1101,false,775,1,774,0.998710,0.000000,0.000000,0.001092,true,1048,UNAVAILABLE,0.000000,5831,8,0,3,1701245250925116565,1,NOT_ATTEMPTED,572,71177,2,-1,296,false,147,139,12,1101,OVERLAPPING_LIDAR_INTERVAL previous_synchronized_end_ns=1701245250925116565 current_scan_start_ns=1701245250924725056 current_scan_end_ns=1701245250957360056 overlap_duration_ns=391509 scan_index=1098,1785256523275638966,false,5241,0.040236,16989504,6363,1101,8223,TRACKING,0.729337,803,8311
2704,1.000000,1102,sensor_time,/home/letandat/Dev/uav-navigation/src/navigation_estimator/fast_lio_ros/config/mid360_mutual_avoidance_uav1.yaml,ee37646f3b4668f13cad1febce5b79dcaa5f896c91709a9ca80740c72dcb0a3e,6369,1102,true,776,1,775,0.998711,0.000000,0.000000,0.001070,true,883,CORRECTED,0.000514,35119,14,0,3,1701245250991642978,0,SUCCEEDED,4025,71515,2,1701245250991642978,296,true,241,511,12,1102,LIDAR_CORRECTION_CONVERGED,1785256523351351555,true,29955,0.037728,16989504,6376,1103,8223,TRACKING,0.729583,804,41236
2704,1.000000,1103,,/home/letandat/Dev/uav-navigation/src/navigation_estimator/fast_lio_ros/config/mid360_mutual_avoidance_uav1.yaml,ee37646f3b4668f13cad1febce5b79dcaa5f896c91709a9ca80740c72dcb0a3e,6374,1103,false,776,1,775,0.998711,0.000000,0.000000,0.001070,true,883,UNAVAILABLE,0.000514,35119,14,0,3,1701245250991642978,1,NOT_ATTEMPTED,4025,71515,2,-1,297,false,241,511,12,1103,OVERLAPPING_LIDAR_INTERVAL previous_synchronized_end_ns=1701245250991642978 current_scan_start_ns=1701245250991322279 current_scan_end_ns=1701245251023957279 overlap_duration_ns=320699 scan_index=1100,1785256523351516374,false,29955,0.037728,16989504,6376,1103,8223,TRACKING,0.728921,804,41236
983,1.000000,1104,sensor_time,/home/letandat/Dev/uav-navigation/src/navigation_estimator/fast_lio_ros/config/mid360_mutual_avoidance_uav1.yaml,ee37646f3b4668f13cad1febce5b79dcaa5f896c91709a9ca80740c72dcb0a3e,6380,1104,true,777,1,776,0.998713,0.000000,0.000000,0.001071,true,1902,CORRECTED,0.000221,18724,13,0,3,1701245251058040884,0,SUCCEEDED,2376,71654,2,1701245251058040884,297,true,371,388,12,1104,LIDAR_CORRECTION_CONVERGED,1785256523400881385,true,16812,0.049899,16989504,6384,1104,8223,TRACKING,0.729167,805,24557
2859,1.000000,1105,sensor_time,/home/letandat/Dev/uav-navigation/src/navigation_estimator/fast_lio_ros/config/mid360_mutual_avoidance_uav1.yaml,ee37646f3b4668f13cad1febce5b79dcaa5f896c91709a9ca80740c72dcb0a3e,6386,1105,true,778,1,777,0.998715,0.000000,0.000000,0.001046,true,1831,CORRECTED,0.000154,37454,8,0,3,1701245251091177490,0,SUCCEEDED,5342,72037,2,1701245251091177490,297,true,210,663,12,1105,LIDAR_CORRECTION_CONVERGED,1785256523455676101,true,31874,0.037529,16989504,6394,1106,8223,TRACKING,0.729412,806,46048
2859,1.000000,1106,,/home/letandat/Dev/uav-navigation/src/navigation_estimator/fast_lio_ros/config/mid360_mutual_avoidance_uav1.yaml,ee37646f3b4668f13cad1febce5b79dcaa5f896c91709a9ca80740c72dcb0a3e,6391,1106,false,778,1,777,0.998715,0.000000,0.000000,0.001046,true,1831,UNAVAILABLE,0.000154,37454,8,0,3,1701245251091177490,1,NOT_ATTEMPTED,5342,72037,2,-1,298,false,210,663,12,1106,OVERLAPPING_LIDAR_INTERVAL previous_synchronized_end_ns=1701245251091177490 current_scan_start_ns=1701245251091001987 current_scan_end_ns=1701245251123636987 overlap_duration_ns=175503 scan_index=1103,1785256523455833170,false,31874,0.037529,16989504,6394,1106,8223,TRACKING,0.728752,806,46048
902,1.000000,1107,sensor_time,/home/letandat/Dev/uav-navigation/src/navigation_estimator/fast_lio_ros/config/mid360_mutual_avoidance_uav1.yaml,ee37646f3b4668f13cad1febce5b79dcaa5f896c91709a9ca80740c72dcb0a3e,6397,1107,true,779,1,778,0.998716,0.000000,0.000000,0.001050,true,1875,CORRECTED,0.000368,14648,14,0,3,1701245251157314327,0,SUCCEEDED,2852,72134,2,1701245251157314327,298,true,365,398,12,1107,LIDAR_CORRECTION_CONVERGED,1785256523496249694,true,13144,0.046972,16989504,6401,1107,8223,TRACKING,0.728997,807,20619
2950,1.000000,1108,sensor_time,/home/letandat/Dev/uav-navigation/src/navigation_estimator/fast_lio_ros/config/mid360_mutual_avoidance_uav1.yaml,ee37646f3b4668f13cad1febce5b79dcaa5f896c91709a9ca80740c72dcb0a3e,6403,1108,true,780,1,779,0.998718,0.000000,0.000000,0.001029,true,1733,CORRECTED,0.000568,33977,7,0,3,1701245251191156414,0,SUCCEEDED,4359,72607,2,1701245251191156414,298,true,110,442,12,1108,LIDAR_CORRECTION_CONVERGED,1785256523551932094,true,28748,0.038817,16989504,6411,1109,8223,TRACKING,0.729242,808,41084
461,1.000000,1109,sensor_time,/home/letandat/Dev/uav-navigation/src/navigation_estimator/fast_lio_ros/config/mid360_mutual_avoidance_uav1.yaml,ee37646f3b4668f13cad1febce5b79dcaa5f896c91709a9ca80740c72dcb0a3e,6409,1109,true,781,1,780,0.998720,0.000000,0.000000,0.001032,true,948,CORRECTED,0.000043,7215,8,0,3,1701245251225122001,0,SUCCEEDED,709,72637,2,1701245251225122001,298,true,134,156,12,1109,LIDAR_CORRECTION_CONVERGED,1785256523570519176,true,6447,0.051719,16989504,6414,1109,7986,TRACKING,0.729486,809,17810
461,1.000000,1110,,/home/letandat/Dev/uav-navigation/src/navigation_estimator/fast_lio_ros/config/mid360_mutual_avoidance_uav1.yaml,ee37646f3b4668f13cad1febce5b79dcaa5f896c91709a9ca80740c72dcb0a3e,6415,1110,false,781,1,780,0.998720,0.000000,0.000000,0.001032,true,948,UNAVAILABLE,0.000043,7215,8,0,3,1701245251225122001,1,NOT_ATTEMPTED,709,72637,2,-1,299,false,134,156,12,1110,OVERLAPPING_LIDAR_INTERVAL previous_synchronized_end_ns=1701245251225122001 current_scan_start_ns=1701245251224686146 current_scan_end_ns=1701245251257321146 overlap_duration_ns=435855 scan_index=1107,1785256523575738235,false,6447,0.051719,16989504,6415,1110,7986,TRACKING,0.728829,809,17810
2906,1.000000,1111,sensor_time,/home/letandat/Dev/uav-navigation/src/navigation_estimator/fast_lio_ros/config/mid360_mutual_avoidance_uav1.yaml,ee37646f3b4668f13cad1febce5b79dcaa5f896c91709a9ca80740c72dcb0a3e,6421,1111,true,782,1,781,0.998721,0.000000,0.000000,0.001016,true,930,CORRECTED,0.000275,45888,14,0,4,1701245251291622904,0,SUCCEEDED,3917,73078,2,1701245251291622904,299,true,235,541,12,1111,LIDAR_CORRECTION_CONVERGED,1785256523662155414,true,38661,0.040437,16989504,6430,1112,7986,TRACKING,0.729073,810,51992
2906,1.000000,1112,,/home/letandat/Dev/uav-navigation/src/navigation_estimator/fast_lio_ros/config/mid360_mutual_avoidance_uav1.yaml,ee37646f3b4668f13cad1febce5b79dcaa5f896c91709a9ca80740c72dcb0a3e,6426,1112,false,782,1,781,0.998721,0.000000,0.000000,0.001016,true,930,UNAVAILABLE,0.000275,45888,14,0,4,1701245251291622904,1,NOT_ATTEMPTED,3917,73078,2,-1,300,false,235,541,12,1112,OVERLAPPING_LIDAR_INTERVAL previous_synchronized_end_ns=1701245251291622904 current_scan_start_ns=1701245251291342735 current_scan_end_ns=1701245251323977735 overlap_duration_ns=280169 scan_index=1109,1785256523662317564,false,38661,0.040437,16989504,6430,1112,7986,TRACKING,0.728417,810,51992
696,1.000000,1113,sensor_time,/home/letandat/Dev/uav-navigation/src/navigation_estimator/fast_lio_ros/config/mid360_mutual_avoidance_uav1.yaml,ee37646f3b4668f13cad1febce5b79dcaa5f896c91709a9ca80740c72dcb0a3e,6432,1113,true,783,1,782,0.998723,0.000000,0.000000,0.001022,true,869,CORRECTED,0.000105,9935,13,0,3,1701245251357998636,0,SUCCEEDED,1056,73135,2,1701245251357998636,300,true,207,200,12,1113,LIDAR_CORRECTION_CONVERGED,1785256523689074776,true,8843,0.043784,16989504,6435,1113,7986,TRACKING,0.728661,811,12823
3029,1.000000,1114,sensor_time,/home/letandat/Dev/uav-navigation/src/navigation_estimator/fast_lio_ros/config/mid360_mutual_avoidance_uav1.yaml,ee37646f3b4668f13cad1febce5b79dcaa5f896c91709a9ca80740c72dcb0a3e,6438,1114,true,784,1,783,0.998724,0.000000,0.000000,0.001001,true,879,CORRECTED,0.000051,47434,8,0,4,1701245251391217258,0,SUCCEEDED,4116,73622,2,1701245251391217258,300,true,154,452,12,1114,LIDAR_CORRECTION_CONVERGED,1785256523763273005,true,39537,0.040307,16989504,6447,1115,7986,TRACKING,0.728905,812,53451
3029,1.000000,1115,,/home/letandat/Dev/uav-navigation/src/navigation_estimator/fast_lio_ros/config/mid360_mutual_avoidance_uav1.yaml,ee37646f3b4668f13cad1febce5b79dcaa5f896c91709a9ca80740c72dcb0a3e,6444,1115,false,784,1,783,0.998724,0.000000,0.000000,0.001001,true,879,UNAVAILABLE,0.000051,47434,8,0,4,1701245251391217258,1,NOT_ATTEMPTED,4116,73622,2,-1,301,false,154,452,12,1115,OVERLAPPING_LIDAR_INTERVAL previous_synchronized_end_ns=1701245251391217258 current_scan_start_ns=1701245251391000032 current_scan_end_ns=1701245251423635032 overlap_duration_ns=217226 scan_index=1112,1785256523763400662,false,39537,0.040307,16989504,6447,1115,7986,TRACKING,0.728251,812,53451
602,1.000000,1116,sensor_time,/home/letandat/Dev/uav-navigation/src/navigation_estimator/fast_lio_ros/config/mid360_mutual_avoidance_uav1.yaml,ee37646f3b4668f13cad1febce5b79dcaa5f896c91709a9ca80740c72dcb0a3e,6449,1116,true,785,1,784,0.998726,0.000000,0.000000,0.001008,true,868,CORRECTED,0.000213,8784,14,0,3,1701245251457971361,0,SUCCEEDED,859,73690,2,1701245251457971361,301,true,244,190,12,1116,LIDAR_CORRECTION_CONVERGED,1785256523787970841,true,7830,0.053727,16989504,6452,1116,7986,TRACKING,0.728495,813,11570
2828,1.000000,1117,sensor_time,/home/letandat/Dev/uav-navigation/src/navigation_estimator/fast_lio_ros/config/mid360_mutual_avoidance_uav1.yaml,ee37646f3b4668f13cad1febce5b79dcaa5f896c91709a9ca80740c72dcb0a3e,6455,1117,true,786,1,785,0.998728,0.000000,0.000000,0.000989,true,884,CORRECTED,0.000146,44066,8,0,4,1701245251491147306,0,SUCCEEDED,4980,74185,2,1701245251491147306,301,true,137,425,12,1117,LIDAR_CORRECTION_CONVERGED,1785256523860846281,true,37156,0.040966,16989504,6464,1118,7986,TRACKING,0.728738,814,50969
715,1.000000,1118,sensor_time,/home/letandat/Dev/uav-navigation/src/navigation_estimator/fast_lio_ros/config/mid360_mutual_avoidance_uav1.yaml,ee37646f3b4668f13cad1febce5b79dcaa5f896c91709a9ca80740c72dcb0a3e,6461,1118,true,787,1,786,0.998729,0.000000,0.000000,0.000991,true,1554,CORRECTED,0.000112,10825,8,0,3,1701245251525126245,0,SUCCEEDED,1177,74237,2,1701245251525126245,301,true,204,336,12,1118,LIDAR_CORRECTION_CONVERGED,1785256523875588531,true,9662,0.043945,16989504,6467,1119,7986,TRACKING,0.728980,815,14404
715,1.000000,1119,,/home/letandat/Dev/uav-navigation/src/navigation_estimator/fast_lio_ros/config/mid360_mutual_avoidance_uav1.yaml,ee37646f3b4668f13cad1febce5b79dcaa5f896c91709a9ca80740c72dcb0a3e,6467,1119,false,787,1,786,0.998729,0.000000,0.000000,0.000991,true,1554,UNAVAILABLE,0.000112,10825,8,0,3,1701245251525126245,1,NOT_ATTEMPTED,1177,74237,2,-1,302,false,204,336,12,1119,OVERLAPPING_LIDAR_INTERVAL previous_synchronized_end_ns=1701245251525126245 current_scan_start_ns=1701245251524725437 current_scan_end_ns=1701245251557360437 overlap_duration_ns=400808 scan_index=1116,1785256523875763086,false,9662,0.043945,16989504,6467,1119,7986,TRACKING,0.728329,815,14404
2935,1.000000,1120,sensor_time,/home/letandat/Dev/uav-navigation/src/navigation_estimator/fast_lio_ros/config/mid360_mutual_avoidance_uav1.yaml,ee37646f3b4668f13cad1febce5b79dcaa5f896c91709a9ca80740c72dcb0a3e,6473,1120,true,788,1,787,0.998731,0.000000,0.000000,0.000978,true,961,CORRECTED,0.000315,34876,13,0,3,1701245251591656950,0,SUCCEEDED,4327,74729,2,1701245251591656950,302,true,230,454,12,1120,LIDAR_CORRECTION_CONVERGED,1785256523951314893,true,29568,0.042349,16989504,6480,1121,7986,TRACKING,0.728571,816,41339
2935,1.000000,1121,,/home/letandat/Dev/uav-navigation/src/navigation_estimator/fast_lio_ros/config/mid360_mutual_avoidance_uav1.yaml,ee37646f3b4668f13cad1febce5b79dcaa5f896c91709a9ca80740c72dcb0a3e,6478,1121,false,788,1,787,0.998731,0.000000,0.000000,0.000978,true,961,UNAVAILABLE,0.000315,34876,13,0,3,1701245251591656950,1,NOT_ATTEMPTED,4327,74729,2,-1,303,false,230,454,12,1121,OVERLAPPING_LIDAR_INTERVAL previous_synchronized_end_ns=1701245251591656950 current_scan_start_ns=1701245251591320276 current_scan_end_ns=1701245251623955276 overlap_duration_ns=336674 scan_index=1118,1785256523951466001,false,29568,0.042349,16989504,6480,1121,7986,TRACKING,0.727921,816,41339
411,1.000000,1122,sensor_time,/home/letandat/Dev/uav-navigation/src/navigation_estimator/fast_lio_ros/config/mid360_mutual_avoidance_uav1.yaml,ee37646f3b4668f13cad1febce5b79dcaa5f896c91709a9ca80740c72dcb0a3e,6484,1122,true,789,1,788,0.998733,0.000000,0.000000,0.000987,true,871,CORRECTED,0.000498,6173,14,0,3,1701245251658021000,0,SUCCEEDED,553,74759,2,1701245251658021000,303,true,243,149,12,1122,LIDAR_CORRECTION_CONVERGED,1785256523984886135,true,5533,0.042365,16989504,6486,1122,7986,TRACKING,0.728164,817,8560
2794,1.000000,1123,sensor_time,/home/letandat/Dev/uav-navigation/src/navigation_estimator/fast_lio_ros/config/mid360_mutual_avoidance_uav1.yaml,ee37646f3b4668f13cad1febce5b79dcaa5f896c91709a9ca80740c72dcb0a3e,6490,1123,true,790,1,789,0.998734,0.000000,0.000000,0.000968,true,928,CORRECTED,0.000352,31688,7,0,3,1701245251691204574,0,SUCCEEDED,3729,75234,2,1701245251691204574,303,true,116,458,12,1123,LIDAR_CORRECTION_CONVERGED,1785256524047043863,true,26595,0.042008,16989504,6497,1124,7986,TRACKING,0.728406,818,37328
883,1.000000,1124,sensor_time,/home/letandat/Dev/uav-navigation/src/navigation_estimator/fast_lio_ros/config/mid360_mutual_avoidance_uav1.yaml,ee37646f3b4668f13cad1febce5b79dcaa5f896c91709a9ca80740c72dcb0a3e,6496,1124,true,791,1,790,0.998736,0.000000,0.000000,0.000968,true,1010,CORRECTED,0.000246,14112,8,0,3,1701245251724988725,0,SUCCEEDED,1623,75321,2,1701245251724988725,303,true,135,245,12,1124,LIDAR_CORRECTION_CONVERGED,1785256524073204350,true,12540,0.046414,16989504,6501,1124,8191,TRACKING,0.728648,819,25701
883,1.000000,1125,,/home/letandat/Dev/uav-navigation/src/navigation_estimator/fast_lio_ros/config/mid360_mutual_avoidance_uav1.yaml,ee37646f3b4668f13cad1febce5b79dcaa5f896c91709a9ca80740c72dcb0a3e,6502,1125,false,791,1,790,0.998736,0.000000,0.000000,0.000968,true,1010,UNAVAILABLE,0.000246,14112,8,0,3,1701245251724988725,1,NOT_ATTEMPTED,1623,75321,2,-1,304,false,135,245,12,1125,OVERLAPPING_LIDAR_INTERVAL previous_synchronized_end_ns=1701245251724988725 current_scan_start_ns=1701245251724738598 current_scan_end_ns=1701245251757373598 overlap_duration_ns=250127 scan_index=1122,1785256524075634873,false,12540,0.046414,16989504,6502,1125,8191,TRACKING,0.728000,819,25701
2792,1.000000,1126,sensor_time,/home/letandat/Dev/uav-navigation/src/navigation_estimator/fast_lio_ros/config/mid360_mutual_avoidance_uav1.yaml,ee37646f3b4668f13cad1febce5b79dcaa5f896c91709a9ca80740c72dcb0a3e,6507,1126,true,792,1,791,0.998737,0.000000,0.000000,0.000957,true,874,CORRECTED,0.000140,42844,14,0,4,1701245251791175630,0,SUCCEEDED,4209,75793,2,1701245251791175630,304,true,224,419,12,1126,LIDAR_CORRECTION_CONVERGED,1785256524159143935,true,36650,0.044268,16989504,6516,1127,8191,TRACKING,0.728242,820,49059
927,1.000000,1127,sensor_time,/home/letandat/Dev/uav-navigation/src/navigation_estimator/fast_lio_ros/config/mid360_mutual_avoidance_uav1.yaml,ee37646f3b4668f13cad1febce5b79dcaa5f896c91709a9ca80740c72dcb0a3e,6513,1127,true,793,1,792,0.998739,0.000000,0.000000,0.000958,true,1001,CORRECTED,0.000216,15137,8,0,3,1701245251825099495,0,SUCCEEDED,1632,75876,2,1701245251825099495,304,true,140,249,12,1127,LIDAR_CORRECTION_CONVERGED,1785256524177957692,true,13442,0.044901,16989504,6519,1128,8191,TRACKING,0.728483,821,18493
927,1.000000,1128,,/home/letandat/Dev/uav-navigation/src/navigation_estimator/fast_lio_ros/config/mid360_mutual_avoidance_uav1.yaml,ee37646f3b4668f13cad1febce5b79dcaa5f896c91709a9ca80740c72dcb0a3e,6519,1128,false,793,1,792,0.998739,0.000000,0.000000,0.000958,true,1001,UNAVAILABLE,0.000216,15137,8,0,3,1701245251825099495,1,NOT_ATTEMPTED,1632,75876,2,-1,305,false,140,249,12,1128,OVERLAPPING_LIDAR_INTERVAL previous_synchronized_end_ns=1701245251825099495 current_scan_start_ns=1701245251824902058 current_scan_end_ns=1701245251857537058 overlap_duration_ns=197437 scan_index=1125,1785256524177988550,false,13442,0.044901,16989504,6520,1128,8191,TRACKING,0.727837,821,18493
2498,1.000000,1129,sensor_time,/home/letandat/Dev/uav-navigation/src/navigation_estimator/fast_lio_ros/config/mid360_mutual_avoidance_uav1.yaml,ee37646f3b4668f13cad1febce5b79dcaa5f896c91709a9ca80740c72dcb0a3e,6525,1129,true,794,1,793,0.998741,0.000000,0.000000,0.000949,true,1062,CORRECTED,0.000388,33450,13,0,3,1701245251891674783,0,SUCCEEDED,4240,76275,2,1701245251891674783,305,true,268,464,12,1129,LIDAR_CORRECTION_CONVERGED,1785256524250093414,true,28815,0.043153,16989504,6532,1130,8191,TRACKING,0.728078,822,39922
2498,1.000000,1130,,/home/letandat/Dev/uav-navigation/src/navigation_estimator/fast_lio_ros/config/mid360_mutual_avoidance_uav1.yaml,ee37646f3b4668f13cad1febce5b79dcaa5f896c91709a9ca80740c72dcb0a3e,6530,1130,false,794,1,793,0.998741,0.000000,0.000000,0.000949,true,1062,UNAVAILABLE,0.000388,33450,13,0,3,1701245251891674783,1,NOT_ATTEMPTED,4240,76275,2,-1,306,false,268,464,12,1130,OVERLAPPING_LIDAR_INTERVAL previous_synchronized_end_ns=1701245251891674783 current_scan_start_ns=1701245251891322851 current_scan_end_ns=1701245251923957851 overlap_duration_ns=351932 scan_index=1127,1785256524250213082,false,28815,0.043153,16989504,6532,1130,8191,TRACKING,0.727434,822,39922
253,1.000000,1131,sensor_time,/home/letandat/Dev/uav-navigation/src/navigation_estimator/fast_lio_ros/config/mid360_mutual_avoidance_uav1.yaml,ee37646f3b4668f13cad1febce5b79dcaa5f896c91709a9ca80740c72dcb0a3e,6536,1131,true,795,1,794,0.998742,0.000000,0.000000,0.000960,true,1779,CORRECTED,0.000112,4852,14,0,3,1701245251957986143,0,SUCCEEDED,423,76296,2,1701245251957986143,306,true,378,144,12,1131,LIDAR_CORRECTION_CONVERGED,1785256524284126820,true,4179,0.045649,16989504,6538,1131,8191,TRACKING,0.727675,823,7888
2282,1.000000,1132,sensor_time,/home/letandat/Dev/uav-navigation/src/navigation_estimator/fast_lio_ros/config/mid360_mutual_avoidance_uav1.yaml,ee37646f3b4668f13cad1febce5b79dcaa5f896c91709a9ca80740c72dcb0a3e,6542,1132,true,796,1,795,0.998744,0.000000,0.000000,0.000945,true,1474,CORRECTED,0.000396,27616,7,0,3,1701245251991191652,0,SUCCEEDED,3369,76606,2,1701245251991191652,306,true,174,386,12,1132,LIDAR_CORRECTION_CONVERGED,1785256524343034334,true,23846,0.040230,16989504,6548,1133,8191,TRACKING,0.727915,824,33359
2282,1.000000,1133,,/home/letandat/Dev/uav-navigation/src/navigation_estimator/fast_lio_ros/config/mid360_mutual_avoidance_uav1.yaml,ee37646f3b4668f13cad1febce5b79dcaa5f896c91709a9ca80740c72dcb0a3e,6548,1133,false,796,1,795,0.998744,0.000000,0.000000,0.000945,true,1474,UNAVAILABLE,0.000396,27616,7,0,3,1701245251991191652,1,NOT_ATTEMPTED,3369,76606,2,-1,307,false,174,386,12,1133,OVERLAPPING_LIDAR_INTERVAL previous_synchronized_end_ns=1701245251991191652 current_scan_start_ns=1701245251991057873 current_scan_end_ns=1701245252023692873 overlap_duration_ns=133779 scan_index=1130,1785256524343086033,false,23846,0.040230,16989504,6548,1133,8191,TRACKING,0.727273,824,33359
200,1.000000,1134,sensor_time,/home/letandat/Dev/uav-navigation/src/navigation_estimator/fast_lio_ros/config/mid360_mutual_avoidance_uav1.yaml,ee37646f3b4668f13cad1febce5b79dcaa5f896c91709a9ca80740c72dcb0a3e,6554,1134,true,797,1,796,0.998745,0.000000,0.000000,0.000956,true,929,CORRECTED,0.000072,2939,14,0,3,1701245252057982233,0,SUCCEEDED,252,76619,2,1701245252057982233,307,true,250,107,12,1134,LIDAR_CORRECTION_CONVERGED,1785256524381011306,true,2598,0.046400,16989504,6555,1134,8191,TRACKING,0.727513,825,4749
2215,1.000000,1135,sensor_time,/home/letandat/Dev/uav-navigation/src/navigation_estimator/fast_lio_ros/config/mid360_mutual_avoidance_uav1.yaml,ee37646f3b4668f13cad1febce5b79dcaa5f896c91709a9ca80740c72dcb0a3e,6560,1135,true,798,1,797,0.998747,0.000000,0.000000,0.000940,true,926,CORRECTED,0.000406,36349,8,0,4,1701245252091183927,0,SUCCEEDED,3297,76915,2,1701245252091183927,307,true,131,374,12,1135,LIDAR_CORRECTION_CONVERGED,1785256524451101136,true,31342,0.043253,16989504,6567,1136,8191,TRACKING,0.727753,826,41376
1243,1.000000,1136,sensor_time,/home/letandat/Dev/uav-navigation/src/navigation_estimator/fast_lio_ros/config/mid360_mutual_avoidance_uav1.yaml,ee37646f3b4668f13cad1febce5b79dcaa5f896c91709a9ca80740c72dcb0a3e,6566,1136,true,799,1,798,0.998748,0.000000,0.000000,0.000938,true,1002,CORRECTED,0.000170,18609,8,0,3,1701245252125083950,0,SUCCEEDED,2245,77073,2,1701245252125083950,307,true,148,279,12,1136,LIDAR_CORRECTION_CONVERGED,1785256524473988936,true,16412,0.045991,16989504,6571,1136,8191,TRACKING,0.727993,827,22613
1243,1.000000,1137,,/home/letandat/Dev/uav-navigation/src/navigation_estimator/fast_lio_ros/config/mid360_mutual_avoidance_uav1.yaml,ee37646f3b4668f13cad1febce5b79dcaa5f896c91709a9ca80740c72dcb0a3e,6571,1137,false,799,1,798,0.998748,0.000000,0.000000,0.000938,true,1002,UNAVAILABLE,0.000170,18609,8,0,3,1701245252125083950,1,NOT_ATTEMPTED,2245,77073,2,-1,308,false,148,279,12,1137,OVERLAPPING_LIDAR_INTERVAL previous_synchronized_end_ns=1701245252125083950 current_scan_start_ns=1701245252124790192 current_scan_end_ns=1701245252157425192 overlap_duration_ns=293758 scan_index=1134,1785256524475650102,false,16412,0.045991,16989504,6571,1137,8191,TRACKING,0.727353,827,22613
1956,1.000000,1138,sensor_time,/home/letandat/Dev/uav-navigation/src/navigation_estimator/fast_lio_ros/config/mid360_mutual_avoidance_uav1.yaml,ee37646f3b4668f13cad1febce5b79dcaa5f896c91709a9ca80740c72dcb0a3e,6577,1138,true,800,1,799,0.998750,0.000000,0.000000,0.000935,true,868,CORRECTED,0.000113,31670,13,0,4,1701245252191711214,0,SUCCEEDED,3229,77324,2,1701245252191711214,308,true,240,376,12,1138,LIDAR_CORRECTION_CONVERGED,1785256524546852550,true,27571,0.041091,16989504,6584,1139,8191,TRACKING,0.727592,828,36780
1956,1.000000,1139,,/home/letandat/Dev/uav-navigation/src/navigation_estimator/fast_lio_ros/config/mid360_mutual_avoidance_uav1.yaml,ee37646f3b4668f13cad1febce5b79dcaa5f896c91709a9ca80740c72dcb0a3e,6583,1139,false,800,1,799,0.998750,0.000000,0.000000,0.000935,true,868,UNAVAILABLE,0.000113,31670,13,0,4,1701245252191711214,1,NOT_ATTEMPTED,3229,77324,2,-1,309,false,240,376,12,1139,OVERLAPPING_LIDAR_INTERVAL previous_synchronized_end_ns=1701245252191711214 current_scan_start_ns=1701245252191324949 current_scan_end_ns=1701245252223959949 overlap_duration_ns=386265 scan_index=1136,1785256524547002000,false,27571,0.041091,16989504,6584,1139,8191,TRACKING,0.726953,828,36780
215,1.000000,1140,sensor_time,/home/letandat/Dev/uav-navigation/src/navigation_estimator/fast_lio_ros/config/mid360_mutual_avoidance_uav1.yaml,ee37646f3b4668f13cad1febce5b79dcaa5f896c91709a9ca80740c72dcb0a3e,6588,1140,true,801,1,800,0.998752,0.000000,0.000000,0.000946,true,867,CORRECTED,0.000024,2903,14,0,3,1701245252258103159,0,SUCCEEDED,247,77345,2,1701245252258103159,309,true,222,98,12,1140,LIDAR_CORRECTION_CONVERGED,1785256524589431680,true,2566,0.048928,16989504,6591,1140,8022,TRACKING,0.727193,829,12533
1890,1.000000,1141,sensor_time,/home/letandat/Dev/uav-navigation/src/navigation_estimator/fast_lio_ros/config/mid360_mutual_avoidance_uav1.yaml,ee37646f3b4668f13cad1febce5b79dcaa5f896c91709a9ca80740c72dcb0a3e,6594,1141,true,802,1,801,0.998753,0.000000,0.000000,0.000935,true,916,CORRECTED,0.000128,42492,8,0,5,1701245252291192796,0,SUCCEEDED,3710,77606,2,1701245252291192796,309,true,127,360,12,1141,LIDAR_CORRECTION_CONVERGED,1785256524657398138,true,36733,0.045067,16989504,6603,1142,8022,TRACKING,0.727432,830,47908
1581,1.000000,1142,sensor_time,/home/letandat/Dev/uav-navigation/src/navigation_estimator/fast_lio_ros/config/mid360_mutual_avoidance_uav1.yaml,ee37646f3b4668f13cad1febce5b79dcaa5f896c91709a9ca80740c72dcb0a3e,6600,1142,true,803,1,802,0.998755,0.000000,0.000000,0.000931,true,1126,CORRECTED,0.000310,21103,7,0,3,1701245252325129297,0,SUCCEEDED,2431,77777,2,1701245252325129297,309,true,134,327,12,1142,LIDAR_CORRECTION_CONVERGED,1785256524683197810,true,18515,0.043285,16989504,6607,1143,8022,TRACKING,0.727671,831,25483
215,1.000000,1143,sensor_time,/home/letandat/Dev/uav-navigation/src/navigation_estimator/fast_lio_ros/config/mid360_mutual_avoidance_uav1.yaml,ee37646f3b4668f13cad1febce5b79dcaa5f896c91709a9ca80740c72dcb0a3e,6606,1143,true,804,1,803,0.998756,0.000000,0.000000,0.000936,true,884,CORRECTED,0.000025,2758,8,0,3,1701245252357958820,0,SUCCEEDED,242,77795,2,1701245252357958820,309,true,128,90,12,1143,LIDAR_CORRECTION_CONVERGED,1785256524687656698,true,2408,0.046195,16989504,6608,1143,8022,TRACKING,0.727909,832,4258
1776,1.000000,1144,sensor_time,/home/letandat/Dev/uav-navigation/src/navigation_estimator/fast_lio_ros/config/mid360_mutual_avoidance_uav1.yaml,ee37646f3b4668f13cad1febce5b79dcaa5f896c91709a9ca80740c72dcb0a3e,6612,1144,true,805,1,804,0.998758,0.000000,0.000000,0.000929,true,878,CORRECTED,0.000136,22369,8,0,3,1701245252391156223,0,SUCCEEDED,2784,78020,2,1701245252391156223,309,true,132,328,12,1144,LIDAR_CORRECTION_CONVERGED,1785256524736186084,true,19325,0.043705,16989504,6617,1144,8022,TRACKING,0.728147,833,26779
1560,1.000000,1145,sensor_time,/home/letandat/Dev/uav-navigation/src/navigation_estimator/fast_lio_ros/config/mid360_mutual_avoidance_uav1.yaml,ee37646f3b4668f13cad1febce5b79dcaa5f896c91709a9ca80740c72dcb0a3e,6618,1145,true,806,1,805,0.998759,0.000000,0.000000,0.000927,true,929,CORRECTED,0.000343,21196,8,0,3,1701245252425175216,0,SUCCEEDED,2697,78214,2,1701245252425175216,309,true,131,347,12,1145,LIDAR_CORRECTION_CONVERGED,1785256524769287866,true,18580,0.045517,16989504,6622,1145,8022,TRACKING,0.728384,834,25673
1560,1.000000,1146,,/home/letandat/Dev/uav-navigation/src/navigation_estimator/fast_lio_ros/config/mid360_mutual_avoidance_uav1.yaml,ee37646f3b4668f13cad1febce5b79dcaa5f896c91709a9ca80740c72dcb0a3e,6623,1146,false,806,1,805,0.998759,0.000000,0.000000,0.000927,true,929,UNAVAILABLE,0.000343,21196,8,0,3,1701245252425175216,1,NOT_ATTEMPTED,2697,78214,2,-1,310,false,131,347,12,1146,OVERLAPPING_LIDAR_INTERVAL previous_synchronized_end_ns=1701245252425175216 current_scan_start_ns=1701245252424726248 current_scan_end_ns=1701245252457361248 overlap_duration_ns=448968 scan_index=1143,1785256524775944732,false,18580,0.045517,16989504,6623,1146,8022,TRACKING,0.727749,834,25673
1813,1.000000,1147,sensor_time,/home/letandat/Dev/uav-navigation/src/navigation_estimator/fast_lio_ros/config/mid360_mutual_avoidance_uav1.yaml,ee37646f3b4668f13cad1febce5b79dcaa5f896c91709a9ca80740c72dcb0a3e,6629,1147,true,807,1,806,0.998761,0.000000,0.000000,0.000927,true,934,CORRECTED,0.000553,22542,13,0,3,1701245252491448667,0,SUCCEEDED,3010,78400,2,1701245252491448667,310,true,221,346,12,1147,LIDAR_CORRECTION_CONVERGED,1785256524837375028,true,19604,0.042843,16989504,6634,1147,8022,TRACKING,0.727986,835,27429
1813,1.000000,1148,,/home/letandat/Dev/uav-navigation/src/navigation_estimator/fast_lio_ros/config/mid360_mutual_avoidance_uav1.yaml,ee37646f3b4668f13cad1febce5b79dcaa5f896c91709a9ca80740c72dcb0a3e,6635,1148,false,807,1,806,0.998761,0.000000,0.000000,0.000927,true,934,UNAVAILABLE,0.000553,22542,13,0,3,1701245252491448667,1,NOT_ATTEMPTED,3010,78400,2,-1,311,false,221,346,12,1148,OVERLAPPING_LIDAR_INTERVAL previous_synchronized_end_ns=1701245252491448667 current_scan_start_ns=1701245252491332769 current_scan_end_ns=1701245252523967769 overlap_duration_ns=115898 scan_index=1145,1785256524842196175,false,19604,0.042843,16989504,6635,1148,8022,TRACKING,0.727352,835,27429
199,1.000000,1149,sensor_time,/home/letandat/Dev/uav-navigation/src/navigation_estimator/fast_lio_ros/config/mid360_mutual_avoidance_uav1.yaml,ee37646f3b4668f13cad1febce5b79dcaa5f896c91709a9ca80740c72dcb0a3e,6641,1149,true,808,1,807,0.998762,0.000000,0.000000,0.000938,true,889,CORRECTED,0.000000,2901,14,0,3,1701245252557997968,0,SUCCEEDED,269,78438,2,1701245252557997968,311,true,239,103,12,1149,LIDAR_CORRECTION_CONVERGED,1785256524881006324,true,2586,0.047607,16989504,6642,1149,8022,TRACKING,0.727589,836,4583
1666,1.000000,1150,sensor_time,/home/letandat/Dev/uav-navigation/src/navigation_estimator/fast_lio_ros/config/mid360_mutual_avoidance_uav1.yaml,ee37646f3b4668f13cad1febce5b79dcaa5f896c91709a9ca80740c72dcb0a3e,6646,1150,true,809,1,808,0.998764,0.000000,0.000000,0.000929,true,914,CORRECTED,0.000393,29841,8,0,4,1701245252591310766,0,SUCCEEDED,2685,78594,2,1701245252591310766,311,true,134,336,12,1150,LIDAR_CORRECTION_CONVERGED,1785256524944082108,true,26110,0.042129,16989504,6653,1151,8022,TRACKING,0.727826,837,34171
1666,1.000000,1151,,/home/letandat/Dev/uav-navigation/src/navigation_estimator/fast_lio_ros/config/mid360_mutual_avoidance_uav1.yaml,ee37646f3b4668f13cad1febce5b79dcaa5f896c91709a9ca80740c72dcb0a3e,6652,1151,false,809,1,808,0.998764,0.000000,0.000000,0.000929,true,914,UNAVAILABLE,0.000393,29841,8,0,4,1701245252591310766,1,NOT_ATTEMPTED,2685,78594,2,-1,312,false,134,336,12,1151,OVERLAPPING_LIDAR_INTERVAL previous_synchronized_end_ns=1701245252591310766 current_scan_start_ns=1701245252591027737 current_scan_end_ns=1701245252623662737 overlap_duration_ns=283029 scan_index=1148,1785256524944201712,false,26110,0.042129,16989504,6653,1151,8022,TRACKING,0.727194,837,34171
230,1.000000,1152,sensor_time,/home/letandat/Dev/uav-navigation/src/navigation_estimator/fast_lio_ros/config/mid360_mutual_avoidance_uav1.yaml,ee37646f3b4668f13cad1febce5b79dcaa5f896c91709a9ca80740c72dcb0a3e,6658,1152,true,810,1,809,0.998765,0.000000,0.000000,0.000940,true,867,CORRECTED,0.000056,2981,13,0,3,1701245252657973316,0,SUCCEEDED,323,78626,2,1701245252657973316,312,true,209,103,12,1152,LIDAR_CORRECTION_CONVERGED,1785256524981009841,true,2622,0.063583,16989504,6659,1152,8022,TRACKING,0.727431,838,4634
1674,1.000000,1153,sensor_time,/home/letandat/Dev/uav-navigation/src/navigation_estimator/fast_lio_ros/config/mid360_mutual_avoidance_uav1.yaml,ee37646f3b4668f13cad1febce5b79dcaa5f896c91709a9ca80740c72dcb0a3e,6664,1153,true,811,1,810,0.998767,0.000000,0.000000,0.000928,true,868,CORRECTED,0.000383,21529,8,0,3,1701245252691134479,0,SUCCEEDED,2457,78812,2,1701245252691134479,312,true,136,324,12,1153,LIDAR_CORRECTION_CONVERGED,1785256525044077341,true,18847,0.044938,16989504,6670,1154,8916,TRACKING,0.727667,839,34462
1834,1.000000,1154,sensor_time,/home/letandat/Dev/uav-navigation/src/navigation_estimator/fast_lio_ros/config/mid360_mutual_avoidance_uav1.yaml,ee37646f3b4668f13cad1febce5b79dcaa5f896c91709a9ca80740c72dcb0a3e,6670,1154,true,812,1,811,0.998768,0.000000,0.000000,0.000921,true,1088,CORRECTED,0.000315,25644,8,0,3,1701245252725096252,0,SUCCEEDED,2905,79041,2,1701245252725096252,312,true,150,389,12,1154,LIDAR_CORRECTION_CONVERGED,1785256525075786223,true,22245,0.042179,16989504,6675,1154,8916,TRACKING,0.727903,840,30574
1834,1.000000,1155,,/home/letandat/Dev/uav-navigation/src/navigation_estimator/fast_lio_ros/config/mid360_mutual_avoidance_uav1.yaml,ee37646f3b4668f13cad1febce5b79dcaa5f896c91709a9ca80740c72dcb0a3e,6675,1155,false,812,1,811,0.998768,0.000000,0.000000,0.000921,true,1088,UNAVAILABLE,0.000315,25644,8,0,3,1701245252725096252,1,NOT_ATTEMPTED,2905,79041,2,-1,313,false,150,389,12,1155,OVERLAPPING_LIDAR_INTERVAL previous_synchronized_end_ns=1701245252725096252 current_scan_start_ns=1701245252724870920 current_scan_end_ns=1701245252757505920 overlap_duration_ns=225332 scan_index=1152,1785256525075892996,false,22245,0.042179,16989504,6675,1155,8916,TRACKING,0.727273,840,30574
1619,1.000000,1156,sensor_time,/home/letandat/Dev/uav-navigation/src/navigation_estimator/fast_lio_ros/config/mid360_mutual_avoidance_uav1.yaml,ee37646f3b4668f13cad1febce5b79dcaa5f896c91709a9ca80740c72dcb0a3e,6681,1156,true,813,1,812,0.998770,0.000000,0.000000,0.000922,true,913,CORRECTED,0.000186,21681,14,0,3,1701245252791641023,0,SUCCEEDED,2699,79218,2,1701245252791641023,313,true,222,323,12,1156,LIDAR_CORRECTION_CONVERGED,1785256525136413422,true,18835,0.048149,16989504,6686,1156,8916,TRACKING,0.727509,841,26240
1619,1.000000,1157,,/home/letandat/Dev/uav-navigation/src/navigation_estimator/fast_lio_ros/config/mid360_mutual_avoidance_uav1.yaml,ee37646f3b4668f13cad1febce5b79dcaa5f896c91709a9ca80740c72dcb0a3e,6687,1157,false,813,1,812,0.998770,0.000000,0.000000,0.000922,true,913,UNAVAILABLE,0.000186,21681,14,0,3,1701245252791641023,1,NOT_ATTEMPTED,2699,79218,2,-1,314,false,222,323,12,1157,OVERLAPPING_LIDAR_INTERVAL previous_synchronized_end_ns=1701245252791641023 current_scan_start_ns=1701245252791316509 current_scan_end_ns=1701245252823951509 overlap_duration_ns=324514 scan_index=1154,1785256525142394200,false,18835,0.048149,16989504,6687,1157,8916,TRACKING,0.726880,841,26240
315,1.000000,1158,sensor_time,/home/letandat/Dev/uav-navigation/src/navigation_estimator/fast_lio_ros/config/mid360_mutual_avoidance_uav1.yaml,ee37646f3b4668f13cad1febce5b79dcaa5f896c91709a9ca80740c72dcb0a3e,6693,1158,true,814,1,813,0.998771,0.000000,0.000000,0.000932,true,934,CORRECTED,0.000115,4340,13,0,3,1701245252858000067,0,SUCCEEDED,593,79276,2,1701245252858000067,314,true,232,116,12,1158,LIDAR_CORRECTION_CONVERGED,1785256525182818579,true,3863,0.063504,16989504,6694,1158,8916,TRACKING,0.727116,842,6391
1454,1.000000,1159,sensor_time,/home/letandat/Dev/uav-navigation/src/navigation_estimator/fast_lio_ros/config/mid360_mutual_avoidance_uav1.yaml,ee37646f3b4668f13cad1febce5b79dcaa5f896c91709a9ca80740c72dcb0a3e,6698,1159,true,815,1,814,0.998773,0.000000,0.000000,0.000923,true,877,CORRECTED,0.000698,19299,8,0,3,1701245252891159323,0,SUCCEEDED,3316,79436,2,1701245252891159323,314,true,119,315,12,1159,LIDAR_CORRECTION_CONVERGED,1785256525233930133,true,16993,0.046354,16989504,6703,1159,8916,TRACKING,0.727351,843,24140
1938,1.000000,1160,sensor_time,/home/letandat/Dev/uav-navigation/src/navigation_estimator/fast_lio_ros/config/mid360_mutual_avoidance_uav1.yaml,ee37646f3b4668f13cad1febce5b79dcaa5f896c91709a9ca80740c72dcb0a3e,6704,1160,true,816,1,815,0.998775,0.000000,0.000000,0.000916,true,981,CORRECTED,0.000086,31787,8,0,4,1701245252925171640,0,SUCCEEDED,3183,79640,2,1701245252925171640,314,true,133,343,12,1160,LIDAR_CORRECTION_CONVERGED,1785256525280648512,true,27397,0.039943,16989504,6711,1161,8916,TRACKING,0.727586,844,36818
336,1.000000,1161,sensor_time,/home/letandat/Dev/uav-navigation/src/navigation_estimator/fast_lio_ros/config/mid360_mutual_avoidance_uav1.yaml,ee37646f3b4668f13cad1febce5b79dcaa5f896c91709a9ca80740c72dcb0a3e,6710,1161,true,817,1,816,0.998776,0.000000,0.000000,0.000920,true,1009,CORRECTED,0.000095,5101,7,0,3,1701245252957942035,0,SUCCEEDED,628,79688,2,1701245252957942035,314,true,118,186,12,1161,LIDAR_CORRECTION_CONVERGED,1785256525288640491,true,4559,0.058320,16989504,6713,1161,8916,TRACKING,0.727821,845,7652
1354,1.000000,1162,sensor_time,/home/letandat/Dev/uav-navigation/src/navigation_estimator/fast_lio_ros/config/mid360_mutual_avoidance_uav1.yaml,ee37646f3b4668f13cad1febce5b79dcaa5f896c91709a9ca80740c72dcb0a3e,6717,1162,true,818,1,817,0.998778,0.000000,0.000000,0.000917,true,881,CORRECTED,0.000840,18070,9,0,3,1701245252991139200,0,SUCCEEDED,2565,79865,2,1701245252991139200,314,true,145,272,12,1162,LIDAR_CORRECTION_CONVERGED,1785256525331953823,true,15781,0.045911,16989504,6721,1162,8916,TRACKING,0.728055,846,22172
2005,1.000000,1163,sensor_time,/home/letandat/Dev/uav-navigation/src/navigation_estimator/fast_lio_ros/config/mid360_mutual_avoidance_uav1.yaml,ee37646f3b4668f13cad1febce5b79dcaa5f896c91709a9ca80740c72dcb0a3e,6723,1163,true,819,1,818,0.998779,0.000000,0.000000,0.000911,true,933,CORRECTED,0.000055,32355,8,0,4,1701245253025103834,0,SUCCEEDED,2905,80055,2,1701245253025103834,314,true,142,349,12,1163,LIDAR_CORRECTION_CONVERGED,1785256525380623213,true,27667,0.038494,16989504,6731,1164,8916,TRACKING,0.728289,847,37055
2005,1.000000,1164,,/home/letandat/Dev/uav-navigation/src/navigation_estimator/fast_lio_ros/config/mid360_mutual_avoidance_uav1.yaml,ee37646f3b4668f13cad1febce5b79dcaa5f896c91709a9ca80740c72dcb0a3e,6730,1164,false,819,1,818,0.998779,0.000000,0.000000,0.000911,true,933,UNAVAILABLE,0.000055,32355,8,0,4,1701245253025103834,1,NOT_ATTEMPTED,2905,80055,2,-1,315,false,142,349,12,1164,OVERLAPPING_LIDAR_INTERVAL previous_synchronized_end_ns=1701245253025103834 current_scan_start_ns=1701245253024717093 current_scan_end_ns=1701245253057352093 overlap_duration_ns=386741 scan_index=1161,1785256525380798037,false,27667,0.038494,16989504,6731,1164,8916,TRACKING,0.727663,847,37055
1323,1.000000,1165,sensor_time,/home/letandat/Dev/uav-navigation/src/navigation_estimator/fast_lio_ros/config/mid360_mutual_avoidance_uav1.yaml,ee37646f3b4668f13cad1febce5b79dcaa5f896c91709a9ca80740c72dcb0a3e,6737,1165,true,820,1,819,0.998780,0.000000,0.000000,0.000912,true,867,CORRECTED,0.000549,17349,16,0,3,1701245253091613081,0,SUCCEEDED,2427,80207,2,1701245253091613081,315,true,250,276,12,1165,LIDAR_CORRECTION_CONVERGED,1785256525431806699,true,15110,0.046366,16989504,6741,1165,8916,TRACKING,0.727897,848,21515
1323,1.000000,1166,,/home/letandat/Dev/uav-navigation/src/navigation_estimator/fast_lio_ros/config/mid360_mutual_avoidance_uav1.yaml,ee37646f3b4668f13cad1febce5b79dcaa5f896c91709a9ca80740c72dcb0a3e,6743,1166,false,820,1,819,0.998780,0.000000,0.000000,0.000912,true,867,UNAVAILABLE,0.000549,17349,16,0,3,1701245253091613081,1,NOT_ATTEMPTED,2427,80207,2,-1,316,false,250,276,12,1166,OVERLAPPING_LIDAR_INTERVAL previous_synchronized_end_ns=1701245253091613081 current_scan_start_ns=1701245253091357708 current_scan_end_ns=1701245253123992708 overlap_duration_ns=255373 scan_index=1163,1785256525442142747,false,15110,0.046366,16989504,6743,1166,8916,TRACKING,0.727273,848,21515
361,1.000000,1167,sensor_time,/home/letandat/Dev/uav-navigation/src/navigation_estimator/fast_lio_ros/config/mid360_mutual_avoidance_uav1.yaml,ee37646f3b4668f13cad1febce5b79dcaa5f896c91709a9ca80740c72dcb0a3e,6750,1167,true,821,1,820,0.998782,0.000000,0.000000,0.000921,true,871,CORRECTED,0.000334,5003,15,0,3,1701245253157990244,0,SUCCEEDED,623,80259,2,1701245253157990244,316,true,244,128,12,1167,LIDAR_CORRECTION_CONVERGED,1785256525491570966,true,4464,0.052638,16989504,6753,1167,8076,TRACKING,0.727506,849,15102
1169,1.000000,1168,sensor_time,/home/letandat/Dev/uav-navigation/src/navigation_estimator/fast_lio_ros/config/mid360_mutual_avoidance_uav1.yaml,ee37646f3b4668f13cad1febce5b79dcaa5f896c91709a9ca80740c72dcb0a3e,6757,1168,true,822,1,821,0.998783,0.000000,0.000000,0.000914,true,871,CORRECTED,0.000135,15549,9,0,3,1701245253191200998,0,SUCCEEDED,1859,80421,2,1701245253191200998,316,true,141,249,12,1168,LIDAR_CORRECTION_CONVERGED,1785256525528450007,true,13692,0.046716,16989504,6761,1168,8076,TRACKING,0.727740,850,18852
1169,1.000000,1169,,/home/letandat/Dev/uav-navigation/src/navigation_estimator/fast_lio_ros/config/mid360_mutual_avoidance_uav1.yaml,ee37646f3b4668f13cad1febce5b79dcaa5f896c91709a9ca80740c72dcb0a3e,6763,1169,false,822,1,821,0.998783,0.000000,0.000000,0.000914,true,871,UNAVAILABLE,0.000135,15549,9,0,3,1701245253191200998,1,NOT_ATTEMPTED,1859,80421,2,-1,317,false,141,249,12,1169,OVERLAPPING_LIDAR_INTERVAL previous_synchronized_end_ns=1701245253191200998 current_scan_start_ns=1701245253190988302 current_scan_end_ns=1701245253223623302 overlap_duration_ns=212696 scan_index=1166,1785256525541911579,false,13692,0.046716,16989504,6763,1169,8076,TRACKING,0.727117,850,18852
412,1.000000,1170,sensor_time,/home/letandat/Dev/uav-navigation/src/navigation_estimator/fast_lio_ros/config/mid360_mutual_avoidance_uav1.yaml,ee37646f3b4668f13cad1febce5b79dcaa5f896c91709a9ca80740c72dcb0a3e,6770,1170,true,823,1,822,0.998785,0.000000,0.000000,0.000921,true,867,CORRECTED,0.000021,5644,15,0,3,1701245253257952955,0,SUCCEEDED,572,80481,2,1701245253257952955,317,true,263,139,12,1170,LIDAR_CORRECTION_CONVERGED,1785256525584023912,true,5042,0.049967,16989504,6771,1170,8076,TRACKING,0.727350,851,7615
1066,1.000000,1171,sensor_time,/home/letandat/Dev/uav-navigation/src/navigation_estimator/fast_lio_ros/config/mid360_mutual_avoidance_uav1.yaml,ee37646f3b4668f13cad1febce5b79dcaa5f896c91709a9ca80740c72dcb0a3e,6777,1171,true,824,1,823,0.998786,0.000000,0.000000,0.000913,true,905,CORRECTED,0.000428,14102,9,0,3,1701245253291143205,0,SUCCEEDED,1706,80624,2,1701245253291143205,317,true,146,243,12,1171,LIDAR_CORRECTION_CONVERGED,1785256525626886869,true,12467,0.049176,16989504,6780,1171,8076,TRACKING,0.727583,852,17271
2141,1.000000,1172,sensor_time,/home/letandat/Dev/uav-navigation/src/navigation_estimator/fast_lio_ros/config/mid360_mutual_avoidance_uav1.yaml,ee37646f3b4668f13cad1febce5b79dcaa5f896c91709a9ca80740c72dcb0a3e,6783,1172,true,825,1,824,0.998788,0.000000,0.000000,0.000898,true,886,CORRECTED,0.000348,32610,9,0,4,1701245253325078037,0,SUCCEEDED,2929,80826,2,1701245253325078037,317,true,137,376,12,1172,LIDAR_CORRECTION_CONVERGED,1785256525681214442,true,28059,0.040251,16989504,6791,1173,8076,TRACKING,0.727816,853,37317
2141,1.000000,1173,,/home/letandat/Dev/uav-navigation/src/navigation_estimator/fast_lio_ros/config/mid360_mutual_avoidance_uav1.yaml,ee37646f3b4668f13cad1febce5b79dcaa5f896c91709a9ca80740c72dcb0a3e,6790,1173,false,825,1,824,0.998788,0.000000,0.000000,0.000898,true,886,UNAVAILABLE,0.000348,32610,9,0,4,1701245253325078037,1,NOT_ATTEMPTED,2929,80826,2,-1,318,false,137,376,12,1173,OVERLAPPING_LIDAR_INTERVAL previous_synchronized_end_ns=1701245253325078037 current_scan_start_ns=1701245253324723244 current_scan_end_ns=1701245253357358244 overlap_duration_ns=354793 scan_index=1170,1785256525681276537,false,28059,0.040251,16989504,6791,1173,8076,TRACKING,0.727195,853,37317
1029,1.000000,1174,sensor_time,/home/letandat/Dev/uav-navigation/src/navigation_estimator/fast_lio_ros/config/mid360_mutual_avoidance_uav1.yaml,ee37646f3b4668f13cad1febce5b79dcaa5f896c91709a9ca80740c72dcb0a3e,6797,1174,true,826,1,825,0.998789,0.000000,0.000000,0.000901,true,871,CORRECTED,0.000183,18105,15,0,4,1701245253391663816,0,SUCCEEDED,1636,80957,2,1701245253391663816,318,true,243,291,12,1174,LIDAR_CORRECTION_CONVERGED,1785256525731927155,true,15869,0.050466,16989504,6801,1174,8076,TRACKING,0.727428,854,21498
1029,1.000000,1175,,/home/letandat/Dev/uav-navigation/src/navigation_estimator/fast_lio_ros/config/mid360_mutual_avoidance_uav1.yaml,ee37646f3b4668f13cad1febce5b79dcaa5f896c91709a9ca80740c72dcb0a3e,6803,1175,false,826,1,825,0.998789,0.000000,0.000000,0.000901,true,871,UNAVAILABLE,0.000183,18105,15,0,4,1701245253391663816,1,NOT_ATTEMPTED,1636,80957,2,-1,319,false,243,291,12,1175,OVERLAPPING_LIDAR_INTERVAL previous_synchronized_end_ns=1701245253391663816 current_scan_start_ns=1701245253391325474 current_scan_end_ns=1701245253423960474 overlap_duration_ns=338342 scan_index=1172,1785256525742466130,false,15869,0.050466,16989504,6803,1175,8076,TRACKING,0.726809,854,21498
587,1.000000,1176,sensor_time,/home/letandat/Dev/uav-navigation/src/navigation_estimator/fast_lio_ros/config/mid360_mutual_avoidance_uav1.yaml,ee37646f3b4668f13cad1febce5b79dcaa5f896c91709a9ca80740c72dcb0a3e,6810,1176,true,827,1,826,0.998791,0.000000,0.000000,0.000907,true,931,CORRECTED,0.000127,8521,15,0,3,1701245253458005216,0,SUCCEEDED,1372,81044,2,1701245253458005216,319,true,276,179,12,1176,LIDAR_CORRECTION_CONVERGED,1785256525787932391,true,7560,0.054728,16989504,6812,1176,8076,TRACKING,0.727041,855,11439
949,1.000000,1177,sensor_time,/home/letandat/Dev/uav-navigation/src/navigation_estimator/fast_lio_ros/config/mid360_mutual_avoidance_uav1.yaml,ee37646f3b4668f13cad1febce5b79dcaa5f896c91709a9ca80740c72dcb0a3e,6816,1177,true,828,1,827,0.998792,0.000000,0.000000,0.000904,true,883,CORRECTED,0.000269,12335,8,0,3,1701245253491185215,0,SUCCEEDED,1423,81170,2,1701245253491185215,319,true,124,235,12,1177,LIDAR_CORRECTION_CONVERGED,1785256525824944558,true,10844,0.050090,16989504,6819,1177,8076,TRACKING,0.727273,856,15179
2161,1.000000,1178,sensor_time,/home/letandat/Dev/uav-navigation/src/navigation_estimator/fast_lio_ros/config/mid360_mutual_avoidance_uav1.yaml,ee37646f3b4668f13cad1febce5b79dcaa5f896c91709a9ca80740c72dcb0a3e,6822,1178,true,829,1,828,0.998794,0.000000,0.000000,0.000890,true,863,CORRECTED,0.000021,32754,8,0,4,1701245253524920013,0,SUCCEEDED,2960,81345,2,1701245253524920013,319,true,119,359,12,1178,LIDAR_CORRECTION_CONVERGED,1785256525880610784,true,27950,0.035670,16989504,6828,1179,8076,TRACKING,0.727504,857,37387
674,1.000000,1179,sensor_time,/home/letandat/Dev/uav-navigation/src/navigation_estimator/fast_lio_ros/config/mid360_mutual_avoidance_uav1.yaml,ee37646f3b4668f13cad1febce5b79dcaa5f896c91709a9ca80740c72dcb0a3e,6827,1179,true,830,1,829,0.998795,0.000000,0.000000,0.000892,true,1024,CORRECTED,0.000272,11224,8,0,3,1701245253557969597,0,SUCCEEDED,1352,81442,2,1701245253557969597,319,true,151,195,12,1179,LIDAR_CORRECTION_CONVERGED,1785256525895005629,true,9929,0.047951,16989504,6830,1179,8076,TRACKING,0.727735,858,14172
808,1.000000,1180,sensor_time,/home/letandat/Dev/uav-navigation/src/navigation_estimator/fast_lio_ros/config/mid360_mutual_avoidance_uav1.yaml,ee37646f3b4668f13cad1febce5b79dcaa5f896c91709a9ca80740c72dcb0a3e,6833,1180,true,831,1,830,0.998797,0.000000,0.000000,0.000893,true,924,CORRECTED,0.000095,11343,7,0,3,1701245253591164139,0,SUCCEEDED,1276,81539,2,1701245253591164139,319,true,115,209,12,1180,LIDAR_CORRECTION_CONVERGED,1785256525932690859,true,10037,0.050730,16989504,6837,1180,8877,TRACKING,0.727966,859,22894
2086,1.000000,1181,sensor_time,/home/letandat/Dev/uav-navigation/src/navigation_estimator/fast_lio_ros/config/mid360_mutual_avoidance_uav1.yaml,ee37646f3b4668f13cad1febce5b79dcaa5f896c91709a9ca80740c72dcb0a3e,6838,1181,true,832,1,831,0.998798,0.000000,0.000000,0.000885,true,912,CORRECTED,0.000200,24379,8,0,3,1701245253625128534,0,SUCCEEDED,2774,81710,2,1701245253625128534,319,true,124,425,12,1181,LIDAR_CORRECTION_CONVERGED,1785256525972744872,true,20953,0.036856,16989504,6843,1181,8877,TRACKING,0.728196,860,28953
2086,1.000000,1182,,/home/letandat/Dev/uav-navigation/src/navigation_estimator/fast_lio_ros/config/mid360_mutual_avoidance_uav1.yaml,ee37646f3b4668f13cad1febce5b79dcaa5f896c91709a9ca80740c72dcb0a3e,6844,1182,false,832,1,831,0.998798,0.000000,0.000000,0.000885,true,912,UNAVAILABLE,0.000200,24379,8,0,3,1701245253625128534,1,NOT_ATTEMPTED,2774,81710,2,-1,320,false,124,425,12,1182,OVERLAPPING_LIDAR_INTERVAL previous_synchronized_end_ns=1701245253625128534 current_scan_start_ns=1701245253624878168 current_scan_end_ns=1701245253657513168 overlap_duration_ns=250366 scan_index=1179,1785256525975921411,false,20953,0.036856,16989504,6844,1182,8877,TRACKING,0.727580,860,28953
788,1.000000,1183,sensor_time,/home/letandat/Dev/uav-navigation/src/navigation_estimator/fast_lio_ros/config/mid360_mutual_avoidance_uav1.yaml,ee37646f3b4668f13cad1febce5b79dcaa5f896c91709a9ca80740c72dcb0a3e,6849,1183,true,833,1,832,0.998800,0.000000,0.000000,0.000892,true,867,CORRECTED,0.000423,10441,13,0,3,1701245253691820171,0,SUCCEEDED,1381,81810,2,1701245253691820171,320,true,215,208,12,1183,LIDAR_CORRECTION_CONVERGED,1785256526023574626,true,9185,0.045329,16989504,6852,1183,8877,TRACKING,0.727811,861,13376
788,1.000000,1184,,/home/letandat/Dev/uav-navigation/src/navigation_estimator/fast_lio_ros/config/mid360_mutual_avoidance_uav1.yaml,ee37646f3b4668f13cad1febce5b79dcaa5f896c91709a9ca80740c72dcb0a3e,6855,1184,false,833,1,832,0.998800,0.000000,0.000000,0.000892,true,867,UNAVAILABLE,0.000423,10441,13,0,3,1701245253691820171,1,NOT_ATTEMPTED,1381,81810,2,-1,321,false,215,208,12,1184,OVERLAPPING_LIDAR_INTERVAL previous_synchronized_end_ns=1701245253691820171 current_scan_start_ns=1701245253691350222 current_scan_end_ns=1701245253723985222 overlap_duration_ns=469949 scan_index=1181,1785256526042165525,false,9185,0.045329,16989504,6855,1184,8877,TRACKING,0.727196,861,13376
880,1.000000,1185,sensor_time,/home/letandat/Dev/uav-navigation/src/navigation_estimator/fast_lio_ros/config/mid360_mutual_avoidance_uav1.yaml,ee37646f3b4668f13cad1febce5b79dcaa5f896c91709a9ca80740c72dcb0a3e,6860,1185,true,834,1,833,0.998801,0.000000,0.000000,0.000897,true,1711,CORRECTED,0.000305,12192,13,0,3,1701245253758014944,0,SUCCEEDED,2760,81932,2,1701245253758014944,321,true,328,332,12,1185,LIDAR_CORRECTION_CONVERGED,1785256526093842381,true,10717,0.049719,16989504,6863,1185,8877,TRACKING,0.727426,862,17520
692,1.000000,1186,sensor_time,/home/letandat/Dev/uav-navigation/src/navigation_estimator/fast_lio_ros/config/mid360_mutual_avoidance_uav1.yaml,ee37646f3b4668f13cad1febce5b79dcaa5f896c91709a9ca80740c72dcb0a3e,6866,1186,true,835,1,834,0.998802,0.000000,0.000000,0.000896,true,1945,CORRECTED,0.000151,9521,7,0,3,1701245253791165855,0,SUCCEEDED,993,82017,2,1701245253791165855,321,true,122,179,12,1186,LIDAR_CORRECTION_CONVERGED,1785256526122677882,true,8395,0.048333,16989504,6868,1186,8877,TRACKING,0.727656,863,12968
692,1.000000,1187,,/home/letandat/Dev/uav-navigation/src/navigation_estimator/fast_lio_ros/config/mid360_mutual_avoidance_uav1.yaml,ee37646f3b4668f13cad1febce5b79dcaa5f896c91709a9ca80740c72dcb0a3e,6871,1187,false,835,1,834,0.998802,0.000000,0.000000,0.000896,true,1945,UNAVAILABLE,0.000151,9521,7,0,3,1701245253791165855,1,NOT_ATTEMPTED,993,82017,2,-1,322,false,122,179,12,1187,OVERLAPPING_LIDAR_INTERVAL previous_synchronized_end_ns=1701245253791165855 current_scan_start_ns=1701245253790998220 current_scan_end_ns=1701245253823633220 overlap_duration_ns=167635 scan_index=1184,1785256526142000080,false,8395,0.048333,16989504,6871,1187,8877,TRACKING,0.727043,863,12968
951,1.000000,1188,sensor_time,/home/letandat/Dev/uav-navigation/src/navigation_estimator/fast_lio_ros/config/mid360_mutual_avoidance_uav1.yaml,ee37646f3b4668f13cad1febce5b79dcaa5f896c91709a9ca80740c72dcb0a3e,6877,1188,true,836,1,835,0.998804,0.000000,0.000000,0.000897,true,869,CORRECTED,0.000146,16512,13,0,4,1701245253857962635,0,SUCCEEDED,1318,82118,2,1701245253857962635,322,true,207,205,12,1188,LIDAR_CORRECTION_CONVERGED,1785256526195594934,true,14393,0.045263,16989504,6880,1188,8877,TRACKING,0.727273,864,19317
573,1.000000,1189,sensor_time,/home/letandat/Dev/uav-navigation/src/navigation_estimator/fast_lio_ros/config/mid360_mutual_avoidance_uav1.yaml,ee37646f3b4668f13cad1febce5b79dcaa5f896c91709a9ca80740c72dcb0a3e,6883,1189,true,837,1,836,0.998805,0.000000,0.000000,0.000896,true,876,CORRECTED,0.000195,8071,8,0,3,1701245253891163137,0,SUCCEEDED,852,82193,2,1701245253891163137,322,true,123,168,12,1189,LIDAR_CORRECTION_CONVERGED,1785256526219902929,true,7159,0.046576,16989504,6884,1189,8877,TRACKING,0.727502,865,10248
2174,1.000000,1190,sensor_time,/home/letandat/Dev/uav-navigation/src/navigation_estimator/fast_lio_ros/config/mid360_mutual_avoidance_uav1.yaml,ee37646f3b4668f13cad1febce5b79dcaa5f896c91709a9ca80740c72dcb0a3e,6888,1190,true,838,1,837,0.998807,0.000000,0.000000,0.000869,true,889,CORRECTED,0.000265,33949,8,0,4,1701245253925088671,0,SUCCEEDED,2620,82373,2,1701245253925088671,322,true,136,414,12,1190,LIDAR_CORRECTION_CONVERGED,1785256526282207787,true,28981,0.038603,16989504,6895,1191,8877,TRACKING,0.727731,866,38351
2174,1.000000,1191,,/home/letandat/Dev/uav-navigation/src/navigation_estimator/fast_lio_ros/config/mid360_mutual_avoidance_uav1.yaml,ee37646f3b4668f13cad1febce5b79dcaa5f896c91709a9ca80740c72dcb0a3e,6894,1191,false,838,1,837,0.998807,0.000000,0.000000,0.000869,true,889,UNAVAILABLE,0.000265,33949,8,0,4,1701245253925088671,1,NOT_ATTEMPTED,2620,82373,2,-1,323,false,136,414,12,1191,OVERLAPPING_LIDAR_INTERVAL previous_synchronized_end_ns=1701245253925088671 current_scan_start_ns=1701245253924720764 current_scan_end_ns=1701245253957355764 overlap_duration_ns=367907 scan_index=1188,1785256526282244065,false,28981,0.038603,16989504,6895,1191,8877,TRACKING,0.727120,866,38351
506,1.000000,1192,sensor_time,/home/letandat/Dev/uav-navigation/src/navigation_estimator/fast_lio_ros/config/mid360_mutual_avoidance_uav1.yaml,ee37646f3b4668f13cad1febce5b79dcaa5f896c91709a9ca80740c72dcb0a3e,6899,1192,true,839,1,838,0.998808,0.000000,0.000000,0.000877,true,904,CORRECTED,0.000148,6889,13,0,3,1701245253991439369,0,SUCCEEDED,673,82417,2,1701245253991439369,323,true,221,155,12,1192,LIDAR_CORRECTION_CONVERGED,1785256526318951333,true,6065,0.043943,16989504,6901,1192,8877,TRACKING,0.727349,867,9065
506,1.000000,1193,,/home/letandat/Dev/uav-navigation/src/navigation_estimator/fast_lio_ros/config/mid360_mutual_avoidance_uav1.yaml,ee37646f3b4668f13cad1febce5b79dcaa5f896c91709a9ca80740c72dcb0a3e,6905,1193,false,839,1,838,0.998808,0.000000,0.000000,0.000877,true,904,UNAVAILABLE,0.000148,6889,13,0,3,1701245253991439369,1,NOT_ATTEMPTED,673,82417,2,-1,324,false,221,155,12,1193,OVERLAPPING_LIDAR_INTERVAL previous_synchronized_end_ns=1701245253991439369 current_scan_start_ns=1701245253991310835 current_scan_end_ns=1701245254023945835 overlap_duration_ns=128534 scan_index=1190,1785256526341932328,false,6065,0.043943,16989504,6905,1193,8877,TRACKING,0.726739,867,9065
1039,1.000000,1194,sensor_time,/home/letandat/Dev/uav-navigation/src/navigation_estimator/fast_lio_ros/config/mid360_mutual_avoidance_uav1.yaml,ee37646f3b4668f13cad1febce5b79dcaa5f896c91709a9ca80740c72dcb0a3e,6910,1194,true,840,1,839,0.998810,0.000000,0.000000,0.000876,true,861,CORRECTED,0.000254,13474,13,0,3,1701245254057998207,0,SUCCEEDED,1503,82536,2,1701245254057998207,324,true,214,227,12,1194,LIDAR_CORRECTION_CONVERGED,1785256526392934632,true,11820,0.044503,16989504,6913,1194,8877,TRACKING,0.726968,868,16492
408,1.000000,1195,sensor_time,/home/letandat/Dev/uav-navigation/src/navigation_estimator/fast_lio_ros/config/mid360_mutual_avoidance_uav1.yaml,ee37646f3b4668f13cad1febce5b79dcaa5f896c91709a9ca80740c72dcb0a3e,6916,1195,true,841,1,840,0.998811,0.000000,0.000000,0.000879,true,874,CORRECTED,0.000063,5685,7,0,3,1701245254091156986,0,SUCCEEDED,531,82560,2,1701245254091156986,324,true,112,156,12,1195,LIDAR_CORRECTION_CONVERGED,1785256526425594766,true,5066,0.040677,16989504,6919,1195,8350,TRACKING,0.727197,869,15837
2154,1.000000,1196,sensor_time,/home/letandat/Dev/uav-navigation/src/navigation_estimator/fast_lio_ros/config/mid360_mutual_avoidance_uav1.yaml,ee37646f3b4668f13cad1febce5b79dcaa5f896c91709a9ca80740c72dcb0a3e,6921,1196,true,842,1,841,0.998812,0.000000,0.000000,0.000855,true,872,CORRECTED,0.000385,34052,8,0,4,1701245254124953058,0,SUCCEEDED,2645,82744,2,1701245254124953058,324,true,127,356,12,1196,LIDAR_CORRECTION_CONVERGED,1785256526481888044,true,29126,0.039570,16989504,6928,1197,8350,TRACKING,0.727425,870,38372
1182,1.000000,1197,sensor_time,/home/letandat/Dev/uav-navigation/src/navigation_estimator/fast_lio_ros/config/mid360_mutual_avoidance_uav1.yaml,ee37646f3b4668f13cad1febce5b79dcaa5f896c91709a9ca80740c72dcb0a3e,6927,1197,true,843,1,842,0.998814,0.000000,0.000000,0.000853,true,1022,CORRECTED,0.000013,17509,7,0,3,1701245254157952574,0,SUCCEEDED,1935,82857,2,1701245254157952574,324,true,132,243,12,1197,LIDAR_CORRECTION_CONVERGED,1785256526503404422,true,15314,0.039346,16989504,6931,1197,8350,TRACKING,0.727652,871,21158
394,1.000000,1198,sensor_time,/home/letandat/Dev/uav-navigation/src/navigation_estimator/fast_lio_ros/config/mid360_mutual_avoidance_uav1.yaml,ee37646f3b4668f13cad1febce5b79dcaa5f896c91709a9ca80740c72dcb0a3e,6932,1198,true,844,1,843,0.998815,0.000000,0.000000,0.000857,true,946,CORRECTED,0.000001,5516,8,0,3,1701245254191150692,0,SUCCEEDED,517,82891,2,1701245254191150692,324,true,167,135,12,1198,LIDAR_CORRECTION_CONVERGED,1785256526516826736,true,4900,0.044852,16989504,6934,1198,8350,TRACKING,0.727880,872,7416
2038,1.000000,1199,sensor_time,/home/letandat/Dev/uav-navigation/src/navigation_estimator/fast_lio_ros/config/mid360_mutual_avoidance_uav1.yaml,ee37646f3b4668f13cad1febce5b79dcaa5f896c91709a9ca80740c72dcb0a3e,6938,1199,true,845,1,844,0.998817,0.000000,0.000000,0.000846,true,924,CORRECTED,0.000182,33955,7,0,4,1701245254225078371,0,SUCCEEDED,2742,83070,2,1701245254225078371,324,true,137,387,12,1199,LIDAR_CORRECTION_CONVERGED,1785256526581892721,true,29421,0.039952,16989504,6944,1200,8350,TRACKING,0.728107,873,38463
2038,1.000000,1200,,/home/letandat/Dev/uav-navigation/src/navigation_estimator/fast_lio_ros/config/mid360_mutual_avoidance_uav1.yaml,ee37646f3b4668f13cad1febce5b79dcaa5f896c91709a9ca80740c72dcb0a3e,6943,1200,false,845,1,844,0.998817,0.000000,0.000000,0.000846,true,924,UNAVAILABLE,0.000182,33955,7,0,4,1701245254225078371,1,NOT_ATTEMPTED,2742,83070,2,-1,325,false,137,387,12,1200,OVERLAPPING_LIDAR_INTERVAL previous_synchronized_end_ns=1701245254225078371 current_scan_start_ns=1701245254224720478 current_scan_end_ns=1701245254257355478 overlap_duration_ns=357893 scan_index=1197,1785256526581985466,false,29421,0.039952,16989504,6944,1200,8350,TRACKING,0.727500,873,38463
384,1.000000,1201,sensor_time,/home/letandat/Dev/uav-navigation/src/navigation_estimator/fast_lio_ros/config/mid360_mutual_avoidance_uav1.yaml,ee37646f3b4668f13cad1febce5b79dcaa5f896c91709a9ca80740c72dcb0a3e,6949,1201,true,846,1,845,0.998818,0.000000,0.000000,0.000856,true,937,CORRECTED,0.000165,4008,14,0,2,1701245254291641262,0,SUCCEEDED,544,83095,2,1701245254291641262,325,true,238,169,12,1201,LIDAR_CORRECTION_CONVERGED,1785256526616219192,true,3571,0.046285,16989504,6950,1201,8350,TRACKING,0.727727,874,6086
384,1.000000,1202,,/home/letandat/Dev/uav-navigation/src/navigation_estimator/fast_lio_ros/config/mid360_mutual_avoidance_uav1.yaml,ee37646f3b4668f13cad1febce5b79dcaa5f896c91709a9ca80740c72dcb0a3e,6954,1202,false,846,1,845,0.998818,0.000000,0.000000,0.000856,true,937,UNAVAILABLE,0.000165,4008,14,0,2,1701245254291641262,1,NOT_ATTEMPTED,544,83095,2,-1,326,false,238,169,12,1202,OVERLAPPING_LIDAR_INTERVAL previous_synchronized_end_ns=1701245254291641262 current_scan_start_ns=1701245254291323900 current_scan_end_ns=1701245254323958900 overlap_duration_ns=317362 scan_index=1199,1785256526642174276,false,3571,0.046285,16989504,6955,1202,8350,TRACKING,0.727121,874,6086
1304,1.000000,1203,sensor_time,/home/letandat/Dev/uav-navigation/src/navigation_estimator/fast_lio_ros/config/mid360_mutual_avoidance_uav1.yaml,ee37646f3b4668f13cad1febce5b79dcaa5f896c91709a9ca80740c72dcb0a3e,6960,1203,true,847,1,846,0.998819,0.000000,0.000000,0.000851,true,936,CORRECTED,0.000288,18898,13,0,3,1701245254358022001,0,SUCCEEDED,2167,83222,2,1701245254358022001,326,true,238,291,12,1203,LIDAR_CORRECTION_CONVERGED,1785256526699265390,true,16645,0.045877,16989504,6964,1203,8350,TRACKING,0.727348,875,22783
301,1.000000,1204,sensor_time,/home/letandat/Dev/uav-navigation/src/navigation_estimator/fast_lio_ros/config/mid360_mutual_avoidance_uav1.yaml,ee37646f3b4668f13cad1febce5b79dcaa5f896c91709a9ca80740c72dcb0a3e,6966,1204,true,848,1,847,0.998821,0.000000,0.000000,0.000855,true,932,CORRECTED,0.000032,4372,7,0,3,1701245254391158846,0,SUCCEEDED,372,83235,2,1701245254391158846,326,true,122,133,12,1204,LIDAR_CORRECTION_CONVERGED,1785256526715447658,true,3894,0.039066,16989504,6967,1204,8350,TRACKING,0.727575,876,6081
301,1.000000,1205,,/home/letandat/Dev/uav-navigation/src/navigation_estimator/fast_lio_ros/config/mid360_mutual_avoidance_uav1.yaml,ee37646f3b4668f13cad1febce5b79dcaa5f896c91709a9ca80740c72dcb0a3e,6971,1205,false,848,1,847,0.998821,0.000000,0.000000,0.000855,true,932,UNAVAILABLE,0.000032,4372,7,0,3,1701245254391158846,1,NOT_ATTEMPTED,372,83235,2,-1,327,false,122,133,12,1205,OVERLAPPING_LIDAR_INTERVAL previous_synchronized_end_ns=1701245254391158846 current_scan_start_ns=1701245254390986681 current_scan_end_ns=1701245254423621681 overlap_duration_ns=172165 scan_index=1202,1785256526741897977,false,3894,0.039066,16989504,6971,1205,8350,TRACKING,0.726971,876,6081
1455,1.000000,1206,sensor_time,/home/letandat/Dev/uav-navigation/src/navigation_estimator/fast_lio_ros/config/mid360_mutual_avoidance_uav1.yaml,ee37646f3b4668f13cad1febce5b79dcaa5f896c91709a9ca80740c72dcb0a3e,6977,1206,true,849,1,848,0.998822,0.000000,0.000000,0.000844,true,1727,CORRECTED,0.000037,26446,13,0,4,1701245254457979706,0,SUCCEEDED,2293,83374,2,1701245254457979706,327,true,324,433,12,1206,LIDAR_CORRECTION_CONVERGED,1785256526808013811,true,23216,0.044601,16989504,6982,1206,8350,TRACKING,0.727197,877,31499
286,1.000000,1207,sensor_time,/home/letandat/Dev/uav-navigation/src/navigation_estimator/fast_lio_ros/config/mid360_mutual_avoidance_uav1.yaml,ee37646f3b4668f13cad1febce5b79dcaa5f896c91709a9ca80740c72dcb0a3e,6982,1207,true,850,1,849,0.998824,0.000000,0.000000,0.000849,true,972,CORRECTED,0.000244,4601,8,0,3,1701245254491185930,0,SUCCEEDED,406,83392,2,1701245254491185930,327,true,149,144,12,1207,LIDAR_CORRECTION_CONVERGED,1785256526815828498,true,4137,0.043054,16989504,6983,1207,8350,TRACKING,0.727423,878,6452
1998,1.000000,1208,sensor_time,/home/letandat/Dev/uav-navigation/src/navigation_estimator/fast_lio_ros/config/mid360_mutual_avoidance_uav1.yaml,ee37646f3b4668f13cad1febce5b79dcaa5f896c91709a9ca80740c72dcb0a3e,6988,1208,true,851,1,850,0.998825,0.000000,0.000000,0.000829,true,950,CORRECTED,0.000734,24771,7,0,3,1701245254525085476,0,SUCCEEDED,3036,83586,2,1701245254525085476,327,true,115,383,12,1208,LIDAR_CORRECTION_CONVERGED,1785256526882881620,true,21476,0.039017,16989504,6995,1209,9826,TRACKING,0.727649,879,39376
1998,1.000000,1209,,/home/letandat/Dev/uav-navigation/src/navigation_estimator/fast_lio_ros/config/mid360_mutual_avoidance_uav1.yaml,ee37646f3b4668f13cad1febce5b79dcaa5f896c91709a9ca80740c72dcb0a3e,6993,1209,false,851,1,850,0.998825,0.000000,0.000000,0.000829,true,950,UNAVAILABLE,0.000734,24771,7,0,3,1701245254525085476,1,NOT_ATTEMPTED,3036,83586,2,-1,328,false,115,383,12,1209,OVERLAPPING_LIDAR_INTERVAL previous_synchronized_end_ns=1701245254525085476 current_scan_start_ns=1701245254524703979 current_scan_end_ns=1701245254557338979 overlap_duration_ns=381497 scan_index=1206,1785256526883901020,false,21476,0.039017,16989504,6995,1209,9826,TRACKING,0.727047,879,39376
255,1.000000,1210,sensor_time,/home/letandat/Dev/uav-navigation/src/navigation_estimator/fast_lio_ros/config/mid360_mutual_avoidance_uav1.yaml,ee37646f3b4668f13cad1febce5b79dcaa5f896c91709a9ca80740c72dcb0a3e,6999,1210,true,852,1,851,0.998826,0.000000,0.000000,0.000840,true,868,CORRECTED,0.000033,3714,13,0,3,1701245254591635015,0,SUCCEEDED,321,83603,2,1701245254591635015,328,true,216,115,12,1210,LIDAR_CORRECTION_CONVERGED,1785256526915619558,true,3325,0.043180,16989504,7000,1210,9826,TRACKING,0.727273,880,5438
255,1.000000,1211,,/home/letandat/Dev/uav-navigation/src/navigation_estimator/fast_lio_ros/config/mid360_mutual_avoidance_uav1.yaml,ee37646f3b4668f13cad1febce5b79dcaa5f896c91709a9ca80740c72dcb0a3e,7004,1211,false,852,1,851,0.998826,0.000000,0.000000,0.000840,true,868,UNAVAILABLE,0.000033,3714,13,0,3,1701245254591635015,1,NOT_ATTEMPTED,321,83603,2,-1,329,false,216,115,12,1211,OVERLAPPING_LIDAR_INTERVAL previous_synchronized_end_ns=1701245254591635015 current_scan_start_ns=1701245254591339827 current_scan_end_ns=1701245254623974827 overlap_duration_ns=295188 scan_index=1208,1785256526942605087,false,3325,0.043180,16989504,7005,1211,9826,TRACKING,0.726672,880,5438
1650,1.000000,1212,sensor_time,/home/letandat/Dev/uav-navigation/src/navigation_estimator/fast_lio_ros/config/mid360_mutual_avoidance_uav1.yaml,ee37646f3b4668f13cad1febce5b79dcaa5f896c91709a9ca80740c72dcb0a3e,7010,1212,true,853,1,852,0.998828,0.000000,0.000000,0.000828,true,938,CORRECTED,0.000772,21392,13,0,3,1701245254657979753,0,SUCCEEDED,2394,83774,2,1701245254657979753,329,true,224,348,12,1212,LIDAR_CORRECTION_CONVERGED,1785256527001842147,true,18704,0.040742,16989504,7014,1212,9826,TRACKING,0.726898,881,25550
196,1.000000,1213,sensor_time,/home/letandat/Dev/uav-navigation/src/navigation_estimator/fast_lio_ros/config/mid360_mutual_avoidance_uav1.yaml,ee37646f3b4668f13cad1febce5b79dcaa5f896c91709a9ca80740c72dcb0a3e,7016,1213,true,854,1,853,0.998829,0.000000,0.000000,0.000833,true,930,CORRECTED,0.000112,2869,8,0,3,1701245254691162374,0,SUCCEEDED,238,83783,2,1701245254691162374,329,true,135,117,12,1213,LIDAR_CORRECTION_CONVERGED,1785256527013836664,true,2551,0.041662,16989504,7016,1213,9826,TRACKING,0.727123,882,4472
196,1.000000,1214,,/home/letandat/Dev/uav-navigation/src/navigation_estimator/fast_lio_ros/config/mid360_mutual_avoidance_uav1.yaml,ee37646f3b4668f13cad1febce5b79dcaa5f896c91709a9ca80740c72dcb0a3e,7021,1214,false,854,1,853,0.998829,0.000000,0.000000,0.000833,true,930,UNAVAILABLE,0.000112,2869,8,0,3,1701245254691162374,1,NOT_ATTEMPTED,238,83783,2,-1,330,false,135,117,12,1214,OVERLAPPING_LIDAR_INTERVAL previous_synchronized_end_ns=1701245254691162374 current_scan_start_ns=1701245254690943003 current_scan_end_ns=1701245254723578003 overlap_duration_ns=219371 scan_index=1211,1785256527041953158,false,2551,0.041662,16989504,7021,1214,9826,TRACKING,0.726524,882,4472
1785,1.000000,1215,sensor_time,/home/letandat/Dev/uav-navigation/src/navigation_estimator/fast_lio_ros/config/mid360_mutual_avoidance_uav1.yaml,ee37646f3b4668f13cad1febce5b79dcaa5f896c91709a9ca80740c72dcb0a3e,7027,1215,true,855,1,854,0.998830,0.000000,0.000000,0.000819,true,867,CORRECTED,0.000074,31423,13,0,4,1701245254757949140,0,SUCCEEDED,2694,83962,2,1701245254757949140,330,true,212,356,12,1215,LIDAR_CORRECTION_CONVERGED,1785256527112342510,true,27403,0.042469,16989504,7033,1216,9826,TRACKING,0.726749,883,35846
177,1.000000,1216,sensor_time,/home/letandat/Dev/uav-navigation/src/navigation_estimator/fast_lio_ros/config/mid360_mutual_avoidance_uav1.yaml,ee37646f3b4668f13cad1febce5b79dcaa5f896c91709a9ca80740c72dcb0a3e,7032,1216,true,856,1,855,0.998832,0.000000,0.000000,0.000824,true,997,CORRECTED,0.000110,1876,8,0,2,1701245254791177538,0,SUCCEEDED,220,83967,2,1701245254791177538,330,true,146,99,12,1216,LIDAR_CORRECTION_CONVERGED,1785256527116070078,true,1649,0.039938,16989504,7034,1216,9826,TRACKING,0.726974,884,3525
1976,1.000000,1217,sensor_time,/home/letandat/Dev/uav-navigation/src/navigation_estimator/fast_lio_ros/config/mid360_mutual_avoidance_uav1.yaml,ee37646f3b4668f13cad1febce5b79dcaa5f896c91709a9ca80740c72dcb0a3e,7038,1217,true,857,1,856,0.998833,0.000000,0.000000,0.000808,true,933,CORRECTED,0.000106,25297,7,0,3,1701245254825073030,0,SUCCEEDED,2947,84166,2,1701245254825073030,330,true,123,370,12,1217,LIDAR_CORRECTION_CONVERGED,1785256527173502407,true,21971,0.041630,16989504,7043,1217,9826,TRACKING,0.727198,885,29957
1976,1.000000,1218,,/home/letandat/Dev/uav-navigation/src/navigation_estimator/fast_lio_ros/config/mid360_mutual_avoidance_uav1.yaml,ee37646f3b4668f13cad1febce5b79dcaa5f896c91709a9ca80740c72dcb0a3e,7043,1218,false,857,1,856,0.998833,0.000000,0.000000,0.000808,true,933,UNAVAILABLE,0.000106,25297,7,0,3,1701245254825073030,1,NOT_ATTEMPTED,2947,84166,2,-1,331,false,123,370,12,1218,OVERLAPPING_LIDAR_INTERVAL previous_synchronized_end_ns=1701245254825073030 current_scan_start_ns=1701245254824704647 current_scan_end_ns=1701245254857339647 overlap_duration_ns=368383 scan_index=1215,1785256527175605508,false,21971,0.041630,16989504,7043,1218,9826,TRACKING,0.726601,885,29957
161,1.000000,1219,sensor_time,/home/letandat/Dev/uav-navigation/src/navigation_estimator/fast_lio_ros/config/mid360_mutual_avoidance_uav1.yaml,ee37646f3b4668f13cad1febce5b79dcaa5f896c91709a9ca80740c72dcb0a3e,7049,1219,true,858,1,857,0.998834,0.000000,0.000000,0.000820,true,878,CORRECTED,0.000145,2431,13,0,3,1701245254891634729,0,SUCCEEDED,199,84177,2,1701245254891634729,331,true,207,98,12,1219,LIDAR_CORRECTION_CONVERGED,1785256527214043043,true,2161,0.044368,16989504,7050,1219,9826,TRACKING,0.726825,886,3989
161,1.000000,1220,,/home/letandat/Dev/uav-navigation/src/navigation_estimator/fast_lio_ros/config/mid360_mutual_avoidance_uav1.yaml,ee37646f3b4668f13cad1febce5b79dcaa5f896c91709a9ca80740c72dcb0a3e,7054,1220,false,858,1,857,0.998834,0.000000,0.000000,0.000820,true,878,UNAVAILABLE,0.000145,2431,13,0,3,1701245254891634729,1,NOT_ATTEMPTED,199,84177,2,-1,332,false,207,98,12,1220,OVERLAPPING_LIDAR_INTERVAL previous_synchronized_end_ns=1701245254891634729 current_scan_start_ns=1701245254891305923 current_scan_end_ns=1701245254923940923 overlap_duration_ns=328806 scan_index=1217,1785256527242632462,false,2161,0.044368,16989504,7055,1220,9826,TRACKING,0.726230,886,3989
1932,1.000000,1221,sensor_time,/home/letandat/Dev/uav-navigation/src/navigation_estimator/fast_lio_ros/config/mid360_mutual_avoidance_uav1.yaml,ee37646f3b4668f13cad1febce5b79dcaa5f896c91709a9ca80740c72dcb0a3e,7060,1221,true,859,1,858,0.998836,0.000000,0.000000,0.000801,true,873,CORRECTED,0.000614,31598,13,0,4,1701245254958008077,0,SUCCEEDED,2723,84370,2,1701245254958008077,332,true,209,348,12,1221,LIDAR_CORRECTION_CONVERGED,1785256527312797001,true,27256,0.038676,16989504,7066,1222,9826,TRACKING,0.726454,887,36044
175,1.000000,1222,sensor_time,/home/letandat/Dev/uav-navigation/src/navigation_estimator/fast_lio_ros/config/mid360_mutual_avoidance_uav1.yaml,ee37646f3b4668f13cad1febce5b79dcaa5f896c91709a9ca80740c72dcb0a3e,7065,1222,true,860,1,859,0.998837,0.000000,0.000000,0.000806,true,971,CORRECTED,0.000152,1926,8,0,2,1701245254991213110,0,SUCCEEDED,238,84378,2,1701245254991213110,332,true,141,95,12,1222,LIDAR_CORRECTION_CONVERGED,1785256527316539144,true,1707,0.039526,16989504,7067,1222,9826,TRACKING,0.726678,888,3546
175,1.000000,1223,,/home/letandat/Dev/uav-navigation/src/navigation_estimator/fast_lio_ros/config/mid360_mutual_avoidance_uav1.yaml,ee37646f3b4668f13cad1febce5b79dcaa5f896c91709a9ca80740c72dcb0a3e,7071,1223,false,860,1,859,0.998837,0.000000,0.000000,0.000806,true,971,UNAVAILABLE,0.000152,1926,8,0,2,1701245254991213110,1,NOT_ATTEMPTED,238,84378,2,-1,333,false,141,95,12,1223,OVERLAPPING_LIDAR_INTERVAL previous_synchronized_end_ns=1701245254991213110 current_scan_start_ns=1701245254990982771 current_scan_end_ns=1701245255023617771 overlap_duration_ns=230339 scan_index=1220,1785256527342178366,false,1707,0.039526,16989504,7071,1223,9826,TRACKING,0.726083,888,3546
2140,1.000000,1224,sensor_time,/home/letandat/Dev/uav-navigation/src/navigation_estimator/fast_lio_ros/config/mid360_mutual_avoidance_uav1.yaml,ee37646f3b4668f13cad1febce5b79dcaa5f896c91709a9ca80740c72dcb0a3e,7076,1224,true,861,1,860,0.998839,0.000000,0.000000,0.000789,true,902,CORRECTED,0.000298,44722,13,0,5,1701245255057956960,0,SUCCEEDED,3612,84593,2,1701245255057956960,333,true,333,401,12,1224,LIDAR_CORRECTION_CONVERGED,1785256527436556963,true,38652,0.040994,16989504,7087,1225,9495,TRACKING,0.726307,889,59788
135,1.000000,1225,sensor_time,/home/letandat/Dev/uav-navigation/src/navigation_estimator/fast_lio_ros/config/mid360_mutual_avoidance_uav1.yaml,ee37646f3b4668f13cad1febce5b79dcaa5f896c91709a9ca80740c72dcb0a3e,7082,1225,true,862,1,861,0.998840,0.000000,0.000000,0.000794,true,1051,CORRECTED,0.000000,2392,7,0,3,1701245255091199425,0,SUCCEEDED,174,84599,2,1701245255091199425,333,true,123,99,12,1225,LIDAR_CORRECTION_CONVERGED,1785256527441618751,true,2114,0.042759,16989504,7087,1225,9495,TRACKING,0.726531,890,4083
1633,1.000000,1226,sensor_time,/home/letandat/Dev/uav-navigation/src/navigation_estimator/fast_lio_ros/config/mid360_mutual_avoidance_uav1.yaml,ee37646f3b4668f13cad1febce5b79dcaa5f896c91709a9ca80740c72dcb0a3e,7088,1226,true,863,1,862,0.998841,0.000000,0.000000,0.000783,true,1018,CORRECTED,0.001053,23166,8,0,3,1701245255125050333,0,SUCCEEDED,2607,84795,2,1701245255125050333,333,true,159,329,12,1226,LIDAR_CORRECTION_CONVERGED,1785256527470775224,true,20234,0.044620,16989504,7092,1226,9495,TRACKING,0.726754,891,27515
1633,1.000000,1227,,/home/letandat/Dev/uav-navigation/src/navigation_estimator/fast_lio_ros/config/mid360_mutual_avoidance_uav1.yaml,ee37646f3b4668f13cad1febce5b79dcaa5f896c91709a9ca80740c72dcb0a3e,7093,1227,false,863,1,862,0.998841,0.000000,0.000000,0.000783,true,1018,UNAVAILABLE,0.001053,23166,8,0,3,1701245255125050333,1,NOT_ATTEMPTED,2607,84795,2,-1,334,false,159,329,12,1227,OVERLAPPING_LIDAR_INTERVAL previous_synchronized_end_ns=1701245255125050333 current_scan_start_ns=1701245255124861240 current_scan_end_ns=1701245255157496240 overlap_duration_ns=189093 scan_index=1224,1785256527475810404,false,20234,0.044620,16989504,7093,1227,9495,TRACKING,0.726161,891,27515
142,1.000000,1228,sensor_time,/home/letandat/Dev/uav-navigation/src/navigation_estimator/fast_lio_ros/config/mid360_mutual_avoidance_uav1.yaml,ee37646f3b4668f13cad1febce5b79dcaa5f896c91709a9ca80740c72dcb0a3e,7099,1228,true,864,1,863,0.998843,0.000000,0.000000,0.000794,true,890,CORRECTED,0.000000,2492,13,0,3,1701245255191702154,0,SUCCEEDED,185,84799,2,1701245255191702154,334,true,231,91,12,1228,LIDAR_CORRECTION_CONVERGED,1785256527514046641,true,2225,0.042383,16989504,7100,1228,9495,TRACKING,0.726384,892,4050
142,1.000000,1229,,/home/letandat/Dev/uav-navigation/src/navigation_estimator/fast_lio_ros/config/mid360_mutual_avoidance_uav1.yaml,ee37646f3b4668f13cad1febce5b79dcaa5f896c91709a9ca80740c72dcb0a3e,7104,1229,false,864,1,863,0.998843,0.000000,0.000000,0.000794,true,890,UNAVAILABLE,0.000000,2492,13,0,3,1701245255191702154,1,NOT_ATTEMPTED,185,84799,2,-1,335,false,231,91,12,1229,OVERLAPPING_LIDAR_INTERVAL previous_synchronized_end_ns=1701245255191702154 current_scan_start_ns=1701245255191308975 current_scan_end_ns=1701245255223943975 overlap_duration_ns=393179 scan_index=1226,1785256527542394208,false,2225,0.042383,16989504,7104,1229,9495,TRACKING,0.725793,892,4050
2351,1.000000,1230,sensor_time,/home/letandat/Dev/uav-navigation/src/navigation_estimator/fast_lio_ros/config/mid360_mutual_avoidance_uav1.yaml,ee37646f3b4668f13cad1febce5b79dcaa5f896c91709a9ca80740c72dcb0a3e,7110,1230,true,865,1,864,0.998844,0.000000,0.000000,0.000767,true,1672,CORRECTED,0.001050,39646,13,0,4,1701245255257988956,0,SUCCEEDED,3051,85090,2,1701245255257988956,335,true,299,558,12,1230,LIDAR_CORRECTION_CONVERGED,1785256527621893779,true,34128,0.042018,16989504,7117,1231,9495,TRACKING,0.726016,893,45670
155,1.000000,1231,sensor_time,/home/letandat/Dev/uav-navigation/src/navigation_estimator/fast_lio_ros/config/mid360_mutual_avoidance_uav1.yaml,ee37646f3b4668f13cad1febce5b79dcaa5f896c91709a9ca80740c72dcb0a3e,7115,1231,true,866,1,865,0.998845,0.000000,0.000000,0.000772,true,907,CORRECTED,0.000000,2623,8,0,3,1701245255291214016,0,SUCCEEDED,170,85093,2,1701245255291214016,335,true,132,92,12,1231,LIDAR_CORRECTION_CONVERGED,1785256527626282056,true,2359,0.028539,16989504,7118,1231,9495,TRACKING,0.726239,894,4137
1442,1.000000,1232,sensor_time,/home/letandat/Dev/uav-navigation/src/navigation_estimator/fast_lio_ros/config/mid360_mutual_avoidance_uav1.yaml,ee37646f3b4668f13cad1febce5b79dcaa5f896c91709a9ca80740c72dcb0a3e,7121,1232,true,867,1,866,0.998847,0.000000,0.000000,0.000762,true,870,CORRECTED,0.000052,19627,7,0,3,1701245255324972894,0,SUCCEEDED,2150,85245,2,1701245255324972894,335,true,115,315,12,1232,LIDAR_CORRECTION_CONVERGED,1785256527666942580,true,17282,0.040649,16989504,7125,1232,9495,TRACKING,0.726461,895,23284
2429,1.000000,1233,sensor_time,/home/letandat/Dev/uav-navigation/src/navigation_estimator/fast_lio_ros/config/mid360_mutual_avoidance_uav1.yaml,ee37646f3b4668f13cad1febce5b79dcaa5f896c91709a9ca80740c72dcb0a3e,7126,1233,true,868,1,867,0.998848,0.000000,0.000000,0.000748,true,942,CORRECTED,0.000153,29705,8,0,3,1701245255358089235,0,SUCCEEDED,3421,85513,2,1701245255358089235,335,true,138,431,12,1233,LIDAR_CORRECTION_CONVERGED,1785256527711733536,true,25659,0.038644,16989504,7132,1234,9495,TRACKING,0.726683,896,35083
223,1.000000,1234,sensor_time,/home/letandat/Dev/uav-navigation/src/navigation_estimator/fast_lio_ros/config/mid360_mutual_avoidance_uav1.yaml,ee37646f3b4668f13cad1febce5b79dcaa5f896c91709a9ca80740c72dcb0a3e,7132,1234,true,869,1,868,0.998849,0.000000,0.000000,0.000753,true,1024,CORRECTED,0.000102,4045,7,0,3,1701245255391106632,0,SUCCEEDED,323,85524,2,1701245255391106632,335,true,126,121,12,1234,LIDAR_CORRECTION_CONVERGED,1785256527717809009,true,3626,0.040404,16989504,7133,1234,9495,TRACKING,0.726904,897,5881
1359,1.000000,1235,sensor_time,/home/letandat/Dev/uav-navigation/src/navigation_estimator/fast_lio_ros/config/mid360_mutual_avoidance_uav1.yaml,ee37646f3b4668f13cad1febce5b79dcaa5f896c91709a9ca80740c72dcb0a3e,7138,1235,true,870,1,869,0.998851,0.000000,0.000000,0.000748,true,872,CORRECTED,0.000417,18462,8,0,3,1701245255425072220,0,SUCCEEDED,1824,85661,2,1701245255425072220,335,true,121,281,12,1235,LIDAR_CORRECTION_CONVERGED,1785256527764964469,true,16262,0.041914,16989504,7142,1235,9495,TRACKING,0.727126,898,21750
1359,1.000000,1236,,/home/letandat/Dev/uav-navigation/src/navigation_estimator/fast_lio_ros/config/mid360_mutual_avoidance_uav1.yaml,ee37646f3b4668f13cad1febce5b79dcaa5f896c91709a9ca80740c72dcb0a3e,7143,1236,false,870,1,869,0.998851,0.000000,0.000000,0.000748,true,872,UNAVAILABLE,0.000417,18462,8,0,3,1701245255425072220,1,NOT_ATTEMPTED,1824,85661,2,-1,336,false,121,281,12,1236,OVERLAPPING_LIDAR_INTERVAL previous_synchronized_end_ns=1701245255425072220 current_scan_start_ns=1701245255424706459 current_scan_end_ns=1701245255457341459 overlap_duration_ns=365761 scan_index=1233,1785256527775911745,false,16262,0.041914,16989504,7144,1236,9495,TRACKING,0.726537,898,21750
241,1.000000,1237,sensor_time,/home/letandat/Dev/uav-navigation/src/navigation_estimator/fast_lio_ros/config/mid360_mutual_avoidance_uav1.yaml,ee37646f3b4668f13cad1febce5b79dcaa5f896c91709a9ca80740c72dcb0a3e,7149,1237,true,871,1,870,0.998852,0.000000,0.000000,0.000758,true,877,CORRECTED,0.000001,4026,14,0,3,1701245255491614845,0,SUCCEEDED,339,85680,2,1701245255491614845,336,true,230,122,12,1237,LIDAR_CORRECTION_CONVERGED,1785256527824734550,true,3635,0.043932,16989504,7152,1237,8886,TRACKING,0.726758,899,14654
241,1.000000,1238,,/home/letandat/Dev/uav-navigation/src/navigation_estimator/fast_lio_ros/config/mid360_mutual_avoidance_uav1.yaml,ee37646f3b4668f13cad1febce5b79dcaa5f896c91709a9ca80740c72dcb0a3e,7155,1238,false,871,1,870,0.998852,0.000000,0.000000,0.000758,true,877,UNAVAILABLE,0.000001,4026,14,0,3,1701245255491614845,1,NOT_ATTEMPTED,339,85680,2,-1,337,false,230,122,12,1238,OVERLAPPING_LIDAR_INTERVAL previous_synchronized_end_ns=1701245255491614845 current_scan_start_ns=1701245255491314411 current_scan_end_ns=1701245255523949411 overlap_duration_ns=300434 scan_index=1235,1785256527842184690,false,3635,0.043932,16989504,7155,1238,8886,TRACKING,0.726171,899,14654
2495,1.000000,1239,sensor_time,/home/letandat/Dev/uav-navigation/src/navigation_estimator/fast_lio_ros/config/mid360_mutual_avoidance_uav1.yaml,ee37646f3b4668f13cad1febce5b79dcaa5f896c91709a9ca80740c72dcb0a3e,7161,1239,true,872,1,871,0.998853,0.000000,0.000000,0.000728,true,863,CORRECTED,0.000300,52045,13,0,5,1701245255557987955,0,SUCCEEDED,3879,85999,2,1701245255557987955,337,true,215,431,12,1239,LIDAR_CORRECTION_CONVERGED,1785256527934336128,true,44823,0.042233,16989504,7171,1240,8886,TRACKING,0.726392,900,57806
352,1.000000,1240,sensor_time,/home/letandat/Dev/uav-navigation/src/navigation_estimator/fast_lio_ros/config/mid360_mutual_avoidance_uav1.yaml,ee37646f3b4668f13cad1febce5b79dcaa5f896c91709a9ca80740c72dcb0a3e,7167,1240,true,873,1,872,0.998855,0.000000,0.000000,0.000731,true,1021,CORRECTED,0.000070,6241,8,0,3,1701245255591194179,0,SUCCEEDED,611,86020,2,1701245255591194179,337,true,142,140,12,1240,LIDAR_CORRECTION_CONVERGED,1785256527943006500,true,5607,0.042676,16989504,7173,1241,8886,TRACKING,0.726613,901,8425
352,1.000000,1241,,/home/letandat/Dev/uav-navigation/src/navigation_estimator/fast_lio_ros/config/mid360_mutual_avoidance_uav1.yaml,ee37646f3b4668f13cad1febce5b79dcaa5f896c91709a9ca80740c72dcb0a3e,7172,1241,false,873,1,872,0.998855,0.000000,0.000000,0.000731,true,1021,UNAVAILABLE,0.000070,6241,8,0,3,1701245255591194179,1,NOT_ATTEMPTED,611,86020,2,-1,338,false,142,140,12,1241,OVERLAPPING_LIDAR_INTERVAL previous_synchronized_end_ns=1701245255591194179 current_scan_start_ns=1701245255591023684 current_scan_end_ns=1701245255623658684 overlap_duration_ns=170495 scan_index=1238,1785256527943168434,false,5607,0.042676,16989504,7173,1241,8886,TRACKING,0.726027,901,8425
2546,1.000000,1242,sensor_time,/home/letandat/Dev/uav-navigation/src/navigation_estimator/fast_lio_ros/config/mid360_mutual_avoidance_uav1.yaml,ee37646f3b4668f13cad1febce5b79dcaa5f896c91709a9ca80740c72dcb0a3e,7178,1242,true,874,1,873,0.998856,0.000000,0.000000,0.000712,true,879,CORRECTED,0.000768,28609,14,0,3,1701245255657936123,0,SUCCEEDED,3403,86340,2,1701245255657936123,338,true,248,424,12,1242,LIDAR_CORRECTION_CONVERGED,1785256528010507732,true,24538,0.038025,16989504,7184,1243,8886,TRACKING,0.726248,902,33960
435,1.000000,1243,sensor_time,/home/letandat/Dev/uav-navigation/src/navigation_estimator/fast_lio_ros/config/mid360_mutual_avoidance_uav1.yaml,ee37646f3b4668f13cad1febce5b79dcaa5f896c91709a9ca80740c72dcb0a3e,7184,1243,true,875,1,874,0.998857,0.000000,0.000000,0.000715,true,980,CORRECTED,0.000069,7234,7,0,3,1701245255691156891,0,SUCCEEDED,685,86375,2,1701245255691156891,338,true,119,165,12,1243,LIDAR_CORRECTION_CONVERGED,1785256528020244844,true,6472,0.047445,16989504,7186,1243,8886,TRACKING,0.726468,903,9458
1007,1.000000,1244,sensor_time,/home/letandat/Dev/uav-navigation/src/navigation_estimator/fast_lio_ros/config/mid360_mutual_avoidance_uav1.yaml,ee37646f3b4668f13cad1febce5b79dcaa5f896c91709a9ca80740c72dcb0a3e,7190,1244,true,876,1,875,0.998858,0.000000,0.000000,0.000713,true,865,CORRECTED,0.000143,14887,8,0,3,1701245255725058344,0,SUCCEEDED,1742,86487,2,1701245255725058344,338,true,125,254,12,1244,LIDAR_CORRECTION_CONVERGED,1785256528061657344,true,13209,0.043806,16989504,7193,1244,8886,TRACKING,0.726688,904,18050
1007,1.000000,1245,,/home/letandat/Dev/uav-navigation/src/navigation_estimator/fast_lio_ros/config/mid360_mutual_avoidance_uav1.yaml,ee37646f3b4668f13cad1febce5b79dcaa5f896c91709a9ca80740c72dcb0a3e,7195,1245,false,876,1,875,0.998858,0.000000,0.000000,0.000713,true,865,UNAVAILABLE,0.000143,14887,8,0,3,1701245255725058344,1,NOT_ATTEMPTED,1742,86487,2,-1,339,false,125,254,12,1245,OVERLAPPING_LIDAR_INTERVAL previous_synchronized_end_ns=1701245255725058344 current_scan_start_ns=1701245255724833250 current_scan_end_ns=1701245255757468250 overlap_duration_ns=225094 scan_index=1242,1785256528075884715,false,13209,0.043806,16989504,7195,1245,8886,TRACKING,0.726104,904,18050
482,1.000000,1246,sensor_time,/home/letandat/Dev/uav-navigation/src/navigation_estimator/fast_lio_ros/config/mid360_mutual_avoidance_uav1.yaml,ee37646f3b4668f13cad1febce5b79dcaa5f896c91709a9ca80740c72dcb0a3e,7201,1246,true,877,1,876,0.998860,0.000000,0.000000,0.000719,true,871,CORRECTED,0.000096,7852,14,0,3,1701245255791620043,0,SUCCEEDED,884,86523,2,1701245255791620043,339,true,250,200,12,1246,LIDAR_CORRECTION_CONVERGED,1785256528120392186,true,7071,0.042993,16989504,7203,1246,8886,TRACKING,0.726324,905,10203
482,1.000000,1247,,/home/letandat/Dev/uav-navigation/src/navigation_estimator/fast_lio_ros/config/mid360_mutual_avoidance_uav1.yaml,ee37646f3b4668f13cad1febce5b79dcaa5f896c91709a9ca80740c72dcb0a3e,7207,1247,false,877,1,876,0.998860,0.000000,0.000000,0.000719,true,871,UNAVAILABLE,0.000096,7852,14,0,3,1701245255791620043,1,NOT_ATTEMPTED,884,86523,2,-1,340,false,250,200,12,1247,OVERLAPPING_LIDAR_INTERVAL previous_synchronized_end_ns=1701245255791620043 current_scan_start_ns=1701245255791309595 current_scan_end_ns=1701245255823944595 overlap_duration_ns=310448 scan_index=1244,1785256528142347872,false,7071,0.042993,16989504,7207,1247,8886,TRACKING,0.725742,905,10203
2703,1.000000,1248,sensor_time,/home/letandat/Dev/uav-navigation/src/navigation_estimator/fast_lio_ros/config/mid360_mutual_avoidance_uav1.yaml,ee37646f3b4668f13cad1febce5b79dcaa5f896c91709a9ca80740c72dcb0a3e,7213,1248,true,878,1,877,0.998861,0.000000,0.000000,0.000694,true,867,CORRECTED,0.000106,39134,13,0,4,1701245255858011034,0,SUCCEEDED,3634,86849,2,1701245255858011034,340,true,207,426,12,1248,LIDAR_CORRECTION_CONVERGED,1785256528221045301,true,33307,0.037155,16989504,7221,1249,8886,TRACKING,0.725962,906,44670
545,1.000000,1249,sensor_time,/home/letandat/Dev/uav-navigation/src/navigation_estimator/fast_lio_ros/config/mid360_mutual_avoidance_uav1.yaml,ee37646f3b4668f13cad1febce5b79dcaa5f896c91709a9ca80740c72dcb0a3e,7219,1249,true,879,1,878,0.998862,0.000000,0.000000,0.000695,true,993,CORRECTED,0.000064,9857,8,0,3,1701245255891165760,0,SUCCEEDED,953,86886,2,1701245255891165760,340,true,140,203,12,1249,LIDAR_CORRECTION_CONVERGED,1785256528233720640,true,8882,0.041528,16989504,7223,1249,8886,TRACKING,0.726181,907,12387
545,1.000000,1250,,/home/letandat/Dev/uav-navigation/src/navigation_estimator/fast_lio_ros/config/mid360_mutual_avoidance_uav1.yaml,ee37646f3b4668f13cad1febce5b79dcaa5f896c91709a9ca80740c72dcb0a3e,7224,1250,false,879,1,878,0.998862,0.000000,0.000000,0.000695,true,993,UNAVAILABLE,0.000064,9857,8,0,3,1701245255891165760,1,NOT_ATTEMPTED,953,86886,2,-1,341,false,140,203,12,1250,OVERLAPPING_LIDAR_INTERVAL previous_synchronized_end_ns=1701245255891165760 current_scan_start_ns=1701245255891057968 current_scan_end_ns=1701245255923692968 overlap_duration_ns=107792 scan_index=1247,1785256528242103163,false,8882,0.041528,16989504,7225,1250,8886,TRACKING,0.725600,907,12387
2771,1.000000,1251,sensor_time,/home/letandat/Dev/uav-navigation/src/navigation_estimator/fast_lio_ros/config/mid360_mutual_avoidance_uav1.yaml,ee37646f3b4668f13cad1febce5b79dcaa5f896c91709a9ca80740c72dcb0a3e,7230,1251,true,880,1,879,0.998864,0.000000,0.000000,0.000684,true,823,CORRECTED,0.000245,40771,14,0,4,1701245255957353380,0,SUCCEEDED,3574,87221,2,1701245255957353380,341,true,224,434,12,1251,LIDAR_CORRECTION_CONVERGED,1785256528322331948,true,34610,0.035850,16989504,7238,1252,8886,TRACKING,0.725819,908,46247
625,1.000000,1252,sensor_time,/home/letandat/Dev/uav-navigation/src/navigation_estimator/fast_lio_ros/config/mid360_mutual_avoidance_uav1.yaml,ee37646f3b4668f13cad1febce5b79dcaa5f896c91709a9ca80740c72dcb0a3e,7236,1252,true,881,1,880,0.998865,0.000000,0.000000,0.000686,true,1010,CORRECTED,0.000073,10969,7,0,3,1701245255991137054,0,SUCCEEDED,1151,87260,2,1701245255991137054,341,true,121,217,12,1252,LIDAR_CORRECTION_CONVERGED,1785256528346448116,true,9839,0.041206,16989504,7243,1253,9894,TRACKING,0.726038,909,23621
593,1.000000,1253,sensor_time,/home/letandat/Dev/uav-navigation/src/navigation_estimator/fast_lio_ros/config/mid360_mutual_avoidance_uav1.yaml,ee37646f3b4668f13cad1febce5b79dcaa5f896c91709a9ca80740c72dcb0a3e,7242,1253,true,882,1,881,0.998866,0.000000,0.000000,0.000687,true,1043,CORRECTED,0.000056,11085,8,0,3,1701245256025104549,0,SUCCEEDED,1129,87295,2,1701245256025104549,341,true,155,224,12,1253,LIDAR_CORRECTION_CONVERGED,1785256528361207050,true,9999,0.041122,16989504,7245,1253,9894,TRACKING,0.726257,910,13777
593,1.000000,1254,,/home/letandat/Dev/uav-navigation/src/navigation_estimator/fast_lio_ros/config/mid360_mutual_avoidance_uav1.yaml,ee37646f3b4668f13cad1febce5b79dcaa5f896c91709a9ca80740c72dcb0a3e,7248,1254,false,882,1,881,0.998866,0.000000,0.000000,0.000687,true,1043,UNAVAILABLE,0.000056,11085,8,0,3,1701245256025104549,1,NOT_ATTEMPTED,1129,87295,2,-1,342,false,155,224,12,1254,OVERLAPPING_LIDAR_INTERVAL previous_synchronized_end_ns=1701245256025104549 current_scan_start_ns=1701245256024695635 current_scan_end_ns=1701245256057330635 overlap_duration_ns=408914 scan_index=1251,1785256528375874181,false,9999,0.041122,16989504,7248,1254,9894,TRACKING,0.725678,910,13777
607,1.000000,1255,sensor_time,/home/letandat/Dev/uav-navigation/src/navigation_estimator/fast_lio_ros/config/mid360_mutual_avoidance_uav1.yaml,ee37646f3b4668f13cad1febce5b79dcaa5f896c91709a9ca80740c72dcb0a3e,7253,1255,true,883,1,882,0.998867,0.000000,0.000000,0.000693,true,931,CORRECTED,0.000334,10773,14,0,3,1701245256091641929,0,SUCCEEDED,1081,87333,2,1701245256091641929,342,true,238,229,12,1255,LIDAR_CORRECTION_CONVERGED,1785256528423541503,true,9766,0.037831,16989504,7256,1255,9894,TRACKING,0.725896,911,13387
607,1.000000,1256,,/home/letandat/Dev/uav-navigation/src/navigation_estimator/fast_lio_ros/config/mid360_mutual_avoidance_uav1.yaml,ee37646f3b4668f13cad1febce5b79dcaa5f896c91709a9ca80740c72dcb0a3e,7259,1256,false,883,1,882,0.998867,0.000000,0.000000,0.000693,true,931,UNAVAILABLE,0.000334,10773,14,0,3,1701245256091641929,1,NOT_ATTEMPTED,1081,87333,2,-1,343,false,238,229,12,1256,OVERLAPPING_LIDAR_INTERVAL previous_synchronized_end_ns=1701245256091641929 current_scan_start_ns=1701245256091320753 current_scan_end_ns=1701245256123955753 overlap_duration_ns=321176 scan_index=1253,1785256528442612570,false,9766,0.037831,16989504,7259,1256,9894,TRACKING,0.725318,911,13387
2662,1.000000,1257,sensor_time,/home/letandat/Dev/uav-navigation/src/navigation_estimator/fast_lio_ros/config/mid360_mutual_avoidance_uav1.yaml,ee37646f3b4668f13cad1febce5b79dcaa5f896c91709a9ca80740c72dcb0a3e,7265,1257,true,884,1,883,0.998869,0.000000,0.000000,0.000674,true,927,CORRECTED,0.000264,28851,13,0,3,1701245256158049610,0,SUCCEEDED,3169,87588,2,1701245256158049610,343,true,226,437,12,1257,LIDAR_CORRECTION_CONVERGED,1785256528510375509,true,24357,0.034993,16989504,7271,1258,9894,TRACKING,0.725537,912,34003
804,1.000000,1258,sensor_time,/home/letandat/Dev/uav-navigation/src/navigation_estimator/fast_lio_ros/config/mid360_mutual_avoidance_uav1.yaml,ee37646f3b4668f13cad1febce5b79dcaa5f896c91709a9ca80740c72dcb0a3e,7271,1258,true,885,1,884,0.998870,0.000000,0.000000,0.000674,true,968,CORRECTED,0.000334,14489,8,0,3,1701245256191169765,0,SUCCEEDED,1506,87643,2,1701245256191169765,343,true,137,250,12,1258,LIDAR_CORRECTION_CONVERGED,1785256528528322812,true,13066,0.042185,16989504,7274,1258,9894,TRACKING,0.725755,913,17663
804,1.000000,1259,,/home/letandat/Dev/uav-navigation/src/navigation_estimator/fast_lio_ros/config/mid360_mutual_avoidance_uav1.yaml,ee37646f3b4668f13cad1febce5b79dcaa5f896c91709a9ca80740c72dcb0a3e,7276,1259,false,885,1,884,0.998870,0.000000,0.000000,0.000674,true,968,UNAVAILABLE,0.000334,14489,8,0,3,1701245256191169765,1,NOT_ATTEMPTED,1506,87643,2,-1,344,false,137,250,12,1259,OVERLAPPING_LIDAR_INTERVAL previous_synchronized_end_ns=1701245256191169765 current_scan_start_ns=1701245256191035509 current_scan_end_ns=1701245256223670509 overlap_duration_ns=134256 scan_index=1256,1785256528542165617,false,13066,0.042185,16989504,7277,1259,9894,TRACKING,0.725179,913,17663
2620,1.000000,1260,sensor_time,/home/letandat/Dev/uav-navigation/src/navigation_estimator/fast_lio_ros/config/mid360_mutual_avoidance_uav1.yaml,ee37646f3b4668f13cad1febce5b79dcaa5f896c91709a9ca80740c72dcb0a3e,7282,1260,true,886,1,885,0.998871,0.000000,0.000000,0.000666,true,831,CORRECTED,0.000097,37144,14,0,4,1701245256257940557,0,SUCCEEDED,2959,87846,2,1701245256257940557,344,true,224,425,12,1260,LIDAR_CORRECTION_CONVERGED,1785256528618464334,true,31803,0.034155,16989504,7290,1261,9894,TRACKING,0.725397,914,41961
946,1.000000,1261,sensor_time,/home/letandat/Dev/uav-navigation/src/navigation_estimator/fast_lio_ros/config/mid360_mutual_avoidance_uav1.yaml,ee37646f3b4668f13cad1febce5b79dcaa5f896c91709a9ca80740c72dcb0a3e,7288,1261,true,887,1,886,0.998873,0.000000,0.000000,0.000667,true,874,CORRECTED,0.000056,14657,7,0,3,1701245256291160372,0,SUCCEEDED,1709,87907,2,1701245256291160372,344,true,112,235,12,1261,LIDAR_CORRECTION_CONVERGED,1785256528636582302,true,13067,0.040131,16989504,7293,1261,9894,TRACKING,0.725615,915,17871
451,1.000000,1262,sensor_time,/home/letandat/Dev/uav-navigation/src/navigation_estimator/fast_lio_ros/config/mid360_mutual_avoidance_uav1.yaml,ee37646f3b4668f13cad1febce5b79dcaa5f896c91709a9ca80740c72dcb0a3e,7294,1262,true,888,1,887,0.998874,0.000000,0.000000,0.000671,true,876,CORRECTED,0.000067,7061,8,0,3,1701245256325079944,0,SUCCEEDED,679,87933,2,1701245256325079944,344,true,132,170,12,1262,LIDAR_CORRECTION_CONVERGED,1785256528652505394,true,6355,0.043493,16989504,7296,1262,9894,TRACKING,0.725832,916,9073
451,1.000000,1263,,/home/letandat/Dev/uav-navigation/src/navigation_estimator/fast_lio_ros/config/mid360_mutual_avoidance_uav1.yaml,ee37646f3b4668f13cad1febce5b79dcaa5f896c91709a9ca80740c72dcb0a3e,7300,1263,false,888,1,887,0.998874,0.000000,0.000000,0.000671,true,876,UNAVAILABLE,0.000067,7061,8,0,3,1701245256325079944,1,NOT_ATTEMPTED,679,87933,2,-1,345,false,132,170,12,1263,OVERLAPPING_LIDAR_INTERVAL previous_synchronized_end_ns=1701245256325079944 current_scan_start_ns=1701245256324692965 current_scan_end_ns=1701245256357327965 overlap_duration_ns=386979 scan_index=1260,1785256528675705054,false,6355,0.043493,16989504,7300,1263,9894,TRACKING,0.725257,916,9073
1009,1.000000,1264,sensor_time,/home/letandat/Dev/uav-navigation/src/navigation_estimator/fast_lio_ros/config/mid360_mutual_avoidance_uav1.yaml,ee37646f3b4668f13cad1febce5b79dcaa5f896c91709a9ca80740c72dcb0a3e,7305,1264,true,889,1,888,0.998875,0.000000,0.000000,0.000673,true,825,CORRECTED,0.000443,15268,14,0,3,1701245256391632583,0,SUCCEEDED,1766,87999,2,1701245256391632583,345,true,240,254,12,1264,LIDAR_CORRECTION_CONVERGED,1785256528728617822,true,13546,0.037852,16989504,7309,1264,9894,TRACKING,0.725475,917,18539
1009,1.000000,1265,,/home/letandat/Dev/uav-navigation/src/navigation_estimator/fast_lio_ros/config/mid360_mutual_avoidance_uav1.yaml,ee37646f3b4668f13cad1febce5b79dcaa5f896c91709a9ca80740c72dcb0a3e,7311,1265,false,889,1,888,0.998875,0.000000,0.000000,0.000673,true,825,UNAVAILABLE,0.000443,15268,14,0,3,1701245256391632583,1,NOT_ATTEMPTED,1766,87999,2,-1,346,false,240,254,12,1265,OVERLAPPING_LIDAR_INTERVAL previous_synchronized_end_ns=1701245256391632583 current_scan_start_ns=1701245256391298294 current_scan_end_ns=1701245256423933294 overlap_duration_ns=334289 scan_index=1262,1785256528742493110,false,13546,0.037852,16989504,7311,1265,9894,TRACKING,0.724901,917,18539
2512,1.000000,1266,sensor_time,/home/letandat/Dev/uav-navigation/src/navigation_estimator/fast_lio_ros/config/mid360_mutual_avoidance_uav1.yaml,ee37646f3b4668f13cad1febce5b79dcaa5f896c91709a9ca80740c72dcb0a3e,7317,1266,true,890,1,889,0.998876,0.000000,0.000000,0.000660,true,866,CORRECTED,0.000221,36719,13,0,4,1701245256457998302,0,SUCCEEDED,2893,88172,2,1701245256457998302,346,true,238,433,12,1266,LIDAR_CORRECTION_CONVERGED,1785256528818062658,true,31626,0.032298,16989504,7324,1267,9894,TRACKING,0.725118,918,41534
1157,1.000000,1267,sensor_time,/home/letandat/Dev/uav-navigation/src/navigation_estimator/fast_lio_ros/config/mid360_mutual_avoidance_uav1.yaml,ee37646f3b4668f13cad1febce5b79dcaa5f896c91709a9ca80740c72dcb0a3e,7323,1267,true,891,1,890,0.998878,0.000000,0.000000,0.000659,true,879,CORRECTED,0.000046,16861,8,0,3,1701245256491159227,0,SUCCEEDED,1954,88252,2,1701245256491159227,346,true,125,268,12,1267,LIDAR_CORRECTION_CONVERGED,1785256528848839647,true,14918,0.036992,16989504,7330,1268,9870,TRACKING,0.725335,919,30245
327,1.000000,1268,sensor_time,/home/letandat/Dev/uav-navigation/src/navigation_estimator/fast_lio_ros/config/mid360_mutual_avoidance_uav1.yaml,ee37646f3b4668f13cad1febce5b79dcaa5f896c91709a9ca80740c72dcb0a3e,7329,1268,true,892,1,891,0.998879,0.000000,0.000000,0.000663,true,1068,CORRECTED,0.000199,4146,8,0,2,1701245256524957445,0,SUCCEEDED,541,88268,2,1701245256524957445,346,true,145,166,12,1268,LIDAR_CORRECTION_CONVERGED,1785256528856084210,true,3760,0.034594,16989504,7331,1268,9870,TRACKING,0.725552,920,6238
2576,1.000000,1269,sensor_time,/home/letandat/Dev/uav-navigation/src/navigation_estimator/fast_lio_ros/config/mid360_mutual_avoidance_uav1.yaml,ee37646f3b4668f13cad1febce5b79dcaa5f896c91709a9ca80740c72dcb0a3e,7334,1269,true,893,1,892,0.998880,0.000000,0.000000,0.000652,true,872,CORRECTED,0.000307,29378,8,0,3,1701245256557946947,0,SUCCEEDED,3484,88456,2,1701245256557946947,346,true,136,455,12,1269,LIDAR_CORRECTION_CONVERGED,1785256528911230573,true,25176,0.035569,16989504,7341,1270,9870,TRACKING,0.725768,921,34704
1200,1.000000,1270,sensor_time,/home/letandat/Dev/uav-navigation/src/navigation_estimator/fast_lio_ros/config/mid360_mutual_avoidance_uav1.yaml,ee37646f3b4668f13cad1febce5b79dcaa5f896c91709a9ca80740c72dcb0a3e,7340,1270,true,894,1,893,0.998881,0.000000,0.000000,0.000652,true,948,CORRECTED,0.000059,19436,7,0,3,1701245256591171530,0,SUCCEEDED,2208,88551,2,1701245256591171530,346,true,123,308,12,1270,LIDAR_CORRECTION_CONVERGED,1785256528934944431,true,17297,0.039724,16989504,7345,1270,9870,TRACKING,0.725984,922,23395
246,1.000000,1271,sensor_time,/home/letandat/Dev/uav-navigation/src/navigation_estimator/fast_lio_ros/config/mid360_mutual_avoidance_uav1.yaml,ee37646f3b4668f13cad1febce5b79dcaa5f896c91709a9ca80740c72dcb0a3e,7346,1271,true,895,1,894,0.998883,0.000000,0.000000,0.000657,true,946,CORRECTED,0.000000,3909,8,0,3,1701245256625144031,0,SUCCEEDED,286,88554,2,1701245256625144031,346,true,147,119,12,1271,LIDAR_CORRECTION_CONVERGED,1785256528949049239,true,3530,0.034592,16989504,7347,1271,9870,TRACKING,0.726200,923,5538
246,1.000000,1272,,/home/letandat/Dev/uav-navigation/src/navigation_estimator/fast_lio_ros/config/mid360_mutual_avoidance_uav1.yaml,ee37646f3b4668f13cad1febce5b79dcaa5f896c91709a9ca80740c72dcb0a3e,7352,1272,false,895,1,894,0.998883,0.000000,0.000000,0.000657,true,946,UNAVAILABLE,0.000000,3909,8,0,3,1701245256625144031,1,NOT_ATTEMPTED,286,88554,2,-1,347,false,147,119,12,1272,OVERLAPPING_LIDAR_INTERVAL previous_synchronized_end_ns=1701245256625144031 current_scan_start_ns=1701245256624739170 current_scan_end_ns=1701245256657374170 overlap_duration_ns=404861 scan_index=1269,1785256528975965822,false,3530,0.034592,16989504,7352,1272,9870,TRACKING,0.725629,923,5538
1347,1.000000,1273,sensor_time,/home/letandat/Dev/uav-navigation/src/navigation_estimator/fast_lio_ros/config/mid360_mutual_avoidance_uav1.yaml,ee37646f3b4668f13cad1febce5b79dcaa5f896c91709a9ca80740c72dcb0a3e,7358,1273,true,896,1,895,0.998884,0.000000,0.000000,0.000657,true,870,CORRECTED,0.000054,27353,14,0,4,1701245256691641119,0,SUCCEEDED,2488,88653,2,1701245256691641119,347,true,240,312,12,1273,LIDAR_CORRECTION_CONVERGED,1785256529041762556,true,24220,0.040721,16989504,7363,1273,9870,TRACKING,0.725844,924,31489
1347,1.000000,1274,,/home/letandat/Dev/uav-navigation/src/navigation_estimator/fast_lio_ros/config/mid360_mutual_avoidance_uav1.yaml,ee37646f3b4668f13cad1febce5b79dcaa5f896c91709a9ca80740c72dcb0a3e,7363,1274,false,896,1,895,0.998884,0.000000,0.000000,0.000657,true,870,UNAVAILABLE,0.000054,27353,14,0,4,1701245256691641119,1,NOT_ATTEMPTED,2488,88653,2,-1,348,false,240,312,12,1274,OVERLAPPING_LIDAR_INTERVAL previous_synchronized_end_ns=1701245256691641119 current_scan_start_ns=1701245256691311359 current_scan_end_ns=1701245256723946359 overlap_duration_ns=329760 scan_index=1271,1785256529042129939,false,24220,0.040721,16989504,7363,1274,9870,TRACKING,0.725275,924,31489
2579,1.000000,1275,sensor_time,/home/letandat/Dev/uav-navigation/src/navigation_estimator/fast_lio_ros/config/mid360_mutual_avoidance_uav1.yaml,ee37646f3b4668f13cad1febce5b79dcaa5f896c91709a9ca80740c72dcb0a3e,7369,1275,true,897,1,896,0.998885,0.000000,0.000000,0.000647,true,892,CORRECTED,0.000129,31203,14,0,3,1701245256757986572,0,SUCCEEDED,3609,88811,2,1701245256757986572,348,true,226,456,12,1275,LIDAR_CORRECTION_CONVERGED,1785256529113579137,true,26832,0.034609,16989504,7376,1276,9870,TRACKING,0.725490,925,36827
1533,1.000000,1276,sensor_time,/home/letandat/Dev/uav-navigation/src/navigation_estimator/fast_lio_ros/config/mid360_mutual_avoidance_uav1.yaml,ee37646f3b4668f13cad1febce5b79dcaa5f896c91709a9ca80740c72dcb0a3e,7375,1276,true,898,1,897,0.998886,0.000000,0.000000,0.000644,true,1015,CORRECTED,0.000097,23733,7,0,3,1701245256791209009,0,SUCCEEDED,2786,88935,2,1701245256791209009,348,true,124,350,12,1276,LIDAR_CORRECTION_CONVERGED,1785256529142363321,true,20931,0.037455,16989504,7381,1277,9870,TRACKING,0.725705,926,28398
1533,1.000000,1277,,/home/letandat/Dev/uav-navigation/src/navigation_estimator/fast_lio_ros/config/mid360_mutual_avoidance_uav1.yaml,ee37646f3b4668f13cad1febce5b79dcaa5f896c91709a9ca80740c72dcb0a3e,7381,1277,false,898,1,897,0.998886,0.000000,0.000000,0.000644,true,1015,UNAVAILABLE,0.000097,23733,7,0,3,1701245256791209009,1,NOT_ATTEMPTED,2786,88935,2,-1,349,false,124,350,12,1277,OVERLAPPING_LIDAR_INTERVAL previous_synchronized_end_ns=1701245256791209009 current_scan_start_ns=1701245256790985107 current_scan_end_ns=1701245256823620107 overlap_duration_ns=223902 scan_index=1274,1785256529142405722,false,20931,0.037455,16989504,7381,1277,9870,TRACKING,0.725137,926,28398
2431,1.000000,1278,sensor_time,/home/letandat/Dev/uav-navigation/src/navigation_estimator/fast_lio_ros/config/mid360_mutual_avoidance_uav1.yaml,ee37646f3b4668f13cad1febce5b79dcaa5f896c91709a9ca80740c72dcb0a3e,7386,1278,true,899,1,898,0.998888,0.000000,0.000000,0.000641,true,869,CORRECTED,0.000225,29065,14,0,3,1701245256857937601,0,SUCCEEDED,4012,89096,2,1701245256857937601,349,true,236,446,12,1278,LIDAR_CORRECTION_CONVERGED,1785256529211509091,true,25166,0.033745,16989504,7393,1279,9870,TRACKING,0.725352,927,35069
1651,1.000000,1279,sensor_time,/home/letandat/Dev/uav-navigation/src/navigation_estimator/fast_lio_ros/config/mid360_mutual_avoidance_uav1.yaml,ee37646f3b4668f13cad1febce5b79dcaa5f896c91709a9ca80740c72dcb0a3e,7392,1279,true,900,1,899,0.998889,0.000000,0.000000,0.000639,true,973,CORRECTED,0.000057,23771,8,0,3,1701245256891109255,0,SUCCEEDED,2579,89211,2,1701245256891109255,349,true,135,332,12,1279,LIDAR_CORRECTION_CONVERGED,1785256529240029331,true,20982,0.036191,16989504,7398,1279,9870,TRACKING,0.725567,928,28186
95,1.000000,1280,sensor_time,/home/letandat/Dev/uav-navigation/src/navigation_estimator/fast_lio_ros/config/mid360_mutual_avoidance_uav1.yaml,ee37646f3b4668f13cad1febce5b79dcaa5f896c91709a9ca80740c72dcb0a3e,7398,1280,true,901,1,900,0.998890,0.000000,0.000000,0.000645,true,875,CORRECTED,0.000001,1033,7,0,2,1701245256925057438,0,SUCCEEDED,98,89212,2,1701245256925057438,349,true,123,77,12,1280,LIDAR_CORRECTION_CONVERGED,1785256529255459601,true,905,0.035371,16989504,7400,1280,9474,TRACKING,0.725781,929,11832
95,1.000000,1281,,/home/letandat/Dev/uav-navigation/src/navigation_estimator/fast_lio_ros/config/mid360_mutual_avoidance_uav1.yaml,ee37646f3b4668f13cad1febce5b79dcaa5f896c91709a9ca80740c72dcb0a3e,7404,1281,false,901,1,900,0.998890,0.000000,0.000000,0.000645,true,875,UNAVAILABLE,0.000001,1033,7,0,2,1701245256925057438,1,NOT_ATTEMPTED,98,89212,2,-1,350,false,123,77,12,1281,OVERLAPPING_LIDAR_INTERVAL previous_synchronized_end_ns=1701245256925057438 current_scan_start_ns=1701245256924774647 current_scan_end_ns=1701245256957409647 overlap_duration_ns=282791 scan_index=1278,1785256529275978500,false,905,0.035371,16989504,7404,1281,9474,TRACKING,0.725215,929,11832
1769,1.000000,1282,sensor_time,/home/letandat/Dev/uav-navigation/src/navigation_estimator/fast_lio_ros/config/mid360_mutual_avoidance_uav1.yaml,ee37646f3b4668f13cad1febce5b79dcaa5f896c91709a9ca80740c72dcb0a3e,7410,1282,true,902,1,901,0.998891,0.000000,0.000000,0.000643,true,880,CORRECTED,0.000842,24060,14,0,3,1701245256991625335,0,SUCCEEDED,2766,89338,2,1701245256991625335,350,true,222,369,12,1282,LIDAR_CORRECTION_CONVERGED,1785256529338571161,true,21207,0.034674,16989504,7415,1282,9474,TRACKING,0.725429,930,28562
1769,1.000000,1283,,/home/letandat/Dev/uav-navigation/src/navigation_estimator/fast_lio_ros/config/mid360_mutual_avoidance_uav1.yaml,ee37646f3b4668f13cad1febce5b79dcaa5f896c91709a9ca80740c72dcb0a3e,7415,1283,false,902,1,901,0.998891,0.000000,0.000000,0.000643,true,880,UNAVAILABLE,0.000842,24060,14,0,3,1701245256991625335,1,NOT_ATTEMPTED,2766,89338,2,-1,351,false,222,369,12,1283,OVERLAPPING_LIDAR_INTERVAL previous_synchronized_end_ns=1701245256991625335 current_scan_start_ns=1701245256991281986 current_scan_end_ns=1701245257023916986 overlap_duration_ns=343349 scan_index=1280,1785256529342525292,false,21207,0.034674,16989504,7416,1283,9474,TRACKING,0.724864,930,28562
2223,1.000000,1284,sensor_time,/home/letandat/Dev/uav-navigation/src/navigation_estimator/fast_lio_ros/config/mid360_mutual_avoidance_uav1.yaml,ee37646f3b4668f13cad1febce5b79dcaa5f896c91709a9ca80740c72dcb0a3e,7421,1284,true,903,1,902,0.998893,0.000000,0.000000,0.000638,true,864,CORRECTED,0.000257,27895,14,0,3,1701245257057999399,0,SUCCEEDED,3495,89503,2,1701245257057999399,351,true,237,399,12,1284,LIDAR_CORRECTION_CONVERGED,1785256529409857027,true,24266,0.037526,16989504,7427,1285,9474,TRACKING,0.725078,931,33345
1945,1.000000,1285,sensor_time,/home/letandat/Dev/uav-navigation/src/navigation_estimator/fast_lio_ros/config/mid360_mutual_avoidance_uav1.yaml,ee37646f3b4668f13cad1febce5b79dcaa5f896c91709a9ca80740c72dcb0a3e,7427,1285,true,904,1,903,0.998894,0.000000,0.000000,0.000634,true,969,CORRECTED,0.000259,27203,7,0,3,1701245257091338184,0,SUCCEEDED,3112,89612,2,1701245257091338184,351,true,122,379,12,1285,LIDAR_CORRECTION_CONVERGED,1785256529442487975,true,23809,0.034163,16989504,7433,1286,9474,TRACKING,0.725292,932,32220
1945,1.000000,1286,,/home/letandat/Dev/uav-navigation/src/navigation_estimator/fast_lio_ros/config/mid360_mutual_avoidance_uav1.yaml,ee37646f3b4668f13cad1febce5b79dcaa5f896c91709a9ca80740c72dcb0a3e,7433,1286,false,904,1,903,0.998894,0.000000,0.000000,0.000634,true,969,UNAVAILABLE,0.000259,27203,7,0,3,1701245257091338184,1,NOT_ATTEMPTED,3112,89612,2,-1,352,false,122,379,12,1286,OVERLAPPING_LIDAR_INTERVAL previous_synchronized_end_ns=1701245257091338184 current_scan_start_ns=1701245257090952396 current_scan_end_ns=1701245257123587396 overlap_duration_ns=385788 scan_index=1283,1785256529442518761,false,23809,0.034163,16989504,7433,1286,9474,TRACKING,0.724728,932,32220
2125,1.000000,1287,sensor_time,/home/letandat/Dev/uav-navigation/src/navigation_estimator/fast_lio_ros/config/mid360_mutual_avoidance_uav1.yaml,ee37646f3b4668f13cad1febce5b79dcaa5f896c91709a9ca80740c72dcb0a3e,7439,1287,true,905,1,904,0.998895,0.000000,0.000000,0.000633,true,877,CORRECTED,0.000321,37703,14,0,4,1701245257157924917,0,SUCCEEDED,3408,89784,2,1701245257157924917,352,true,223,405,12,1287,LIDAR_CORRECTION_CONVERGED,1785256529519361831,true,32863,0.037615,16989504,7446,1288,9474,TRACKING,0.724942,933,43020
2096,1.000000,1288,sensor_time,/home/letandat/Dev/uav-navigation/src/navigation_estimator/fast_lio_ros/config/mid360_mutual_avoidance_uav1.yaml,ee37646f3b4668f13cad1febce5b79dcaa5f896c91709a9ca80740c72dcb0a3e,7444,1288,true,906,1,905,0.998896,0.000000,0.000000,0.000630,true,993,CORRECTED,0.000068,29033,8,0,3,1701245257191164043,0,SUCCEEDED,3247,89942,2,1701245257191164043,352,true,139,398,12,1288,LIDAR_CORRECTION_CONVERGED,1785256529553914213,true,25359,0.034707,16989504,7452,1289,9474,TRACKING,0.725155,934,34220
63,1.000000,1289,sensor_time,/home/letandat/Dev/uav-navigation/src/navigation_estimator/fast_lio_ros/config/mid360_mutual_avoidance_uav1.yaml,ee37646f3b4668f13cad1febce5b79dcaa5f896c91709a9ca80740c72dcb0a3e,7450,1289,true,907,1,906,0.998897,0.000000,0.000000,0.000636,true,1024,CORRECTED,0.000003,946,8,0,2,1701245257225080517,0,SUCCEEDED,96,89944,2,1701245257225080517,352,true,143,72,12,1289,LIDAR_CORRECTION_CONVERGED,1785256529556619684,true,812,0.041076,16989504,7453,1289,9474,TRACKING,0.725369,935,2465
63,1.000000,1290,,/home/letandat/Dev/uav-navigation/src/navigation_estimator/fast_lio_ros/config/mid360_mutual_avoidance_uav1.yaml,ee37646f3b4668f13cad1febce5b79dcaa5f896c91709a9ca80740c72dcb0a3e,7456,1290,false,907,1,906,0.998897,0.000000,0.000000,0.000636,true,1024,UNAVAILABLE,0.000003,946,8,0,2,1701245257225080517,1,NOT_ATTEMPTED,96,89944,2,-1,353,false,143,72,12,1290,OVERLAPPING_LIDAR_INTERVAL previous_synchronized_end_ns=1701245257225080517 current_scan_start_ns=1701245257224699736 current_scan_end_ns=1701245257257334736 overlap_duration_ns=380781 scan_index=1287,1785256529575674243,false,812,0.041076,16989504,7456,1290,9474,TRACKING,0.724806,935,2465
2181,1.000000,1291,sensor_time,/home/letandat/Dev/uav-navigation/src/navigation_estimator/fast_lio_ros/config/mid360_mutual_avoidance_uav1.yaml,ee37646f3b4668f13cad1febce5b79dcaa5f896c91709a9ca80740c72dcb0a3e,7462,1291,true,908,1,907,0.998899,0.000000,0.000000,0.000632,true,875,CORRECTED,0.000059,37812,13,0,4,1701245257291610029,0,SUCCEEDED,3577,90126,2,1701245257291610029,353,true,217,394,12,1291,LIDAR_CORRECTION_CONVERGED,1785256529653699724,true,32844,0.032598,16989504,7469,1292,9474,TRACKING,0.725019,936,43138
2181,1.000000,1292,,/home/letandat/Dev/uav-navigation/src/navigation_estimator/fast_lio_ros/config/mid360_mutual_avoidance_uav1.yaml,ee37646f3b4668f13cad1febce5b79dcaa5f896c91709a9ca80740c72dcb0a3e,7467,1292,false,908,1,907,0.998899,0.000000,0.000000,0.000632,true,875,UNAVAILABLE,0.000059,37812,13,0,4,1701245257291610029,1,NOT_ATTEMPTED,3577,90126,2,-1,354,false,217,394,12,1292,OVERLAPPING_LIDAR_INTERVAL previous_synchronized_end_ns=1701245257291610029 current_scan_start_ns=1701245257291335106 current_scan_end_ns=1701245257323970106 overlap_duration_ns=274923 scan_index=1289,1785256529653736598,false,32844,0.032598,16989504,7469,1292,9474,TRACKING,0.724458,936,43138
1675,1.000000,1293,sensor_time,/home/letandat/Dev/uav-navigation/src/navigation_estimator/fast_lio_ros/config/mid360_mutual_avoidance_uav1.yaml,ee37646f3b4668f13cad1febce5b79dcaa5f896c91709a9ca80740c72dcb0a3e,7473,1293,true,909,1,908,0.998900,0.000000,0.000000,0.000632,true,879,CORRECTED,0.000211,31618,14,0,4,1701245257357990530,0,SUCCEEDED,2937,90256,2,1701245257357990530,354,true,226,362,12,1293,LIDAR_CORRECTION_CONVERGED,1785256529713099509,true,27881,0.039474,16989504,7480,1294,9474,TRACKING,0.724671,937,36424
2411,1.000000,1294,sensor_time,/home/letandat/Dev/uav-navigation/src/navigation_estimator/fast_lio_ros/config/mid360_mutual_avoidance_uav1.yaml,ee37646f3b4668f13cad1febce5b79dcaa5f896c91709a9ca80740c72dcb0a3e,7479,1294,true,910,1,909,0.998901,0.000000,0.000000,0.000626,true,997,CORRECTED,0.000531,32271,7,0,3,1701245257391186025,0,SUCCEEDED,3797,90461,2,1701245257391186025,354,true,126,444,12,1294,LIDAR_CORRECTION_CONVERGED,1785256529751574964,true,28075,0.035902,16989504,7486,1295,9474,TRACKING,0.724884,938,38067
2411,1.000000,1295,,/home/letandat/Dev/uav-navigation/src/navigation_estimator/fast_lio_ros/config/mid360_mutual_avoidance_uav1.yaml,ee37646f3b4668f13cad1febce5b79dcaa5f896c91709a9ca80740c72dcb0a3e,7485,1295,false,910,1,909,0.998901,0.000000,0.000000,0.000626,true,997,UNAVAILABLE,0.000531,32271,7,0,3,1701245257391186025,1,NOT_ATTEMPTED,3797,90461,2,-1,355,false,126,444,12,1295,OVERLAPPING_LIDAR_INTERVAL previous_synchronized_end_ns=1701245257391186025 current_scan_start_ns=1701245257391000032 current_scan_end_ns=1701245257423635032 overlap_duration_ns=185993 scan_index=1292,1785256529751776525,false,28075,0.035902,16989504,7486,1295,9474,TRACKING,0.724324,938,38067
1413,1.000000,1296,sensor_time,/home/letandat/Dev/uav-navigation/src/navigation_estimator/fast_lio_ros/config/mid360_mutual_avoidance_uav1.yaml,ee37646f3b4668f13cad1febce5b79dcaa5f896c91709a9ca80740c72dcb0a3e,7491,1296,true,911,1,910,0.998902,0.000000,0.000000,0.000629,true,846,CORRECTED,0.000065,28326,14,0,4,1701245257457949426,0,SUCCEEDED,2600,90548,2,1701245257457949426,355,true,239,312,12,1296,LIDAR_CORRECTION_CONVERGED,1785256529820299510,true,25048,0.038683,16989504,7499,1297,10807,TRACKING,0.724537,939,43549
2482,1.000000,1297,sensor_time,/home/letandat/Dev/uav-navigation/src/navigation_estimator/fast_lio_ros/config/mid360_mutual_avoidance_uav1.yaml,ee37646f3b4668f13cad1febce5b79dcaa5f896c91709a9ca80740c72dcb0a3e,7496,1297,true,912,1,911,0.998904,0.000000,0.000000,0.000623,true,1032,CORRECTED,0.000239,32968,8,0,3,1701245257491166141,0,SUCCEEDED,3985,90758,2,1701245257491166141,355,true,145,493,12,1297,LIDAR_CORRECTION_CONVERGED,1785256529860453954,true,28554,0.036155,16989504,7506,1298,10807,TRACKING,0.724749,940,39063
154,1.000000,1298,sensor_time,/home/letandat/Dev/uav-navigation/src/navigation_estimator/fast_lio_ros/config/mid360_mutual_avoidance_uav1.yaml,ee37646f3b4668f13cad1febce5b79dcaa5f896c91709a9ca80740c72dcb0a3e,7502,1298,true,913,1,912,0.998905,0.000000,0.000000,0.000629,true,1022,CORRECTED,0.000051,2045,8,0,2,1701245257525041607,0,SUCCEEDED,211,90761,2,1701245257525041607,355,true,144,95,12,1298,LIDAR_CORRECTION_CONVERGED,1785256529864402803,true,1832,0.032276,16989504,7506,1298,10807,TRACKING,0.724961,941,3731
154,1.000000,1299,,/home/letandat/Dev/uav-navigation/src/navigation_estimator/fast_lio_ros/config/mid360_mutual_avoidance_uav1.yaml,ee37646f3b4668f13cad1febce5b79dcaa5f896c91709a9ca80740c72dcb0a3e,7508,1299,false,913,1,912,0.998905,0.000000,0.000000,0.000629,true,1022,UNAVAILABLE,0.000051,2045,8,0,2,1701245257525041607,1,NOT_ATTEMPTED,211,90761,2,-1,356,false,144,95,12,1299,OVERLAPPING_LIDAR_INTERVAL previous_synchronized_end_ns=1701245257525041607 current_scan_start_ns=1701245257524695158 current_scan_end_ns=1701245257557330158 overlap_duration_ns=346449 scan_index=1296,1785256529875838140,false,1832,0.032276,16989504,7508,1299,10807,TRACKING,0.724403,941,3731
2459,1.000000,1300,sensor_time,/home/letandat/Dev/uav-navigation/src/navigation_estimator/fast_lio_ros/config/mid360_mutual_avoidance_uav1.yaml,ee37646f3b4668f13cad1febce5b79dcaa5f896c91709a9ca80740c72dcb0a3e,7514,1300,true,914,1,913,0.998906,0.000000,0.000000,0.000625,true,918,CORRECTED,0.000151,30989,13,0,3,1701245257591666487,0,SUCCEEDED,4021,90983,2,1701245257591666487,356,true,234,452,12,1300,LIDAR_CORRECTION_CONVERGED,1785256529947083345,true,26982,0.035344,16989504,7520,1301,10807,TRACKING,0.724615,942,36992
2459,1.000000,1301,,/home/letandat/Dev/uav-navigation/src/navigation_estimator/fast_lio_ros/config/mid360_mutual_avoidance_uav1.yaml,ee37646f3b4668f13cad1febce5b79dcaa5f896c91709a9ca80740c72dcb0a3e,7519,1301,false,914,1,913,0.998906,0.000000,0.000000,0.000625,true,918,UNAVAILABLE,0.000151,30989,13,0,3,1701245257591666487,1,NOT_ATTEMPTED,4021,90983,2,-1,357,false,234,452,12,1301,OVERLAPPING_LIDAR_INTERVAL previous_synchronized_end_ns=1701245257591666487 current_scan_start_ns=1701245257591294050 current_scan_end_ns=1701245257623929050 overlap_duration_ns=372437 scan_index=1298,1785256529947119116,false,26982,0.035344,16989504,7520,1301,10807,TRACKING,0.724058,942,36992
1181,1.000000,1302,sensor_time,/home/letandat/Dev/uav-navigation/src/navigation_estimator/fast_lio_ros/config/mid360_mutual_avoidance_uav1.yaml,ee37646f3b4668f13cad1febce5b79dcaa5f896c91709a9ca80740c72dcb0a3e,7526,1302,true,915,1,914,0.998907,0.000000,0.000000,0.000629,true,867,CORRECTED,0.000559,17789,14,0,3,1701245257657975223,0,SUCCEEDED,1952,91063,2,1701245257657975223,357,true,236,316,12,1302,LIDAR_CORRECTION_CONVERGED,1785256529997839949,true,15932,0.038323,16989504,7529,1302,10807,TRACKING,0.724270,943,21538
2432,1.000000,1303,sensor_time,/home/letandat/Dev/uav-navigation/src/navigation_estimator/fast_lio_ros/config/mid360_mutual_avoidance_uav1.yaml,ee37646f3b4668f13cad1febce5b79dcaa5f896c91709a9ca80740c72dcb0a3e,7531,1303,true,916,1,915,0.998908,0.000000,0.000000,0.000621,true,865,CORRECTED,0.000273,30826,7,0,3,1701245257691119459,0,SUCCEEDED,4116,91280,2,1701245257691119459,357,true,116,428,12,1303,LIDAR_CORRECTION_CONVERGED,1785256530046344892,true,26647,0.035583,16989504,7538,1304,10807,TRACKING,0.724482,944,36777
242,1.000000,1304,sensor_time,/home/letandat/Dev/uav-navigation/src/navigation_estimator/fast_lio_ros/config/mid360_mutual_avoidance_uav1.yaml,ee37646f3b4668f13cad1febce5b79dcaa5f896c91709a9ca80740c72dcb0a3e,7537,1304,true,917,1,916,0.998909,0.000000,0.000000,0.000627,true,996,CORRECTED,0.000031,3044,8,0,2,1701245257724938181,0,SUCCEEDED,370,91287,2,1701245257724938181,357,true,137,112,12,1304,LIDAR_CORRECTION_CONVERGED,1785256530051432464,true,2745,0.034293,16989504,7538,1304,10807,TRACKING,0.724693,945,4883
1013,1.000000,1305,sensor_time,/home/letandat/Dev/uav-navigation/src/navigation_estimator/fast_lio_ros/config/mid360_mutual_avoidance_uav1.yaml,ee37646f3b4668f13cad1febce5b79dcaa5f896c91709a9ca80740c72dcb0a3e,7543,1305,true,918,1,917,0.998911,0.000000,0.000000,0.000627,true,822,CORRECTED,0.000030,16609,8,0,3,1701245257757948663,0,SUCCEEDED,1877,91343,2,1701245257757948663,357,true,117,278,12,1305,LIDAR_CORRECTION_CONVERGED,1785256530096114573,true,14947,0.040071,16989504,7546,1305,10807,TRACKING,0.724904,946,19871
2426,1.000000,1306,sensor_time,/home/letandat/Dev/uav-navigation/src/navigation_estimator/fast_lio_ros/config/mid360_mutual_avoidance_uav1.yaml,ee37646f3b4668f13cad1febce5b79dcaa5f896c91709a9ca80740c72dcb0a3e,7548,1306,true,919,1,918,0.998912,0.000000,0.000000,0.000620,true,833,CORRECTED,0.000129,31190,8,0,3,1701245257791104343,0,SUCCEEDED,3653,91526,2,1701245257791104343,357,true,130,423,12,1306,LIDAR_CORRECTION_CONVERGED,1785256530146388850,true,27047,0.036594,16989504,7555,1307,10807,TRACKING,0.725115,947,36722
257,1.000000,1307,sensor_time,/home/letandat/Dev/uav-navigation/src/navigation_estimator/fast_lio_ros/config/mid360_mutual_avoidance_uav1.yaml,ee37646f3b4668f13cad1febce5b79dcaa5f896c91709a9ca80740c72dcb0a3e,7554,1307,true,920,1,919,0.998913,0.000000,0.000000,0.000625,true,1021,CORRECTED,0.000043,4519,8,0,3,1701245257825077799,0,SUCCEEDED,345,91531,2,1701245257825077799,357,true,146,121,12,1307,LIDAR_CORRECTION_CONVERGED,1785256530153026832,true,4061,0.035059,16989504,7556,1307,10807,TRACKING,0.725325,948,6404
257,1.000000,1308,,/home/letandat/Dev/uav-navigation/src/navigation_estimator/fast_lio_ros/config/mid360_mutual_avoidance_uav1.yaml,ee37646f3b4668f13cad1febce5b79dcaa5f896c91709a9ca80740c72dcb0a3e,7560,1308,false,920,1,919,0.998913,0.000000,0.000000,0.000625,true,1021,UNAVAILABLE,0.000043,4519,8,0,3,1701245257825077799,1,NOT_ATTEMPTED,345,91531,2,-1,358,false,146,121,12,1308,OVERLAPPING_LIDAR_INTERVAL previous_synchronized_end_ns=1701245257825077799 current_scan_start_ns=1701245257824684143 current_scan_end_ns=1701245257857319143 overlap_duration_ns=393656 scan_index=1305,1785256530175736680,false,4061,0.035059,16989504,7560,1308,10807,TRACKING,0.724771,948,6404
2421,1.000000,1309,sensor_time,/home/letandat/Dev/uav-navigation/src/navigation_estimator/fast_lio_ros/config/mid360_mutual_avoidance_uav1.yaml,ee37646f3b4668f13cad1febce5b79dcaa5f896c91709a9ca80740c72dcb0a3e,7566,1309,true,921,1,920,0.998914,0.000000,0.000000,0.000622,true,866,CORRECTED,0.000402,30301,13,0,3,1701245257891628530,0,SUCCEEDED,3336,91688,2,1701245257891628530,358,true,210,413,12,1309,LIDAR_CORRECTION_CONVERGED,1785256530257078303,true,26281,0.033631,16989504,7574,1310,10467,TRACKING,0.724981,949,45977
2421,1.000000,1310,,/home/letandat/Dev/uav-navigation/src/navigation_estimator/fast_lio_ros/config/mid360_mutual_avoidance_uav1.yaml,ee37646f3b4668f13cad1febce5b79dcaa5f896c91709a9ca80740c72dcb0a3e,7571,1310,false,921,1,920,0.998914,0.000000,0.000000,0.000622,true,866,UNAVAILABLE,0.000402,30301,13,0,3,1701245257891628530,1,NOT_ATTEMPTED,3336,91688,2,-1,359,false,210,413,12,1310,OVERLAPPING_LIDAR_INTERVAL previous_synchronized_end_ns=1701245257891628530 current_scan_start_ns=1701245257891293764 current_scan_end_ns=1701245257923928764 overlap_duration_ns=334766 scan_index=1307,1785256530258247469,false,26281,0.033631,16989504,7575,1310,10467,TRACKING,0.724427,949,45977
822,1.000000,1311,sensor_time,/home/letandat/Dev/uav-navigation/src/navigation_estimator/fast_lio_ros/config/mid360_mutual_avoidance_uav1.yaml,ee37646f3b4668f13cad1febce5b79dcaa5f896c91709a9ca80740c72dcb0a3e,7577,1311,true,922,1,921,0.998915,0.000000,0.000000,0.000628,true,902,CORRECTED,0.000160,14252,14,0,3,1701245257957985666,0,SUCCEEDED,1663,91734,2,1701245257957985666,359,true,240,255,12,1311,LIDAR_CORRECTION_CONVERGED,1785256530293966588,true,12886,0.040102,16989504,7581,1311,10467,TRACKING,0.724638,950,17634
2297,1.000000,1312,sensor_time,/home/letandat/Dev/uav-navigation/src/navigation_estimator/fast_lio_ros/config/mid360_mutual_avoidance_uav1.yaml,ee37646f3b4668f13cad1febce5b79dcaa5f896c91709a9ca80740c72dcb0a3e,7583,1312,true,923,1,922,0.998917,0.000000,0.000000,0.000621,true,933,CORRECTED,0.000160,30088,8,0,3,1701245257991318014,0,SUCCEEDED,3375,91873,2,1701245257991318014,359,true,135,438,12,1312,LIDAR_CORRECTION_CONVERGED,1785256530345135502,true,25894,0.034880,16989504,7590,1313,10467,TRACKING,0.724848,951,35363
2297,1.000000,1313,,/home/letandat/Dev/uav-navigation/src/navigation_estimator/fast_lio_ros/config/mid360_mutual_avoidance_uav1.yaml,ee37646f3b4668f13cad1febce5b79dcaa5f896c91709a9ca80740c72dcb0a3e,7589,1313,false,923,1,922,0.998917,0.000000,0.000000,0.000621,true,933,UNAVAILABLE,0.000160,30088,8,0,3,1701245257991318014,1,NOT_ATTEMPTED,3375,91873,2,-1,360,false,135,438,12,1313,OVERLAPPING_LIDAR_INTERVAL previous_synchronized_end_ns=1701245257991318014 current_scan_start_ns=1701245257990945816 current_scan_end_ns=1701245258023580816 overlap_duration_ns=372198 scan_index=1310,1785256530345321992,false,25894,0.034880,16989504,7590,1313,10467,TRACKING,0.724296,951,35363
772,1.000000,1314,sensor_time,/home/letandat/Dev/uav-navigation/src/navigation_estimator/fast_lio_ros/config/mid360_mutual_avoidance_uav1.yaml,ee37646f3b4668f13cad1febce5b79dcaa5f896c91709a9ca80740c72dcb0a3e,7595,1314,true,924,1,923,0.998918,0.000000,0.000000,0.000628,true,878,CORRECTED,0.000064,12808,13,0,3,1701245258057939079,0,SUCCEEDED,1441,91919,2,1701245258057939079,360,true,206,231,12,1314,LIDAR_CORRECTION_CONVERGED,1785256530392216702,true,11520,0.039212,16989504,7598,1314,10467,TRACKING,0.724505,952,15874
2146,1.000000,1315,sensor_time,/home/letandat/Dev/uav-navigation/src/navigation_estimator/fast_lio_ros/config/mid360_mutual_avoidance_uav1.yaml,ee37646f3b4668f13cad1febce5b79dcaa5f896c91709a9ca80740c72dcb0a3e,7601,1315,true,925,1,924,0.998919,0.000000,0.000000,0.000622,true,886,CORRECTED,0.000078,27769,8,0,3,1701245258091241863,0,SUCCEEDED,3178,92047,2,1701245258091241863,360,true,129,402,12,1315,LIDAR_CORRECTION_CONVERGED,1785256530442646675,true,24102,0.033637,16989504,7607,1315,10467,TRACKING,0.724715,953,32760
364,1.000000,1316,sensor_time,/home/letandat/Dev/uav-navigation/src/navigation_estimator/fast_lio_ros/config/mid360_mutual_avoidance_uav1.yaml,ee37646f3b4668f13cad1febce5b79dcaa5f896c91709a9ca80740c72dcb0a3e,7607,1316,true,926,1,925,0.998920,0.000000,0.000000,0.000626,true,1089,CORRECTED,0.000000,7159,8,0,3,1701245258125069645,0,SUCCEEDED,661,92058,2,1701245258125069645,360,true,153,179,12,1316,LIDAR_CORRECTION_CONVERGED,1785256530453141572,true,6511,0.037935,16989504,7608,1316,10467,TRACKING,0.724924,954,9515
364,1.000000,1317,,/home/letandat/Dev/uav-navigation/src/navigation_estimator/fast_lio_ros/config/mid360_mutual_avoidance_uav1.yaml,ee37646f3b4668f13cad1febce5b79dcaa5f896c91709a9ca80740c72dcb0a3e,7612,1317,false,926,1,925,0.998920,0.000000,0.000000,0.000626,true,1089,UNAVAILABLE,0.000000,7159,8,0,3,1701245258125069645,1,NOT_ATTEMPTED,661,92058,2,-1,361,false,153,179,12,1317,OVERLAPPING_LIDAR_INTERVAL previous_synchronized_end_ns=1701245258125069645 current_scan_start_ns=1701245258124876022 current_scan_end_ns=1701245258157511022 overlap_duration_ns=193623 scan_index=1314,1785256530475949779,false,6511,0.037935,16989504,7612,1317,10467,TRACKING,0.724374,954,9515
2124,1.000000,1318,sensor_time,/home/letandat/Dev/uav-navigation/src/navigation_estimator/fast_lio_ros/config/mid360_mutual_avoidance_uav1.yaml,ee37646f3b4668f13cad1febce5b79dcaa5f896c91709a9ca80740c72dcb0a3e,7618,1318,true,927,1,926,0.998921,0.000000,0.000000,0.000624,true,825,CORRECTED,0.000200,26091,13,0,3,1701245258191607263,0,SUCCEEDED,2846,92196,2,1701245258191607263,361,true,196,391,12,1318,LIDAR_CORRECTION_CONVERGED,1785256530540765136,true,22598,0.034754,16989504,7624,1318,10467,TRACKING,0.724583,955,30669
2124,1.000000,1319,,/home/letandat/Dev/uav-navigation/src/navigation_estimator/fast_lio_ros/config/mid360_mutual_avoidance_uav1.yaml,ee37646f3b4668f13cad1febce5b79dcaa5f896c91709a9ca80740c72dcb0a3e,7624,1319,false,927,1,926,0.998921,0.000000,0.000000,0.000624,true,825,UNAVAILABLE,0.000200,26091,13,0,3,1701245258191607263,1,NOT_ATTEMPTED,2846,92196,2,-1,362,false,196,391,12,1319,OVERLAPPING_LIDAR_INTERVAL previous_synchronized_end_ns=1701245258191607263 current_scan_start_ns=1701245258191285610 current_scan_end_ns=1701245258223920610 overlap_duration_ns=321653 scan_index=1316,1785256530542283281,false,22598,0.034754,16989504,7624,1319,10467,TRACKING,0.724033,955,30669
672,1.000000,1320,sensor_time,/home/letandat/Dev/uav-navigation/src/navigation_estimator/fast_lio_ros/config/mid360_mutual_avoidance_uav1.yaml,ee37646f3b4668f13cad1febce5b79dcaa5f896c91709a9ca80740c72dcb0a3e,7630,1320,true,928,1,927,0.998922,0.000000,0.000000,0.000631,true,884,CORRECTED,0.000223,10621,14,0,3,1701245258257970836,0,SUCCEEDED,1086,92246,2,1701245258257970836,362,true,246,232,12,1320,LIDAR_CORRECTION_CONVERGED,1785256530589746878,true,9618,0.043422,16989504,7632,1320,10467,TRACKING,0.724242,956,13342
2207,1.000000,1321,sensor_time,/home/letandat/Dev/uav-navigation/src/navigation_estimator/fast_lio_ros/config/mid360_mutual_avoidance_uav1.yaml,ee37646f3b4668f13cad1febce5b79dcaa5f896c91709a9ca80740c72dcb0a3e,7635,1321,true,929,1,928,0.998924,0.000000,0.000000,0.000622,true,879,CORRECTED,0.000223,38944,8,0,4,1701245258291166332,0,SUCCEEDED,2958,92385,2,1701245258291166332,362,true,135,383,12,1321,LIDAR_CORRECTION_CONVERGED,1785256530653299848,true,33621,0.035233,16989504,7643,1322,10467,TRACKING,0.724451,957,43608
2207,1.000000,1322,,/home/letandat/Dev/uav-navigation/src/navigation_estimator/fast_lio_ros/config/mid360_mutual_avoidance_uav1.yaml,ee37646f3b4668f13cad1febce5b79dcaa5f896c91709a9ca80740c72dcb0a3e,7641,1322,false,929,1,928,0.998924,0.000000,0.000000,0.000622,true,879,UNAVAILABLE,0.000223,38944,8,0,4,1701245258291166332,1,NOT_ATTEMPTED,2958,92385,2,-1,363,false,135,383,12,1322,OVERLAPPING_LIDAR_INTERVAL previous_synchronized_end_ns=1701245258291166332 current_scan_start_ns=1701245258290936708 current_scan_end_ns=1701245258323571708 overlap_duration_ns=229624 scan_index=1319,1785256530653471626,false,33621,0.035233,16989504,7643,1322,10467,TRACKING,0.723903,957,43608
558,1.000000,1323,sensor_time,/home/letandat/Dev/uav-navigation/src/navigation_estimator/fast_lio_ros/config/mid360_mutual_avoidance_uav1.yaml,ee37646f3b4668f13cad1febce5b79dcaa5f896c91709a9ca80740c72dcb0a3e,7647,1323,true,930,1,929,0.998925,0.000000,0.000000,0.000630,true,896,CORRECTED,0.000171,9657,13,0,3,1701245258357916382,0,SUCCEEDED,987,92409,2,1701245258357916382,363,true,240,193,12,1323,LIDAR_CORRECTION_CONVERGED,1785256530688561825,true,8697,0.040597,16989504,7649,1323,10467,TRACKING,0.724112,958,12214
2142,1.000000,1324,sensor_time,/home/letandat/Dev/uav-navigation/src/navigation_estimator/fast_lio_ros/config/mid360_mutual_avoidance_uav1.yaml,ee37646f3b4668f13cad1febce5b79dcaa5f896c91709a9ca80740c72dcb0a3e,7653,1324,true,931,1,930,0.998926,0.000000,0.000000,0.000622,true,863,CORRECTED,0.000585,25565,8,0,3,1701245258391168859,0,SUCCEEDED,2774,92548,2,1701245258391168859,363,true,131,393,12,1324,LIDAR_CORRECTION_CONVERGED,1785256530751812036,true,22170,0.032178,16989504,7660,1325,11389,TRACKING,0.724320,959,41434
642,1.000000,1325,sensor_time,/home/letandat/Dev/uav-navigation/src/navigation_estimator/fast_lio_ros/config/mid360_mutual_avoidance_uav1.yaml,ee37646f3b4668f13cad1febce5b79dcaa5f896c91709a9ca80740c72dcb0a3e,7659,1325,true,932,1,931,0.998927,0.000000,0.000000,0.000624,true,1017,CORRECTED,0.000064,11639,8,0,3,1701245258425069835,0,SUCCEEDED,1466,92574,2,1701245258425069835,363,true,146,237,12,1325,LIDAR_CORRECTION_CONVERGED,1785256530767752953,true,10495,0.038543,16989504,7663,1325,11389,TRACKING,0.724528,960,14764
642,1.000000,1326,,/home/letandat/Dev/uav-navigation/src/navigation_estimator/fast_lio_ros/config/mid360_mutual_avoidance_uav1.yaml,ee37646f3b4668f13cad1febce5b79dcaa5f896c91709a9ca80740c72dcb0a3e,7664,1326,false,932,1,931,0.998927,0.000000,0.000000,0.000624,true,1017,UNAVAILABLE,0.000064,11639,8,0,3,1701245258425069835,1,NOT_ATTEMPTED,1466,92574,2,-1,364,false,146,237,12,1326,OVERLAPPING_LIDAR_INTERVAL previous_synchronized_end_ns=1701245258425069835 current_scan_start_ns=1701245258424756050 current_scan_end_ns=1701245258457391050 overlap_duration_ns=313785 scan_index=1323,1785256530775831707,false,10495,0.038543,16989504,7665,1326,11389,TRACKING,0.723982,960,14764
2182,1.000000,1327,sensor_time,/home/letandat/Dev/uav-navigation/src/navigation_estimator/fast_lio_ros/config/mid360_mutual_avoidance_uav1.yaml,ee37646f3b4668f13cad1febce5b79dcaa5f896c91709a9ca80740c72dcb0a3e,7670,1327,true,933,1,932,0.998928,0.000000,0.000000,0.000621,true,891,CORRECTED,0.000116,25467,13,0,3,1701245258491638687,0,SUCCEEDED,2378,92686,2,1701245258491638687,364,true,223,530,12,1327,LIDAR_CORRECTION_CONVERGED,1785256530839951998,true,22029,0.030995,16989504,7675,1327,11389,TRACKING,0.724190,961,29790
2182,1.000000,1328,,/home/letandat/Dev/uav-navigation/src/navigation_estimator/fast_lio_ros/config/mid360_mutual_avoidance_uav1.yaml,ee37646f3b4668f13cad1febce5b79dcaa5f896c91709a9ca80740c72dcb0a3e,7676,1328,false,933,1,932,0.998928,0.000000,0.000000,0.000621,true,891,UNAVAILABLE,0.000116,25467,13,0,3,1701245258491638687,1,NOT_ATTEMPTED,2378,92686,2,-1,365,false,223,530,12,1328,OVERLAPPING_LIDAR_INTERVAL previous_synchronized_end_ns=1701245258491638687 current_scan_start_ns=1701245258491313934 current_scan_end_ns=1701245258523948934 overlap_duration_ns=324753 scan_index=1325,1785256530842220316,false,22029,0.030995,16989504,7676,1328,11389,TRACKING,0.723645,961,29790
418,1.000000,1329,sensor_time,/home/letandat/Dev/uav-navigation/src/navigation_estimator/fast_lio_ros/config/mid360_mutual_avoidance_uav1.yaml,ee37646f3b4668f13cad1febce5b79dcaa5f896c91709a9ca80740c72dcb0a3e,7681,1329,true,934,1,933,0.998929,0.000000,0.000000,0.000631,true,884,CORRECTED,0.000085,7699,14,0,3,1701245258557985571,0,SUCCEEDED,711,92705,2,1701245258557985571,365,true,247,170,12,1329,LIDAR_CORRECTION_CONVERGED,1785256530886171319,true,7017,0.042531,16989504,7684,1329,11389,TRACKING,0.723853,962,9969
2104,1.000000,1330,sensor_time,/home/letandat/Dev/uav-navigation/src/navigation_estimator/fast_lio_ros/config/mid360_mutual_avoidance_uav1.yaml,ee37646f3b4668f13cad1febce5b79dcaa5f896c91709a9ca80740c72dcb0a3e,7688,1330,true,935,1,934,0.998930,0.000000,0.000000,0.000619,true,868,CORRECTED,0.000344,34095,8,0,4,1701245258591148641,0,SUCCEEDED,2646,92813,2,1701245258591148641,365,true,138,409,12,1330,LIDAR_CORRECTION_CONVERGED,1785256530948040840,true,29372,0.032873,16989504,7694,1331,11389,TRACKING,0.724060,963,38496
2104,1.000000,1331,,/home/letandat/Dev/uav-navigation/src/navigation_estimator/fast_lio_ros/config/mid360_mutual_avoidance_uav1.yaml,ee37646f3b4668f13cad1febce5b79dcaa5f896c91709a9ca80740c72dcb0a3e,7693,1331,false,935,1,934,0.998930,0.000000,0.000000,0.000619,true,868,UNAVAILABLE,0.000344,34095,8,0,4,1701245258591148641,1,NOT_ATTEMPTED,2646,92813,2,-1,366,false,138,409,12,1331,OVERLAPPING_LIDAR_INTERVAL previous_synchronized_end_ns=1701245258591148641 current_scan_start_ns=1701245258590943813 current_scan_end_ns=1701245258623578813 overlap_duration_ns=204828 scan_index=1328,1785256530948098739,false,29372,0.032873,16989504,7694,1331,11389,TRACKING,0.723516,963,38496
380,1.000000,1332,sensor_time,/home/letandat/Dev/uav-navigation/src/navigation_estimator/fast_lio_ros/config/mid360_mutual_avoidance_uav1.yaml,ee37646f3b4668f13cad1febce5b79dcaa5f896c91709a9ca80740c72dcb0a3e,7699,1332,true,936,1,935,0.998932,0.000000,0.000000,0.000629,true,1466,CORRECTED,0.000034,6659,13,0,3,1701245258657918718,0,SUCCEEDED,614,92831,2,1701245258657918718,366,true,322,285,12,1332,LIDAR_CORRECTION_CONVERGED,1785256530985836038,true,6060,0.040190,16989504,7701,1332,11389,TRACKING,0.723724,964,9822
2052,1.000000,1333,sensor_time,/home/letandat/Dev/uav-navigation/src/navigation_estimator/fast_lio_ros/config/mid360_mutual_avoidance_uav1.yaml,ee37646f3b4668f13cad1febce5b79dcaa5f896c91709a9ca80740c72dcb0a3e,7705,1333,true,937,1,936,0.998933,0.000000,0.000000,0.000616,true,866,CORRECTED,0.000264,33355,8,0,4,1701245258691184309,0,SUCCEEDED,2464,92949,2,1701245258691184309,366,true,143,429,12,1333,LIDAR_CORRECTION_CONVERGED,1785256531047141037,true,28885,0.035667,16989504,7711,1334,11389,TRACKING,0.723931,965,37610
1055,1.000000,1334,sensor_time,/home/letandat/Dev/uav-navigation/src/navigation_estimator/fast_lio_ros/config/mid360_mutual_avoidance_uav1.yaml,ee37646f3b4668f13cad1febce5b79dcaa5f896c91709a9ca80740c72dcb0a3e,7711,1334,true,938,1,937,0.998934,0.000000,0.000000,0.000616,true,882,CORRECTED,0.000340,15551,8,0,3,1701245258725040939,0,SUCCEEDED,1887,93017,2,1701245258725040939,366,true,128,267,12,1334,LIDAR_CORRECTION_CONVERGED,1785256531066393208,true,13825,0.039439,16989504,7715,1334,11389,TRACKING,0.724138,966,18967
1055,1.000000,1335,,/home/letandat/Dev/uav-navigation/src/navigation_estimator/fast_lio_ros/config/mid360_mutual_avoidance_uav1.yaml,ee37646f3b4668f13cad1febce5b79dcaa5f896c91709a9ca80740c72dcb0a3e,7716,1335,false,938,1,937,0.998934,0.000000,0.000000,0.000616,true,882,UNAVAILABLE,0.000340,15551,8,0,3,1701245258725040939,1,NOT_ATTEMPTED,1887,93017,2,-1,367,false,128,267,12,1335,OVERLAPPING_LIDAR_INTERVAL previous_synchronized_end_ns=1701245258725040939 current_scan_start_ns=1701245258724683523 current_scan_end_ns=1701245258757318523 overlap_duration_ns=357416 scan_index=1332,1785256531075549858,false,13825,0.039439,16989504,7716,1335,11389,TRACKING,0.723596,966,18967
1987,1.000000,1336,sensor_time,/home/letandat/Dev/uav-navigation/src/navigation_estimator/fast_lio_ros/config/mid360_mutual_avoidance_uav1.yaml,ee37646f3b4668f13cad1febce5b79dcaa5f896c91709a9ca80740c72dcb0a3e,7722,1336,true,939,1,938,0.998935,0.000000,0.000000,0.000611,true,856,CORRECTED,0.000425,23259,14,0,3,1701245258791602876,0,SUCCEEDED,2453,93120,2,1701245258791602876,367,true,215,443,12,1336,LIDAR_CORRECTION_CONVERGED,1785256531137653629,true,20233,0.033265,16989504,7727,1336,11389,TRACKING,0.723802,967,27523
1987,1.000000,1337,,/home/letandat/Dev/uav-navigation/src/navigation_estimator/fast_lio_ros/config/mid360_mutual_avoidance_uav1.yaml,ee37646f3b4668f13cad1febce5b79dcaa5f896c91709a9ca80740c72dcb0a3e,7728,1337,false,939,1,938,0.998935,0.000000,0.000000,0.000611,true,856,UNAVAILABLE,0.000425,23259,14,0,3,1701245258791602876,1,NOT_ATTEMPTED,2453,93120,2,-1,368,false,215,443,12,1337,OVERLAPPING_LIDAR_INTERVAL previous_synchronized_end_ns=1701245258791602876 current_scan_start_ns=1701245258791304827 current_scan_end_ns=1701245258823939827 overlap_duration_ns=298049 scan_index=1334,1785256531142191497,false,20233,0.033265,16989504,7728,1337,11389,TRACKING,0.723261,967,27523
274,1.000000,1338,sensor_time,/home/letandat/Dev/uav-navigation/src/navigation_estimator/fast_lio_ros/config/mid360_mutual_avoidance_uav1.yaml,ee37646f3b4668f13cad1febce5b79dcaa5f896c91709a9ca80740c72dcb0a3e,7734,1338,true,940,1,939,0.998936,0.000000,0.000000,0.000622,true,881,CORRECTED,0.000329,3162,13,0,2,1701245258857970264,0,SUCCEEDED,342,93134,2,1701245258857970264,368,true,216,133,12,1338,LIDAR_CORRECTION_CONVERGED,1785256531181153285,true,2862,0.039958,16989504,7735,1338,11389,TRACKING,0.723468,968,4927
2008,1.000000,1339,sensor_time,/home/letandat/Dev/uav-navigation/src/navigation_estimator/fast_lio_ros/config/mid360_mutual_avoidance_uav1.yaml,ee37646f3b4668f13cad1febce5b79dcaa5f896c91709a9ca80740c72dcb0a3e,7740,1339,true,941,1,940,0.998937,0.000000,0.000000,0.000608,true,868,CORRECTED,0.000642,23488,8,0,3,1701245258891188886,0,SUCCEEDED,2494,93227,2,1701245258891188886,368,true,123,388,12,1339,LIDAR_CORRECTION_CONVERGED,1785256531247781496,true,20466,0.032173,16989504,7746,1340,10304,TRACKING,0.723674,969,37955
2008,1.000000,1340,,/home/letandat/Dev/uav-navigation/src/navigation_estimator/fast_lio_ros/config/mid360_mutual_avoidance_uav1.yaml,ee37646f3b4668f13cad1febce5b79dcaa5f896c91709a9ca80740c72dcb0a3e,7745,1340,false,941,1,940,0.998937,0.000000,0.000000,0.000608,true,868,UNAVAILABLE,0.000642,23488,8,0,3,1701245258891188886,1,NOT_ATTEMPTED,2494,93227,2,-1,369,false,123,388,12,1340,OVERLAPPING_LIDAR_INTERVAL previous_synchronized_end_ns=1701245258891188886 current_scan_start_ns=1701245258890928507 current_scan_end_ns=1701245258923563507 overlap_duration_ns=260379 scan_index=1337,1785256531248865934,false,20466,0.032173,16989504,7746,1340,10304,TRACKING,0.723134,969,37955
218,1.000000,1341,sensor_time,/home/letandat/Dev/uav-navigation/src/navigation_estimator/fast_lio_ros/config/mid360_mutual_avoidance_uav1.yaml,ee37646f3b4668f13cad1febce5b79dcaa5f896c91709a9ca80740c72dcb0a3e,7751,1341,true,942,1,941,0.998938,0.000000,0.000000,0.000619,true,871,CORRECTED,0.000024,2496,13,0,2,1701245258957932260,0,SUCCEEDED,286,93236,2,1701245258957932260,369,true,217,118,12,1341,LIDAR_CORRECTION_CONVERGED,1785256531280561432,true,2270,0.037187,16989504,7752,1341,10304,TRACKING,0.723341,970,4174
1985,1.000000,1342,sensor_time,/home/letandat/Dev/uav-navigation/src/navigation_estimator/fast_lio_ros/config/mid360_mutual_avoidance_uav1.yaml,ee37646f3b4668f13cad1febce5b79dcaa5f896c91709a9ca80740c72dcb0a3e,7757,1342,true,943,1,942,0.998940,0.000000,0.000000,0.000603,true,882,CORRECTED,0.001596,24283,8,0,3,1701245258991109636,0,SUCCEEDED,2487,93342,2,1701245258991109636,369,true,155,379,12,1342,LIDAR_CORRECTION_CONVERGED,1785256531337990210,true,21261,0.034003,16989504,7762,1342,10304,TRACKING,0.723547,971,28448
1326,1.000000,1343,sensor_time,/home/letandat/Dev/uav-navigation/src/navigation_estimator/fast_lio_ros/config/mid360_mutual_avoidance_uav1.yaml,ee37646f3b4668f13cad1febce5b79dcaa5f896c91709a9ca80740c72dcb0a3e,7763,1343,true,944,1,943,0.998941,0.000000,0.000000,0.000600,true,873,CORRECTED,0.000065,11931,8,0,2,1701245259025067594,0,SUCCEEDED,1938,93411,2,1701245259025067594,369,true,129,321,12,1343,LIDAR_CORRECTION_CONVERGED,1785256531359254125,true,10519,0.034602,16989504,7766,1343,10304,TRACKING,0.723753,972,15533
1326,1.000000,1344,,/home/letandat/Dev/uav-navigation/src/navigation_estimator/fast_lio_ros/config/mid360_mutual_avoidance_uav1.yaml,ee37646f3b4668f13cad1febce5b79dcaa5f896c91709a9ca80740c72dcb0a3e,7768,1344,false,944,1,943,0.998941,0.000000,0.000000,0.000600,true,873,UNAVAILABLE,0.000065,11931,8,0,2,1701245259025067594,1,NOT_ATTEMPTED,1938,93411,2,-1,370,false,129,321,12,1344,OVERLAPPING_LIDAR_INTERVAL previous_synchronized_end_ns=1701245259025067594 current_scan_start_ns=1701245259024688721 current_scan_end_ns=1701245259057323721 overlap_duration_ns=378873 scan_index=1341,1785256531375835346,false,10519,0.034602,16989504,7769,1344,10304,TRACKING,0.723214,972,15533
1916,1.000000,1345,sensor_time,/home/letandat/Dev/uav-navigation/src/navigation_estimator/fast_lio_ros/config/mid360_mutual_avoidance_uav1.yaml,ee37646f3b4668f13cad1febce5b79dcaa5f896c91709a9ca80740c72dcb0a3e,7774,1345,true,945,1,944,0.998942,0.000000,0.000000,0.000595,true,846,CORRECTED,0.000058,30071,14,0,4,1701245259091605690,0,SUCCEEDED,2399,93501,2,1701245259091605690,370,true,225,390,12,1345,LIDAR_CORRECTION_CONVERGED,1785256531444588712,true,26252,0.031434,16989504,7781,1346,10304,TRACKING,0.723420,973,34269
1916,1.000000,1346,,/home/letandat/Dev/uav-navigation/src/navigation_estimator/fast_lio_ros/config/mid360_mutual_avoidance_uav1.yaml,ee37646f3b4668f13cad1febce5b79dcaa5f896c91709a9ca80740c72dcb0a3e,7780,1346,false,945,1,944,0.998942,0.000000,0.000000,0.000595,true,846,UNAVAILABLE,0.000058,30071,14,0,4,1701245259091605690,1,NOT_ATTEMPTED,2399,93501,2,-1,371,false,225,390,12,1346,OVERLAPPING_LIDAR_INTERVAL previous_synchronized_end_ns=1701245259091605690 current_scan_start_ns=1701245259091283321 current_scan_end_ns=1701245259123918321 overlap_duration_ns=322369 scan_index=1343,1785256531444721855,false,26252,0.031434,16989504,7781,1346,10304,TRACKING,0.722883,973,34269
281,1.000000,1347,sensor_time,/home/letandat/Dev/uav-navigation/src/navigation_estimator/fast_lio_ros/config/mid360_mutual_avoidance_uav1.yaml,ee37646f3b4668f13cad1febce5b79dcaa5f896c91709a9ca80740c72dcb0a3e,7786,1347,true,946,1,945,0.998943,0.000000,0.000000,0.000605,true,868,CORRECTED,0.000126,2996,13,0,2,1701245259157970455,0,SUCCEEDED,394,93522,2,1701245259157970455,371,true,223,129,12,1347,LIDAR_CORRECTION_CONVERGED,1785256531480997515,true,2693,0.040020,16989504,7787,1347,10304,TRACKING,0.723088,974,4789
1847,1.000000,1348,sensor_time,/home/letandat/Dev/uav-navigation/src/navigation_estimator/fast_lio_ros/config/mid360_mutual_avoidance_uav1.yaml,ee37646f3b4668f13cad1febce5b79dcaa5f896c91709a9ca80740c72dcb0a3e,7792,1348,true,947,1,946,0.998944,0.000000,0.000000,0.000591,true,926,CORRECTED,0.000075,31855,8,0,4,1701245259191143062,0,SUCCEEDED,2642,93601,2,1701245259191143062,371,true,130,388,12,1348,LIDAR_CORRECTION_CONVERGED,1785256531545621245,true,27617,0.033254,16989504,7798,1349,10304,TRACKING,0.723294,975,36252
1556,1.000000,1349,sensor_time,/home/letandat/Dev/uav-navigation/src/navigation_estimator/fast_lio_ros/config/mid360_mutual_avoidance_uav1.yaml,ee37646f3b4668f13cad1febce5b79dcaa5f896c91709a9ca80740c72dcb0a3e,7798,1349,true,948,1,947,0.998945,0.000000,0.000000,0.000587,true,971,CORRECTED,0.000095,23051,8,0,3,1701245259224958446,0,SUCCEEDED,2457,93681,2,1701245259224958446,371,true,137,341,12,1349,LIDAR_CORRECTION_CONVERGED,1785256531573216574,true,20279,0.033519,16989504,7803,1349,10304,TRACKING,0.723499,976,27267
249,1.000000,1350,sensor_time,/home/letandat/Dev/uav-navigation/src/navigation_estimator/fast_lio_ros/config/mid360_mutual_avoidance_uav1.yaml,ee37646f3b4668f13cad1febce5b79dcaa5f896c91709a9ca80740c72dcb0a3e,7803,1350,true,949,1,948,0.998946,0.000000,0.000000,0.000592,true,980,CORRECTED,0.000169,3156,7,0,2,1701245259257913378,0,SUCCEEDED,355,93685,2,1701245259257913378,371,true,125,141,12,1350,LIDAR_CORRECTION_CONVERGED,1785256531581172042,true,2872,0.032660,16989504,7804,1350,10304,TRACKING,0.723704,977,4925
1817,1.000000,1351,sensor_time,/home/letandat/Dev/uav-navigation/src/navigation_estimator/fast_lio_ros/config/mid360_mutual_avoidance_uav1.yaml,ee37646f3b4668f13cad1febce5b79dcaa5f896c91709a9ca80740c72dcb0a3e,7809,1351,true,950,1,949,0.998947,0.000000,0.000000,0.000583,true,877,CORRECTED,0.000081,29642,8,0,4,1701245259291104582,0,SUCCEEDED,2436,93769,2,1701245259291104582,371,true,125,407,12,1351,LIDAR_CORRECTION_CONVERGED,1785256531643629565,true,25741,0.033283,16989504,7815,1352,10304,TRACKING,0.723908,978,33764
1479,1.000000,1352,sensor_time,/home/letandat/Dev/uav-navigation/src/navigation_estimator/fast_lio_ros/config/mid360_mutual_avoidance_uav1.yaml,ee37646f3b4668f13cad1febce5b79dcaa5f896c91709a9ca80740c72dcb0a3e,7815,1352,true,951,1,950,0.998948,0.000000,0.000000,0.000580,true,925,CORRECTED,0.000138,28770,8,0,4,1701245259325018671,0,SUCCEEDED,2449,93839,2,1701245259325018671,371,true,130,338,12,1352,LIDAR_CORRECTION_CONVERGED,1785256531688120693,true,25456,0.033526,16989504,7823,1353,11002,TRACKING,0.724112,979,43922
1479,1.000000,1353,,/home/letandat/Dev/uav-navigation/src/navigation_estimator/fast_lio_ros/config/mid360_mutual_avoidance_uav1.yaml,ee37646f3b4668f13cad1febce5b79dcaa5f896c91709a9ca80740c72dcb0a3e,7820,1353,false,951,1,950,0.998948,0.000000,0.000000,0.000580,true,925,UNAVAILABLE,0.000138,28770,8,0,4,1701245259325018671,1,NOT_ATTEMPTED,2449,93839,2,-1,372,false,130,338,12,1353,OVERLAPPING_LIDAR_INTERVAL previous_synchronized_end_ns=1701245259325018671 current_scan_start_ns=1701245259324686050 current_scan_end_ns=1701245259357321050 overlap_duration_ns=332621 scan_index=1350,1785256531689610875,false,25456,0.033526,16989504,7823,1353,11002,TRACKING,0.723577,979,43922
1789,1.000000,1354,sensor_time,/home/letandat/Dev/uav-navigation/src/navigation_estimator/fast_lio_ros/config/mid360_mutual_avoidance_uav1.yaml,ee37646f3b4668f13cad1febce5b79dcaa5f896c91709a9ca80740c72dcb0a3e,7826,1354,true,952,1,951,0.998950,0.000000,0.000000,0.000578,true,904,CORRECTED,0.000269,23527,14,0,3,1701245259391635921,0,SUCCEEDED,2594,93930,2,1701245259391635921,372,true,234,401,12,1354,LIDAR_CORRECTION_CONVERGED,1785256531738058213,true,20604,0.032388,16989504,7832,1354,11002,TRACKING,0.723781,980,28011
1789,1.000000,1355,,/home/letandat/Dev/uav-navigation/src/navigation_estimator/fast_lio_ros/config/mid360_mutual_avoidance_uav1.yaml,ee37646f3b4668f13cad1febce5b79dcaa5f896c91709a9ca80740c72dcb0a3e,7832,1355,false,952,1,951,0.998950,0.000000,0.000000,0.000578,true,904,UNAVAILABLE,0.000269,23527,14,0,3,1701245259391635921,1,NOT_ATTEMPTED,2594,93930,2,-1,373,false,234,401,12,1355,OVERLAPPING_LIDAR_INTERVAL previous_synchronized_end_ns=1701245259391635921 current_scan_start_ns=1701245259391276836 current_scan_end_ns=1701245259423911836 overlap_duration_ns=359085 scan_index=1352,1785256531742128928,false,20604,0.032388,16989504,7832,1355,11002,TRACKING,0.723247,980,28011
256,1.000000,1356,sensor_time,/home/letandat/Dev/uav-navigation/src/navigation_estimator/fast_lio_ros/config/mid360_mutual_avoidance_uav1.yaml,ee37646f3b4668f13cad1febce5b79dcaa5f896c91709a9ca80740c72dcb0a3e,7838,1356,true,953,1,952,0.998951,0.000000,0.000000,0.000589,true,879,CORRECTED,0.000037,4150,13,0,3,1701245259457967785,0,SUCCEEDED,291,93946,2,1701245259457967785,373,true,243,138,12,1356,LIDAR_CORRECTION_CONVERGED,1785256531781973671,true,3744,0.037388,16989504,7839,1356,11002,TRACKING,0.723451,981,5901
1690,1.000000,1357,sensor_time,/home/letandat/Dev/uav-navigation/src/navigation_estimator/fast_lio_ros/config/mid360_mutual_avoidance_uav1.yaml,ee37646f3b4668f13cad1febce5b79dcaa5f896c91709a9ca80740c72dcb0a3e,7844,1357,true,954,1,953,0.998952,0.000000,0.000000,0.000576,true,885,CORRECTED,0.000126,22868,8,0,3,1701245259491141823,0,SUCCEEDED,2597,94028,2,1701245259491141823,373,true,129,361,12,1357,LIDAR_CORRECTION_CONVERGED,1785256531836704918,true,20001,0.031191,16989504,7849,1357,11002,TRACKING,0.723655,982,27107
1787,1.000000,1358,sensor_time,/home/letandat/Dev/uav-navigation/src/navigation_estimator/fast_lio_ros/config/mid360_mutual_avoidance_uav1.yaml,ee37646f3b4668f13cad1febce5b79dcaa5f896c91709a9ca80740c72dcb0a3e,7850,1358,true,955,1,954,0.998953,0.000000,0.000000,0.000569,true,893,CORRECTED,0.000452,24376,8,0,3,1701245259524979856,0,SUCCEEDED,2605,94094,2,1701245259524979856,373,true,137,549,12,1358,LIDAR_CORRECTION_CONVERGED,1785256531872291127,true,21393,0.031895,16989504,7855,1358,11002,TRACKING,0.723859,983,29032
263,1.000000,1359,sensor_time,/home/letandat/Dev/uav-navigation/src/navigation_estimator/fast_lio_ros/config/mid360_mutual_avoidance_uav1.yaml,ee37646f3b4668f13cad1febce5b79dcaa5f896c91709a9ca80740c72dcb0a3e,7855,1359,true,956,1,955,0.998954,0.000000,0.000000,0.000574,true,945,CORRECTED,0.000154,3029,8,0,2,1701245259557914284,0,SUCCEEDED,384,94103,2,1701245259557914284,373,true,141,136,12,1359,LIDAR_CORRECTION_CONVERGED,1785256531881256195,true,2722,0.039831,16989504,7856,1359,11002,TRACKING,0.724062,984,4847
1597,1.000000,1360,sensor_time,/home/letandat/Dev/uav-navigation/src/navigation_estimator/fast_lio_ros/config/mid360_mutual_avoidance_uav1.yaml,ee37646f3b4668f13cad1febce5b79dcaa5f896c91709a9ca80740c72dcb0a3e,7861,1360,true,957,1,956,0.998955,0.000000,0.000000,0.000567,true,938,CORRECTED,0.000508,22317,7,0,3,1701245259591099050,0,SUCCEEDED,2511,94170,2,1701245259591099050,373,true,118,367,12,1360,LIDAR_CORRECTION_CONVERGED,1785256531935939753,true,19624,0.033078,16989504,7866,1360,11002,TRACKING,0.724265,985,26528
1777,1.000000,1361,sensor_time,/home/letandat/Dev/uav-navigation/src/navigation_estimator/fast_lio_ros/config/mid360_mutual_avoidance_uav1.yaml,ee37646f3b4668f13cad1febce5b79dcaa5f896c91709a9ca80740c72dcb0a3e,7867,1361,true,958,1,957,0.998956,0.000000,0.000000,0.000562,true,890,CORRECTED,0.000046,24217,8,0,3,1701245259625040796,0,SUCCEEDED,2514,94235,2,1701245259625040796,373,true,135,449,12,1361,LIDAR_CORRECTION_CONVERGED,1785256531971936915,true,21165,0.030620,16989504,7872,1361,11002,TRACKING,0.724467,986,28581
1777,1.000000,1362,,/home/letandat/Dev/uav-navigation/src/navigation_estimator/fast_lio_ros/config/mid360_mutual_avoidance_uav1.yaml,ee37646f3b4668f13cad1febce5b79dcaa5f896c91709a9ca80740c72dcb0a3e,7872,1362,false,958,1,957,0.998956,0.000000,0.000000,0.000562,true,890,UNAVAILABLE,0.000046,24217,8,0,3,1701245259625040796,1,NOT_ATTEMPTED,2514,94235,2,-1,374,false,135,449,12,1362,OVERLAPPING_LIDAR_INTERVAL previous_synchronized_end_ns=1701245259625040796 current_scan_start_ns=1701245259624691725 current_scan_end_ns=1701245259657326725 overlap_duration_ns=349071 scan_index=1359,1785256531975573726,false,21165,0.030620,16989504,7872,1362,11002,TRACKING,0.723935,986,28581
1549,1.000000,1363,sensor_time,/home/letandat/Dev/uav-navigation/src/navigation_estimator/fast_lio_ros/config/mid360_mutual_avoidance_uav1.yaml,ee37646f3b4668f13cad1febce5b79dcaa5f896c91709a9ca80740c72dcb0a3e,7879,1363,true,959,1,958,0.998957,0.000000,0.000000,0.000562,true,1694,CORRECTED,0.000194,21254,14,0,3,1701245259691649225,0,SUCCEEDED,2279,94300,2,1701245259691649225,374,true,345,505,12,1363,LIDAR_CORRECTION_CONVERGED,1785256532036715017,true,18659,0.032741,16989504,7883,1363,11002,TRACKING,0.724138,987,26607
1549,1.000000,1364,,/home/letandat/Dev/uav-navigation/src/navigation_estimator/fast_lio_ros/config/mid360_mutual_avoidance_uav1.yaml,ee37646f3b4668f13cad1febce5b79dcaa5f896c91709a9ca80740c72dcb0a3e,7884,1364,false,959,1,958,0.998957,0.000000,0.000000,0.000562,true,1694,UNAVAILABLE,0.000194,21254,14,0,3,1701245259691649225,1,NOT_ATTEMPTED,2279,94300,2,-1,375,false,345,505,12,1364,OVERLAPPING_LIDAR_INTERVAL previous_synchronized_end_ns=1701245259691649225 current_scan_start_ns=1701245259691259146 current_scan_end_ns=1701245259723894146 overlap_duration_ns=390079 scan_index=1361,1785256532042213549,false,18659,0.032741,16989504,7884,1364,11002,TRACKING,0.723607,987,26607
252,1.000000,1365,sensor_time,/home/letandat/Dev/uav-navigation/src/navigation_estimator/fast_lio_ros/config/mid360_mutual_avoidance_uav1.yaml,ee37646f3b4668f13cad1febce5b79dcaa5f896c91709a9ca80740c72dcb0a3e,7890,1365,true,960,1,959,0.998958,0.000000,0.000000,0.000573,true,1554,CORRECTED,0.000153,4179,13,0,3,1701245259757961538,0,SUCCEEDED,351,94311,2,1701245259757961538,375,true,301,125,12,1365,LIDAR_CORRECTION_CONVERGED,1785256532082763545,true,3772,0.037866,16989504,7891,1365,11002,TRACKING,0.723810,988,6680
1406,1.000000,1366,sensor_time,/home/letandat/Dev/uav-navigation/src/navigation_estimator/fast_lio_ros/config/mid360_mutual_avoidance_uav1.yaml,ee37646f3b4668f13cad1febce5b79dcaa5f896c91709a9ca80740c72dcb0a3e,7896,1366,true,961,1,960,0.998959,0.000000,0.000000,0.000563,true,883,CORRECTED,0.000170,27316,8,0,4,1701245259791160372,0,SUCCEEDED,2399,94378,2,1701245259791160372,375,true,150,344,12,1366,LIDAR_CORRECTION_CONVERGED,1785256532152552012,true,24060,0.034272,16989504,7903,1367,11542,TRACKING,0.724012,989,42905
1406,1.000000,1367,,/home/letandat/Dev/uav-navigation/src/navigation_estimator/fast_lio_ros/config/mid360_mutual_avoidance_uav1.yaml,ee37646f3b4668f13cad1febce5b79dcaa5f896c91709a9ca80740c72dcb0a3e,7901,1367,false,961,1,960,0.998959,0.000000,0.000000,0.000563,true,883,UNAVAILABLE,0.000170,27316,8,0,4,1701245259791160372,1,NOT_ATTEMPTED,2399,94378,2,-1,376,false,150,344,12,1367,OVERLAPPING_LIDAR_INTERVAL previous_synchronized_end_ns=1701245259791160372 current_scan_start_ns=1701245259790987968 current_scan_end_ns=1701245259823622968 overlap_duration_ns=172404 scan_index=1364,1785256532153622858,false,24060,0.034272,16989504,7903,1367,11542,TRACKING,0.723482,989,42905
221,1.000000,1368,sensor_time,/home/letandat/Dev/uav-navigation/src/navigation_estimator/fast_lio_ros/config/mid360_mutual_avoidance_uav1.yaml,ee37646f3b4668f13cad1febce5b79dcaa5f896c91709a9ca80740c72dcb0a3e,7907,1368,true,962,1,961,0.998960,0.000000,0.000000,0.000574,true,882,CORRECTED,0.000095,3722,14,0,3,1701245259857939270,0,SUCCEEDED,281,94390,2,1701245259857939270,376,true,239,123,12,1368,LIDAR_CORRECTION_CONVERGED,1785256532181535023,true,3346,0.038083,16989504,7908,1368,11542,TRACKING,0.723684,990,5399
1297,1.000000,1369,sensor_time,/home/letandat/Dev/uav-navigation/src/navigation_estimator/fast_lio_ros/config/mid360_mutual_avoidance_uav1.yaml,ee37646f3b4668f13cad1febce5b79dcaa5f896c91709a9ca80740c72dcb0a3e,7913,1369,true,963,1,962,0.998962,0.000000,0.000000,0.000561,true,930,CORRECTED,0.000208,19363,7,0,3,1701245259891091135,0,SUCCEEDED,2174,94448,2,1701245259891091135,376,true,123,334,12,1369,LIDAR_CORRECTION_CONVERGED,1785256532232708774,true,17149,0.035139,16989504,7917,1369,11542,TRACKING,0.723886,991,23122
1971,1.000000,1370,sensor_time,/home/letandat/Dev/uav-navigation/src/navigation_estimator/fast_lio_ros/config/mid360_mutual_avoidance_uav1.yaml,ee37646f3b4668f13cad1febce5b79dcaa5f896c91709a9ca80740c72dcb0a3e,7919,1370,true,964,1,963,0.998963,0.000000,0.000000,0.000547,true,929,CORRECTED,0.000290,26170,8,0,3,1701245259925037411,0,SUCCEEDED,2922,94532,2,1701245259925037411,376,true,133,408,12,1370,LIDAR_CORRECTION_CONVERGED,1785256532274622155,true,22876,0.032009,16989504,7925,1370,11542,TRACKING,0.724088,992,30929
1971,1.000000,1371,,/home/letandat/Dev/uav-navigation/src/navigation_estimator/fast_lio_ros/config/mid360_mutual_avoidance_uav1.yaml,ee37646f3b4668f13cad1febce5b79dcaa5f896c91709a9ca80740c72dcb0a3e,7925,1371,false,964,1,963,0.998963,0.000000,0.000000,0.000547,true,929,UNAVAILABLE,0.000290,26170,8,0,3,1701245259925037411,1,NOT_ATTEMPTED,2922,94532,2,-1,377,false,133,408,12,1371,OVERLAPPING_LIDAR_INTERVAL previous_synchronized_end_ns=1701245259925037411 current_scan_start_ns=1701245259924830437 current_scan_end_ns=1701245259957465437 overlap_duration_ns=206974 scan_index=1368,1785256532275759430,false,22876,0.032009,16989504,7925,1371,11542,TRACKING,0.723559,992,30929
1188,1.000000,1372,sensor_time,/home/letandat/Dev/uav-navigation/src/navigation_estimator/fast_lio_ros/config/mid360_mutual_avoidance_uav1.yaml,ee37646f3b4668f13cad1febce5b79dcaa5f896c91709a9ca80740c72dcb0a3e,7931,1372,true,965,1,964,0.998964,0.000000,0.000000,0.000550,true,824,CORRECTED,0.000342,17870,14,0,3,1701245259991630342,0,SUCCEEDED,2175,94606,2,1701245259991630342,377,true,233,319,12,1372,LIDAR_CORRECTION_CONVERGED,1785256532332061219,true,15921,0.039591,16989504,7934,1372,11542,TRACKING,0.723761,993,21805
1188,1.000000,1373,,/home/letandat/Dev/uav-navigation/src/navigation_estimator/fast_lio_ros/config/mid360_mutual_avoidance_uav1.yaml,ee37646f3b4668f13cad1febce5b79dcaa5f896c91709a9ca80740c72dcb0a3e,7936,1373,false,965,1,964,0.998964,0.000000,0.000000,0.000550,true,824,UNAVAILABLE,0.000342,17870,14,0,3,1701245259991630342,1,NOT_ATTEMPTED,2175,94606,2,-1,378,false,233,319,12,1373,OVERLAPPING_LIDAR_INTERVAL previous_synchronized_end_ns=1701245259991630342 current_scan_start_ns=1701245259991285324 current_scan_end_ns=1701245260023920324 overlap_duration_ns=345018 scan_index=1370,1785256532342263082,false,15921,0.039591,16989504,7936,1373,11542,TRACKING,0.723234,993,21805
196,1.000000,1374,sensor_time,/home/letandat/Dev/uav-navigation/src/navigation_estimator/fast_lio_ros/config/mid360_mutual_avoidance_uav1.yaml,ee37646f3b4668f13cad1febce5b79dcaa5f896c91709a9ca80740c72dcb0a3e,7942,1374,true,966,1,965,0.998965,0.000000,0.000000,0.000561,true,898,CORRECTED,0.000247,3702,13,0,3,1701245260057967451,0,SUCCEEDED,257,94610,2,1701245260057967451,378,true,235,115,12,1374,LIDAR_CORRECTION_CONVERGED,1785256532381362540,true,3359,0.037841,16989504,7943,1374,11542,TRACKING,0.723435,994,5350
1025,1.000000,1375,sensor_time,/home/letandat/Dev/uav-navigation/src/navigation_estimator/fast_lio_ros/config/mid360_mutual_avoidance_uav1.yaml,ee37646f3b4668f13cad1febce5b79dcaa5f896c91709a9ca80740c72dcb0a3e,7948,1375,true,967,1,966,0.998966,0.000000,0.000000,0.000553,true,877,CORRECTED,0.000353,15825,8,0,3,1701245260091131714,0,SUCCEEDED,1749,94667,2,1701245260091131714,378,true,130,286,12,1375,LIDAR_CORRECTION_CONVERGED,1785256532428439889,true,14218,0.035506,16989504,7951,1375,11542,TRACKING,0.723636,995,19030
2059,1.000000,1376,sensor_time,/home/letandat/Dev/uav-navigation/src/navigation_estimator/fast_lio_ros/config/mid360_mutual_avoidance_uav1.yaml,ee37646f3b4668f13cad1febce5b79dcaa5f896c91709a9ca80740c72dcb0a3e,7954,1376,true,968,1,967,0.998967,0.000000,0.000000,0.000539,true,882,CORRECTED,0.000301,26486,8,0,3,1701245260124924209,0,SUCCEEDED,2936,94758,2,1701245260124924209,378,true,138,421,12,1376,LIDAR_CORRECTION_CONVERGED,1785256532474530058,true,23098,0.032317,16989504,7959,1376,11542,TRACKING,0.723837,996,31212
247,1.000000,1377,sensor_time,/home/letandat/Dev/uav-navigation/src/navigation_estimator/fast_lio_ros/config/mid360_mutual_avoidance_uav1.yaml,ee37646f3b4668f13cad1febce5b79dcaa5f896c91709a9ca80740c72dcb0a3e,7959,1377,true,969,1,968,0.998968,0.000000,0.000000,0.000544,true,1024,CORRECTED,0.000082,3111,8,0,2,1701245260157961157,0,SUCCEEDED,412,94764,2,1701245260157961157,378,true,146,129,12,1377,LIDAR_CORRECTION_CONVERGED,1785256532481264475,true,2807,0.036046,16989504,7960,1377,11542,TRACKING,0.724038,997,5040
892,1.000000,1378,sensor_time,/home/letandat/Dev/uav-navigation/src/navigation_estimator/fast_lio_ros/config/mid360_mutual_avoidance_uav1.yaml,ee37646f3b4668f13cad1febce5b79dcaa5f896c91709a9ca80740c72dcb0a3e,7965,1378,true,970,1,969,0.998969,0.000000,0.000000,0.000543,true,900,CORRECTED,0.000357,15101,8,0,3,1701245260191102054,0,SUCCEEDED,1701,94812,2,1701245260191102054,378,true,138,303,12,1378,LIDAR_CORRECTION_CONVERGED,1785256532527643202,true,13649,0.037833,16989504,7968,1378,11542,TRACKING,0.724238,998,18318
2071,1.000000,1379,sensor_time,/home/letandat/Dev/uav-navigation/src/navigation_estimator/fast_lio_ros/config/mid360_mutual_avoidance_uav1.yaml,ee37646f3b4668f13cad1febce5b79dcaa5f896c91709a9ca80740c72dcb0a3e,7971,1379,true,971,1,970,0.998970,0.000000,0.000000,0.000534,true,955,CORRECTED,0.000476,28042,7,0,3,1701245260225039270,0,SUCCEEDED,3063,94901,2,1701245260225039270,378,true,122,459,12,1379,LIDAR_CORRECTION_CONVERGED,1785256532588524748,true,24579,0.031311,16989504,7979,1380,11793,TRACKING,0.724438,999,44819
2071,1.000000,1380,,/home/letandat/Dev/uav-navigation/src/navigation_estimator/fast_lio_ros/config/mid360_mutual_avoidance_uav1.yaml,ee37646f3b4668f13cad1febce5b79dcaa5f896c91709a9ca80740c72dcb0a3e,7977,1380,false,971,1,970,0.998970,0.000000,0.000000,0.000534,true,955,UNAVAILABLE,0.000476,28042,7,0,3,1701245260225039270,1,NOT_ATTEMPTED,3063,94901,2,-1,379,false,122,459,12,1380,OVERLAPPING_LIDAR_INTERVAL previous_synchronized_end_ns=1701245260225039270 current_scan_start_ns=1701245260224830151 current_scan_end_ns=1701245260257465151 overlap_duration_ns=209119 scan_index=1377,1785256532589917054,false,24579,0.031311,16989504,7979,1380,11793,TRACKING,0.723913,999,44819
891,1.000000,1381,sensor_time,/home/letandat/Dev/uav-navigation/src/navigation_estimator/fast_lio_ros/config/mid360_mutual_avoidance_uav1.yaml,ee37646f3b4668f13cad1febce5b79dcaa5f896c91709a9ca80740c72dcb0a3e,7983,1381,true,972,1,971,0.998971,0.000000,0.000000,0.000540,true,900,CORRECTED,0.000324,14022,14,0,3,1701245260291619089,0,SUCCEEDED,1655,94948,2,1701245260291619089,379,true,239,247,12,1381,LIDAR_CORRECTION_CONVERGED,1785256532627685400,true,12569,0.039727,16989504,7986,1381,11793,TRACKING,0.724113,1000,17656
891,1.000000,1382,,/home/letandat/Dev/uav-navigation/src/navigation_estimator/fast_lio_ros/config/mid360_mutual_avoidance_uav1.yaml,ee37646f3b4668f13cad1febce5b79dcaa5f896c91709a9ca80740c72dcb0a3e,7988,1382,false,972,1,971,0.998971,0.000000,0.000000,0.000540,true,900,UNAVAILABLE,0.000324,14022,14,0,3,1701245260291619089,1,NOT_ATTEMPTED,1655,94948,2,-1,380,false,239,247,12,1382,OVERLAPPING_LIDAR_INTERVAL previous_synchronized_end_ns=1701245260291619089 current_scan_start_ns=1701245260291290760 current_scan_end_ns=1701245260323925760 overlap_duration_ns=328329 scan_index=1379,1785256532642253773,false,12569,0.039727,16989504,7989,1382,11793,TRACKING,0.723589,1000,17656
348,1.000000,1383,sensor_time,/home/letandat/Dev/uav-navigation/src/navigation_estimator/fast_lio_ros/config/mid360_mutual_avoidance_uav1.yaml,ee37646f3b4668f13cad1febce5b79dcaa5f896c91709a9ca80740c72dcb0a3e,7994,1383,true,973,1,972,0.998972,0.000000,0.000000,0.000549,true,930,CORRECTED,0.000149,6258,13,0,3,1701245260357994106,0,SUCCEEDED,616,94958,2,1701245260357994106,380,true,231,149,12,1383,LIDAR_CORRECTION_CONVERGED,1785256532684630928,true,5678,0.038786,16989504,7996,1383,11793,TRACKING,0.723789,1001,8335
322,1.000000,1384,sensor_time,/home/letandat/Dev/uav-navigation/src/navigation_estimator/fast_lio_ros/config/mid360_mutual_avoidance_uav1.yaml,ee37646f3b4668f13cad1febce5b79dcaa5f896c91709a9ca80740c72dcb0a3e,8000,1384,true,974,1,973,0.998973,0.000000,0.000000,0.000551,true,873,CORRECTED,0.000373,4374,7,0,2,1701245260384328573,0,SUCCEEDED,621,94970,2,1701245260384328573,380,true,127,147,12,1384,LIDAR_CORRECTION_CONVERGED,1785256532715796591,true,3971,0.039659,16989504,8000,1384,11793,TRACKING,0.723988,1002,6283
