time_ns,x,y,z,qx,qy,qz,qw
1701245215591902282,0.00627760027837669,6.671976615346697e-05,0.011367969427391527,-0.006356411665867109,0.03231199355280287,-0.0003474148705592318,0.9994575580815253
1701245215658233907,0.009656011655058503,-0.0016106341512684584,0.011346210045869299,-0.007043272111697375,0.03270047457679132,-0.00020065046002279188,0.9994403589108287
1701245215691392210,0.011239181877892348,-0.004366254219562234,0.009169448613111805,-0.006953194268483285,0.03241374233071067,-0.00019702134759945394,0.9994503307219282
1701245215725162771,0.01694551422557517,0.0005523623581269084,0.002632855627975759,-0.008187588612059832,0.03245933429297939,-0.00011502270342819208,0.9994395138174966
1701245215758171108,0.008956662572496605,0.0023200457194992945,0.006309843160447932,-0.008150779368354934,0.032049829893475906,-0.0001409203138784135,0.9994530270807892
1701245215791394737,0.007783508473940332,-0.0007035465753883782,0.007708726658050253,-0.008210846113129333,0.0321163994733258,6.314663962255484e-06,0.9994504084000874
1701245215825384643,0.010345943232073015,0.0002326411349535723,0.00736184000662208,-0.008443700685524459,0.03211909708091295,-6.242761090049694e-05,0.9994483796696224
1701245215891864088,0.003168791477331739,-0.006572051794674117,0.0079813780308072,-0.007934861936287728,0.03225789738392185,-0.00014487470350560546,0.9994480702036204
1701245215958210018,0.008873889949114915,-0.005105697232711542,0.007898447804380943,-0.007628077720266082,0.03216712793044172,-0.0002626914333417785,0.9994533602445944
1701245215991404321,0.00958260697655462,-0.007441254346740591,0.0066583606336965105,-0.00726261823512217,0.03219852901219121,-0.00018353201386762084,0.9994550892470466
1701245216058186558,0.006925151598155313,-0.004453824955694718,0.0053208986379602525,-0.00760120563166309,0.032194898035381954,-0.00029833587925054514,0.9994526608144778
1701245216091319349,0.004914342301328017,-0.005348541816610072,0.005429684214526535,-0.007565255315953373,0.03229868011514303,-0.0004461647867550568,0.9994495300473192
1701245216125378874,0.004909547905017801,-0.004737585804435962,0.005259320614885924,-0.007654323232298624,0.03232709205574984,-0.0004679022906014076,0.9994479233669561
1701245216191898849,0.008690631830918076,-0.005827737132549288,0.005761326440405632,-0.007417940681123329,0.032239355078985336,-7.39906926376701e-05,0.9994526465348521
1701245216258217123,0.008616795107983905,-0.006026098369313453,0.006778251347588308,-0.0076209258535063044,0.031877345255650724,6.444990082298124e-05,0.9994627317688228
1701245216291404512,0.007105894167470565,-0.006972492553528594,0.006259828751025244,-0.0074306412290656145,0.03199443279873175,-0.00025965114203445886,0.9994603916224478
1701245216325298813,0.008122370982060834,-0.005551048851625791,0.00574207417654776,-0.007639823370627046,0.03203268750999394,-0.0002699127024333825,0.9994575864822307
1701245216358179357,0.007718441070649684,-0.00470746285874634,0.0056781394385836065,-0.007673208820971054,0.032095672174392596,-0.00022345879328155416,0.9994553215428048
1701245216391349819,0.00890465437322937,-0.004955704670092556,0.005381834118136364,-0.00751275562240794,0.032216642545272546,-0.00023154189549485994,0.9994526466193477
1701245216425440099,0.010531324734737479,-0.00417030615293552,0.006262953159927043,-0.007433551008720356,0.032175899144256774,-0.0003272123902575889,0.9994545246111556
1701245216491645363,0.010995586528278397,-0.005071764085325542,0.00668971520127266,-0.007310000388737615,0.03204710882764743,-0.00021699962150560298,0.9994596037966067
1701245216558221605,0.01104016244003001,-0.0032580829368766967,0.006708167829257226,-0.007731378637803548,0.032341765783866085,-0.000199333659077659,0.9994469451834014
1701245216591420915,0.011859585458910157,-0.0029397040236451293,0.006043024658737401,-0.007570817657851662,0.03200228572316315,-6.743703410406884e-05,0.999459119664597
1701245216625165489,0.010889743020203072,-0.002030970856715199,0.005912689720195047,-0.0075788138274264965,0.03197851925951358,-1.1509447422516736e-05,0.9994598219810893
1701245216691306141,0.009823792847709793,-0.004513373622788418,0.005874152878088625,-0.007495403302760338,0.032027217892402725,-0.00013113735760144924,0.9994588831194583
1701245216725390699,0.008829466815023194,-0.003226681393435832,0.007118259216344848,-0.007288680363897803,0.03192523316768269,-0.00013854966688112486,0.9994636738920188
1701245216791842726,0.007384524800461757,-0.004364124431585605,0.0071866408422741265,-0.007297571138104248,0.03214543106621864,-0.00017322971097885598,0.9994565456829619
1701245216858205107,0.007798811521445581,-0.002005339728100748,0.006969015343645142,-0.007823206536048607,0.032112415012911955,-0.00020007256585060845,0.9994536258438914
1701245216891379860,0.008830425618951249,-0.003053399163072573,0.007254319446160677,-0.007643129843099868,0.0320518739122716,-0.00012226914845904109,0.9994569750595415
1701245216925147560,0.010204810385925578,-0.002238401968755204,0.007459752099741623,-0.007763566922505392,0.032035848054055134,-0.00015735738916783333,0.9994565556875143
1701245216958185938,0.0100460415492959,-0.0010631510061827759,0.006890784300457595,-0.007829646625800157,0.03193795437709433,4.0612456281596083e-07,0.9994591856117773
1701245216991356638,0.00887050220143968,-0.002754598448135239,0.006375678710061487,-0.00753373533081774,0.03195899214887641,-7.993448606195456e-05,0.9994607842548257
1701245217025377300,0.00899923481666048,-0.0023032691289733413,0.0073225984576111465,-0.007382804413597597,0.032109922243679916,-0.0001388440925350485,0.9994570665190244
1701245217091874388,0.008103354676462388,-0.002374013983977472,0.006577746806088747,-0.007394518099099823,0.032125083851473266,-0.0002569224551620366,0.999456469327439
1701245217158236053,0.007953741096608069,0.0008636818951307674,0.006457075014934087,-0.007733848589617754,0.032154067310941024,-0.00017709867822105431,0.9994529864768101
1701245217191397932,0.009970585477285236,-0.0021074719105350108,0.006388545335139708,-0.007523522474259054,0.032145084176670585,-2.3039278314403598e-05,0.9994548962519748
1701245217225171592,0.010401188096732067,-0.0009452631512383153,0.007104842847975806,-0.007488527352000911,0.03222303537755527,-7.551987700717239e-05,0.9994526463249288
1701245217258185413,0.010873861300532492,0.0003513285745064671,0.007658401825464091,-0.007540794743396435,0.03214326448416436,-2.890871225635582e-05,0.9994548244554256
1701245217291280296,0.010391243626702391,-0.002195643747210082,0.006974530289508036,-0.007389211326137316,0.03193532121139273,-7.6740643894372e-06,0.9994626229910811
1701245217325351503,0.010904394463678923,-0.0020137232255747653,0.007714604725035041,-0.007366061966877951,0.03206298476194569,-0.00010978552344966602,0.9994587005406448
1701245217391843345,0.010263024739039893,-0.0030285877908000905,0.007739487025451706,-0.007396162963256282,0.03203552507372264,1.4767236838550117e-05,0.9994593647010371
1701245217458248165,0.011122574103470628,-0.0007837532264200199,0.007792178715307386,-0.007675492548487674,0.03203503000593739,-1.8492458450085388e-05,0.9994572743867973
1701245217491392162,0.010521337150071758,-0.002307306167469811,0.006522561093319664,-0.007496863938943504,0.03203070448695195,-8.341359100957999e-05,0.9994587655542991
1701245217525164154,0.009440833682415143,-0.0011934728133840965,0.006515867716787022,-0.007454757867838621,0.032232452612239094,-5.3595938313982344e-05,0.9994525965303243
1701245217558193710,0.009573645789828673,0.00012633037461329635,0.00672765541977567,-0.007590775140310643,0.03220330185174305,4.62174540088116e-05,0.9994525128021651
1701245217591326263,0.008977738638119289,-0.0017480690303345139,0.005995605719565041,-0.007530912694328262,0.032174064195543785,8.746017204972022e-05,0.9994539045387987
1701245217625384357,0.009421469566835388,-0.0020309713210199974,0.007125337421056469,-0.0074132914992633735,0.03222631403194826,-3.240731579828182e-05,0.9994531038236998
1701245217691833284,0.008847636633094264,-0.002808717469776815,0.006978512947619327,-0.007356151191555253,0.03211077614673925,-0.00032580674766095,0.9994571921522524
1701245217758190182,0.008365329632153216,-0.001105577540938903,0.0071296874145136266,-0.007580633432559834,0.032071061199573814,-0.00022051356026006917,0.9994568186790584
1701245217791400697,0.009726101646225312,-0.003841467902800416,0.006794836030324615,-0.007616111882596659,0.03196151887320836,-6.748677491567112e-05,0.9994600800415416
1701245217825181511,0.009393190188215106,-0.003666087343472921,0.006787283170100673,-0.007518047634200387,0.03220693641865735,-2.880768882743155e-05,0.9994529460541961
1701245217858146217,0.009635441346223676,-0.0028053974839522787,0.0070402764748364564,-0.007568083978770446,0.032140263631817774,3.765351325091859e-05,0.9994547144021987
1701245217891317156,0.009482493873312193,-0.0030949034701724764,0.006533687905954368,-0.007508480804094199,0.03204349711847196,-1.1205735789629292e-05,0.9994582717066604
1701245217925356891,0.009821022462302624,-0.003375245926957813,0.006227754175724478,-0.007320664386139634,0.032170957346755694,-0.0001540444147987347,0.9994555586151179
1701245217991874960,0.01073496068413096,-0.0040358737718861615,0.005836652887346218,-0.007318907360866364,0.0320176686035348,-0.00010908353633815962,0.9994604997662587
1701245218058225897,0.010769367051740064,-0.003173638523005464,0.005645314396522368,-0.0075719614958243385,0.03191690295137748,1.8011428516646465e-06,0.999461843544742
1701245218091399696,0.010375252447250136,-0.003102792208912875,0.005717449314048838,-0.0075696411697302535,0.03199650834581195,-8.047689867182819e-05,0.9994593125834121
1701245218125148800,0.010108109050956736,-0.004179372429367987,0.006012102261176359,-0.007521185020537465,0.03214314187383251,-6.536222455567186e-05,0.9994549744406425
1701245218191338804,0.008689648215691095,-0.003127181627057619,0.006026939021461893,-0.0074345582502452325,0.03194157877624441,9.757224467083959e-05,0.999462082006397
1701245218225391653,0.008815741948819553,-0.0034253112207796987,0.006714131533211502,-0.0073673463532699275,0.03203192881638162,1.6064309096155152e-05,0.9994596927770282
1701245218291860607,0.008136081847357457,-0.0031459461459263796,0.0067091308209082726,-0.007388509404221168,0.032063732113487765,-0.000284884058453406,0.9994584763024482
1701245218358187225,0.008324538743349652,-0.00216192185426806,0.007113207246586399,-0.00751099878064516,0.031995358791194486,-0.00020239087083967508,0.9994597745537712
1701245218391396787,0.008297272015991373,-0.00043502719569073314,0.007132487807721418,-0.007632405109053693,0.032044109710252996,-0.00024360789230965272,0.9994572837697084
1701245218425141599,0.008872323182204343,-0.00228753522916314,0.006639030556218251,-0.00741009791164921,0.03211554833395993,-0.00016844944964643105,0.9994566792157287
1701245218458159473,0.008825276635864614,-0.0015592115021742054,0.006995945487263667,-0.007392655653004727,0.03210821556202293,-0.00017839810617715203,0.9994570422534099
1701245218491317060,0.009158325075034555,-0.0016194196593801208,0.0067780494555173786,-0.007599852816815989,0.03202602662111689,-0.00014842262225046117,0.9994581301018826
1701245218525358942,0.009820130875465254,-0.00292717212009139,0.00618102216269951,-0.007491297616071059,0.03207896863179426,-0.0002598282452452155,0.9994572290602689
1701245218591842678,0.010314686581875687,-0.00216140766853868,0.005448091594292228,-0.007637303619752448,0.031876397554033604,-0.00013856316967686703,0.99946262945277
1701245218658176925,0.010279354303083786,-0.0010765800746754025,0.005508046250223237,-0.007565202446787102,0.03184270980317958,-6.399558235083577e-05,0.9994642592153534
1701245218691380527,0.01076572985333279,0.00010930358660933106,0.0054453919779994895,-0.007513278522573103,0.03202789490511374,0.00010032683264742742,0.9994587307779726
1701245218725158956,0.010036913960821913,-0.0007914194766435387,0.006157988103865015,-0.0073573712940543275,0.03210494689041779,-4.500656369122463e-05,0.9994574225284508
1701245218758175638,0.010056967389499879,-0.0008094997224852561,0.006278168851889136,-0.007359781514665881,0.032091982291441626,-1.1276003571320033e-05,0.9994578221023207
1701245218791354683,0.00967783845700885,-6.617376851153207e-06,0.005420424705949085,-0.007453522668180638,0.032042027365968645,4.48165352371568e-05,0.9994587292497833
1701245218825455454,0.01038024616717709,-0.0006424025567967136,0.005563319205122342,-0.007389402168548725,0.03200913144288911,-0.0001145182196728426,0.9994602538997941
1701245218891846683,0.011792943498287618,-0.00033911161051066493,0.004848756074268401,-0.007466916806225563,0.03207573852800908,-0.00012531208956069584,0.9994575410932532
1701245218958204057,0.011712714677205137,0.0005429422884124551,0.005342139704396782,-0.0074009460824427,0.032076611080469795,-0.00014096387671959314,0.9994580016928489
1701245218991395023,0.010354206832709018,0.0012635398423848922,0.005045717901197866,-0.007379850583367481,0.03217212067636698,-1.5212805849192886e-05,0.9994550976532779
1701245219025145796,0.010364225907823316,-0.0005546473402948784,0.006183227467457759,-0.007469272264649173,0.03209206555165201,4.8757107273465055e-05,0.9994570060403847
1701245219058196333,0.011188619845427012,-0.000309559834983459,0.0065748903614834256,-0.007432461028655684,0.032154186069266184,-3.4486783774795935e-05,0.9994552844684661
1701245219091331270,0.010338478033454647,-0.00014082407533662177,0.006243009284518473,-0.007514289298744555,0.032061779215746405,-8.686848752344204e-05,0.9994576380336095
1701245219125353601,0.010361881485575783,-0.001284818454632456,0.006503821533354054,-0.007554313549888978,0.032018341541553835,-0.00011832237337344316,0.9994587255867721
1701245219191854503,0.009784756694539246,-0.00044390768268413324,0.006871835276411336,-0.007680638803044984,0.03192771155351382,-0.0001617571726637076,0.9994606559825904
1701245219258181122,0.009639980221338263,8.894946878619254e-05,0.007460437559123376,-0.007552503088713965,0.03219708722948829,-0.0002142261212121415,0.9994529810742478
1701245219291358497,0.00949021759625342,0.001129223606127438,0.007139532153811912,-0.007678657105384494,0.03227068934384529,-0.00019132637628322148,0.9994496506720831
1701245219325127867,0.010194224666895535,-0.0002914975909183503,0.006030623363266537,-0.007376112440023555,0.03201726384530708,-0.00030420448988295167,0.999460051848377
1701245219358130958,0.011712301258433335,0.0006228924861565178,0.006169769729988618,-0.0074370278592418146,0.031989586439047174,-0.0001369684954103454,0.9994605235904572
1701245219391367939,0.011710008270983216,0.0007958226377394268,0.005629312987096991,-0.0075538944422574245,0.03193125310064246,-0.00011781056453480445,0.9994615149543523
1701245219425351408,0.011722269749659467,-0.0021139857974978808,0.005567844510450226,-0.007529856457998054,0.031960759209965696,-3.569847362051022e-05,0.9994607595388945
1701245219491823223,0.012198914553377672,-0.0013363602380713367,0.005136012991661416,-0.007680847162773772,0.032026492634697756,1.3489225307638399e-05,0.9994575069378502
1701245219558189180,0.011381510483013228,-0.0014134539534247578,0.005710235690941759,-0.007498605165676665,0.03227437662453146,-5.453839998401242e-05,0.9994509155329391
1701245219591400888,0.011184214556619875,-0.0002357351108667064,0.005684484808331418,-0.007659045239526329,0.03222138824975206,-1.9739285023786416e-06,0.9994514101052543
1701245219625120428,0.010565681831172367,-0.002028429072477083,0.005995653313062313,-0.007532786858665506,0.03206816999901815,-5.982479164045638e-05,0.9994572957440705
1701245219658134487,0.010521118131830227,-0.0027845363042304184,0.006219475491444915,-0.007429218071695157,0.03215473891369289,-0.00010084310856518599,0.9994552863009446
1701245219691287782,0.010727633802129159,-0.0020388927105662756,0.0061739708621224585,-0.0075157757087177595,0.032188483989330385,-0.0001687451952095146,0.9994535437623022
1701245219725429085,0.010890574611068439,-0.0027850669075035104,0.006262722465667932,-0.007473903997283495,0.032083899343426314,-0.00010857558027442857,0.999457228886411
1701245219791828897,0.010995131431035012,-0.0017211868862762217,0.0066083751441436385,-0.007567186443807466,0.032056299021221146,-1.9000835292069993e-05,0.9994574183132341
1701245219858220365,0.011001249310890233,-0.0027336634395767052,0.007668270211810788,-0.007431536697702929,0.032192461815989615,2.210406162019891e-05,0.999454059562493
1701245219891374376,0.011306808842276328,-0.0011261380695764928,0.008133205883255836,-0.00748854382595585,0.032157060251392415,6.034971118773141e-05,0.9994547721359218
1701245219925128963,0.010057310179780059,-0.0019400382594536635,0.007190269110111425,-0.007437677498844935,0.032070466040484046,-6.430324127250309e-05,0.999457934095509
1701245219991344955,0.010263178259885255,-0.00104978659422948,0.007382874468208125,-0.0075418818169751215,0.032047950204035044,-4.3693362409275885e-05,0.9994578765497167
1701245220025342253,0.010476218046698838,-0.0018738845681592112,0.006929411521481105,-0.0073559325132430756,0.03193069011632742,-0.00018806338339830473,0.9994629987737014
1701245220091870811,0.01067099205646424,-0.0003332230013994885,0.006943753340346775,-0.007527112202548964,0.031928873557702825,-0.00017775577506776716,0.9994617841709161
1701245220158220318,0.01029217297705629,0.000278249752656603,0.0071037526963011926,-0.0073696970535926795,0.032212337559867785,-6.337253473374998e-05,0.9994538753030024
1701245220191378382,0.010487006213287893,0.0013928157853590319,0.007158458965253147,-0.007444159593742055,0.03222016452916887,-4.377808883493307e-05,0.9994530722195692
1701245220258142975,0.012472306332150289,0.0006772845744646638,0.0060749305095913995,-0.007326445644152041,0.03204781991356961,-6.0343225410015714e-05,0.9994594823161698
1701245220291345146,0.01257209231540291,0.0018338440943865082,0.006319992434110458,-0.007342958598743792,0.031966857547258705,1.5018590966027596e-05,0.9994619556301343
1701245220325411585,0.012190677759627845,0.0008294739673989518,0.005571348307383743,-0.007335006067045359,0.03185803536270702,-5.6461300448190483e-05,0.9994654871885005
1701245220391862896,0.012159783342175297,0.0015273020078396126,0.0053956671537700625,-0.007421067565099921,0.03182292760892811,2.1295261220495962e-07,0.9994659719242801
1701245220458182361,0.012188816635486953,0.0013613749069070161,0.006147215549645153,-0.0074137433240553715,0.032063917797787764,-0.00018083615073279924,0.9994583077265746
1701245220491450098,0.01260566333137061,0.002310429829605291,0.006074330446009185,-0.007527325946191012,0.03205489103164986,-0.0001602378457986133,0.9994577518078899
1701245220525188949,0.013051889563868917,0.002506373661196912,0.006062997224925837,-0.007396792545119268,0.031954038247335524,-0.00011461254638962489,0.9994619621394786
1701245220558132198,0.012069730586214826,0.0013954296822422888,0.006177074170566828,-0.007377521323185658,0.03213061310347565,-8.216981018404099e-06,0.9994564501833995
1701245220591350343,0.01219075919271598,0.002234031999908802,0.006412720170844556,-0.007420225074888109,0.032137577038665696,3.8252226121556584e-05,0.9994559094520824
1701245220625341442,0.012355858636925832,0.0014625728600120148,0.006347941890471252,-0.007483291393688154,0.032074929300835116,-3.00205958112817e-05,0.9994574520003477
1701245220691853073,0.012679101861279275,0.0019977928705964603,0.006930089690440898,-0.007443062029605975,0.03200742241566753,2.6471544010976175e-06,0.9994599170206483
1701245220758208301,0.012164491682593337,0.0014216343985317722,0.007913216611234791,-0.00756288299819693,0.032053531344591144,-0.0001630393342034907,0.999457526534906
1701245220791374233,0.012498188917695191,0.002262771974467103,0.008611100913311815,-0.007475368698576054,0.03194940238961955,-0.00018624418764558656,0.9994615149483591
1701245220825168636,0.01240986940566159,0.002180110434299996,0.008254021156221742,-0.007438985510381671,0.0318579608774414,-0.00013227614198457142,0.9994647138975593
1701245220858177688,0.01183183735720807,0.0007976126828106961,0.007347800821788896,-0.007404631063959725,0.031974280089681034,-5.886071946348164e-05,0.9994612615739387
1701245220891303327,0.011521884760494554,0.0015085615012115756,0.007881459939526684,-0.007410960484221503,0.031922455819306056,8.458576520976198e-06,0.9994628729510757
1701245220925475862,0.010870775587270655,0.0027989908402092714,0.007467461831784673,-0.007426942989680308,0.03204556777000107,8.692237416150202e-06,0.9994588145734528
1701245220991840866,0.00992624271199393,0.003080643385286527,0.007757443285788829,-0.00741386260018285,0.03208690845970112,-1.8484501422336118e-05,0.9994575851956738
1701245221058183697,0.010413081977106775,0.0009149206509645755,0.006395419086189918,-0.007279304451673849,0.03211979986921938,-5.504209479896817e-05,0.999457516432504
1701245221091354158,0.010621586637998592,0.0015188226633919746,0.006771795308643114,-0.007215412893497643,0.03204990408414696,-9.462383332923173e-05,0.9994602205747378
1701245221125147608,0.010331425051681862,0.003210926876398002,0.006426458569799048,-0.007413633327157967,0.03199217804724096,-3.5432935448799757e-05,0.99946062320093
1701245221158157852,0.010266805534956595,0.0011127241876003318,0.006169957733920555,-0.007447869763653924,0.032004528689090775,-8.377942048970925e-06,0.999459973840465
1701245221191432503,0.01017988956819331,0.0008587977483217208,0.006707352612199185,-0.0074011354445666575,0.03196434756990473,-4.6573225940871755e-07,0.9994616069056104
1701245221225309637,0.010556694018889895,0.001773752807534639,0.006938692767114027,-0.007583131458822825,0.03183107290049606,-3.92167947690493e-05,0.9994644953060237
1701245221291814831,0.011003914742669776,0.0022315996877046544,0.0071516818862570565,-0.007664423892588508,0.03185129404493546,-0.00014373247310349574,0.9994632214419068
1701245221358262327,0.01027508794735355,0.000613193827640588,0.006668637226157367,-0.007476448649964691,0.03205504508467428,-9.007299759521122e-05,0.9994581375360646
1701245221391373899,0.00925380611962239,5.3110925652897267e-05,0.007231517041101832,-0.007523187590143447,0.03202196416901651,-2.0127505817783287e-05,0.999458851106
1701245221425153044,0.009064800904675768,0.0006252309187903981,0.006610082336516739,-0.007623753504931328,0.03197548701074901,-4.3365231961574334e-05,0.9994595763373214
1701245221458156374,0.009106137212088219,-0.0014370893856944103,0.006265199130207716,-0.007388058623824473,0.032032775049020044,-1.7867438550154664e-05,0.9994595127333495
1701245221491290596,0.00909251641054306,-0.0006512309699398535,0.006398451114194008,-0.007345835369818688,0.032036960128696716,-0.00011278852004960375,0.9994596836126917
1701245221525333431,0.008411939592322651,-1.2203146663865058e-06,0.00651673280546361,-0.007464643339662773,0.03204815362443291,-9.286484101691019e-05,0.9994584465225144
1701245221591977146,0.009252991015762567,-0.00020573790085632503,0.00670138958850567,-0.007506031152293057,0.031922676685011496,-6.843822428644944e-05,0.999462154123814
1701245221658204820,0.009269786956869301,-0.0016963943327154396,0.0067282953014862375,-0.007547903502844861,0.032060372106276915,2.0197818216809085e-05,0.9994574334533548
1701245221691344049,0.009712600903238344,-0.0009405895440239367,0.007326912223714077,-0.007481148817902817,0.03204284269001145,-0.00010289658901045067,0.9994584924132666
1701245221725114610,0.009956982457888302,-0.0008474645359125073,0.007282710975405044,-0.007649270997683152,0.03207866600157032,-5.947242891572432e-05,0.9994560742242722
1701245221758308676,0.010268268557964496,-0.0022169368134513302,0.006756804856655324,-0.007506083301688336,0.03189163221635322,7.4882545297873515e-06,0.9994631471204785
1701245221791525629,0.011120719707443995,-0.0018547297382381998,0.0073418292266504296,-0.00755399840257418,0.032019409998336565,-4.080755683989095e-05,0.9994586999102242
1701245221825423744,0.011429194956532825,-0.000840100373346731,0.0071755671925308505,-0.007631904807134041,0.03195712897225187,2.6801885886039974e-05,0.9994601018642639
1701245221891831663,0.01173542588246963,0.0002736612950210193,0.007810198961051158,-0.007527507112420138,0.03226835066636046,-4.714622467667406e-05,0.9994508932204617
1701245221958216217,0.010496460237551542,-0.001146856567260556,0.006891066449787199,-0.0074344618838365056,0.03207180551990262,-7.628043663508302e-05,0.9994579141957336
1701245221991366413,0.010670569131800972,-0.0010229697197851315,0.007355103187119696,-0.007499553033813714,0.03209129453983678,-2.180633186471357e-05,0.9994568049913585
1701245222058122900,0.010628329687496756,-0.0024543487313246747,0.006431347126046415,-0.007393428974690435,0.032029662853134695,-0.00020678223514274759,0.9994595515310353
1701245222091326263,0.010990730930473536,-0.0010255838409129274,0.006689348027145688,-0.007401505330781958,0.03217102544756628,-0.00023143906734775224,0.9994549460963453
1701245222125350740,0.010836521500789238,-8.701975604287219e-05,0.006294233691264742,-0.007571678785014288,0.032140014345166626,-0.00014420173035095378,0.999454685498112
1701245222191853550,0.011886577828119771,0.000614037962288969,0.006037144620987373,-0.0073723958189605785,0.032168298096940766,8.34880093051057e-06,0.9994552757916346
1701245222258183744,0.011768489558594546,-0.0007910722397072293,0.006038866853609561,-0.007352822678161372,0.03203204698157199,-0.00014144879157365414,0.9994597860629878
1701245222291408088,0.011332073129357476,-0.0006981345307176112,0.006905724212855376,-0.007226429992138874,0.03206987493693309,-8.041916805605183e-05,0.9994595016126745
1701245222325140026,0.011348092509576625,-0.00016138808497581287,0.006967523179702052,-0.007250723743583231,0.032080405666046266,-6.221156539250003e-05,0.9994589890071615
1701245222358125713,0.010912088009501813,-0.0007783959212674501,0.006809772166457452,-0.007298605873468625,0.031945174383776684,3.160610147242074e-05,0.9994629733946867
1701245222391315487,0.011595586157804878,-0.00015388134120816892,0.006738267363891389,-0.007341945372198849,0.03210564775262347,-6.279231279604137e-05,0.9994575124924829
1701245222425337579,0.011519426260301452,0.0005436777638901751,0.006625177803613856,-0.007449649797234785,0.0321155320040655,-3.402750786171429e-05,0.999456399331218
1701245222491817501,0.011727219420148984,0.0017509458618531594,0.006606529891650478,-0.007299179730949568,0.03213376416750054,-2.2269283446282373e-06,0.9994569241196559
1701245222558160331,0.011786460864177855,0.0008433312724827065,0.006195794136346529,-0.00740560939006597,0.031998467693374284,-0.00011590271715082937,0.9994604752472196
1701245222591419246,0.012025679367424281,0.0007460531589154542,0.006613296473047081,-0.007355830953810503,0.03211297352707858,-0.0001035369673898524,0.9994571716498535
1701245222658133772,0.010973333398673842,-0.0004830469849220184,0.0067262822853648785,-0.007436342693311415,0.03198750980014217,-0.00012770529478030093,0.9994605963796128
1701245222691299227,0.011910307659523757,-0.00020836135468499156,0.00646142081993198,-0.007401114200841276,0.03212904628942837,-0.00014658052050426813,0.9994563154071663
1701245222725345876,0.011828150875878391,0.00026991128854388964,0.006401917675118868,-0.007451940446957853,0.032108718411008555,-0.00010243027744581,0.9994565965031278
1701245222791624811,0.012553294653233436,0.00029580151105707686,0.006314075645908384,-0.007387465936823468,0.03225507982149685,-0.0001849498275445007,0.9994523505231766
1701245222858215120,0.011284913033412286,0.0008650388889057867,0.00698139175167164,-0.007419550480706999,0.032111437941057704,-0.00019041982128351705,0.9994567372149299
1701245222891431597,0.012272922741877704,0.0007874730308070364,0.007039189819849113,-0.0073100816878848675,0.032012375286609246,-0.00013929403933627578,0.9994607301597178
1701245222925126341,0.012363615145921884,0.0012460226416933283,0.007040014424773909,-0.007366562941295488,0.03200682031871287,-0.00015244943620406308,0.9994604914466039
1701245222991402653,0.012326990687420313,0.0007413022436756489,0.007029581827855138,-0.0074563669722729,0.03210753753892407,-0.00012290513094422747,0.9994565991172855
1701245223025352981,0.012050117932295063,0.001434441183331285,0.006985874867079964,-0.007535748362532696,0.03208768914745339,-0.00011456859542493129,0.9994566421690488
1701245223091891792,0.011982007755197527,-0.0011920867206972536,0.006630038626774976,-0.00737019092359819,0.03209308510212652,-6.700811258202026e-05,0.999457707801731
1701245223158320930,0.011277521144412503,-0.0011281840646783104,0.006960020479333373,-0.007407347318073834,0.031972289182347326,3.1104952998158766e-05,0.9994613063859109
1701245223191377428,0.012753589017368503,-0.002514397756599977,0.006368903505338539,-0.0074030627314361636,0.03202766535548749,3.573857211271256e-05,0.9994595649834094
1701245223258158949,0.013566833043196568,-0.001263483608263111,0.006607092113617761,-0.007490825116782432,0.03197141808709502,0.00012219429224564408,0.9994607050970663
1701245223291303184,0.01308833570245927,-0.001436703206617427,0.006142588172383265,-0.007416942167190183,0.03208542070108428,-2.9613630617422985e-05,0.9994576098416361
1701245223325327184,0.013413122755466347,-0.0010886662307626606,0.006449024801364522,-0.007350549734202515,0.03201459452481872,-7.342676607901424e-05,0.9994603692816072
1701245223391844538,0.013820438718433062,-0.002066473083074839,0.006481136485246165,-0.007328299120762297,0.03200660315666084,-0.00010405470875272517,0.9994607859035723
1701245223458256986,0.013629091507119037,-0.001932966604084265,0.005958536260802559,-0.0074602931600063205,0.03189842169818823,-0.00010624154747755281,0.9994632676751382
1701245223491385963,0.013664903066171137,-0.0027306028568397033,0.006184182961890098,-0.007438532021564757,0.03194981204597597,-0.00013844004597659022,0.9994617844549859
1701245223525107649,0.013832990632770575,-0.002018243307173312,0.006410227664599074,-0.007463163758546243,0.03195928176171821,-0.00015249814614390006,0.9994612960191624
1701245223558132198,0.014161593922316458,-0.0012140128025638244,0.006412776997172275,-0.00751661042682165,0.03181748275292586,-1.7842781677605734e-05,0.9994654311383631
1701245223591271189,0.013850883492588546,-0.0021090753232244587,0.00654052127916061,-0.00744559223800289,0.03188002620712123,-6.963662140845133e-05,0.9994639674525538
1701245223625415828,0.014006467313604143,-0.0007868467646819313,0.007229566437684034,-0.007420722557606799,0.031837721960392265,-5.935973789516297e-05,0.9994655015624688
1701245223691817310,0.013554530479822793,-0.0021423819784342985,0.007174636525646223,-0.007455124510998834,0.0320003210757808,-6.490534979546251e-05,0.9994600524067324
1701245223758181598,0.012938330149064743,-0.0016494907527644718,0.006528376367134331,-0.007676355692346034,0.03194896405910619,8.309645565418935e-07,0.9994600228414061
1701245223791364219,0.013593406614988007,-0.0024771927491343926,0.006177852726902079,-0.007394223572155182,0.03183541821525126,-5.436780111457614e-05,0.9994657716245051
1701245223858157900,0.013615325149881764,-0.001010696324410962,0.005815336293604967,-0.007613376404447627,0.03183643313118844,2.1997288091261363e-05,0.999464095173672
1701245223891300466,0.012929194042035167,-0.002192041861113437,0.005650876521000891,-0.007458702300068469,0.03195244646904094,4.6083346324904775e-05,0.9994615584408273
1701245223925339010,0.012933779667653567,-0.0007684086296271403,0.006437953353364929,-0.007458203082909934,0.032003551588289894,2.661209719445508e-05,0.9994599277531372
1701245223991824177,0.012458042065419912,-0.001624012427629587,0.006063811509919069,-0.007474944973178481,0.0319678556677342,8.20596122040355e-05,0.9994609420421967
1701245224058309582,0.012424567227062215,-0.0004458432744111032,0.005256618229067159,-0.007724367113695818,0.03197444826612137,7.58366900014542e-06,0.9994588379484459
1701245224091352012,0.012765983882839818,-0.0013624623976115705,0.005810868264882798,-0.007393354738983451,0.03192685786049422,-0.00013945347100333098,0.9994628530393659
1701245224125101116,0.012818292824345347,0.000587796017343078,0.005827059726432148,-0.0073661718169682104,0.03198547330168533,-4.2255764408567e-05,0.999461188453499
1701245224158121135,0.012601504739307925,0.001675096002442554,0.005892050438043731,-0.007427744309348434,0.03198257342666911,-1.2361547339712085e-05,0.9994608263752386
1701245224191306141,0.012698124306804491,0.0001679462393962371,0.00583848957281213,-0.007364528336537115,0.03181702582873778,7.825379857418083e-07,0.9994665780250891
1701245224225338247,0.011979364506559446,0.001147761269137725,0.006479190437191606,-0.007285203064599658,0.031943166247468985,-0.00011524575988989955,0.9994631292172859
1701245224291654136,0.012062394062397067,-9.183544932612227e-05,0.006306407441743619,-0.007320358428065767,0.03189809183338889,-1.9733001320173946e-05,0.9994643183728382
1701245224358189609,0.011617565571706614,0.0007216038301523603,0.006138179114793444,-0.007349708211750548,0.031918186253690584,1.622868856506978e-05,0.9994634615192827
1701245224391368892,0.011728202024683,-0.0010729620495520352,0.005946777849965542,-0.007359825420897769,0.03174795304262554,-7.956637975397862e-05,0.999468805974738
1701245224425119903,0.011540842640232855,0.0003764011172100345,0.00628781152167108,-0.007302332137043387,0.031945394035410093,-7.891799959084673e-05,0.999462936540036
1701245224458127764,0.011163602496054985,0.0008619549072886327,0.006174519082479729,-0.007333387476739085,0.031950073765377424,-8.908493800262092e-05,0.9994625587176225
1701245224491260555,0.011163620337207348,0.00043015975266581514,0.006276786045614787,-0.0073233173429204015,0.03185840686281394,-0.00016498640747185942,0.9994655490384567
1701245224525362041,0.011526113196173634,0.0006021923858506743,0.006975761716110506,-0.0073322157151761,0.03208004488662322,-9.543746150021207e-05,0.9994584034488225
1701245224591843870,0.011526508838629502,-0.000559999093168996,0.007074512675419899,-0.007248664002272091,0.03185498303315916,-0.0001276477819955205,0.9994662078490613
1701245224658159044,0.011428355635690127,-0.0003642584100105606,0.0072393505167379565,-0.007261086675641155,0.031958501905092064,-0.00020513856265923466,0.9994628000553304
1701245224691340950,0.012560487562878886,-0.0012786128894917142,0.007281027485885178,-0.0074188612514375545,0.0318034299191498,-4.458905577628262e-05,0.9994666079239095
1701245224725092914,0.012672323143079312,2.5028798634552708e-05,0.007348952222342829,-0.007433988472811481,0.0318756864054522,1.8416555864421103e-05,0.9994641945024334
1701245224758131769,0.012758104277954728,7.617624409174168e-05,0.007359928992696865,-0.0074223934100725395,0.0319008041489003,5.111212694279384e-07,0.9994634794580832
1701245224791295793,0.012667328646458505,-0.00039981326401445933,0.00747884676307207,-0.007403082772889559,0.031914126341948006,-4.690921800320584e-05,0.9994631962732862
1701245224825335529,0.012435322153229204,-0.00031753764299153383,0.007368477827288808,-0.007387007586646147,0.03203686784533615,-5.06243958902715e-05,0.9994593881968121
1701245224891809013,0.011959490391437757,-0.0012949188904855852,0.006975241157982007,-0.007353997949874479,0.03194186735309899,-0.00016230262677545702,0.9994626603740671
1701245224958185222,0.012011045880037697,-0.000952702860643283,0.007018636814331206,-0.007389127253322866,0.03198686731299244,-0.00023237357212528746,0.9994609482718463
1701245224991358068,0.012351058758293135,-0.0007616297444113533,0.007135681984788706,-0.007446170448989726,0.03187049157808398,-5.293001239783637e-05,0.9994642682510615
1701245225025143650,0.01190457138076789,-0.0006573765447379239,0.007176874400742043,-0.00733038959143241,0.031959716509923713,-6.355462701945262e-05,0.9994622743604946
1701245225058115270,0.012563787047866842,-0.0004055441970149608,0.007082840295077671,-0.007338280509767503,0.03202594648029742,-0.00015508048958243572,0.9994600864172831
1701245225091251161,0.012048399558907887,-4.995763183752841e-05,0.007150578855586209,-0.0074639231894936976,0.03186033301155261,-0.0001657644933602896,0.999464447368263
1701245225125446584,0.01228928566902641,-0.0007667657253484861,0.006703151997862372,-0.00743681784511224,0.03205200143477778,-0.00013083888562475415,0.9994585263158996
1701245225191840437,0.012648135095060381,-0.00041618901095540626,0.0064608629594241854,-0.007415705137291194,0.03194578644959122,-3.4438772640291866e-05,0.9994620917570635
1701245225258157518,0.012468816596908407,-0.0003858818151062141,0.006252942058723414,-0.007273612468599839,0.03190839752124686,-3.977984049450393e-05,0.9994643301023038
1701245225291357544,0.013119872787088233,0.00101052117592755,0.00573618724392969,-0.007341155627381372,0.03174528649828492,-6.58958755726716e-05,0.9994690289733495
1701245225325105932,0.012626427692194719,-0.00044438273242449866,0.006000917369267969,-0.007302062983556178,0.03197477374099481,-3.1934494352971252e-06,0.9994620021342474
1701245225358129051,0.013255676535700011,-0.00011510707751444238,0.006060695549004713,-0.007280637320195235,0.03201568594971696,-7.800952605867076e-05,0.9994608457002679
1701245225391325262,0.013452956321640227,9.32185699536384e-05,0.006455265035370884,-0.0073710349266303266,0.03186328535163482,-1.9818228894771893e-05,0.9994650561665218
1701245225425329473,0.01353756608327849,-0.0001058594367022483,0.006036928743024923,-0.007426952754867705,0.031968528491667,4.969444612902382e-07,0.9994612816705846
1701245225491808679,0.013597487916148579,0.001086414018005768,0.00557047802583981,-0.007438676907797699,0.0318077458410906,-0.00016874734363109598,0.999466310044868
1701245225558136013,0.013500662331840373,0.0017090766414774804,0.005695249345721804,-0.007170058860870365,0.031841939539165934,-0.00026867865668347133,0.9994671625191571
1701245225591347482,0.013330199052361899,0.0018472748464987325,0.005099419702966475,-0.007256883021259245,0.0318191472412889,-5.136391268881187e-05,0.9994672965532198
1701245225658102062,0.013173348698834304,0.0028679060647921572,0.005108521323964966,-0.007143321131012147,0.031835539061763465,-0.00024192475062554634,0.9994675647004666
1701245225691276815,0.013087046402539961,0.002454258978332663,0.0054031481968447185,-0.007313045538766593,0.031846004111301174,-3.005647025973144e-05,0.9994660326813011
1701245225725307968,0.012709646369916042,0.0017350467102090002,0.00644298510411313,-0.007364376264516755,0.03201638031571614,-2.30405872580669e-05,0.9994602127262723
1701245225791807201,0.012077315680852128,0.0019743114549898647,0.00639131025028467,-0.007469868599715744,0.031835394258423896,-1.602630750976846e-05,0.9994652112398267
1701245225858160999,0.012213791414856309,0.0019756803660116763,0.006937694609947606,-0.007364951484863134,0.03204021845229681,-3.7586137315034786e-05,0.9994594441388991
1701245225891341713,0.011751739996371316,0.003636170736672693,0.0066666516208859095,-0.007455297109904558,0.032047644501856674,-0.00010917881852606731,0.9994585309590746
1701245225925118473,0.013306401404703036,0.0013424694982979587,0.0063207866101212444,-0.007403396160932922,0.03194125503506371,2.975680699685984e-05,0.9994623279877045
1701245225958103683,0.01342694045633206,0.00139798155068881,0.006581796984130743,-0.0073486096291410985,0.032022972707848006,-2.5831876735746903e-05,0.9994601175075397
1701245225991306808,0.013283929202989275,0.0021877180472947037,0.006562143514528702,-0.007400618772502715,0.03211561649187684,-6.111114639199219e-05,0.9994567595872063
1701245226025310781,0.014037592583921177,0.0006797804223995037,0.00632567574237123,-0.007345000618976223,0.03197418427953581,-9.142142543885949e-05,0.999461702191579
1701245226091834095,0.01432269413804005,0.000705456249239626,0.00600924846875077,-0.007416771430894152,0.032009310724450436,-6.513837453991388e-05,0.9994600498696682
1701245226158161428,0.013443840368054088,0.00037594822250035335,0.006535578330242418,-0.007443074450334324,0.03217156330012668,-4.037483095469299e-05,0.999454646058252
1701245226191406515,0.013213344705111376,0.0006773395623051329,0.00651173150653008,-0.0075029414558305,0.03224528569239162,-0.00014582406961843937,0.9994518128231431
1701245226225107935,0.013174706869291876,-0.0013856656133799758,0.006440750720734352,-0.007459292500534978,0.03200327466197521,-0.00020053644300450623,0.9994599087264264
1701245226258123663,0.012896083023257909,-0.0008768411692712393,0.006689083145900702,-0.007377323249773531,0.0319536599995367,-0.0002552293872447631,0.9994620921136841
1701245226291274097,0.012366476670083166,-0.0007252545112657755,0.006265452324262346,-0.007490049020344857,0.03197163744750373,-0.00020086407412010183,0.9994606911821105
1701245226325219896,0.013401695289465764,-0.0030991478165690524,0.006003242067397046,-0.007534540588212203,0.03188173514819913,1.5239401653184415e-05,0.9994632486639142
1701245226391856458,0.013330539968514082,-0.002278286724898376,0.006009932386629218,-0.007558270429779601,0.03195823118966494,5.048945308564148e-05,0.9994606252665251
1701245226458162811,0.013449989086897826,-0.001250218996326198,0.006793185768764108,-0.007425748418468862,0.03206985281710777,-4.933229585449249e-05,0.9994580433250009
1701245226491341141,0.013428306608392187,-0.00019753978966326543,0.006915968822139182,-0.007502127733851815,0.032123763131825314,-1.3035792743987154e-05,0.9994557427679244
1701245226525092151,0.013978861130255715,-0.0018760824657022123,0.006945129146349887,-0.007402278369145656,0.03192127796433915,2.4210863350120406e-05,0.9994629746528398
1701245226558094766,0.013850692442019948,-0.0009761882016393324,0.007344193173280958,-0.007408552619641995,0.03208436627888332,-8.66551145723708e-05,0.9994577025964909
1701245226591304090,0.013937174721427324,-0.0007342764509989901,0.006990021176660419,-0.007456338668692676,0.03215603963773695,-0.00015592338988925308,0.9994550354149858
1701245226625438717,0.01379584414323297,-0.001971005208829811,0.0068568529953445,-0.007532064958288189,0.032054401694293466,-0.00010934188835222053,0.9994577386632396
1701245226691795137,0.01359285118456483,-0.0018948269847031802,0.006853067024257928,-0.0075178342731599,0.03208164072759597,-0.00017689011990646718,0.9994569621579272
1701245226758168724,0.013332751071127778,-0.0008966667760501795,0.00784496812624728,-0.007338235685682829,0.032024077986223,-6.615400784571749e-05,0.9994601564593764
1701245226791333702,0.0134257274138646,-0.00034580095957622165,0.0075911207654770175,-0.007374341451082024,0.03211261432343659,-0.00011200804269851587,0.9994570458722454
1701245226825096395,0.013237931947652522,-0.0013395051365660746,0.007672151290549258,-0.007376432938464739,0.03195909538084496,-0.00015555744527996794,0.9994619453793244
1701245226891271141,0.013190743542476365,-0.0009769725506650966,0.0075346485433707274,-0.007446539456837322,0.0320107748764505,-0.00014217461911677218,0.9994597736418934
1701245226925313976,0.013493395318556693,-0.0018352276456985422,0.00726567453520124,-0.007445780672492932,0.03185390917482247,-1.3855397367570308e-05,0.99946480109531
1701245226991847542,0.014017437870624224,-0.0017426870473175877,0.006882137920413541,-0.007448560262281716,0.03192206062481623,-0.00011737687910128247,0.9994625992092717
1701245227058148411,0.015792089299665534,-0.000956370953373915,0.006350851285165083,-0.0072783263481217605,0.03204545611912767,-2.3664882733630406e-05,0.9994599112258884
1701245227091334608,0.015894615721143326,-0.0005904755820518498,0.005787328904378946,-0.0073400882405667825,0.032079403547629476,-8.561430123901363e-05,0.9994583671383418
1701245227125242975,0.014580263583934966,-0.0007900896622946196,0.005858327194144357,-0.007382160998858931,0.031927399249584744,-3.279730433395698e-05,0.9994629276769007
1701245227158111360,0.014300190471936449,-0.00031616538566991384,0.006193618478400948,-0.007365008278604408,0.03199352666661671,-3.911089522574028e-05,0.999460939394245
1701245227191269901,0.014192223051276768,0.00024272437692960633,0.006014316435256465,-0.00741379642781387,0.03202527502528187,-2.3686768904886772e-05,0.9994595623740958
1701245227225320366,0.01318352925077465,0.0005030405891876101,0.006078272230901369,-0.007439067361015345,0.031833875910385154,-7.113526108371284e-05,0.9994654869284357
1701245227291791942,0.013106115750840037,0.0011420155940095851,0.005871793452120957,-0.007414081687377819,0.031852801745842624,-7.383255221445856e-05,0.9994650694058433
1701245227358144548,0.013510876969821142,0.00016926972256645805,0.006242007616752425,-0.007457601480966625,0.0319572358840785,-2.1143796605138818e-05,0.9994614143666279
1701245227391346958,0.014000426811682006,0.00046774496531229296,0.0057788566252394424,-0.007487707457291159,0.03204299975639142,-9.231920447217028e-05,0.9994584392964074
1701245227425104883,0.014675998419057552,0.0008064107908891485,0.005940001715039631,-0.007531389575195676,0.031798418709333025,-0.00016339482966845162,0.999465913396141
1701245227458097246,0.01435227580694963,0.0005645667094801006,0.006242250528956569,-0.007436509121877292,0.03190973388589334,2.082651338494592e-05,0.9994630892542596
1701245227491249588,0.014538087944569034,0.0011048640414539825,0.00629959308909452,-0.007483640819383035,0.03191790257953093,-1.0042229504350638e-05,0.999462476791482
1701245227525303867,0.01368723925928577,0.000633835027273842,0.006487637516193716,-0.007441555312445331,0.03193821120875652,6.041480453166848e-05,0.9994621404882569
1701245227591789510,0.013996331406454666,0.0013666198767655847,0.0069192394019582035,-0.007372123483475883,0.03194288729774643,-8.581379730603845e-06,0.9994625073872396
1701245227658191231,0.014697740917968456,0.00027460382180342295,0.007352659722225088,-0.007398299353463761,0.03205468225020957,-0.00013857764135475394,0.9994587251651527
1701245227691387203,0.014836729720920283,0.0010505040114039352,0.007780647056420673,-0.007337717294329975,0.03203896609399782,-0.00015450740074128837,0.9994596733655637
1701245227725091484,0.014926954406297063,0.0020712489316197366,0.00794469548293433,-0.007418817282216495,0.03184267011461359,-5.8844124728456195e-05,0.9994653581027578
1701245227758110550,0.014197075403535422,0.0007669808839186322,0.00750440918538098,-0.007385240756412497,0.03191511100127126,-4.0460262668638964e-05,0.9994632971108612
1701245227791296032,0.014226236356998368,0.0017029379568360252,0.00810974492191411,-0.0073205520909860365,0.031830338306407434,-4.952345416969656e-05,0.9994664759899705
1701245227825433042,0.01361719239630694,0.0015012814337468441,0.008361400564633793,-0.007515867471409219,0.031821808756217165,-6.811863799249957e-05,0.9994652968380073
1701245227891799715,0.013694193683389616,0.001697223041226228,0.009120389764071361,-0.007397674861820444,0.031848609310831805,-0.00020285531033490488,0.9994653067222133
1701245227958193329,0.013442974733360502,0.0002787096345061841,0.008000357345920535,-0.007392091051697514,0.031983379083293476,-0.00015149588217405367,0.9994610535189931
1701245227991370466,0.012971945902110413,0.0008974242885489117,0.008619296029008534,-0.00745545068093202,0.03200937969553875,-0.00012896526187602402,0.9994597536842653
1701245228058128145,0.013327428542734025,-0.000747700392105077,0.007826316315435738,-0.007299034137694882,0.031988429195940055,2.3856196653663e-05,0.9994615870202892
1701245228091261413,0.014004166862175201,0.0008140458651673675,0.00823729031731829,-0.0073982531204728145,0.031973298256395104,-1.1650831972410354e-05,0.9994613418805308
1701245228125388887,0.013703005566453721,0.0016498550162584527,0.008248053467961123,-0.007334580529871332,0.03188169010135275,-1.1280923563371492e-05,0.9994647375657998
1701245228191797760,0.01405918098200496,0.002616696912828511,0.008654127844484265,-0.007356614221979958,0.0318744172050339,6.804219957740752e-05,0.9994648053459849
1701245228258164671,0.013736217057164034,-0.00026660437823559555,0.0073712253821673615,-0.007378338353576115,0.0319194147840004,5.411480556149664e-06,0.999463211455881
1701245228291323688,0.013227129414309004,9.663871052248944e-05,0.007943005814608096,-0.007256823324343854,0.03188734297487801,1.814128111728478e-05,0.9994651247262886
1701245228325108316,0.012891573894509383,0.0012183479002590267,0.0077464452126778625,-0.007376785078177034,0.03193356429611433,0.00011388723547120005,0.9994627644604646
1701245228358088997,0.012933008431379034,0.000526694949371569,0.007379860302729187,-0.007325070743849739,0.03185793040873075,-3.685155792261687e-05,0.9994655643145655
1701245228391293314,0.013137548355654838,0.0008063944045103006,0.007441440841665731,-0.007334188475889906,0.031937904477547165,-2.413997693403022e-05,0.9994629454633347
1701245228425307539,0.012472517928390358,0.0012496598384200293,0.0072237608628946195,-0.00740460382672262,0.03201614169535491,1.9483889116930867e-05,0.9994599232252839
1701245228491780546,0.012158628976704609,0.0022334177448381943,0.007816286510275418,-0.007459401571944942,0.03195442071299971,-0.00013026235245136166,0.9994614826779492
1701245228558146503,0.012296087971992418,0.0010886302708643428,0.007110582166917827,-0.007501245565921547,0.03189031197566686,-6.682368693121717e-05,0.9994632233612447
1701245228591339615,0.01198942606857412,0.0019349855603568737,0.007483516230330316,-0.007369194292514861,0.03203706372215128,-7.078990358444657e-05,0.9994595121926309
1701245228625094679,0.012346301081236008,0.0023119115421473117,0.007323445451973664,-0.007370134704645624,0.032057142623656484,-7.317008401038425e-05,0.9994588612681269
1701245228691270855,0.012133461440239498,0.002513406685784305,0.008713709531538444,-0.007434525766554202,0.0321070387547604,-4.429090240161578e-05,0.9994567844220893
1701245228725434807,0.011887088756299203,0.0032504815672993537,0.008835314271416542,-0.0075463765076398655,0.03207457840174952,2.6885922983897872e-05,0.9994569890190884
1701245228791820314,0.011956929104013355,0.004103175223424321,0.009346618932184412,-0.0075762811945633965,0.03199290970691908,-0.00019244555034544878,0.9994593621836038
1701245228858161953,0.01298591250836146,0.0009926934101099714,0.007920656856572757,-0.0074875849598222055,0.03188463027292734,-0.00013589423233979826,0.9994635000622013
1701245228891319778,0.012793434718167112,0.00122033753310105,0.00862372130346065,-0.0074992588377788705,0.03183747291357927,-9.247742545633633e-06,0.9994649250223043
1701245228925068405,0.013400231009540272,0.0018649003224622015,0.008745314813297708,-0.007512814561861656,0.03188284881146816,-3.898518725957498e-05,0.9994633760419536
1701245228958083179,0.012773809895930226,0.0017188276322498079,0.008137333435766262,-0.00739367915586414,0.03186327507139844,-3.353350438443921e-05,0.9994648888709241
1701245228991238859,0.012921252524361476,0.0020930689129700073,0.008200563640573031,-0.007460361861552295,0.03191390832713696,-4.183607908409464e-05,0.9994627775489812
1701245229025303867,0.013014166962086354,0.0028182324970692217,0.008181701139542384,-0.0075645053781742905,0.03188265543794487,1.7885772110477336e-05,0.9994629929220531
1701245229091769960,0.013365660771320953,0.0033950850635700324,0.008144392218572612,-0.007427217278017976,0.031849020658077314,-1.6311968027564822e-05,0.9994650949685768
1701245229158153084,0.01332128848955552,0.002414836846442796,0.007357795376046808,-0.0074396778918051805,0.03182430571842227,8.088613161155752e-05,0.9994657864158434
1701245229191331175,0.013678019746495003,0.002082104373938909,0.007411893297795311,-0.007395775614255929,0.03194520139152889,8.111625516408097e-05,0.999462255431025
1701245229225084331,0.013692251309068423,0.0026569914314053763,0.007444283255118375,-0.00741207927398406,0.03193264355091841,0.00010141251855334836,0.9994625341012975
1701245229258113888,0.013144674493293191,0.0016823388654967782,0.00724822789368693,-0.007303299401039699,0.031819164238162445,5.442935057045965e-06,0.9994669592214733
1701245229291246202,0.013468583382331869,0.0019422824529894587,0.007267119229548038,-0.007352589558391385,0.03200934110737929,-7.995608907905006e-05,0.9994605220396057
1701245229325214651,0.0134552053513643,0.0024120474293051228,0.0070176571391680435,-0.007363049217916474,0.03198840072130107,-7.511991201351035e-05,0.9994611158431862
1701245229391811874,0.013163758642751275,0.0029857304118661777,0.006272551114028323,-0.007220107939056288,0.03213955405205764,3.570057541463922e-05,0.9994573116607594
1701245229458133009,0.013115089856456551,0.0013852906599795762,0.006340131421778743,-0.007360422371828221,0.031944227075210344,-2.9754936489852886e-05,0.9994625504008239
1701245229491320637,0.01400688532526709,0.0014058770131541332,0.006761032644946856,-0.0073105216289745915,0.03199846715264265,-2.8971153220459298e-05,0.9994611816044012
1701245229525106457,0.013731691985865662,0.0022094100825355693,0.006754483375182928,-0.007359424519107842,0.0319087789245089,4.1113646121431305e-05,0.9994636896896067
1701245229558090713,0.014213110141744327,0.0014268417082810277,0.006747116664309076,-0.007360288225119159,0.0317870548497834,-2.882417238456818e-05,0.9994675624903427
1701245229591296461,0.014512192983258008,0.0016905746177038124,0.006535902195540519,-0.007323730029577942,0.0319616325223233,-6.757937575235775e-05,0.9994622616477272
1701245229625373867,0.014359321459820901,0.0022161917368301192,0.00654089840446688,-0.007344708975699604,0.031929288940515235,-5.593393756173553e-05,0.9994631422064598
1701245229691771057,0.01418788813925113,0.0022347122889115087,0.00640178880097249,-0.007342015787561381,0.03208884985544047,-1.3422313803506508e-06,0.9994580534056088
1701245229758173254,0.013464543410136335,0.0020585633355738307,0.007118990334612122,-0.00743365432027846,0.03195244339813411,-6.038901783248715e-05,0.9994617443891998
1701245229791324880,0.014476554861541603,0.0018574145268197514,0.006961232340699815,-0.0073067226176907075,0.03194066071863012,-8.425535759307643e-05,0.9994630552944317
1701245229858111408,0.01478050258322802,0.0022889745628222454,0.006848309980632063,-0.007418968947489929,0.031829492882654936,-4.1023280624735285e-05,0.9994657776030551
1701245229891220835,0.015512192305802598,0.0018429983734956617,0.007109827552987069,-0.007414238717738299,0.0319031837548519,-0.00012627712959003634,0.9994634560526098
1701245229925245073,0.015723369182135995,0.0022352029862274868,0.007115374030519481,-0.007437729506393663,0.031867450697634234,-0.00014694876846595134,0.9994644186622569
1701245229991789129,0.015146690798724709,0.0018112388201107076,0.007274315888803799,-0.007352170338712346,0.03190128286416238,9.040804302280635e-06,0.9994639831735784
1701245230058131006,0.014820236471581781,0.002282298440898561,0.007025900656886593,-0.007370593426619375,0.03182504073771353,0.00012843102397735502,0.9994662698861101
1701245230091382768,0.014231010494243622,0.0014200861770226354,0.00698291309378305,-0.007429112962703481,0.03199027626780163,7.377859612909433e-05,0.999460567036847
1701245230125078943,0.014274959787388936,0.0018932302803732475,0.0071597834337476475,-0.007394457279187436,0.03199076625120995,8.862145949240733e-05,0.9994608071467553
1701245230158116844,0.013890809444388292,0.00266533887217672,0.007020663779621318,-0.007472607573973898,0.03187899705877965,-9.600313420132474e-05,0.9994637964758754
1701245230191276338,0.014238229562511627,0.0012239216770431921,0.006600344288349881,-0.0073773387927500555,0.03194317805097745,3.0965032387750684e-05,0.9994624591696816
1701245230225323942,0.014182361227352286,0.0013184025377189301,0.006681226472832928,-0.007244260348161106,0.03192787239883316,-2.4591735237829775e-05,0.9994639218357702
1701245230291778114,0.014616598427894196,3.429210557616476e-05,0.006347931503739392,-0.007233472336187724,0.031952943579366434,4.395802435030643e-06,0.9994631990499963
1701245230358139065,0.014637907937379747,2.4879959945863756e-05,0.005998039826666678,-0.007352645556369521,0.03188292065584805,1.609296487625349e-05,0.9994645655123506
1701245230391312387,0.014846473524413492,-0.0009935036034492868,0.0063484268545626115,-0.0074388118309850594,0.03188624651268865,-0.00011264900311717717,0.9994638155891775
1701245230425075081,0.01456786745418006,-0.0003372512835320211,0.006515768228330735,-0.00746005003737173,0.03191140865413732,-8.597890021505964e-05,0.9994628568680165
1701245230458101776,0.014202325256831542,0.00044304078557878503,0.005884726242334842,-0.007529405282355473,0.03199427984973073,-7.182235766006194e-05,0.9994596885090165
1701245230491241243,0.014272386658754481,-0.00040652728746330447,0.005713615426706154,-0.0074970227521316745,0.031937137096825385,-5.322228102075041e-06,0.9994617620977736
1701245230525290039,0.014015193918453349,0.000297146070717629,0.006084229588298378,-0.007431065603843936,0.03198702612271924,5.669224054641172e-06,0.9994606592516165
1701245230591776874,0.013623439090379427,-0.0011185904002910883,0.006433472617192825,-0.007446634043085921,0.03185737269628644,4.39937470438943e-05,0.9994646834735426
1701245230658176210,0.013122009667177617,-0.001204058858913489,0.0059942591291872,-0.007514218893102746,0.03194982830202168,-1.5419024746626524e-05,0.9994612272360303
1701245230691313770,0.013513455998928822,-0.002113246419940002,0.006206810922365643,-0.007319566933819047,0.031880557025216916,-7.406399942238728e-05,0.9994648810929713
1701245230725087192,0.013648208473253877,-0.0014454850543599081,0.006496550639748694,-0.007325436943036875,0.031838875323467575,-8.950681094599026e-05,0.9994661655004942
1701245230791223076,0.014233787070750023,-0.002320169402654789,0.006439350747580988,-0.007361622384978683,0.03183791201819368,-9.818427405291813e-05,0.9994659295013668
1701245230825346496,0.01460219556429639,-0.0009610622917325095,0.006903695034002083,-0.007370166224664663,0.031870644652140574,-0.00015812865239992074,0.9994648156161412
1701245230891790178,0.015320580215142827,-0.0024603527940379984,0.006528437212128735,-0.007354938027904596,0.03190451887854773,-0.0001144460825772816,0.9994638530051141
1701245230958124187,0.01535257646038276,-0.0012392052605191212,0.006327300853228464,-0.007475914175634579,0.03193698253215911,2.8231918212558076e-05,0.9994619247659903
1701245230991329696,0.015410760039650107,-0.0015998017246108846,0.006251987929090201,-0.007321304202256522,0.03190726515306361,7.584499534702254e-05,0.9994640159519336
1701245231058107164,0.01557881093646531,-0.0007321051985185105,0.006143213134487172,-0.007371253179963287,0.03191535987928535,5.7681637101302245e-06,0.999463393225115
1701245231091229942,0.016239138876175837,-0.0013777258696025779,0.006074075040196595,-0.007348318553725688,0.03181374531440303,3.499059872428009e-06,0.9994668017554459
1701245231125339773,0.015660798934274245,-0.00012722804222687264,0.0063858260282079245,-0.0073752280384354685,0.031961015854329124,7.741226742140667e-06,0.9994619049353576
1701245231191843059,0.014495061317651253,-0.000511989972955704,0.0061544312120160255,-0.0074020652645544905,0.0317898747548657,-7.83029085949566e-05,0.9994671616224036
1701245231258154180,0.01389750459103818,0.0009906872342747802,0.005864937378227484,-0.007534071151459061,0.031842898243483186,-0.00011445089278126782,0.9994644838634003
1701245231291287925,0.014011901500505455,-0.0004061891861576238,0.0059489181842957975,-0.007481384800802643,0.03170663149422407,-0.00015816908507506963,0.9994692058204157
1701245231325055626,0.013142548297928339,0.0003413915893442396,0.006380936471605101,-0.007376176635764331,0.032005166178284666,-5.7465612232327734e-05,0.9994604834878875
1701245231358093288,0.012842775996734855,0.0008015542087670255,0.006149075146842134,-0.00743255129231249,0.03205794843758905,-3.110596663561943e-05,0.9994583753992353
1701245231391275909,0.013289376477292794,-0.00018133769743445638,0.006076425938036799,-0.007445573375158389,0.031836600512744506,5.716304945513862e-05,0.9994653525947225
1701245231425425794,0.013909035542168564,1.4219543562535247e-06,0.0068383592954317386,-0.007415122334420201,0.031917286175469746,8.62500988676066e-05,0.999463003499819
1701245231491770771,0.013664204158598096,-0.0007094484293552427,0.006962715777198193,-0.007329287026427265,0.031650911920914356,-2.4452296227418073e-06,0.9994721113269143
1701245231558117178,0.013620514543424453,0.00017490160763294844,0.007102389918591024,-0.007417519323091666,0.03166382685385077,-3.825527267568078e-05,0.9994710506125704
1701245231591309574,0.014361280417907211,0.0011404637253231936,0.00731698168250606,-0.007522661038067363,0.03165397386735646,-9.074854467850874e-05,0.999470573490792
1701245231658112076,0.014017508370871835,0.0019188794953412917,0.007271652678713934,-0.00765216003781673,0.031639899833558555,-8.89022701763346e-05,0.9994700362100228
1701245231691295650,0.01368909160851292,0.0008840193686526854,0.007028587227415106,-0.007529302763926418,0.03170069282979047,-2.0659227695232315e-05,0.999469046667878
1701245231725215223,0.014003007223506258,0.001345502649001122,0.006644985040652489,-0.007337892918898923,0.031822219404448585,0.00011557805953087845,0.9994666019039347
1701245231791765955,0.013482731941815778,8.762147110628051e-05,0.0066714577488785785,-0.007258992173596661,0.031734944271566694,3.2210022402458685e-07,0.9994699597009409
1701245231858145502,0.013030785394673781,0.00022707233049511772,0.0062519968295484726,-0.007403569932937711,0.03175748073054275,3.861057393823424e-05,0.9994681826247002
1701245231891297128,0.012372756695229156,0.000262712711361919,0.0064820569843405725,-0.0073725292165033,0.03178952569712642,-1.392261054477805e-05,0.9994673940029583
1701245231925085809,0.012679960569244671,-0.00025573582310438455,0.006615102155820618,-0.007446146952341271,0.03179997096923365,7.431451519507461e-05,0.9994665133056099
1701245231958079841,0.0129326588969934,0.0002158397203436799,0.0064912659364498295,-0.007499809083237014,0.0318441011842508,3.4414124447226334e-05,0.9994647091814449
1701245231991245058,0.012283190605242213,7.889017433462333e-05,0.006482804507240909,-0.007554311514670023,0.031723993405593176,-1.02043536734937e-05,0.9994681188091056
1701245232025291946,0.013227071131909116,-0.00045621533556175205,0.006835455433668685,-0.00740785157695996,0.031860389547629556,-6.613813171296682e-05,0.9994648742895543
1701245232091816690,0.012474452132097366,0.00044163791065510405,0.006962498722901735,-0.007374732676032257,0.031812182435661016,-0.0002803053186389954,0.9994666176494169
1701245232158142116,0.011683597645979356,0.0006256131284522871,0.006750484676573139,-0.00739505465895088,0.03182299658843414,-0.0002553423785233838,0.999466129918865
1701245232191318062,0.011742865107388499,0.0009702623078126064,0.006509000999982535,-0.007477833653515955,0.031732376481331766,-0.00015506733174551127,0.9994684158295449
1701245232225109127,0.012143332481026704,0.0003060327081062897,0.006568551316427071,-0.007357344739361004,0.03186936019842204,1.4490894739985761e-05,0.9994649634424128
1701245232258113649,0.011943001991322097,0.0005242975866854516,0.006600353867035303,-0.007351770293754204,0.031899980124542676,-7.813756311690326e-06,0.9994640277071241
1701245232291226413,0.012636286335923334,0.0010678457913642354,0.006971839661174759,-0.0075315276622001555,0.03172057224616225,-2.6464392283005958e-05,0.9994683990437545
1701245232325192240,0.013572259107978296,0.00040125212443210346,0.006752101016390107,-0.007470049786424388,0.03178217830073373,-9.598611681390054e-05,0.9994668990443426
1701245232391776588,0.01382816453092525,0.0011787334236269436,0.006560420560379095,-0.0074586840463141775,0.03175870822037475,-0.00014566214855291345,0.9994677239746208
1701245232458166626,0.014002345517194556,0.0015638550103653577,0.0065899670636276435,-0.007409240796658571,0.031791087427382236,-0.00023355515019411052,0.9994670456613333
1701245232491288688,0.013318049135262895,0.0023055881292980665,0.006797013651235204,-0.007366650861365948,0.03187304510240412,-0.00013858379248744926,0.9994647678860518
1701245232525070694,0.013740371899005415,0.0004098592262000428,0.007226898947515112,-0.007355893725388146,0.03183566989426479,-7.775917875020456e-05,0.9994660448976715
1701245232558206823,0.013697224132831101,0.0007033173041781287,0.007456836735782542,-0.007321065436716963,0.031840129399128766,-7.78596459799466e-05,0.9994661585559531
1701245232591377523,0.013536624760446187,0.0007007496574267823,0.007394820591866301,-0.007407810421083947,0.03182087060282551,-7.712747541505705e-05,0.999466132787998
1701245232625304010,0.01310533955093676,-0.00038318614298382366,0.006987779868845363,-0.007410745780220543,0.031881730921758666,-3.2468027872025714e-05,0.999464173958347
1701245232691738394,0.013418151165264944,0.0003141510726361026,0.0072277568808086735,-0.007663740886670765,0.0319679914307907,1.5736755668315526e-05,0.9994595111118095
1701245232758121040,0.013377978010570033,0.0007616274963998695,0.00805379522993018,-0.007455502250622139,0.031990994739697465,-1.3125553887534712e-05,0.9994603501737703
1701245232791318681,0.013230512075076589,0.001268283547055384,0.007793726288065125,-0.007542574975720957,0.031873859162997696,0.00011370387681825978,0.9994634329159929
1701245232858082798,0.013834362387884182,0.0018870296095885866,0.007776243993565845,-0.0074588487399874755,0.031846012381843695,-4.9409919077744934e-05,0.9994649541777387
1701245232891202238,0.013771610297762913,0.002129353098087178,0.006849731265335231,-0.007466519826329923,0.03196878950248321,7.129312843745493e-06,0.999460978492208
1701245232925200489,0.014771496268471134,0.0010174999068790992,0.006354045126811659,-0.007360042753246463,0.03198516038187744,8.616227868036633e-05,0.9994612408003012
1701245232991795805,0.01395553951477054,0.0022664903631211568,0.006111678489788279,-0.007373955241005044,0.03197759514072082,7.61415698824967e-05,0.9994613811426538
1701245233058156755,0.014681752864429805,0.0031613853575997667,0.006922153700362647,-0.00730400285952553,0.03194593745378228,-1.2652125040112167e-05,0.9994629099983405
1701245233091284540,0.013904795408558162,0.0036704257559993414,0.00699990462479289,-0.007281653495533062,0.03196082159820095,4.329379645358989e-06,0.9994625972923626
1701245233125067022,0.013979386267707356,0.0024749814477704433,0.0069950738046551655,-0.007317267041124303,0.03186518069071691,-7.898588161758628e-05,0.9994653879068687
1701245233191269901,0.013991515770722338,0.0035841369178292413,0.006770651299201783,-0.00742973375268227,0.03182046674382972,-4.8889714705261315e-05,0.9994659846950095
1701245233225277212,0.01377945313722639,0.0015169977098680838,0.006674250220892346,-0.007366458770139301,0.03177331224730318,-6.832088678177722e-05,0.9994679520856483
1701245233291751411,0.013800692730353082,0.002146436394393734,0.006423419022165701,-0.007378255397740958,0.03185190458762783,-9.435610576876975e-05,0.9994653613899542
1701245233358109977,0.012735104394375675,0.0029889018064047203,0.00739161079134355,-0.007189599951224078,0.03197168571504069,2.2197650720444143e-05,0.9994629160065642
1701245233391407993,0.012676889438908559,0.003616129483526765,0.0069730387167573574,-0.007243355056983947,0.031969534966863715,2.074246155577382e-05,0.9994625967044846
1701245233458097723,0.01407572665115082,0.003791472867206166,0.007628676815554441,-0.007348900305580401,0.032138492665280724,2.9918845903199968e-05,0.9994564072826614
1701245233491231945,0.014010394166598321,0.004496447798605771,0.006792963305790823,-0.007415326402099567,0.032084009578686755,-1.9319390590248498e-05,0.9994576673828993
1701245233525269058,0.014529076916747858,0.00213841090687689,0.006647967649113689,-0.0075158084042611945,0.031817373868849426,8.012354741741356e-05,0.9994654375836802
1701245233591750648,0.01520391750203843,0.002765220643901489,0.006463173916591969,-0.007547881249444662,0.03183101953925196,-1.2631001500335297e-05,0.9994647645235893
1701245233658143308,0.014720857168196787,0.00285180611723051,0.007296674643084176,-0.007581583803921533,0.03202132224349454,-2.35521690530382e-06,0.9994584306029218
1701245233691294697,0.014536541518761284,0.002816294146833948,0.006999828415734983,-0.007581873158970279,0.032056515173470086,-6.793345407418697e-05,0.9994572979469308
1701245233725071695,0.01455966054800672,0.0015687405751126605,0.007301265505044909,-0.00748351491958281,0.031906912135403254,-7.164713745374476e-05,0.9994628261366801
1701245233758066442,0.014130982882739678,0.0013273651885278173,0.007594498206030803,-0.007451767955403033,0.031912993634503665,-7.742777775080377e-05,0.9994628687432877
1701245233791278389,0.01388425561090062,0.0011438329277254219,0.007269680624809856,-0.007452361135359077,0.03191645829732993,-8.817737154581928e-05,0.9994627527967284
1701245233825267818,0.014246717391019991,2.9405613863984866e-05,0.00724133663778445,-0.007528965496742325,0.03180084722985155,2.5895986321959916e-05,0.9994658674128949
1701245233891738680,0.014333658336403364,0.0003564191243149578,0.006875700336441142,-0.0075478943166965165,0.03184910308599663,-7.514311997066625e-06,0.9994641883867259
1701245233958129909,0.01482380072356695,0.0008156026003348091,0.0065105530422035545,-0.007376134541482252,0.03203219153169491,3.517721339972688e-05,0.9994596190479466
1701245233991323259,0.014770507865735564,0.001012153988627709,0.006123767772534543,-0.007402265853430054,0.03199974385376981,4.0904758114420396e-05,0.9994604650411786
1701245234058059719,0.014190044201846441,0.0018583755357826329,0.006043694774555931,-0.0074188095857227925,0.03194057672115663,2.9390718704606413e-05,0.9994622353842272
1701245234091230181,0.014255426326588569,0.00234223443460534,0.005771303040522873,-0.007418502739505256,0.0319464112981408,-7.117834399419049e-06,0.9994620515915602
1701245234125187423,0.014097130924847179,0.002719349164539938,0.005879404977823761,-0.007431037477550092,0.03182761406766263,-4.554797056496987e-05,0.9994657475822518
1701245234191783932,0.013965199437799083,0.003215001067864959,0.005260326164365643,-0.007473066746945977,0.031874611771370846,-7.832309224651711e-05,0.999463934448519
1701245234258128431,0.013701085456330872,0.0026464390007727313,0.005883440313815308,-0.007413310796289818,0.0320265610194823,-3.9127984540052166e-05,0.9994595242836519
1701245234291286495,0.013656275404574767,0.002858980808017644,0.005645139656013782,-0.007339275175399129,0.03197393759351637,-1.2599435945729293e-05,0.99946175624479
1701245234325023201,0.013306926293954816,0.002575724188572355,0.005919687884340958,-0.007448496703436639,0.0317231826766087,-7.899806045319104e-05,0.9994689356538461
1701245234358083036,0.0133266594992823,0.0019748479604018527,0.00619098497262693,-0.007426408488500274,0.03189482824243469,-6.443251291633376e-05,0.9994636382764501
1701245234391253736,0.012911837044444624,0.002336943284238613,0.006138565578329997,-0.0073984546113553306,0.03182710359606302,-3.304607454062819e-05,0.999466006052235
1701245234425274875,0.012465902161115946,0.002166933433623181,0.006084005417931248,-0.0074257198686010556,0.031743791618008284,-8.675957709943894e-05,0.9994684501528407
1701245234491799381,0.012007105541988333,0.0023748326718823734,0.005777435029362903,-0.007409032550459028,0.031747292015458305,-0.00015328876404311606,0.9994684548243162
1701245234558119562,0.012284887525600101,0.002288316729290668,0.005815043641210395,-0.007463413345587624,0.031913707043558025,-0.00012455792928550425,0.9994627543081799
1701245234591355112,0.012191971878796112,0.0024009696913488564,0.005624485121096206,-0.0074156743728592545,0.03192298695574642,-0.00019321649499171327,0.999462802381762
1701245234658068922,0.012071451216800571,0.0016752223617328792,0.00592250041086629,-0.007535526383738651,0.03205109479683293,-4.0664645725596815e-05,0.9994578237778876
1701245234691255119,0.011506647108863528,0.0015635251081526486,0.005773961663453227,-0.007451972643222792,0.03197535000119672,-5.3854654826076985e-05,0.9994608757703835
1701245234725186613,0.012388102455177043,0.002246811606727826,0.006078218953010721,-0.007399499118364028,0.03181996503984358,-0.000130452161073028,0.9994662176481476
1701245234791788843,0.012663926990702698,0.002829070725950751,0.0058496820455411535,-0.00733305084457761,0.03179200655300214,-0.00021804812880800233,0.9994675818352781
1701245234858044174,0.013168571054987204,0.0017628885655235898,0.006193156975785194,-0.0073590950319626985,0.031940530628880776,-3.3247746331071836e-05,0.9994626782016643
1701245234891287830,0.013003656573517274,0.0021461306442963316,0.006654231595509383,-0.007234576700653744,0.031991409549572525,-8.664856828491533e-05,0.9994619568082717
1701245234925090339,0.014252071129411632,0.002328209630998476,0.00620282931668498,-0.007322656072035909,0.031916743391255616,1.1361313254419302e-05,0.99946370622963
1701245234958052185,0.014995682587263272,0.0003670463458243296,0.006733611037752466,-0.00745028700461045,0.031819246150248795,-4.3051754570916186e-05,0.9994658708252749
1701245234991254833,0.015465014281890779,0.000528475501214014,0.007061421594193827,-0.007441461001095105,0.03184478938287955,-7.796513665492275e-05,0.9994651209365771
1701245235025350597,0.014781226140553157,0.002009735819227656,0.007087620277041079,-0.007472441834070946,0.03179014419940843,-6.326172913924094e-05,0.9994666304298363
1701245235091777590,0.015718357239681173,0.0017550807148611495,0.007280372877250377,-0.007388814683456562,0.03178371020154291,-0.00017149735010873825,0.9994674440781235
1701245235158119228,0.015280028967502192,3.112163392187044e-05,0.006924966277505997,-0.007278540576072821,0.03184374741059044,-2.2641407939031827e-05,0.99946635665504
1701245235191294697,0.015829829547031972,-9.857157953337473e-05,0.00695420651023652,-0.007249607588412489,0.03190929547813027,-8.291099899077574e-05,0.999464473194355
1701245235258070972,0.015898798786160594,-0.0020244161068491183,0.006760927468158585,-0.007344132241181957,0.03186439677707855,-6.567271223944902e-05,0.9994652168168494
1701245235291214493,0.015611980683470814,-0.001332249482600499,0.007330620056206222,-0.007290446394048857,0.03193645970795486,-5.80934691487423e-05,0.9994633102609853
1701245235325191047,0.015046655262812698,-0.00018812745523358486,0.007369038914583875,-0.007347161916329923,0.03203398837593079,-3.447566278021011e-05,0.9994597748843796
1701245235391766336,0.015125142331879816,0.000987774690097968,0.00768801538132846,-0.0073705835366027345,0.03204103695228817,-0.00018077020120907993,0.9994593607403387
1701245235458116558,0.014861188072065552,0.0005427582252637156,0.006795431724287049,-0.007377044593027612,0.03179931737239027,-3.843331807792314e-05,0.9994670485566808
1701245235491319444,0.014301279700460742,0.001635154838845475,0.007002503259895424,-0.007366491863652324,0.031812714931226525,-2.0278059743765803e-05,0.9994667005734247
1701245235525067833,0.014260952003545482,0.0023525111303300404,0.007001766375594682,-0.007394780869736569,0.03183717200996339,-3.925904444130546e-05,0.9994657123448628
1701245235558066395,0.014051660822165801,0.001318131513227682,0.007017597712665606,-0.007449251020853259,0.031765767080282434,-2.35023582396367e-06,0.9994675806125509
1701245235591254499,0.014601127602044461,0.0013336948048304005,0.007373931375711207,-0.007452345920657927,0.03185272867420899,-7.100533287473338e-05,0.9994647873609799
1701245235625252273,0.014573715314598466,0.0019508150780454998,0.007162404962547082,-0.007498748935934498,0.0318665281919294,-9.900288295765602e-05,0.9994639980228492
1701245235691737201,0.014027919195455742,0.0021204632916769334,0.007684796119490128,-0.007387738931067929,0.031942641104992724,8.316513736157938e-06,0.9994623999548755
1701245235758119610,0.014397402092372715,0.0004579277884134892,0.00735850718529634,-0.007387695199530327,0.03182974726437914,3.1691412772166706e-05,0.9994660014949879
1701245235791302469,0.014964568243479276,0.0013097591963465763,0.007868181034990897,-0.007435922909885397,0.03185101873753401,3.605381968451091e-05,0.9994649660473256
1701245235825036314,0.014964078339973291,0.0021661911060377364,0.008134857094233302,-0.007443938221049114,0.031825312652734625,6.352943142964667e-05,0.999465723885681
1701245235858072546,0.015282289251567467,0.0008797135202811434,0.007455776764028359,-0.007425039433391795,0.031770800653698965,2.7581789211153e-05,0.9994676004025745
1701245235891244200,0.01612334817966708,0.0015078697016167363,0.007986933195085387,-0.007372167446580326,0.03189967294782989,2.921307235457909e-05,0.9994638868711353
1701245235925188568,0.016340315220890064,0.0025553758415141122,0.007887211681360513,-0.007454281456020878,0.031910651857401204,5.607371488933619e-05,0.9994629261967393
1701245235991763380,0.016321814191452656,0.0029773825279369856,0.007694513916055786,-0.007424302165235385,0.03196601679778403,0.00013703135915350416,0.999461372305028
1701245236058125999,0.015418263158228133,0.0024980993446410797,0.006890305349895834,-0.007356941725300482,0.031752085166354936,1.718266336936777e-05,0.9994686989600001
1701245236091306474,0.014976939847969254,0.002870262646418289,0.007502562356128983,-0.007115313106792314,0.03184999267332539,1.627295125185143e-05,0.9994673331436563
1701245236125037220,0.015031075228080427,0.0034172655118241612,0.007372785499615949,-0.007212935412799447,0.03189563949958855,4.911551740449756e-06,0.9994651778423898
1701245236158060577,0.015170437919796548,0.0023601546979685937,0.007034798034420356,-0.007317035700106596,0.031804719429619085,-9.167633768824949e-06,0.9994673184884643
1701245236191243198,0.015407404136424751,0.0025833765002140716,0.006945905615383272,-0.007337776737279548,0.031905366606314906,1.3974099612501794e-05,0.9994639585392737
1701245236225258615,0.015402393147750035,0.0033532889332054004,0.006897325977316573,-0.007401534957399793,0.031909666485404956,3.085911898506439e-05,0.9994633507601864
1701245236291743305,0.01535016991310776,0.0028322357013851806,0.007104013493499898,-0.007386102449215633,0.03196579134290645,-4.13090348193816e-05,0.9994616710849873
1701245236358092811,0.014480969599358946,0.0015290551585126215,0.007259492556016129,-0.007291443765898599,0.03180476167776916,-0.0001547556392305138,0.9994674922343003
1701245236391293791,0.01478435317441923,0.001132681726394333,0.007447214498361129,-0.007249749070264165,0.031901923310337456,-4.68952237988564e-05,0.9994647098464046
1701245236458065059,0.014818063979892788,0.0006969182406128564,0.00733718185335125,-0.007283751513167908,0.0317037422548072,-4.0075507452892795e-05,0.9994707689997187
1701245236491220739,0.01484024097782905,0.0008748739088545895,0.0073528146176648134,-0.007352214124871303,0.03180473665647427,-6.669252991880601e-05,0.9994670575990892
1701245236525336530,0.014964069035462942,0.0011109142977859098,0.0073730641762199565,-0.007405178035405728,0.0318066679893204,-9.514109679688755e-05,0.999466602822652
1701245236591746118,0.01511762861668127,0.0009479152548060456,0.007158809728717399,-0.007464716496054561,0.03184142518376491,1.1727034876180226e-05,0.9994650576745426
1701245236658139494,0.014201643161872873,0.002005986270840466,0.00784482925158624,-0.007406872957221485,0.03182574234501377,-9.542545824684435e-05,0.9994659830385256
1701245236691276577,0.014934812069948298,0.0013774585817569929,0.007680108593410104,-0.007283525535878291,0.03186853547785996,-7.790063926512083e-05,0.9994655274864437
1701245236725082424,0.014841601866931951,0.001986826345360773,0.007919320817474927,-0.007260991096595901,0.031774253585650655,-2.609854757430809e-05,0.9994686959261084
1701245236758076694,0.014898503950804805,0.0022783396682904515,0.007619853617059235,-0.007286655043431048,0.031726210334488227,7.606790600278555e-05,0.9994700327922612
1701245236791263845,0.015083787754616367,0.002128306103461718,0.007328197508655666,-0.007299524797299983,0.03187503484148507,-4.1263316036187435e-05,0.9994652056919874
1701245236825185564,0.0148196506131494,0.002705478396711301,0.007399078815069605,-0.007327954503554753,0.03181565241591694,-1.1335149324915652e-05,0.9994668905049621
1701245236891731766,0.014267696135685242,0.001692779082415453,0.007606385335432843,-0.007403373998967819,0.031911858014926756,2.047936162466355e-05,0.999463267435108
1701245236958104875,0.013724539463859728,0.002303184630420274,0.00750205652366669,-0.007515621423737194,0.0316612711505837,1.0269804126317604e-05,0.9994703993807298
1701245236991285112,0.013938517861295309,0.001255304872211835,0.007422661870314038,-0.007358241875538243,0.03180674188076419,-8.720145587717322e-05,0.9994669478493712
1701245237057416704,0.013851688329730083,0.0029015946556362232,0.006901638347183646,-0.007273727196525771,0.031743548548776555,-0.0001297741884419468,0.9994695709109217
1701245237091345098,0.014170342938279661,0.0017970603364914454,0.006785680528833987,-0.007268998414341544,0.031958617174217704,-5.90419919192514e-05,0.9994627581678106
1701245237125235822,0.014358009466479072,0.0022158853193158224,0.0071370850888686135,-0.007182027755607508,0.031866220641205235,-6.332290325215635e-05,0.9994663368265955
1701245237191766289,0.014581241292783173,0.00040280969641649377,0.007302873504046984,-0.007258213126365591,0.031917103311110695,7.243874098193927e-05,0.9994641622444844
1701245237258085516,0.014908787779424096,0.0012737217541637924,0.0071665660258540065,-0.007354139732037647,0.031997789379667047,6.1024060618416107e-05,0.9994608818656587
1701245237291266706,0.015387927772526526,0.0003540809912795882,0.0069616210675267935,-0.007365737235349247,0.03196012604350111,-2.204145857612329e-05,0.999462003165922
1701245237325093534,0.015737780407591023,0.0007372716298880608,0.00707560456694922,-0.007376619132996561,0.03190780881884143,-4.24628047071433e-05,0.9994635938459476
1701245237358044889,0.016075132471395727,0.0013284075861371132,0.006805992721068942,-0.007389233876595728,0.03197999934977816,0.00010603358192313222,0.9994611886517578
1701245237391281154,0.01669708098193572,0.00019847883166924102,0.00655953107395028,-0.007458567038382348,0.03187693053395744,2.9035415110008168e-05,0.9994639714539049
1701245237425285127,0.016461968135686657,0.0009361841967296564,0.0070604546617212905,-0.007428161706111687,0.03189262626094137,8.41007990520482e-05,0.9994636940534175
1701245237491779592,0.01621116254058891,-0.0004409740278756278,0.007047976872321967,-0.007325084788856503,0.031858003343752925,-0.00019049162208650253,0.9994655444129765
1701245237558134105,0.01582406810848973,4.638863321925942e-05,0.006509184274369266,-0.007372029185623865,0.031811204621425504,-0.00011917700105238065,0.9994667009175756
1701245237591286686,0.015320204037900405,-0.0006935860776035048,0.006454653667055739,-0.007363345881687133,0.03185677189563494,-3.0929255589825205e-05,0.9994653201913498
1701245237625015047,0.015449056712708987,-0.00023861590180471157,0.007016459356997416,-0.0072269684964076375,0.031923709618500495,-1.574239201178223e-05,0.9994641801699162
1701245237691203144,0.014810039073104641,-0.0012789492454380175,0.006715394883154383,-0.007501602176173494,0.03185406035531194,1.782147363359269e-05,0.9994643787979969
1701245237725178268,0.01419712982140881,-0.0006306867437950239,0.007544833934547398,-0.007463839748197888,0.03189493766053681,2.7910838979941596e-05,0.9994633576419042
1701245237791759756,0.014146676138550624,-0.0008868241753559192,0.007274179730590214,-0.0074088801805173975,0.03175194290942577,-6.480890144380622e-05,0.9994683178649304
1701245237858190563,0.013965742590133234,0.00034905744660844207,0.006969860515080168,-0.007523202502486829,0.03176604747794311,-3.3984557335444775e-05,0.9994670172130672
1701245237891275194,0.014662852822439077,-0.000578196233338751,0.006768049597223023,-0.007345968226435338,0.03176700664020553,0.00010195979517044745,0.9994683004698737
1701245237925042656,0.015762518192082253,0.0008270197892386756,0.006779507459500018,-0.007334400318316697,0.03187872680770974,1.5648809263816028e-06,0.9994648334717141
1701245237958038357,0.015941971537823625,0.0014187615547300318,0.006543208488778622,-0.007367394603716184,0.031858665326081365,-2.261916107901469e-05,0.9994652302250276
1701245237991242912,0.0160448969390058,0.0010844741615077841,0.0066757200934840916,-0.007441523930274058,0.03174182698620339,6.44588661140858e-05,0.9994683966920753
1701245238025243786,0.015797045141003607,0.0020223526809009227,0.007314763621999954,-0.007284046850808109,0.03183885630075573,3.360778106274914e-05,0.9994664720546919
1701245238091751840,0.015127068856483782,0.0010483821304075477,0.00689388863018062,-0.00730360865066818,0.03167907285328616,-3.128985856818472e-05,0.9994714066269124
1701245238158095863,0.015395920712659831,0.0021672453597976534,0.006724938220578461,-0.007381946690305613,0.03172546876520458,-0.00010896780154533141,0.9994693540177747
1701245238191286829,0.014352945741781495,0.001595120253736307,0.006312112857677956,-0.007310424819992125,0.03175222201526931,-0.00013417821494935827,0.999469027075002
1701245238258031156,0.013779572465754177,0.0031391930986319357,0.006221145199850069,-0.007415965603411037,0.03175206830671756,-0.00014397196900303946,0.9994682530648419
1701245238291246441,0.013935201685443674,0.0014735839962219856,0.006602590056422953,-0.007390547636151381,0.0316783043565631,1.4234160792939572e-05,0.9994707922876583
1701245238325344827,0.01412337730110922,0.0020128375341089528,0.007316468201027436,-0.007354906641994411,0.03183341437690724,-1.6959177969068205e-05,0.9994661268846393
1701245238391724851,0.01437027165765923,0.0007538846123680797,0.00776632078356026,-0.007389949422360883,0.031632776697418805,-8.135806080692398e-05,0.9994722354657043
1701245238458112505,0.014471433763220765,0.0014189124016525119,0.008176476425334893,-0.007425335692845002,0.031601544040234804,-5.968879542937551e-05,0.9994729627365462
1701245238491278198,0.014038281699525305,0.001264131950044627,0.007798612814556386,-0.007490375968148126,0.031705388135350385,-3.075683418081276e-05,0.9994691899628821
1701245238525045660,0.013863213099184432,0.0019123206720696845,0.007973997540653923,-0.007498937806295194,0.03190361641330817,-4.989550939517913e-06,0.9994628183012284
1701245238558077839,0.013856332529231598,0.0025745702006577816,0.008041236120797574,-0.007590983286048506,0.03194278627634453,-1.856610483644444e-05,0.9994608721870779
1701245238591223982,0.013562199892476116,0.001549570359255725,0.007967000851860417,-0.007576093610703151,0.03179446313064028,-6.008146625715877e-06,0.9994657147114845
1701245238625170973,0.014120992401859747,0.0019803990604378356,0.007896900592439453,-0.007501975468197987,0.0319157984698013,1.7652910438250994e-05,0.9994624064268173
1701245238691727426,0.013429190134154284,0.0009683161237052331,0.007704766415032691,-0.007267214965230832,0.031832900368746225,-9.188913038359151e-05,0.9994667806371308
1701245238758255747,0.013012329071612153,0.0011916852010888902,0.0076414122213224155,-0.007286097621426131,0.0317820452166957,-2.5488196690390555e-05,0.9994682654960321
1701245238791270044,0.013551932058940308,0.0009894277674119582,0.00775155692716986,-0.007347824302341356,0.03175712470034754,4.321590742443688e-05,0.9994686051303332
1701245238858036068,0.013818843614351886,0.001298577698520296,0.007760100527501228,-0.007384172938779221,0.031821741992501616,1.0855874967050151e-05,0.9994662828773779
1701245238891198662,0.014869959983125892,0.0010769243543794248,0.006733392701290056,-0.007316532518543933,0.031767815307810414,-9.018791612004138e-05,0.9994684918138309
1701245238925185230,0.01515924468218859,0.0008956435743949786,0.00664555904664848,-0.007337089124921957,0.03190151879548894,-1.741162060068598e-05,0.9994640863575587
1701245238991770771,0.015058905358709088,0.0011061060133433374,0.006774840069653348,-0.00739215751363113,0.03186666470152222,-0.00013807397277214756,0.9994647830832623
1701245239058098581,0.01494029703077209,0.0015950785317579053,0.0068911927755418495,-0.007408898794288288,0.03180599766027525,-8.930049521739745e-05,0.9994665971191394
1701245239091304806,0.015584936856086393,0.0021869517316464183,0.006779967729152334,-0.00743081349491619,0.03161972539481458,-4.820536299242527e-05,0.9994723476179835
1701245239158032444,0.015421273015063401,0.00329361925718601,0.006989495563565883,-0.007475947346345828,0.031617563512823375,1.7559824128850733e-05,0.9994720804406895
1701245239191212442,0.015222827450861176,0.0037354561026079285,0.007378896730982554,-0.007377509964370069,0.03156697033284256,-3.430664519779478e-05,0.9994744106548127
1701245239225213554,0.014878609286199367,0.0032499595406751654,0.007243202493926448,-0.007342286491059572,0.03168323524394116,-0.00010046392675387262,0.9994709867427667
1701245239291705396,0.015130316430685254,0.0032385396801291747,0.007080733149820549,-0.007458949214680994,0.03171381154967706,-6.463503072828855e-05,0.9994691561303517
1701245239358083275,0.014869855737927724,0.003564491478482356,0.007519935707538797,-0.007397139979175784,0.03163885606265091,-8.893660155842507e-06,0.9994719931184056
1701245239391276148,0.015807781517426046,0.004512894675872435,0.0077587542673686226,-0.007537781341307194,0.031550032754030746,9.484107759875017e-05,0.9994737456736121
1701245239458045509,0.016433499995693306,0.004748668140290943,0.008747884241251008,-0.007465381644876951,0.03166189181031286,-6.439458903481769e-05,0.9994707542180639
1701245239491199043,0.016085207776668005,0.004377242759872304,0.0077621649371937326,-0.00724823446179674,0.031676351120427854,4.780088955927358e-05,0.9994718953487173
1701245239525160339,0.016104342354551583,0.0029022901098200746,0.007391653271928619,-0.007282092349982848,0.0317687110480639,4.778333204811004e-05,0.9994687177926601
1701245239591747549,0.01555973026220355,0.003991730971576284,0.0076853385892981275,-0.007318359342055751,0.031778924397114224,7.798784319531664e-05,0.9994681263044858
1701245239658079651,0.015286222205706941,0.005134192309656467,0.008166449205577016,-0.007271709919028639,0.03170675664558479,0.00011620199779960841,0.9994707551074054
1701245239691316154,0.014584223652301475,0.005162512541208982,0.007904405854541515,-0.0072564585583904185,0.03175043191357089,6.089968433217077e-05,0.99946948436344
1701245239725048330,0.014728496860109535,0.002973450086131514,0.007912764912317271,-0.007308565367214094,0.031775147440405084,-5.782494311364046e-05,0.9994683194247278
1701245239758027580,0.015052831555117802,0.002483053630304947,0.008136558725614402,-0.007306055257253075,0.03176504452783675,-8.098589310498225e-05,0.9994686573094764
1701245239791231182,0.014753705574681395,0.0029190554896587474,0.007821853551227241,-0.007336310480220317,0.031768480297076816,3.71491760209421e-06,0.999468329760554
1701245239825205829,0.015202235482971787,0.0019349246155608351,0.0070311448263713884,-0.007346549145913013,0.03185528156671833,-4.4764919149993476e-05,0.9994654907739706
1701245239891466882,0.015232694362420017,0.002492331755180927,0.006724298479129707,-0.0074335448807541175,0.03188067928322906,8.118224820087583e-06,0.9994640386892568
1701245239958096292,0.015436973390044958,0.003022091510191841,0.007332035597565348,-0.007329369414242566,0.0318115026779662,4.775336597384069e-05,0.9994670111419263
1701245239991260078,0.015101648468153771,0.004042301946241559,0.006905387508028078,-0.007455973394287915,0.03179559770197612,0.00011247375762630678,0.9994665756178001
1701245240025075224,0.01497856426878821,0.0026292866434010627,0.0066940709053089084,-0.007377701571508793,0.03176227742351055,5.677844889469903e-05,0.999468220619646
1701245240058020141,0.01605240027934869,0.0033073702358179485,0.006561908288152008,-0.007352769094012543,0.03182394323733029,9.90379184652055e-06,0.9994664443218653
1701245240091328886,0.01550653765896353,0.004468310421391435,0.006345775096043752,-0.007371038375606297,0.03173236230649824,5.884143788232393e-05,0.9994692198929388
1701245240125174787,0.015309839355259793,0.003213856702362222,0.006568931883221111,-0.00724653551143955,0.0318365708368627,-1.9548721816971e-05,0.9994668179075674
1701245240191729334,0.015587601922908572,0.003910594800767001,0.00637366148878518,-0.0073650039066221725,0.03182859338062697,-5.147789456133801e-05,0.9994662048868349
1701245240258083847,0.015549341221543602,0.00428989109655085,0.007702954061478568,-0.007345686848343932,0.03172382234398649,-8.205620270967088e-05,0.9994696760019249
1701245240291237142,0.015722016140757897,0.004790111442581667,0.00761851769835959,-0.007441152312721515,0.03168299314379466,-4.119478457985605e-05,0.999470267442058
1701245240325037267,0.015529934271309609,0.0026992958888995217,0.007420103176270216,-0.007370812659578557,0.03165692662776335,-8.073712259937745e-05,0.9994716122025372
1701245240391221550,0.01566960636075294,0.003535158871349069,0.007241649871375178,-0.007443349510182641,0.03168378727791903,-4.7793051933646505e-05,0.9994702256133602
1701245240425245312,0.015108015541083968,0.001256660154611113,0.006978727104860194,-0.007490810784347062,0.031739983909963014,-7.97263270150655e-05,0.9994680859431687
1701245240491730478,0.01537172063308226,0.0016347750790322686,0.006753160760593692,-0.007617898603048014,0.03172506194991317,-2.7264933210533746e-05,0.999467601937037
1701245240558071640,0.016702039677433573,0.0015071587367276214,0.007935687031385467,-0.0073266749785385,0.03179524665824108,0.00010144304232783964,0.9994675441618951
1701245240591248539,0.016870838265890774,0.002018135174733359,0.007796279545344575,-0.007440289860278678,0.03179140554687361,0.00010186981883842566,0.9994668269846125
1701245240658009079,0.01692669625117541,0.0012170750394081362,0.008299600327477131,-0.007416073751255862,0.031781203873386114,1.5272285020788857e-05,0.9994673364834048
1701245240691204098,0.01714261162742,0.0016357490451401474,0.008450917886853558,-0.0074808124020128595,0.03178130578179082,1.400261509451978e-05,0.999466850802235
1701245240725159195,0.01626161423085322,0.00022108317074612173,0.007947513126313846,-0.007408696063677996,0.0317737417484963,2.225168837069416e-05,0.9994676283215972
1701245240791734722,0.01631067326657961,0.0009566493845107806,0.007984715502752163,-0.00758236950202147,0.03181344094168624,7.321888303206831e-05,0.9994650605634896
1701245240858075884,0.017365523378655212,0.0009938445276815183,0.007732365956205341,-0.007490535984771351,0.032036762423051146,-8.430694756704795e-05,0.9994586187614015
1701245240891248729,0.017240185105508468,0.0016949013807727295,0.007772761165879259,-0.00753829401214386,0.031979581949700304,-1.6580078354876065e-05,0.9994600943443465
1701245240925022867,0.016605473457888667,0.001045792449339338,0.00736655971818073,-0.00735958150856061,0.031795450073827926,3.9976516113182775e-05,0.9994673002737507
1701245240958050993,0.016374363257821132,0.0012641725914026548,0.006968011308740555,-0.007433021860748065,0.031850808437749616,7.179828539553905e-05,0.9994649923998767
1701245240991327551,0.01622161185203391,0.002074018195951402,0.0070517634703391235,-0.007464780664461288,0.0317742855248508,0.00010612270423519557,0.9994671883393613
1701245241025226858,0.016948711283610873,0.0022625132947095795,0.006625213054718778,-0.007405433259199074,0.03171151225993237,0.00010641585711208774,0.9994696234624127
1701245241091697004,0.01688146930723624,0.0029427305255997423,0.006794492282535365,-0.007326068538586251,0.03164797177533315,6.339989150725866e-05,0.9994722260186771
1701245241158118751,0.017522591963923768,0.0029795733990170712,0.006636148053438292,-0.007151707175721296,0.031911040593048105,1.500541414456234e-05,0.9994651261287605
1701245241191272762,0.01794821175203253,0.0037198357319396516,0.006486635622553108,-0.007205937614395917,0.03190192288600437,0.00011058118223656157,0.9994650216746332
1701245241258051422,0.017517831823962982,0.0028266925088703348,0.006789420792214936,-0.0072162059816395134,0.03218149532360156,0.00019427809356645207,0.9994559720097679
1701245241291229990,0.016941956126661994,0.0033256996670261094,0.007214574312122046,-0.007317724380775903,0.0322387809582724,0.0003465565388054408,0.9994533464903587
1701245241325196054,0.01641983892269878,0.00340498959765623,0.0074637832675387965,-0.0075127134298346564,0.03195904682198777,0.0004240754690632004,0.9994608539723543
1701245241391573217,0.016028198745690975,0.003827062398417181,0.007736324831607572,-0.007480387147692183,0.03148699335730818,0.0005699218724198412,0.9994760068388319
1701245241458089140,0.015932099233482818,0.0033681606112690513,0.0074794279552258605,-0.007459486322752625,0.03161748558784579,0.00046039931974478025,0.9994721000114858
1701245241491362360,0.016143778820100967,0.003804916402237329,0.007356277112541191,-0.0073606532947068475,0.03169540538726436,0.0005286201933994038,0.9994703310359458
1701245241525022295,0.015359940439460542,0.004134685555726269,0.006835942264845315,-0.00751681579945452,0.03159009917023074,0.0005006744876685677,0.9994725171007502
1701245241558050897,0.01608515842052143,0.0033345940179989476,0.0067501613936435285,-0.007712508980311927,0.03160129756522532,0.0004977655034441036,0.9994706736202551
1701245241591226843,0.015906897349923822,0.0036402151893833216,0.0067232442330856556,-0.007682294308724767,0.03137639511578537,0.00048257918047688416,0.9994779994082045
1701245241625170734,0.015278482510568268,0.003798826189522851,0.006700141052544352,-0.007579169067616772,0.03107796239697622,0.0004265611149262023,0.9994881362453042
1701245241691754368,0.015730310988395717,0.004440432586864323,0.006330944070841628,-0.007590687304659031,0.030901947775358745,0.0005917230484360726,0.9994934221663322
1701245241758100775,0.014802591120532551,0.00308319039129944,0.006956851543293507,-0.007633406982490547,0.031165967891929967,0.0006369092909282669,0.9994848712660708
1701245241791236427,0.014758334909905111,0.003188719045999324,0.0068892937700828355,-0.00749478327756575,0.031186216661135715,0.0007361667539786285,0.9994852205873269
1701245241858037021,0.014586933822292151,0.0007914176553066019,0.006416430352614143,-0.007807924162833177,0.03073174002923196,0.0006995501464115762,0.9994969270111018
1701245241891269949,0.013618869839422326,0.0014649141231723214,0.006320239138163928,-0.007698475036846132,0.03068411365327531,0.0006310555527136108,0.9994992848523251
1701245241925148037,0.013277407778091001,0.0022754328146743765,0.005891678189531397,-0.007815053157389434,0.030625325010432542,0.0006532759413418991,0.9995001689057871
1701245241991780308,0.013339925165240692,0.002441654906276288,0.0051264631137572575,-0.0076961371251115535,0.03038793003331568,0.000588426972782388,0.9995083776213882
1701245242058076170,0.01323287451036557,0.00010811089106157982,0.005110644278210938,-0.007638881938240714,0.030401204825731266,0.0005741554926355325,0.9995084214619444
1701245242091244962,0.012909389310573696,0.0011952208666170438,0.005149494832795697,-0.007567727993324554,0.030500070698279605,0.0006443607964626518,0.9995059079263029
1701245242125005033,0.012543121134049868,0.0023953124286961378,0.004506505052893915,-0.00761719835491828,0.0304853940561596,0.000759478396324716,0.9995058990476384
1701245242158025530,0.013125208471496152,0.0005344528845416121,0.005429357485967997,-0.007597532000704122,0.030454135041591897,0.0008443919240778505,0.9995069335270493
1701245242191224125,0.013555379583334293,0.0012076921959549229,0.005268918960432962,-0.00762167061277111,0.03058638282526798,0.0007829291770937483,0.9995027615492817
1701245242225144174,0.013793861545935027,0.001588140200959792,0.0045555760534470805,-0.007597869481620283,0.030600457613782873,0.0008658131213464868,0.9995024435892121
1701245242291504410,0.014816596027838889,0.002434924301168619,0.0032823832130362877,-0.007709805348361184,0.030330641126124446,0.0005005662047485137,0.9995100602514431
1701245242358102825,0.014952614900926201,0.0009004942576918432,0.0043916065379330255,-0.007878147710971744,0.030109297026637147,0.0006050530808795547,0.9995153820387034
1701245242391253736,0.014972700920536488,0.0017609461241263624,0.00447640797657464,-0.007965438478579048,0.03014314801940077,0.0007155305101199653,0.99951359692273
1701245242458172586,0.01637607924250277,0.0004479273194839014,0.004774745392784812,-0.00785110876256127,0.03016054488114262,0.0007796716473777649,0.9995139287352595
1701245242491215971,0.0166896076703534,0.0010968372946966384,0.005000211448112194,-0.007759560449119593,0.030167775439622728,0.0007750639674332746,0.9995144290216662
1701245242525137451,0.017113203930712067,0.0017003143592801736,0.004147167283040704,-0.007884011303601876,0.03008066798612299,0.0008206586458966549,0.9995160440426458
1701245242591765669,0.01677027751782584,0.002445618272499702,0.0033875766635011032,-0.00790524956722136,0.030098167159299413,0.0008022772020782527,0.9995153644212889
1701245242658062246,0.01696610127628985,0.0005406176611608768,0.0038431468667934183,-0.008080773550776,0.030098969936025826,0.0013307215802077022,0.999513372740799
1701245242691231516,0.017472120883421444,0.001092409392971291,0.003627444649857227,-0.00843943576694618,0.030143136014047268,0.0018275095968515998,0.9995082928539651
1701245242724991110,0.017066012587929592,0.001977036907685965,0.0028697949674936422,-0.009171344898443703,0.030009725151003783,0.0024857420246787937,0.9995044391675816
1701245242758044985,0.016477765061124947,0.0012883477572028757,0.004398798551405099,-0.010204455971298565,0.029461857957238175,0.0033919247520350316,0.9995080604229832
1701245242791211870,0.016140826132810315,0.0024536618463891356,0.0048329148165294255,-0.01175513866029094,0.029204029167306578,0.005120714651575989,0.9994912304152197
1701245242825139311,0.016008636173408804,0.0032715344887869237,0.00453152294046522,-0.013755282349685899,0.028338634199061224,0.007244012545212965,0.9994774826385321
1701245242891688373,0.01631264789054832,0.00554691849921207,0.0070724689486929716,-0.01864803539471001,0.025797330679943213,0.011815448339168026,0.9994234056125821
1701245242958080318,0.01677411618275154,0.00725090773356992,0.026216567388550716,-0.016137980054830123,0.009430860491449878,0.0038459369286404487,0.999817900039443
1701245242991233137,0.01659405376710466,0.009021045691657752,0.05241776070967208,-0.010267818935886767,3.636744043615572e-05,0.0013958288735673086,0.999946309675407
1701245243058006552,0.014080016199138914,0.01239013410400745,0.10216146395452101,0.003928056833523099,0.0045807136675260155,0.0017335691918615376,0.9999802908906085
1701245243091193941,0.012429886557550434,0.015333001539095963,0.11997894811391067,0.007837587216447915,0.01119403335239488,0.0023094439816927974,0.9999039615445203
1701245243125179556,0.010250016270781509,0.018279580173558033,0.1315541882710992,0.010510345828319584,0.013827771968820589,0.0021660664683354727,0.9998468050201502
1701245243191706922,0.007705432523007049,0.021370269235412888,0.14117371077925767,0.01238770578335179,0.01567800541165225,0.0038484081582465957,0.9997929458874897
1701245243258103397,0.004840721803181673,0.02399434624796372,0.1317645204190055,0.01346355835516736,0.01687301812619477,0.001371288879780646,0.9997660493448146
1701245243291262415,0.0030809269994182646,0.025982655432691123,0.12089250843725692,0.01378465763595318,0.01749676320629182,0.0024634546124619448,0.9997488574049659
1701245243324991491,0.0005771795487442275,0.027507944130653442,0.1102741637484306,0.014434277042419156,0.018886997950149496,0.0019608083830802894,0.9997155036234951
1701245243358032015,-0.003004665379922513,0.027928315243924775,0.10181075202736042,0.014936962784793128,0.02162835470332847,0.0005988408429939129,0.9996543116524019
1701245243391430881,-0.006025929406253199,0.028508499467106513,0.09583196353277416,0.016472913086894875,0.024246170820637163,-8.108670282925549e-05,0.9995702875535641
1701245243425144937,-0.009377512821362965,0.029164182191213316,0.0934560693194266,0.01822622216806137,0.026412350515125083,-6.210481347429282e-05,0.9994849617221556
1701245243491669204,-0.014204849210008818,0.026465377464958122,0.106632663408354,0.01368400869632922,0.027921566156927206,0.0011079408644333935,0.9995158360508272
1701245243558051136,-0.018992574458148895,0.022691806831425836,0.12235559979146281,0.007229021482737142,0.027636311449198977,0.0003694202221637479,0.9995918362344625
1701245243591249254,-0.020494108087999133,0.020426961505615668,0.1315554775900408,0.002927433525529039,0.02846573621043145,0.00030895805921149456,0.9995904343979436
1701245243658012417,-0.024316707400287716,0.017000479759311866,0.14034790927576404,-0.0020164444754673643,0.03082809938524424,-0.0004898228810012209,0.9995225471761585
1701245243691165474,-0.025436628212665593,0.01526931721427174,0.1468276839963235,-0.0005007410980346957,0.03214880677695374,-5.712643571621272e-05,0.9994829664470231
1701245243725122240,-0.027005325643996846,0.013852882245485212,0.15110572362066554,-4.110650033917871e-05,0.033477212935782125,4.2580415002154754e-05,0.9994394792638602
1701245243791716602,-0.02933444361026319,0.011897407256230733,0.1659969857554962,0.00015346035830184076,0.03479548582928691,-0.00043137202411268577,0.9993943488603482
1701245243858094242,-0.03081868147790331,0.01051695007661992,0.18215469466336442,-0.00028656088146439805,0.03165510477759518,-0.00036826293331053325,0.9994987426739429
1701245243891322162,-0.030514351955922264,0.009489021458075095,0.19622990540884924,0.00027741045011049083,0.03052474681595148,-0.0007346745847992754,0.9995337028477422
1701245243957417515,-0.031088842380653132,0.009411304355072552,0.21733095691724352,0.0029460225293747896,0.029945809719734696,-0.0003070319291536884,0.9995471350381033
1701245243991212156,-0.030619543229255086,0.008601250568684228,0.23444697510937737,0.004020910340455916,0.02911325356046846,-0.0008175551702877537,0.9995676977327256
1701245244025378969,-0.03060592174708334,0.008486908397360974,0.24683388368951104,0.0038269009060076927,0.028779860432610483,-0.0003150407303262993,0.9995783987323222
1701245244091676023,-0.030010656696336246,0.006007773546830022,0.27956401453110363,0.0004449095434371496,0.026272900753410027,0.00035608651110647066,0.9996546453370265
1701245244158226278,-0.030402656230548844,0.005812114364987745,0.3087874737567963,0.002937027772641682,0.024233045449237958,0.0003956295723881425,0.9997019440079925
1701245244191234854,-0.030048274941191718,0.0046012421114277596,0.330945174184153,0.0036243041275541878,0.02519906621105756,8.947904148546033e-05,0.9996758792104483
1701245244258015898,-0.031528795270610026,0.004942812274795722,0.3631382621308088,-9.655118438981897e-05,0.024400265189254887,0.00045031521471701664,0.9997021631229824
1701245244291182068,-0.032267438949225555,0.0038552883482975866,0.3849257669053538,-0.002585740654232131,0.02511152384586049,0.000923095546288103,0.9996808856880381
1701245244325121668,-0.032445305915809595,0.003704097481075932,0.4012051428458221,-0.0041973219463550876,0.023713734909141818,0.0006580403979151964,0.9997097620049393
1701245244391738680,-0.03110275950091486,0.0018852839249731072,0.4370802841754351,-0.003767989892025826,0.02258751098068886,-7.590850912852621e-05,0.9997377660355585
1701245244458059099,-0.03342227416763275,0.003199252571662752,0.46944958430018807,-0.00022128783598921134,0.02467315943851322,-0.0002479886168864253,0.9996955160130815
1701245244491241005,-0.03310806609785193,0.0024023415248061084,0.492055737291182,0.0001400592331916243,0.024753061148669656,-8.046122040847397e-05,0.9996935829908951
1701245244558048513,-0.035113127595244584,0.0025714491539673523,0.5261371004045272,0.000298895484387199,0.02329015450203723,-9.691510362896601e-05,0.999728698183774
1701245244591212299,-0.03569872628465934,0.0020487272206653993,0.5500478512130679,0.000497059865159711,0.022688867168108806,-0.00037618723577035885,0.9997423801766544
1701245244625160244,-0.03576638327673828,0.0018963673963645414,0.5673665989766976,0.0008579407595791553,0.023411603590144898,-0.0009702969346547678,0.99972507184668
1701245244691767242,-0.03723244216947791,0.0001384894124860527,0.6042977346653762,0.001003097907751192,0.02452587960514039,-0.0005755238011069859,0.9996985264551189
1701245244758046892,-0.03923809382708765,0.0007199064388863876,0.6305778999938204,0.0008719715083441115,0.02376696698962326,-0.000702093138714406,0.9997168989324065
1701245244791259077,-0.040276664389423296,8.43440099463254e-05,0.6499981578391194,0.00031882123699649996,0.023681730755708466,-0.0008354277617372772,0.9997191485821846
1701245244858015802,-0.042948765317716533,0.0007673324287975049,0.6725978986879446,-0.00011407829609099488,0.023900842275445547,-0.0011650176988928947,0.9997136487306892
1701245244891180542,-0.04513834920492325,1.0650450919706266e-05,0.689974161027233,-0.00040295380727721063,0.026335432803726994,-0.0009399729928169858,0.9996526391992583
1701245244925159719,-0.047891895834627475,0.0006857539128006339,0.7011269623771594,-0.0005609078606179624,0.02768141540005566,-0.0002496474309881524,0.9996166076551458
1701245244991783884,-0.0503775354111402,-0.0006096306216235998,0.7266513572251257,-0.0006869367755416927,0.030347833945626016,-0.000977039312375405,0.9995386848375891
1701245245058043268,-0.05463078250628242,-0.0007353679133408303,0.7428458254765737,-0.00035322831530439894,0.033031923363923105,-0.0009828396146333658,0.9994537514537274
1701245245091268327,-0.056395865112930044,-0.0011950828946387091,0.7566181933038063,-0.00022258935178872278,0.035130797770469784,-0.0009363819953150307,0.9993822595437392
1701245245124981430,-0.058742807297166126,-0.00019357765162915017,0.7652804464717402,-3.400031397097516e-05,0.036464824222089604,-0.002128122098358019,0.9993326706031207
1701245245157998588,-0.06083409627243446,0.00030484336108949967,0.7713236885287129,-3.3699844656019075e-05,0.036707601911023374,-0.0025570497062268917,0.9993227768459308
1701245245191185501,-0.06109309753181762,-0.00044005140683108554,0.7844968279766718,0.0001626387783835139,0.036636067563533256,-0.0017479233629132229,0.9993271320573786
1701245245225121286,-0.06299140926989014,-0.0002970442659551806,0.7905887674268666,0.000612947797995779,0.0364020164045183,-0.001445709179037444,0.9993359932583494
1701245245291696337,-0.06467569329499136,-0.00028358581590848166,0.8039583450461931,0.0012024995516240128,0.03494283977759483,-0.0019151712192466187,0.9993867539958226
1701245245358058479,-0.06567368471345637,-0.0005137665675535938,0.8091258544127794,0.0017184280851432567,0.03465822525121392,-0.002151192044353858,0.9993954306480196
1701245245391278532,-0.06509405737595189,-0.0015917067004136477,0.8180276010179485,0.0017885490818325424,0.03524918185098171,-0.002211460044271574,0.9993745072371473
1701245245425035503,-0.06540174967408882,-0.0006186092837240852,0.8221907786544682,0.001968743344823949,0.03499279627574254,-0.0017313751847972008,0.9993841256485997
1701245245491218355,-0.06560428970224796,-0.002162866146665877,0.8279436134817615,0.0020494447222288844,0.0344207951093614,-0.0015159709786007015,0.9994041777340947
1701245245525156286,-0.06540292465874209,-0.0013425241587618167,0.8299784846490065,0.001096640572317383,0.0345846906725744,-0.0022239552743313,0.9993986945025871
1701245245591674831,-0.06439020443128411,-0.0030974109163624335,0.8307959703289737,-0.0006793666702525368,0.03483771553247521,-0.0007660267638131497,0.999392458066601
1701245245658023622,-0.06301615502275057,-0.004679891283067569,0.825170077480248,-0.0015728790176679451,0.036186334451788704,-0.0005080370198976017,0.9993436932051583
1701245245691215303,-0.06271288932925478,-0.004219383563508273,0.8298320677112224,-0.0019231283184839249,0.0358679717580543,-0.000982250785957981,0.9993542041552773
1701245245724967029,-0.06150040260129812,-0.003981277201087154,0.8319486926992866,-0.0021933517190936415,0.035116601634335644,-0.00045722073867002325,0.9993807104637791
1701245245758003977,-0.06046378092239768,-0.004469554610484984,0.8298249069010103,-0.0027558700171719263,0.034777293620381955,-0.0003952003184013269,0.9993912091096252
1701245245791193273,-0.06024213986498338,-0.0033142776902095744,0.8331534810626247,-0.0024397460150382844,0.03421864412770227,-0.0010819170873021151,0.9994108071703348
1701245245825208452,-0.059555297208911166,-0.003078348492516049,0.835863877698329,-0.002248942235452209,0.03345345697414315,-0.0021598954615691993,0.9994354122838033
1701245245891675737,-0.057250329397347206,-0.002478214648688171,0.8345248804536762,-0.0014867439368107574,0.0318045807732423,-0.001754386304833512,0.9994914608754785
1701245245958032635,-0.05478548248057208,-0.001697441994895266,0.8282362908625265,-0.0006403033039535912,0.031792351799332305,-0.001958213934448002,0.9994923720453965
1701245245991210010,-0.05404124607195781,-0.0010195975560241659,0.8303959935961642,0.0005073980259076864,0.03200576241117431,-0.0015239838435106884,0.9994863937007684
1701245246057983663,-0.05194615002744473,-0.00035785218867576325,0.8244897548587511,0.0019504191508934608,0.030948641488325383,-0.0014074749434418838,0.9995180821122981
1701245246091204193,-0.052695084196508944,-0.000651880097560498,0.826995007924346,0.0019816384240307866,0.030738601208862106,-0.0010233485193604243,0.9995249693042625
1701245246125125911,-0.05207363852332483,-0.0020277512103564323,0.8350524527507077,0.002344122026536698,0.030484907215334613,-0.0016290619629122306,0.9995311509308342
1701245246191701200,-0.049507689086206313,-0.0012128967866727287,0.8322725483787561,0.0022585466697467565,0.0313494416805019,-0.0017687148151159327,0.9995043687354069
1701245246258056429,-0.04735488954451803,-0.001169100387680064,0.8273428196971255,0.0015037889812804452,0.03065706791948798,-0.002101574469613203,0.9995266210511997
1701245246291215208,-0.04737204477304929,-0.0017267163250128696,0.8265728743079127,0.0009447102492928091,0.02943025281501365,-0.0017343309291449106,0.9995648852565888
1701245246325039890,-0.04568692757889555,-0.004141871046624246,0.8364944374513793,0.0005197114803294342,0.03012110924401305,-0.0011320073212645252,0.9995454803245883
1701245246357993629,-0.04462445836958594,-0.004164867862563072,0.8347997689742942,0.0001644088382523832,0.030445445599626076,-0.0009166848849278729,0.9995359961005886
1701245246391197708,-0.044196115983630505,-0.003842643828428321,0.8350620693189775,0.0003772238686835178,0.025049996655667803,-0.0012302413462756162,0.9996853714424023
1701245246425131347,-0.04209724939410994,-0.00532961101454007,0.841201328007251,0.0005197023612580551,0.014354610799408613,-0.001975740242739821,0.9998948802292901
1701245246491668012,-0.04107104913558272,-0.004899853536495132,0.84408127760894,0.0007850461404110702,0.0016262694135070707,-0.0017747473622224568,0.9999967946059389
1701245246558010128,-0.040702730508731265,-0.005656609430538169,0.8457838006804906,0.00023184044651305025,-0.002406622296857762,-0.0013177467823304785,0.9999962089740867
1701245246591214206,-0.04107650698907957,-0.005856832478172362,0.8462408356880693,-0.0008504053291371454,-0.002337802597877572,-0.0010510485888564065,0.9999963533866778
1701245246625004795,-0.044190185030015545,-0.007806118423300858,0.8592312588116243,-0.002385391813013324,-0.0002180605975735016,-0.0007911857084169868,0.9999968181852625
1701245246658012178,-0.046300473857804225,-0.008181715051401674,0.8583853055555808,-0.0034800892653555435,0.0005723764583331814,-0.0006169417466769428,0.9999935903528464
1701245246691175964,-0.04829558894876143,-0.008251485174943195,0.8562358292261318,-0.003489169310597149,0.002635217593635384,-0.0004850399942037892,0.9999903229841578
1701245246725115087,-0.05085926433185925,-0.008751983951067173,0.8616142189442373,-0.0028094317190885754,0.006418732855047776,-0.0002552455543604643,0.9999754206037558
1701245246791684416,-0.05877588249852782,-0.009047933606368264,0.8583907863403771,-0.002450090087473963,0.012636328414970975,-0.00016878489042448252,0.9999171424545201
1701245246858043936,-0.06634550480312953,-0.007939398976000763,0.8567807205191404,-0.002540316591642413,0.019040016777446645,6.550321415203929e-07,0.9998154952551495
1701245246891319778,-0.07086563201582032,-0.00774171782447743,0.857321411477594,-0.0019131086462393445,0.02187601862531337,0.00012732748414304003,0.9997588527300594
1701245246958124664,-0.07852819414387285,-0.00654018620457599,0.8633673580246648,0.001041948177790118,0.026080424484858596,-0.0004524069387350218,0.9996592024938531
1701245246991194752,-0.08128177102947311,-0.005975047314784634,0.86630513602909,0.0028436273872517208,0.027556027736220207,-0.00021613345607252545,0.9996161925484263
1701245247025152710,-0.08363512935067109,-0.007689496273559615,0.8847700434772083,0.004757473760290659,0.027827863666693105,-0.00049397122331549,0.999601286733665
1701245247091678884,-0.08988373464856078,-0.0061477509061899855,0.8859083624300802,0.007583922373663547,0.027078209299740915,-0.0007673011476274362,0.9996042546685656
1701245247158037689,-0.09681409362026838,-0.005201820133551663,0.8822168882062777,0.00773243196442102,0.02895850523234595,-0.000811458641533433,0.9995503769222924
1701245247191202429,-0.1003913349438873,-0.005598035363102471,0.8785978294223517,0.007625034302100169,0.02987706911818869,-0.0008948330339729067,0.9995240961911024
1701245247257982757,-0.10593111409106132,-0.006573766391607978,0.875251535885041,0.0072326706139277915,0.032656394756368834,0.00022124923969928114,0.9994404431511067
1701245247291170862,-0.10768121576852874,-0.006754030965898566,0.8713267555621013,0.0073741783234486475,0.034863811292214726,0.00014246130375255341,0.9993648562266996
1701245247325121668,-0.11167552827102152,-0.010514022961173276,0.8830632813505561,0.00594066498305132,0.036770184382331365,-0.0007801147812739425,0.9993057857637855
1701245247391669777,-0.11502453669502183,-0.011417577989507082,0.8753193202061454,0.0029968211721881086,0.04100166592528209,-0.0005171834964978106,0.9991544500103298
1701245247458018091,-0.11740115521181506,-0.011820385386435085,0.8685166613191817,0.0006040254107785353,0.04372394932777639,-0.0003804975185362031,0.9990433957692346
1701245247491229322,-0.1183428260275281,-0.012072226787760163,0.8626833778029207,0.00022139164807108566,0.045350095799913344,-0.0006260414690889149,0.9989709344464212
1701245247524958399,-0.11782338945360595,-0.014481764437235619,0.8688219984185637,-0.0007555856267618266,0.046453488828346344,-0.001101879734117888,0.9989195604887747
1701245247557993915,-0.11815395926872975,-0.013819879921972842,0.8647840464270408,-0.0024019702304347084,0.04741815857264586,-0.00147722965527931,0.9988711461290376
1701245247591181066,-0.11756961251674465,-0.013963403712067978,0.8580415789520623,-0.004000179585516454,0.04830603766578565,-0.0013205515371185097,0.998823698873807
1701245247625132826,-0.11595371060702615,-0.014970575881601545,0.8566653110888611,-0.006011003674200345,0.048726071189997874,-0.0012614055009244243,0.9987932952705372
1701245247691721704,-0.1117872493616739,-0.015101168415852413,0.8403848764275923,-0.008732399423839543,0.04942808472041363,-0.0013320326759103085,0.9987386221279942
1701245247758044269,-0.10430908791010661,-0.011170112935305739,0.8272921459352548,-0.011843678269340253,0.04952205554042028,-0.0018854898504920582,0.9987010254466187
1701245247791294363,-0.10073531768349016,-0.01003062931150409,0.8175990454801669,-0.013251703154071716,0.04974310736858644,-0.0017628394632544144,0.9986725729836884
1701245247825003174,-0.09640702593062316,-0.007613759013968499,0.8163003384481775,-0.01467693062585827,0.04963268229713702,-0.0016276882449853917,0.9986583676044438
1701245247857970503,-0.0913086559043394,-0.003948917736538302,0.810381454952376,-0.01658622395330435,0.04968520728003492,-0.002455472810726158,0.998624177559199
1701245247891196993,-0.08592474965147687,-0.00144321054193417,0.8006800782135195,-0.018475071507902504,0.04918086527046602,-0.002218106741965342,0.9986165401326514
1701245247925113466,-0.07909682243526628,0.0018531149505438712,0.7945630124933414,-0.020510699144190382,0.0491255149374779,-0.0018953352891614283,0.9985801934280921
1701245247991701391,-0.06429877911627936,0.009621226170271576,0.7723445188354504,-0.02359761141429489,0.05009203851808681,-0.0022365249764292254,0.9984632884431316
1701245248058027532,-0.04652886442713809,0.02086902186702947,0.7568222119404895,-0.02769116737809445,0.049880581800492645,-0.00299503305486332,0.998366744531028
1701245248091214206,-0.03744434154964038,0.0269523931973789,0.7449439227176451,-0.029602292845271213,0.04902626708754356,-0.0028180856866345284,0.9983547404539262
1701245248124971893,-0.027834869935054792,0.034263338961820766,0.7382178851406476,-0.03190861399581055,0.0471661582950712,-0.002545136276011617,0.9983740361937942
1701245248158023145,-0.017103948695267695,0.042516691728684664,0.7326625548241192,-0.034386056339571903,0.0456491692187669,-0.0025161807773123376,0.9983623697402383
1701245248191178587,-0.006092822298077833,0.05090977525790213,0.7218133742080886,-0.03666777738924472,0.04452471600154713,-0.0025182858193756484,0.9983319498056978
1701245248225144651,0.005007850541072511,0.06083766358641101,0.7144818616286067,-0.038767456253251675,0.0444333140505235,-0.0020487953670030785,0.9982577659981834
1701245248291670587,0.029404293034708987,0.08278933378681769,0.6926453899291843,-0.04342411391814404,0.04343938221912279,-0.0019877723304197533,0.9981099213834154
1701245248358045128,0.054512344270868,0.10862100895829518,0.6851426881851241,-0.047969809644086744,0.04429036339634352,-0.0022548206827587894,0.997863806767546
1701245248391304996,0.06748180782644521,0.12257383433387471,0.6752894295742606,-0.049679660532854615,0.04517610881676085,-0.0022825193887347148,0.9977403673435072
1701245248457981136,0.09647226591671246,0.15568630887187687,0.6667426113741182,-0.05319918223982791,0.04780025983638598,-0.0019262142625517615,0.9974373523521176
1701245248491225984,0.11195701549617387,0.1737052162958526,0.6577102439759481,-0.05520452983817466,0.04795682766316422,-0.0024712971305385235,0.9973196555048558
1701245248525144365,0.12607610927446886,0.19575225913191696,0.6513134708103406,-0.05630798471936095,0.04930725764813813,-0.00329138531803751,0.9971897372028818
1701245248591689852,0.15822967713193653,0.2376128456027204,0.6329066405156696,-0.0573496231283219,0.05326260524219298,-0.004538866881427429,0.9969220201687223
1701245248658059147,0.192963917465463,0.2837762132005908,0.6275702768583689,-0.054395947191329785,0.05580943188660313,-0.004396084410079204,0.9969488766649532
1701245248691180971,0.20995462433786824,0.30861078157084026,0.6190840077035707,-0.05181647467728288,0.055876595196362976,-0.004884956885953627,0.9970802356167244
1701245248724981811,0.22894185843823414,0.33595927024818445,0.6114648658815377,-0.04944235780187418,0.05600989730521041,-0.004807733713125984,0.9971936774545831
1701245248758008268,0.24868964393638787,0.361761720038849,0.6123011818238064,-0.04830115865285818,0.05566286608056536,-0.004470816365082199,0.9972706028022276
1701245248791181591,0.26933212854548966,0.39072933540185956,0.6054652876032987,-0.04747834548175434,0.054885449323078116,-0.0037170196253718266,0.9973562943742942
1701245248825166490,0.28907054838461677,0.4221090030366781,0.5993152535534848,-0.04671172544964367,0.05401888231312647,-0.003659931457622869,0.9974400132142701
1701245248891716268,0.33411131936798344,0.48334783514521085,0.5875546287158968,-0.04502539476585859,0.05365335562519441,-0.004212653633152081,0.9975351045480566
1701245248958042887,0.3788944343978672,0.5469097749217697,0.5930143889459851,-0.04025796742820548,0.051469526601970565,-0.0040792802262907485,0.9978544700319552
1701245248991202381,0.4028713677987449,0.5823697847437673,0.5898252889759665,-0.03777027947627993,0.04818947650957836,-0.0034890957591889814,0.9981177318096297
1701245249057996538,0.45179087062757156,0.6488789140308415,0.5903255703692889,-0.03610760708721971,0.044308934211530135,-0.002722040499180993,0.998361432325485
1701245249091203478,0.4762380829590583,0.6858885779982424,0.5876224482780635,-0.03588692271490021,0.04323023660171697,-0.002139351943594134,0.9984180980905123
1701245249125099685,0.50165510433404,0.7233433707152056,0.5840208648344286,-0.034999229741730774,0.041799552597721994,-0.001337338245579095,0.9985119242385304
1701245249191692856,0.5543503519148857,0.7971818642736643,0.579080786869144,-0.031177228330463228,0.04014938827346072,2.524002782454824e-05,0.9987071675009839
1701245249258023765,0.6042454416414452,0.8720810888445272,0.5880189318445725,-0.025888783303411083,0.042333920022396575,-0.0008762873789612014,0.9987676617887845
1701245249291270759,0.6303603747778067,0.911864198475086,0.5889723954924015,-0.022474684703328276,0.04274745714164067,-0.0011501059484478134,0.9988324287445403
1701245249324981954,0.6574530384882906,0.9507823359016377,0.589253653245605,-0.01861519792568409,0.043307913589076534,-0.0011024307848996986,0.9988877232567799
1701245249357987907,0.6830249339825196,0.988503577576686,0.5963038915085678,-0.014547278311972384,0.04517598067416486,-4.600491967106181e-05,0.9988731177418827
1701245249391227033,0.7096554646242149,1.0272474653010097,0.5982669943966393,-0.01096453140954843,0.046708790104066616,2.7673517900407765e-05,0.9988483704808051
1701245249425136593,0.7372896069001402,1.0667758570615187,0.599458800016029,-0.00783560216054882,0.04868845855719336,-0.00011753998746121406,0.9987832715491672
1701245249491819170,0.7917971958797769,1.1440860976839369,0.6036747900127482,-0.0005895937200010509,0.05221412858294974,0.00015822596736615927,0.998635725437515
1701245249558019665,0.8501293626369686,1.217872959174141,0.61399815021057,0.008937993495667302,0.05441573298987648,0.00017572717971451061,0.9984783469837513
1701245249591200617,0.8776887856492285,1.2564991028518304,0.6170060123596384,0.014656734298052825,0.054401538287307295,0.0012444682979553397,0.998410789239753
1701245249657977607,0.9367829390349103,1.3298898140447546,0.6295786666557119,0.02528486104234906,0.0522920595019991,0.0010253492891720496,0.9983111563906034
1701245249691141155,0.96682170022899,1.365745313985797,0.6338277238387058,0.029531820336217745,0.05194354688156923,0.00018982745909473182,0.9982132555173405
1701245249725127962,0.9982573882388465,1.4023403972179576,0.6377804235906104,0.034193315562670176,0.051738440632156976,0.0005504754632721825,0.9980749710861148
1701245249791692522,1.0602800231549971,1.4707095942586228,0.6480063265931995,0.042494920372353605,0.049407819885928614,0.0013642790205634686,0.9978733325524944
1701245249858014610,1.1225579133684824,1.5324512242645587,0.6641463475927973,0.049344243588497434,0.046832150582324455,0.0017539477979385135,0.997681722276015
1701245249891196277,1.1525332691320782,1.5621336340557408,0.6708779846045969,0.052775980887928085,0.04624793851634707,0.0024719795018004493,0.9975318106915929
1701245249958021906,1.2171998576969267,1.6178064569039676,0.682299321209252,0.060841706565985754,0.04499511939185394,0.0018172668992215907,0.9971310964532539
1701245249991288450,1.2483992214033495,1.6428698790678986,0.6870638218612123,0.06503876245111202,0.043944865123753646,0.001481635828460676,0.9969135433744266
1701245250025119093,1.2805301694703681,1.6674063402383876,0.6920678173321957,0.06871333758819531,0.04076504377967798,0.0015829029811170912,0.9968019777575103
1701245250091650274,1.3431598207209339,1.707773769989282,0.7041768063640286,0.07207979948478768,0.03477091181967428,0.0029190770626123814,0.9967883251656612
1701245250158028867,1.4033916221918727,1.7426249144068522,0.7159679444714356,0.07645163589058014,0.03424280264884539,0.002677019810251735,0.9964815158352622
1701245250191206959,1.4337191752704652,1.7576312459784402,0.7227494589876297,0.07888619913472479,0.03517838248363389,0.0025072091116909215,0.996259586099116
1701245250258245256,1.4925201104086883,1.781432983253825,0.7343448210572427,0.08347117910837035,0.03612765511989763,0.003022400542682555,0.9958505007724582
1701245250291186359,1.5208261194586794,1.7915501756618544,0.7406232241001129,0.08571021534457303,0.03773542140278173,0.003872053060874316,0.9955977120113501
1701245250325082805,1.5500806492440022,1.7993853437993936,0.7472292283996056,0.0876787430701985,0.039253849357234784,0.0041345126764848125,0.9953665049262999
1701245250391652611,1.6064934214884439,1.8093798637824698,0.7577492545002633,0.09051210963336534,0.04006797279922359,0.0034080431854251365,0.9950831627593367
1701245250458144930,1.662656146435001,1.8113426920504647,0.7665978074151658,0.09607477389043304,0.03829139687790913,0.003425741324648475,0.9946314247214479
1701245250491201904,1.6911503242795163,1.8092115967608164,0.7694308329098312,0.09851364972950354,0.03749737751269746,0.003426099677285383,0.9944230836709516
1701245250558002975,1.7479177841782838,1.7987167352871685,0.7790567111021811,0.10257824028777618,0.03484122514424506,0.0028569629510802807,0.9941104724388571
1701245250591152933,1.7760155551320471,1.7903109549921656,0.7821323169395105,0.10394926386857603,0.033526421129154126,0.002226207295763636,0.9940148759593732
1701245250625129488,1.804647093082481,1.7795731826012704,0.7868264797896017,0.10586690599399008,0.032863063309513156,0.0018528771312314274,0.9938353908628487
1701245250691692856,1.8589760250498963,1.750952504491945,0.7932882441701248,0.10901151971695741,0.029963277750775216,0.001698644071443424,0.9935873414872736
1701245250758009460,1.9130497817656797,1.7129210241104922,0.7997761515180787,0.1074348589351071,0.027985533410623344,0.001852167977078279,0.9938164470761698
1701245250791188505,1.9390298955889336,1.6907446862487834,0.802431661898279,0.10481093535573292,0.025932586535962757,0.0017988271156591609,0.994152369109695
1701245250825025347,1.966321164215529,1.665990282932211,0.8055088753160877,0.10209568168548598,0.02426131749051786,0.0016061612825981827,0.9944773906433141
1701245250857962158,1.9929636249815093,1.6392384805128022,0.8073222937430119,0.10056228769462361,0.023523462130197195,0.0014137582108687742,0.9946516346494154
1701245250891159323,2.01855031160693,1.609697849771467,0.8091827903148064,0.09983808044032243,0.022781973298980497,0.001068389644745782,0.9947422771402467
1701245250925116565,2.0449970403672824,1.578835071164969,0.8117416495626265,0.09850890387384653,0.022477522678446344,0.0009074764646365974,0.9948818690268104
1701245250991642978,2.0961824159440687,1.5109898825358512,0.8122748813841825,0.09391185867495871,0.020517644123081536,0.0013251000927205507,0.9953681897617572
1701245251058040884,2.1460316832819584,1.437826447511681,0.8113188895002348,0.0921341958333487,0.01847054990231291,0.0004079821846264809,0.9955751916831723
1701245251091177490,2.169383526131269,1.3988184914450394,0.807647018724929,0.09073004774215554,0.018400159160622532,0.00046062957596647633,0.9957054184847866
1701245251157314327,2.2168588646356633,1.3145975867570254,0.8051548751070132,0.08722105469267116,0.01582917162316484,0.00023485558863283818,0.9960631856397841
1701245251191156414,2.2408871664136956,1.2692632748622548,0.8034595197053156,0.085596553611354,0.013140395354132936,-0.00024230584808275848,0.9962431938576403
1701245251225122001,2.2657832116539516,1.2217725869341152,0.8035769274308024,0.08396828971661076,0.010339511195113291,-0.0005431490275756342,0.9964146354903903
1701245251291622904,2.3095840431499512,1.1241383345714564,0.8015194779075535,0.07958889635620475,0.0049924534214120285,-0.0006724443045434803,0.996815043427964
1701245251357998636,2.3533925257354813,1.0220263816249866,0.8010699087905265,0.07436710805000149,0.000333187194267935,-0.001230731350800568,0.9972301176393116
1701245251391217258,2.3735499070716712,0.9683837601629609,0.8025639230942453,0.07107477965854452,0.000653559148113325,-0.0011998980698295363,0.9974700540876159
1701245251457971361,2.4135871462163516,0.8560022507505105,0.8010053368860494,0.06468242310265451,0.0013302587121702492,-0.001543915555834013,0.997903818450498
1701245251491147306,2.4303985592067257,0.7992498741680004,0.7990852025803814,0.06052221955983834,0.0013887132042382881,-0.0013746385548616528,0.9981649376651289
1701245251525126245,2.449871748938526,0.7399913398328709,0.7976254127282711,0.05714623002980969,0.0022721118760050635,-0.0015879546113062417,0.998361970580388
1701245251591656950,2.48359318520198,0.6202190663369157,0.7944285091116063,0.05151465315772726,0.004326695975670159,-0.0013489129433083386,0.9986619551408998
1701245251658021000,2.515207056194353,0.49836284589918506,0.788919758388162,0.045941455588089035,0.00655072834732803,-0.0016597932870350918,0.9989212760287026
1701245251691204574,2.528599033907083,0.4362022527346431,0.7882718428482609,0.04332909441544909,0.009442371056975188,-0.001486538493793953,0.9990151257159553
1701245251724988725,2.543308708362385,0.3722914752876567,0.7859074388480414,0.03955649281726618,0.012590400534340901,-0.0009220896537731892,0.999137585841436
1701245251791175630,2.5670900992164345,0.24390980555206035,0.7829734786820074,0.031715870378917245,0.01899620223197037,-0.001008496269473393,0.9993158813919372
1701245251825099495,2.580511332402616,0.1786534151253949,0.7805444918374405,0.02770411297138002,0.02253677366900228,-0.0009113576427115737,0.9993616689588951
1701245251891674783,2.6040391888693635,0.047746247991842336,0.777773845332887,0.02065552339685015,0.028732512333457715,-0.0016621643797197403,0.9993723176563301
1701245251957986143,2.6292597589534967,-0.08227035509169747,0.7706296259016412,0.01182142299467759,0.03409545910541487,-0.00161710240947001,0.9993473563314056
1701245251991191652,2.641139404381546,-0.14918382710682018,0.7682303132970727,0.006686065028522804,0.0372157531654864,-0.0007440782796899684,0.9992846094072868
1701245252057982233,2.666324163209793,-0.28031320128041504,0.760489780764756,-0.002396270559546304,0.04230738357033139,-0.0008229126200817166,0.9991014292841633
1701245252091183927,2.6778647819244763,-0.3436340067498326,0.7608503655819336,-0.005485614495841722,0.04619126727187684,-0.0013204253374755831,0.9989166788768467
1701245252125083950,2.691089588970123,-0.4093818212612565,0.7584212780480829,-0.009262478963805276,0.04942018641034374,-0.00015458609715268592,0.998735113912468
1701245252191711214,2.7176071895326728,-0.5355217267164711,0.757104476655722,-0.017115574206132616,0.052709813221474805,-0.001072623284998412,0.9984626093094524
1701245252258103159,2.7464206516336005,-0.659519260079417,0.7520125828848186,-0.024814000782731997,0.05383028699352924,-0.0018041438363130555,0.9982401067039767
1701245252291192796,2.7599708757182877,-0.7180387533657967,0.7521207203146814,-0.02887042989419874,0.05506658252056656,-0.0018927380165235266,0.9980634184810255
1701245252325129297,2.774953942265012,-0.7781646051869151,0.7509433894621412,-0.0328558240322922,0.05733301106651075,-0.0007790408351175522,0.9978140176228152
1701245252357958820,2.7913895034603913,-0.8359835183084657,0.7484304454668014,-0.036397852639404676,0.058730889373276085,-0.0013485920388162037,0.9976091720990626
1701245252391156223,2.806607237055935,-0.8922123079241132,0.7492603541215687,-0.0398031357729884,0.0598965547478796,-0.0019499273881899517,0.9974087982844106
1701245252425175216,2.8240263753992205,-0.9486551350971837,0.7488275652775124,-0.043785151813921654,0.06191408726922713,-0.00018797173897726273,0.9971205899713814
1701245252491448667,2.8595792582819333,-1.0570965958721812,0.748219733227184,-0.049126613863535784,0.062271372804185716,-0.0028196793016834285,0.996845475160529
1701245252557997968,2.899216628857956,-1.159830419134979,0.7451521381801646,-0.05409328230045658,0.059295528644133115,-0.003376199916403766,0.9967680564539076
1701245252591310766,2.9196545109594934,-1.207947277201031,0.7482509745669618,-0.05711088744425582,0.057221727074639524,-0.0035542665889719983,0.9967203156728268
1701245252657973316,2.963141353478727,-1.3016285830385914,0.7442439007302675,-0.0635800067020641,0.055721803167573164,-0.0031332638750146374,0.9964149969049088
1701245252691134479,2.983113625015048,-1.345638528651416,0.7491539928366113,-0.06521829739665788,0.05513995503966812,-0.0031297268356941274,0.9963414895771623
1701245252725096252,3.003654870329609,-1.3879475343155456,0.7503232345355533,-0.06644497126863022,0.054853605975254696,-0.003806183547781582,0.996273888381816
1701245252791641023,3.0474843110121808,-1.4676002607869354,0.7487876349950177,-0.07065118935925908,0.05267450813100265,-0.0037954686475359465,0.9961021032268854
1701245252858000067,3.0946131131037435,-1.5409811660222084,0.7437707502476129,-0.07386178507492486,0.05092618359042762,-0.0038180878590809617,0.9959600306917744
1701245252891159323,3.1180352305644163,-1.574297787689857,0.7471875502352743,-0.0750201787366222,0.05122613913739563,-0.004280215442768982,0.9958561819897314
1701245252925171640,3.1426522151380536,-1.6052631320800506,0.7507168515600537,-0.07691195293934724,0.05230935242370815,-0.003494171672782829,0.9956586131342354
1701245252957942035,3.166857719337458,-1.6343839900107582,0.7494323836473418,-0.07930095605627979,0.052612802298508336,-0.0038369204579851916,0.9954539313520527
1701245252991139200,3.1892362761020423,-1.660714471527235,0.7497629556973133,-0.08112088861283229,0.05152777881487848,-0.00412547356101573,0.9953628835299049
1701245253025103834,3.2117665829648128,-1.6865464484329817,0.7537057538143328,-0.08259050181696372,0.0493730395512603,-0.004712412763326944,0.995348634972209
1701245253091613081,3.259260644345545,-1.7319825809225806,0.7544514089269604,-0.0850951432145642,0.04570709059749089,-0.004973336012322461,0.9953114810948952
1701245253157990244,3.3096698862903002,-1.7702349503514416,0.7526643135334914,-0.0878111658452492,0.04661394338021196,-0.004173405442366702,0.9950371461018218
1701245253191200998,3.3340569058704133,-1.7859320045611553,0.7533313111315384,-0.08894120625272892,0.04629712621071376,-0.004148334469689583,0.9949516718193233
1701245253257952955,3.3849527528631547,-1.811967764500869,0.747817751841542,-0.091815737952289,0.04414779415109095,-0.0038504849204581714,0.9947894331474109
1701245253291143205,3.410228780622571,-1.820220350409394,0.7481196422340626,-0.09423069781510102,0.04361398914194966,-0.0038851909014759726,0.994587000132248
1701245253325078037,3.436331871579627,-1.8293330268545887,0.7630539081674755,-0.09713364062648455,0.04375439295372919,-0.0033970375526831795,0.9943033083982781
1701245253391663816,3.485444447002817,-1.8359628630436096,0.7602884429125761,-0.10085833018560572,0.04075313883594115,-0.00340641950336675,0.9940599454828452
1701245253458005216,3.5368209270460285,-1.8351701777694094,0.7566502410687016,-0.1026044184170528,0.036142861003359804,-0.0029387958023013405,0.9940610596935294
1701245253491185215,3.561707122631025,-1.8293982369363788,0.7554909247370616,-0.10326525707644031,0.0335865937289366,-0.003513968791918608,0.9940804189933296
1701245253524920013,3.5884596589977296,-1.8235476169556961,0.7693080239202961,-0.1036020007192905,0.03154974522579401,-0.0029934237771756973,0.9941138156354321
1701245253557969597,3.6149475386556698,-1.8153182622717623,0.7670478118751206,-0.10350160332248858,0.029918218971158757,-0.0028163716852098444,0.9941752291894014
1701245253591164139,3.6409298183671988,-1.8039489053858413,0.7648291663208444,-0.10295283508858626,0.027998011056023727,-0.0028057050005249784,0.9942881640367541
1701245253625128534,3.6666373298670187,-1.793042908524012,0.772402293693655,-0.10273030601212026,0.025873025067993567,-0.0020915680755043535,0.9943705024504059
1701245253691820171,3.7155345825223334,-1.7602579325667076,0.7692714762872959,-0.10481856489277132,0.020774560926719435,-0.001995241553562508,0.9942723495518041
1701245253758014944,3.7635197234860884,-1.7181071799847416,0.7667487655798897,-0.10382975388700885,0.018714672280755518,-0.0019361618973266078,0.9944171129492364
1701245253791165855,3.786291395257116,-1.6928515447273567,0.7642030811652916,-0.10290671367104057,0.019118481568907365,-0.002028887599688789,0.9945051913182926
1701245253857962635,3.8318771945833308,-1.6365497648769751,0.7595335915639125,-0.10099912502218124,0.020425692430787665,-0.0018489872996042453,0.9946750972450464
1701245253891163137,3.8542035457545647,-1.6048004991451834,0.7561639740934314,-0.10011376048351182,0.020752853209301085,-0.0016743260970253197,0.9947581367737809
1701245253925088671,3.8736130573511556,-1.575076725184195,0.7758309769026186,-0.09874953608829017,0.021487200800414035,-0.001857540404154274,0.9948785749365383
1701245253991439369,3.914306400448934,-1.5036462579527912,0.7714625459664964,-0.0949325910790447,0.021928481117149415,-0.0026109171848803883,0.9952387291390782
1701245254057998207,3.9521492230163515,-1.4235847064720144,0.7669990226546229,-0.0893530189369896,0.02428569109312482,-0.002778998335458708,0.9957000152572194
1701245254091156986,3.972283235403425,-1.3813713721902838,0.7634720808488952,-0.08670562807397617,0.024695146221880092,-0.002833077817697441,0.9959238211246161
1701245254124953058,3.991481385520746,-1.3386004240391034,0.7714893696457187,-0.0827662243216862,0.024641360750527933,-0.0028726007185373554,0.996260158601661
1701245254157952574,4.009787555586722,-1.293468649511345,0.7689549512804158,-0.07949477908129157,0.024627380126791974,-0.002658643209828343,0.9965274727087006
1701245254191150692,4.029581951614097,-1.2462913262543631,0.7659001422909759,-0.07698855966234057,0.02421118410840202,-0.0024369710895896755,0.9967349905652434
1701245254225078371,4.048993631544821,-1.198586380919064,0.767036401421317,-0.07622335006845565,0.022614878357111845,-0.002821975019358764,0.9968302787527198
1701245254291641262,4.086027676881068,-1.099996795418219,0.761711669080074,-0.07322158575047247,0.018730111463882277,-0.0015242806834820399,0.9971386357338355
1701245254358022001,4.1200990585656285,-0.9941148946708771,0.7588212264297216,-0.07115142230997522,0.012052436567674638,-0.0010276489411095659,0.9973921785404695
1701245254391158846,4.1366483936037035,-0.9397593806799114,0.7565670568865216,-0.07088226361014928,0.007878639062519361,-0.0008321892901814389,0.9974532265790759
1701245254457979706,4.168299029709742,-0.8280268736371182,0.7560441141481373,-0.06904941743541945,0.0006638579812078743,-0.0007638925631691652,0.9976127273208587
1701245254491185930,4.183044821578144,-0.7697775117213822,0.7549293361636765,-0.06705746714533044,-0.0017445171637329785,-0.0014777592117209597,0.9977464953522165
1701245254525085476,4.194814098191742,-0.7103341492152028,0.7611754858879938,-0.06534860808182895,-0.004423944212874097,-0.001851932538534598,0.9978509700778176
1701245254591635015,4.220854280592125,-0.5888174961765468,0.7584106670327696,-0.05999850995427503,-0.008594615451058477,-0.0009070840243853994,0.9981610534313027
1701245254657979753,4.241937857184615,-0.4622319549193498,0.7561319225961826,-0.04912687723301725,-0.014097463212538333,-0.0020237842365904675,0.9986910011418282
1701245254691162374,4.251914447374195,-0.398058500359471,0.7526500153508353,-0.042933825082206986,-0.016255303619285826,-0.0018332137586978573,0.9989439879669783
1701245254757949140,4.265322856677619,-0.26760648455445857,0.7473043135364987,-0.032488118074847396,-0.01937012824693193,-0.0017554226094833978,0.9992828622602884
1701245254791177538,4.27238340773889,-0.2021505390685975,0.7447028787623116,-0.02846427032200451,-0.019872576693865218,-0.0016989772511419932,0.9993958072189829
1701245254825073030,4.276157909772251,-0.13539911063376422,0.7470433795054043,-0.02555193548825681,-0.020161299575192585,-0.0020005195038283103,0.9994681678342529
1701245254891634729,4.284937876549025,-0.0043698345464217025,0.7465494168342265,-0.01926773905825217,-0.02177029315379239,-0.0016014721734190509,0.9995760320528193
1701245254958008077,4.289358854456924,0.1270310657489906,0.7483073462479886,-0.011044909262890487,-0.02296399371797173,-0.0017837905699692813,0.9996736882918835
1701245254991213110,4.290339086216224,0.19247602266080796,0.748122217209421,-0.007230012527798637,-0.023559850552112,-0.002418281206801343,0.9996933591240941
1701245255057956960,4.290242312452723,0.3231332952510309,0.7475675539912272,-0.0008369648820766632,-0.030712349429123716,-0.00332289325206407,0.9995223906760493
1701245255091199425,4.289068552887868,0.3881684637777636,0.7465949975101359,0.002184023434478079,-0.034134178595820325,-0.003865819477419703,0.9994073960767923
1701245255125050333,4.285285223465805,0.4534265798550527,0.7467454051103071,0.005840577698771583,-0.0362981460903002,-0.004371900653181045,0.9993143743223304
1701245255191702154,4.2764116457200645,0.5803880895149867,0.7471930419940594,0.01364134471606866,-0.03852775064493444,-0.0035778138623519884,0.999158008221195
1701245255257988956,4.261428344516266,0.7033153660308483,0.7492359214123224,0.021126450201081885,-0.04071789354752923,-0.005340981847246391,0.9989330308683664
1701245255291214016,4.252727921621352,0.7638617341156085,0.7499544480838402,0.025611217788896565,-0.042795943545829926,-0.0053496329185106105,0.99874118477563
1701245255324972894,4.241132441913572,0.8239276838239615,0.7507184251946775,0.031100155201787424,-0.04363631888916096,-0.005078255848729804,0.9985503809712172
1701245255358089235,4.229009469566689,0.8823914623745038,0.75026533288897,0.03601106796662277,-0.04433749449214373,-0.004566521305190282,0.9983569183659878
1701245255391106632,4.216256686956887,0.9394169167181182,0.7510699423926611,0.04081623316856828,-0.04450801229842757,-0.004372301263543588,0.9981652943940863
1701245255425072220,4.200263787499753,0.9977654686605558,0.7523508174738778,0.04412404732345672,-0.04406277058590537,-0.004507298412016865,0.9980436989216035
1701245255491614845,4.1672321588521894,1.1062272876751003,0.756329881401654,0.05377667603408364,-0.04011940510048061,-0.003844416210877591,0.9977393060880715
1701245255557987955,4.127027772739592,1.2072400953135525,0.7570211958498959,0.06258157491965961,-0.03335034949765483,-0.0036966504224545233,0.9974756315041553
1701245255591194179,4.105789412202424,1.2557610437966105,0.7597403169052428,0.06612337595847426,-0.029688247113485052,-0.003981884931430058,0.9973617456708352
1701245255657936123,4.05957288062559,1.3482102323676108,0.7604610518823429,0.07379450511243117,-0.022199249309230094,-0.0038490303428245463,0.9970189312699825
1701245255691156891,4.036868355572913,1.3915556509675537,0.761628680527229,0.07745366976906383,-0.01850876441419537,-0.004000122147257792,0.9968161082677044
1701245255725058344,4.0131622280044645,1.4324479760301925,0.7617159604601977,0.07940987154869021,-0.01488963725277686,-0.003482514392848108,0.9967247579430366
1701245255791620043,3.9623316028846753,1.5096563587849494,0.7630852663346189,0.08269519114012558,-0.009763944165508968,-0.003696060971034225,0.9965202004424845
1701245255858011034,3.908049951897262,1.5791837255048233,0.7572972434413623,0.08828888937692296,-0.0054783607187712845,-0.003114156226342387,0.9960749779044862
1701245255891165760,3.8825514659935267,1.6105822486115762,0.759213185587137,0.09132841092155641,-0.0024046615096454415,-0.0029514761876213093,0.9958135506960535
1701245255957353380,3.8263579957895475,1.6673922632682487,0.7600085440108876,0.09675863279486117,0.0020299523922406126,-0.002573623209164767,0.9953024780118513
1701245255991137054,3.7987434351527565,1.6924768877681091,0.7621402087330603,0.09958615501422995,0.004140996108588177,-0.0023011664860855823,0.9950176654278625
1701245256025104549,3.770278189755528,1.7155044780848308,0.7642572667379277,0.10194676721071762,0.005231489007460911,-0.002038200949576264,0.9947740114794605
1701245256091641929,3.7155877527931294,1.755049341642736,0.7682398658385532,0.10355429679838124,0.007203933716137624,-0.0022986980049289675,0.9945950567648567
1701245256158049610,3.6576665144567944,1.7867943495701326,0.765399866816556,0.10473492859387147,0.008196940846754807,-0.0017866349562065183,0.9944647871235687
1701245256191169765,3.6307553251918114,1.7976997285751153,0.7670339597688118,0.10591874624032184,0.009448974402417222,-0.001555837212210816,0.9943286757648047
1701245256257940557,3.573226730327967,1.814618406430834,0.7680220044253805,0.10894849956028055,0.010695106530451184,-0.0008620094109846616,0.9939894848939004
1701245256291160372,3.544325304930919,1.8176108848395893,0.7710397922957812,0.11008295030655325,0.01108818433698665,-0.0008321144605658236,0.9938602033512753
1701245256325079944,3.516644544762061,1.8201140772353734,0.7736942448318187,0.11045900972143677,0.011381400517507106,-0.0004896570116941242,0.9938153908697684
1701245256391632583,3.4612616868000736,1.8161172554996536,0.7788170019016128,0.10881057241990266,0.0119455408052931,-0.00015774492091455617,0.9939907134883414
1701245256457998302,3.4029420730389313,1.8045108578811138,0.7759984365137379,0.10851609674785127,0.014104095820937064,-5.549083079969651e-05,0.9939946318509234
1701245256491159227,3.3754335108810927,1.7947847426673829,0.7767998507517088,0.10771259399526426,0.014988112253663612,0.0006738624782659894,0.9940688605399747
1701245256524957445,3.3474802802038752,1.7834559053976238,0.7775667985101629,0.10702617255487115,0.015228175187820015,0.0006838907585851964,0.9941393430310131
1701245256557946947,3.320333243804289,1.7696744653242682,0.7751210701267769,0.10675269509170625,0.014802094614938524,0.0010130914484198358,0.994174900976375
1701245256591171530,3.2917542538180045,1.7535017990915986,0.7762219048762503,0.10607238918145287,0.01504003852325171,0.0009565427349510758,0.9942442006471819
1701245256625144031,3.2641169092638105,1.7356764342679487,0.7776301625223232,0.1054406173550142,0.015314007802394882,0.0006623226985331713,0.9943074568288547
1701245256691641119,3.2097315114293523,1.6917059334771036,0.7803536941838022,0.10299882360548293,0.016900913597212942,0.0013013204109752817,0.9945370320006461
1701245256757986572,3.1557467612114998,1.639365987242634,0.7793106861381396,0.10106446015865292,0.019205468084895313,0.0012156896771654772,0.9946937453242023
1701245256791209009,3.1293167202844696,1.611092729228128,0.78003853347624,0.09922178570897329,0.02028218359789591,0.0020831393234271773,0.9948564372811703
1701245256857937601,3.074990283984932,1.5467489324642942,0.778851868640992,0.09575559364909425,0.021982584148794882,0.0013036593239359967,0.9951612596717268
1701245256891109255,3.0479296552207,1.5121367861770074,0.7790487565933562,0.0933781406106187,0.023782852876889082,0.0014716176634440989,0.9953455345288854
1701245256925057438,3.0211006028570617,1.4750670158623436,0.7792552259058338,0.09177273545259484,0.025833613714129143,0.001673287082435044,0.9954434135300495
1701245256991625335,2.968680560393569,1.3957072530153323,0.7799634128598094,0.08953993300036349,0.03153513503579933,0.0017826220936243058,0.9954822740335638
1701245257057999399,2.917401586357696,1.310857772958179,0.7787392738034796,0.08728295670030009,0.03467154723004368,0.00263810124243555,0.9955765212700444
1701245257091338184,2.8923471872621143,1.266103284426698,0.7782993250846452,0.08472366246166377,0.035418729309122064,0.003381216362414689,0.9957690404953952
1701245257157924917,2.843056275923487,1.1707235961376388,0.7760833245770573,0.07884541740567565,0.03703134883381871,0.0035160352225202538,0.9961926103189016
1701245257191164043,2.820037203038429,1.1209610837475392,0.7750865320307134,0.07604443203782342,0.0380708393014133,0.0036782460528257312,0.9963705766716046
1701245257225080517,2.796584154286798,1.0689256016247282,0.7740797091069757,0.07319296107682834,0.039081906657778234,0.0033784283684520763,0.9965460256518802
1701245257291610029,2.7516735943452955,0.9618842305007931,0.7730628292506376,0.06528797795473712,0.042596517855037846,0.003239989594581664,0.996951613203286
1701245257357990530,2.7089710025066993,0.8499116643168189,0.7702915373861282,0.0583242530198509,0.04458235883293222,0.0031608636402390543,0.9972966979448072
1701245257391186025,2.6882014023093226,0.7928127472610172,0.7699711803118244,0.055452930643397916,0.044630847751347465,0.0032857813686174605,0.9974579006418528
1701245257457949426,2.6503549487032543,0.6750397243892343,0.768259666728951,0.05087714389094821,0.04390843392908371,0.00280924461294876,0.9977352724065135
1701245257491166141,2.6322339092946847,0.6144438093872904,0.7682941450956682,0.048195094672805285,0.042385358822833445,0.002462487619923967,0.9979351934678228
1701245257525041607,2.6141412727278537,0.552478795119313,0.7679512426211402,0.04559999227399356,0.04053879179687253,0.002111477705181193,0.9981346546063623
1701245257591666487,2.5801361499702447,0.42837701644782783,0.7671653125941256,0.03827762608334475,0.037280541407296315,0.002285060305605367,0.998568857452105
1701245257657975223,2.547445632745102,0.303091183656981,0.7652813186910266,0.03064690676561268,0.0335485730561722,0.002502028386962733,0.998963963416872
1701245257691119459,2.531675089043208,0.23951101785128262,0.7639673859092533,0.0271609582817686,0.03166358687572472,0.0027941762333228647,0.9991255637759233
1701245257724938181,2.5162613467821693,0.17474743909475612,0.7628403277409668,0.0239222697028369,0.029612841671782127,0.002402385918244253,0.9992722517724019
1701245257757948663,2.5008065387548,0.11090104607350271,0.7614651543969188,0.020609504917460345,0.027505797592430676,0.0019478560547766537,0.9994072669651003
1701245257791104343,2.4865953022422502,0.047775718648257436,0.7624458246058653,0.016799644675639873,0.02573571716174107,0.001240480984892189,0.9995268410642454
1701245257825077799,2.47179984970833,-0.01704273740363369,0.7618295307609634,0.01234875178140954,0.02405953659151474,0.0011907622664330754,0.9996335474130846
1701245257891628530,2.4440617016146677,-0.14451778128551943,0.7621598091812612,0.004292590307157368,0.024274928364660622,0.0008616231018486752,0.9996957332743678
1701245257957985666,2.4161269319982908,-0.2692716476911233,0.7606883178741336,-0.001115152103332775,0.02217667780229408,0.0005383057128941482,0.9997533003818488
1701245257991318014,2.403448022580323,-0.33126463054804534,0.7607015124329516,-0.0034354608690550094,0.020790962515340006,0.0005079792582519707,0.9997778130381652
1701245258057939079,2.3771807918013366,-0.45464935058747186,0.7571548568113337,-0.00799311059410809,0.017727387450405023,0.00037612295330004904,0.9998108363329223
1701245258091241863,2.365612240034971,-0.5157609681160208,0.7582421858348751,-0.010626878678040345,0.0158285492072681,0.0006942409024945566,0.9998180056935986
1701245258125069645,2.353497084306644,-0.5768747472975372,0.7571403011857541,-0.012963311076378057,0.013979047366488818,-3.834763574831194e-05,0.9998182521489201
1701245258191607263,2.3284305637309837,-0.6964606311436622,0.7565003587418143,-0.017608384315085282,0.008987648728411693,-0.00046214878504130893,0.9998044575769042
1701245258257970836,2.303632315435897,-0.8115721682504707,0.7541223304361587,-0.023397254632311536,0.001725535780710837,-0.00011349171537645735,0.999724751179829
1701245258291166332,2.2920562778526428,-0.8671600395471144,0.7569512281838617,-0.02651263880439614,-0.0002841807718449684,0.0002145485431544983,0.99964841479084
1701245258357916382,2.2656214666251855,-0.9763381152985884,0.7552355837161344,-0.03237445638161074,-0.0032683939201216274,2.661519889821457e-06,0.9994704658808555
1701245258391168859,2.251982616080732,-1.0293860265584172,0.7574244523677811,-0.035437810709137325,-0.005625975361668543,-0.0004487110724913562,0.9993559469136845
1701245258425069835,2.23767279404161,-1.0818375345155855,0.7566341835372953,-0.038643333904002125,-0.00828622765309293,1.785318377988366e-05,0.9992187102218056
1701245258491638687,2.206795669165599,-1.1821262902666607,0.7561407995191648,-0.044448596013222375,-0.010960439919245224,0.00040109602284835785,0.9989514653831839
1701245258557985571,2.174029793205882,-1.2757698113043352,0.7526248304016874,-0.05064250237005991,-0.012741947051464508,0.00037486972250625893,0.9986354886602656
1701245258591148641,2.1576468765419614,-1.3218008354502393,0.7559210789624172,-0.05450640281099913,-0.01306460649160523,0.000657382049851856,0.9984277319659471
1701245258657918718,2.1207560307992743,-1.4076340219799293,0.7542249730549467,-0.06069451201179442,-0.014061668203793688,0.0008187860709391961,0.9980570000197116
1701245258691184309,2.1026082471093654,-1.4472754380643458,0.7585429236503666,-0.06425354655839563,-0.014469482191887,0.000912857821047715,0.9978282830880099
1701245258725040939,2.0826246163041437,-1.485174237121204,0.7586565653733398,-0.06709144857234982,-0.014256489439739298,0.0005132683474843786,0.997644839906929
1701245258791602876,2.0413391491866966,-1.5571775207596754,0.7601155152278692,-0.07137865913863765,-0.013495332694468816,0.000951043216713374,0.9973575379631097
1701245258857970264,1.99794669420156,-1.6211421005123143,0.7573290229608014,-0.07543966689162185,-0.012580125206217405,0.00027234093565845174,0.9970709718668436
1701245258891188886,1.9751200196626988,-1.649891719339198,0.7610375991744868,-0.07729527925274883,-0.010772894616262222,0.00041193473028759,0.9969499560442362
1701245258957932260,1.9287069583991092,-1.7027465349386186,0.7583128115269095,-0.0802187737567916,-0.006373124169647155,3.5418501289621045e-05,0.9967569063572145
1701245258991109636,1.9059513657386815,-1.7256850379778155,0.7599140733835271,-0.08190564293754356,-0.005317674529667682,0.0005059807114642189,0.9966257732850902
1701245259025067594,1.8814722346159676,-1.7468604366291698,0.7590601528149593,-0.08444598295100997,-0.003962750216168183,0.000524268983630769,0.9964200408041756
1701245259091605690,1.8314651772209105,-1.784354913597157,0.7613314527823705,-0.08754233561548934,-0.0009184262607255203,-0.00017108510539350224,0.9961603619388173
1701245259157970455,1.7812723770543446,-1.8129686510058192,0.7599793653036945,-0.09022130584579892,0.00028847619649207946,0.0008955964651047758,0.9959212974226099
1701245259191143062,1.755363379571795,-1.8240847564818696,0.7640953460064324,-0.09106471248889023,-0.0009597699353309405,-8.457735593277007e-05,0.9958445108688696
1701245259224958446,1.7290824406897969,-1.8321791454957093,0.7651945962675146,-0.09204564398194912,-0.00187119800393295,-0.00023376222909539214,0.9957530032077225
1701245259257913378,1.703597541032333,-1.838662070746345,0.764686175854595,-0.09250106637733627,-0.0026459594884921524,-0.0007875598645509055,0.9957087583058114
1701245259291104582,1.6761669807564403,-1.843636684258569,0.7662784034530025,-0.09329925005752941,-0.00303230652815383,-0.0009922298998945994,0.9956329999229876
1701245259325018671,1.6484399216015522,-1.8457552442856704,0.7657880747971991,-0.09395539252296822,-0.0025742932893330073,-0.0008589483232136035,0.9955727092672306
1701245259391635921,1.5941931578724493,-1.844676746699942,0.765863537165327,-0.0940024959263134,-0.004186618761166615,-0.0013920756777735038,0.9955621854551727
1701245259457967785,1.5389459789734181,-1.8353967833788236,0.7642967516491701,-0.09302469072745562,-0.006551782951314625,-0.0012817221420091851,0.9956414205142186
1701245259491141823,1.5099763133552757,-1.82714027956821,0.767379576280538,-0.09202179335579116,-0.0069966300367832815,-0.001492913420882715,0.9957312930330303
1701245259524979856,1.481425969772624,-1.8166733591648219,0.7681148711358283,-0.09161065672183114,-0.007173790866257008,-0.0012195144831366076,0.9957683149628871
1701245259557914284,1.4532769303619355,-1.805017673509322,0.7680036400654695,-0.09110442377625959,-0.007240527486998757,-0.0010774189383995511,0.9958144394908808
1701245259591099050,1.4223143183573657,-1.790881978865291,0.769518342361301,-0.09048576165388947,-0.008244790960468878,-0.0010862121857576085,0.995863027982775
1701245259625040796,1.3910873650708004,-1.7748145848282568,0.7710090240482178,-0.08918812839326587,-0.00973537833056932,-0.0006577207606811963,0.9959670012434488
1701245259691649225,1.3296526615661413,-1.7369920633642033,0.7735696911725612,-0.08389093434603742,-0.012756102150515437,-0.0008151843884087012,0.9963929588605529
1701245259757961538,1.2678953624866278,-1.6937307164958628,0.7730369872800902,-0.07775234731551224,-0.010804915081966338,-0.0012108971053037864,0.9969134165137913
1701245259791160372,1.2349440666154812,-1.6699351127711755,0.7744605393782364,-0.07465312633701775,-0.006048612149532132,-0.0012626134067504338,0.9971904185392874
1701245259857939270,1.1707715074197507,-1.6155098227087152,0.7726482064452114,-0.06897720002489816,0.001790166014674323,-0.002059664509469362,0.9976145041871001
1701245259891091135,1.1370746987043,-1.584510438692165,0.7707529582573923,-0.06600325018330815,0.0037954557792795997,-0.0023874041094509887,0.997809333381025
1701245259925037411,1.1035271067176393,-1.5522273602227816,0.7718381610482985,-0.06241520822562656,0.004772156969398648,-0.0027994873735342953,0.9980349348446961
1701245259991630342,1.0387444355872166,-1.4862186809532592,0.7722021646277456,-0.053638735929064235,0.007111232552927861,-0.002931422674632109,0.9985307822699373
1701245260057967451,0.974317360612813,-1.4167369551410165,0.7714880666550827,-0.04343996429564804,0.012616504686904473,-0.0028511498936774084,0.9989723040483965
1701245260091131714,0.9432345611292476,-1.3804202950295927,0.7707396898226468,-0.03829289372809714,0.014507861332247454,-0.003177157559456961,0.9991561849477465
1701245260124924209,0.910010980131784,-1.3424861584361074,0.7727415789998568,-0.03303982253255008,0.015814427073780626,-0.0035596832091946374,0.9993225718849724
1701245260157961157,0.8789512282722929,-1.3047962379490063,0.7720076195439702,-0.027849025495257997,0.015902984727086063,-0.0032370287624500695,0.9994803892525984
1701245260191102054,0.8472274909193519,-1.2666260784278351,0.7711398444446438,-0.02229695376352137,0.01572385061431667,-0.00261436525213328,0.9996243151649796
1701245260225039270,0.8149906691800959,-1.2270883793861425,0.7706528925101068,-0.016560628863461168,0.016539255937007908,-0.0021962003111326797,0.9997236494596345
1701245260291619089,0.7540743205948898,-1.1492411374521312,0.7680053739131303,-0.007676547444507826,0.019651130861573638,-0.0022955452199301877,0.9997747917142824
1701245260357994106,0.694421492789758,-1.0715728910263524,0.7659776455845864,-0.0012375732850827385,0.022533503686432803,-0.0011192070998993948,0.9997446959096333
1701245260384328573,0.6712954815871016,-1.0409517888239967,0.7652357098499569,0.000655712848548446,0.023440099730112927,-0.001260295597019317,0.9997242336866256
